"ts","value","cpu"
1425536223938547,1555200.000000,0
1425536223939015,1555200.000000,1
1425536223939484,1555200.000000,2
1425536223939901,1555200.000000,3
1425536223940265,1555200.000000,4
1425536223940734,1555200.000000,5
1425536240863859,1996800.000000,0
1425536240864432,1996800.000000,1
1425536240864797,1996800.000000,2
1425536240865213,1996800.000000,3
1425536240865526,1996800.000000,4
1425536240865890,1996800.000000,5
1425536256856463,2745600.000000,0
1425536256857297,2745600.000000,1
1425536256857609,2745600.000000,2
1425536256857922,2745600.000000,3
1425536256858182,2745600.000000,4
1425536256858390,2745600.000000,5
1425536349435682,556800.000000,0
1425536349436984,556800.000000,1
1425536349437922,556800.000000,2
1425536349438963,556800.000000,3
1425536349440057,556800.000000,4
1425536349441047,556800.000000,5
1425536381197922,2745600.000000,0
1425536381199484,2745600.000000,1
1425536381200838,2745600.000000,2
1425536381201984,2745600.000000,3
1425536381203234,2745600.000000,4
1425536381204588,2745600.000000,5
1425536384907453,1363200.000000,0
1425536384908078,1363200.000000,1
1425536384908390,1363200.000000,2
1425536384908859,1363200.000000,3
1425536384909328,1363200.000000,4
1425536384909901,1363200.000000,5
1425536396831984,1996800.000000,0
1425536396832609,1996800.000000,1
1425536396833182,1996800.000000,2
1425536396833703,1996800.000000,3
1425536396834172,1996800.000000,4
1425536396834640,1996800.000000,5
1425536399594901,2745600.000000,0
1425536399595213,2745600.000000,1
1425536399595526,2745600.000000,2
1425536399595734,2745600.000000,3
1425536399596047,2745600.000000,4
1425536399596359,2745600.000000,5
1425536402828390,1555200.000000,0
1425536402828651,1555200.000000,1
1425536402828859,1555200.000000,2
1425536402829015,1555200.000000,3
1425536402829172,1555200.000000,4
1425536402829432,1555200.000000,5
1425536403882922,2227200.000000,0
1425536403883338,2227200.000000,1
1425536403883703,2227200.000000,2
1425536403884119,2227200.000000,3
1425536403884432,2227200.000000,4
1425536403886515,2227200.000000,5
1425536403910890,1555200.000000,0
1425536403911359,1555200.000000,1
1425536403911828,1555200.000000,2
1425536403912297,1555200.000000,3
1425536403912713,1555200.000000,4
1425536403913182,1555200.000000,5
1425536404828859,2227200.000000,0
1425536404829328,2227200.000000,1
1425536404829640,2227200.000000,2
1425536404830057,2227200.000000,3
1425536404830422,2227200.000000,4
1425536404830734,2227200.000000,5
1425536416858390,1785600.000000,0
1425536416858703,1785600.000000,1
1425536416859015,1785600.000000,2
1425536416859276,1785600.000000,3
1425536416859484,1785600.000000,4
1425536416859797,1785600.000000,5
1425536428901932,1996800.000000,0
1425536428902244,1996800.000000,1
1425536428902557,1996800.000000,2
1425536428902765,1996800.000000,3
1425536428903078,1996800.000000,4
1425536428903494,1996800.000000,5
1425536430742765,2227200.000000,0
1425536430743182,2227200.000000,1
1425536430743494,2227200.000000,2
1425536430743859,2227200.000000,3
1425536430744172,2227200.000000,4
1425536430744588,2227200.000000,5
1425536446732453,2745600.000000,0
1425536446732765,2745600.000000,1
1425536446733026,2745600.000000,2
1425536446733234,2745600.000000,3
1425536446733494,2745600.000000,4
1425536446733703,2745600.000000,5
1425536560866672,3283200.000000,6
1425536560866828,3283200.000000,7
1425536560881515,556800.000000,0
1425536560881828,556800.000000,1
1425536560881984,556800.000000,2
1425536560882140,556800.000000,3
1425536560882401,556800.000000,4
1425536560882609,556800.000000,5
1425536564886724,3840000.000000,6
1425536564887296,3840000.000000,7
1425536604561515,1363200.000000,0
1425536604562713,1363200.000000,1
1425536604563651,1363200.000000,2
1425536604564640,1363200.000000,3
1425536604565734,1363200.000000,4
1425536604566776,1363200.000000,5
1425536605332453,1152000.000000,0
1425536605333026,1152000.000000,1
1425536605333390,1152000.000000,2
1425536605333859,1152000.000000,3
1425536605334276,1152000.000000,4
1425536605334744,1152000.000000,5
1425536606732609,1363200.000000,0
1425536606733078,1363200.000000,1
1425536606733703,1363200.000000,2
1425536606734171,1363200.000000,3
1425536606734640,1363200.000000,4
1425536606735109,1363200.000000,5
1425536624178026,2649600.000000,6
1425536624178703,2649600.000000,7
1425536631267609,1555200.000000,0
1425536631268078,1555200.000000,1
1425536631268546,1555200.000000,2
1425536631269015,1555200.000000,3
1425536631269328,1555200.000000,4
1425536631269796,1555200.000000,5
1425536631335994,1363200.000000,0
1425536631336463,1363200.000000,1
1425536631336776,1363200.000000,2
1425536631337140,1363200.000000,3
1425536631337453,1363200.000000,4
1425536631337869,1363200.000000,5
1425536631345213,2227200.000000,0
1425536631345578,2227200.000000,1
1425536631346046,2227200.000000,2
1425536631346463,2227200.000000,3
1425536631346828,2227200.000000,4
1425536631347296,2227200.000000,5
1425536640851359,1555200.000000,0
1425536640851776,1555200.000000,1
1425536640852140,1555200.000000,2
1425536640852453,1555200.000000,3
1425536640852765,1555200.000000,4
1425536640853182,1555200.000000,5
1425536640856828,1017600.000000,6
1425536640857296,1017600.000000,7
1425536656854328,2227200.000000,0
1425536656856151,2227200.000000,1
1425536656856515,2227200.000000,2
1425536656856984,2227200.000000,3
1425536656857453,2227200.000000,4
1425536656857921,2227200.000000,5
1425536665044953,1555200.000000,0
1425536665045213,1555200.000000,1
1425536665045421,1555200.000000,2
1425536665045734,1555200.000000,3
1425536665045890,1555200.000000,4
1425536665046203,1555200.000000,5
1425536665064796,2227200.000000,0
1425536665065213,2227200.000000,1
1425536665065578,2227200.000000,2
1425536665065890,2227200.000000,3
1425536665066307,2227200.000000,4
1425536665066671,2227200.000000,5
1425536665095109,1555200.000000,0
1425536665095578,1555200.000000,1
1425536665095994,1555200.000000,2
1425536665096359,1555200.000000,3
1425536665096671,1555200.000000,4
1425536665097140,1555200.000000,5
1425536665104328,2227200.000000,0
1425536665104640,2227200.000000,1
1425536665105057,2227200.000000,2
1425536665105421,2227200.000000,3
1425536665105734,2227200.000000,4
1425536665106151,2227200.000000,5
1425536670937296,2745600.000000,0
1425536670937609,2745600.000000,1
1425536670937765,2745600.000000,2
1425536670938078,2745600.000000,3
1425536670938338,2745600.000000,4
1425536670938546,2745600.000000,5
1425536684822609,3072000.000000,0
1425536684822921,3072000.000000,1
1425536684823182,3072000.000000,2
1425536684823390,3072000.000000,3
1425536684823703,3072000.000000,4
1425536684823963,3072000.000000,5
1425536688823234,2745600.000000,0
1425536688823546,2745600.000000,1
1425536688823703,2745600.000000,2
1425536688823963,2745600.000000,3
1425536688824119,2745600.000000,4
1425536688824328,2745600.000000,5
1425536692848078,3283200.000000,6
1425536692848338,3283200.000000,7
1425536704847296,3532800.000000,0
1425536704847713,3532800.000000,1
1425536704847921,3532800.000000,2
1425536704848078,3532800.000000,3
1425536704848338,3532800.000000,4
1425536704848546,3532800.000000,5
1425536704851359,1958400.000000,6
1425536704851671,1958400.000000,7
1425536708817088,2745600.000000,0
1425536708817244,2745600.000000,1
1425536708817401,2745600.000000,2
1425536708817557,2745600.000000,3
1425536708817713,2745600.000000,4
1425536708817869,2745600.000000,5
1425536712848026,3283200.000000,6
1425536712848234,3283200.000000,7
1425536719804901,556800.000000,0
1425536719805109,556800.000000,1
1425536719805369,556800.000000,2
1425536719805578,556800.000000,3
1425536719805734,556800.000000,4
1425536719805994,556800.000000,5
1425536719808546,3840000.000000,6
1425536719809484,3840000.000000,7
1425536728820786,4473600.000000,6
1425536728821099,4473600.000000,7
1425536732815786,3840000.000000,6
1425536732816046,3840000.000000,7
1425536736815942,4473600.000000,6
1425536736816099,4473600.000000,7
1425536740816255,4089600.000000,6
1425536740816359,4089600.000000,7
1425536744814224,3840000.000000,6
1425536744814484,3840000.000000,7
1425536748812817,4089600.000000,6
1425536748812974,4089600.000000,7
1425536751691099,1152000.000000,0
1425536751691255,1152000.000000,1
1425536751691359,1152000.000000,2
1425536751691411,1152000.000000,3
1425536751691567,1152000.000000,4
1425536751691724,1152000.000000,5
1425536752816099,3840000.000000,6
1425536752816203,3840000.000000,7
1425536753993755,556800.000000,0
1425536753993911,556800.000000,1
1425536753994067,556800.000000,2
1425536753994224,556800.000000,3
1425536753994328,556800.000000,4
1425536753994484,556800.000000,5
1425536755772453,1555200.000000,0
1425536755773703,1555200.000000,1
1425536755774744,1555200.000000,2
1425536755775734,1555200.000000,3
1425536755776776,1555200.000000,4
1425536755777921,1555200.000000,5
1425536758716411,556800.000000,0
1425536758716567,556800.000000,1
1425536758716671,556800.000000,2
1425536758716828,556800.000000,3
1425536758716880,556800.000000,4
1425536758717036,556800.000000,5
1425536758856671,2745600.000000,0
1425536758857921,2745600.000000,1
1425536758858963,2745600.000000,2
1425536758859953,2745600.000000,3
1425536758861046,2745600.000000,4
1425536758861984,2745600.000000,5
1425536758934119,1152000.000000,0
1425536758935109,1152000.000000,1
1425536758936046,1152000.000000,2
1425536758937088,1152000.000000,3
1425536758938078,1152000.000000,4
1425536758938703,1152000.000000,5
1425536764814484,4473600.000000,6
1425536764814536,4473600.000000,7
1425536767088703,556800.000000,0
1425536767089328,556800.000000,1
1425536767089796,556800.000000,2
1425536767090265,556800.000000,3
1425536767090890,556800.000000,4
1425536767091828,556800.000000,5
1425536772829015,3840000.000000,6
1425536772829067,3840000.000000,7
1425536776814796,4473600.000000,6
1425536776815005,4473600.000000,7
1425536780815005,3840000.000000,6
1425536780815161,3840000.000000,7
1425536781213182,2745600.000000,0
1425536781214328,2745600.000000,1
1425536781215265,2745600.000000,2
1425536781216203,2745600.000000,3
1425536781217296,2745600.000000,4
1425536781218234,2745600.000000,5
1425536782916984,556800.000000,0
1425536782917140,556800.000000,1
1425536782917401,556800.000000,2
1425536782917609,556800.000000,3
1425536782917765,556800.000000,4
1425536782918026,556800.000000,5
1425536792815786,4089600.000000,6
1425536792815942,4089600.000000,7
1425536796817036,3840000.000000,6
1425536796817192,3840000.000000,7
1425536797960161,748800.000000,0
1425536797960265,748800.000000,1
1425536797960421,748800.000000,2
1425536797960473,748800.000000,3
1425536797960630,748800.000000,4
1425536797960786,748800.000000,5
1425536798803078,1363200.000000,0
1425536798803963,1363200.000000,1
1425536798804796,1363200.000000,2
1425536798805682,1363200.000000,3
1425536798806359,1363200.000000,4
1425536798807140,1363200.000000,5
1425536804813390,4473600.000000,6
1425536804813546,4473600.000000,7
1425536812811880,1555200.000000,0
1425536812811984,1555200.000000,1
1425536812812453,1555200.000000,2
1425536812812505,1555200.000000,3
1425536812812661,1555200.000000,4
1425536812812817,1555200.000000,5
1425536813529796,1785600.000000,0
1425536813529953,1785600.000000,1
1425536813530005,1785600.000000,2
1425536813530161,1785600.000000,3
1425536813530786,1785600.000000,4
1425536813530890,1785600.000000,5
1425536813726255,1996800.000000,0
1425536813726411,1996800.000000,1
1425536813726567,1996800.000000,2
1425536813726671,1996800.000000,3
1425536813726723,1996800.000000,4
1425536813726880,1996800.000000,5
1425536813746255,2400000.000000,0
1425536813746359,2400000.000000,1
1425536813746515,2400000.000000,2
1425536813746567,2400000.000000,3
1425536813746723,2400000.000000,4
1425536813746880,2400000.000000,5
1425536814160786,1785600.000000,0
1425536814160942,1785600.000000,1
1425536814161046,1785600.000000,2
1425536814161098,1785600.000000,3
1425536814161255,1785600.000000,4
1425536814161411,1785600.000000,5
1425536814329276,2227200.000000,0
1425536814329640,2227200.000000,1
1425536814329901,2227200.000000,2
1425536814330265,2227200.000000,3
1425536814330578,2227200.000000,4
1425536814330890,2227200.000000,5
1425536814371411,2745600.000000,0
1425536814371515,2745600.000000,1
1425536814371671,2745600.000000,2
1425536814371723,2745600.000000,3
1425536814371880,2745600.000000,4
1425536814371984,2745600.000000,5
1425536814476515,1017600.000000,6
1425536814476567,1017600.000000,7
1425536827356046,2649600.000000,6
1425536827356359,2649600.000000,7
1425536827658130,3283200.000000,6
1425536827658390,3283200.000000,7
1425536828883234,3532800.000000,0
1425536828883546,3532800.000000,1
1425536828883703,3532800.000000,2
1425536828883859,3532800.000000,3
1425536828884171,3532800.000000,4
1425536828884328,3532800.000000,5
1425536831471151,1017600.000000,6
1425536831471307,1017600.000000,7
1425536832818390,2745600.000000,0
1425536832818546,2745600.000000,1
1425536832818703,2745600.000000,2
1425536832818859,2745600.000000,3
1425536832819015,2745600.000000,4
1425536832819171,2745600.000000,5
1425536952821828,3532800.000000,0
1425536952822140,3532800.000000,1
1425536952822401,3532800.000000,2
1425536952822609,3532800.000000,3
1425536952822921,3532800.000000,4
1425536952823182,3532800.000000,5
1425536964823338,2745600.000000,0
1425536964823703,2745600.000000,1
1425536964823859,2745600.000000,2
1425536964824015,2745600.000000,3
1425536964824171,2745600.000000,4
1425536964824328,2745600.000000,5
1425537136073078,3532800.000000,0
1425537136073390,3532800.000000,1
1425537136073703,3532800.000000,2
1425537136073963,3532800.000000,3
1425537136074171,3532800.000000,4
1425537136074484,3532800.000000,5
1425538740882400,3321600.000000,0
1425538740882556,3321600.000000,1
1425538740884327,3321600.000000,2
1425538740884483,3321600.000000,3
1425538740884639,3321600.000000,4
1425538740884900,3321600.000000,5
1425538740891306,3532800.000000,0
1425538740891514,3532800.000000,1
1425538740891671,3532800.000000,2
1425538740891827,3532800.000000,3
1425538740891983,3532800.000000,4
1425538740892139,3532800.000000,5
1425538745183025,3321600.000000,0
1425538745183181,3321600.000000,1
1425538745183337,3321600.000000,2
1425538745183494,3321600.000000,3
1425538745183702,3321600.000000,4
1425538745183858,3321600.000000,5
1425538748837608,3532800.000000,0
1425538748837921,3532800.000000,1
1425538748838077,3532800.000000,2
1425538748838337,3532800.000000,3
1425538748838546,3532800.000000,4
1425538748838702,3532800.000000,5
1425538751001983,1785600.000000,0
1425538751002244,1785600.000000,1
1425538751002452,1785600.000000,2
1425538751002608,1785600.000000,3
1425538751002764,1785600.000000,4
1425538751003025,1785600.000000,5
1425538752895056,3532800.000000,0
1425538752895525,3532800.000000,1
1425538752895889,3532800.000000,2
1425538752896306,3532800.000000,3
1425538752896671,3532800.000000,4
1425538752897087,3532800.000000,5
1425538756832921,1785600.000000,0
1425538756833077,1785600.000000,1
1425538756833337,1785600.000000,2
1425538756833494,1785600.000000,3
1425538756833702,1785600.000000,4
1425538756833858,1785600.000000,5
1425538756868650,3532800.000000,0
1425538756869014,3532800.000000,1
1425538756869275,3532800.000000,2
1425538756869639,3532800.000000,3
1425538756869952,3532800.000000,4
1425538756870264,3532800.000000,5
1425538760859639,1785600.000000,0
1425538760859796,1785600.000000,1
1425538760859952,1785600.000000,2
1425538760860108,1785600.000000,3
1425538760860264,1785600.000000,4
1425538760860421,1785600.000000,5
1425538760888389,3532800.000000,0
1425538760888806,3532800.000000,1
1425538760889171,3532800.000000,2
1425538760889587,3532800.000000,3
1425538760889952,3532800.000000,4
1425538760890421,3532800.000000,5
1425538760943962,1785600.000000,0
1425538760944275,1785600.000000,1
1425538760944587,1785600.000000,2
1425538760944900,1785600.000000,3
1425538760945212,1785600.000000,4
1425538760945577,1785600.000000,5
1425538763229171,3532800.000000,0
1425538763229587,3532800.000000,1
1425538763229952,3532800.000000,2
1425538763230369,3532800.000000,3
1425538763230733,3532800.000000,4
1425538763231202,3532800.000000,5
1425538763277921,2745600.000000,0
1425538763278233,2745600.000000,1
1425538763278546,2745600.000000,2
1425538763278858,2745600.000000,3
1425538763279171,2745600.000000,4
1425538763279587,2745600.000000,5
1425538764332608,3532800.000000,0
1425538764332921,3532800.000000,1
1425538764333077,3532800.000000,2
1425538764333337,3532800.000000,3
1425538764333546,3532800.000000,4
1425538764333702,3532800.000000,5
1425538766739483,1785600.000000,0
1425538766739639,1785600.000000,1
1425538766739796,1785600.000000,2
1425538766739952,1785600.000000,3
1425538766740108,1785600.000000,4
1425538766740264,1785600.000000,5
1425538766802296,3321600.000000,0
1425538766802712,3321600.000000,1
1425538766803025,3321600.000000,2
1425538766803337,3321600.000000,3
1425538766803650,3321600.000000,4
1425538766803962,3321600.000000,5
1425538766838494,1785600.000000,0
1425538766838858,1785600.000000,1
1425538766839171,1785600.000000,2
1425538766839483,1785600.000000,3
1425538766839796,1785600.000000,4
1425538766840108,1785600.000000,5
1425538768524952,1555200.000000,0
1425538768525264,1555200.000000,1
1425538768525577,1555200.000000,2
1425538768525889,1555200.000000,3
1425538768526202,1555200.000000,4
1425538768526514,1555200.000000,5
1425538768610212,3321600.000000,0
1425538768610681,3321600.000000,1
1425538768611150,3321600.000000,2
1425538768611619,3321600.000000,3
1425538768611983,3321600.000000,4
1425538768612452,3321600.000000,5
1425538772840577,1555200.000000,0
1425538772840837,1555200.000000,1
1425538772841046,1555200.000000,2
1425538772841306,1555200.000000,3
1425538772841514,1555200.000000,4
1425538772841671,1555200.000000,5
1425538772854431,3321600.000000,0
1425538772854796,3321600.000000,1
1425538772855212,3321600.000000,2
1425538772855577,3321600.000000,3
1425538772855889,3321600.000000,4
1425538772856306,3321600.000000,5
1425538782998806,2400000.000000,0
1425538782999014,2400000.000000,1
1425538782999171,2400000.000000,2
1425538782999327,2400000.000000,3
1425538782999483,2400000.000000,4
1425538782999639,2400000.000000,5
1425538783013389,1555200.000000,0
1425538783013702,1555200.000000,1
1425538783013962,1555200.000000,2
1425538783014171,1555200.000000,3
1425538783014327,1555200.000000,4
1425538783014639,1555200.000000,5
1425538783088389,3532800.000000,0
1425538783088806,3532800.000000,1
1425538783089171,3532800.000000,2
1425538783089483,3532800.000000,3
1425538783089900,3532800.000000,4
1425538783090212,3532800.000000,5
1425538783190889,2400000.000000,0
1425538783191358,2400000.000000,1
1425538783191775,2400000.000000,2
1425538783192139,2400000.000000,3
1425538783192452,2400000.000000,4
1425538783192764,2400000.000000,5
1425538784736202,1555200.000000,0
1425538784736514,1555200.000000,1
1425538784736671,1555200.000000,2
1425538784736983,1555200.000000,3
1425538784737139,1555200.000000,4
1425538784737452,1555200.000000,5
1425538784804171,2745600.000000,0
1425538784804587,2745600.000000,1
1425538784804952,2745600.000000,2
1425538784805264,2745600.000000,3
1425538784805681,2745600.000000,4
1425538784806046,2745600.000000,5
1425538784956150,3532800.000000,0
1425538784956358,3532800.000000,1
1425538784956671,3532800.000000,2
1425538784956931,3532800.000000,3
1425538784957139,3532800.000000,4
1425538784957400,3532800.000000,5
1425538784987296,2745600.000000,0
1425538784987608,2745600.000000,1
1425538784987869,2745600.000000,2
1425538784988181,2745600.000000,3
1425538784988389,2745600.000000,4
1425538784988702,2745600.000000,5
1425538788875577,3532800.000000,0
1425538788875837,3532800.000000,1
1425538788876046,3532800.000000,2
1425538788876202,3532800.000000,3
1425538788876462,3532800.000000,4
1425538788876671,3532800.000000,5
1425538812893025,3072000.000000,0
1425538812893233,3072000.000000,1
1425538812893389,3072000.000000,2
1425538812893546,3072000.000000,3
1425538812893702,3072000.000000,4
1425538812893858,3072000.000000,5
1425538816929275,1555200.000000,0
1425538816929483,1555200.000000,1
1425538816929639,1555200.000000,2
1425538816929796,1555200.000000,3
1425538816930056,1555200.000000,4
1425538816930212,1555200.000000,5
1425538816968025,3532800.000000,0
1425538816968546,3532800.000000,1
1425538816968962,3532800.000000,2
1425538816969483,3532800.000000,3
1425538816969900,3532800.000000,4
1425538816970369,3532800.000000,5
1425538832873806,2400000.000000,0
1425538832873962,2400000.000000,1
1425538832874119,2400000.000000,2
1425538832874275,2400000.000000,3
1425538832874431,2400000.000000,4
1425538832874587,2400000.000000,5
1425538832937921,3532800.000000,0
1425538832938181,3532800.000000,1
1425538832938389,3532800.000000,2
1425538832938546,3532800.000000,3
1425538832938858,3532800.000000,4
1425538832939119,3532800.000000,5
1425538836858077,2400000.000000,0
1425538836858337,2400000.000000,1
1425538836858494,2400000.000000,2
1425538836858702,2400000.000000,3
1425538836858858,2400000.000000,4
1425538836859014,2400000.000000,5
1425538836879952,3532800.000000,0
1425538836880264,3532800.000000,1
1425538836880577,3532800.000000,2
1425538836880837,3532800.000000,3
1425538836881150,3532800.000000,4
1425538836881619,3532800.000000,5
1425538841060889,2400000.000000,0
1425538841061046,2400000.000000,1
1425538841061202,2400000.000000,2
1425538841061358,2400000.000000,3
1425538841061514,2400000.000000,4
1425538841061775,2400000.000000,5
1425538844890212,3532800.000000,0
1425538844890577,3532800.000000,1
1425538844890837,3532800.000000,2
1425538844891150,3532800.000000,3
1425538844891462,3532800.000000,4
1425538844891775,3532800.000000,5
1425538844904327,2400000.000000,0
1425538844904639,2400000.000000,1
1425538844904900,2400000.000000,2
1425538844905108,2400000.000000,3
1425538844905369,2400000.000000,4
1425538844905577,2400000.000000,5
1425538845809171,1996800.000000,0
1425538845809431,1996800.000000,1
1425538845809639,1996800.000000,2
1425538845809952,1996800.000000,3
1425538845810212,1996800.000000,4
1425538845810421,1996800.000000,5
1425538845869171,3532800.000000,0
1425538845869431,3532800.000000,1
1425538845869744,3532800.000000,2
1425538845869952,3532800.000000,3
1425538845870264,3532800.000000,4
1425538845870577,3532800.000000,5
1425538847026827,2400000.000000,0
1425538847026983,2400000.000000,1
1425538847027139,2400000.000000,2
1425538847027296,2400000.000000,3
1425538847027452,2400000.000000,4
1425538847027608,2400000.000000,5
1425538848899483,3321600.000000,0
1425538848899744,3321600.000000,1
1425538848899952,3321600.000000,2
1425538848900108,3321600.000000,3
1425538848900421,3321600.000000,4
1425538848900577,3321600.000000,5
1425538852896306,3532800.000000,0
1425538852896514,3532800.000000,1
1425538852896671,3532800.000000,2
1425538852896983,3532800.000000,3
1425538852897139,3532800.000000,4
1425538852897400,3532800.000000,5
1425538864857764,1996800.000000,0
1425538864857921,1996800.000000,1
1425538864858181,1996800.000000,2
1425538864858337,1996800.000000,3
1425538864858546,1996800.000000,4
1425538864858702,1996800.000000,5
1425538864949952,3532800.000000,0
1425538864950369,3532800.000000,1
1425538864950733,3532800.000000,2
1425538864951046,3532800.000000,3
1425538864951462,3532800.000000,4
1425538864951775,3532800.000000,5
1425538880164431,2745600.000000,0
1425538880164639,2745600.000000,1
1425538880164796,2745600.000000,2
1425538880164952,2745600.000000,3
1425538880165108,2745600.000000,4
1425538880165264,2745600.000000,5
1425538880878858,3532800.000000,0
1425538880879171,3532800.000000,1
1425538880879327,3532800.000000,2
1425538880879483,3532800.000000,3
1425538880879744,3532800.000000,4
1425538880879952,3532800.000000,5
1425538895105108,2400000.000000,0
1425538895105264,2400000.000000,1
1425538895105421,2400000.000000,2
1425538895105577,2400000.000000,3
1425538895105733,2400000.000000,4
1425538895105889,2400000.000000,5
1425538895192400,3532800.000000,0
1425538895192608,3532800.000000,1
1425538895192921,3532800.000000,2
1425538895193077,3532800.000000,3
1425538895193337,3532800.000000,4
1425538895193546,3532800.000000,5
1425538912852764,1996800.000000,0
1425538912852921,1996800.000000,1
1425538912853077,1996800.000000,2
1425538912853233,1996800.000000,3
1425538912853389,1996800.000000,4
1425538912853546,1996800.000000,5
1425538912939744,3532800.000000,0
1425538912939952,3532800.000000,1
1425538912940264,3532800.000000,2
1425538912940577,3532800.000000,3
1425538912940889,3532800.000000,4
1425538912941202,3532800.000000,5
1425538928860056,2745600.000000,0
1425538928860212,2745600.000000,1
1425538928860369,2745600.000000,2
1425538928860525,2745600.000000,3
1425538928860733,2745600.000000,4
1425538928860837,2745600.000000,5
1425538928883546,1555200.000000,0
1425538928883806,1555200.000000,1
1425538928884014,1555200.000000,2
1425538928884327,1555200.000000,3
1425538928884587,1555200.000000,4
1425538928884796,1555200.000000,5
1425538928913389,3532800.000000,0
1425538928913546,3532800.000000,1
1425538928913806,3532800.000000,2
1425538928914014,3532800.000000,3
1425538928914327,3532800.000000,4
1425538928914639,3532800.000000,5
1425538944870421,2745600.000000,0
1425538944870681,2745600.000000,1
1425538944870837,2745600.000000,2
1425538944870994,2745600.000000,3
1425538944871150,2745600.000000,4
1425538944871306,2745600.000000,5
1425538944929483,3532800.000000,0
1425538944929639,3532800.000000,1
1425538944929952,3532800.000000,2
1425538944930108,3532800.000000,3
1425538944930369,3532800.000000,4
1425538944930577,3532800.000000,5
1425538952944900,2745600.000000,0
1425538952945056,2745600.000000,1
1425538952945212,2745600.000000,2
1425538952945369,2745600.000000,3
1425538952945577,2745600.000000,4
1425538952945733,2745600.000000,5
1425538952977452,3532800.000000,0
1425538952977712,3532800.000000,1
1425538952977921,3532800.000000,2
1425538952978233,3532800.000000,3
1425538952978494,3532800.000000,4
1425538952978702,3532800.000000,5
1425538957399900,1555200.000000,0
1425538957400056,1555200.000000,1
1425538957400212,1555200.000000,2
1425538957400369,1555200.000000,3
1425538957400525,1555200.000000,4
1425538957400681,1555200.000000,5
1425538957487764,3532800.000000,0
1425538957488077,3532800.000000,1
1425538957488546,3532800.000000,2
1425538957488858,3532800.000000,3
1425538957489275,3532800.000000,4
1425538957489639,3532800.000000,5
1425538957539796,1555200.000000,0
1425538957540212,1555200.000000,1
1425538957540577,1555200.000000,2
1425538957540889,1555200.000000,3
1425538957541306,1555200.000000,4
1425538957541671,1555200.000000,5
1425538959935264,2745600.000000,0
1425538959935681,2745600.000000,1
1425538959936046,2745600.000000,2
1425538959936358,2745600.000000,3
1425538959936775,2745600.000000,4
1425538959937139,2745600.000000,5
1425538960084900,3532800.000000,0
1425538960085212,3532800.000000,1
1425538960085421,3532800.000000,2
1425538960085681,3532800.000000,3
1425538960085994,3532800.000000,4
1425538960086202,3532800.000000,5
1425538974442452,1555200.000000,0
1425538974442608,1555200.000000,1
1425538974442868,1555200.000000,2
1425538974443077,1555200.000000,3
1425538974443233,1555200.000000,4
1425538974443389,1555200.000000,5
1425538974469743,3532800.000000,0
1425538974470108,3532800.000000,1
1425538974470421,3532800.000000,2
1425538974470889,3532800.000000,3
1425538974471202,3532800.000000,4
1425538974471618,3532800.000000,5
1425538974482712,1555200.000000,0
1425538974483077,1555200.000000,1
1425538974483493,1555200.000000,2
1425538974483962,1555200.000000,3
1425538974484327,1555200.000000,4
1425538974484639,1555200.000000,5
1425538976563546,2400000.000000,0
1425538976564014,2400000.000000,1
1425538976564327,2400000.000000,2
1425538976564743,2400000.000000,3
1425538976565108,2400000.000000,4
1425538976565421,2400000.000000,5
1425538976641358,1555200.000000,0
1425538976641671,1555200.000000,1
1425538976641827,1555200.000000,2
1425538976642139,1555200.000000,3
1425538976642296,1555200.000000,4
1425538976642608,1555200.000000,5
1425538976737139,3532800.000000,0
1425538976737556,3532800.000000,1
1425538976738025,3532800.000000,2
1425538976738493,3532800.000000,3
1425538976738858,3532800.000000,4
1425538976739327,3532800.000000,5
1425538976781306,2400000.000000,0
1425538976781827,2400000.000000,1
1425538976782243,2400000.000000,2
1425538976782712,2400000.000000,3
1425538976783181,2400000.000000,4
1425538976783702,2400000.000000,5
1425538979643650,1996800.000000,0
1425538979643962,1996800.000000,1
1425538979644275,1996800.000000,2
1425538979644483,1996800.000000,3
1425538979644796,1996800.000000,4
1425538979645108,1996800.000000,5
1425538979810056,3532800.000000,0
1425538979810421,3532800.000000,1
1425538979810837,3532800.000000,2
1425538979811202,3532800.000000,3
1425538979811514,3532800.000000,4
1425538979811827,3532800.000000,5
1425538979862556,2400000.000000,0
1425538979862764,2400000.000000,1
1425538979863077,2400000.000000,2
1425538979863389,2400000.000000,3
1425538979863702,2400000.000000,4
1425538979864014,2400000.000000,5
1425538980273962,3532800.000000,0
1425538980274171,3532800.000000,1
1425538980274431,3532800.000000,2
1425538980274639,3532800.000000,3
1425538980274952,3532800.000000,4
1425538980275108,3532800.000000,5
1425539000223077,3072000.000000,0
1425539000223337,3072000.000000,1
1425539000223546,3072000.000000,2
1425539000223702,3072000.000000,3
1425539000223962,3072000.000000,4
1425539000224171,3072000.000000,5
1425539000945264,1555200.000000,0
1425539000945525,1555200.000000,1
1425539000945733,1555200.000000,2
1425539000945889,1555200.000000,3
1425539000946046,1555200.000000,4
1425539000946306,1555200.000000,5
1425539001059796,3072000.000000,0
1425539001060108,3072000.000000,1
1425539001060525,3072000.000000,2
1425539001060889,3072000.000000,3
1425539001061202,3072000.000000,4
1425539001061514,3072000.000000,5
1425539001108493,1555200.000000,0
1425539001108858,1555200.000000,1
1425539001109275,1555200.000000,2
1425539001109639,1555200.000000,3
1425539001109952,1555200.000000,4
1425539001110368,1555200.000000,5
1425539001124483,2745600.000000,0
1425539001124900,2745600.000000,1
1425539001125264,2745600.000000,2
1425539001125681,2745600.000000,3
1425539001126046,2745600.000000,4
1425539001126462,2745600.000000,5
1425539004628858,1555200.000000,0
1425539004629118,1555200.000000,1
1425539004629327,1555200.000000,2
1425539004629639,1555200.000000,3
1425539004629900,1555200.000000,4
1425539004630108,1555200.000000,5
1425539004828962,3532800.000000,0
1425539004829327,3532800.000000,1
1425539004829743,3532800.000000,2
1425539004830108,3532800.000000,3
1425539004830421,3532800.000000,4
1425539004830733,3532800.000000,5
1425539006373389,1555200.000000,0
1425539006373546,1555200.000000,1
1425539006373702,1555200.000000,2
1425539006373858,1555200.000000,3
1425539006374014,1555200.000000,4
1425539006374171,1555200.000000,5
1425539006798389,3072000.000000,0
1425539006798702,3072000.000000,1
1425539006799118,3072000.000000,2
1425539006799483,3072000.000000,3
1425539006799796,3072000.000000,4
1425539006800212,3072000.000000,5
1425539008850889,1555200.000000,0
1425539008851150,1555200.000000,1
1425539008851358,1555200.000000,2
1425539008851514,1555200.000000,3
1425539008851671,1555200.000000,4
1425539008851827,1555200.000000,5
1425539008857087,2745600.000000,0
1425539008857452,2745600.000000,1
1425539008857868,2745600.000000,2
1425539008858233,2745600.000000,3
1425539008858546,2745600.000000,4
1425539008858962,2745600.000000,5
1425539008868858,1555200.000000,0
1425539008869275,1555200.000000,1
1425539008869639,1555200.000000,2
1425539008869952,1555200.000000,3
1425539008870368,1555200.000000,4
1425539008870733,1555200.000000,5
1425539008925368,2745600.000000,0
1425539008925733,2745600.000000,1
1425539008926046,2745600.000000,2
1425539008926462,2745600.000000,3
1425539008926827,2745600.000000,4
1425539008927139,2745600.000000,5
1425539008947921,1555200.000000,0
1425539008948337,1555200.000000,1
1425539008948650,1555200.000000,2
1425539008949014,1555200.000000,3
1425539008949327,1555200.000000,4
1425539008949743,1555200.000000,5
1425539008959483,3072000.000000,0
1425539008959952,3072000.000000,1
1425539008960264,3072000.000000,2
1425539008960681,3072000.000000,3
1425539008961046,3072000.000000,4
1425539008961358,3072000.000000,5
1425539009023962,1555200.000000,0
1425539009024327,1555200.000000,1
1425539009024639,1555200.000000,2
1425539009025108,1555200.000000,3
1425539009025421,1555200.000000,4
1425539009025837,1555200.000000,5
1425539009533025,3072000.000000,0
1425539009533389,3072000.000000,1
1425539009533806,3072000.000000,2
1425539009534171,3072000.000000,3
1425539009534483,3072000.000000,4
1425539009534900,3072000.000000,5
1425539012849796,3532800.000000,0
1425539012850056,3532800.000000,1
1425539012850264,3532800.000000,2
1425539012850525,3532800.000000,3
1425539012850733,3532800.000000,4
1425539012850889,3532800.000000,5
1425539012872764,3072000.000000,0
1425539012873025,3072000.000000,1
1425539012873233,3072000.000000,2
1425539012873493,3072000.000000,3
1425539012873702,3072000.000000,4
1425539012873858,3072000.000000,5
1425539012964743,2745600.000000,0
1425539012964952,2745600.000000,1
1425539012965108,2745600.000000,2
1425539012965264,2745600.000000,3
1425539012965525,2745600.000000,4
1425539012965681,2745600.000000,5
1425539012976618,3072000.000000,0
1425539012976827,3072000.000000,1
1425539012977139,3072000.000000,2
1425539012977400,3072000.000000,3
1425539012977608,3072000.000000,4
1425539012977921,3072000.000000,5
1425539013030525,3532800.000000,0
1425539013030733,3532800.000000,1
1425539013031046,3532800.000000,2
1425539013031358,3532800.000000,3
1425539013031514,3532800.000000,4
1425539013031827,3532800.000000,5
1425539013224900,3072000.000000,0
1425539013225056,3072000.000000,1
1425539013225264,3072000.000000,2
1425539013225421,3072000.000000,3
1425539013225577,3072000.000000,4
1425539013225733,3072000.000000,5
1425539020848337,3532800.000000,0
1425539020848546,3532800.000000,1
1425539020848702,3532800.000000,2
1425539020848858,3532800.000000,3
1425539020849118,3532800.000000,4
1425539020849275,3532800.000000,5
1425539021891827,2745600.000000,0
1425539021891983,2745600.000000,1
1425539021892139,2745600.000000,2
1425539021892296,2745600.000000,3
1425539021892452,2745600.000000,4
1425539021892608,2745600.000000,5
1425539023145889,3321600.000000,0
1425539023146983,3321600.000000,1
1425539023147139,3321600.000000,2
1425539023147452,3321600.000000,3
1425539023147712,3321600.000000,4
1425539023147921,3321600.000000,5
1425539024838858,1785600.000000,0
1425539024839118,1785600.000000,1
1425539024839275,1785600.000000,2
1425539024839483,1785600.000000,3
1425539024839639,1785600.000000,4
1425539024839796,1785600.000000,5
1425539024907296,3532800.000000,0
1425539024907608,3532800.000000,1
1425539024907921,3532800.000000,2
1425539024908233,3532800.000000,3
1425539024908546,3532800.000000,4
1425539024908858,3532800.000000,5
1425539024983025,3321600.000000,0
1425539024983389,3321600.000000,1
1425539024983806,3321600.000000,2
1425539024984171,3321600.000000,3
1425539024984483,3321600.000000,4
1425539024984952,3321600.000000,5
1425539024995525,3532800.000000,0
1425539024995733,3532800.000000,1
1425539024995889,3532800.000000,2
1425539024996046,3532800.000000,3
1425539024996202,3532800.000000,4
1425539024996358,3532800.000000,5
1425539037197139,3321600.000000,0
1425539037197296,3321600.000000,1
1425539037197452,3321600.000000,2
1425539037197608,3321600.000000,3
1425539037197764,3321600.000000,4
1425539037198025,3321600.000000,5
1425539037233858,3532800.000000,0
1425539037234118,3532800.000000,1
1425539037234275,3532800.000000,2
1425539037234431,3532800.000000,3
1425539037234587,3532800.000000,4
1425539037234796,3532800.000000,5
1425539040879796,1555200.000000,0
1425539040879952,1555200.000000,1
1425539040880212,1555200.000000,2
1425539040880421,1555200.000000,3
1425539040880577,1555200.000000,4
1425539040880837,1555200.000000,5
1425539040961983,3532800.000000,0
1425539040962400,3532800.000000,1
1425539040962764,3532800.000000,2
1425539040963181,3532800.000000,3
1425539040963546,3532800.000000,4
1425539040963858,3532800.000000,5
1425539041080889,1555200.000000,0
1425539041081046,1555200.000000,1
1425539041081202,1555200.000000,2
1425539041081358,1555200.000000,3
1425539041081514,1555200.000000,4
1425539041081671,1555200.000000,5
1425539044897608,3532800.000000,0
1425539044898077,3532800.000000,1
1425539044898650,3532800.000000,2
1425539044899118,3532800.000000,3
1425539044899483,3532800.000000,4
1425539044899952,3532800.000000,5
1425539048885993,3072000.000000,0
1425539048886150,3072000.000000,1
1425539048886358,3072000.000000,2
1425539048886514,3072000.000000,3
1425539048886775,3072000.000000,4
1425539048886983,3072000.000000,5
1425539048917921,3532800.000000,0
1425539048918077,3532800.000000,1
1425539048918337,3532800.000000,2
1425539048918493,3532800.000000,3
1425539048918702,3532800.000000,4
1425539048918858,3532800.000000,5
1425539056847243,2400000.000000,0
1425539056847452,2400000.000000,1
1425539056847608,2400000.000000,2
1425539056847764,2400000.000000,3
1425539056847921,2400000.000000,4
1425539056848077,2400000.000000,5
1425539056886046,3532800.000000,0
1425539056886358,3532800.000000,1
1425539056886618,3532800.000000,2
1425539056886827,3532800.000000,3
1425539056887087,3532800.000000,4
1425539056887296,3532800.000000,5
1425539056891150,2400000.000000,0
1425539056891358,2400000.000000,1
1425539056891514,2400000.000000,2
1425539056891827,2400000.000000,3
1425539056891983,2400000.000000,4
1425539056892243,2400000.000000,5
1425539056913233,3532800.000000,0
1425539056913493,3532800.000000,1
1425539056913702,3532800.000000,2
1425539056913962,3532800.000000,3
1425539056914171,3532800.000000,4
1425539056914431,3532800.000000,5
1425539072849431,2227200.000000,0
1425539072849587,2227200.000000,1
1425539072849743,2227200.000000,2
1425539072849900,2227200.000000,3
1425539072850056,2227200.000000,4
1425539072850212,2227200.000000,5
1425539072878702,1555200.000000,0
1425539072878962,1555200.000000,1
1425539072879171,1555200.000000,2
1425539072879431,1555200.000000,3
1425539072879639,1555200.000000,4
1425539072879952,1555200.000000,5
1425539072926306,3532800.000000,0
1425539072926514,3532800.000000,1
1425539072926827,3532800.000000,2
1425539072927087,3532800.000000,3
1425539072927296,3532800.000000,4
1425539072927608,3532800.000000,5
1425539086834118,1785600.000000,0
1425539086834275,1785600.000000,1
1425539086834431,1785600.000000,2
1425539086834587,1785600.000000,3
1425539086834743,1785600.000000,4
1425539086834900,1785600.000000,5
1425539088899796,3532800.000000,0
1425539088900108,3532800.000000,1
1425539088900421,3532800.000000,2
1425539088900733,3532800.000000,3
1425539088901046,3532800.000000,4
1425539088901358,3532800.000000,5
1425539092842296,1785600.000000,0
1425539092842452,1785600.000000,1
1425539092842608,1785600.000000,2
1425539092842764,1785600.000000,3
1425539092842921,1785600.000000,4
1425539092843077,1785600.000000,5
1425539092887764,3532800.000000,0
1425539092888077,3532800.000000,1
1425539092888389,3532800.000000,2
1425539092888702,3532800.000000,3
1425539092889014,3532800.000000,4
1425539092889327,3532800.000000,5
1425539103263389,1555200.000000,0
1425539103263546,1555200.000000,1
1425539103263702,1555200.000000,2
1425539103263962,1555200.000000,3
1425539103264171,1555200.000000,4
1425539103264327,1555200.000000,5
1425539103394171,3321600.000000,0
1425539103394639,3321600.000000,1
1425539103395108,3321600.000000,2
1425539103395577,3321600.000000,3
1425539103396046,3321600.000000,4
1425539103396514,3321600.000000,5
1425539116867921,3532800.000000,0
1425539116868077,3532800.000000,1
1425539116868233,3532800.000000,2
1425539116868389,3532800.000000,3
1425539116868546,3532800.000000,4
1425539116868702,3532800.000000,5
1425539120879014,1996800.000000,0
1425539120879171,1996800.000000,1
1425539120879327,1996800.000000,2
1425539120879587,1996800.000000,3
1425539120879796,1996800.000000,4
1425539120879952,1996800.000000,5
1425539121317452,3072000.000000,0
1425539121317764,3072000.000000,1
1425539121318077,3072000.000000,2
1425539121318389,3072000.000000,3
1425539121318702,3072000.000000,4
1425539121318962,3072000.000000,5
1425539123292139,3532800.000000,0
1425539123292400,3532800.000000,1
1425539123292608,3532800.000000,2
1425539123292868,3532800.000000,3
1425539123293077,3532800.000000,4
1425539123293337,3532800.000000,5
1425539132843493,3321600.000000,0
1425539132843650,3321600.000000,1
1425539132843806,3321600.000000,2
1425539132843962,3321600.000000,3
1425539132844171,3321600.000000,4
1425539132844327,3321600.000000,5
1425539132885368,3532800.000000,0
1425539132885525,3532800.000000,1
1425539132885733,3532800.000000,2
1425539132885889,3532800.000000,3
1425539132886046,3532800.000000,4
1425539132886202,3532800.000000,5
1425539136526046,1996800.000000,0
1425539136526202,1996800.000000,1
1425539136526358,1996800.000000,2
1425539136526514,1996800.000000,3
1425539136526671,1996800.000000,4
1425539136526827,1996800.000000,5
1425539136677556,3532800.000000,0
1425539136677868,3532800.000000,1
1425539136678181,3532800.000000,2
1425539136678493,3532800.000000,3
1425539136678702,3532800.000000,4
1425539136679014,3532800.000000,5
1425539136770889,1996800.000000,0
1425539136771046,1996800.000000,1
1425539136771202,1996800.000000,2
1425539136771358,1996800.000000,3
1425539136771514,1996800.000000,4
1425539136771671,1996800.000000,5
1425539140671931,1785600.000000,0
1425539140672296,1785600.000000,1
1425539140672608,1785600.000000,2
1425539140673025,1785600.000000,3
1425539140673389,1785600.000000,4
1425539140673702,1785600.000000,5
1425539140801931,3532800.000000,0
1425539140802296,3532800.000000,1
1425539140802712,3532800.000000,2
1425539140803077,3532800.000000,3
1425539140803493,3532800.000000,4
1425539140803858,3532800.000000,5
1425539140848337,1996800.000000,0
1425539140848650,1996800.000000,1
1425539140848962,1996800.000000,2
1425539140849327,1996800.000000,3
1425539140849639,1996800.000000,4
1425539140849952,1996800.000000,5
1425539144912868,3532800.000000,0
1425539144913181,3532800.000000,1
1425539144913493,3532800.000000,2
1425539144913702,3532800.000000,3
1425539144914014,3532800.000000,4
1425539144914327,3532800.000000,5
1425539144941046,1996800.000000,0
1425539144941358,1996800.000000,1
1425539144941671,1996800.000000,2
1425539144941983,1996800.000000,3
1425539144942243,1996800.000000,4
1425539144942452,1996800.000000,5
1425539148108337,1785600.000000,0
1425539148108702,1785600.000000,1
1425539148109014,1785600.000000,2
1425539148109431,1785600.000000,3
1425539148109796,1785600.000000,4
1425539148110108,1785600.000000,5
1425539148312452,3532800.000000,0
1425539148312868,3532800.000000,1
1425539148313233,3532800.000000,2
1425539148313650,3532800.000000,3
1425539148314014,3532800.000000,4
1425539148314431,3532800.000000,5
1425539148370889,1996800.000000,0
1425539148371306,1996800.000000,1
1425539148371671,1996800.000000,2
1425539148371983,1996800.000000,3
1425539148372296,1996800.000000,4
1425539148372712,1996800.000000,5
1425539148518025,1785600.000000,0
1425539148518389,1785600.000000,1
1425539148518806,1785600.000000,2
1425539148519171,1785600.000000,3
1425539148519483,1785600.000000,4
1425539148519796,1785600.000000,5
1425539148590212,3532800.000000,0
1425539148590525,3532800.000000,1
1425539148590889,3532800.000000,2
1425539148591150,3532800.000000,3
1425539148591514,3532800.000000,4
1425539148591775,3532800.000000,5
1425539152856358,1785600.000000,0
1425539152856514,1785600.000000,1
1425539152856671,1785600.000000,2
1425539152856827,1785600.000000,3
1425539152856983,1785600.000000,4
1425539152857139,1785600.000000,5
1425539152873702,1996800.000000,0
1425539152874118,1996800.000000,1
1425539152874483,1996800.000000,2
1425539152874796,1996800.000000,3
1425539152875264,1996800.000000,4
1425539152875577,1996800.000000,5
1425539152938389,2918400.000000,0
1425539152938702,2918400.000000,1
1425539152939014,2918400.000000,2
1425539152939327,2918400.000000,3
1425539152939639,2918400.000000,4
1425539152940056,2918400.000000,5
1425539153051775,1996800.000000,0
1425539153051983,1996800.000000,1
1425539153052139,1996800.000000,2
1425539153052400,1996800.000000,3
1425539153052608,1996800.000000,4
1425539153052764,1996800.000000,5
1425539153790056,2918400.000000,0
1425539153790264,2918400.000000,1
1425539153790577,2918400.000000,2
1425539153790837,2918400.000000,3
1425539153791150,2918400.000000,4
1425539153791358,2918400.000000,5
1425539162242296,1996800.000000,0
1425539162242608,1996800.000000,1
1425539162242764,1996800.000000,2
1425539162243077,1996800.000000,3
1425539162243337,1996800.000000,4
1425539162243546,1996800.000000,5
1425539162304587,2918400.000000,0
1425539162305108,2918400.000000,1
1425539162305525,2918400.000000,2
1425539162305889,2918400.000000,3
1425539162306202,2918400.000000,4
1425539162306514,2918400.000000,5
1425539162345212,1996800.000000,0
1425539162345525,1996800.000000,1
1425539162345889,1996800.000000,2
1425539162346202,1996800.000000,3
1425539162346618,1996800.000000,4
1425539162346983,1996800.000000,5
1425539164904900,2918400.000000,0
1425539164905212,2918400.000000,1
1425539164905421,2918400.000000,2
1425539164905733,2918400.000000,3
1425539164905993,2918400.000000,4
1425539164906306,2918400.000000,5
1425539164932139,1996800.000000,0
1425539164932452,1996800.000000,1
1425539164932868,1996800.000000,2
1425539164933181,1996800.000000,3
1425539164933546,1996800.000000,4
1425539164933962,1996800.000000,5
1425539168885421,1785600.000000,0
1425539168885733,1785600.000000,1
1425539168886046,1785600.000000,2
1425539168886358,1785600.000000,3
1425539168886618,1785600.000000,4
1425539168886931,1785600.000000,5
1425539168925733,1555200.000000,0
1425539168926150,1555200.000000,1
1425539168926514,1555200.000000,2
1425539168926931,1555200.000000,3
1425539168927296,1555200.000000,4
1425539168927764,1555200.000000,5
1425539169031046,2918400.000000,0
1425539169031358,2918400.000000,1
1425539169031775,2918400.000000,2
1425539169032712,2918400.000000,3
1425539169033025,2918400.000000,4
1425539169033389,2918400.000000,5
1425539173690577,1555200.000000,0
1425539173690837,1555200.000000,1
1425539173691046,1555200.000000,2
1425539173691358,1555200.000000,3
1425539173691514,1555200.000000,4
1425539173691827,1555200.000000,5
1425539173791983,2918400.000000,0
1425539173792296,2918400.000000,1
1425539173792712,2918400.000000,2
1425539173793025,2918400.000000,3
1425539173793389,2918400.000000,4
1425539173793702,2918400.000000,5
1425539173844327,1555200.000000,0
1425539173844743,1555200.000000,1
1425539173845108,1555200.000000,2
1425539173845421,1555200.000000,3
1425539173845837,1555200.000000,4
1425539173846150,1555200.000000,5
1425539176064900,2918400.000000,0
1425539176065264,2918400.000000,1
1425539176065681,2918400.000000,2
1425539176066046,2918400.000000,3
1425539176066358,2918400.000000,4
1425539176066827,2918400.000000,5
1425539177024743,3532800.000000,0
1425539177024952,3532800.000000,1
1425539177025108,3532800.000000,2
1425539177025368,3532800.000000,3
1425539177025577,3532800.000000,4
1425539177025733,3532800.000000,5
1425539183065421,1996800.000000,0
1425539183065577,1996800.000000,1
1425539183065733,1996800.000000,2
1425539183065889,1996800.000000,3
1425539183066046,1996800.000000,4
1425539183066202,1996800.000000,5
1425539184914431,3532800.000000,0
1425539184914743,3532800.000000,1
1425539184915056,3532800.000000,2
1425539184915264,3532800.000000,3
1425539184915577,3532800.000000,4
1425539184915889,3532800.000000,5
1425539188908962,2918400.000000,0
1425539188909170,2918400.000000,1
1425539188909327,2918400.000000,2
1425539188909483,2918400.000000,3
1425539188909639,2918400.000000,4
1425539188909795,2918400.000000,5
1425539192896827,3532800.000000,0
1425539192897087,3532800.000000,1
1425539192897295,3532800.000000,2
1425539192897452,3532800.000000,3
1425539192897608,3532800.000000,4
1425539192897868,3532800.000000,5
1425539195794014,2918400.000000,0
1425539195794170,2918400.000000,1
1425539195794327,2918400.000000,2
1425539195794483,2918400.000000,3
1425539195794639,2918400.000000,4
1425539195794795,2918400.000000,5
1425539199591202,3072000.000000,0
1425539199591358,3072000.000000,1
1425539199591514,3072000.000000,2
1425539199591775,3072000.000000,3
1425539199591983,3072000.000000,4
1425539199592139,3072000.000000,5
1425539200867764,3321600.000000,0
1425539200867920,3321600.000000,1
1425539200868181,3321600.000000,2
1425539200868337,3321600.000000,3
1425539200868493,3321600.000000,4
1425539200868702,3321600.000000,5
1425539200962295,3072000.000000,0
1425539200962556,3072000.000000,1
1425539200962764,3072000.000000,2
1425539200962920,3072000.000000,3
1425539200963077,3072000.000000,4
1425539200963233,3072000.000000,5
1425539200974952,3321600.000000,0
1425539200975108,3321600.000000,1
1425539200975368,3321600.000000,2
1425539200975577,3321600.000000,3
1425539200975733,3321600.000000,4
1425539200975889,3321600.000000,5
1425539200993337,3532800.000000,0
1425539200993545,3532800.000000,1
1425539200993806,3532800.000000,2
1425539200994014,3532800.000000,3
1425539200994275,3532800.000000,4
1425539200994483,3532800.000000,5
1425539209472243,3321600.000000,0
1425539209472452,3321600.000000,1
1425539209472608,3321600.000000,2
1425539209472764,3321600.000000,3
1425539209472920,3321600.000000,4
1425539209473077,3321600.000000,5
1425539212934952,3532800.000000,0
1425539212935108,3532800.000000,1
1425539212935264,3532800.000000,2
1425539212935420,3532800.000000,3
1425539212935577,3532800.000000,4
1425539212935733,3532800.000000,5
1425539216943545,2400000.000000,0
1425539216943702,2400000.000000,1
1425539216943858,2400000.000000,2
1425539216944014,2400000.000000,3
1425539216944275,2400000.000000,4
1425539216944431,2400000.000000,5
1425539217030420,3532800.000000,0
1425539217030733,3532800.000000,1
1425539217031045,3532800.000000,2
1425539217031306,3532800.000000,3
1425539217031514,3532800.000000,4
1425539217031827,3532800.000000,5
1425539232439327,2227200.000000,0
1425539232439483,2227200.000000,1
1425539232439743,2227200.000000,2
1425539232439952,2227200.000000,3
1425539232440108,2227200.000000,4
1425539232440264,2227200.000000,5
1425539232598233,3532800.000000,0
1425539232598545,3532800.000000,1
1425539232598858,3532800.000000,2
1425539232599170,3532800.000000,3
1425539232599483,3532800.000000,4
1425539232599795,3532800.000000,5
1425539232649900,2745600.000000,0
1425539232650108,2745600.000000,1
1425539232650420,2745600.000000,2
1425539232650733,2745600.000000,3
1425539232651045,2745600.000000,4
1425539232651202,2745600.000000,5
1425539233884639,3532800.000000,0
1425539233884795,3532800.000000,1
1425539233885056,3532800.000000,2
1425539233885264,3532800.000000,3
1425539233885420,3532800.000000,4
1425539233885577,3532800.000000,5
1425539248941306,2227200.000000,0
1425539248941514,2227200.000000,1
1425539248941670,2227200.000000,2
1425539248941931,2227200.000000,3
1425539248942087,2227200.000000,4
1425539248942295,2227200.000000,5
1425539249032452,3532800.000000,0
1425539249032764,3532800.000000,1
1425539249033077,3532800.000000,2
1425539249033389,3532800.000000,3
1425539249033702,3532800.000000,4
1425539249034014,3532800.000000,5
1425539282839952,1555200.000000,0
1425539282840108,1555200.000000,1
1425539282840368,1555200.000000,2
1425539282840577,1555200.000000,3
1425539282840837,1555200.000000,4
1425539282841150,1555200.000000,5
1425539282851827,3532800.000000,0
1425539282852243,3532800.000000,1
1425539282852556,3532800.000000,2
1425539282852920,3532800.000000,3
1425539282853337,3532800.000000,4
1425539282853702,3532800.000000,5
1425539312837920,556800.000000,0
1425539312838077,556800.000000,1
1425539312838233,556800.000000,2
1425539312838389,556800.000000,3
1425539312838650,556800.000000,4
1425539312838806,556800.000000,5
1425539312864952,960000.000000,0
1425539312866358,960000.000000,1
1425539312867608,960000.000000,2
1425539312869014,960000.000000,3
1425539312870368,960000.000000,4
1425539312871514,960000.000000,5
1425539329921462,748800.000000,0
1425539329922452,748800.000000,1
1425539329923389,748800.000000,2
1425539329924327,748800.000000,3
1425539329925420,748800.000000,4
1425539329926306,748800.000000,5
1425539333907764,556800.000000,0
1425539333909014,556800.000000,1
1425539333910056,556800.000000,2
1425539333910993,556800.000000,3
1425539333911983,556800.000000,4
1425539333913025,556800.000000,5
1425539348403806,960000.000000,0
1425539348405264,960000.000000,1
1425539348406514,960000.000000,2
1425539348407920,960000.000000,3
1425539348409118,960000.000000,4
1425539348410368,960000.000000,5
1425539355376202,556800.000000,0
1425539355376827,556800.000000,1
1425539355377452,556800.000000,2
1425539355378233,556800.000000,3
1425539355379327,556800.000000,4
1425539355380264,556800.000000,5
1425539380102608,748800.000000,0
1425539380104014,748800.000000,1
1425539380105368,748800.000000,2
1425539380106618,748800.000000,3
1425539380107920,748800.000000,4
1425539380109275,748800.000000,5
1425539381014952,3532800.000000,0
1425539381015837,3532800.000000,1
1425539381016618,3532800.000000,2
1425539381017452,3532800.000000,3
1425539381018233,3532800.000000,4
1425539381019014,3532800.000000,5
1425539391552452,3072000.000000,0
1425539391552608,3072000.000000,1
1425539391552764,3072000.000000,2
1425539391552920,3072000.000000,3
1425539391553077,3072000.000000,4
1425539391553233,3072000.000000,5
1425539408858650,1152000.000000,0
1425539408858858,1152000.000000,1
1425539408859014,1152000.000000,2
1425539408859275,1152000.000000,3
1425539408859431,1152000.000000,4
1425539408859639,1152000.000000,5
1425539423351983,556800.000000,0
1425539423353337,556800.000000,1
1425539423354587,556800.000000,2
1425539423355889,556800.000000,3
1425539423357139,556800.000000,4
1425539423358545,556800.000000,5
1425539432156514,960000.000000,0
1425539432157920,960000.000000,1
1425539432159170,960000.000000,2
1425539432160420,960000.000000,3
1425539432161670,960000.000000,4
1425539432163025,960000.000000,5
1425539434726202,556800.000000,0
1425539434726983,556800.000000,1
1425539434727556,556800.000000,2
1425539434728545,556800.000000,3
1425539434729587,556800.000000,4
1425539434730577,556800.000000,5
1425539446785577,960000.000000,0
1425539446786931,960000.000000,1
1425539446788181,960000.000000,2
1425539446789327,960000.000000,3
1425539446790577,960000.000000,4
1425539446791827,960000.000000,5
1425539456895420,556800.000000,0
1425539456896202,556800.000000,1
1425539456897087,556800.000000,2
1425539456898389,556800.000000,3
1425539456899795,556800.000000,4
1425539456900993,556800.000000,5
1425539481589014,1152000.000000,0
1425539481590264,1152000.000000,1
1425539481591306,1152000.000000,2
1425539481592295,1152000.000000,3
1425539481593337,1152000.000000,4
1425539481594327,1152000.000000,5
1425539488934639,556800.000000,0
1425539488935212,556800.000000,1
1425539488935733,556800.000000,2
1425539488936514,556800.000000,3
1425539488937556,556800.000000,4
1425539488938545,556800.000000,5
1425539504936045,1363200.000000,0
1425539504937087,1363200.000000,1
1425539504938077,1363200.000000,2
1425539504939170,1363200.000000,3
1425539504940264,1363200.000000,4
1425539504941202,1363200.000000,5
1425539534850420,556800.000000,0
1425539534850889,556800.000000,1
1425539534851827,556800.000000,2
1425539534852868,556800.000000,3
1425539534853962,556800.000000,4
1425539534855056,556800.000000,5
1425539581903025,1363200.000000,0
1425539581904275,1363200.000000,1
1425539581905264,1363200.000000,2
1425539581906306,1363200.000000,3
1425539581907243,1363200.000000,4
1425539581908233,1363200.000000,5
1425539582765108,556800.000000,0
1425539582765681,556800.000000,1
1425539582766045,556800.000000,2
1425539582766514,556800.000000,3
1425539582766931,556800.000000,4
1425539582767556,556800.000000,5
1425539599052764,1363200.000000,0
1425539599054327,1363200.000000,1
1425539599055733,1363200.000000,2
1425539599056983,1363200.000000,3
1425539599058233,1363200.000000,4
1425539599059587,1363200.000000,5
1425539614918806,1785600.000000,0
1425539614919170,1785600.000000,1
1425539614919639,1785600.000000,2
1425539614920056,1785600.000000,3
1425539614920420,1785600.000000,4
1425539614920837,1785600.000000,5
1425539631284274,556800.000000,0
1425539631284639,556800.000000,1
1425539631284952,556800.000000,2
1425539631285264,556800.000000,3
1425539631285577,556800.000000,4
1425539631285889,556800.000000,5
1425539635053493,748800.000000,0
1425539635054743,748800.000000,1
1425539635056045,748800.000000,2
1425539635057295,748800.000000,3
1425539635058649,748800.000000,4
1425539635059952,748800.000000,5
1425539645023702,960000.000000,0
1425539645024587,960000.000000,1
1425539645025264,960000.000000,2
1425539645026045,960000.000000,3
1425539645026827,960000.000000,4
1425539645027608,960000.000000,5
1425539645086358,748800.000000,0
1425539645087139,748800.000000,1
1425539645087764,748800.000000,2
1425539645088337,748800.000000,3
1425539645088858,748800.000000,4
1425539645089587,748800.000000,5
1425539671418493,556800.000000,0
1425539671419639,556800.000000,1
1425539671420889,556800.000000,2
1425539671422139,556800.000000,3
1425539671423493,556800.000000,4
1425539671424795,556800.000000,5
1425539686214274,748800.000000,0
1425539686215420,748800.000000,1
1425539686216514,748800.000000,2
1425539686217608,748800.000000,3
1425539686218649,748800.000000,4
1425539686219639,748800.000000,5
1425539711202452,1363200.000000,0
1425539711203337,1363200.000000,1
1425539711204118,1363200.000000,2
1425539711204795,1363200.000000,3
1425539711205524,1363200.000000,4
1425539711206306,1363200.000000,5
1425539726852452,1152000.000000,0
1425539726852920,1152000.000000,1
1425539726853337,1152000.000000,2
1425539726853702,1152000.000000,3
1425539726854274,1152000.000000,4
1425539726854795,1152000.000000,5
1425539742953702,748800.000000,0
1425539742954743,748800.000000,1
1425539742955733,748800.000000,2
1425539742956670,748800.000000,3
1425539742957608,748800.000000,4
1425539742958545,748800.000000,5
1425539762304952,556800.000000,0
1425539762306149,556800.000000,1
1425539762307452,556800.000000,2
1425539762308702,556800.000000,3
1425539762309952,556800.000000,4
1425539762311202,556800.000000,5
1425539781490577,960000.000000,0
1425539781491774,960000.000000,1
1425539781492868,960000.000000,2
1425539781493962,960000.000000,3
1425539781494952,960000.000000,4
1425539781496045,960000.000000,5
1425539790763389,748800.000000,0
1425539790764118,748800.000000,1
1425539790764743,748800.000000,2
1425539790765420,748800.000000,3
1425539790766202,748800.000000,4
1425539790766983,748800.000000,5
1425539806777295,1363200.000000,0
1425539806778389,1363200.000000,1
1425539806779327,1363200.000000,2
1425539806780264,1363200.000000,3
1425539806781202,1363200.000000,4
1425539806782139,1363200.000000,5
1425539824857139,1152000.000000,0
1425539824857712,1152000.000000,1
1425539824858233,1152000.000000,2
1425539824858702,1152000.000000,3
1425539824859274,1152000.000000,4
1425539824859899,1152000.000000,5
1425539840914326,556800.000000,0
1425539840915056,556800.000000,1
1425539840916045,556800.000000,2
1425539840916983,556800.000000,3
1425539840918024,556800.000000,4
1425539840918962,556800.000000,5
1425539881800576,1152000.000000,0
1425539881801826,1152000.000000,1
1425539881802764,1152000.000000,2
1425539881803806,1152000.000000,3
1425539881804795,1152000.000000,4
1425539881805733,1152000.000000,5
1425539886760889,556800.000000,0
1425539886761514,556800.000000,1
1425539886761983,556800.000000,2
1425539886762556,556800.000000,3
1425539886763545,556800.000000,4
1425539886764587,556800.000000,5
1425539902776670,1363200.000000,0
1425539902778076,1363200.000000,1
1425539902779326,1363200.000000,2
1425539902780681,1363200.000000,3
1425539902781931,1363200.000000,4
1425539902785889,1363200.000000,5
1425539920847451,1785600.000000,0
1425539920847920,1785600.000000,1
1425539920848493,1785600.000000,2
1425539920849014,1785600.000000,3
1425539920849483,1785600.000000,4
1425539920851201,1785600.000000,5
1425539934758076,2227200.000000,0
1425539934758389,2227200.000000,1
1425539934758701,2227200.000000,2
1425539934759014,2227200.000000,3
1425539934759326,2227200.000000,4
1425539934759639,2227200.000000,5
1425539944593701,3532800.000000,0
1425539944594014,3532800.000000,1
1425539944594274,3532800.000000,2
1425539944594483,3532800.000000,3
1425539944594743,3532800.000000,4
1425539944594951,3532800.000000,5
1425539952831826,3072000.000000,0
1425539952831983,3072000.000000,1
1425539952832139,3072000.000000,2
1425539952832295,3072000.000000,3
1425539952832451,3072000.000000,4
1425539952832608,3072000.000000,5
1425539968829639,3532800.000000,0
1425539968829899,3532800.000000,1
1425539968830056,3532800.000000,2
1425539968830264,3532800.000000,3
1425539968830420,3532800.000000,4
1425539968830576,3532800.000000,5
1425539984387295,1555200.000000,0
1425539984387556,1555200.000000,1
1425539984387712,1555200.000000,2
1425539984387868,1555200.000000,3
1425539984388024,1555200.000000,4
1425539984388181,1555200.000000,5
1425539985352868,3532800.000000,0
1425539985353233,3532800.000000,1
1425539985353701,3532800.000000,2
1425539985354118,3532800.000000,3
1425539985354483,3532800.000000,4
1425539985354795,3532800.000000,5
1425539985642608,1555200.000000,0
1425539985642764,1555200.000000,1
1425539985642920,1555200.000000,2
1425539985643076,1555200.000000,3
1425539985643233,1555200.000000,4
1425539985643389,1555200.000000,5
1425539985833649,3532800.000000,0
1425539985834014,3532800.000000,1
1425539985834431,3532800.000000,2
1425539985834795,3532800.000000,3
1425539985835108,3532800.000000,4
1425539985835524,3532800.000000,5
1425540000828649,3321600.000000,0
1425540000828858,3321600.000000,1
1425540000829014,3321600.000000,2
1425540000829274,3321600.000000,3
1425540000829483,3321600.000000,4
1425540000829639,3321600.000000,5
1425540016007243,556800.000000,0
1425540016007451,556800.000000,1
1425540016007608,556800.000000,2
1425540016007764,556800.000000,3
1425540016007920,556800.000000,4
1425540016008076,556800.000000,5
1425540035202295,748800.000000,0
1425540035203962,748800.000000,1
1425540035205212,748800.000000,2
1425540035206514,748800.000000,3
1425540035207868,748800.000000,4
1425540035209014,748800.000000,5
1425540035260264,556800.000000,0
1425540035261514,556800.000000,1
1425540035262608,556800.000000,2
1425540035263649,556800.000000,3
1425540035264639,556800.000000,4
1425540035265733,556800.000000,5
1425540081780837,3072000.000000,0
1425540081781983,3072000.000000,1
1425540081783076,3072000.000000,2
1425540081784118,3072000.000000,3
1425540081785108,3072000.000000,4
1425540081786149,3072000.000000,5
1425540095115108,3321600.000000,0
1425540095115264,3321600.000000,1
1425540095115420,3321600.000000,2
1425540095115681,3321600.000000,3
1425540095115837,3321600.000000,4
1425540095115993,3321600.000000,5
1425540112877608,556800.000000,0
1425540112877764,556800.000000,1
1425540112877920,556800.000000,2
1425540112878076,556800.000000,3
1425540112878337,556800.000000,4
1425540112878493,556800.000000,5
1425540133383233,1785600.000000,0
1425540133384483,1785600.000000,1
1425540133385420,1785600.000000,2
1425540133386462,1785600.000000,3
1425540133387556,1785600.000000,4
1425540133388545,1785600.000000,5
1425540134609951,556800.000000,0
1425540134610368,556800.000000,1
1425540134610733,556800.000000,2
1425540134610993,556800.000000,3
1425540134611306,556800.000000,4
1425540134611618,556800.000000,5
1425540135515733,748800.000000,0
1425540135516826,748800.000000,1
1425540135517920,748800.000000,2
1425540135518858,748800.000000,3
1425540135519899,748800.000000,4
1425540135520889,748800.000000,5
1425540143281514,1363200.000000,0
1425540143282451,1363200.000000,1
1425540143285056,1363200.000000,2
1425540143285837,1363200.000000,3
1425540143286618,1363200.000000,4
1425540143287295,1363200.000000,5
1425540159348649,556800.000000,0
1425540159349014,556800.000000,1
1425540159349431,556800.000000,2
1425540159349795,556800.000000,3
1425540159350264,556800.000000,4
1425540159350681,556800.000000,5
1425540208943858,1363200.000000,0
1425540208945108,1363200.000000,1
1425540208946201,1363200.000000,2
1425540208947243,1363200.000000,3
1425540208948337,1363200.000000,4
1425540208949326,1363200.000000,5
1425540222243858,1555200.000000,0
1425540222244326,1555200.000000,1
1425540222244743,1555200.000000,2
1425540222245108,1555200.000000,3
1425540222245576,1555200.000000,4
1425540222245993,1555200.000000,5
1425540238784274,556800.000000,0
1425540238784639,556800.000000,1
1425540238785056,556800.000000,2
1425540238785524,556800.000000,3
1425540238786358,556800.000000,4
1425540238787399,556800.000000,5
1425540281497451,1555200.000000,0
1425540281498649,1555200.000000,1
1425540281499639,1555200.000000,2
1425540281500733,1555200.000000,3
1425540281501930,1555200.000000,4
1425540281502920,1555200.000000,5
1425540287492243,748800.000000,0
1425540287492712,748800.000000,1
1425540287493076,748800.000000,2
1425540287493389,748800.000000,3
1425540287494014,748800.000000,4
1425540287494743,748800.000000,5
1425540304877451,1363200.000000,0
1425540304878337,1363200.000000,1
1425540304879014,1363200.000000,2
1425540304879743,1363200.000000,3
1425540304880420,1363200.000000,4
1425540304881201,1363200.000000,5
1425540320866774,960000.000000,0
1425540320867399,960000.000000,1
1425540320868024,960000.000000,2
1425540320868805,960000.000000,3
1425540320869483,960000.000000,4
1425540320870264,960000.000000,5
1425540335336514,556800.000000,0
1425540335337920,556800.000000,1
1425540335339170,556800.000000,2
1425540335340420,556800.000000,3
1425540335341670,556800.000000,4
1425540335343233,556800.000000,5
1425540338025889,748800.000000,0
1425540338026983,748800.000000,1
1425540338028076,748800.000000,2
1425540338029170,748800.000000,3
1425540338030108,748800.000000,4
1425540338031201,748800.000000,5
1425540350856826,556800.000000,0
1425540350858180,556800.000000,1
1425540350859170,556800.000000,2
1425540350860212,556800.000000,3
1425540350861201,556800.000000,4
1425540350862295,556800.000000,5
1425540381292764,1152000.000000,0
1425540381294014,1152000.000000,1
1425540381294951,1152000.000000,2
1425540381296045,1152000.000000,3
1425540381297139,1152000.000000,4
1425540381298076,1152000.000000,5
1425540384592555,556800.000000,0
1425540384593076,556800.000000,1
1425540384593805,556800.000000,2
1425540384594795,556800.000000,3
1425540384595889,556800.000000,4
1425540384596930,556800.000000,5
1425540388393337,748800.000000,0
1425540388394639,748800.000000,1
1425540388395889,748800.000000,2
1425540388397139,748800.000000,3
1425540388398493,748800.000000,4
1425540388399795,748800.000000,5
1425540398780420,1363200.000000,0
1425540398781305,1363200.000000,1
1425540398781983,1363200.000000,2
1425540398782764,1363200.000000,3
1425540398783493,1363200.000000,4
1425540398784170,1363200.000000,5
1425540416858024,1555200.000000,0
1425540416858545,1555200.000000,1
1425540416859014,1555200.000000,2
1425540416859639,1555200.000000,3
1425540416860108,1555200.000000,4
1425540416860680,1555200.000000,5
1425540434884899,556800.000000,0
1425540434885420,556800.000000,1
1425540434886045,556800.000000,2
1425540434887295,556800.000000,3
1425540434888701,556800.000000,4
1425540434889899,556800.000000,5
1425540481716201,1363200.000000,0
1425540481717295,1363200.000000,1
1425540481718389,1363200.000000,2
1425540481719430,1363200.000000,3
1425540481720524,1363200.000000,4
1425540481721514,1363200.000000,5
1425540496846045,1555200.000000,0
1425540496846514,1555200.000000,1
1425540496846982,1555200.000000,2
1425540496847399,1555200.000000,3
1425540496847764,1555200.000000,4
1425540496848232,1555200.000000,5
1425540512152087,1152000.000000,0
1425540512152555,1152000.000000,1
1425540512152920,1152000.000000,2
1425540512153493,1152000.000000,3
1425540512155993,1152000.000000,4
1425540512156514,1152000.000000,5
1425540530357764,556800.000000,0
1425540530358389,556800.000000,1
1425540530359170,556800.000000,2
1425540530360420,556800.000000,3
1425540530361670,556800.000000,4
1425540530362920,556800.000000,5
1425540581382868,1363200.000000,0
1425540581384170,1363200.000000,1
1425540581385107,1363200.000000,2
1425540581386045,1363200.000000,3
1425540581387087,1363200.000000,4
1425540581388076,1363200.000000,5
1425540591202607,1152000.000000,0
1425540591203180,1152000.000000,1
1425540591203545,1152000.000000,2
1425540591204014,1152000.000000,3
1425540591204482,1152000.000000,4
1425540591205055,1152000.000000,5
1425540607811045,1555200.000000,0
1425540607811670,1555200.000000,1
1425540607812139,1555200.000000,2
1425540607812607,1555200.000000,3
1425540607813076,1555200.000000,4
1425540607813545,1555200.000000,5
1425540624189899,556800.000000,0
1425540624190368,556800.000000,1
1425540624190837,556800.000000,2
1425540624191514,556800.000000,3
1425540624192764,556800.000000,4
1425540624194170,556800.000000,5
1425540636162607,748800.000000,0
1425540636163701,748800.000000,1
1425540636164743,748800.000000,2
1425540636165732,748800.000000,3
1425540636166670,748800.000000,4
1425540636167712,748800.000000,5
1425540637926826,1152000.000000,0
1425540637927607,1152000.000000,1
1425540637928389,1152000.000000,2
1425540637929170,1152000.000000,3
1425540637929899,1152000.000000,4
1425540637930680,1152000.000000,5
1425540638061514,1363200.000000,0
1425540638062139,1363200.000000,1
1425540638062607,1363200.000000,2
1425540638063076,1363200.000000,3
1425540638063545,1363200.000000,4
1425540638064014,1363200.000000,5
1425540638585524,1996800.000000,0
1425540638585889,1996800.000000,1
1425540638586357,1996800.000000,2
1425540638586670,1996800.000000,3
1425540638587139,1996800.000000,4
1425540638587555,1996800.000000,5
1425540638773857,1152000.000000,0
1425540638774274,1152000.000000,1
1425540638774639,1152000.000000,2
1425540638774951,1152000.000000,3
1425540638775420,1152000.000000,4
1425540638775889,1152000.000000,5
1425540640341774,556800.000000,0
1425540640342399,556800.000000,1
1425540640342868,556800.000000,2
1425540640343337,556800.000000,3
1425540640344170,556800.000000,4
1425540640345264,556800.000000,5
1425540654839170,748800.000000,0
1425540654840420,748800.000000,1
1425540654841514,748800.000000,2
1425540654842712,748800.000000,3
1425540654843805,748800.000000,4
1425540654844899,748800.000000,5
1425540670803962,556800.000000,0
1425540670805264,556800.000000,1
1425540670806201,556800.000000,2
1425540670807139,556800.000000,3
1425540670808232,556800.000000,4
1425540670809326,556800.000000,5
1425540688654795,748800.000000,0
1425540688656045,748800.000000,1
1425540688656982,748800.000000,2
1425540688658024,748800.000000,3
1425540688658962,748800.000000,4
1425540688659951,748800.000000,5
1425540689709899,556800.000000,0
1425540689710837,556800.000000,1
1425540689711826,556800.000000,2
1425540689713024,556800.000000,3
1425540689714170,556800.000000,4
1425540689715107,556800.000000,5
1425540694989326,748800.000000,0
1425540694990368,748800.000000,1
1425540694991357,748800.000000,2
1425540694992399,748800.000000,3
1425540694993389,748800.000000,4
1425540694994482,748800.000000,5
1425540702945420,1363200.000000,0
1425540702946514,1363200.000000,1
1425540702947243,1363200.000000,2
1425540702948024,1363200.000000,3
1425540702948805,1363200.000000,4
1425540702949482,1363200.000000,5
1425540718928857,1785600.000000,0
1425540718929326,1785600.000000,1
1425540718929795,1785600.000000,2
1425540718930107,1785600.000000,3
1425540718930576,1785600.000000,4
1425540718930993,1785600.000000,5
1425540736559326,556800.000000,0
1425540736559795,556800.000000,1
1425540736560107,556800.000000,2
1425540736560420,556800.000000,3
1425540736560732,556800.000000,4
1425540736561462,556800.000000,5
1425540781129430,1785600.000000,0
1425540781130680,1785600.000000,1
1425540781131670,1785600.000000,2
1425540781135576,1785600.000000,3
1425540781136514,1785600.000000,4
1425540781137451,1785600.000000,5
1425540782866514,556800.000000,0
1425540782866826,556800.000000,1
1425540782867139,556800.000000,2
1425540782867451,556800.000000,3
1425540782867764,556800.000000,4
1425540782868180,556800.000000,5
1425540799155264,1363200.000000,0
1425540799156514,1363200.000000,1
1425540799157555,1363200.000000,2
1425540799158493,1363200.000000,3
1425540799159482,1363200.000000,4
1425540799160524,1363200.000000,5
1425540813863701,1555200.000000,0
1425540813864170,1555200.000000,1
1425540813864639,1555200.000000,2
1425540813865055,1555200.000000,3
1425540813865420,1555200.000000,4
1425540813865889,1555200.000000,5
1425540814924118,1785600.000000,0
1425540814924482,1785600.000000,1
1425540814924795,1785600.000000,2
1425540814925212,1785600.000000,3
1425540814925576,1785600.000000,4
1425540814925889,1785600.000000,5
1425540832951982,556800.000000,0
1425540832952555,556800.000000,1
1425540832953337,556800.000000,2
1425540832954639,556800.000000,3
1425540832955837,556800.000000,4
1425540832957087,556800.000000,5
1425540881133701,1785600.000000,0
1425540881134951,1785600.000000,1
1425540881135889,1785600.000000,2
1425540881136826,1785600.000000,3
1425540881137920,1785600.000000,4
1425540881138962,1785600.000000,5
1425540894776201,1996800.000000,0
1425540894776670,1996800.000000,1
1425540894777139,1996800.000000,2
1425540894777555,1996800.000000,3
1425540894777920,1996800.000000,4
1425540894778337,1996800.000000,5
1425540916903805,960000.000000,0
1425540916904274,960000.000000,1
1425540916904639,960000.000000,2
1425540916904951,960000.000000,3
1425540916905264,960000.000000,4
1425540916905732,960000.000000,5
1425540937887243,556800.000000,0
1425540937888701,556800.000000,1
1425540937890055,556800.000000,2
1425540937891357,556800.000000,3
1425540937892555,556800.000000,4
1425540937893701,556800.000000,5
1425540981242920,960000.000000,0
1425540981244118,960000.000000,1
1425540981245107,960000.000000,2
1425540981246045,960000.000000,3
1425540981247086,960000.000000,4
1425540981248076,960000.000000,5
1425540990811618,748800.000000,0
1425540990812764,748800.000000,1
1425540990813701,748800.000000,2
1425540990814795,748800.000000,3
1425540990815732,748800.000000,4
1425540990816670,748800.000000,5
1425541008923857,1363200.000000,0
1425541008925211,1363200.000000,1
1425541008925889,1363200.000000,2
1425541008926618,1363200.000000,3
1425541008927399,1363200.000000,4
1425541008928076,1363200.000000,5
1425541023127868,960000.000000,0
1425541023128389,960000.000000,1
1425541023128857,960000.000000,2
1425541023129430,960000.000000,3
1425541023129951,960000.000000,4
1425541023130680,960000.000000,5
1425541039387139,556800.000000,0
1425541039388649,556800.000000,1
1425541039389951,556800.000000,2
1425541039391201,556800.000000,3
1425541039392451,556800.000000,4
1425541039393701,556800.000000,5
1425541055792295,748800.000000,0
1425541055793701,748800.000000,1
1425541055794951,748800.000000,2
1425541055796201,748800.000000,3
1425541055797607,748800.000000,4
1425541055798961,748800.000000,5
1425541076666826,556800.000000,0
1425541076668076,556800.000000,1
1425541076669014,556800.000000,2
1425541076669951,556800.000000,3
1425541076671045,556800.000000,4
1425541076671982,556800.000000,5
1425541081749118,960000.000000,0
1425541081750264,960000.000000,1
1425541081751201,960000.000000,2
1425541081752139,960000.000000,3
1425541081753180,960000.000000,4
1425541081754170,960000.000000,5
1425541088672711,748800.000000,0
1425541088673545,748800.000000,1
1425541088674482,748800.000000,2
1425541088675368,748800.000000,3
1425541088676201,748800.000000,4
1425541088677139,748800.000000,5
1425541103047920,1363200.000000,0
1425541103049014,1363200.000000,1
1425541103050107,1363200.000000,2
1425541103051045,1363200.000000,3
1425541103051930,1363200.000000,4
1425541103052868,1363200.000000,5
1425541120865420,1152000.000000,0
1425541120865993,1152000.000000,1
1425541120866514,1152000.000000,2
1425541120866982,1152000.000000,3
1425541120867607,1152000.000000,4
1425541120868232,1152000.000000,5
1425541138968076,556800.000000,0
1425541138969482,556800.000000,1
1425541138970732,556800.000000,2
1425541138971982,556800.000000,3
1425541138973336,556800.000000,4
1425541138974743,556800.000000,5
1425541181193805,1152000.000000,0
1425541181194951,1152000.000000,1
1425541181196045,1152000.000000,2
1425541181197086,1152000.000000,3
1425541181198180,1152000.000000,4
1425541181199170,1152000.000000,5
1425541183110888,556800.000000,0
1425541183111618,556800.000000,1
1425541183112920,556800.000000,2
1425541183114170,556800.000000,3
1425541183115576,556800.000000,4
1425541183116930,556800.000000,5
1425541199160576,1363200.000000,0
1425541199161826,1363200.000000,1
1425541199162763,1363200.000000,2
1425541199163857,1363200.000000,3
1425541199164795,1363200.000000,4
1425541199165888,1363200.000000,5
1425541214181826,1555200.000000,0
1425541214182243,1555200.000000,1
1425541214182607,1555200.000000,2
1425541214183076,1555200.000000,3
1425541214183493,1555200.000000,4
1425541214183857,1555200.000000,5
1425541215470263,1785600.000000,0
1425541215470732,1785600.000000,1
1425541215471045,1785600.000000,2
1425541215471357,1785600.000000,3
1425541215471774,1785600.000000,4
1425541215472138,1785600.000000,5
1425541239413649,556800.000000,0
1425541239414118,556800.000000,1
1425541239414482,556800.000000,2
1425541239414951,556800.000000,3
1425541239415420,556800.000000,4
1425541239416513,556800.000000,5
1425541281664430,1785600.000000,0
1425541281665576,1785600.000000,1
1425541281666618,1785600.000000,2
1425541281667555,1785600.000000,3
1425541281668649,1785600.000000,4
1425541281669638,1785600.000000,5
1425541295906305,1996800.000000,0
1425541295906670,1996800.000000,1
1425541295908076,1996800.000000,2
1425541295908388,1996800.000000,3
1425541295908701,1996800.000000,4
1425541295909013,1996800.000000,5
1425541312924326,960000.000000,0
1425541312924638,960000.000000,1
1425541312924951,960000.000000,2
1425541312925263,960000.000000,3
1425541312925576,960000.000000,4
1425541312926045,960000.000000,5
1425541336996982,556800.000000,0
1425541336998545,556800.000000,1
1425541336999795,556800.000000,2
1425541337001149,556800.000000,3
1425541337002451,556800.000000,4
1425541337003701,556800.000000,5
1425541381628857,960000.000000,0
1425541381629951,960000.000000,1
1425541381631045,960000.000000,2
1425541381632086,960000.000000,3
1425541381633076,960000.000000,4
1425541381634013,960000.000000,5
1425541390968857,748800.000000,0
1425541390969743,748800.000000,1
1425541390970576,748800.000000,2
1425541390971513,748800.000000,3
1425541390972451,748800.000000,4
1425541390973388,748800.000000,5
1425541406980524,1363200.000000,0
1425541406981357,1363200.000000,1
1425541406982138,1363200.000000,2
1425541406982920,1363200.000000,3
1425541406983805,1363200.000000,4
1425541406984638,1363200.000000,5
1425541424971461,748800.000000,0
1425541424972451,748800.000000,1
1425541424973388,748800.000000,2
1425541424974326,748800.000000,3
1425541424975368,748800.000000,4
1425541424976305,748800.000000,5
1425541439549795,556800.000000,0
1425541439551305,556800.000000,1
1425541439552555,556800.000000,2
1425541439553805,556800.000000,3
1425541439555211,556800.000000,4
1425541439556461,556800.000000,5
1425541481827868,748800.000000,0
1425541481829013,748800.000000,1
1425541481830107,748800.000000,2
1425541481831149,748800.000000,3
1425541481832138,748800.000000,4
1425541481833232,748800.000000,5
1425541488878388,556800.000000,0
1425541488879170,556800.000000,1
1425541488880107,556800.000000,2
1425541488881149,556800.000000,3
1425541488882138,556800.000000,4
1425541488883076,556800.000000,5
1425541497029743,748800.000000,0
1425541497030888,748800.000000,1
1425541497031930,748800.000000,2
1425541497032920,748800.000000,3
1425541497034170,748800.000000,4
1425541497035263,748800.000000,5
1425541497443961,556800.000000,0
1425541497444795,556800.000000,1
1425541497445576,556800.000000,2
1425541497446513,556800.000000,3
1425541497447711,556800.000000,4
1425541497448701,556800.000000,5
1425541498696513,748800.000000,0
1425541498698076,748800.000000,1
1425541498699326,748800.000000,2
1425541498700524,748800.000000,3
1425541498701982,748800.000000,4
1425541498703232,748800.000000,5
1425541504879795,1363200.000000,0
1425541504880576,1363200.000000,1
1425541504881357,1363200.000000,2
1425541504882138,1363200.000000,3
1425541504882920,1363200.000000,4
1425541504883701,1363200.000000,5
1425541551107607,748800.000000,0
1425541551108701,748800.000000,1
1425541551109743,748800.000000,2
1425541551110732,748800.000000,3
1425541551111670,748800.000000,4
1425541551112607,748800.000000,5
1425541573640732,556800.000000,0
1425541573641930,556800.000000,1
1425541573643388,556800.000000,2
1425541573644743,556800.000000,3
1425541573645993,556800.000000,4
1425541573647295,556800.000000,5
1425541579220368,1785600.000000,0
1425541579221513,1785600.000000,1
1425541579222451,1785600.000000,2
1425541579223493,1785600.000000,3
1425541579224482,1785600.000000,4
1425541579225420,1785600.000000,5
1425541582750368,556800.000000,0
1425541582750732,556800.000000,1
1425541582751045,556800.000000,2
1425541582751357,556800.000000,3
1425541582751670,556800.000000,4
1425541582751982,556800.000000,5
1425541598804795,1363200.000000,0
1425541598806045,1363200.000000,1
1425541598807295,1363200.000000,2
1425541598808388,1363200.000000,3
1425541598809326,1363200.000000,4
1425541598810367,1363200.000000,5
1425541615823857,1785600.000000,0
1425541615824326,1785600.000000,1
1425541615824795,1785600.000000,2
1425541615825263,1785600.000000,3
1425541615825680,1785600.000000,4
1425541615826045,1785600.000000,5
1425541624168024,1555200.000000,0
1425541624168492,1555200.000000,1
1425541624168961,1555200.000000,2
1425541624169430,1555200.000000,3
1425541624169899,1555200.000000,4
1425541624170367,1555200.000000,5
1425541624857607,1785600.000000,0
1425541624858024,1785600.000000,1
1425541624858388,1785600.000000,2
1425541624858701,1785600.000000,3
1425541624859013,1785600.000000,4
1425541624859430,1785600.000000,5
1425541631001826,1555200.000000,0
1425541631002138,1555200.000000,1
1425541631002451,1555200.000000,2
1425541631002763,1555200.000000,3
1425541631003076,1555200.000000,4
1425541631003388,1555200.000000,5
1425541647211826,556800.000000,0
1425541647212295,556800.000000,1
1425541647212607,556800.000000,2
1425541647213076,556800.000000,3
1425541647213492,556800.000000,4
1425541647214274,556800.000000,5
1425541662594899,2745600.000000,0
1425541662596045,2745600.000000,1
1425541662596982,2745600.000000,2
1425541662598076,2745600.000000,3
1425541662599013,2745600.000000,4
1425541662600107,2745600.000000,5
1425541681948805,556800.000000,0
1425541681949013,556800.000000,1
1425541681949274,556800.000000,2
1425541681949430,556800.000000,3
1425541681949638,556800.000000,4
1425541681949795,556800.000000,5
1425541694791201,748800.000000,0
1425541694792763,748800.000000,1
1425541694794170,748800.000000,2
1425541694795524,748800.000000,3
1425541694796670,748800.000000,4
1425541694797920,748800.000000,5
1425541707872086,960000.000000,0
1425541707873024,960000.000000,1
1425541707873961,960000.000000,2
1425541707874899,960000.000000,3
1425541707875888,960000.000000,4
1425541707876982,960000.000000,5
1425541712869013,1363200.000000,0
1425541712870367,1363200.000000,1
1425541712870888,1363200.000000,2
1425541712871513,1363200.000000,3
1425541712872086,1363200.000000,4
1425541712872711,1363200.000000,5
1425541728875055,1152000.000000,0
1425541728875576,1152000.000000,1
1425541728876045,1152000.000000,2
1425541728876670,1152000.000000,3
1425541728877242,1152000.000000,4
1425541728877920,1152000.000000,5
1425541742796045,556800.000000,0
1425541742796774,556800.000000,1
1425541742798024,556800.000000,2
1425541742799274,556800.000000,3
1425541742800524,556800.000000,4
1425541742801930,556800.000000,5
1425541747444326,748800.000000,0
1425541747445888,748800.000000,1
1425541747447086,748800.000000,2
1425541747448336,748800.000000,3
1425541747449638,748800.000000,4
1425541747450992,748800.000000,5
1425541748429586,556800.000000,0
1425541748430680,556800.000000,1
1425541748431774,556800.000000,2
1425541748432763,556800.000000,3
1425541748433857,556800.000000,4
1425541748434951,556800.000000,5
1425541749666357,748800.000000,0
1425541749667763,748800.000000,1
1425541749669013,748800.000000,2
1425541749670263,748800.000000,3
1425541749671617,748800.000000,4
1425541749672867,748800.000000,5
1425541750046826,556800.000000,0
1425541750047607,556800.000000,1
1425541750048545,556800.000000,2
1425541750049326,556800.000000,3
1425541750050420,556800.000000,4
1425541750051513,556800.000000,5
1425541758650420,748800.000000,0
1425541758651826,748800.000000,1
1425541758653076,748800.000000,2
1425541758654430,748800.000000,3
1425541758655732,748800.000000,4
1425541758656982,748800.000000,5
1425541781330107,1152000.000000,0
1425541781330992,1152000.000000,1
1425541781331774,1152000.000000,2
1425541781332451,1152000.000000,3
1425541781333232,1152000.000000,4
1425541781334013,1152000.000000,5
1425541790841513,960000.000000,0
1425541790842138,960000.000000,1
1425541790842920,960000.000000,2
1425541790843701,960000.000000,3
1425541790844482,960000.000000,4
1425541790845211,960000.000000,5
1425541806821617,1363200.000000,0
1425541806822451,1363200.000000,1
1425541806823180,1363200.000000,2
1425541806823961,1363200.000000,3
1425541806824638,1363200.000000,4
1425541806825419,1363200.000000,5
1425541824887086,556800.000000,0
1425541824887607,556800.000000,1
1425541824888076,556800.000000,2
1425541824888857,556800.000000,3
1425541824890107,556800.000000,4
1425541824891461,556800.000000,5
1425541898991982,748800.000000,0
1425541898993232,748800.000000,1
1425541898994638,748800.000000,2
1425541898995680,748800.000000,3
1425541898996669,748800.000000,4
1425541898997711,748800.000000,5
1425541899877919,556800.000000,0
1425541899878961,556800.000000,1
1425541899879951,556800.000000,2
1425541899881044,556800.000000,3
1425541899882294,556800.000000,4
1425541899883336,556800.000000,5
1425541900269482,748800.000000,0
1425541900270576,748800.000000,1
1425541900271513,748800.000000,2
1425541900272555,748800.000000,3
1425541900273544,748800.000000,4
1425541900274482,748800.000000,5
1425541903182451,1363200.000000,0
1425541903183544,1363200.000000,1
1425541903184482,1363200.000000,2
1425541903185419,1363200.000000,3
1425541903186513,1363200.000000,4
1425541903187399,1363200.000000,5
1425541920846044,1555200.000000,0
1425541920846617,1555200.000000,1
1425541920847138,1555200.000000,2
1425541920847711,1555200.000000,3
1425541920848180,1555200.000000,4
1425541920848701,1555200.000000,5
1425541942994169,556800.000000,0
1425541942994638,556800.000000,1
1425541942995419,556800.000000,2
1425541942996669,556800.000000,3
1425541942998076,556800.000000,4
1425541942999430,556800.000000,5
1425541947295888,748800.000000,0
1425541947297242,748800.000000,1
1425541947298388,748800.000000,2
1425541947299638,748800.000000,3
1425541947301149,748800.000000,4
1425541947302451,748800.000000,5
1425541950920263,556800.000000,0
1425541950921461,556800.000000,1
1425541950922451,556800.000000,2
1425541950923544,556800.000000,3
1425541950924482,556800.000000,4
1425541950925419,556800.000000,5
1425541981494169,1555200.000000,0
1425541981495419,1555200.000000,1
1425541981496513,1555200.000000,2
1425541981497607,1555200.000000,3
1425541981498701,1555200.000000,4
1425541981499742,1555200.000000,5
1425541984931826,556800.000000,0
1425541984932294,556800.000000,1
1425541984932607,556800.000000,2
1425541984932919,556800.000000,3
1425541984933336,556800.000000,4
1425541984933701,556800.000000,5
1425541997049482,960000.000000,0
1425541997050992,960000.000000,1
1425541997052138,960000.000000,2
1425541997053388,960000.000000,3
1425541997054638,960000.000000,4
1425541997055888,960000.000000,5
1425541998890888,1363200.000000,0
1425541998891669,1363200.000000,1
1425541998892294,1363200.000000,2
1425541998892919,1363200.000000,3
1425541998893492,1363200.000000,4
1425541998894117,1363200.000000,5
1425542014823180,1555200.000000,0
1425542014823701,1555200.000000,1
1425542014824117,1555200.000000,2
1425542014824482,1555200.000000,3
1425542014824951,1555200.000000,4
1425542014825419,1555200.000000,5
1425542034099482,556800.000000,0
1425542034100888,556800.000000,1
1425542034102086,556800.000000,2
1425542034103336,556800.000000,3
1425542034104638,556800.000000,4
1425542034105836,556800.000000,5
1425542081414326,1555200.000000,0
1425542081415524,1555200.000000,1
1425542081416513,1555200.000000,2
1425542081417451,1555200.000000,3
1425542081418544,1555200.000000,4
1425542081419586,1555200.000000,5
1425542094766826,1785600.000000,0
1425542094767399,1785600.000000,1
1425542094767763,1785600.000000,2
1425542094768232,1785600.000000,3
1425542094768701,1785600.000000,4
1425542094769169,1785600.000000,5
1425542112929794,1152000.000000,0
1425542112930263,1152000.000000,1
1425542112930888,1152000.000000,2
1425542112931513,1152000.000000,3
1425542112932138,1152000.000000,4
1425542112932763,1152000.000000,5
1425542144253232,556800.000000,0
1425542144254638,556800.000000,1
1425542144255888,556800.000000,2
1425542144257242,556800.000000,3
1425542144258544,556800.000000,4
1425542144259794,556800.000000,5
1425542162800576,748800.000000,0
1425542162801774,748800.000000,1
1425542162802763,748800.000000,2
1425542162803701,748800.000000,3
1425542162804794,748800.000000,4
1425542162805836,748800.000000,5
1425542181137451,1152000.000000,0
1425542181138336,1152000.000000,1
1425542181139117,1152000.000000,2
1425542181139794,1152000.000000,3
1425542181140576,1152000.000000,4
1425542181141357,1152000.000000,5
1425542200836044,2745600.000000,0
1425542200836826,2745600.000000,1
1425542200837451,2745600.000000,2
1425542200838076,2745600.000000,3
1425542200838701,2745600.000000,4
1425542200839274,2745600.000000,5
1425542202866357,1152000.000000,0
1425542202866669,1152000.000000,1
1425542202866826,1152000.000000,2
1425542202866982,1152000.000000,3
1425542202867242,1152000.000000,4
1425542202867451,1152000.000000,5
1425542207322086,1785600.000000,0
1425542207322555,1785600.000000,1
1425542207323024,1785600.000000,2
1425542207323492,1785600.000000,3
1425542207324013,1785600.000000,4
1425542207324482,1785600.000000,5
1425542216964326,1555200.000000,0
1425542216964638,1555200.000000,1
1425542216964951,1555200.000000,2
1425542216965263,1555200.000000,3
1425542216965680,1555200.000000,4
1425542216965992,1555200.000000,5
1425542220631044,1785600.000000,0
1425542220631461,1785600.000000,1
1425542220631826,1785600.000000,2
1425542220632138,1785600.000000,3
1425542220632555,1785600.000000,4
1425542220632919,1785600.000000,5
1425542222969951,556800.000000,0
1425542222970367,556800.000000,1
1425542222970732,556800.000000,2
1425542222971774,556800.000000,3
1425542222973024,556800.000000,4
1425542222974482,556800.000000,5
1425542281911930,1785600.000000,0
1425542281913076,1785600.000000,1
1425542281914013,1785600.000000,2
1425542281915107,1785600.000000,3
1425542281916148,1785600.000000,4
1425542281917086,1785600.000000,5
1425542288864482,748800.000000,0
1425542288864794,748800.000000,1
1425542288865107,748800.000000,2
1425542288865419,748800.000000,3
1425542288865732,748800.000000,4
1425542288866044,748800.000000,5
1425542304878388,1363200.000000,0
1425542304879482,1363200.000000,1
1425542304880263,1363200.000000,2
1425542304880888,1363200.000000,3
1425542304881669,1363200.000000,4
1425542304882451,1363200.000000,5
1425542320965576,1152000.000000,0
1425542320966357,1152000.000000,1
1425542320966930,1152000.000000,2
1425542320967555,1152000.000000,3
1425542320968180,1152000.000000,4
1425542320968805,1152000.000000,5
1425542334947919,556800.000000,0
1425542334949482,556800.000000,1
1425542334950732,556800.000000,2
1425542334951930,556800.000000,3
1425542334953180,556800.000000,4
1425542334954430,556800.000000,5
1425542381850680,960000.000000,0
1425542381851826,960000.000000,1
1425542381852867,960000.000000,2
1425542381853961,960000.000000,3
1425542381854898,960000.000000,4
1425542381855888,960000.000000,5
1425542384918805,556800.000000,0
1425542384919482,556800.000000,1
1425542384920055,556800.000000,2
1425542384920576,556800.000000,3
1425542384921513,556800.000000,4
1425542384922451,556800.000000,5
1425542398788388,1363200.000000,0
1425542398789951,1363200.000000,1
1425542398791305,1363200.000000,2
1425542398792555,1363200.000000,3
1425542398793701,1363200.000000,4
1425542398795055,1363200.000000,5
1425542415027607,1785600.000000,0
1425542415028023,1785600.000000,1
1425542415028388,1785600.000000,2
1425542415028857,1785600.000000,3
1425542415029273,1785600.000000,4
1425542415029638,1785600.000000,5
1425542429323232,1555200.000000,0
1425542429323701,1555200.000000,1
1425542429324117,1555200.000000,2
1425542429324482,1555200.000000,3
1425542429324898,1555200.000000,4
1425542429325263,1555200.000000,5
1425542432845211,556800.000000,0
1425542432845680,556800.000000,1
1425542432846148,556800.000000,2
1425542432846617,556800.000000,3
1425542432847086,556800.000000,4
1425542432847555,556800.000000,5
1425542481237763,1785600.000000,0
1425542481239013,1785600.000000,1
1425542481240107,1785600.000000,2
1425542481241148,1785600.000000,3
1425542481242138,1785600.000000,4
1425542481243180,1785600.000000,5
1425542496016669,1996800.000000,0
1425542496017138,1996800.000000,1
1425542496017450,1996800.000000,2
1425542496017763,1996800.000000,3
1425542496018075,1996800.000000,4
1425542496018388,1996800.000000,5
1425542505925263,1555200.000000,0
1425542505925575,1555200.000000,1
1425542505925836,1555200.000000,2
1425542505926044,1555200.000000,3
1425542505926357,1555200.000000,4
1425542505926669,1555200.000000,5
1425542506151825,1996800.000000,0
1425542506152242,1996800.000000,1
1425542506152607,1996800.000000,2
1425542506152919,1996800.000000,3
1425542506153336,1996800.000000,4
1425542506153700,1996800.000000,5
1425542506166200,1555200.000000,0
1425542506166669,1555200.000000,1
1425542506166982,1555200.000000,2
1425542506167398,1555200.000000,3
1425542506167763,1555200.000000,4
1425542506168075,1555200.000000,5
1425542511013805,1152000.000000,0
1425542511014169,1152000.000000,1
1425542511014482,1152000.000000,2
1425542511014898,1152000.000000,3
1425542511015263,1152000.000000,4
1425542511015575,1152000.000000,5
1425542534646513,556800.000000,0
1425542534647919,556800.000000,1
1425542534649169,556800.000000,2
1425542534650523,556800.000000,3
1425542534651825,556800.000000,4
1425542534653232,556800.000000,5
1425542564091148,748800.000000,0
1425542564092555,748800.000000,1
1425542564096669,748800.000000,2
1425542564097867,748800.000000,3
1425542564099169,748800.000000,4
1425542564100523,748800.000000,5
1425542581405211,960000.000000,0
1425542581406044,960000.000000,1
1425542581406825,960000.000000,2
1425542581407607,960000.000000,3
1425542581408232,960000.000000,4
1425542581409013,960000.000000,5
1425542591000575,1363200.000000,0
1425542591001200,1363200.000000,1
1425542591001825,1363200.000000,2
1425542591002398,1363200.000000,3
1425542591002919,1363200.000000,4
1425542591003492,1363200.000000,5
1425542608032450,1785600.000000,0
1425542608033023,1785600.000000,1
1425542608033544,1785600.000000,2
1425542608034013,1785600.000000,3
1425542608034430,1785600.000000,4
1425542608034898,1785600.000000,5
1425542624194169,1555200.000000,0
1425542624194482,1555200.000000,1
1425542624194794,1555200.000000,2
1425542624195107,1555200.000000,3
1425542624195419,1555200.000000,4
1425542624195732,1555200.000000,5
1425542625055107,3532800.000000,0
1425542625055523,3532800.000000,1
1425542625055836,3532800.000000,2
1425542625056200,3532800.000000,3
1425542625056513,3532800.000000,4
1425542625056930,3532800.000000,5
1425542636886200,2745600.000000,0
1425542636886357,2745600.000000,1
1425542636886513,2745600.000000,2
1425542636886669,2745600.000000,3
1425542636886825,2745600.000000,4
1425542636886982,2745600.000000,5
1425542640913857,556800.000000,0
1425542640914117,556800.000000,1
1425542640914325,556800.000000,2
1425542640914482,556800.000000,3
1425542640914742,556800.000000,4
1425542640914950,556800.000000,5
1425542650167138,1555200.000000,0
1425542650168544,1555200.000000,1
1425542650169742,1555200.000000,2
1425542650171044,1555200.000000,3
1425542650172398,1555200.000000,4
1425542650173648,1555200.000000,5
1425542651353857,556800.000000,0
1425542651354430,556800.000000,1
1425542651354794,556800.000000,2
1425542651355107,556800.000000,3
1425542651355523,556800.000000,4
1425542651356200,556800.000000,5
1425542651489950,1555200.000000,0
1425542651491200,1555200.000000,1
1425542651492138,1555200.000000,2
1425542651493180,1555200.000000,3
1425542651494169,1555200.000000,4
1425542651495263,1555200.000000,5
1425542656106982,748800.000000,0
1425542656107294,748800.000000,1
1425542656107711,748800.000000,2
1425542656108075,748800.000000,3
1425542656108388,748800.000000,4
1425542656108805,748800.000000,5
1425542672879898,1555200.000000,0
1425542672880888,1555200.000000,1
1425542672881669,1555200.000000,2
1425542672882450,1555200.000000,3
1425542672883075,1555200.000000,4
1425542672883857,1555200.000000,5
1425542696974794,2227200.000000,0
1425542696975263,2227200.000000,1
1425542696975732,2227200.000000,2
1425542696976200,2227200.000000,3
1425542696976669,2227200.000000,4
1425542696977138,2227200.000000,5
1425542697051044,1555200.000000,0
1425542697051617,1555200.000000,1
1425542697051825,1555200.000000,2
1425542697052242,1555200.000000,3
1425542697052555,1555200.000000,4
1425542697052867,1555200.000000,5
1425542697237138,1996800.000000,0
1425542697237607,1996800.000000,1
1425542697237919,1996800.000000,2
1425542697238336,1996800.000000,3
1425542697238700,1996800.000000,4
1425542697239013,1996800.000000,5
1425542700856200,2227200.000000,0
1425542700856513,2227200.000000,1
1425542700856825,2227200.000000,2
1425542700857086,2227200.000000,3
1425542700857398,2227200.000000,4
1425542700857607,2227200.000000,5
1425542704152138,1555200.000000,0
1425542704152607,1555200.000000,1
1425542704152867,1555200.000000,2
1425542704153180,1555200.000000,3
1425542704153700,1555200.000000,4
1425542704154169,1555200.000000,5
1425542704844273,1785600.000000,0
1425542704844898,1785600.000000,1
1425542704845367,1785600.000000,2
1425542704845992,1785600.000000,3
1425542704846357,1785600.000000,4
1425542704846825,1785600.000000,5
1425542704861305,2227200.000000,0
1425542704861773,2227200.000000,1
1425542704862242,2227200.000000,2
1425542704862607,2227200.000000,3
1425542704863075,2227200.000000,4
1425542704863544,2227200.000000,5
1425542704885575,1785600.000000,0
1425542704885992,1785600.000000,1
1425542704886357,1785600.000000,2
1425542704886669,1785600.000000,3
1425542704886982,1785600.000000,4
1425542704887450,1785600.000000,5
1425542705669950,2227200.000000,0
1425542705670263,2227200.000000,1
1425542705670680,2227200.000000,2
1425542705670992,2227200.000000,3
1425542705671305,2227200.000000,4
1425542705671617,2227200.000000,5
1425542705900211,1785600.000000,0
1425542705900575,1785600.000000,1
1425542705900836,1785600.000000,2
1425542705901044,1785600.000000,3
1425542705901357,1785600.000000,4
1425542705901617,1785600.000000,5
1425542706155419,2227200.000000,0
1425542706155732,2227200.000000,1
1425542706156044,2227200.000000,2
1425542706156461,2227200.000000,3
1425542706156773,2227200.000000,4
1425542706156982,2227200.000000,5
1425542709424013,1996800.000000,0
1425542709424325,1996800.000000,1
1425542709424586,1996800.000000,2
1425542709424794,1996800.000000,3
1425542709425107,1996800.000000,4
1425542709426200,1996800.000000,5
1425542709521513,2227200.000000,0
1425542709521825,2227200.000000,1
1425542709522086,2227200.000000,2
1425542709522398,2227200.000000,3
1425542709522607,2227200.000000,4
1425542709522919,2227200.000000,5
1425542709531669,1996800.000000,0
1425542709531982,1996800.000000,1
1425542709532398,1996800.000000,2
1425542709532711,1996800.000000,3
1425542709533075,1996800.000000,4
1425542709533388,1996800.000000,5
1425542709539482,2227200.000000,0
1425542709539794,2227200.000000,1
1425542709540107,2227200.000000,2
1425542709540419,2227200.000000,3
1425542709540680,2227200.000000,4
1425542709540992,2227200.000000,5
1425542709549586,1996800.000000,0
1425542709549898,1996800.000000,1
1425542709550107,1996800.000000,2
1425542709550367,1996800.000000,3
1425542709550575,1996800.000000,4
1425542709550888,1996800.000000,5
1425542709584950,2227200.000000,0
1425542709585263,2227200.000000,1
1425542709585575,2227200.000000,2
1425542709585888,2227200.000000,3
1425542709586200,2227200.000000,4
1425542709586461,2227200.000000,5
1425542722482763,1555200.000000,0
1425542722483075,1555200.000000,1
1425542722483388,1555200.000000,2
1425542722483648,1555200.000000,3
1425542722483857,1555200.000000,4
1425542722484169,1555200.000000,5
1425542722657919,2227200.000000,0
1425542722658336,2227200.000000,1
1425542722658648,2227200.000000,2
1425542722659013,2227200.000000,3
1425542722659325,2227200.000000,4
1425542722659638,2227200.000000,5
1425542728835732,2745600.000000,0
1425542728836148,2745600.000000,1
1425542728836461,2745600.000000,2
1425542728836773,2745600.000000,3
1425542728837086,2745600.000000,4
1425542728837398,2745600.000000,5
1425542736866513,960000.000000,0
1425542736866825,960000.000000,1
1425542736866982,960000.000000,2
1425542736867294,960000.000000,3
1425542736867555,960000.000000,4
1425542736867763,960000.000000,5
1425542751024898,556800.000000,0
1425542751026200,556800.000000,1
1425542751027398,556800.000000,2
1425542751028544,556800.000000,3
1425542751029950,556800.000000,4
1425542751031200,556800.000000,5
1425542765516305,1363200.000000,0
1425542765517607,1363200.000000,1
1425542765518544,1363200.000000,2
1425542765519638,1363200.000000,3
1425542765520575,1363200.000000,4
1425542765521513,1363200.000000,5
1425542767299586,556800.000000,0
1425542767300055,556800.000000,1
1425542767300419,556800.000000,2
1425542767300836,556800.000000,3
1425542767301200,556800.000000,4
1425542767301669,556800.000000,5
1425542781545211,2227200.000000,0
1425542781546461,2227200.000000,1
1425542781547450,2227200.000000,2
1425542781548388,2227200.000000,3
1425542781549430,2227200.000000,4
1425542781550523,2227200.000000,5
1425542782792138,1363200.000000,0
1425542782792555,1363200.000000,1
1425542782792763,1363200.000000,2
1425542782793075,1363200.000000,3
1425542782793492,1363200.000000,4
1425542782793805,1363200.000000,5
1425542799225836,1785600.000000,0
1425542799226357,1785600.000000,1
1425542799226825,1785600.000000,2
1425542799227398,1785600.000000,3
1425542799227919,1785600.000000,4
1425542799228388,1785600.000000,5
1425542832897763,556800.000000,0
1425542832898075,556800.000000,1
1425542832898388,556800.000000,2
1425542832898700,556800.000000,3
1425542832899273,556800.000000,4
1425542832900107,556800.000000,5
1425542866735263,748800.000000,0
1425542866736669,748800.000000,1
1425542866737919,748800.000000,2
1425542866739169,748800.000000,3
1425542866740419,748800.000000,4
1425542866741825,748800.000000,5
1425542867205263,1152000.000000,0
1425542867206200,1152000.000000,1
1425542867206982,1152000.000000,2
1425542867207763,1152000.000000,3
1425542867208544,1152000.000000,4
1425542867209325,1152000.000000,5
1425542868151200,1363200.000000,0
1425542868151825,1363200.000000,1
1425542868152294,1363200.000000,2
1425542868152763,1363200.000000,3
1425542868153232,1363200.000000,4
1425542868153700,1363200.000000,5
1425542880857763,1152000.000000,0
1425542880858232,1152000.000000,1
1425542880858700,1152000.000000,2
1425542880859117,1152000.000000,3
1425542880859482,1152000.000000,4
1425542880859950,1152000.000000,5
1425542890178857,1363200.000000,0
1425542890179430,1363200.000000,1
1425542890179898,1363200.000000,2
1425542890180419,1363200.000000,3
1425542890180888,1363200.000000,4
1425542890181357,1363200.000000,5
1425542928864898,1555200.000000,0
1425542928865419,1555200.000000,1
1425542928865836,1555200.000000,2
1425542928866200,1555200.000000,3
1425542928866617,1555200.000000,4
1425542928867086,1555200.000000,5
1425542936225888,3532800.000000,0
1425542936226200,3532800.000000,1
1425542936226617,3532800.000000,2
1425542936226982,3532800.000000,3
1425542936227294,3532800.000000,4
1425542936227607,3532800.000000,5
1425542936449325,1555200.000000,0
1425542936449482,1555200.000000,1
1425542936449638,1555200.000000,2
1425542936449794,1555200.000000,3
1425542936449950,1555200.000000,4
1425542936450107,1555200.000000,5
1425542936566044,1785600.000000,0
1425542936566513,1785600.000000,1
1425542936566825,1785600.000000,2
1425542936567294,1785600.000000,3
1425542936567607,1785600.000000,4
1425542936567919,1785600.000000,5
1425542944927294,1363200.000000,0
1425542944927763,1363200.000000,1
1425542944928075,1363200.000000,2
1425542944928388,1363200.000000,3
1425542944928700,1363200.000000,4
1425542944929013,1363200.000000,5
1425542959243961,748800.000000,0
1425542959244429,748800.000000,1
1425542959244794,748800.000000,2
1425542959245211,748800.000000,3
1425542959245575,748800.000000,4
1425542959246044,748800.000000,5
1425542959507398,1363200.000000,0
1425542959508544,1363200.000000,1
1425542959509586,1363200.000000,2
1425542959510523,1363200.000000,3
1425542959511513,1363200.000000,4
1425542959512450,1363200.000000,5
1425542976182919,1555200.000000,0
1425542976183492,1555200.000000,1
1425542976184013,1555200.000000,2
1425542976184482,1555200.000000,3
1425542976185107,1555200.000000,4
1425542976185575,1555200.000000,5
1425542996870732,3532800.000000,0
1425542996871200,3532800.000000,1
1425542996871669,3532800.000000,2
1425542996872086,3532800.000000,3
1425542996872607,3532800.000000,4
1425542996873023,3532800.000000,5
1425542996915523,1555200.000000,0
1425542996915888,1555200.000000,1
1425542996916200,1555200.000000,2
1425542996916617,1555200.000000,3
1425542996916982,1555200.000000,4
1425542996917294,1555200.000000,5
1425542997777919,3532800.000000,0
1425542997778336,3532800.000000,1
1425542997778700,3532800.000000,2
1425542997779117,3532800.000000,3
1425542997779482,3532800.000000,4
1425542997779794,3532800.000000,5
1425542997829013,1555200.000000,0
1425542997829429,1555200.000000,1
1425542997829794,1555200.000000,2
1425542997830211,1555200.000000,3
1425542997830575,1555200.000000,4
1425542997830888,1555200.000000,5
1425542997966044,3532800.000000,0
1425542997966513,3532800.000000,1
1425542997966825,3532800.000000,2
1425542997967138,3532800.000000,3
1425542997967554,3532800.000000,4
1425542997967919,3532800.000000,5
1425543000081982,1996800.000000,0
1425543000082242,1996800.000000,1
1425543000082398,1996800.000000,2
1425543000082554,1996800.000000,3
1425543000082711,1996800.000000,4
1425543000082867,1996800.000000,5
1425543000187294,1555200.000000,0
1425543000187607,1555200.000000,1
1425543000187919,1555200.000000,2
1425543000188388,1555200.000000,3
1425543000188648,1555200.000000,4
1425543000188857,1555200.000000,5
1425543000831513,1996800.000000,0
1425543000831982,1996800.000000,1
1425543000832450,1996800.000000,2
1425543000832919,1996800.000000,3
1425543000833388,1996800.000000,4
1425543000833857,1996800.000000,5
1425543004993492,2745600.000000,0
1425543004993857,2745600.000000,1
1425543004994169,2745600.000000,2
1425543004994482,2745600.000000,3
1425543004994898,2745600.000000,4
1425543004995263,2745600.000000,5
1425543008821513,3072000.000000,0
1425543008821825,3072000.000000,1
1425543008821982,3072000.000000,2
1425543008822242,3072000.000000,3
1425543008822450,3072000.000000,4
1425543008822711,3072000.000000,5
1425543008840107,1996800.000000,0
1425543008840367,1996800.000000,1
1425543008840575,1996800.000000,2
1425543008840732,1996800.000000,3
1425543008840992,1996800.000000,4
1425543008841200,1996800.000000,5
1425543024246200,1152000.000000,0
1425543024246617,1152000.000000,1
1425543024246929,1152000.000000,2
1425543024247294,1152000.000000,3
1425543024247607,1152000.000000,4
1425543024248023,1152000.000000,5
1425543049588961,556800.000000,0
1425543049590419,556800.000000,1
1425543049591669,556800.000000,2
1425543049593023,556800.000000,3
1425543049594273,556800.000000,4
1425543049595575,556800.000000,5
1425543067532554,1363200.000000,0
1425543067533961,1363200.000000,1
1425543067535263,1363200.000000,2
1425543067536513,1363200.000000,3
1425543067537763,1363200.000000,4
1425543067539013,1363200.000000,5
1425543071358023,556800.000000,0
1425543071358492,556800.000000,1
1425543071358961,556800.000000,2
1425543071359325,556800.000000,3
1425543071359898,556800.000000,4
1425543071360836,556800.000000,5
1425543081050575,2227200.000000,0
1425543081051773,2227200.000000,1
1425543081052763,2227200.000000,2
1425543081053857,2227200.000000,3
1425543081054898,2227200.000000,4
1425543081055888,2227200.000000,5
1425543085136044,1996800.000000,0
1425543085136304,1996800.000000,1
1425543085136513,1996800.000000,2
1425543085136825,1996800.000000,3
1425543085137086,1996800.000000,4
1425543085137294,1996800.000000,5
1425543086115054,1555200.000000,0
1425543086115367,1555200.000000,1
1425543086115575,1555200.000000,2
1425543086115888,1555200.000000,3
1425543086116200,1555200.000000,4
1425543086116461,1555200.000000,5
1425543086137607,1996800.000000,0
1425543086138179,1996800.000000,1
1425543086138648,1996800.000000,2
1425543086139013,1996800.000000,3
1425543086139482,1996800.000000,4
1425543086139950,1996800.000000,5
1425543087507711,1555200.000000,0
1425543087508023,1555200.000000,1
1425543087508336,1555200.000000,2
1425543087508648,1555200.000000,3
1425543087508857,1555200.000000,4
1425543087509169,1555200.000000,5
1425543088042919,1785600.000000,0
1425543088043388,1785600.000000,1
1425543088043804,1785600.000000,2
1425543088044169,1785600.000000,3
1425543088044482,1785600.000000,4
1425543088044794,1785600.000000,5
1425543101355575,1555200.000000,0
1425543101355992,1555200.000000,1
1425543101356304,1555200.000000,2
1425543101356617,1555200.000000,3
1425543101356929,1555200.000000,4
1425543101357242,1555200.000000,5
1425543102790263,1152000.000000,0
1425543102790732,1152000.000000,1
1425543102791148,1152000.000000,2
1425543102791513,1152000.000000,3
1425543102791825,1152000.000000,4
1425543102792294,1152000.000000,5
1425543102818961,2227200.000000,0
1425543102819482,2227200.000000,1
1425543102820054,2227200.000000,2
1425543102820523,2227200.000000,3
1425543102821044,2227200.000000,4
1425543102821513,2227200.000000,5
1425543105850836,1555200.000000,0
1425543105851148,1555200.000000,1
1425543105851357,1555200.000000,2
1425543105851617,1555200.000000,3
1425543105851825,1555200.000000,4
1425543105852138,1555200.000000,5
1425543106033388,2227200.000000,0
1425543106033804,2227200.000000,1
1425543106034169,2227200.000000,2
1425543106034586,2227200.000000,3
1425543106034950,2227200.000000,4
1425543106035367,2227200.000000,5
1425543114947763,1555200.000000,0
1425543114948075,1555200.000000,1
1425543114948336,1555200.000000,2
1425543114948544,1555200.000000,3
1425543114948804,1555200.000000,4
1425543114949013,1555200.000000,5
1425543119656825,1785600.000000,0
1425543119657294,1785600.000000,1
1425543119657606,1785600.000000,2
1425543119658023,1785600.000000,3
1425543119658388,1785600.000000,4
1425543119658700,1785600.000000,5
1425543136926825,556800.000000,0
1425543136927242,556800.000000,1
1425543136927554,556800.000000,2
1425543136927867,556800.000000,3
1425543136928179,556800.000000,4
1425543136928804,556800.000000,5
1425543158989586,748800.000000,0
1425543158990992,748800.000000,1
1425543158992242,748800.000000,2
1425543158993544,748800.000000,3
1425543158994794,748800.000000,4
1425543158996044,748800.000000,5
1425543159362398,556800.000000,0
1425543159363231,556800.000000,1
1425543159364481,556800.000000,2
1425543159365575,556800.000000,3
1425543159366669,556800.000000,4
1425543159367606,556800.000000,5
1425543168499169,1555200.000000,0
1425543168500419,1555200.000000,1
1425543168501356,1555200.000000,2
1425543168502450,1555200.000000,3
1425543168503388,1555200.000000,4
1425543168504429,1555200.000000,5
1425543168785367,1785600.000000,0
1425543168785731,1785600.000000,1
1425543168786044,1785600.000000,2
1425543168786356,1785600.000000,3
1425543168786825,1785600.000000,4
1425543168787138,1785600.000000,5
1425543183092606,1555200.000000,0
1425543183092919,1555200.000000,1
1425543183093388,1555200.000000,2
1425543183093804,1555200.000000,3
1425543183094169,1555200.000000,4
1425543183094586,1555200.000000,5
1425543188183492,3532800.000000,0
1425543188183856,3532800.000000,1
1425543188184273,3532800.000000,2
1425543188184638,3532800.000000,3
1425543188184950,3532800.000000,4
1425543188185367,3532800.000000,5
1425543188261825,1555200.000000,0
1425543188262294,1555200.000000,1
1425543188262606,1555200.000000,2
1425543188263023,1555200.000000,3
1425543188263388,1555200.000000,4
1425543188263700,1555200.000000,5
1425543188842606,1996800.000000,0
1425543188843075,1996800.000000,1
1425543188843544,1996800.000000,2
1425543188844013,1996800.000000,3
1425543188844586,1996800.000000,4
1425543188845054,1996800.000000,5
1425543189103544,1555200.000000,0
1425543189103961,1555200.000000,1
1425543189104273,1555200.000000,2
1425543189104481,1555200.000000,3
1425543189104794,1555200.000000,4
1425543189105106,1555200.000000,5
1425543189160523,1996800.000000,0
1425543189160888,1996800.000000,1
1425543189161304,1996800.000000,2
1425543189161669,1996800.000000,3
1425543189161981,1996800.000000,4
1425543189162398,1996800.000000,5
1425543200174950,2400000.000000,0
1425543200175263,2400000.000000,1
1425543200175575,2400000.000000,2
1425543200175888,2400000.000000,3
1425543200176200,2400000.000000,4
1425543200176461,2400000.000000,5
1425543204909429,1555200.000000,0
1425543204909638,1555200.000000,1
1425543204909950,1555200.000000,2
1425543204910106,1555200.000000,3
1425543204910419,1555200.000000,4
1425543204910679,1555200.000000,5
1425543204972138,2400000.000000,0
1425543204972606,2400000.000000,1
1425543204972919,2400000.000000,2
1425543204973336,2400000.000000,3
1425543204973700,2400000.000000,4
1425543204975054,2400000.000000,5
1425543216883388,1555200.000000,0
1425543216883856,1555200.000000,1
1425543216884169,1555200.000000,2
1425543216884481,1555200.000000,3
1425543216884794,1555200.000000,4
1425543216885106,1555200.000000,5
1425543220826513,2400000.000000,0
1425543220826981,2400000.000000,1
1425543220827450,2400000.000000,2
1425543220827919,2400000.000000,3
1425543220828492,2400000.000000,4
1425543220828856,2400000.000000,5
1425543220849742,1555200.000000,0
1425543220850263,1555200.000000,1
1425543220850679,1555200.000000,2
1425543220851148,1555200.000000,3
1425543220851513,1555200.000000,4
1425543220851981,1555200.000000,5
1425543221024481,2400000.000000,0
1425543221024950,2400000.000000,1
1425543221025263,2400000.000000,2
1425543221025679,2400000.000000,3
1425543221026044,2400000.000000,4
1425543221026356,2400000.000000,5
1425543221044950,1555200.000000,0
1425543221045419,1555200.000000,1
1425543221045731,1555200.000000,2
1425543221046148,1555200.000000,3
1425543221046513,1555200.000000,4
1425543221046825,1555200.000000,5
1425543228455263,2400000.000000,0
1425543228455731,2400000.000000,1
1425543228456200,2400000.000000,2
1425543228456669,2400000.000000,3
1425543228457138,2400000.000000,4
1425543228457606,2400000.000000,5
1425543228501044,1555200.000000,0
1425543228501513,1555200.000000,1
1425543228501981,1555200.000000,2
1425543228502450,1555200.000000,3
1425543228502919,1555200.000000,4
1425543228503388,1555200.000000,5
1425543228678179,2400000.000000,0
1425543228678544,2400000.000000,1
1425543228678961,2400000.000000,2
1425543228679325,2400000.000000,3
1425543228679638,2400000.000000,4
1425543228679950,2400000.000000,5
1425543231145992,2227200.000000,0
1425543231146200,2227200.000000,1
1425543231146461,2227200.000000,2
1425543231146669,2227200.000000,3
1425543231146929,2227200.000000,4
1425543231147138,2227200.000000,5
1425543250384013,556800.000000,0
1425543250384429,556800.000000,1
1425543250384742,556800.000000,2
1425543250385054,556800.000000,3
1425543250385679,556800.000000,4
1425543250386825,556800.000000,5
1425543268335419,1555200.000000,0
1425543268339169,1555200.000000,1
1425543268340523,1555200.000000,2
1425543268341825,1555200.000000,3
1425543268343075,1555200.000000,4
1425543268344429,1555200.000000,5
1425543268526617,1996800.000000,0
1425543268526981,1996800.000000,1
1425543268527294,1996800.000000,2
1425543268527711,1996800.000000,3
1425543268528075,1996800.000000,4
1425543268528492,1996800.000000,5
1425543268695731,1555200.000000,0
1425543268696044,1555200.000000,1
1425543268696356,1555200.000000,2
1425543268696669,1555200.000000,3
1425543268696929,1555200.000000,4
1425543268697138,1555200.000000,5
1425543268777242,1996800.000000,0
1425543268777606,1996800.000000,1
1425543268778075,1996800.000000,2
1425543268778388,1996800.000000,3
1425543268778804,1996800.000000,4
1425543268779169,1996800.000000,5
1425543268893492,1555200.000000,0
1425543268893804,1555200.000000,1
1425543268894013,1555200.000000,2
1425543268894325,1555200.000000,3
1425543268894638,1555200.000000,4
1425543268895888,1555200.000000,5
1425543268995419,1996800.000000,0
1425543268995836,1996800.000000,1
1425543268996200,1996800.000000,2
1425543268996513,1996800.000000,3
1425543268996825,1996800.000000,4
1425543268997294,1996800.000000,5
1425543280849794,1555200.000000,0
1425543280850106,1555200.000000,1
1425543280850419,1555200.000000,2
1425543280850679,1555200.000000,3
1425543280850992,1555200.000000,4
1425543280851200,1555200.000000,5
1425543296869481,1785600.000000,0
1425543296870211,1785600.000000,1
1425543296870575,1785600.000000,2
1425543296870888,1785600.000000,3
1425543296871200,1785600.000000,4
1425543296871617,1785600.000000,5
1425543303045367,3532800.000000,0
1425543303045731,3532800.000000,1
1425543303046044,3532800.000000,2
1425543303046356,3532800.000000,3
1425543303046669,3532800.000000,4
1425543303046981,3532800.000000,5
1425543303099794,1785600.000000,0
1425543303100106,1785600.000000,1
1425543303100419,1785600.000000,2
1425543303100731,1785600.000000,3
1425543303101044,1785600.000000,4
1425543303101356,1785600.000000,5
1425543303262294,2227200.000000,0
1425543303262606,2227200.000000,1
1425543303262919,2227200.000000,2
1425543303263231,2227200.000000,3
1425543303263544,2227200.000000,4
1425543303263856,2227200.000000,5
1425543310995263,1996800.000000,0
1425543310995575,1996800.000000,1
1425543310995836,1996800.000000,2
1425543310996044,1996800.000000,3
1425543310996304,1996800.000000,4
1425543310996513,1996800.000000,5
1425543327589429,556800.000000,0
1425543327589898,556800.000000,1
1425543327591617,556800.000000,2
1425543327592606,556800.000000,3
1425543327593961,556800.000000,4
1425543327595211,556800.000000,5
1425543374443388,1152000.000000,0
1425543374444742,1152000.000000,1
1425543374445731,1152000.000000,2
1425543374446669,1152000.000000,3
1425543374447606,1152000.000000,4
1425543374448648,1152000.000000,5
1425543374588388,556800.000000,0
1425543374589638,556800.000000,1
1425543374590888,556800.000000,2
1425543374592242,556800.000000,3
1425543374593492,556800.000000,4
1425543374594742,556800.000000,5
1425543381086044,1363200.000000,0
1425543381087294,1363200.000000,1
1425543381088388,1363200.000000,2
1425543381089429,1363200.000000,3
1425543381090419,1363200.000000,4
1425543381091356,1363200.000000,5
1425543391553336,1152000.000000,0
1425543391553856,1152000.000000,1
1425543391554325,1152000.000000,2
1425543391554950,1152000.000000,3
1425543391555419,1152000.000000,4
1425543391556148,1152000.000000,5
1425543407462138,1555200.000000,0
1425543407462711,1555200.000000,1
1425543407463231,1555200.000000,2
1425543407463700,1555200.000000,3
1425543407464169,1555200.000000,4
1425543407464638,1555200.000000,5
1425543424914794,960000.000000,0
1425543424915263,960000.000000,1
1425543424915731,960000.000000,2
1425543424916461,960000.000000,3
1425543424917242,960000.000000,4
1425543424918856,960000.000000,5
1425543439522919,556800.000000,0
1425543439524325,556800.000000,1
1425543439525575,556800.000000,2
1425543439526825,556800.000000,3
1425543439528179,556800.000000,4
1425543439529429,556800.000000,5
1425543504890679,1363200.000000,0
1425543504891981,1363200.000000,1
1425543504892919,1363200.000000,2
1425543504893961,1363200.000000,3
1425543504894950,1363200.000000,4
1425543504895992,1363200.000000,5
1425543517877294,1555200.000000,0
1425543517877711,1555200.000000,1
1425543517878179,1555200.000000,2
1425543517878544,1555200.000000,3
1425543517879013,1555200.000000,4
1425543517879429,1555200.000000,5
1425543535732763,556800.000000,0
1425543535733179,556800.000000,1
1425543535733544,556800.000000,2
1425543535734169,556800.000000,3
1425543535735106,556800.000000,4
1425543535736148,556800.000000,5
1425543576026304,748800.000000,0
1425543576027710,748800.000000,1
1425543576028700,748800.000000,2
1425543576029794,748800.000000,3
1425543576030731,748800.000000,4
1425543576031825,748800.000000,5
1425543581270679,1555200.000000,0
1425543581271617,1555200.000000,1
1425543581272294,1555200.000000,2
1425543581273075,1555200.000000,3
1425543581273804,1555200.000000,4
1425543581274481,1555200.000000,5
1425543582795367,748800.000000,0
1425543582795835,748800.000000,1
1425543582796304,748800.000000,2
1425543582796773,748800.000000,3
1425543582797294,748800.000000,4
1425543582798075,748800.000000,5
1425543595245679,960000.000000,0
1425543595249013,960000.000000,1
1425543595249950,960000.000000,2
1425543595250992,960000.000000,3
1425543595251929,960000.000000,4
1425543595252867,960000.000000,5
1425543598153231,1152000.000000,0
1425543598154013,1152000.000000,1
1425543598154794,1152000.000000,2
1425543598155575,1152000.000000,3
1425543598156304,1152000.000000,4
1425543598156981,1152000.000000,5
1425543598945731,1363200.000000,0
1425543598946460,1363200.000000,1
1425543598946981,1363200.000000,2
1425543598947606,1363200.000000,3
1425543598948231,1363200.000000,4
1425543598948856,1363200.000000,5
1425543615730419,1555200.000000,0
1425543615730888,1555200.000000,1
1425543615732763,1555200.000000,2
1425543615733179,1555200.000000,3
1425543615733648,1555200.000000,4
1425543615734013,1555200.000000,5
1425543616336929,1785600.000000,0
1425543616337294,1785600.000000,1
1425543616337710,1785600.000000,2
1425543616338075,1785600.000000,3
1425543616338388,1785600.000000,4
1425543616338700,1785600.000000,5
1425543616384794,1555200.000000,0
1425543616385210,1555200.000000,1
1425543616385523,1555200.000000,2
1425543616385835,1555200.000000,3
1425543616386200,1555200.000000,4
1425543616387606,1555200.000000,5
1425543616708544,1785600.000000,0
1425543616708960,1785600.000000,1
1425543616709325,1785600.000000,2
1425543616709794,1785600.000000,3
1425543616710106,1785600.000000,4
1425543616710523,1785600.000000,5
1425543631403335,556800.000000,0
1425543631404169,556800.000000,1
1425543631405367,556800.000000,2
1425543631406617,556800.000000,3
1425543631407919,556800.000000,4
1425543631409169,556800.000000,5
1425543677619429,748800.000000,0
1425543677620888,748800.000000,1
1425543677622138,748800.000000,2
1425543677623492,748800.000000,3
1425543677624742,748800.000000,4
1425543677625992,748800.000000,5
1425543678080367,556800.000000,0
1425543678081044,556800.000000,1
1425543678082294,556800.000000,2
1425543678083335,556800.000000,3
1425543678084325,556800.000000,4
1425543678085263,556800.000000,5
1425543680572294,1363200.000000,0
1425543680573388,1363200.000000,1
1425543680574429,1363200.000000,2
1425543680575575,1363200.000000,3
1425543680576669,1363200.000000,4
1425543680577606,1363200.000000,5
1425543681306356,1555200.000000,0
1425543681306825,1555200.000000,1
1425543681307242,1555200.000000,2
1425543681307606,1555200.000000,3
1425543681308075,1555200.000000,4
1425543681308388,1555200.000000,5
1425543696850106,1785600.000000,0
1425543696850888,1785600.000000,1
1425543696851200,1785600.000000,2
1425543696851617,1785600.000000,3
1425543696851981,1785600.000000,4
1425543696852294,1785600.000000,5
1425543710773856,1363200.000000,0
1425543710774273,1363200.000000,1
1425543710774638,1363200.000000,2
1425543710775106,1363200.000000,3
1425543710775575,1363200.000000,4
1425543710776148,1363200.000000,5
1425543726766773,1555200.000000,0
1425543726767294,1555200.000000,1
1425543726767867,1555200.000000,2
1425543726768388,1555200.000000,3
1425543726768960,1555200.000000,4
1425543726769481,1555200.000000,5
1425543740901460,1785600.000000,0
1425543740901981,1785600.000000,1
1425543740902398,1785600.000000,2
1425543740902867,1785600.000000,3
1425543740903335,1785600.000000,4
1425543740903804,1785600.000000,5
1425543740937450,1555200.000000,0
1425543740937763,1555200.000000,1
1425543740938179,1555200.000000,2
1425543740938492,1555200.000000,3
1425543740938804,1555200.000000,4
1425543740939013,1555200.000000,5
1425543741358231,1996800.000000,0
1425543741358700,1996800.000000,1
1425543741359013,1996800.000000,2
1425543741359429,1996800.000000,3
1425543741359794,1996800.000000,4
1425543741360106,1996800.000000,5
1425543741420731,1555200.000000,0
1425543741421044,1555200.000000,1
1425543741421304,1555200.000000,2
1425543741421617,1555200.000000,3
1425543741421825,1555200.000000,4
1425543741422138,1555200.000000,5
1425543741587138,1785600.000000,0
1425543741587554,1785600.000000,1
1425543741587919,1785600.000000,2
1425543741588231,1785600.000000,3
1425543741588648,1785600.000000,4
1425543741589013,1785600.000000,5
1425543741621981,1555200.000000,0
1425543741622554,1555200.000000,1
1425543741622919,1555200.000000,2
1425543741623335,1555200.000000,3
1425543741623804,1555200.000000,4
1425543741624169,1555200.000000,5
1425543741774638,1785600.000000,0
1425543741774950,1785600.000000,1
1425543741775367,1785600.000000,2
1425543741775731,1785600.000000,3
1425543741776044,1785600.000000,4
1425543741776513,1785600.000000,5
1425543742752138,1996800.000000,0
1425543742752554,1996800.000000,1
1425543742752919,1996800.000000,2
1425543742753335,1996800.000000,3
1425543742753700,1996800.000000,4
1425543742754169,1996800.000000,5
1425543759504481,556800.000000,0
1425543759504950,556800.000000,1
1425543759505263,556800.000000,2
1425543759505731,556800.000000,3
1425543759506825,556800.000000,4
1425543759508075,556800.000000,5
1425543765831513,748800.000000,0
1425543765832763,748800.000000,1
1425543765834013,748800.000000,2
1425543765835263,748800.000000,3
1425543765836513,748800.000000,4
1425543765837763,748800.000000,5
1425543767992710,556800.000000,0
1425543767993700,556800.000000,1
1425543767994742,556800.000000,2
1425543767995679,556800.000000,3
1425543767996669,556800.000000,4
1425543767997763,556800.000000,5
1425543776623700,748800.000000,0
1425543776625054,748800.000000,1
1425543776626356,748800.000000,2
1425543776627762,748800.000000,3
1425543776629012,748800.000000,4
1425543776630419,748800.000000,5
1425543781728387,1363200.000000,0
1425543781729273,1363200.000000,1
1425543781730106,1363200.000000,2
1425543781730887,1363200.000000,3
1425543781731617,1363200.000000,4
1425543781732294,1363200.000000,5
1425543792843387,960000.000000,0
1425543792843856,960000.000000,1
1425543792844429,960000.000000,2
1425543792844950,960000.000000,3
1425543792845419,960000.000000,4
1425543792846044,960000.000000,5
1425543808867137,1363200.000000,0
1425543808867762,1363200.000000,1
1425543808868387,1363200.000000,2
1425543808869012,1363200.000000,3
1425543808869637,1363200.000000,4
1425543808870210,1363200.000000,5
1425543817976044,1555200.000000,0
1425543817976617,1555200.000000,1
1425543817977137,1555200.000000,2
1425543817977606,1555200.000000,3
1425543817978179,1555200.000000,4
1425543817978700,1555200.000000,5
1425543822759950,556800.000000,0
1425543822760419,556800.000000,1
1425543822760887,556800.000000,2
1425543822761356,556800.000000,3
1425543822761825,556800.000000,4
1425543822762294,556800.000000,5
1425543887935887,748800.000000,0
1425543887937085,748800.000000,1
1425543887938075,748800.000000,2
1425543887939169,748800.000000,3
1425543887940367,748800.000000,4
1425543887941460,748800.000000,5
1425543895532450,960000.000000,0
1425543895533492,960000.000000,1
1425543895534429,960000.000000,2
1425543895535367,960000.000000,3
1425543895536304,960000.000000,4
1425543895537137,960000.000000,5
1425543895642710,748800.000000,0
1425543895643544,748800.000000,1
1425543895644273,748800.000000,2
1425543895645054,748800.000000,3
1425543895646044,748800.000000,4
1425543895646981,748800.000000,5
1425543900741617,960000.000000,0
1425543900742606,960000.000000,1
1425543900743544,960000.000000,2
1425543900744637,960000.000000,3
1425543900745575,960000.000000,4
1425543900746512,960000.000000,5
1425543901145210,748800.000000,0
1425543901145887,748800.000000,1
1425543901146512,748800.000000,2
1425543901147137,748800.000000,3
1425543901147919,748800.000000,4
1425543901148648,748800.000000,5
1425543901651044,960000.000000,0
1425543901651981,960000.000000,1
1425543901652919,960000.000000,2
1425543901653856,960000.000000,3
1425543901654898,960000.000000,4
1425543901655887,960000.000000,5
1425543901731512,1152000.000000,0
1425543901732242,1152000.000000,1
1425543901732919,1152000.000000,2
1425543901733648,1152000.000000,3
1425543901734325,1152000.000000,4
1425543901735106,1152000.000000,5
1425543902014325,960000.000000,0
1425543902014898,960000.000000,1
1425543902015523,960000.000000,2
1425543902016044,960000.000000,3
1425543902016669,960000.000000,4
1425543902017294,960000.000000,5
1425543902117398,1152000.000000,0
1425543902118231,1152000.000000,1
1425543902118856,1152000.000000,2
1425543902119637,1152000.000000,3
1425543902120419,1152000.000000,4
1425543902121200,1152000.000000,5
1425543902255210,960000.000000,0
1425543902255835,960000.000000,1
1425543902256356,960000.000000,2
1425543902257137,960000.000000,3
1425543902257710,960000.000000,4
1425543902258387,960000.000000,5
1425543902752919,1363200.000000,0
1425543902753544,1363200.000000,1
1425543902754169,1363200.000000,2
1425543902754742,1363200.000000,3
1425543902755262,1363200.000000,4
1425543902755887,1363200.000000,5
1425543902795262,1555200.000000,0
1425543902795679,1555200.000000,1
1425543902796044,1555200.000000,2
1425543902796460,1555200.000000,3
1425543902796825,1555200.000000,4
1425543902797294,1555200.000000,5
1425543912870679,1996800.000000,0
1425543912871044,1996800.000000,1
1425543912871460,1996800.000000,2
1425543912871825,1996800.000000,3
1425543912872137,1996800.000000,4
1425543912872554,1996800.000000,5
1425543912949742,1555200.000000,0
1425543912950054,1555200.000000,1
1425543912950367,1555200.000000,2
1425543912950575,1555200.000000,3
1425543912950887,1555200.000000,4
1425543912951200,1555200.000000,5
1425543924854117,1785600.000000,0
1425543924854585,1785600.000000,1
1425543924855054,1785600.000000,2
1425543924855575,1785600.000000,3
1425543924856044,1785600.000000,4
1425543924856512,1785600.000000,5
1425543924882085,1555200.000000,0
1425543924882606,1555200.000000,1
1425543924883023,1555200.000000,2
1425543924883387,1555200.000000,3
1425543924883804,1555200.000000,4
1425543924884169,1555200.000000,5
1425543928971356,1996800.000000,0
1425543928971825,1996800.000000,1
1425543928972137,1996800.000000,2
1425543928972554,1996800.000000,3
1425543928972919,1996800.000000,4
1425543928973231,1996800.000000,5
1425543930123335,1555200.000000,0
1425543930123700,1555200.000000,1
1425543930124012,1555200.000000,2
1425543930124429,1555200.000000,3
1425543930124742,1555200.000000,4
1425543930125106,1555200.000000,5
1425543930188387,1785600.000000,0
1425543930188856,1785600.000000,1
1425543930189325,1785600.000000,2
1425543930189794,1785600.000000,3
1425543930190262,1785600.000000,4
1425543930190731,1785600.000000,5
1425543930285054,1555200.000000,0
1425543930285523,1555200.000000,1
1425543930285887,1555200.000000,2
1425543930286356,1555200.000000,3
1425543930286825,1555200.000000,4
1425543930287242,1555200.000000,5
1425543930426304,1996800.000000,0
1425543930426669,1996800.000000,1
1425543930427085,1996800.000000,2
1425543930427450,1996800.000000,3
1425543930427762,1996800.000000,4
1425543930428075,1996800.000000,5
1425543932770575,1785600.000000,0
1425543932770887,1785600.000000,1
1425543932771200,1785600.000000,2
1425543932771512,1785600.000000,3
1425543932771825,1785600.000000,4
1425543932772085,1785600.000000,5
1425543932809169,1555200.000000,0
1425543932809637,1555200.000000,1
1425543932810054,1555200.000000,2
1425543932810419,1555200.000000,3
1425543932810887,1555200.000000,4
1425543932811304,1555200.000000,5
1425543932930835,1785600.000000,0
1425543932931200,1785600.000000,1
1425543932931617,1785600.000000,2
1425543932931981,1785600.000000,3
1425543932932294,1785600.000000,4
1425543932932710,1785600.000000,5
1425543932975262,1555200.000000,0
1425543932975731,1555200.000000,1
1425543932976148,1555200.000000,2
1425543932976512,1555200.000000,3
1425543932976981,1555200.000000,4
1425543932977294,1555200.000000,5
1425543934320106,1785600.000000,0
1425543934320575,1785600.000000,1
1425543934321044,1785600.000000,2
1425543934321460,1785600.000000,3
1425543934321929,1785600.000000,4
1425543934322398,1785600.000000,5
1425543934513179,1996800.000000,0
1425543934513492,1996800.000000,1
1425543934513856,1996800.000000,2
1425543934514169,1996800.000000,3
1425543934514481,1996800.000000,4
1425543934514794,1996800.000000,5
1425543934833387,1555200.000000,0
1425543934833700,1555200.000000,1
1425543934834012,1555200.000000,2
1425543934834273,1555200.000000,3
1425543934834481,1555200.000000,4
1425543934834794,1555200.000000,5
1425543934900106,1785600.000000,0
1425543934900575,1785600.000000,1
1425543934900887,1785600.000000,2
1425543934901304,1785600.000000,3
1425543934901669,1785600.000000,4
1425543934901981,1785600.000000,5
1425543934935106,1555200.000000,0
1425543934935575,1555200.000000,1
1425543934935887,1555200.000000,2
1425543934936200,1555200.000000,3
1425543934936512,1555200.000000,4
1425543934936825,1555200.000000,5
1425543935012919,1785600.000000,0
1425543935013387,1785600.000000,1
1425543935013700,1785600.000000,2
1425543935014117,1785600.000000,3
1425543935014429,1785600.000000,4
1425543935014794,1785600.000000,5
1425543935074273,1555200.000000,0
1425543935074585,1555200.000000,1
1425543935074898,1555200.000000,2
1425543935075210,1555200.000000,3
1425543935075523,1555200.000000,4
1425543935075835,1555200.000000,5
1425543935509898,1785600.000000,0
1425543935510262,1785600.000000,1
1425543935510575,1785600.000000,2
1425543935511044,1785600.000000,3
1425543935511356,1785600.000000,4
1425543935511773,1785600.000000,5
1425543935586044,1555200.000000,0
1425543935586512,1555200.000000,1
1425543935586825,1555200.000000,2
1425543935587294,1555200.000000,3
1425543935587710,1555200.000000,4
1425543935588075,1555200.000000,5
1425543935626148,1785600.000000,0
1425543935626512,1785600.000000,1
1425543935626981,1785600.000000,2
1425543935627294,1785600.000000,3
1425543935627606,1785600.000000,4
1425543935628023,1785600.000000,5
1425543935648075,1555200.000000,0
1425543935648492,1555200.000000,1
1425543935649012,1555200.000000,2
1425543935649429,1555200.000000,3
1425543935649898,1555200.000000,4
1425543935650367,1555200.000000,5
1425543935784794,1785600.000000,0
1425543935785262,1785600.000000,1
1425543935785575,1785600.000000,2
1425543935785992,1785600.000000,3
1425543935786356,1785600.000000,4
1425543935786669,1785600.000000,5
1425543935902085,1555200.000000,0
1425543935902554,1555200.000000,1
1425543935902919,1555200.000000,2
1425543935903335,1555200.000000,3
1425543935903700,1555200.000000,4
1425543935904117,1555200.000000,5
1425543936134898,1785600.000000,0
1425543936135367,1785600.000000,1
1425543936135835,1785600.000000,2
1425543936136356,1785600.000000,3
1425543936136825,1785600.000000,4
1425543936137294,1785600.000000,5
1425543936259585,1555200.000000,0
1425543936259950,1555200.000000,1
1425543936260367,1555200.000000,2
1425543936260731,1555200.000000,3
1425543936261148,1555200.000000,4
1425543936261512,1555200.000000,5
1425543936272242,1785600.000000,0
1425543936272606,1785600.000000,1
1425543936272919,1785600.000000,2
1425543936273387,1785600.000000,3
1425543936273700,1785600.000000,4
1425543936274169,1785600.000000,5
1425543936286929,1555200.000000,0
1425543936287398,1555200.000000,1
1425543936287762,1555200.000000,2
1425543936288231,1555200.000000,3
1425543936288700,1555200.000000,4
1425543936289273,1555200.000000,5
1425543939087294,1785600.000000,0
1425543939087606,1785600.000000,1
1425543939088023,1785600.000000,2
1425543939088335,1785600.000000,3
1425543939088700,1785600.000000,4
1425543939089117,1785600.000000,5
1425543952883856,748800.000000,0
1425543952884169,748800.000000,1
1425543952884481,748800.000000,2
1425543952884794,748800.000000,3
1425543952885210,748800.000000,4
1425543952885523,748800.000000,5
1425543976733231,556800.000000,0
1425543976734637,556800.000000,1
1425543976735887,556800.000000,2
1425543976737242,556800.000000,3
1425543976738492,556800.000000,4
1425543976739742,556800.000000,5
1425543981410679,1555200.000000,0
1425543981411825,1555200.000000,1
1425543981412919,1555200.000000,2
1425543981413960,1555200.000000,3
1425543981414950,1555200.000000,4
1425543981415992,1555200.000000,5
1425543982784169,556800.000000,0
1425543982784637,556800.000000,1
1425543982785106,556800.000000,2
1425543982785575,556800.000000,3
1425543982786200,556800.000000,4
1425543982787294,556800.000000,5
1425543998710106,1555200.000000,0
1425543998711617,1555200.000000,1
1425543998712867,1555200.000000,2
1425543998714117,1555200.000000,3
1425543998715262,1555200.000000,4
1425543998716512,1555200.000000,5
1425543998892085,1363200.000000,0
1425543998892554,1363200.000000,1
1425543998892919,1363200.000000,2
1425543998893231,1363200.000000,3
1425543998893700,1363200.000000,4
1425543998894012,1363200.000000,5
1425544016874012,1785600.000000,0
1425544016874637,1785600.000000,1
1425544016874950,1785600.000000,2
1425544016875419,1785600.000000,3
1425544016875835,1785600.000000,4
1425544016876200,1785600.000000,5
1425544031887450,556800.000000,0
1425544031888544,556800.000000,1
1425544031889794,556800.000000,2
1425544031891044,556800.000000,3
1425544031892398,556800.000000,4
1425544031893544,556800.000000,5
1425544037049325,748800.000000,0
1425544037050731,748800.000000,1
1425544037051981,748800.000000,2
1425544037053387,748800.000000,3
1425544037054742,748800.000000,4
1425544037056148,748800.000000,5
1425544064920210,1363200.000000,0
1425544064921044,1363200.000000,1
1425544064921773,1363200.000000,2
1425544064922450,1363200.000000,3
1425544064923231,1363200.000000,4
1425544064924117,1363200.000000,5
1425544080969325,556800.000000,0
1425544080970262,556800.000000,1
1425544080971460,556800.000000,2
1425544080972710,556800.000000,3
1425544080973856,556800.000000,4
1425544080975106,556800.000000,5
1425544089492554,748800.000000,0
1425544089494012,748800.000000,1
1425544089495367,748800.000000,2
1425544089496512,748800.000000,3
1425544089497762,748800.000000,4
1425544089499012,748800.000000,5
1425544112879325,1363200.000000,0
1425544112880262,1363200.000000,1
1425544112881304,1363200.000000,2
1425544112882242,1363200.000000,3
1425544112883179,1363200.000000,4
1425544112884169,1363200.000000,5
1425544128858700,1152000.000000,0
1425544128859169,1152000.000000,1
1425544128859637,1152000.000000,2
1425544128860210,1152000.000000,3
1425544128860731,1152000.000000,4
1425544128861356,1152000.000000,5
1425544142892294,748800.000000,0
1425544142892867,748800.000000,1
1425544142893492,748800.000000,2
1425544142894169,748800.000000,3
1425544142894950,748800.000000,4
1425544142895679,748800.000000,5
1425544160906981,556800.000000,0
1425544160908544,556800.000000,1
1425544160909794,556800.000000,2
1425544160911148,556800.000000,3
1425544160912294,556800.000000,4
1425544160913700,556800.000000,5
1425544181450106,1152000.000000,0
1425544181451356,1152000.000000,1
1425544181452450,1152000.000000,2
1425544181453544,1152000.000000,3
1425544181454585,1152000.000000,4
1425544181455679,1152000.000000,5
1425544191005106,960000.000000,0
1425544191006044,960000.000000,1
1425544191006669,960000.000000,2
1425544191007450,960000.000000,3
1425544191008335,960000.000000,4
1425544191009012,960000.000000,5
1425544193684637,1363200.000000,0
1425544193685210,1363200.000000,1
1425544193685887,1363200.000000,2
1425544193686512,1363200.000000,3
1425544193687085,1363200.000000,4
1425544193687606,1363200.000000,5
1425544208032137,1785600.000000,0
1425544208032606,1785600.000000,1
1425544208033023,1785600.000000,2
1425544208033387,1785600.000000,3
1425544208033856,1785600.000000,4
1425544208034325,1785600.000000,5
1425544209012866,1555200.000000,0
1425544209013231,1555200.000000,1
1425544209013700,1555200.000000,2
1425544209014116,1555200.000000,3
1425544209014481,1555200.000000,4
1425544209014898,1555200.000000,5
1425544209161044,1785600.000000,0
1425544209161356,1785600.000000,1
1425544209161825,1785600.000000,2
1425544209162137,1785600.000000,3
1425544209162554,1785600.000000,4
1425544209162919,1785600.000000,5
1425544209250523,1555200.000000,0
1425544209250991,1555200.000000,1
1425544209251356,1555200.000000,2
1425544209251773,1555200.000000,3
1425544209252137,1555200.000000,4
1425544209252606,1555200.000000,5
1425544209260887,1785600.000000,0
1425544209261356,1785600.000000,1
1425544209261825,1785600.000000,2
1425544209262294,1785600.000000,3
1425544209262762,1785600.000000,4
1425544209263231,1785600.000000,5
1425544211025575,1555200.000000,0
1425544211025991,1555200.000000,1
1425544211026304,1555200.000000,2
1425544211026616,1555200.000000,3
1425544211026981,1555200.000000,4
1425544211027294,1555200.000000,5
1425544211954325,1785600.000000,0
1425544211954637,1785600.000000,1
1425544211955054,1785600.000000,2
1425544211955419,1785600.000000,3
1425544211955731,1785600.000000,4
1425544211956044,1785600.000000,5
1425544212040887,1555200.000000,0
1425544212041200,1555200.000000,1
1425544212041512,1555200.000000,2
1425544212041825,1555200.000000,3
1425544212042137,1555200.000000,4
1425544212042450,1555200.000000,5
1425544212834741,1785600.000000,0
1425544212835210,1785600.000000,1
1425544212835679,1785600.000000,2
1425544212836148,1785600.000000,3
1425544212836616,1785600.000000,4
1425544212836981,1785600.000000,5
1425544224015575,960000.000000,0
1425544224015887,960000.000000,1
1425544224016304,960000.000000,2
1425544224016616,960000.000000,3
1425544224016981,960000.000000,4
1425544224017450,960000.000000,5
1425544238763387,556800.000000,0
1425544238764794,556800.000000,1
1425544238766044,556800.000000,2
1425544238767398,556800.000000,3
1425544238768648,556800.000000,4
1425544238769898,556800.000000,5
1425544249395366,748800.000000,0
1425544249396669,748800.000000,1
1425544249398075,748800.000000,2
1425544249399481,748800.000000,3
1425544249400731,748800.000000,4
1425544249401981,748800.000000,5
1425544256880835,556800.000000,0
1425544256881825,556800.000000,1
1425544256882866,556800.000000,2
1425544256884012,556800.000000,3
1425544256885262,556800.000000,4
1425544256886512,556800.000000,5
1425544289800054,748800.000000,0
1425544289801200,748800.000000,1
1425544289802398,748800.000000,2
1425544289803387,748800.000000,3
1425544289804429,748800.000000,4
1425544289805419,748800.000000,5
1425544290583648,556800.000000,0
1425544290584741,556800.000000,1
1425544290585835,556800.000000,2
1425544290586825,556800.000000,3
1425544290587919,556800.000000,4
1425544290588960,556800.000000,5
1425544303201773,1363200.000000,0
1425544303203023,1363200.000000,1
1425544303203960,1363200.000000,2
1425544303204950,1363200.000000,3
1425544303205887,1363200.000000,4
1425544303206929,1363200.000000,5
1425544319938335,1555200.000000,0
1425544319938804,1555200.000000,1
1425544319939169,1555200.000000,2
1425544319939637,1555200.000000,3
1425544319940054,1555200.000000,4
1425544319940419,1555200.000000,5
1425544319964898,1785600.000000,0
1425544319965262,1785600.000000,1
1425544319965679,1785600.000000,2
1425544319966044,1785600.000000,3
1425544319966460,1785600.000000,4
1425544319966825,1785600.000000,5
1425544334751148,556800.000000,0
1425544334751512,556800.000000,1
1425544334751825,556800.000000,2
1425544334752137,556800.000000,3
1425544334752450,556800.000000,4
1425544334752762,556800.000000,5
1425544368885419,1363200.000000,0
1425544368886669,1363200.000000,1
1425544368887606,1363200.000000,2
1425544368888700,1363200.000000,3
1425544368889741,1363200.000000,4
1425544368890731,1363200.000000,5
1425544383881981,748800.000000,0
1425544383882450,748800.000000,1
1425544383882919,748800.000000,2
1425544383883700,748800.000000,3
1425544383884585,748800.000000,4
1425544383885262,748800.000000,5
1425544398961356,1363200.000000,0
1425544398962241,1363200.000000,1
1425544398962919,1363200.000000,2
1425544398963700,1363200.000000,3
1425544398964429,1363200.000000,4
1425544398965106,1363200.000000,5
1425544416847241,1555200.000000,0
1425544416847866,1555200.000000,1
1425544416848387,1555200.000000,2
1425544416848856,1555200.000000,3
1425544416849325,1555200.000000,4
1425544416849950,1555200.000000,5
1425544434170106,556800.000000,0
1425544434170575,556800.000000,1
1425544434170887,556800.000000,2
1425544434171304,556800.000000,3
1425544434171668,556800.000000,4
1425544434171981,556800.000000,5
1425544452679012,748800.000000,0
1425544452680366,748800.000000,1
1425544452681304,748800.000000,2
1425544452682293,748800.000000,3
1425544452683387,748800.000000,4
1425544452684325,748800.000000,5
1425544453532762,556800.000000,0
1425544453533543,556800.000000,1
1425544453534325,556800.000000,2
1425544453535366,556800.000000,3
1425544453536356,556800.000000,4
1425544453537293,556800.000000,5
1425544482020575,1555200.000000,0
1425544482021825,1555200.000000,1
1425544482022866,1555200.000000,2
1425544482023856,1555200.000000,3
1425544482024793,1555200.000000,4
1425544482025887,1555200.000000,5
1425544510029741,1996800.000000,0
1425544510030262,1996800.000000,1
1425544510030731,1996800.000000,2
1425544510031148,1996800.000000,3
1425544510031616,1996800.000000,4
1425544510032085,1996800.000000,5
1425544510106981,1555200.000000,0
1425544510107398,1555200.000000,1
1425544510107710,1555200.000000,2
1425544510108075,1555200.000000,3
1425544510108387,1555200.000000,4
1425544510108804,1555200.000000,5
1425544519984168,1996800.000000,0
1425544519984793,1996800.000000,1
1425544519985262,1996800.000000,2
1425544519985731,1996800.000000,3
1425544519986200,1996800.000000,4
1425544519986668,1996800.000000,5
1425544528596043,556800.000000,0
1425544528596512,556800.000000,1
1425544528596825,556800.000000,2
1425544528597241,556800.000000,3
1425544528597606,556800.000000,4
1425544528597918,556800.000000,5
1425544581743543,1152000.000000,0
1425544581744898,1152000.000000,1
1425544581745887,1152000.000000,2
1425544581746825,1152000.000000,3
1425544581747866,1152000.000000,4
1425544581748856,1152000.000000,5
1425544594167762,1555200.000000,0
1425544594168387,1555200.000000,1
1425544594168856,1555200.000000,2
1425544594169325,1555200.000000,3
1425544594169898,1555200.000000,4
1425544594170418,1555200.000000,5
1425544594260106,1152000.000000,0
1425544594260731,1152000.000000,1
1425544594261200,1152000.000000,2
1425544594261668,1152000.000000,3
1425544594262137,1152000.000000,4
1425544594262606,1152000.000000,5
1425544608872866,1555200.000000,0
1425544608873387,1555200.000000,1
1425544608873856,1555200.000000,2
1425544608874325,1555200.000000,3
1425544608874793,1555200.000000,4
1425544608875262,1555200.000000,5
1425544624261200,556800.000000,0
1425544624261668,556800.000000,1
1425544624262710,556800.000000,2
1425544624264012,556800.000000,3
1425544624265210,556800.000000,4
1425544624266460,556800.000000,5
1425544628334637,1363200.000000,0
1425544628336148,1363200.000000,1
1425544628337450,1363200.000000,2
1425544628338700,1363200.000000,3
1425544628339898,1363200.000000,4
1425544628341148,1363200.000000,5
1425544637669325,556800.000000,0
1425544637669793,556800.000000,1
1425544637670523,556800.000000,2
1425544637671825,556800.000000,3
1425544637673075,556800.000000,4
1425544637674273,556800.000000,5
1425544638770418,1152000.000000,0
1425544638771825,1152000.000000,1
1425544638773231,1152000.000000,2
1425544638774481,1152000.000000,3
1425544638775679,1152000.000000,4
1425544638777085,1152000.000000,5
1425544668848387,1996800.000000,0
1425544668849116,1996800.000000,1
1425544668849793,1996800.000000,2
1425544668850366,1996800.000000,3
1425544668850991,1996800.000000,4
1425544668851668,1996800.000000,5
1425544686794273,2745600.000000,0
1425544686794637,2745600.000000,1
1425544686794898,2745600.000000,2
1425544686795210,2745600.000000,3
1425544686795418,2745600.000000,4
1425544686795731,2745600.000000,5
1425544687291304,1555200.000000,0
1425544687291929,1555200.000000,1
1425544687292137,1555200.000000,2
1425544687292866,1555200.000000,3
1425544687293075,1555200.000000,4
1425544687293387,1555200.000000,5
1425544688589585,2745600.000000,0
1425544688591512,2745600.000000,1
1425544688591825,2745600.000000,2
1425544688592293,2745600.000000,3
1425544688592710,2745600.000000,4
1425544688593023,2745600.000000,5
1425544689176200,1555200.000000,0
1425544689176512,1555200.000000,1
1425544689176668,1555200.000000,2
1425544689176929,1555200.000000,3
1425544689177137,1555200.000000,4
1425544689177293,1555200.000000,5
1425544689213231,2745600.000000,0
1425544689213700,2745600.000000,1
1425544689214168,2745600.000000,2
1425544689214637,2745600.000000,3
1425544689215106,2745600.000000,4
1425544689215575,2745600.000000,5
1425544689356668,1555200.000000,0
1425544689356929,1555200.000000,1
1425544689357137,1555200.000000,2
1425544689357293,1555200.000000,3
1425544689357450,1555200.000000,4
1425544689357710,1555200.000000,5
1425544692362137,2745600.000000,0
1425544692362606,2745600.000000,1
1425544692363075,2745600.000000,2
1425544692363543,2745600.000000,3
1425544692364012,2745600.000000,4
1425544692364429,2745600.000000,5
1425544704873335,2400000.000000,0
1425544704873543,2400000.000000,1
1425544704873804,2400000.000000,2
1425544704873960,2400000.000000,3
1425544704874168,2400000.000000,4
1425544704874325,2400000.000000,5
1425544724965210,556800.000000,0
1425544724965418,556800.000000,1
1425544724965731,556800.000000,2
1425544724965887,556800.000000,3
1425544724966200,556800.000000,4
1425544724966825,556800.000000,5
1425544735151668,748800.000000,0
1425544735153179,748800.000000,1
1425544735154429,748800.000000,2
1425544735155679,748800.000000,3
1425544735156981,748800.000000,4
1425544735158179,748800.000000,5
1425544740544585,556800.000000,0
1425544740545731,556800.000000,1
1425544740546825,556800.000000,2
1425544740547918,556800.000000,3
1425544740548856,556800.000000,4
1425544740549898,556800.000000,5
1425544743356668,748800.000000,0
1425544743357762,748800.000000,1
1425544743358700,748800.000000,2
1425544743359793,748800.000000,3
1425544743360835,748800.000000,4
1425544743361929,748800.000000,5
1425544750214741,1152000.000000,0
1425544750215731,1152000.000000,1
1425544750216668,1152000.000000,2
1425544750217606,1152000.000000,3
1425544750218543,1152000.000000,4
1425544750219481,1152000.000000,5
1425544751079012,556800.000000,0
1425544751079637,556800.000000,1
1425544751080262,556800.000000,2
1425544751081148,556800.000000,3
1425544751082450,556800.000000,4
1425544751083700,556800.000000,5
1425544781369741,2400000.000000,0
1425544781370887,2400000.000000,1
1425544781371929,2400000.000000,2
1425544781372918,2400000.000000,3
1425544781374012,2400000.000000,4
1425544781374950,2400000.000000,5
1425544782934637,556800.000000,0
1425544782934950,556800.000000,1
1425544782935210,556800.000000,2
1425544782935418,556800.000000,3
1425544782935679,556800.000000,4
1425544782935887,556800.000000,5
1425544800971668,1363200.000000,0
1425544800973023,1363200.000000,1
1425544800974012,1363200.000000,2
1425544800974950,1363200.000000,3
1425544800975887,1363200.000000,4
1425544800976981,1363200.000000,5
1425544814462762,1555200.000000,0
1425544814463231,1555200.000000,1
1425544814463648,1555200.000000,2
1425544814464950,1555200.000000,3
1425544814465366,1555200.000000,4
1425544814465731,1555200.000000,5
1425544839191825,3532800.000000,0
1425544839192293,3532800.000000,1
1425544839192710,3532800.000000,2
1425544839193075,3532800.000000,3
1425544839193491,3532800.000000,4
1425544839193804,3532800.000000,5
1425544839285991,1555200.000000,0
1425544839286356,1555200.000000,1
1425544839286668,1555200.000000,2
1425544839286929,1555200.000000,3
1425544839287137,1555200.000000,4
1425544839287293,1555200.000000,5
1425544839459898,1996800.000000,0
1425544839460262,1996800.000000,1
1425544839460575,1996800.000000,2
1425544839461043,1996800.000000,3
1425544839461356,1996800.000000,4
1425544839461668,1996800.000000,5
1425544839556043,1555200.000000,0
1425544839556356,1555200.000000,1
1425544839556616,1555200.000000,2
1425544839556981,1555200.000000,3
1425544839557293,1555200.000000,4
1425544839557554,1555200.000000,5
1425544839572762,1996800.000000,0
1425544839573179,1996800.000000,1
1425544839573543,1996800.000000,2
1425544839573960,1996800.000000,3
1425544839574325,1996800.000000,4
1425544839574637,1996800.000000,5
1425544846943856,1555200.000000,0
1425544846944168,1555200.000000,1
1425544846944481,1555200.000000,2
1425544846944793,1555200.000000,3
1425544846945106,1555200.000000,4
1425544846945366,1555200.000000,5
1425544877594585,556800.000000,0
1425544877596043,556800.000000,1
1425544877597241,556800.000000,2
1425544877598543,556800.000000,3
1425544877599741,556800.000000,4
1425544877601043,556800.000000,5
1425544881721825,1555200.000000,0
1425544881723022,1555200.000000,1
1425544881724116,1555200.000000,2
1425544881725054,1555200.000000,3
1425544881726147,1555200.000000,4
1425544881727137,1555200.000000,5
1425544894789325,1785600.000000,0
1425544894789793,1785600.000000,1
1425544894790106,1785600.000000,2
1425544894790522,1785600.000000,3
1425544894790887,1785600.000000,4
1425544894791304,1785600.000000,5
1425544912932450,1363200.000000,0
1425544912933075,1363200.000000,1
1425544912933543,1363200.000000,2
1425544912934116,1363200.000000,3
1425544912934637,1363200.000000,4
1425544912935106,1363200.000000,5
1425544933602450,556800.000000,0
1425544933603022,556800.000000,1
1425544933603543,556800.000000,2
1425544933604272,556800.000000,3
1425544933605418,556800.000000,4
1425544933606772,556800.000000,5
1425544944706668,1785600.000000,0
1425544944707762,1785600.000000,1
1425544944708804,1785600.000000,2
1425544944709793,1785600.000000,3
1425544944710835,1785600.000000,4
1425544944712866,1785600.000000,5
1425544946364741,556800.000000,0
1425544946365054,556800.000000,1
1425544946365418,556800.000000,2
1425544946365731,556800.000000,3
1425544946366043,556800.000000,4
1425544946366356,556800.000000,5
1425544957097241,748800.000000,0
1425544957098700,748800.000000,1
1425544957099950,748800.000000,2
1425544957101200,748800.000000,3
1425544957102554,748800.000000,4
1425544957103700,748800.000000,5
1425544957464741,556800.000000,0
1425544957466147,556800.000000,1
1425544957467137,556800.000000,2
1425544957468179,556800.000000,3
1425544957469168,556800.000000,4
1425544957470106,556800.000000,5
1425544957662137,748800.000000,0
1425544957663335,748800.000000,1
1425544957664429,748800.000000,2
1425544957665418,748800.000000,3
1425544957666356,748800.000000,4
1425544957667397,748800.000000,5
1425544976902293,1363200.000000,0
1425544976903231,1363200.000000,1
1425544976904325,1363200.000000,2
1425544976905262,1363200.000000,3
1425544976906200,1363200.000000,4
1425544976907137,1363200.000000,5
1425544991076772,1152000.000000,0
1425544991077241,1152000.000000,1
1425544991077606,1152000.000000,2
1425544991078022,1152000.000000,3
1425544991078491,1152000.000000,4
1425544991078856,1152000.000000,5
1425545006846981,1555200.000000,0
1425545006847710,1555200.000000,1
1425545006848179,1555200.000000,2
1425545006848647,1555200.000000,3
1425545006849168,1555200.000000,4
1425545006849637,1555200.000000,5
1425545022733075,556800.000000,0
1425545022733543,556800.000000,1
1425545022734012,556800.000000,2
1425545022734481,556800.000000,3
1425545022734950,556800.000000,4
1425545022735575,556800.000000,5
1425545096004949,748800.000000,0
1425545096006043,748800.000000,1
1425545096006981,748800.000000,2
1425545096008231,748800.000000,3
1425545096009168,748800.000000,4
1425545096010106,748800.000000,5
1425545103330835,1363200.000000,0
1425545103331929,1363200.000000,1
1425545103332918,1363200.000000,2
1425545103333856,1363200.000000,3
1425545103334793,1363200.000000,4
1425545103335731,1363200.000000,5
1425545120846616,1555200.000000,0
1425545120847085,1555200.000000,1
1425545120847449,1555200.000000,2
1425545120847918,1555200.000000,3
1425545120848231,1555200.000000,4
1425545120848699,1555200.000000,5
1425545137059012,556800.000000,0
1425545137060210,556800.000000,1
1425545137061512,556800.000000,2
1425545137062866,556800.000000,3
1425545137064116,556800.000000,4
1425545137065522,556800.000000,5
1425545148023074,748800.000000,0
1425545148024637,748800.000000,1
1425545148025887,748800.000000,2
1425545148027137,748800.000000,3
1425545148028387,748800.000000,4
1425545148029741,748800.000000,5
1425545150541824,556800.000000,0
1425545150542918,556800.000000,1
1425545150544012,556800.000000,2
1425545150545262,556800.000000,3
1425545150546199,556800.000000,4
1425545150547293,556800.000000,5
1425545181142918,1555200.000000,0
1425545181144272,1555200.000000,1
1425545181145262,1555200.000000,2
1425545181146356,1555200.000000,3
1425545181147293,1555200.000000,4
1425545181148387,1555200.000000,5
1425545183100574,556800.000000,0
1425545183101147,556800.000000,1
1425545183101616,556800.000000,2
1425545183102137,556800.000000,3
1425545183102918,556800.000000,4
1425545183104168,556800.000000,5
1425545198861616,1363200.000000,0
1425545198862866,1363200.000000,1
1425545198863856,1363200.000000,2
1425545198864949,1363200.000000,3
1425545198866043,1363200.000000,4
1425545198866981,1363200.000000,5
1425545213796512,1555200.000000,0
1425545213796981,1555200.000000,1
1425545213797449,1555200.000000,2
1425545213797918,1555200.000000,3
1425545213798335,1555200.000000,4
1425545213798699,1555200.000000,5
1425545214850262,1785600.000000,0
1425545214850679,1785600.000000,1
1425545214851043,1785600.000000,2
1425545214851356,1785600.000000,3
1425545214851772,1785600.000000,4
1425545214852137,1785600.000000,5
1425545223970366,1555200.000000,0
1425545223970731,1555200.000000,1
1425545223971043,1555200.000000,2
1425545223971356,1555200.000000,3
1425545223971668,1555200.000000,4
1425545223971981,1555200.000000,5
1425545236166304,556800.000000,0
1425545236166668,556800.000000,1
1425545236167085,556800.000000,2
1425545236167449,556800.000000,3
1425545236167762,556800.000000,4
1425545236168543,556800.000000,5
1425545277069637,748800.000000,0
1425545277070731,748800.000000,1
1425545277071772,748800.000000,2
1425545277072710,748800.000000,3
1425545277073647,748800.000000,4
1425545277074637,748800.000000,5
1425545279029949,1363200.000000,0
1425545279030835,1363200.000000,1
1425545279031616,1363200.000000,2
1425545279032293,1363200.000000,3
1425545279033074,1363200.000000,4
1425545279033804,1363200.000000,5
1425545280902449,1785600.000000,0
1425545280902918,1785600.000000,1
1425545280903387,1785600.000000,2
1425545280903856,1785600.000000,3
1425545280904272,1785600.000000,4
1425545280904637,1785600.000000,5
1425545295159012,1996800.000000,0
1425545295159585,1996800.000000,1
1425545295159949,1996800.000000,2
1425545295160366,1996800.000000,3
1425545295160731,1996800.000000,4
1425545295161199,1996800.000000,5
1425545310766512,960000.000000,0
1425545310766981,960000.000000,1
1425545310767293,960000.000000,2
1425545310767762,960000.000000,3
1425545310768335,960000.000000,4
1425545310769012,960000.000000,5
1425545328797554,1363200.000000,0
1425545328798231,1363200.000000,1
1425545328798856,1363200.000000,2
1425545328799429,1363200.000000,3
1425545328800054,1363200.000000,4
1425545328800574,1363200.000000,5
1425545343354272,556800.000000,0
1425545343355679,556800.000000,1
1425545343356929,556800.000000,2
1425545343358231,556800.000000,3
1425545343359481,556800.000000,4
1425545343360731,556800.000000,5
1425545348003960,748800.000000,0
1425545348005210,748800.000000,1
1425545348006199,748800.000000,2
1425545348007137,748800.000000,3
1425545348008074,748800.000000,4
1425545348009168,748800.000000,5
1425545359597397,960000.000000,0
1425545359598387,960000.000000,1
1425545359599116,960000.000000,2
1425545359601668,960000.000000,3
1425545359602449,960000.000000,4
1425545359603231,960000.000000,5
1425545360872449,748800.000000,0
1425545360873074,748800.000000,1
1425545360873647,748800.000000,2
1425545360874168,748800.000000,3
1425545360874793,748800.000000,4
1425545360875574,748800.000000,5
1425545381692918,960000.000000,0
1425545381693856,960000.000000,1
1425545381694585,960000.000000,2
1425545381695262,960000.000000,3
1425545381696043,960000.000000,4
1425545381696929,960000.000000,5
1425545391566043,748800.000000,0
1425545391566929,748800.000000,1
1425545391567762,748800.000000,2
1425545391568699,748800.000000,3
1425545391569637,748800.000000,4
1425545391570574,748800.000000,5
1425545407652762,1363200.000000,0
1425545407653699,1363200.000000,1
1425545407654481,1363200.000000,2
1425545407655262,1363200.000000,3
1425545407655991,1363200.000000,4
1425545407656668,1363200.000000,5
1425545424872137,1555200.000000,0
1425545424872866,1555200.000000,1
1425545424873335,1555200.000000,2
1425545424873699,1555200.000000,3
1425545424874168,1555200.000000,4
1425545424874585,1555200.000000,5
1425545431408074,1785600.000000,0
1425545431408491,1785600.000000,1
1425545431408856,1785600.000000,2
1425545431409168,1785600.000000,3
1425545431409481,1785600.000000,4
1425545431409897,1785600.000000,5
1425545431471356,1555200.000000,0
1425545431471772,1555200.000000,1
1425545431472085,1555200.000000,2
1425545431472397,1555200.000000,3
1425545431472762,1555200.000000,4
1425545431473074,1555200.000000,5
1425545431793231,1785600.000000,0
1425545431793647,1785600.000000,1
1425545431794012,1785600.000000,2
1425545431794324,1785600.000000,3
1425545431794793,1785600.000000,4
1425545431795106,1785600.000000,5
1425545439483491,1363200.000000,0
1425545439483856,1363200.000000,1
1425545439484168,1363200.000000,2
1425545439484481,1363200.000000,3
1425545439484793,1363200.000000,4
1425545439485106,1363200.000000,5
1425545456889481,748800.000000,0
1425545456890106,748800.000000,1
1425545456890574,748800.000000,2
1425545456891199,748800.000000,3
1425545456892137,748800.000000,4
1425545456893074,748800.000000,5
1425545470808074,556800.000000,0
1425545470809585,556800.000000,1
1425545470810522,556800.000000,2
1425545470811512,556800.000000,3
1425545470812554,556800.000000,4
1425545470813647,556800.000000,5
1425545481941043,1152000.000000,0
1425545481942293,1152000.000000,1
1425545481943335,1152000.000000,2
1425545481944324,1152000.000000,3
1425545481945262,1152000.000000,4
1425545481946356,1152000.000000,5
1425545488927137,556800.000000,0
1425545488927606,556800.000000,1
1425545488928074,556800.000000,2
1425545488928543,556800.000000,3
1425545488929116,556800.000000,4
1425545488930054,556800.000000,5
1425545502781512,1363200.000000,0
1425545502782918,1363200.000000,1
1425545502784168,1363200.000000,2
1425545502785366,1363200.000000,3
1425545502786616,1363200.000000,4
1425545502787866,1363200.000000,5
1425545534798543,960000.000000,0
1425545534799012,960000.000000,1
1425545534799481,960000.000000,2
1425545534799897,960000.000000,3
1425545534800262,960000.000000,4
1425545534800678,960000.000000,5
1425545550867293,556800.000000,0
1425545550868022,556800.000000,1
1425545550868543,556800.000000,2
1425545550869481,556800.000000,3
1425545550870418,556800.000000,4
1425545550871512,556800.000000,5
1425545581094793,1363200.000000,0
1425545581095887,1363200.000000,1
1425545581096824,1363200.000000,2
1425545581097866,1363200.000000,3
1425545581098803,1363200.000000,4
1425545581099793,1363200.000000,5
1425545600901043,1785600.000000,0
1425545600901616,1785600.000000,1
1425545600901981,1785600.000000,2
1425545600902397,1785600.000000,3
1425545600902762,1785600.000000,4
1425545600903231,1785600.000000,5
1425545608739481,1555200.000000,0
1425545608739897,1555200.000000,1
1425545608740210,1555200.000000,2
1425545608740574,1555200.000000,3
1425545608740887,1555200.000000,4
1425545608741199,1555200.000000,5
1425545608897866,1785600.000000,0
1425545608898231,1785600.000000,1
1425545608898543,1785600.000000,2
1425545608898960,1785600.000000,3
1425545608899324,1785600.000000,4
1425545608899637,1785600.000000,5
1425545616910887,1152000.000000,0
1425545616911199,1152000.000000,1
1425545616911512,1152000.000000,2
1425545616911824,1152000.000000,3
1425545616912137,1152000.000000,4
1425545616912449,1152000.000000,5
1425545633682137,556800.000000,0
1425545633682762,556800.000000,1
1425545633683387,556800.000000,2
1425545633683960,556800.000000,3
1425545633684585,556800.000000,4
1425545633685210,556800.000000,5
1425545649796512,748800.000000,0
1425545649797918,748800.000000,1
1425545649799168,748800.000000,2
1425545649800418,748800.000000,3
1425545649801668,748800.000000,4
1425545649802918,748800.000000,5
1425545650186981,556800.000000,0
1425545650188178,556800.000000,1
1425545650189168,556800.000000,2
1425545650192553,556800.000000,3
1425545650193647,556800.000000,4
1425545650194637,556800.000000,5
1425545673936043,960000.000000,0
1425545673937397,960000.000000,1
1425545673938387,960000.000000,2
1425545673939324,960000.000000,3
1425545673940418,960000.000000,4
1425545673941512,960000.000000,5
1425545680919481,556800.000000,0
1425545680921043,556800.000000,1
1425545680922293,556800.000000,2
1425545680923543,556800.000000,3
1425545680924949,556800.000000,4
1425545680926199,556800.000000,5
1425545680987606,960000.000000,0
1425545680988960,960000.000000,1
1425545680990262,960000.000000,2
1425545680991512,960000.000000,3
1425545680992762,960000.000000,4
1425545680994012,960000.000000,5
1425545694778699,1152000.000000,0
1425545694779585,1152000.000000,1
1425545694780262,1152000.000000,2
1425545694781043,1152000.000000,3
1425545694781824,1152000.000000,4
1425545694782606,1152000.000000,5
1425545710752085,1555200.000000,0
1425545710752606,1555200.000000,1
1425545710753178,1555200.000000,2
1425545710753699,1555200.000000,3
1425545710754168,1555200.000000,4
1425545710754637,1555200.000000,5
1425545740962449,2227200.000000,0
1425545740962918,2227200.000000,1
1425545740963230,2227200.000000,2
1425545740963543,2227200.000000,3
1425545740963960,2227200.000000,4
1425545740964324,2227200.000000,5
1425545740983543,1555200.000000,0
1425545740984012,1555200.000000,1
1425545740984324,1555200.000000,2
1425545740984793,1555200.000000,3
1425545740985105,1555200.000000,4
1425545740985522,1555200.000000,5
1425545756727605,2745600.000000,0
1425545756728074,2745600.000000,1
1425545756728387,2745600.000000,2
1425545756728803,2745600.000000,3
1425545756729168,2745600.000000,4
1425545756729480,2745600.000000,5
1425545758764116,1996800.000000,0
1425545758764324,1996800.000000,1
1425545758764637,1996800.000000,2
1425545758764793,1996800.000000,3
1425545758765053,1996800.000000,4
1425545758765210,1996800.000000,5
1425545758889637,1785600.000000,0
1425545758890053,1785600.000000,1
1425545758890418,1785600.000000,2
1425545758890730,1785600.000000,3
1425545758891147,1785600.000000,4
1425545758891460,1785600.000000,5
1425545760265887,1996800.000000,0
1425545760266303,1996800.000000,1
1425545760266512,1996800.000000,2
1425545760266928,1996800.000000,3
1425545760267241,1996800.000000,4
1425545760267553,1996800.000000,5
1425545760749272,1785600.000000,0
1425545760749585,1785600.000000,1
1425545760749897,1785600.000000,2
1425545760750210,1785600.000000,3
1425545760750522,1785600.000000,4
1425545760750887,1785600.000000,5
1425545760784324,1996800.000000,0
1425545760784793,1996800.000000,1
1425545760785210,1996800.000000,2
1425545760785574,1996800.000000,3
1425545760786043,1996800.000000,4
1425545760786355,1996800.000000,5
1425545763553855,1785600.000000,0
1425545763554116,1785600.000000,1
1425545763554428,1785600.000000,2
1425545763554741,1785600.000000,3
1425545763555053,1785600.000000,4
1425545763555262,1785600.000000,5
1425545763778178,1996800.000000,0
1425545763778543,1996800.000000,1
1425545763779012,1996800.000000,2
1425545763779428,1996800.000000,3
1425545763779793,1996800.000000,4
1425545763780210,1996800.000000,5
1425545764045522,1785600.000000,0
1425545764045991,1785600.000000,1
1425545764046355,1785600.000000,2
1425545764046668,1785600.000000,3
1425545764047085,1785600.000000,4
1425545764047397,1785600.000000,5
1425545764131824,1996800.000000,0
1425545764132241,1996800.000000,1
1425545764132605,1996800.000000,2
1425545764133074,1996800.000000,3
1425545764133387,1996800.000000,4
1425545764133855,1996800.000000,5
1425545775103960,748800.000000,0
1425545775104272,748800.000000,1
1425545775104585,748800.000000,2
1425545775104793,748800.000000,3
1425545775105105,748800.000000,4
1425545775105418,748800.000000,5
1425545790797918,556800.000000,0
1425545790799324,556800.000000,1
1425545790800522,556800.000000,2
1425545790801824,556800.000000,3
1425545790803178,556800.000000,4
1425545790804480,556800.000000,5
1425545806785366,1363200.000000,0
1425545806786512,1363200.000000,1
1425545806787449,1363200.000000,2
1425545806788543,1363200.000000,3
1425545806791355,1363200.000000,4
1425545806792397,1363200.000000,5
1425545815837137,1555200.000000,0
1425545815837605,1555200.000000,1
1425545815838022,1555200.000000,2
1425545815838387,1555200.000000,3
1425545815838855,1555200.000000,4
1425545815839272,1555200.000000,5
1425545816091043,1363200.000000,0
1425545816091512,1363200.000000,1
1425545816091928,1363200.000000,2
1425545816092293,1363200.000000,3
1425545816092605,1363200.000000,4
1425545816093022,1363200.000000,5
1425545839661355,556800.000000,0
1425545839661824,556800.000000,1
1425545839662293,556800.000000,2
1425545839662710,556800.000000,3
1425545839663074,556800.000000,4
1425545839663491,556800.000000,5
1425545864998491,748800.000000,0
1425545864999637,748800.000000,1
1425545865000730,748800.000000,2
1425545865001668,748800.000000,3
1425545865002762,748800.000000,4
1425545865003699,748800.000000,5
1425545872402137,556800.000000,0
1425545872403178,556800.000000,1
1425545872404168,556800.000000,2
1425545872405262,556800.000000,3
1425545872406303,556800.000000,4
1425545872407293,556800.000000,5
1425545881483335,1363200.000000,0
1425545881484428,1363200.000000,1
1425545881485418,1363200.000000,2
1425545881486460,1363200.000000,3
1425545881487553,1363200.000000,4
1425545881488543,1363200.000000,5
1425545888858387,960000.000000,0
1425545888858855,960000.000000,1
1425545888859272,960000.000000,2
1425545888859637,960000.000000,3
1425545888860105,960000.000000,4
1425545888860522,960000.000000,5
1425545904868803,1363200.000000,0
1425545904869480,1363200.000000,1
1425545904870053,1363200.000000,2
1425545904870678,1363200.000000,3
1425545904871303,1363200.000000,4
1425545904871824,1363200.000000,5
1425545918823491,1152000.000000,0
1425545918824168,1152000.000000,1
1425545918824741,1152000.000000,2
1425545918825366,1152000.000000,3
1425545918825991,1152000.000000,4
1425545918826616,1152000.000000,5
1425545936392397,556800.000000,0
1425545936393022,556800.000000,1
1425545936394012,556800.000000,2
1425545936395366,556800.000000,3
1425545936396512,556800.000000,4
1425545936397762,556800.000000,5
1425545976768699,960000.000000,0
1425545976770262,960000.000000,1
1425545976771512,960000.000000,2
1425545976772762,960000.000000,3
1425545976774116,960000.000000,4
1425545976775418,960000.000000,5
1425545977184793,556800.000000,0
1425545977186199,556800.000000,1
1425545977187241,556800.000000,2
1425545977188230,556800.000000,3
1425545977189168,556800.000000,4
1425545977190210,556800.000000,5
1425545981468022,960000.000000,0
1425545981469168,960000.000000,1
1425545981470262,960000.000000,2
1425545981471355,960000.000000,3
1425545981472397,960000.000000,4
1425545981473387,960000.000000,5
1425545984920522,556800.000000,0
1425545984921199,556800.000000,1
1425545984921824,556800.000000,2
1425545984922449,556800.000000,3
1425545984923491,556800.000000,4
1425545984924480,556800.000000,5
1425546000927553,1363200.000000,0
1425546000928543,1363200.000000,1
1425546000929585,1363200.000000,2
1425546000930574,1363200.000000,3
1425546000931668,1363200.000000,4
1425546000932762,1363200.000000,5
1425546016191668,1785600.000000,0
1425546016192137,1785600.000000,1
1425546016192553,1785600.000000,2
1425546016192918,1785600.000000,3
1425546016193335,1785600.000000,4
1425546016193699,1785600.000000,5
1425546031773230,1152000.000000,0
1425546031773699,1152000.000000,1
1425546031774012,1152000.000000,2
1425546031774480,1152000.000000,3
1425546031774949,1152000.000000,4
1425546031775574,1152000.000000,5
1425546057009168,556800.000000,0
1425546057010574,556800.000000,1
1425546057011824,556800.000000,2
1425546057013074,556800.000000,3
1425546057014428,556800.000000,4
1425546057015730,556800.000000,5
1425546078928543,748800.000000,0
1425546078929949,748800.000000,1
1425546078931303,748800.000000,2
1425546078932553,748800.000000,3
1425546078933803,748800.000000,4
1425546078935053,748800.000000,5
1425546096923230,960000.000000,0
1425546096924012,960000.000000,1
1425546096924793,960000.000000,2
1425546096925574,960000.000000,3
1425546096926303,960000.000000,4
1425546096927137,960000.000000,5
1425546110787397,1363200.000000,0
1425546110788074,1363200.000000,1
1425546110788699,1363200.000000,2
1425546110789324,1363200.000000,3
1425546110789897,1363200.000000,4
1425546110790418,1363200.000000,5
1425546128929272,960000.000000,0
1425546128929897,960000.000000,1
1425546128930418,960000.000000,2
1425546128931043,960000.000000,3
1425546128931824,960000.000000,4
1425546128932553,960000.000000,5
1425546152954012,556800.000000,0
1425546152955418,556800.000000,1
1425546152956772,556800.000000,2
1425546152958074,556800.000000,3
1425546152959324,556800.000000,4
1425546152960574,556800.000000,5
1425546167142293,748800.000000,0
1425546167143543,748800.000000,1
1425546167144480,748800.000000,2
1425546167145522,748800.000000,3
1425546167146512,748800.000000,4
1425546167147449,748800.000000,5
1425546174780209,556800.000000,0
1425546174781668,556800.000000,1
1425546174782918,556800.000000,2
1425546174784168,556800.000000,3
1425546174785418,556800.000000,4
1425546174786668,556800.000000,5
1425546192893855,1363200.000000,0
1425546192895262,1363200.000000,1
1425546192896199,1363200.000000,2
1425546192897293,1363200.000000,3
1425546192898334,1363200.000000,4
1425546192899272,1363200.000000,5
1425546206925262,1785600.000000,0
1425546206925730,1785600.000000,1
1425546206926199,1785600.000000,2
1425546206926616,1785600.000000,3
1425546206926980,1785600.000000,4
1425546206927449,1785600.000000,5
1425546210988074,1555200.000000,0
1425546210988491,1555200.000000,1
1425546210988803,1555200.000000,2
1425546210989012,1555200.000000,3
1425546210989324,1555200.000000,4
1425546210989637,1555200.000000,5
1425546212902449,1785600.000000,0
1425546212902866,1785600.000000,1
1425546212903230,1785600.000000,2
1425546212903543,1785600.000000,3
1425546212903959,1785600.000000,4
1425546212904324,1785600.000000,5
1425546223932605,1555200.000000,0
1425546223933022,1555200.000000,1
1425546223933334,1555200.000000,2
1425546223933647,1555200.000000,3
1425546223933959,1555200.000000,4
1425546223934272,1555200.000000,5
1425546256423074,1996800.000000,0
1425546256423543,1996800.000000,1
1425546256424012,1996800.000000,2
1425546256424480,1996800.000000,3
1425546256424949,1996800.000000,4
1425546256425418,1996800.000000,5
1425546262519741,1555200.000000,0
1425546262520105,1555200.000000,1
1425546262520418,1555200.000000,2
1425546262520834,1555200.000000,3
1425546262521147,1555200.000000,4
1425546262521512,1555200.000000,5
1425546263353491,1996800.000000,0
1425546263353855,1996800.000000,1
1425546263354168,1996800.000000,2
1425546263354480,1996800.000000,3
1425546263356199,1996800.000000,4
1425546263356512,1996800.000000,5
1425546263752137,1555200.000000,0
1425546263752449,1555200.000000,1
1425546263752762,1555200.000000,2
1425546263753074,1555200.000000,3
1425546263753334,1555200.000000,4
1425546263753647,1555200.000000,5
1425546263811199,1996800.000000,0
1425546263811512,1996800.000000,1
1425546263811928,1996800.000000,2
1425546263812293,1996800.000000,3
1425546263812605,1996800.000000,4
1425546263813022,1996800.000000,5
1425546266283230,1555200.000000,0
1425546266283543,1555200.000000,1
1425546266283959,1555200.000000,2
1425546266284324,1555200.000000,3
1425546266284637,1555200.000000,4
1425546266284949,1555200.000000,5
1425546266972397,1996800.000000,0
1425546266972762,1996800.000000,1
1425546266973074,1996800.000000,2
1425546266973491,1996800.000000,3
1425546266973855,1996800.000000,4
1425546266974168,1996800.000000,5
1425546272894793,1363200.000000,0
1425546272895105,1363200.000000,1
1425546272895418,1363200.000000,2
1425546272895678,1363200.000000,3
1425546272895991,1363200.000000,4
1425546272896199,1363200.000000,5
1425546288473022,748800.000000,0
1425546288473647,748800.000000,1
1425546288474168,748800.000000,2
1425546288474637,748800.000000,3
1425546288475418,748800.000000,4
1425546288476303,748800.000000,5
1425546304006668,1363200.000000,0
1425546304007605,1363200.000000,1
1425546304008543,1363200.000000,2
1425546304009480,1363200.000000,3
1425546304010574,1363200.000000,4
1425546304011459,1363200.000000,5
1425546318797449,1152000.000000,0
1425546318797918,1152000.000000,1
1425546318798334,1152000.000000,2
1425546318798803,1152000.000000,3
1425546318799168,1152000.000000,4
1425546318799741,1152000.000000,5
1425546336840730,1555200.000000,0
1425546336841303,1555200.000000,1
1425546336841772,1555200.000000,2
1425546336842293,1555200.000000,3
1425546336842762,1555200.000000,4
1425546336843230,1555200.000000,5
1425546346811199,1785600.000000,0
1425546346811616,1785600.000000,1
1425546346811980,1785600.000000,2
1425546346812293,1785600.000000,3
1425546346812762,1785600.000000,4
1425546346813178,1785600.000000,5
1425546346858647,1555200.000000,0
1425546346859012,1555200.000000,1
1425546346859324,1555200.000000,2
1425546346859637,1555200.000000,3
1425546346859949,1555200.000000,4
1425546346860262,1555200.000000,5
1425546366745678,748800.000000,0
1425546366747084,748800.000000,1
1425546366747449,748800.000000,2
1425546366747762,748800.000000,3
1425546366748230,748800.000000,4
1425546366748959,748800.000000,5
1425546381935991,1152000.000000,0
1425546381936824,1152000.000000,1
1425546381937605,1152000.000000,2
1425546381938387,1152000.000000,3
1425546381939116,1152000.000000,4
1425546381939793,1152000.000000,5
1425546382847553,556800.000000,0
1425546382849012,556800.000000,1
1425546382850105,556800.000000,2
1425546382851459,556800.000000,3
1425546382852762,556800.000000,4
1425546382854168,556800.000000,5
1425546400931668,1363200.000000,0
1425546400932709,1363200.000000,1
1425546400933647,1363200.000000,2
1425546400934636,1363200.000000,3
1425546400935574,1363200.000000,4
1425546400936668,1363200.000000,5
1425546415533855,1785600.000000,0
1425546415534428,1785600.000000,1
1425546415534793,1785600.000000,2
1425546415535209,1785600.000000,3
1425546415535574,1785600.000000,4
1425546415535991,1785600.000000,5
1425546417617449,1555200.000000,0
1425546417617761,1555200.000000,1
1425546417618074,1555200.000000,2
1425546417618386,1555200.000000,3
1425546417618699,1555200.000000,4
1425546417619011,1555200.000000,5
1425546430962761,556800.000000,0
1425546430963230,556800.000000,1
1425546430963699,556800.000000,2
1425546430964480,556800.000000,3
1425546430965678,556800.000000,4
1425546430969793,556800.000000,5
1425546496891147,1363200.000000,0
1425546496893074,1363200.000000,1
1425546496894324,1363200.000000,2
1425546496895366,1363200.000000,3
1425546496896355,1363200.000000,4
1425546496897449,1363200.000000,5
1425546512846199,1785600.000000,0
1425546512847136,1785600.000000,1
1425546512847553,1785600.000000,2
1425546512847918,1785600.000000,3
1425546512848386,1785600.000000,4
1425546512848803,1785600.000000,5
1425546516929011,3532800.000000,0
1425546516929324,3532800.000000,1
1425546516929636,3532800.000000,2
1425546516930053,3532800.000000,3
1425546516930261,3532800.000000,4
1425546516930678,3532800.000000,5
1425546516950418,1785600.000000,0
1425546516950730,1785600.000000,1
1425546516951043,1785600.000000,2
1425546516951355,1785600.000000,3
1425546516951668,1785600.000000,4
1425546516951980,1785600.000000,5
1425546524477449,3532800.000000,0
1425546524477918,3532800.000000,1
1425546524478334,3532800.000000,2
1425546524478699,3532800.000000,3
1425546524479168,3532800.000000,4
1425546524479584,3532800.000000,5
1425546526601355,1785600.000000,0
1425546526601668,1785600.000000,1
1425546526601824,1785600.000000,2
1425546526601980,1785600.000000,3
1425546526602241,1785600.000000,4
1425546526602449,1785600.000000,5
1425546526894480,1996800.000000,0
1425546526894897,1996800.000000,1
1425546526895209,1996800.000000,2
1425546526895522,1996800.000000,3
1425546526895834,1996800.000000,4
1425546526896199,1996800.000000,5
1425546544926511,748800.000000,0
1425546544926824,748800.000000,1
1425546544927136,748800.000000,2
1425546544928230,748800.000000,3
1425546544928699,748800.000000,4
1425546544929480,748800.000000,5
1425546565550261,556800.000000,0
1425546565551668,556800.000000,1
1425546565552866,556800.000000,2
1425546565554116,556800.000000,3
1425546565555366,556800.000000,4
1425546565556616,556800.000000,5
1425546583201772,748800.000000,0
1425546583203022,748800.000000,1
1425546583203959,748800.000000,2
1425546583204949,748800.000000,3
1425546583206043,748800.000000,4
1425546583206980,748800.000000,5
1425546590957918,1555200.000000,0
1425546590958699,1555200.000000,1
1425546590959584,1555200.000000,2
1425546590960261,1555200.000000,3
1425546590961043,1555200.000000,4
1425546590961824,1555200.000000,5
1425546591096668,748800.000000,0
1425546591097136,748800.000000,1
1425546591097553,748800.000000,2
1425546591097866,748800.000000,3
1425546591098230,748800.000000,4
1425546591098543,748800.000000,5
1425546606891303,1363200.000000,0
1425546606892136,1363200.000000,1
1425546606892918,1363200.000000,2
1425546606893647,1363200.000000,3
1425546606894480,1363200.000000,4
1425546606895261,1363200.000000,5
1425546624175991,1152000.000000,0
1425546624176511,1152000.000000,1
1425546624177084,1152000.000000,2
1425546624177605,1152000.000000,3
1425546624178230,1152000.000000,4
1425546624178855,1152000.000000,5
1425546640916668,748800.000000,0
1425546640917553,748800.000000,1
1425546640918334,748800.000000,2
1425546640919011,748800.000000,3
1425546640919793,748800.000000,4
1425546640920574,748800.000000,5
1425546656916980,1363200.000000,0
1425546656917866,1363200.000000,1
1425546656918543,1363200.000000,2
1425546656919324,1363200.000000,3
1425546656919949,1363200.000000,4
1425546656920730,1363200.000000,5
1425546672335209,748800.000000,0
1425546672335730,748800.000000,1
1425546672336199,748800.000000,2
1425546672336772,748800.000000,3
1425546672337449,748800.000000,4
1425546672338386,748800.000000,5
1425546681251980,1152000.000000,0
1425546681252918,1152000.000000,1
1425546681253699,1152000.000000,2
1425546681254428,1152000.000000,3
1425546681255209,1152000.000000,4
1425546681256043,1152000.000000,5
1425546686848803,556800.000000,0
1425546686849428,556800.000000,1
1425546686850053,556800.000000,2
1425546686851043,556800.000000,3
1425546686852084,556800.000000,4
1425546686853022,556800.000000,5
1425546704934897,1363200.000000,0
1425546704936511,1363200.000000,1
1425546704937553,1363200.000000,2
1425546704938543,1363200.000000,3
1425546704939584,1363200.000000,4
1425546704940678,1363200.000000,5
1425546735133855,556800.000000,0
1425546735134324,556800.000000,1
1425546735134793,556800.000000,2
1425546735135209,556800.000000,3
1425546735136199,556800.000000,4
1425546735137136,556800.000000,5
1425546735465678,748800.000000,0
1425546735467241,748800.000000,1
1425546735468491,748800.000000,2
1425546735469636,748800.000000,3
1425546735470886,748800.000000,4
1425546735472241,748800.000000,5
1425546735980418,960000.000000,0
1425546735981355,960000.000000,1
1425546735982136,960000.000000,2
1425546735982918,960000.000000,3
1425546735983543,960000.000000,4
1425546735984324,960000.000000,5
1425546736412293,556800.000000,0
1425546736413074,556800.000000,1
1425546736413699,556800.000000,2
1425546736414324,556800.000000,3
1425546736415105,556800.000000,4
1425546736416147,556800.000000,5
1425546781781355,1363200.000000,0
1425546781782605,1363200.000000,1
1425546781783543,1363200.000000,2
1425546781784480,1363200.000000,3
1425546781785574,1363200.000000,4
1425546781786668,1363200.000000,5
1425546782777605,556800.000000,0
1425546782778178,556800.000000,1
1425546782778543,556800.000000,2
1425546782779011,556800.000000,3
1425546782779897,556800.000000,4
1425546782780991,556800.000000,5
1425546794257605,748800.000000,0
1425546794258959,748800.000000,1
1425546794260053,748800.000000,2
1425546794261043,748800.000000,3
1425546794261980,748800.000000,4
1425546794262918,748800.000000,5
1425546800871459,1363200.000000,0
1425546800872605,1363200.000000,1
1425546800873334,1363200.000000,2
1425546800874011,1363200.000000,3
1425546800874793,1363200.000000,4
1425546800875574,1363200.000000,5
1425546812345105,1555200.000000,0
1425546812345678,1555200.000000,1
1425546812346199,1555200.000000,2
1425546812346668,1555200.000000,3
1425546812347136,1555200.000000,4
1425546812347709,1555200.000000,5
1425546815075574,1785600.000000,0
1425546815075886,1785600.000000,1
1425546815076355,1785600.000000,2
1425546815076668,1785600.000000,3
1425546815076980,1785600.000000,4
1425546815077397,1785600.000000,5
1425546830782709,556800.000000,0
1425546830783230,556800.000000,1
1425546830783699,556800.000000,2
1425546830784793,556800.000000,3
1425546830786043,556800.000000,4
1425546830787293,556800.000000,5
1425546881463178,1785600.000000,0
1425546881464428,1785600.000000,1
1425546881465730,1785600.000000,2
1425546881466772,1785600.000000,3
1425546881467761,1785600.000000,4
1425546881468959,1785600.000000,5
1425546896844115,1996800.000000,0
1425546896844480,1996800.000000,1
1425546896844793,1996800.000000,2
1425546896845105,1996800.000000,3
1425546896845418,1996800.000000,4
1425546896845730,1996800.000000,5
1425546912893334,960000.000000,0
1425546912893699,960000.000000,1
1425546912894011,960000.000000,2
1425546912894272,960000.000000,3
1425546912894584,960000.000000,4
1425546912894793,960000.000000,5
1425546927223386,556800.000000,0
1425546927224168,556800.000000,1
1425546927225209,556800.000000,2
1425546927226147,556800.000000,3
1425546927227240,556800.000000,4
1425546927228178,556800.000000,5
1425546931721980,748800.000000,0
1425546931723386,748800.000000,1
1425546931724636,748800.000000,2
1425546931725886,748800.000000,3
1425546931727136,748800.000000,4
1425546931728490,748800.000000,5
1425546942806459,556800.000000,0
1425546942807761,556800.000000,1
1425546942808803,556800.000000,2
1425546942809740,556800.000000,3
1425546942810730,556800.000000,4
1425546942811772,556800.000000,5
1425546960884168,1363200.000000,0
1425546960885261,1363200.000000,1
1425546960886355,1363200.000000,2
1425546960887449,1363200.000000,3
1425546960888386,1363200.000000,4
1425546960889480,1363200.000000,5
1425546975594636,748800.000000,0
1425546975595261,748800.000000,1
1425546975595730,748800.000000,2
1425546975596355,748800.000000,3
1425546975597240,748800.000000,4
1425546975598178,748800.000000,5
1425546981512918,960000.000000,0
1425546981513855,960000.000000,1
1425546981514584,960000.000000,2
1425546981515261,960000.000000,3
1425546981516043,960000.000000,4
1425546981516772,960000.000000,5
1425547008868230,1363200.000000,0
1425547008868959,1363200.000000,1
1425547008869584,1363200.000000,2
1425547008870105,1363200.000000,3
1425547008870730,1363200.000000,4
1425547008871355,1363200.000000,5
1425547023172136,748800.000000,0
1425547023172605,748800.000000,1
1425547023173022,748800.000000,2
1425547023173386,748800.000000,3
1425547023174011,748800.000000,4
1425547023174793,748800.000000,5
1425547039140261,556800.000000,0
1425547039141772,556800.000000,1
1425547039143022,556800.000000,2
1425547039144324,556800.000000,3
1425547039145574,556800.000000,4
1425547039146980,556800.000000,5
1425547042971199,748800.000000,0
1425547042972293,748800.000000,1
1425547042973386,748800.000000,2
1425547042974428,748800.000000,3
1425547042975418,748800.000000,4
1425547042976355,748800.000000,5
1425547043642605,556800.000000,0
1425547043643386,556800.000000,1
1425547043644115,556800.000000,2
1425547043645209,556800.000000,3
1425547043646199,556800.000000,4
1425547043647240,556800.000000,5
1425547068989272,960000.000000,0
1425547068990730,960000.000000,1
1425547068991980,960000.000000,2
1425547068993386,960000.000000,3
1425547068994636,960000.000000,4
1425547068995834,960000.000000,5
1425547070995522,556800.000000,0
1425547070996199,556800.000000,1
1425547070996824,556800.000000,2
1425547070997605,556800.000000,3
1425547070998542,556800.000000,4
1425547070999584,556800.000000,5
1425547081778230,748800.000000,0
1425547081779324,748800.000000,1
1425547081780417,748800.000000,2
1425547081781355,748800.000000,3
1425547081782397,748800.000000,4
1425547081783334,748800.000000,5
1425547100864480,960000.000000,0
1425547100865678,960000.000000,1
1425547100866615,960000.000000,2
1425547100867449,960000.000000,3
1425547100868490,960000.000000,4
1425547100869428,960000.000000,5
1425547103267449,1363200.000000,0
1425547103268334,1363200.000000,1
1425547103269011,1363200.000000,2
1425547103269740,1363200.000000,3
1425547103270417,1363200.000000,4
1425547103271199,1363200.000000,5
1425547118857240,1555200.000000,0
1425547118857709,1555200.000000,1
1425547118858074,1555200.000000,2
1425547118858542,1555200.000000,3
1425547118858959,1555200.000000,4
1425547118859324,1555200.000000,5
1425547118933959,2745600.000000,0
1425547118934324,2745600.000000,1
1425547118934636,2745600.000000,2
1425547118935105,2745600.000000,3
1425547118935417,2745600.000000,4
1425547118935834,2745600.000000,5
1425547118995522,1555200.000000,0
1425547118995834,1555200.000000,1
1425547118996042,1555200.000000,2
1425547118996199,1555200.000000,3
1425547118996459,1555200.000000,4
1425547118996667,1555200.000000,5
1425547119132761,1785600.000000,0
1425547119133178,1785600.000000,1
1425547119133542,1785600.000000,2
1425547119133959,1785600.000000,3
1425547119134324,1785600.000000,4
1425547119134636,1785600.000000,5
1425547130424480,1555200.000000,0
1425547130424792,1555200.000000,1
1425547130425105,1555200.000000,2
1425547130425574,1555200.000000,3
1425547130425886,1555200.000000,4
1425547130426199,1555200.000000,5
1425547131342917,1785600.000000,0
1425547131343542,1785600.000000,1
1425547131343959,1785600.000000,2
1425547131344428,1785600.000000,3
1425547131344792,1785600.000000,4
1425547131345261,1785600.000000,5
1425547135374897,556800.000000,0
1425547135375261,556800.000000,1
1425547135375574,556800.000000,2
1425547135375886,556800.000000,3
1425547135376199,556800.000000,4
1425547135376511,556800.000000,5
1425547181389011,1152000.000000,0
1425547181390105,1152000.000000,1
1425547181391147,1152000.000000,2
1425547181392136,1152000.000000,3
1425547181393230,1152000.000000,4
1425547181394272,1152000.000000,5
1425547182762865,556800.000000,0
1425547182763386,556800.000000,1
1425547182763855,556800.000000,2
1425547182764324,556800.000000,3
1425547182765261,556800.000000,4
1425547182766199,556800.000000,5
1425547196283334,748800.000000,0
1425547196284740,748800.000000,1
1425547196285886,748800.000000,2
1425547196287136,748800.000000,3
1425547196288542,748800.000000,4
1425547196289792,748800.000000,5
1425547200878074,1363200.000000,0
1425547200878855,1363200.000000,1
1425547200879584,1363200.000000,2
1425547200880261,1363200.000000,3
1425547200880990,1363200.000000,4
1425547200881667,1363200.000000,5
1425547215370574,1785600.000000,0
1425547215370990,1785600.000000,1
1425547215371355,1785600.000000,2
1425547215371772,1785600.000000,3
1425547215372136,1785600.000000,4
1425547215372605,1785600.000000,5
1425547231029480,556800.000000,0
1425547231029897,556800.000000,1
1425547231030261,556800.000000,2
1425547231030834,556800.000000,3
1425547231032136,556800.000000,4
1425547231033386,556800.000000,5
1425547244772917,748800.000000,0
1425547244774324,748800.000000,1
1425547244775678,748800.000000,2
1425547244776980,748800.000000,3
1425547244778230,748800.000000,4
1425547244779636,748800.000000,5
1425547261140834,960000.000000,0
1425547261141772,960000.000000,1
1425547261142449,960000.000000,2
1425547261143230,960000.000000,3
1425547261144011,960000.000000,4
1425547261144792,960000.000000,5
1425547263026980,1363200.000000,0
1425547263027709,1363200.000000,1
1425547263028334,1363200.000000,2
1425547263028855,1363200.000000,3
1425547263029480,1363200.000000,4
1425547263030209,1363200.000000,5
1425547278794740,1555200.000000,0
1425547278795209,1555200.000000,1
1425547278795574,1555200.000000,2
1425547278795990,1555200.000000,3
1425547278796355,1555200.000000,4
1425547278796772,1555200.000000,5
1425547281495209,1785600.000000,0
1425547281495574,1785600.000000,1
1425547281496042,1785600.000000,2
1425547281496355,1785600.000000,3
1425547281496667,1785600.000000,4
1425547281496980,1785600.000000,5
1425547283940105,3532800.000000,0
1425547283940417,3532800.000000,1
1425547283940886,3532800.000000,2
1425547283941355,3532800.000000,3
1425547283941667,3532800.000000,4
1425547283942136,3532800.000000,5
1425547285960730,1785600.000000,0
1425547285960990,1785600.000000,1
1425547285961147,1785600.000000,2
1425547285961303,1785600.000000,3
1425547285961459,1785600.000000,4
1425547285961615,1785600.000000,5
1425547296837449,2227200.000000,0
1425547296838074,2227200.000000,1
1425547296838386,2227200.000000,2
1425547296838699,2227200.000000,3
1425547296839011,2227200.000000,4
1425547296839324,2227200.000000,5
1425547312883855,748800.000000,0
1425547312884167,748800.000000,1
1425547312884480,748800.000000,2
1425547312884636,748800.000000,3
1425547312884949,748800.000000,4
1425547312885209,748800.000000,5
1425547335410105,556800.000000,0
1425547335411199,556800.000000,1
1425547335412240,556800.000000,2
1425547335413230,556800.000000,3
1425547335414167,556800.000000,4
1425547335415261,556800.000000,5
1425547342981772,748800.000000,0
1425547342982917,748800.000000,1
1425547342984011,748800.000000,2
1425547342984949,748800.000000,3
1425547342985990,748800.000000,4
1425547342987084,748800.000000,5
1425547343978490,556800.000000,0
1425547343979324,556800.000000,1
1425547343980105,556800.000000,2
1425547343981199,556800.000000,3
1425547343982292,556800.000000,4
1425547343983230,556800.000000,5
1425547349792553,748800.000000,0
1425547349793699,748800.000000,1
1425547349794792,748800.000000,2
1425547349795886,748800.000000,3
1425547349796928,748800.000000,4
1425547349797917,748800.000000,5
1425547359469011,1363200.000000,0
1425547359470053,1363200.000000,1
1425547359470990,1363200.000000,2
1425547359471928,1363200.000000,3
1425547359472865,1363200.000000,4
1425547359473803,1363200.000000,5
1425547376973230,960000.000000,0
1425547376974011,960000.000000,1
1425547376974897,960000.000000,2
1425547376975678,960000.000000,3
1425547376976355,960000.000000,4
1425547376977136,960000.000000,5
1425547390847605,748800.000000,0
1425547390848386,748800.000000,1
1425547390849167,748800.000000,2
1425547390849897,748800.000000,3
1425547390850678,748800.000000,4
1425547390851355,748800.000000,5
1425547400002292,960000.000000,0
1425547400003074,960000.000000,1
1425547400003855,960000.000000,2
1425547400004636,960000.000000,3
1425547400005417,960000.000000,4
1425547400006199,960000.000000,5
1425547408958699,1363200.000000,0
1425547408959480,1363200.000000,1
1425547408960105,1363200.000000,2
1425547408960678,1363200.000000,3
1425547408961199,1363200.000000,4
1425547408961772,1363200.000000,5
1425547424865834,1555200.000000,0
1425547424866199,1555200.000000,1
1425547424866667,1555200.000000,2
1425547424867136,1555200.000000,3
1425547424867553,1555200.000000,4
1425547424867917,1555200.000000,5
1425547428986355,1785600.000000,0
1425547428986824,1785600.000000,1
1425547428987292,1785600.000000,2
1425547428987761,1785600.000000,3
1425547428988230,1785600.000000,4
1425547428988699,1785600.000000,5
1425547439418542,1555200.000000,0
1425547439419011,1555200.000000,1
1425547439419324,1555200.000000,2
1425547439419792,1555200.000000,3
1425547439420209,1555200.000000,4
1425547439420574,1555200.000000,5
1425547440442397,2227200.000000,0
1425547440442865,2227200.000000,1
1425547440443334,2227200.000000,2
1425547440443855,2227200.000000,3
1425547440444324,2227200.000000,4
1425547440444740,2227200.000000,5
1425547454739480,960000.000000,0
1425547454739792,960000.000000,1
1425547454739949,960000.000000,2
1425547454740261,960000.000000,3
1425547454740574,960000.000000,4
1425547454740730,960000.000000,5
1425547474311303,556800.000000,0
1425547474312292,556800.000000,1
1425547474313334,556800.000000,2
1425547474314480,556800.000000,3
1425547474315417,556800.000000,4
1425547474316459,556800.000000,5
1425547481413699,1152000.000000,0
1425547481414792,1152000.000000,1
1425547481415886,1152000.000000,2
1425547481416824,1152000.000000,3
1425547481417761,1152000.000000,4
1425547481418803,1152000.000000,5
1425547488929167,556800.000000,0
1425547488929949,556800.000000,1
1425547488930417,556800.000000,2
1425547488931355,556800.000000,3
1425547488932292,556800.000000,4
1425547488933386,556800.000000,5
1425547491871771,748800.000000,0
1425547491872865,748800.000000,1
1425547491873855,748800.000000,2
1425547491874896,748800.000000,3
1425547491875886,748800.000000,4
1425547491876824,748800.000000,5
1425547493298490,960000.000000,0
1425547493299324,960000.000000,1
1425547493300053,960000.000000,2
1425547493300730,960000.000000,3
1425547493301459,960000.000000,4
1425547493302136,960000.000000,5
1425547495827136,556800.000000,0
1425547495827761,556800.000000,1
1425547495828386,556800.000000,2
1425547495829480,556800.000000,3
1425547495830417,556800.000000,4
1425547495831459,556800.000000,5
1425547503347605,1363200.000000,0
1425547503349011,1363200.000000,1
1425547503350261,1363200.000000,2
1425547503351615,1363200.000000,3
1425547503352865,1363200.000000,4
1425547503354115,1363200.000000,5
1425547539617761,556800.000000,0
1425547539618230,556800.000000,1
1425547539618855,556800.000000,2
1425547539619740,556800.000000,3
1425547539620834,556800.000000,4
1425547539621980,556800.000000,5
1425547581446355,1363200.000000,0
1425547581447396,1363200.000000,1
1425547581448334,1363200.000000,2
1425547581449324,1363200.000000,3
1425547581450261,1363200.000000,4
1425547581451303,1363200.000000,5
1425547596911459,1555200.000000,0
1425547596911980,1555200.000000,1
1425547596912449,1555200.000000,2
1425547596912865,1555200.000000,3
1425547596913334,1555200.000000,4
1425547596913699,1555200.000000,5
1425547599517396,1785600.000000,0
1425547599517761,1785600.000000,1
1425547599518178,1785600.000000,2
1425547599518542,1785600.000000,3
1425547599518855,1785600.000000,4
1425547599519167,1785600.000000,5
1425547616951303,960000.000000,0
1425547616951667,960000.000000,1
1425547616951980,960000.000000,2
1425547616952292,960000.000000,3
1425547616952605,960000.000000,4
1425547616953074,960000.000000,5
1425547630799636,556800.000000,0
1425547630800261,556800.000000,1
1425547630800834,556800.000000,2
1425547630801615,556800.000000,3
1425547630802605,556800.000000,4
1425547630803646,556800.000000,5
1425547661331146,748800.000000,0
1425547661332240,748800.000000,1
1425547661333178,748800.000000,2
1425547661334167,748800.000000,3
1425547661335261,748800.000000,4
1425547661336355,748800.000000,5
1425547694984636,960000.000000,0
1425547694985574,960000.000000,1
1425547694986459,960000.000000,2
1425547694987240,960000.000000,3
1425547694987917,960000.000000,4
1425547694990105,960000.000000,5
1425547712873386,1363200.000000,0
1425547712874323,1363200.000000,1
1425547712875105,1363200.000000,2
1425547712875886,1363200.000000,3
1425547712876667,1363200.000000,4
1425547712877448,1363200.000000,5
1425547725183803,1555200.000000,0
1425547725184271,1555200.000000,1
1425547725184636,1555200.000000,2
1425547725185105,1555200.000000,3
1425547725185573,1555200.000000,4
1425547725186042,1555200.000000,5
1425547725745105,1363200.000000,0
1425547725745573,1363200.000000,1
1425547725745886,1363200.000000,2
1425547725746198,1363200.000000,3
1425547725746615,1363200.000000,4
1425547725746980,1363200.000000,5
1425547726791146,1555200.000000,0
1425547726791511,1555200.000000,1
1425547726792084,1555200.000000,2
1425547726792553,1555200.000000,3
1425547726792917,1555200.000000,4
1425547726793386,1555200.000000,5
1425547743303959,556800.000000,0
1425547743305417,556800.000000,1
1425547743306615,556800.000000,2
1425547743307865,556800.000000,3
1425547743309167,556800.000000,4
1425547743310417,556800.000000,5
1425547749656355,748800.000000,0
1425547749657605,748800.000000,1
1425547749658698,748800.000000,2
1425547749659792,748800.000000,3
1425547749660730,748800.000000,4
1425547749661771,748800.000000,5
1425547749925105,556800.000000,0
1425547749925990,556800.000000,1
1425547749926667,556800.000000,2
1425547749927917,556800.000000,3
1425547749928855,556800.000000,4
1425547749929948,556800.000000,5
1425547761526511,748800.000000,0
1425547761527605,748800.000000,1
1425547761528698,748800.000000,2
1425547761529896,748800.000000,3
1425547761530886,748800.000000,4
1425547761531980,748800.000000,5
1425547777000261,556800.000000,0
1425547777001771,556800.000000,1
1425547777003021,556800.000000,2
1425547777004271,556800.000000,3
1425547777005521,556800.000000,4
1425547777006823,556800.000000,5
1425547800956980,748800.000000,0
1425547800958073,748800.000000,1
1425547800959271,748800.000000,2
1425547800960261,748800.000000,3
1425547800961303,748800.000000,4
1425547800962292,748800.000000,5
1425547801871459,556800.000000,0
1425547801873021,556800.000000,1
1425547801874323,556800.000000,2
1425547801875573,556800.000000,3
1425547801876823,556800.000000,4
1425547801878073,556800.000000,5
1425547808939896,1363200.000000,0
1425547808941042,1363200.000000,1
1425547808942136,1363200.000000,2
1425547808943178,1363200.000000,3
1425547808944167,1363200.000000,4
1425547808945105,1363200.000000,5
1425547810012448,1555200.000000,0
1425547810013021,1555200.000000,1
1425547810013542,1555200.000000,2
1425547810014115,1555200.000000,3
1425547810014584,1555200.000000,4
1425547810015105,1555200.000000,5
1425547820846511,1363200.000000,0
1425547820846980,1363200.000000,1
1425547820847553,1363200.000000,2
1425547820848021,1363200.000000,3
1425547820848490,1363200.000000,4
1425547820848855,1363200.000000,5
1425547824855886,1555200.000000,0
1425547824856459,1555200.000000,1
1425547824856928,1555200.000000,2
1425547824857448,1555200.000000,3
1425547824857917,1555200.000000,4
1425547824858490,1555200.000000,5
1425547843736771,556800.000000,0
1425547843737292,556800.000000,1
1425547843737917,556800.000000,2
1425547843739167,556800.000000,3
1425547843740521,556800.000000,4
1425547843741928,556800.000000,5
1425547847993959,748800.000000,0
1425547847995053,748800.000000,1
1425547847996042,748800.000000,2
1425547847996980,748800.000000,3
1425547847998021,748800.000000,4
1425547847998959,748800.000000,5
1425547856871355,556800.000000,0
1425547856872240,556800.000000,1
1425547856873073,556800.000000,2
1425547856874167,556800.000000,3
1425547856875209,556800.000000,4
1425547856876198,556800.000000,5
1425547881813803,1555200.000000,0
1425547881814896,1555200.000000,1
1425547881815886,1555200.000000,2
1425547881816823,1555200.000000,3
1425547881817761,1555200.000000,4
1425547881818803,1555200.000000,5
1425547887938021,1363200.000000,0
1425547887938386,1363200.000000,1
1425547887938698,1363200.000000,2
1425547887939115,1363200.000000,3
1425547887939480,1363200.000000,4
1425547887939792,1363200.000000,5
1425547900847761,1785600.000000,0
1425547900848230,1785600.000000,1
1425547900848698,1785600.000000,2
1425547900849115,1785600.000000,3
1425547900849480,1785600.000000,4
1425547900849896,1785600.000000,5
1425547903082917,1996800.000000,0
1425547903083230,1996800.000000,1
1425547903083646,1996800.000000,2
1425547903083959,1996800.000000,3
1425547903084167,1996800.000000,4
1425547903084584,1996800.000000,5
1425547920924636,556800.000000,0
1425547920924948,556800.000000,1
1425547920925261,556800.000000,2
1425547920925521,556800.000000,3
1425547920925834,556800.000000,4
1425547920926042,556800.000000,5
1425547999565521,1363200.000000,0
1425547999567136,1363200.000000,1
1425547999568490,1363200.000000,2
1425547999569896,1363200.000000,3
1425547999571042,1363200.000000,4
1425547999572396,1363200.000000,5
1425548012855834,1555200.000000,0
1425548012856355,1555200.000000,1
1425548012856980,1555200.000000,2
1425548012857448,1555200.000000,3
1425548012857917,1555200.000000,4
1425548012858542,1555200.000000,5
1425548014865573,1785600.000000,0
1425548014865990,1785600.000000,1
1425548014866355,1785600.000000,2
1425548014866667,1785600.000000,3
1425548014867084,1785600.000000,4
1425548014867448,1785600.000000,5
1425548046992865,556800.000000,0
1425548046993230,556800.000000,1
1425548046993542,556800.000000,2
1425548046993855,556800.000000,3
1425548046994167,556800.000000,4
1425548046994480,556800.000000,5
1425548094864948,748800.000000,0
1425548094866355,748800.000000,1
1425548094867605,748800.000000,2
1425548094868855,748800.000000,3
1425548094870105,748800.000000,4
1425548094871355,748800.000000,5
1425548108581667,1555200.000000,0
1425548108582761,1555200.000000,1
1425548108583646,1555200.000000,2
1425548108584323,1555200.000000,3
1425548108585105,1555200.000000,4
1425548108585886,1555200.000000,5
1425548108711146,748800.000000,0
1425548108711511,748800.000000,1
1425548108711980,748800.000000,2
1425548108712292,748800.000000,3
1425548108712761,748800.000000,4
1425548108713073,748800.000000,5
1425548109006355,960000.000000,0
1425548109007136,960000.000000,1
1425548109007917,960000.000000,2
1425548109008646,960000.000000,3
1425548109009428,960000.000000,4
1425548109010105,960000.000000,5
1425548111154011,1363200.000000,0
1425548111154584,1363200.000000,1
1425548111155209,1363200.000000,2
1425548111155834,1363200.000000,3
1425548111156459,1363200.000000,4
1425548111157084,1363200.000000,5
1425548127687448,960000.000000,0
1425548127688073,960000.000000,1
1425548127688542,960000.000000,2
1425548127689011,960000.000000,3
1425548127689584,960000.000000,4
1425548127690105,960000.000000,5
1425548145171980,556800.000000,0
1425548145172917,556800.000000,1
1425548145174011,556800.000000,2
1425548145174948,556800.000000,3
1425548145175886,556800.000000,4
1425548145176980,556800.000000,5
1425548181235573,1152000.000000,0
1425548181237240,1152000.000000,1
1425548181238542,1152000.000000,2
1425548181239896,1152000.000000,3
1425548181241042,1152000.000000,4
1425548181242292,1152000.000000,5
1425548190774167,1363200.000000,0
1425548190774896,1363200.000000,1
1425548190775417,1363200.000000,2
1425548190776146,1363200.000000,3
1425548190776823,1363200.000000,4
1425548190777448,1363200.000000,5
1425548190792917,1555200.000000,0
1425548190793490,1555200.000000,1
1425548190793959,1555200.000000,2
1425548190794480,1555200.000000,3
1425548190795052,1555200.000000,4
1425548190795573,1555200.000000,5
1425548193037917,1785600.000000,0
1425548193038334,1785600.000000,1
1425548193038698,1785600.000000,2
1425548193039011,1785600.000000,3
1425548193039480,1785600.000000,4
1425548193039792,1785600.000000,5
1425548193049948,1555200.000000,0
1425548193050365,1555200.000000,1
1425548193050730,1555200.000000,2
1425548193051042,1555200.000000,3
1425548193051511,1555200.000000,4
1425548193051823,1555200.000000,5
1425548204862761,1996800.000000,0
1425548204863230,1996800.000000,1
1425548204863542,1996800.000000,2
1425548204863959,1996800.000000,3
1425548204864271,1996800.000000,4
1425548204864636,1996800.000000,5
1425548211582761,2227200.000000,0
1425548211583073,2227200.000000,1
1425548211583386,2227200.000000,2
1425548211583646,2227200.000000,3
1425548211583855,2227200.000000,4
1425548211584167,2227200.000000,5
1425548211666042,1996800.000000,0
1425548211666302,1996800.000000,1
1425548211666511,1996800.000000,2
1425548211666823,1996800.000000,3
1425548211667084,1996800.000000,4
1425548211667292,1996800.000000,5
1425548211817448,2227200.000000,0
1425548211817761,2227200.000000,1
1425548211818073,2227200.000000,2
1425548211818386,2227200.000000,3
1425548211818698,2227200.000000,4
1425548211819011,2227200.000000,5
1425548215467240,1555200.000000,0
1425548215467605,1555200.000000,1
1425548215467917,1555200.000000,2
1425548215468230,1555200.000000,3
1425548215468542,1555200.000000,4
1425548215468855,1555200.000000,5
1425548215533646,2227200.000000,0
1425548215534115,2227200.000000,1
1425548215534480,2227200.000000,2
1425548215534948,2227200.000000,3
1425548215535417,2227200.000000,4
1425548215535886,2227200.000000,5
1425548218928386,1996800.000000,0
1425548218928698,1996800.000000,1
1425548218929011,1996800.000000,2
1425548218929323,1996800.000000,3
1425548218929636,1996800.000000,4
1425548218929948,1996800.000000,5
1425548219056042,2227200.000000,0
1425548219056459,2227200.000000,1
1425548219056823,2227200.000000,2
1425548219057136,2227200.000000,3
1425548219057552,2227200.000000,4
1425548219057865,2227200.000000,5
1425548223919011,1555200.000000,0
1425548223919323,1555200.000000,1
1425548223919636,1555200.000000,2
1425548223919948,1555200.000000,3
1425548223920365,1555200.000000,4
1425548223920677,1555200.000000,5
1425548242194011,556800.000000,0
1425548242194636,556800.000000,1
1425548242195105,556800.000000,2
1425548242195834,556800.000000,3
1425548242197084,556800.000000,4
1425548242198334,556800.000000,5
1425548265238490,960000.000000,0
1425548265239948,960000.000000,1
1425548265241198,960000.000000,2
1425548265242448,960000.000000,3
1425548265243802,960000.000000,4
1425548265245052,960000.000000,5
1425548266493542,556800.000000,0
1425548266494480,556800.000000,1
1425548266495521,556800.000000,2
1425548266496511,556800.000000,3
1425548266497552,556800.000000,4
1425548266498646,556800.000000,5
1425548280309323,960000.000000,0
1425548280310730,960000.000000,1
1425548280311823,960000.000000,2
1425548280313073,960000.000000,3
1425548280314323,960000.000000,4
1425548280315730,960000.000000,5
1425548280979636,1996800.000000,0
1425548280980365,1996800.000000,1
1425548280980886,1996800.000000,2
1425548280981511,1996800.000000,3
1425548280981980,1996800.000000,4
1425548280982605,1996800.000000,5
1425548288909948,1152000.000000,0
1425548288910261,1152000.000000,1
1425548288911042,1152000.000000,2
1425548288911355,1152000.000000,3
1425548288911667,1152000.000000,4
1425548288911927,1152000.000000,5
1425548304865521,1785600.000000,0
1425548304866198,1785600.000000,1
1425548304866771,1785600.000000,2
1425548304867396,1785600.000000,3
1425548304868021,1785600.000000,4
1425548304868646,1785600.000000,5
1425548320102709,556800.000000,0
1425548320103073,556800.000000,1
1425548320103386,556800.000000,2
1425548320103802,556800.000000,3
1425548320104271,556800.000000,4
1425548320105105,556800.000000,5
1425548336935105,748800.000000,0
1425548336936198,748800.000000,1
1425548336937136,748800.000000,2
1425548336938230,748800.000000,3
1425548336939271,748800.000000,4
1425548336940261,748800.000000,5
1425548351577865,1363200.000000,0
1425548351579011,1363200.000000,1
1425548351579948,1363200.000000,2
1425548351580886,1363200.000000,3
1425548351581927,1363200.000000,4
1425548351582917,1363200.000000,5
1425548368919271,1555200.000000,0
1425548368919740,1555200.000000,1
1425548368920104,1555200.000000,2
1425548368920573,1555200.000000,3
1425548368920990,1555200.000000,4
1425548368921354,1555200.000000,5
1425548381503073,1785600.000000,0
1425548381503386,1785600.000000,1
1425548381503802,1785600.000000,2
1425548381504167,1785600.000000,3
1425548381504479,1785600.000000,4
1425548381504896,1785600.000000,5
1425548381787240,1555200.000000,0
1425548381787552,1555200.000000,1
1425548381789584,1555200.000000,2
1425548381789896,1555200.000000,3
1425548381790104,1555200.000000,4
1425548381790417,1555200.000000,5
1425548381830677,1785600.000000,0
1425548381831042,1785600.000000,1
1425548381831459,1785600.000000,2
1425548381831823,1785600.000000,3
1425548381832240,1785600.000000,4
1425548381832604,1785600.000000,5
1425548383083386,1996800.000000,0
1425548383083698,1996800.000000,1
1425548383084011,1996800.000000,2
1425548383084323,1996800.000000,3
1425548383084636,1996800.000000,4
1425548383084948,1996800.000000,5
1425548384039323,1785600.000000,0
1425548384039636,1785600.000000,1
1425548384039948,1785600.000000,2
1425548384040209,1785600.000000,3
1425548384040521,1785600.000000,4
1425548384040729,1785600.000000,5
1425548384092396,1996800.000000,0
1425548384092761,1996800.000000,1
1425548384093073,1996800.000000,2
1425548384093386,1996800.000000,3
1425548384093698,1996800.000000,4
1425548384094011,1996800.000000,5
1425548384153021,1785600.000000,0
1425548384153334,1785600.000000,1
1425548384153542,1785600.000000,2
1425548384153854,1785600.000000,3
1425548384154167,1785600.000000,4
1425548384154479,1785600.000000,5
1425548384888854,1996800.000000,0
1425548384889323,1996800.000000,1
1425548384889740,1996800.000000,2
1425548384890104,1996800.000000,3
1425548384890417,1996800.000000,4
1425548384890834,1996800.000000,5
1425548385462448,1785600.000000,0
1425548385462865,1785600.000000,1
1425548385463229,1785600.000000,2
1425548385463646,1785600.000000,3
1425548385464011,1785600.000000,4
1425548385464323,1785600.000000,5
1425548385647761,1555200.000000,0
1425548385648229,1555200.000000,1
1425548385648646,1555200.000000,2
1425548385649011,1555200.000000,3
1425548385649427,1555200.000000,4
1425548385649792,1555200.000000,5
1425548385720261,1785600.000000,0
1425548385720573,1785600.000000,1
1425548385720990,1785600.000000,2
1425548385721354,1785600.000000,3
1425548385721823,1785600.000000,4
1425548385722136,1785600.000000,5
1425548385912865,1555200.000000,0
1425548385913229,1555200.000000,1
1425548385913542,1555200.000000,2
1425548385913854,1555200.000000,3
1425548385914167,1555200.000000,4
1425548385914479,1555200.000000,5
1425548386117396,1785600.000000,0
1425548386117761,1785600.000000,1
1425548386118073,1785600.000000,2
1425548386118490,1785600.000000,3
1425548386118854,1785600.000000,4
1425548386119167,1785600.000000,5
1425548386392396,1996800.000000,0
1425548386392709,1996800.000000,1
1425548386393021,1996800.000000,2
1425548386393386,1996800.000000,3
1425548386393698,1996800.000000,4
1425548386394011,1996800.000000,5
1425548386589323,1785600.000000,0
1425548386589636,1785600.000000,1
1425548386590052,1785600.000000,2
1425548386590417,1785600.000000,3
1425548386590834,1785600.000000,4
1425548386591198,1785600.000000,5
1425548389307917,1996800.000000,0
1425548389308229,1996800.000000,1
1425548389308542,1996800.000000,2
1425548389308854,1996800.000000,3
1425548389309167,1996800.000000,4
1425548389309479,1996800.000000,5
1425548399378490,2227200.000000,0
1425548399378802,2227200.000000,1
1425548399379011,2227200.000000,2
1425548399379323,2227200.000000,3
1425548399379636,2227200.000000,4
1425548399379896,2227200.000000,5
1425548399397240,2745600.000000,0
1425548399397552,2745600.000000,1
1425548399397761,2745600.000000,2
1425548399398073,2745600.000000,3
1425548399398386,2745600.000000,4
1425548399398646,2745600.000000,5
1425548416933698,556800.000000,0
1425548416934011,556800.000000,1
1425548416934323,556800.000000,2
1425548416934584,556800.000000,3
1425548416934792,556800.000000,4
1425548416935104,556800.000000,5
1425548442392917,748800.000000,0
1425548442394011,748800.000000,1
1425548442394948,748800.000000,2
1425548442395990,748800.000000,3
1425548442396979,748800.000000,4
1425548442397917,748800.000000,5
1425548448876302,556800.000000,0
1425548448877865,556800.000000,1
1425548448879115,556800.000000,2
1425548448880417,556800.000000,3
1425548448881667,556800.000000,4
1425548448882917,556800.000000,5
1425548449558542,1555200.000000,0
1425548449559896,1555200.000000,1
1425548449560886,1555200.000000,2
1425548449561823,1555200.000000,3
1425548449562917,1555200.000000,4
1425548449564011,1555200.000000,5
1425548464339792,556800.000000,0
1425548464340209,556800.000000,1
1425548464340521,556800.000000,2
1425548464340886,556800.000000,3
1425548464341302,556800.000000,4
1425548464342136,556800.000000,5
1425548496885990,748800.000000,0
1425548496887136,748800.000000,1
1425548496888177,748800.000000,2
1425548496889167,748800.000000,3
1425548496890209,748800.000000,4
1425548496891198,748800.000000,5
1425548510995573,1363200.000000,0
1425548510996823,1363200.000000,1
1425548510997865,1363200.000000,2
1425548510998698,1363200.000000,3
1425548510999740,1363200.000000,4
1425548511000729,1363200.000000,5
1425548523180417,1555200.000000,0
1425548523180886,1555200.000000,1
1425548523181354,1555200.000000,2
1425548523181823,1555200.000000,3
1425548523182240,1555200.000000,4
1425548523182604,1555200.000000,5
1425548523254740,1363200.000000,0
1425548523255104,1363200.000000,1
1425548523255573,1363200.000000,2
1425548523256146,1363200.000000,3
1425548523256511,1363200.000000,4
1425548523256979,1363200.000000,5
1425548528865052,1555200.000000,0
1425548528865573,1555200.000000,1
1425548528866042,1555200.000000,2
1425548528866615,1555200.000000,3
1425548528867084,1555200.000000,4
1425548528867604,1555200.000000,5
1425548543134323,748800.000000,0
1425548543134792,748800.000000,1
1425548543135209,748800.000000,2
1425548543135573,748800.000000,3
1425548543135886,748800.000000,4
1425548543136511,748800.000000,5
1425548581710261,960000.000000,0
1425548581711146,960000.000000,1
1425548581711979,960000.000000,2
1425548581712761,960000.000000,3
1425548581713490,960000.000000,4
1425548581714167,960000.000000,5
1425548592887552,748800.000000,0
1425548592888177,748800.000000,1
1425548592888854,748800.000000,2
1425548592889479,748800.000000,3
1425548592890261,748800.000000,4
1425548592891042,748800.000000,5
1425548594576615,1555200.000000,0
1425548594577448,1555200.000000,1
1425548594578229,1555200.000000,2
1425548594578959,1555200.000000,3
1425548594581667,1555200.000000,4
1425548594582448,1555200.000000,5
1425548594779479,748800.000000,0
1425548594780729,748800.000000,1
1425548594781615,748800.000000,2
1425548594782552,748800.000000,3
1425548594783386,748800.000000,4
1425548594784323,748800.000000,5
1425548608920573,1363200.000000,0
1425548608921979,1363200.000000,1
1425548608922761,1363200.000000,2
1425548608923542,1363200.000000,3
1425548608924323,1363200.000000,4
1425548608925052,1363200.000000,5
1425548624242552,960000.000000,0
1425548624243177,960000.000000,1
1425548624243646,960000.000000,2
1425548624244323,960000.000000,3
1425548624245104,960000.000000,4
1425548624245834,960000.000000,5
1425548638784792,748800.000000,0
1425548638785573,748800.000000,1
1425548638786302,748800.000000,2
1425548638787084,748800.000000,3
1425548638787917,748800.000000,4
1425548638788646,748800.000000,5
1425548656875990,556800.000000,0
1425548656877136,556800.000000,1
1425548656878073,556800.000000,2
1425548656879167,556800.000000,3
1425548656880104,556800.000000,4
1425548656881042,556800.000000,5
1425548672897136,1363200.000000,0
1425548672898698,1363200.000000,1
1425548672899896,1363200.000000,2
1425548672901042,1363200.000000,3
1425548672902448,1363200.000000,4
1425548672903698,1363200.000000,5
1425548687040052,748800.000000,0
1425548687040729,748800.000000,1
1425548687041198,748800.000000,2
1425548687041927,748800.000000,3
1425548687042761,748800.000000,4
1425548687043698,748800.000000,5
1425548704880365,1363200.000000,0
1425548704881198,1363200.000000,1
1425548704881979,1363200.000000,2
1425548704882761,1363200.000000,3
1425548704883542,1363200.000000,4
1425548704884167,1363200.000000,5
1425548720424792,960000.000000,0
1425548720425573,960000.000000,1
1425548720426354,960000.000000,2
1425548720427084,960000.000000,3
1425548720427761,960000.000000,4
1425548720428542,960000.000000,5
1425548735151042,556800.000000,0
1425548735152240,556800.000000,1
1425548735153542,556800.000000,2
1425548735154792,556800.000000,3
1425548735156042,556800.000000,4
1425548735157292,556800.000000,5
1425548750801823,748800.000000,0
1425548750803229,748800.000000,1
1425548750804479,748800.000000,2
1425548750805729,748800.000000,3
1425548750807136,748800.000000,4
1425548750808386,748800.000000,5
1425548767820261,556800.000000,0
1425548767821771,556800.000000,1
1425548767823021,556800.000000,2
1425548767824323,556800.000000,3
1425548767825573,556800.000000,4
1425548767826823,556800.000000,5
1425548781210573,960000.000000,0
1425548781211823,960000.000000,1
1425548781212865,960000.000000,2
1425548781213854,960000.000000,3
1425548781214896,960000.000000,4
1425548781215886,960000.000000,5
1425548784479636,748800.000000,0
1425548784480365,748800.000000,1
1425548784480990,748800.000000,2
1425548784481667,748800.000000,3
1425548784482292,748800.000000,4
1425548784483073,748800.000000,5
1425548798776927,1363200.000000,0
1425548798777761,1363200.000000,1
1425548798778490,1363200.000000,2
1425548798779167,1363200.000000,3
1425548798779948,1363200.000000,4
1425548798780729,1363200.000000,5
1425548816752708,1555200.000000,0
1425548816753177,1555200.000000,1
1425548816753542,1555200.000000,2
1425548816753958,1555200.000000,3
1425548816754323,1555200.000000,4
1425548816754792,1555200.000000,5
1425548816982292,1785600.000000,0
1425548816982604,1785600.000000,1
1425548816983021,1785600.000000,2
1425548816983386,1785600.000000,3
1425548816983698,1785600.000000,4
1425548816984167,1785600.000000,5
1425548832951511,556800.000000,0
1425548832951979,556800.000000,1
1425548832952292,556800.000000,2
1425548832952604,556800.000000,3
1425548832952917,556800.000000,4
1425548832953386,556800.000000,5
1425548881862448,1555200.000000,0
1425548881863646,1555200.000000,1
1425548881864740,1555200.000000,2
1425548881865729,1555200.000000,3
1425548881866667,1555200.000000,4
1425548881867761,1555200.000000,5
1425548896870729,1785600.000000,0
1425548896871354,1785600.000000,1
1425548896871823,1785600.000000,2
1425548896872136,1785600.000000,3
1425548896872448,1785600.000000,4
1425548896872761,1785600.000000,5
1425548912907761,1152000.000000,0
1425548912908229,1152000.000000,1
1425548912908698,1152000.000000,2
1425548912909323,1152000.000000,3
1425548912909948,1152000.000000,4
1425548912910573,1152000.000000,5
1425548926932396,556800.000000,0
1425548926933386,556800.000000,1
1425548926934740,556800.000000,2
1425548926936042,556800.000000,3
1425548926937292,556800.000000,4
1425548926938542,556800.000000,5
1425548940707448,748800.000000,0
1425548940708646,748800.000000,1
1425548940709583,748800.000000,2
1425548940710573,748800.000000,3
1425548940711511,748800.000000,4
1425548940712552,748800.000000,5
1425548942782917,556800.000000,0
1425548942784323,556800.000000,1
1425548942785677,556800.000000,2
1425548942787083,556800.000000,3
1425548942788333,556800.000000,4
1425548942789636,556800.000000,5
1425548975161511,1363200.000000,0
1425548975162708,1363200.000000,1
1425548975163698,1363200.000000,2
1425548975164636,1363200.000000,3
1425548975165677,1363200.000000,4
1425548975166667,1363200.000000,5
1425548991042083,1555200.000000,0
1425548991042604,1555200.000000,1
1425548991042917,1555200.000000,2
1425548991043386,1555200.000000,3
1425548991043802,1555200.000000,4
1425548991044167,1555200.000000,5
1425548994274896,1785600.000000,0
1425548994275417,1785600.000000,1
1425548994275886,1785600.000000,2
1425548994276354,1785600.000000,3
1425548994276823,1785600.000000,4
1425548994277240,1785600.000000,5
1425548997753854,1555200.000000,0
1425548997754167,1555200.000000,1
1425548997754479,1555200.000000,2
1425548997754792,1555200.000000,3
1425548997755104,1555200.000000,4
1425548997755417,1555200.000000,5
1425548997976771,1785600.000000,0
1425548997977136,1785600.000000,1
1425548997977448,1785600.000000,2
1425548997977917,1785600.000000,3
1425548997978229,1785600.000000,4
1425548997978646,1785600.000000,5
1425549023087865,556800.000000,0
1425549023088229,556800.000000,1
1425549023088542,556800.000000,2
1425549023088854,556800.000000,3
1425549023089167,556800.000000,4
1425549023089948,556800.000000,5
1425549047623802,748800.000000,0
1425549047624948,748800.000000,1
1425549047625990,748800.000000,2
1425549047627083,748800.000000,3
1425549047628073,748800.000000,4
1425549047629115,748800.000000,5
1425549048549323,556800.000000,0
1425549048550260,556800.000000,1
1425549048551042,556800.000000,2
1425549048552240,556800.000000,3
1425549048553333,556800.000000,4
1425549048554323,556800.000000,5
1425549049659479,748800.000000,0
1425549049660885,748800.000000,1
1425549049662135,748800.000000,2
1425549049663490,748800.000000,3
1425549049664740,748800.000000,4
1425549049665990,748800.000000,5
1425549070816927,556800.000000,0
1425549070818229,556800.000000,1
1425549070819583,556800.000000,2
1425549070820885,556800.000000,3
1425549070822292,556800.000000,4
1425549070823542,556800.000000,5
1425549081638229,1785600.000000,0
1425549081639427,1785600.000000,1
1425549081640573,1785600.000000,2
1425549081641667,1785600.000000,3
1425549081642604,1785600.000000,4
1425549081643542,1785600.000000,5
1425549086857135,748800.000000,0
1425549086857552,748800.000000,1
1425549086857865,748800.000000,2
1425549086858177,748800.000000,3
1425549086858542,748800.000000,4
1425549086858854,748800.000000,5
1425549102848385,1363200.000000,0
1425549102849479,1363200.000000,1
1425549102850417,1363200.000000,2
1425549102851354,1363200.000000,3
1425549102852292,1363200.000000,4
1425549102853229,1363200.000000,5
1425549120871146,1555200.000000,0
1425549120871615,1555200.000000,1
1425549120871979,1555200.000000,2
1425549120872396,1555200.000000,3
1425549120872760,1555200.000000,4
1425549120873229,1555200.000000,5
1425549142382292,1996800.000000,0
1425549142382708,1996800.000000,1
1425549142383073,1996800.000000,2
1425549142383385,1996800.000000,3
1425549142383802,1996800.000000,4
1425549142384167,1996800.000000,5
1425549151029271,1363200.000000,0
1425549151029583,1363200.000000,1
1425549151029792,1363200.000000,2
1425549151030104,1363200.000000,3
1425549151030417,1363200.000000,4
1425549151030729,1363200.000000,5
1425549168020885,556800.000000,0
1425549168022083,556800.000000,1
1425549168023333,556800.000000,2
1425549168024583,556800.000000,3
1425549168025833,556800.000000,4
1425549168027083,556800.000000,5
1425549181194948,960000.000000,0
1425549181196198,960000.000000,1
1425549181197240,960000.000000,2
1425549181198229,960000.000000,3
1425549181199271,960000.000000,4
1425549181200208,960000.000000,5
1425549183113073,748800.000000,0
1425549183113698,748800.000000,1
1425549183114271,748800.000000,2
1425549183114792,748800.000000,3
1425549183115417,748800.000000,4
1425549183116146,748800.000000,5
1425549198804271,1363200.000000,0
1425549198805104,1363200.000000,1
1425549198805885,1363200.000000,2
1425549198806667,1363200.000000,3
1425549198807396,1363200.000000,4
1425549198808073,1363200.000000,5
1425549216859323,1555200.000000,0
1425549216859948,1555200.000000,1
1425549216860417,1555200.000000,2
1425549216860990,1555200.000000,3
1425549216861510,1555200.000000,4
1425549216861979,1555200.000000,5
1425549232267240,556800.000000,0
1425549232267760,556800.000000,1
1425549232268229,556800.000000,2
1425549232269271,556800.000000,3
1425549232270573,556800.000000,4
1425549232271823,556800.000000,5
1425549278973177,748800.000000,0
1425549278974323,748800.000000,1
1425549278975417,748800.000000,2
1425549278976354,748800.000000,3
1425549278977448,748800.000000,4
1425549278978385,748800.000000,5
1425549281601979,1555200.000000,0
1425549281602917,1555200.000000,1
1425549281603646,1555200.000000,2
1425549281604427,1555200.000000,3
1425549281605260,1555200.000000,4
1425549281605990,1555200.000000,5
1425549292933073,1996800.000000,0
1425549292933542,1996800.000000,1
1425549292933854,1996800.000000,2
1425549292934167,1996800.000000,3
1425549292934583,1996800.000000,4
1425549292934948,1996800.000000,5
1425549295135260,1785600.000000,0
1425549295135573,1785600.000000,1
1425549295135885,1785600.000000,2
1425549295136198,1785600.000000,3
1425549295136458,1785600.000000,4
1425549295136667,1785600.000000,5
1425549311541354,960000.000000,0
1425549311541823,960000.000000,1
1425549311542240,960000.000000,2
1425549311542604,960000.000000,3
1425549311543073,960000.000000,4
1425549311543698,960000.000000,5
1425549327977604,556800.000000,0
1425549327979167,556800.000000,1
1425549327980417,556800.000000,2
1425549327981823,556800.000000,3
1425549327983073,556800.000000,4
1425549327984323,556800.000000,5
1425549364350677,1555200.000000,0
1425549364352240,1555200.000000,1
1425549364353490,1555200.000000,2
1425549364354635,1555200.000000,3
1425549364356146,1555200.000000,4
1425549364357396,1555200.000000,5
1425549364879115,556800.000000,0
1425549364879479,556800.000000,1
1425549364879896,556800.000000,2
1425549364880260,556800.000000,3
1425549364880573,556800.000000,4
1425549364880990,556800.000000,5
1425549381329115,960000.000000,0
1425549381330260,960000.000000,1
1425549381331302,960000.000000,2
1425549381332396,960000.000000,3
1425549381333385,960000.000000,4
1425549381334427,960000.000000,5
1425549391557760,748800.000000,0
1425549391558542,748800.000000,1
1425549391559635,748800.000000,2
1425549391560573,748800.000000,3
1425549391561510,748800.000000,4
1425549391562448,748800.000000,5
1425549408877448,1363200.000000,0
1425549408878333,1363200.000000,1
1425549408879010,1363200.000000,2
1425549408879792,1363200.000000,3
1425549408880573,1363200.000000,4
1425549408881354,1363200.000000,5
1425549424859948,1555200.000000,0
1425549424860417,1555200.000000,1
1425549424860885,1555200.000000,2
1425549424861302,1555200.000000,3
1425549424861771,1555200.000000,4
1425549424862240,1555200.000000,5
1425549426847083,1785600.000000,0
1425549426847448,1785600.000000,1
1425549426847760,1785600.000000,2
1425549426848177,1785600.000000,3
1425549426848542,1785600.000000,4
1425549426848958,1785600.000000,5
1425549426913854,1555200.000000,0
1425549426914167,1555200.000000,1
1425549426914583,1555200.000000,2
1425549426914896,1555200.000000,3
1425549426915208,1555200.000000,4
1425549426915521,1555200.000000,5
1425549426963385,1363200.000000,0
1425549426963958,1363200.000000,1
1425549426964427,1363200.000000,2
1425549426964896,1363200.000000,3
1425549426965417,1363200.000000,4
1425549426965990,1363200.000000,5
1425549439491510,556800.000000,0
1425549439492448,556800.000000,1
1425549439493698,556800.000000,2
1425549439495052,556800.000000,3
1425549439496302,556800.000000,4
1425549439497604,556800.000000,5
1425549451094427,748800.000000,0
1425549451095521,748800.000000,1
1425549451096510,748800.000000,2
1425549451097448,748800.000000,3
1425549451098385,748800.000000,4
1425549451099427,748800.000000,5
1425549455601614,556800.000000,0
1425549455602760,556800.000000,1
1425549455603802,556800.000000,2
1425549455604792,556800.000000,3
1425549455605729,556800.000000,4
1425549455606823,556800.000000,5
1425549481104896,960000.000000,0
1425549481106042,960000.000000,1
1425549481107135,960000.000000,2
1425549481108073,960000.000000,3
1425549481109167,960000.000000,4
1425549481110208,960000.000000,5
1425549488460573,556800.000000,0
1425549488461667,556800.000000,1
1425549488462917,556800.000000,2
1425549488464323,556800.000000,3
1425549488465729,556800.000000,4
1425549488466979,556800.000000,5
1425549503167135,1363200.000000,0
1425549503168333,1363200.000000,1
1425549503169323,1363200.000000,2
1425549503170260,1363200.000000,3
1425549503171302,1363200.000000,4
1425549503172396,1363200.000000,5
1425549537546614,556800.000000,0
1425549537547292,556800.000000,1
1425549537548542,556800.000000,2
1425549537549792,556800.000000,3
1425549537551302,556800.000000,4
1425549537552604,556800.000000,5
1425549581792864,1363200.000000,0
1425549581794010,1363200.000000,1
1425549581794948,1363200.000000,2
1425549581796042,1363200.000000,3
1425549581796979,1363200.000000,4
1425549581797917,1363200.000000,5
1425549598949635,1785600.000000,0
1425549598950260,1785600.000000,1
1425549598950729,1785600.000000,2
1425549598951198,1785600.000000,3
1425549598951771,1785600.000000,4
1425549598952239,1785600.000000,5
1425549616931302,748800.000000,0
1425549616931667,748800.000000,1
1425549616931979,748800.000000,2
1425549616932292,748800.000000,3
1425549616932604,748800.000000,4
1425549616932917,748800.000000,5
1425549631241354,556800.000000,0
1425549631242864,556800.000000,1
1425549631244010,556800.000000,2
1425549631245260,556800.000000,3
1425549631246667,556800.000000,4
1425549631248021,556800.000000,5
1425549666966614,960000.000000,0
1425549666968021,960000.000000,1
1425549666969271,960000.000000,2
1425549666970573,960000.000000,3
1425549666971823,960000.000000,4
1425549666973177,960000.000000,5
1425549680998802,556800.000000,0
1425549681000260,556800.000000,1
1425549681001458,556800.000000,2
1425549681002760,556800.000000,3
1425549681004010,556800.000000,4
1425549681005260,556800.000000,5
1425549681512552,748800.000000,0
1425549681513698,748800.000000,1
1425549681514791,748800.000000,2
1425549681515833,748800.000000,3
1425549681516823,748800.000000,4
1425549681517916,748800.000000,5
1425549695505104,960000.000000,0
1425549695506198,960000.000000,1
1425549695507135,960000.000000,2
1425549695508073,960000.000000,3
1425549695509010,960000.000000,4
1425549695510052,960000.000000,5
1425549711297864,1363200.000000,0
1425549711298541,1363200.000000,1
1425549711299166,1363200.000000,2
1425549711299791,1363200.000000,3
1425549711300416,1363200.000000,4
1425549711300989,1363200.000000,5
1425549728920416,1555200.000000,0
1425549728920885,1555200.000000,1
1425549728921354,1555200.000000,2
1425549728921771,1555200.000000,3
1425549728922135,1555200.000000,4
1425549728922604,1555200.000000,5
1425549732876823,1785600.000000,0
1425549732877396,1785600.000000,1
1425549732879010,1785600.000000,2
1425549732879479,1785600.000000,3
1425549732879948,1785600.000000,4
1425549732880364,1785600.000000,5
1425549732943333,1555200.000000,0
1425549732943698,1555200.000000,1
1425549732944010,1555200.000000,2
1425549732944323,1555200.000000,3
1425549732944635,1555200.000000,4
1425549732944948,1555200.000000,5
1425549733136771,1785600.000000,0
1425549733137135,1785600.000000,1
1425549733137448,1785600.000000,2
1425549733137864,1785600.000000,3
1425549733138229,1785600.000000,4
1425549733138541,1785600.000000,5
1425549744451198,1152000.000000,0
1425549744451666,1152000.000000,1
1425549744452135,1152000.000000,2
1425549744452604,1152000.000000,3
1425549744453229,1152000.000000,4
1425549744453854,1152000.000000,5
1425549758781666,748800.000000,0
1425549758782291,748800.000000,1
1425549758783229,748800.000000,2
1425549758784166,748800.000000,3
1425549758785104,748800.000000,4
1425549758786041,748800.000000,5
1425549781727760,556800.000000,0
1425549781728541,556800.000000,1
1425549781729323,556800.000000,2
1425549781730104,556800.000000,3
1425549781730833,556800.000000,4
1425549781731979,556800.000000,5
1425549806937708,1363200.000000,0
1425549806938854,1363200.000000,1
1425549806939791,1363200.000000,2
1425549806940729,1363200.000000,3
1425549806941771,1363200.000000,4
1425549806942760,1363200.000000,5
1425549849477291,556800.000000,0
1425549849478385,556800.000000,1
1425549849479323,556800.000000,2
1425549849480364,556800.000000,3
1425549849481354,556800.000000,4
1425549849482396,556800.000000,5
1425549881348802,1363200.000000,0
1425549881349896,1363200.000000,1
1425549881350989,1363200.000000,2
1425549881352083,1363200.000000,3
1425549881353073,1363200.000000,4
1425549881354010,1363200.000000,5
1425549903926354,1555200.000000,0
1425549903926823,1555200.000000,1
1425549903927291,1555200.000000,2
1425549903927708,1555200.000000,3
1425549903928073,1555200.000000,4
1425549903928541,1555200.000000,5
1425549903955364,1785600.000000,0
1425549903955729,1785600.000000,1
1425549903956146,1785600.000000,2
1425549903956510,1785600.000000,3
1425549903956823,1785600.000000,4
1425549903957135,1785600.000000,5
1425549920895885,1363200.000000,0
1425549920896198,1363200.000000,1
1425549920896510,1363200.000000,2
1425549920896823,1363200.000000,3
1425549920897135,1363200.000000,4
1425549920897448,1363200.000000,5
1425549937539010,556800.000000,0
1425549937539635,556800.000000,1
1425549937540260,556800.000000,2
1425549937541510,556800.000000,3
1425549937542916,556800.000000,4
1425549937544271,556800.000000,5
1425549961309010,748800.000000,0
1425549961310573,748800.000000,1
1425549961311823,748800.000000,2
1425549961313073,748800.000000,3
1425549961314323,748800.000000,4
1425549961315521,748800.000000,5
1425549964029635,556800.000000,0
1425549964030885,556800.000000,1
1425549964031823,556800.000000,2
1425549964032864,556800.000000,3
1425549964033854,556800.000000,4
1425549964034948,556800.000000,5
1425549975921510,748800.000000,0
1425549975922916,748800.000000,1
1425549975924323,748800.000000,2
1425549975925573,748800.000000,3
1425549975926927,748800.000000,4
1425549975928229,748800.000000,5
1425549976639114,556800.000000,0
1425549976640521,556800.000000,1
1425549976641510,556800.000000,2
1425549976642604,556800.000000,3
1425549976643646,556800.000000,4
1425549976644635,556800.000000,5
1425549976829323,748800.000000,0
1425549976830573,748800.000000,1
1425549976831823,748800.000000,2
1425549976833073,748800.000000,3
1425549976834427,748800.000000,4
1425549976835729,748800.000000,5
1425549977056823,556800.000000,0
1425549977057604,556800.000000,1
1425549977058541,556800.000000,2
1425549977059427,556800.000000,3
1425549977060521,556800.000000,4
1425549977061458,556800.000000,5
1425550000375104,1363200.000000,0
1425550000376510,1363200.000000,1
1425550000377760,1363200.000000,2
1425550000379010,1363200.000000,3
1425550000380260,1363200.000000,4
1425550000381614,1363200.000000,5
1425550014889583,1785600.000000,0
1425550014890104,1785600.000000,1
1425550014890677,1785600.000000,2
1425550014891198,1785600.000000,3
1425550014891666,1785600.000000,4
1425550014892291,1785600.000000,5
1425550016723333,1555200.000000,0
1425550016723698,1555200.000000,1
1425550016724010,1555200.000000,2
1425550016724323,1555200.000000,3
1425550016724635,1555200.000000,4
1425550016724948,1555200.000000,5
1425550016752604,1785600.000000,0
1425550016753073,1785600.000000,1
1425550016753385,1785600.000000,2
1425550016753854,1785600.000000,3
1425550016754166,1785600.000000,4
1425550016754479,1785600.000000,5
1425550016877604,1555200.000000,0
1425550016877916,1555200.000000,1
1425550016878229,1555200.000000,2
1425550016878541,1555200.000000,3
1425550016878854,1555200.000000,4
1425550016879166,1555200.000000,5
1425550016931771,1785600.000000,0
1425550016932135,1785600.000000,1
1425550016932552,1785600.000000,2
1425550016932916,1785600.000000,3
1425550016933229,1785600.000000,4
1425550016933646,1785600.000000,5
1425550032872083,1555200.000000,0
1425550032872448,1555200.000000,1
1425550032872760,1555200.000000,2
1425550032873073,1555200.000000,3
1425550032873333,1555200.000000,4
1425550032873646,1555200.000000,5
1425550036944010,1785600.000000,0
1425550036944479,1785600.000000,1
1425550036944896,1785600.000000,2
1425550036945260,1785600.000000,3
1425550036945573,1785600.000000,4
1425550036945989,1785600.000000,5
1425550036998541,1555200.000000,0
1425550036999010,1555200.000000,1
1425550036999427,1555200.000000,2
1425550036999791,1555200.000000,3
1425550037000208,1555200.000000,4
1425550037000573,1555200.000000,5
1425550037070573,1785600.000000,0
1425550037071041,1785600.000000,1
1425550037071354,1785600.000000,2
1425550037071771,1785600.000000,3
1425550037072135,1785600.000000,4
1425550037072552,1785600.000000,5
1425550037095729,1555200.000000,0
1425550037096198,1555200.000000,1
1425550037096510,1555200.000000,2
1425550037096927,1555200.000000,3
1425550037097291,1555200.000000,4
1425550037097604,1555200.000000,5
1425550040926146,1785600.000000,0
1425550040926666,1785600.000000,1
1425550040927135,1785600.000000,2
1425550040927604,1785600.000000,3
1425550040928073,1785600.000000,4
1425550040928489,1785600.000000,5
1425550040945364,1555200.000000,0
1425550040945833,1555200.000000,1
1425550040946302,1555200.000000,2
1425550040946771,1555200.000000,3
1425550040947239,1555200.000000,4
1425550040947708,1555200.000000,5
1425550052639479,2227200.000000,0
1425550052639896,2227200.000000,1
1425550052640260,2227200.000000,2
1425550052640677,2227200.000000,3
1425550052641146,2227200.000000,4
1425550052641510,2227200.000000,5
1425550052708541,1555200.000000,0
1425550052708854,1555200.000000,1
1425550052709166,1555200.000000,2
1425550052709323,1555200.000000,3
1425550052709635,1555200.000000,4
1425550052709948,1555200.000000,5
1425550052940104,1996800.000000,0
1425550052940573,1996800.000000,1
1425550052940885,1996800.000000,2
1425550052941354,1996800.000000,3
1425550052941666,1996800.000000,4
1425550052942083,1996800.000000,5
1425550062960729,1555200.000000,0
1425550062961041,1555200.000000,1
1425550062961354,1555200.000000,2
1425550062961666,1555200.000000,3
1425550062962083,1555200.000000,4
1425550062962448,1555200.000000,5
1425550080838021,1996800.000000,0
1425550080838489,1996800.000000,1
1425550080838854,1996800.000000,2
1425550080839166,1996800.000000,3
1425550080839583,1996800.000000,4
1425550080839948,1996800.000000,5
1425550095293958,960000.000000,0
1425550095294323,960000.000000,1
1425550095294635,960000.000000,2
1425550095295052,960000.000000,3
1425550095295416,960000.000000,4
1425550095295885,960000.000000,5
1425550095321614,2400000.000000,0
1425550095322291,2400000.000000,1
1425550095323073,2400000.000000,2
1425550095323698,2400000.000000,3
1425550095324479,2400000.000000,4
1425550095325104,2400000.000000,5
1425550109402760,1555200.000000,0
1425550109403073,1555200.000000,1
1425550109403385,1555200.000000,2
1425550109403698,1555200.000000,3
1425550109404010,1555200.000000,4
1425550109404323,1555200.000000,5
1425550110739270,960000.000000,0
1425550110739791,960000.000000,1
1425550110740260,960000.000000,2
1425550110740677,960000.000000,3
1425550110741041,960000.000000,4
1425550110741510,960000.000000,5
1425550128855989,748800.000000,0
1425550128856666,748800.000000,1
1425550128857604,748800.000000,2
1425550128858541,748800.000000,3
1425550128859583,748800.000000,4
1425550128860520,748800.000000,5
1425550144867916,556800.000000,0
1425550144869323,556800.000000,1
1425550144870573,556800.000000,2
1425550144871927,556800.000000,3
1425550144873177,556800.000000,4
1425550144874427,556800.000000,5
1425550168263541,748800.000000,0
1425550168264739,748800.000000,1
1425550168265729,748800.000000,2
1425550168266770,748800.000000,3
1425550168267864,748800.000000,4
1425550168268854,748800.000000,5
1425550174821979,556800.000000,0
1425550174822916,556800.000000,1
1425550174824166,556800.000000,2
1425550174825208,556800.000000,3
1425550174826198,556800.000000,4
1425550174827239,556800.000000,5
1425550175118802,748800.000000,0
1425550175120104,748800.000000,1
1425550175121510,748800.000000,2
1425550175122760,748800.000000,3
1425550175124010,748800.000000,4
1425550175125364,748800.000000,5
1425550192893020,1363200.000000,0
1425550192894166,1363200.000000,1
1425550192894948,1363200.000000,2
1425550192895833,1363200.000000,3
1425550192896510,1363200.000000,4
1425550192897291,1363200.000000,5
1425550208869635,1785600.000000,0
1425550208870520,1785600.000000,1
1425550208870885,1785600.000000,2
1425550208871302,1785600.000000,3
1425550208871666,1785600.000000,4
1425550208872135,1785600.000000,5
1425550222823177,748800.000000,0
1425550222823541,748800.000000,1
1425550222823854,748800.000000,2
1425550222824166,748800.000000,3
1425550222824479,748800.000000,4
1425550222824791,748800.000000,5
1425550247719323,556800.000000,0
1425550247720885,556800.000000,1
1425550247722135,556800.000000,2
1425550247723541,556800.000000,3
1425550247724895,556800.000000,4
1425550247726198,556800.000000,5
1425550279008073,748800.000000,0
1425550279009427,748800.000000,1
1425550279010520,748800.000000,2
1425550279011510,748800.000000,3
1425550279012448,748800.000000,4
1425550279013489,748800.000000,5
1425550279363854,556800.000000,0
1425550279365416,556800.000000,1
1425550279366458,556800.000000,2
1425550279367448,556800.000000,3
1425550279368541,556800.000000,4
1425550279369583,556800.000000,5
1425550304887291,1363200.000000,0
1425550304888541,1363200.000000,1
1425550304889583,1363200.000000,2
1425550304890573,1363200.000000,3
1425550304891666,1363200.000000,4
1425550304892760,1363200.000000,5
1425550318764479,1785600.000000,0
1425550318765052,1785600.000000,1
1425550318765520,1785600.000000,2
1425550318766041,1785600.000000,3
1425550318766666,1785600.000000,4
1425550318767239,1785600.000000,5
1425550333048385,2227200.000000,0
1425550333048697,2227200.000000,1
1425550333049010,2227200.000000,2
1425550333049322,2227200.000000,3
1425550333049635,2227200.000000,4
1425550333049947,2227200.000000,5
1425550333070520,1785600.000000,0
1425550333070885,1785600.000000,1
1425550333071197,1785600.000000,2
1425550333071614,1785600.000000,3
1425550333071927,1785600.000000,4
1425550333072239,1785600.000000,5
1425550333088072,1555200.000000,0
1425550333088385,1555200.000000,1
1425550333088645,1555200.000000,2
1425550333088854,1555200.000000,3
1425550333089166,1555200.000000,4
1425550333089427,1555200.000000,5
1425550333718385,2400000.000000,0
1425550333718802,2400000.000000,1
1425550333719166,2400000.000000,2
1425550333719479,2400000.000000,3
1425550333719895,2400000.000000,4
1425550333720208,2400000.000000,5
1425550333792760,1555200.000000,0
1425550333792916,1555200.000000,1
1425550333793229,1555200.000000,2
1425550333793489,1555200.000000,3
1425550333793697,1555200.000000,4
1425550333793958,1555200.000000,5
1425550333961197,1785600.000000,0
1425550333961510,1785600.000000,1
1425550333961927,1785600.000000,2
1425550333962291,1785600.000000,3
1425550333962604,1785600.000000,4
1425550333963020,1785600.000000,5
1425550334883958,2227200.000000,0
1425550334884322,2227200.000000,1
1425550334884635,2227200.000000,2
1425550334884947,2227200.000000,3
1425550334885260,2227200.000000,4
1425550334885572,2227200.000000,5
1425550351205260,556800.000000,0
1425550351205572,556800.000000,1
1425550351205833,556800.000000,2
1425550351206041,556800.000000,3
1425550351206354,556800.000000,4
1425550351206614,556800.000000,5
1425550400893854,1363200.000000,0
1425550400894947,1363200.000000,1
1425550400895989,1363200.000000,2
1425550400896979,1363200.000000,3
1425550400898020,1363200.000000,4
1425550400899114,1363200.000000,5
1425550414966197,1785600.000000,0
1425550414966822,1785600.000000,1
1425550414967291,1785600.000000,2
1425550414967864,1785600.000000,3
1425550414968385,1785600.000000,4
1425550414968854,1785600.000000,5
1425550432862291,556800.000000,0
1425550432862708,556800.000000,1
1425550432863177,556800.000000,2
1425550432863541,556800.000000,3
1425550432863958,556800.000000,4
1425550432865052,556800.000000,5
1425550465972760,960000.000000,0
1425550465973958,960000.000000,1
1425550465974947,960000.000000,2
1425550465975989,960000.000000,3
1425550465976927,960000.000000,4
1425550465977916,960000.000000,5
1425550480912916,748800.000000,0
1425550480913802,748800.000000,1
1425550480914583,748800.000000,2
1425550480915260,748800.000000,3
1425550480916041,748800.000000,4
1425550480916822,748800.000000,5
1425550496918072,1363200.000000,0
1425550496919010,1363200.000000,1
1425550496919791,1363200.000000,2
1425550496920572,1363200.000000,3
1425550496921302,1363200.000000,4
1425550496922135,1363200.000000,5
1425550511753072,1555200.000000,0
1425550511753541,1555200.000000,1
1425550511754010,1555200.000000,2
1425550511754427,1555200.000000,3
1425550511754791,1555200.000000,4
1425550511755260,1555200.000000,5
1425550511779010,1785600.000000,0
1425550511779427,1785600.000000,1
1425550511779791,1785600.000000,2
1425550511780104,1785600.000000,3
1425550511780520,1785600.000000,4
1425550511780885,1785600.000000,5
1425550528892760,748800.000000,0
1425550528893697,748800.000000,1
1425550528894479,748800.000000,2
1425550528895520,748800.000000,3
1425550528896458,748800.000000,4
1425550528897395,748800.000000,5
1425550544926614,960000.000000,0
1425550544927552,960000.000000,1
1425550544928385,960000.000000,2
1425550544929114,960000.000000,3
1425550544929895,960000.000000,4
1425550544930572,960000.000000,5
1425550560998697,556800.000000,0
1425550561000208,556800.000000,1
1425550561001458,556800.000000,2
1425550561002760,556800.000000,3
1425550561004010,556800.000000,4
1425550561005260,556800.000000,5
1425550607549739,1363200.000000,0
1425550607551041,1363200.000000,1
1425550607552395,1363200.000000,2
1425550607553697,1363200.000000,3
1425550607554947,1363200.000000,4
1425550607556197,1363200.000000,5
1425550622786354,1785600.000000,0
1425550622786822,1785600.000000,1
1425550622787239,1785600.000000,2
1425550622787604,1785600.000000,3
1425550622788072,1785600.000000,4
1425550622788541,1785600.000000,5
1425550632964791,2227200.000000,0
1425550632965208,2227200.000000,1
1425550632965520,2227200.000000,2
1425550632965833,2227200.000000,3
1425550632966145,2227200.000000,4
1425550632966458,2227200.000000,5
1425550637055416,1785600.000000,0
1425550637055677,1785600.000000,1
1425550637055885,1785600.000000,2
1425550637056197,1785600.000000,3
1425550637056458,1785600.000000,4
1425550637056666,1785600.000000,5
1425550639652916,1996800.000000,0
1425550639653333,1996800.000000,1
1425550639653645,1996800.000000,2
1425550639654010,1996800.000000,3
1425550639654322,1996800.000000,4
1425550639654635,1996800.000000,5
1425550642438072,2400000.000000,0
1425550642438385,2400000.000000,1
1425550642438697,2400000.000000,2
1425550642438958,2400000.000000,3
1425550642439270,2400000.000000,4
1425550642439479,2400000.000000,5
1425550642609166,1555200.000000,0
1425550642609479,1555200.000000,1
1425550642609739,1555200.000000,2
1425550642609947,1555200.000000,3
1425550642610208,1555200.000000,4
1425550642610416,1555200.000000,5
1425550642785677,2400000.000000,0
1425550642786041,2400000.000000,1
1425550642786354,2400000.000000,2
1425550642786770,2400000.000000,3
1425550642787135,2400000.000000,4
1425550642787447,2400000.000000,5
1425550655344010,748800.000000,0
1425550655344322,748800.000000,1
1425550655346354,748800.000000,2
1425550655347135,748800.000000,3
1425550655348072,748800.000000,4
1425550655349010,748800.000000,5
1425550670776666,556800.000000,0
1425550670777864,556800.000000,1
1425550670778854,556800.000000,2
1425550670779895,556800.000000,3
1425550670780885,556800.000000,4
1425550670781822,556800.000000,5
1425550687046302,1152000.000000,0
1425550687047447,1152000.000000,1
1425550687048541,1152000.000000,2
1425550687049479,1152000.000000,3
1425550687050520,1152000.000000,4
1425550687051510,1152000.000000,5
1425550687625104,1363200.000000,0
1425550687625677,1363200.000000,1
1425550687626197,1363200.000000,2
1425550687626666,1363200.000000,3
1425550687627135,1363200.000000,4
1425550687627604,1363200.000000,5
1425550687646614,1152000.000000,0
1425550687647291,1152000.000000,1
1425550687647760,1152000.000000,2
1425550687648229,1152000.000000,3
1425550687648697,1152000.000000,4
1425550687649166,1152000.000000,5
1425550704879635,1555200.000000,0
1425550704880572,1555200.000000,1
1425550704881041,1555200.000000,2
1425550704881510,1555200.000000,3
1425550704881979,1555200.000000,4
1425550704882552,1555200.000000,5
1425550718930729,1363200.000000,0
1425550718931145,1363200.000000,1
1425550718931510,1363200.000000,2
1425550718931822,1363200.000000,3
1425550718932239,1363200.000000,4
1425550718932604,1363200.000000,5
1425550736889739,556800.000000,0
1425550736890260,556800.000000,1
1425550736891197,556800.000000,2
1425550736892552,556800.000000,3
1425550736893854,556800.000000,4
1425550736895104,556800.000000,5
1425550781199322,1555200.000000,0
1425550781200520,1555200.000000,1
1425550781204270,1555200.000000,2
1425550781205260,1555200.000000,3
1425550781206354,1555200.000000,4
1425550781207291,1555200.000000,5
1425550783263541,556800.000000,0
1425550783263854,556800.000000,1
1425550783264270,556800.000000,2
1425550783264635,556800.000000,3
1425550783265416,556800.000000,4
1425550783266354,556800.000000,5
1425550800885729,1363200.000000,0
1425550800886926,1363200.000000,1
1425550800887916,1363200.000000,2
1425550800889010,1363200.000000,3
1425550800890104,1363200.000000,4
1425550800891145,1363200.000000,5
1425550814764322,1785600.000000,0
1425550814764947,1785600.000000,1
1425550814765572,1785600.000000,2
1425550814766145,1785600.000000,3
1425550814766822,1785600.000000,4
1425550814767604,1785600.000000,5
1425550817081458,1555200.000000,0
1425550817081770,1555200.000000,1
1425550817082083,1555200.000000,2
1425550817082395,1555200.000000,3
1425550817082708,1555200.000000,4
1425550817083020,1555200.000000,5
1425550817156822,1785600.000000,0
1425550817157239,1785600.000000,1
1425550817157551,1785600.000000,2
1425550817157916,1785600.000000,3
1425550817158229,1785600.000000,4
1425550817158645,1785600.000000,5
1425550832902551,748800.000000,0
1425550832903020,748800.000000,1
1425550832903385,748800.000000,2
1425550832903801,748800.000000,3
1425550832904166,748800.000000,4
1425550832904635,748800.000000,5
1425550862390885,556800.000000,0
1425550862392135,556800.000000,1
1425550862393176,556800.000000,2
1425550862394166,556800.000000,3
1425550862395260,556800.000000,4
1425550862396197,556800.000000,5
1425550872568645,748800.000000,0
1425550872569791,748800.000000,1
1425550872570729,748800.000000,2
1425550872571666,748800.000000,3
1425550872572604,748800.000000,4
1425550872573645,748800.000000,5
1425550879136510,556800.000000,0
1425550879137604,556800.000000,1
1425550879138541,556800.000000,2
1425550879139635,556800.000000,3
1425550879140729,556800.000000,4
1425550879141770,556800.000000,5
1425550881195989,748800.000000,0
1425550881197135,748800.000000,1
1425550881198072,748800.000000,2
1425550881199114,748800.000000,3
1425550881200208,748800.000000,4
1425550881201145,748800.000000,5
1425550895795885,960000.000000,0
1425550895796666,960000.000000,1
1425550895797447,960000.000000,2
1425550895798229,960000.000000,3
1425550895798958,960000.000000,4
1425550895799635,960000.000000,5
1425550910811979,1363200.000000,0
1425550910812604,1363200.000000,1
1425550910813229,1363200.000000,2
1425550910813801,1363200.000000,3
1425550910814322,1363200.000000,4
1425550910814947,1363200.000000,5
1425550928890104,748800.000000,0
1425550928890729,748800.000000,1
1425550928891510,748800.000000,2
1425550928892551,748800.000000,3
1425550928893489,748800.000000,4
1425550928894322,748800.000000,5
1425550961746979,556800.000000,0
1425550961748541,556800.000000,1
1425550961752447,556800.000000,2
1425550961753697,556800.000000,3
1425550961755104,556800.000000,4
1425550961756354,556800.000000,5
1425551007127239,1363200.000000,0
1425551007128489,1363200.000000,1
1425551007129478,1363200.000000,2
1425551007130572,1363200.000000,3
1425551007131510,1363200.000000,4
1425551007132603,1363200.000000,5
1425551022922135,1555200.000000,0
1425551022922603,1555200.000000,1
1425551022923020,1555200.000000,2
1425551022923489,1555200.000000,3
1425551022923853,1555200.000000,4
1425551022924270,1555200.000000,5
1425551040865572,556800.000000,0
1425551040866041,556800.000000,1
1425551040866666,556800.000000,2
1425551040867760,556800.000000,3
1425551040869114,556800.000000,4
1425551040870364,556800.000000,5
1425551081861770,1555200.000000,0
1425551081862916,1555200.000000,1
1425551081863853,1555200.000000,2
1425551081864895,1555200.000000,3
1425551081865989,1555200.000000,4
1425551081866926,1555200.000000,5
1425551088924478,748800.000000,0
1425551088924947,748800.000000,1
1425551088925260,748800.000000,2
1425551088925676,748800.000000,3
1425551088926041,748800.000000,4
1425551088926353,748800.000000,5
1425551103319010,1363200.000000,0
1425551103320103,1363200.000000,1
1425551103320989,1363200.000000,2
1425551103321822,1363200.000000,3
1425551103322760,1363200.000000,4
1425551103323697,1363200.000000,5
1425551118829010,960000.000000,0
1425551118829478,960000.000000,1
1425551118829791,960000.000000,2
1425551118830260,960000.000000,3
1425551118830676,960000.000000,4
1425551118831197,960000.000000,5
1425551137000520,556800.000000,0
1425551137001978,556800.000000,1
1425551137003333,556800.000000,2
1425551137004635,556800.000000,3
1425551137005885,556800.000000,4
1425551137009478,556800.000000,5
1425551172060208,748800.000000,0
1425551172061770,748800.000000,1
1425551172063020,748800.000000,2
1425551172064322,748800.000000,3
1425551172065572,748800.000000,4
1425551172066822,748800.000000,5
1425551172484270,556800.000000,0
1425551172485364,556800.000000,1
1425551172486510,556800.000000,2
1425551172487916,556800.000000,3
1425551172489114,556800.000000,4
1425551172490416,556800.000000,5
1425551174993072,748800.000000,0
1425551174994270,748800.000000,1
1425551174995260,748800.000000,2
1425551174996353,748800.000000,3
1425551174997291,748800.000000,4
1425551174998541,748800.000000,5
1425551181126666,1152000.000000,0
1425551181127551,1152000.000000,1
1425551181128385,1152000.000000,2
1425551181129166,1152000.000000,3
1425551181129791,1152000.000000,4
1425551181130676,1152000.000000,5
1425551182789791,748800.000000,0
1425551182790416,748800.000000,1
1425551182791041,748800.000000,2
1425551182791666,748800.000000,3
1425551182792603,748800.000000,4
1425551182793541,748800.000000,5
1425551200939635,1363200.000000,0
1425551200940520,1363200.000000,1
1425551200941197,1363200.000000,2
1425551200941978,1363200.000000,3
1425551200942603,1363200.000000,4
1425551200943385,1363200.000000,5
1425551230788228,748800.000000,0
1425551230788958,748800.000000,1
1425551230789478,748800.000000,2
1425551230790416,748800.000000,3
1425551230791510,748800.000000,4
1425551230792395,748800.000000,5
1425551256054791,1555200.000000,0
1425551256055885,1555200.000000,1
1425551256056822,1555200.000000,2
1425551256057864,1555200.000000,3
1425551256058853,1555200.000000,4
1425551256059791,1555200.000000,5
1425551257043697,556800.000000,0
1425551257044166,556800.000000,1
1425551257044635,556800.000000,2
1425551257045103,556800.000000,3
1425551257045520,556800.000000,4
1425551257046041,556800.000000,5
1425551281444426,1363200.000000,0
1425551281445572,1363200.000000,1
1425551281446614,1363200.000000,2
1425551281447551,1363200.000000,3
1425551281448541,1363200.000000,4
1425551281449478,1363200.000000,5
1425551296848228,1555200.000000,0
1425551296848958,1555200.000000,1
1425551296849322,1555200.000000,2
1425551296849791,1555200.000000,3
1425551296850208,1555200.000000,4
1425551296850572,1555200.000000,5
1425551312873072,1152000.000000,0
1425551312873697,1152000.000000,1
1425551312874114,1152000.000000,2
1425551312874583,1152000.000000,3
1425551312875051,1152000.000000,4
1425551312875676,1152000.000000,5
1425551326896145,556800.000000,0
1425551326896666,556800.000000,1
1425551326897551,556800.000000,2
1425551326898541,556800.000000,3
1425551326899635,556800.000000,4
1425551326900676,556800.000000,5
1425551381121510,1152000.000000,0
1425551381122603,1152000.000000,1
1425551381123541,1152000.000000,2
1425551381124635,1152000.000000,3
1425551381125728,1152000.000000,4
1425551381126822,1152000.000000,5
1425551408860728,1555200.000000,0
1425551408861301,1555200.000000,1
1425551408861770,1555200.000000,2
1425551408862291,1555200.000000,3
1425551408862760,1555200.000000,4
1425551408863228,1555200.000000,5
1425551422844791,748800.000000,0
1425551422845260,748800.000000,1
1425551422845572,748800.000000,2
1425551422845989,748800.000000,3
1425551422846353,748800.000000,4
1425551422846978,748800.000000,5
1425551428230885,556800.000000,0
1425551428232395,556800.000000,1
1425551428233697,556800.000000,2
1425551428235051,556800.000000,3
1425551428236353,556800.000000,4
1425551428237603,556800.000000,5
1425551504926822,1363200.000000,0
1425551504927916,1363200.000000,1
1425551504928957,1363200.000000,2
1425551504929947,1363200.000000,3
1425551504930989,1363200.000000,4
1425551504932082,1363200.000000,5
1425551516906510,1555200.000000,0
1425551516907135,1555200.000000,1
1425551516907707,1555200.000000,2
1425551516908228,1555200.000000,3
1425551516908801,1555200.000000,4
1425551516909322,1555200.000000,5
1425551536747760,556800.000000,0
1425551536748541,556800.000000,1
1425551536749582,556800.000000,2
1425551536750572,556800.000000,3
1425551536751510,556800.000000,4
1425551536752551,556800.000000,5
1425551577484895,748800.000000,0
1425551577486041,748800.000000,1
1425551577486978,748800.000000,2
1425551577487916,748800.000000,3
1425551577489010,748800.000000,4
1425551577489947,748800.000000,5
1425551581619114,1555200.000000,0
1425551581619895,1555200.000000,1
1425551581620572,1555200.000000,2
1425551581621353,1555200.000000,3
1425551581622135,1555200.000000,4
1425551581622864,1555200.000000,5
1425551582862760,748800.000000,0
1425551582863228,748800.000000,1
1425551582863541,748800.000000,2
1425551582863853,748800.000000,3
1425551582864322,748800.000000,4
1425551582864635,748800.000000,5
1425551598182707,556800.000000,0
1425551598184010,556800.000000,1
1425551598185260,556800.000000,2
1425551598186614,556800.000000,3
1425551598187760,556800.000000,4
1425551598189010,556800.000000,5
1425551599519010,1363200.000000,0
1425551599520103,1363200.000000,1
1425551599521041,1363200.000000,2
1425551599522082,1363200.000000,3
1425551599523072,1363200.000000,4
1425551599524114,1363200.000000,5
1425551616858957,1555200.000000,0
1425551616859582,1555200.000000,1
1425551616860051,1555200.000000,2
1425551616860572,1555200.000000,3
1425551616861041,1555200.000000,4
1425551616861614,1555200.000000,5
1425551632886301,748800.000000,0
1425551632886822,748800.000000,1
1425551632887291,748800.000000,2
1425551632887864,748800.000000,3
1425551632888697,748800.000000,4
1425551632889739,748800.000000,5
1425551651878020,556800.000000,0
1425551651879270,556800.000000,1
1425551651880259,556800.000000,2
1425551651881353,556800.000000,3
1425551651882447,556800.000000,4
1425551651883384,556800.000000,5
1425551673288072,1152000.000000,0
1425551673289582,1152000.000000,1
1425551673290832,1152000.000000,2
1425551673292291,1152000.000000,3
1425551673293541,1152000.000000,4
1425551673294791,1152000.000000,5
1425551679714478,556800.000000,0
1425551679715051,556800.000000,1
1425551679715572,556800.000000,2
1425551679716145,556800.000000,3
1425551679716978,556800.000000,4
1425551679718020,556800.000000,5
1425551681270676,1555200.000000,0
1425551681272082,1555200.000000,1
1425551681273384,1555200.000000,2
1425551681274634,1555200.000000,3
1425551681275989,1555200.000000,4
1425551681277291,1555200.000000,5
1425551696883332,1785600.000000,0
1425551696883853,1785600.000000,1
1425551696884322,1785600.000000,2
1425551696884634,1785600.000000,3
1425551696884947,1785600.000000,4
1425551696885364,1785600.000000,5
1425551712931197,1152000.000000,0
1425551712931509,1152000.000000,1
1425551712931822,1152000.000000,2
1425551712932239,1152000.000000,3
1425551712932551,1152000.000000,4
1425551712932864,1152000.000000,5
1425551728924947,556800.000000,0
1425551728925728,556800.000000,1
1425551728926770,556800.000000,2
1425551728927759,556800.000000,3
1425551728928697,556800.000000,4
1425551728929739,556800.000000,5
1425551781064114,960000.000000,0
1425551781065259,960000.000000,1
1425551781066301,960000.000000,2
1425551781067291,960000.000000,3
1425551781068384,960000.000000,4
1425551781069322,960000.000000,5
1425551808867759,1555200.000000,0
1425551808868384,1555200.000000,1
1425551808869009,1555200.000000,2
1425551808869634,1555200.000000,3
1425551808870207,1555200.000000,4
1425551808870728,1555200.000000,5
1425551822590728,1363200.000000,0
1425551822591197,1363200.000000,1
1425551822591509,1363200.000000,2
1425551822591978,1363200.000000,3
1425551822592291,1363200.000000,4
1425551822592759,1363200.000000,5
1425551822776770,748800.000000,0
1425551822777239,748800.000000,1
1425551822777864,748800.000000,2
1425551822778541,748800.000000,3
1425551822779322,748800.000000,4
1425551822780103,748800.000000,5
1425551822930572,556800.000000,0
1425551822931353,556800.000000,1
1425551822932134,556800.000000,2
1425551822933176,556800.000000,3
1425551822934322,556800.000000,4
1425551822935416,556800.000000,5
1425551857067134,748800.000000,0
1425551857068384,748800.000000,1
1425551857069426,748800.000000,2
1425551857070364,748800.000000,3
1425551857071353,748800.000000,4
1425551857072447,748800.000000,5
1425551857135728,960000.000000,0
1425551857136822,960000.000000,1
1425551857137759,960000.000000,2
1425551857138801,960000.000000,3
1425551857139791,960000.000000,4
1425551857140676,960000.000000,5
1425551857708176,1555200.000000,0
1425551857708801,1555200.000000,1
1425551857709322,1555200.000000,2
1425551857710051,1555200.000000,3
1425551857710572,1555200.000000,4
1425551857711197,1555200.000000,5
1425551859958957,1785600.000000,0
1425551859959322,1785600.000000,1
1425551859959739,1785600.000000,2
1425551859960103,1785600.000000,3
1425551859960416,1785600.000000,4
1425551859960832,1785600.000000,5
1425551859977864,1555200.000000,0
1425551859978332,1555200.000000,1
1425551859978697,1555200.000000,2
1425551859979166,1555200.000000,3
1425551859979634,1555200.000000,4
1425551859980103,1555200.000000,5
1425551861210989,1363200.000000,0
1425551861211353,1363200.000000,1
1425551861211770,1363200.000000,2
1425551861212916,1363200.000000,3
1425551861213332,1363200.000000,4
1425551861213697,1363200.000000,5
1425551862023697,1555200.000000,0
1425551862024166,1555200.000000,1
1425551862024634,1555200.000000,2
1425551862024947,1555200.000000,3
1425551862025416,1555200.000000,4
1425551862025832,1555200.000000,5
1425551862131666,1363200.000000,0
1425551862132134,1363200.000000,1
1425551862132447,1363200.000000,2
1425551862132864,1363200.000000,3
1425551862133228,1363200.000000,4
1425551862133541,1363200.000000,5
1425551868295572,748800.000000,0
1425551868296041,748800.000000,1
1425551868296457,748800.000000,2
1425551868296822,748800.000000,3
1425551868297291,748800.000000,4
1425551868297916,748800.000000,5
1425551868303384,1152000.000000,0
1425551868304166,1152000.000000,1
1425551868304947,1152000.000000,2
1425551868305572,1152000.000000,3
1425551868306353,1152000.000000,4
1425551868307134,1152000.000000,5
1425551868324009,748800.000000,0
1425551868324739,748800.000000,1
1425551868325416,748800.000000,2
1425551868326197,748800.000000,3
1425551868326926,748800.000000,4
1425551868327603,748800.000000,5
1425551868332134,1152000.000000,0
1425551868332916,1152000.000000,1
1425551868333645,1152000.000000,2
1425551868334322,1152000.000000,3
1425551868335103,1152000.000000,4
1425551868335728,1152000.000000,5
1425551868512864,1785600.000000,0
1425551868513541,1785600.000000,1
1425551868514270,1785600.000000,2
1425551868514895,1785600.000000,3
1425551868515728,1785600.000000,4
1425551868516353,1785600.000000,5
1425551868925728,748800.000000,0
1425551868926145,748800.000000,1
1425551868926509,748800.000000,2
1425551868926822,748800.000000,3
1425551868927134,748800.000000,4
1425551868927603,748800.000000,5
1425551868956301,556800.000000,0
1425551868957291,556800.000000,1
1425551868958176,556800.000000,2
1425551868959114,556800.000000,3
1425551868959947,556800.000000,4
1425551868960884,556800.000000,5
1425551869508541,748800.000000,0
1425551869509634,748800.000000,1
1425551869510572,748800.000000,2
1425551869511666,748800.000000,3
1425551869512759,748800.000000,4
1425551869513801,748800.000000,5
1425551869586666,3532800.000000,0
1425551869587447,3532800.000000,1
1425551869588228,3532800.000000,2
1425551869589114,3532800.000000,3
1425551869589895,3532800.000000,4
1425551869590676,3532800.000000,5
1425551869598697,4473600.000000,6
1425551869599478,4473600.000000,7
1425551900886041,1017600.000000,6
1425551900886197,1017600.000000,7
1425551902826145,2400000.000000,0
1425551902826301,2400000.000000,1
1425551902826457,2400000.000000,2
1425551902826614,2400000.000000,3
1425551902826770,2400000.000000,4
1425551902826926,2400000.000000,5
1425551918761822,1555200.000000,0
1425551918762082,1555200.000000,1
1425551918762291,1555200.000000,2
1425551918762603,1555200.000000,3
1425551918762759,1555200.000000,4
1425551918763072,1555200.000000,5
1425551921783072,2227200.000000,0
1425551921783645,2227200.000000,1
1425551921784009,2227200.000000,2
1425551921784582,2227200.000000,3
1425551921784947,2227200.000000,4
1425551921785416,2227200.000000,5
1425551921835207,1555200.000000,0
1425551921835520,1555200.000000,1
1425551921835884,1555200.000000,2
1425551921836197,1555200.000000,3
1425551921836509,1555200.000000,4
1425551921836822,1555200.000000,5
1425551928518853,2400000.000000,0
1425551928519166,2400000.000000,1
1425551928519634,2400000.000000,2
1425551928519947,2400000.000000,3
1425551928520259,2400000.000000,4
1425551928520676,2400000.000000,5
1425551928721509,1555200.000000,0
1425551928721770,1555200.000000,1
1425551928721978,1555200.000000,2
1425551928722239,1555200.000000,3
1425551928722447,1555200.000000,4
1425551928722707,1555200.000000,5
1425551928776978,2400000.000000,0
1425551928777447,2400000.000000,1
1425551928777759,2400000.000000,2
1425551928778176,2400000.000000,3
1425551928778541,2400000.000000,4
1425551928778853,2400000.000000,5
1425551928846041,1555200.000000,0
1425551928846301,1555200.000000,1
1425551928846509,1555200.000000,2
1425551928846822,1555200.000000,3
1425551928847082,1555200.000000,4
1425551928847291,1555200.000000,5
1425551981038853,2400000.000000,0
1425551981039322,2400000.000000,1
1425551981039739,2400000.000000,2
1425551981040103,2400000.000000,3
1425551981040416,2400000.000000,4
1425551981040832,2400000.000000,5
1425551982732603,1555200.000000,0
1425551982732916,1555200.000000,1
1425551982733228,1555200.000000,2
1425551982733489,1555200.000000,3
1425551982733801,1555200.000000,4
1425551982734009,1555200.000000,5
1425552000516509,2400000.000000,0
1425552000516978,2400000.000000,1
1425552000517447,2400000.000000,2
1425552000517916,2400000.000000,3
1425552000518384,2400000.000000,4
1425552000519009,2400000.000000,5
1425552015182551,1555200.000000,0
1425552015182759,1555200.000000,1
1425552015183020,1555200.000000,2
1425552015183228,1555200.000000,3
1425552015183489,1555200.000000,4
1425552015183697,1555200.000000,5
1425552096844426,1785600.000000,0
1425552096844895,1785600.000000,1
1425552096845259,1785600.000000,2
1425552096845676,1785600.000000,3
1425552096845988,1785600.000000,4
1425552096846353,1785600.000000,5
1425552108849009,1996800.000000,0
1425552108849478,1996800.000000,1
1425552108849791,1996800.000000,2
1425552108850259,1996800.000000,3
1425552108850676,1996800.000000,4
1425552108851041,1996800.000000,5
1425552108935416,1785600.000000,0
1425552108935728,1785600.000000,1
1425552108936041,1785600.000000,2
1425552108936353,1785600.000000,3
1425552108936613,1785600.000000,4
1425552108936822,1785600.000000,5
1425552112841666,1555200.000000,0
1425552112842447,1555200.000000,1
1425552112842863,1555200.000000,2
1425552112843332,1555200.000000,3
1425552112843697,1555200.000000,4
1425552112844113,1555200.000000,5
1425552114675363,1996800.000000,0
1425552114675728,1996800.000000,1
1425552114676197,1996800.000000,2
1425552114676613,1996800.000000,3
1425552114676926,1996800.000000,4
1425552114677291,1996800.000000,5
1425552115256509,2400000.000000,0
1425552115256822,2400000.000000,1
1425552115257134,2400000.000000,2
1425552115257447,2400000.000000,3
1425552115257759,2400000.000000,4
1425552115258072,2400000.000000,5
1425552115266978,1996800.000000,0
1425552115267291,1996800.000000,1
1425552115267603,1996800.000000,2
1425552115267916,1996800.000000,3
1425552115268176,1996800.000000,4
1425552115268384,1996800.000000,5
1425552116049634,1555200.000000,0
1425552116049947,1555200.000000,1
1425552116050207,1555200.000000,2
1425552116050520,1555200.000000,3
1425552116050728,1555200.000000,4
1425552116051041,1555200.000000,5
1425552116147291,1996800.000000,0
1425552116147707,1996800.000000,1
1425552116148072,1996800.000000,2
1425552116149582,1996800.000000,3
1425552116149947,1996800.000000,4
1425552116150363,1996800.000000,5
1425552116939166,2745600.000000,0
1425552116940676,2745600.000000,1
1425552116940884,2745600.000000,2
1425552116941197,2745600.000000,3
1425552116945416,2745600.000000,4
1425552116945728,2745600.000000,5
1425552116972238,1996800.000000,0
1425552116972447,1996800.000000,1
1425552116973853,1996800.000000,2
1425552116974113,1996800.000000,3
1425552116974270,1996800.000000,4
1425552116974791,1996800.000000,5
1425552119458697,2745600.000000,0
1425552119459009,2745600.000000,1
1425552119459322,2745600.000000,2
1425552119459582,2745600.000000,3
1425552119459791,2745600.000000,4
1425552119460103,2745600.000000,5
1425552120517447,1996800.000000,0
1425552120517759,1996800.000000,1
1425552120517916,1996800.000000,2
1425552120518228,1996800.000000,3
1425552120518488,1996800.000000,4
1425552120518697,1996800.000000,5
1425552121074947,2227200.000000,0
1425552121075259,2227200.000000,1
1425552121075572,2227200.000000,2
1425552121075832,2227200.000000,3
1425552121076041,2227200.000000,4
1425552121076353,2227200.000000,5
1425552121086926,1996800.000000,0
1425552121087291,1996800.000000,1
1425552121087603,1996800.000000,2
1425552121088072,1996800.000000,3
1425552121088384,1996800.000000,4
1425552121088801,1996800.000000,5
1425552121195207,2227200.000000,0
1425552121195520,2227200.000000,1
1425552121195728,2227200.000000,2
1425552121196041,2227200.000000,3
1425552121196457,2227200.000000,4
1425552121196666,2227200.000000,5
1425552121237291,1996800.000000,0
1425552121237603,1996800.000000,1
1425552121237916,1996800.000000,2
1425552121238176,1996800.000000,3
1425552121238384,1996800.000000,4
1425552121238697,1996800.000000,5
1425552121338697,2400000.000000,0
1425552121339166,2400000.000000,1
1425552121339478,2400000.000000,2
1425552121339791,2400000.000000,3
1425552121340259,2400000.000000,4
1425552121340572,2400000.000000,5
1425552121380416,1996800.000000,0
1425552121380728,1996800.000000,1
1425552121381666,1996800.000000,2
1425552121381926,1996800.000000,3
1425552121382238,1996800.000000,4
1425552121382447,1996800.000000,5
1425552122079426,1785600.000000,0
1425552122079738,1785600.000000,1
1425552122079947,1785600.000000,2
1425552122080259,1785600.000000,3
1425552122080572,1785600.000000,4
1425552122080832,1785600.000000,5
1425552122156822,1555200.000000,0
1425552122157238,1555200.000000,1
1425552122157551,1555200.000000,2
1425552122157916,1555200.000000,3
1425552122158176,1555200.000000,4
1425552122158488,1555200.000000,5
1425552122164582,1996800.000000,0
1425552122164947,1996800.000000,1
1425552122165363,1996800.000000,2
1425552122165728,1996800.000000,3
1425552122166041,1996800.000000,4
1425552122166457,1996800.000000,5
1425552122201509,2227200.000000,0
1425552122201978,2227200.000000,1
1425552122202447,2227200.000000,2
1425552122202916,2227200.000000,3
1425552122203384,2227200.000000,4
1425552122203957,2227200.000000,5
1425552122305051,1996800.000000,0
1425552122305363,1996800.000000,1
1425552122305572,1996800.000000,2
1425552122305884,1996800.000000,3
1425552122306145,1996800.000000,4
1425552122306457,1996800.000000,5
1425552122720051,2227200.000000,0
1425552122720363,2227200.000000,1
1425552122720676,2227200.000000,2
1425552122720884,2227200.000000,3
1425552122721197,2227200.000000,4
1425552122721509,2227200.000000,5
1425552122756822,1996800.000000,0
1425552122757134,1996800.000000,1
1425552122757447,1996800.000000,2
1425552122757707,1996800.000000,3
1425552122757916,1996800.000000,4
1425552122758228,1996800.000000,5
1425552122826041,1555200.000000,0
1425552122826353,1555200.000000,1
1425552122826666,1555200.000000,2
1425552122826978,1555200.000000,3
1425552122827291,1555200.000000,4
1425552122827603,1555200.000000,5
1425552128794634,2227200.000000,0
1425552128795103,2227200.000000,1
1425552128795416,2227200.000000,2
1425552128795884,2227200.000000,3
1425552128796301,2227200.000000,4
1425552128796613,2227200.000000,5
1425552128968801,1555200.000000,0
1425552128969009,1555200.000000,1
1425552128969322,1555200.000000,2
1425552128969582,1555200.000000,3
1425552128969791,1555200.000000,4
1425552128970103,1555200.000000,5
1425552128978853,2227200.000000,0
1425552128979322,2227200.000000,1
1425552128979791,2227200.000000,2
1425552128980259,2227200.000000,3
1425552128980728,2227200.000000,4
1425552128981197,2227200.000000,5
1425552129017082,1555200.000000,0
1425552129017551,1555200.000000,1
1425552129018020,1555200.000000,2
1425552129018488,1555200.000000,3
1425552129018957,1555200.000000,4
1425552129019426,1555200.000000,5
1425552129035207,2227200.000000,0
1425552129035676,2227200.000000,1
1425552129036145,2227200.000000,2
1425552129036509,2227200.000000,3
1425552129036978,2227200.000000,4
1425552129037551,2227200.000000,5
1425552136862707,2745600.000000,0
1425552136862916,2745600.000000,1
1425552136863228,2745600.000000,2
1425552136863488,2745600.000000,3
1425552136863697,2745600.000000,4
1425552136863957,2745600.000000,5
1425552143183020,1785600.000000,0
1425552143183228,1785600.000000,1
1425552143183488,1785600.000000,2
1425552143183697,1785600.000000,3
1425552143183853,1785600.000000,4
1425552143184113,1785600.000000,5
1425552156582395,1555200.000000,0
1425552156582707,1555200.000000,1
1425552156583020,1555200.000000,2
1425552156583384,1555200.000000,3
1425552156583645,1555200.000000,4
1425552156584009,1555200.000000,5
1425552206836666,1996800.000000,0
1425552206837551,1996800.000000,1
1425552206837916,1996800.000000,2
1425552206838697,1996800.000000,3
1425552206839113,1996800.000000,4
1425552206839478,1996800.000000,5
1425552222764322,1555200.000000,0
1425552222764791,1555200.000000,1
1425552222765259,1555200.000000,2
1425552222765728,1555200.000000,3
1425552222766145,1555200.000000,4
1425552222766613,1555200.000000,5
1425552224999270,2745600.000000,0
1425552224999634,2745600.000000,1
1425552225000051,2745600.000000,2
1425552225000416,2745600.000000,3
1425552225000728,2745600.000000,4
1425552225001145,2745600.000000,5
1425552240835884,1363200.000000,0
1425552240836197,1363200.000000,1
1425552240836353,1363200.000000,2
1425552240836509,1363200.000000,3
1425552240836822,1363200.000000,4
1425552240836978,1363200.000000,5
1425552258629895,556800.000000,0
1425552258630416,556800.000000,1
1425552258630884,556800.000000,2
1425552258634113,556800.000000,3
1425552258635259,556800.000000,4
1425552258636770,556800.000000,5
1425552271069791,1152000.000000,0
1425552271071197,1152000.000000,1
1425552271072447,1152000.000000,2
1425552271073697,1152000.000000,3
1425552271074947,1152000.000000,4
1425552271076197,1152000.000000,5
1425552273008020,1363200.000000,0
1425552273008541,1363200.000000,1
1425552273009113,1363200.000000,2
1425552273009582,1363200.000000,3
1425552273010103,1363200.000000,4
1425552273010572,1363200.000000,5
1425552304761457,1785600.000000,0
1425552304762134,1785600.000000,1
1425552304762603,1785600.000000,2
1425552304763176,1785600.000000,3
1425552304763697,1785600.000000,4
1425552304764270,1785600.000000,5
1425552308905363,1555200.000000,0
1425552308905884,1555200.000000,1
1425552308906301,1555200.000000,2
1425552308906665,1555200.000000,3
1425552308907082,1555200.000000,4
1425552308907447,1555200.000000,5
1425552320940884,1152000.000000,0
1425552320941509,1152000.000000,1
1425552320941978,1152000.000000,2
1425552320942707,1152000.000000,3
1425552320943228,1152000.000000,4
1425552320943853,1152000.000000,5
1425552334813228,748800.000000,0
1425552334814009,748800.000000,1
1425552334814790,748800.000000,2
1425552334815415,748800.000000,3
1425552334816197,748800.000000,4
1425552334816978,748800.000000,5
1425552350777082,556800.000000,0
1425552350778540,556800.000000,1
1425552350779895,556800.000000,2
1425552350781197,556800.000000,3
1425552350782395,556800.000000,4
1425552350783697,556800.000000,5
1425552379481665,748800.000000,0
1425552379482915,748800.000000,1
1425552379484113,748800.000000,2
1425552379485103,748800.000000,3
1425552379486040,748800.000000,4
1425552379486978,748800.000000,5
1425552383579478,556800.000000,0
1425552383580832,556800.000000,1
1425552383582134,556800.000000,2
1425552383583384,556800.000000,3
1425552383584738,556800.000000,4
1425552383585988,556800.000000,5
1425552400231978,1363200.000000,0
1425552400233384,1363200.000000,1
1425552400234790,1363200.000000,2
1425552400236040,1363200.000000,3
1425552400237290,1363200.000000,4
1425552400238540,1363200.000000,5
1425552416103072,1555200.000000,0
1425552416103540,1555200.000000,1
1425552416104009,1555200.000000,2
1425552416104478,1555200.000000,3
1425552416104790,1555200.000000,4
1425552416105259,1555200.000000,5
1425552416129322,1785600.000000,0
1425552416129738,1785600.000000,1
1425552416130103,1785600.000000,2
1425552416130415,1785600.000000,3
1425552416130832,1785600.000000,4
1425552416131145,1785600.000000,5
1425552416939322,1555200.000000,0
1425552416939790,1555200.000000,1
1425552416940103,1555200.000000,2
1425552416940415,1555200.000000,3
1425552416940728,1555200.000000,4
1425552416941040,1555200.000000,5
1425552429363384,1785600.000000,0
1425552429363697,1785600.000000,1
1425552429364113,1785600.000000,2
1425552429364478,1785600.000000,3
1425552429364790,1785600.000000,4
1425552429365259,1785600.000000,5
1425552430854634,748800.000000,0
1425552430854947,748800.000000,1
1425552430855259,748800.000000,2
1425552430855572,748800.000000,3
1425552430855884,748800.000000,4
1425552430856197,748800.000000,5
1425552450299322,556800.000000,0
1425552450300884,556800.000000,1
1425552450302134,556800.000000,2
1425552450303384,556800.000000,3
1425552450304790,556800.000000,4
1425552450306040,556800.000000,5
1425552476066197,748800.000000,0
1425552476067707,748800.000000,1
1425552476068957,748800.000000,2
1425552476070207,748800.000000,3
1425552476071457,748800.000000,4
1425552476072863,748800.000000,5
1425552478818540,556800.000000,0
1425552478819790,556800.000000,1
1425552478820884,556800.000000,2
1425552478821822,556800.000000,3
1425552478822915,556800.000000,4
1425552478823957,556800.000000,5
1425552496932707,748800.000000,0
1425552496933853,748800.000000,1
1425552496934947,748800.000000,2
1425552496935884,748800.000000,3
1425552496936926,748800.000000,4
1425552496938020,748800.000000,5
1425552511283176,1363200.000000,0
1425552511284165,1363200.000000,1
1425552511285103,1363200.000000,2
1425552511286040,1363200.000000,3
1425552511286978,1363200.000000,4
1425552511288020,1363200.000000,5
1425552527729947,1152000.000000,0
1425552527730415,1152000.000000,1
1425552527730832,1152000.000000,2
1425552527731197,1152000.000000,3
1425552527731665,1152000.000000,4
1425552527732082,1152000.000000,5
1425552560824322,960000.000000,0
1425552560825051,960000.000000,1
1425552560825572,960000.000000,2
1425552560826197,960000.000000,3
1425552560826665,960000.000000,4
1425552560827290,960000.000000,5
1425552574789790,556800.000000,0
1425552574791145,556800.000000,1
1425552574792447,556800.000000,2
1425552574793540,556800.000000,3
1425552574794947,556800.000000,4
1425552574796197,556800.000000,5
1425552581221040,960000.000000,0
1425552581222238,960000.000000,1
1425552581223384,960000.000000,2
1425552581224478,960000.000000,3
1425552581225415,960000.000000,4
1425552581226353,960000.000000,5
1425552591716822,748800.000000,0
1425552591717707,748800.000000,1
1425552591718488,748800.000000,2
1425552591719165,748800.000000,3
1425552591719947,748800.000000,4
1425552591720676,748800.000000,5
1425552608377134,1363200.000000,0
1425552608378072,1363200.000000,1
1425552608379009,1363200.000000,2
1425552608379947,1363200.000000,3
1425552608380884,1363200.000000,4
1425552608381926,1363200.000000,5
1425552623442134,960000.000000,0
1425552623442707,960000.000000,1
1425552623443228,960000.000000,2
1425552623443853,960000.000000,3
1425552623444634,960000.000000,4
1425552623445259,960000.000000,5
1425552640874009,556800.000000,0
1425552640875103,556800.000000,1
1425552640876457,556800.000000,2
1425552640877603,556800.000000,3
1425552640878957,556800.000000,4
1425552640880207,556800.000000,5
1425552676937395,748800.000000,0
1425552676938540,748800.000000,1
1425552676939478,748800.000000,2
1425552676940520,748800.000000,3
1425552676941509,748800.000000,4
1425552676942447,748800.000000,5
1425552679208540,556800.000000,0
1425552679209738,556800.000000,1
1425552679210728,556800.000000,2
1425552679211770,556800.000000,3
1425552679212759,556800.000000,4
1425552679213853,556800.000000,5
1425552688860572,748800.000000,0
1425552688861665,748800.000000,1
1425552688862707,748800.000000,2
1425552688863697,748800.000000,3
1425552688864738,748800.000000,4
1425552688865728,748800.000000,5
1425552704873228,1363200.000000,0
1425552704874113,1363200.000000,1
1425552704874895,1363200.000000,2
1425552704875728,1363200.000000,3
1425552704876457,1363200.000000,4
1425552704877134,1363200.000000,5
1425552720842238,1555200.000000,0
1425552720842603,1555200.000000,1
1425552720843072,1555200.000000,2
1425552720843488,1555200.000000,3
1425552720843853,1555200.000000,4
1425552720844322,1555200.000000,5
1425552721968072,1785600.000000,0
1425552721968488,1785600.000000,1
1425552721968853,1785600.000000,2
1425552721969165,1785600.000000,3
1425552721969582,1785600.000000,4
1425552721969947,1785600.000000,5
1425552725316978,1555200.000000,0
1425552725317290,1555200.000000,1
1425552725317603,1555200.000000,2
1425552725317915,1555200.000000,3
1425552725318332,1555200.000000,4
1425552725318645,1555200.000000,5
1425552725382447,1785600.000000,0
1425552725382915,1785600.000000,1
1425552725383228,1785600.000000,2
1425552725383645,1785600.000000,3
1425552725384009,1785600.000000,4
1425552725384322,1785600.000000,5
1425552736861978,960000.000000,0
1425552736862447,960000.000000,1
1425552736862863,960000.000000,2
1425552736863228,960000.000000,3
1425552736863644,960000.000000,4
1425552736864165,960000.000000,5
1425552758313853,556800.000000,0
1425552758315415,556800.000000,1
1425552758316613,556800.000000,2
1425552758317915,556800.000000,3
1425552758319165,556800.000000,4
1425552758320415,556800.000000,5
1425552774975728,748800.000000,0
1425552774977290,748800.000000,1
1425552774978488,748800.000000,2
1425552774979738,748800.000000,3
1425552774980884,748800.000000,4
1425552774982134,748800.000000,5
1425552775129269,556800.000000,0
1425552775130415,556800.000000,1
1425552775131457,556800.000000,2
1425552775132447,556800.000000,3
1425552775133384,556800.000000,4
1425552775134322,556800.000000,5
1425552775582915,748800.000000,0
1425552775584009,748800.000000,1
1425552775585051,748800.000000,2
1425552775586040,748800.000000,3
1425552775587082,748800.000000,4
1425552775588072,748800.000000,5
1425552776236822,556800.000000,0
1425552776237603,556800.000000,1
1425552776238384,556800.000000,2
1425552776239322,556800.000000,3
1425552776240415,556800.000000,4
1425552776241457,556800.000000,5
1425552781057082,1363200.000000,0
1425552781058228,1363200.000000,1
1425552781059269,1363200.000000,2
1425552781060259,1363200.000000,3
1425552781061197,1363200.000000,4
1425552781062290,1363200.000000,5
1425552783225051,556800.000000,0
1425552783225519,556800.000000,1
1425552783225884,556800.000000,2
1425552783226301,556800.000000,3
1425552783226665,556800.000000,4
1425552783227134,556800.000000,5
1425552799896509,1363200.000000,0
1425552799897759,1363200.000000,1
1425552799899113,1363200.000000,2
1425552799900259,1363200.000000,3
1425552799901665,1363200.000000,4
1425552799902915,1363200.000000,5
1425552815335728,1785600.000000,0
1425552815336301,1785600.000000,1
1425552815336665,1785600.000000,2
1425552815337082,1785600.000000,3
1425552815337551,1785600.000000,4
1425552815337915,1785600.000000,5
1425552830765832,748800.000000,0
1425552830766301,748800.000000,1
1425552830766665,748800.000000,2
1425552830767082,748800.000000,3
1425552830767603,748800.000000,4
1425552830768488,748800.000000,5
1425552846980415,1363200.000000,0
1425552846981353,1363200.000000,1
1425552846982082,1363200.000000,2
1425552846982759,1363200.000000,3
1425552846983644,1363200.000000,4
1425552846984322,1363200.000000,5
1425552863032551,1555200.000000,0
1425552863033072,1555200.000000,1
1425552863033540,1555200.000000,2
1425552863034113,1555200.000000,3
1425552863034634,1555200.000000,4
1425552863035103,1555200.000000,5
1425552871999790,1785600.000000,0
1425552872000207,1785600.000000,1
1425552872000572,1785600.000000,2
1425552872000988,1785600.000000,3
1425552872001353,1785600.000000,4
1425552872001665,1785600.000000,5
1425552872046978,1555200.000000,0
1425552872047394,1555200.000000,1
1425552872047707,1555200.000000,2
1425552872048019,1555200.000000,3
1425552872048332,1555200.000000,4
1425552872048644,1555200.000000,5
1425552872976040,1785600.000000,0
1425552872976457,1785600.000000,1
1425552872976822,1785600.000000,2
1425552872977134,1785600.000000,3
1425552872977447,1785600.000000,4
1425552872977863,1785600.000000,5
1425552874888072,1555200.000000,0
1425552874888488,1555200.000000,1
1425552874888801,1555200.000000,2
1425552874889113,1555200.000000,3
1425552874889426,1555200.000000,4
1425552874889738,1555200.000000,5
1425552875000103,1785600.000000,0
1425552875000519,1785600.000000,1
1425552875000884,1785600.000000,2
1425552875001353,1785600.000000,3
1425552875001665,1785600.000000,4
1425552875001978,1785600.000000,5
1425552875745988,1555200.000000,0
1425552875746353,1555200.000000,1
1425552875746769,1555200.000000,2
1425552875747134,1555200.000000,3
1425552875747603,1555200.000000,4
1425552875748072,1555200.000000,5
1425552875802759,1785600.000000,0
1425552875803072,1785600.000000,1
1425552875803488,1785600.000000,2
1425552875803957,1785600.000000,3
1425552875804322,1785600.000000,4
1425552875804634,1785600.000000,5
1425552879429478,1363200.000000,0
1425552879429947,1363200.000000,1
1425552879430259,1363200.000000,2
1425552879430728,1363200.000000,3
1425552879431144,1363200.000000,4
1425552879431509,1363200.000000,5
1425552896868488,1555200.000000,0
1425552896869009,1555200.000000,1
1425552896869478,1555200.000000,2
1425552896869894,1555200.000000,3
1425552896870259,1555200.000000,4
1425552896870728,1555200.000000,5
1425552911227290,1363200.000000,0
1425552911227759,1363200.000000,1
1425552911228228,1363200.000000,2
1425552911228697,1363200.000000,3
1425552911229113,1363200.000000,4
1425552911229634,1363200.000000,5
1425552926853072,556800.000000,0
1425552926853644,556800.000000,1
1425552926854009,556800.000000,2
1425552926854790,556800.000000,3
1425552926855832,556800.000000,4
1425552926856822,556800.000000,5
1425552939304894,1555200.000000,0
1425552939306040,1555200.000000,1
1425552939307082,1555200.000000,2
1425552939308072,1555200.000000,3
1425552939309009,1555200.000000,4
1425552939309947,1555200.000000,5
1425552939742238,556800.000000,0
1425552939742759,556800.000000,1
1425552939743072,556800.000000,2
1425552939743488,556800.000000,3
1425552939744009,556800.000000,4
1425552939745103,556800.000000,5
1425552981980676,1555200.000000,0
1425552981981821,1555200.000000,1
1425552981982759,1555200.000000,2
1425552981983696,1555200.000000,3
1425552981984790,1555200.000000,4
1425552981985832,1555200.000000,5
1425552991393071,1152000.000000,0
1425552991393540,1152000.000000,1
1425552991393957,1152000.000000,2
1425552991394426,1152000.000000,3
1425552991394894,1152000.000000,4
1425552991395363,1152000.000000,5
1425553006981978,1555200.000000,0
1425553006982603,1555200.000000,1
1425553006983071,1555200.000000,2
1425553006983540,1555200.000000,3
1425553006984009,1555200.000000,4
1425553006984478,1555200.000000,5
1425553024521978,556800.000000,0
1425553024522394,556800.000000,1
1425553024522759,556800.000000,2
1425553024523071,556800.000000,3
1425553024523957,556800.000000,4
1425553024524946,556800.000000,5
1425553031374426,748800.000000,0
1425553031375884,748800.000000,1
1425553031377134,748800.000000,2
1425553031378384,748800.000000,3
1425553031379738,748800.000000,4
1425553031381040,748800.000000,5
1425553040568957,556800.000000,0
1425553040570415,556800.000000,1
1425553040571613,556800.000000,2
1425553040572863,556800.000000,3
1425553040574321,556800.000000,4
1425553040575571,556800.000000,5
1425553093283228,960000.000000,0
1425553093284321,960000.000000,1
1425553093285571,960000.000000,2
1425553093286509,960000.000000,3
1425553093287603,960000.000000,4
1425553093288696,960000.000000,5
1425553103313540,1363200.000000,0
1425553103314321,1363200.000000,1
1425553103315103,1363200.000000,2
1425553103315832,1363200.000000,3
1425553103316509,1363200.000000,4
1425553103317238,1363200.000000,5
1425553134822707,748800.000000,0
1425553134823228,748800.000000,1
1425553134823644,748800.000000,2
1425553134824269,748800.000000,3
1425553134824946,748800.000000,4
1425553134825728,748800.000000,5
1425553151619790,1363200.000000,0
1425553151620676,1363200.000000,1
1425553151621457,1363200.000000,2
1425553151622134,1363200.000000,3
1425553151622915,1363200.000000,4
1425553151623696,1363200.000000,5
1425553167175363,748800.000000,0
1425553167175884,748800.000000,1
1425553167176665,748800.000000,2
1425553167177603,748800.000000,3
1425553167178488,748800.000000,4
1425553167179426,748800.000000,5
1425553181580207,1363200.000000,0
1425553181581040,1363200.000000,1
1425553181581665,1363200.000000,2
1425553181582446,1363200.000000,3
1425553181583176,1363200.000000,4
1425553181583853,1363200.000000,5
1425553182816509,556800.000000,0
1425553182816978,556800.000000,1
1425553182817446,556800.000000,2
1425553182817863,556800.000000,3
1425553182818384,556800.000000,4
1425553182819426,556800.000000,5
1425553199567551,1363200.000000,0
1425553199569009,1363200.000000,1
1425553199570259,1363200.000000,2
1425553199571509,1363200.000000,3
1425553199572759,1363200.000000,4
1425553199574009,1363200.000000,5
1425553212847603,1785600.000000,0
1425553212848071,1785600.000000,1
1425553212848488,1785600.000000,2
1425553212848853,1785600.000000,3
1425553212849269,1785600.000000,4
1425553212849634,1785600.000000,5
1425553223969113,1555200.000000,0
1425553223969582,1555200.000000,1
1425553223969946,1555200.000000,2
1425553223970415,1555200.000000,3
1425553223970832,1555200.000000,4
1425553223971301,1555200.000000,5
1425553224551665,1785600.000000,0
1425553224552134,1785600.000000,1
1425553224552446,1785600.000000,2
1425553224552759,1785600.000000,3
1425553224553176,1785600.000000,4
1425553224553540,1785600.000000,5
1425553229022290,1555200.000000,0
1425553229022707,1555200.000000,1
1425553229023019,1555200.000000,2
1425553229023332,1555200.000000,3
1425553229023644,1555200.000000,4
1425553229023957,1555200.000000,5
1425553229056821,1785600.000000,0
1425553229057290,1785600.000000,1
1425553229057603,1785600.000000,2
1425553229057915,1785600.000000,3
1425553229058332,1785600.000000,4
1425553229058696,1785600.000000,5
1425553231063696,556800.000000,0
1425553231064009,556800.000000,1
1425553231064321,556800.000000,2
1425553231064634,556800.000000,3
1425553231064946,556800.000000,4
1425553231065259,556800.000000,5
1425553237244478,748800.000000,0
1425553237245988,748800.000000,1
1425553237247238,748800.000000,2
1425553237248540,748800.000000,3
1425553237249790,748800.000000,4
1425553237251144,748800.000000,5
1425553247441978,556800.000000,0
1425553247443228,556800.000000,1
1425553247444478,556800.000000,2
1425553247445676,556800.000000,3
1425553247446978,556800.000000,4
1425553247448228,556800.000000,5
1425553295131301,1363200.000000,0
1425553295132446,1363200.000000,1
1425553295133488,1363200.000000,2
1425553295134634,1363200.000000,3
1425553295135676,1363200.000000,4
1425553295136665,1363200.000000,5
1425553312855728,1785600.000000,0
1425553312856353,1785600.000000,1
1425553312856821,1785600.000000,2
1425553312857134,1785600.000000,3
1425553312857603,1785600.000000,4
1425553312858071,1785600.000000,5
1425553327405988,748800.000000,0
1425553327406353,748800.000000,1
1425553327406665,748800.000000,2
1425553327408384,748800.000000,3
1425553327409165,748800.000000,4
1425553327409946,748800.000000,5
1425553361704426,556800.000000,0
1425553361705415,556800.000000,1
1425553361706353,556800.000000,2
1425553361707290,556800.000000,3
1425553361708228,556800.000000,4
1425553361709165,556800.000000,5
1425553385115884,748800.000000,0
1425553385116978,748800.000000,1
1425553385118071,748800.000000,2
1425553385119113,748800.000000,3
1425553385120103,748800.000000,4
1425553385121144,748800.000000,5
1425553391076821,556800.000000,0
1425553391078332,556800.000000,1
1425553391079634,556800.000000,2
1425553391080884,556800.000000,3
1425553391082134,556800.000000,4
1425553391083488,556800.000000,5
1425553391837915,748800.000000,0
1425553391839009,748800.000000,1
1425553391840103,748800.000000,2
1425553391841196,748800.000000,3
1425553391842134,748800.000000,4
1425553391843071,748800.000000,5
1425553392181144,1363200.000000,0
1425553392182082,1363200.000000,1
1425553392182759,1363200.000000,2
1425553392183540,1363200.000000,3
1425553392184269,1363200.000000,4
1425553392185050,1363200.000000,5
1425553392337915,556800.000000,0
1425553392338488,556800.000000,1
1425553392338853,556800.000000,2
1425553392339321,556800.000000,3
1425553392339738,556800.000000,4
1425553392340207,556800.000000,5
1425553407882550,1363200.000000,0
1425553407883696,1363200.000000,1
1425553407884634,1363200.000000,2
1425553407885675,1363200.000000,3
1425553407886665,1363200.000000,4
1425553407887603,1363200.000000,5
1425553438982134,556800.000000,0
1425553438982759,556800.000000,1
1425553438983800,556800.000000,2
1425553438985050,556800.000000,3
1425553438986300,556800.000000,4
1425553438987707,556800.000000,5
1425553439041978,748800.000000,0
1425553439043228,748800.000000,1
1425553439044478,748800.000000,2
1425553439045728,748800.000000,3
1425553439046978,748800.000000,4
1425553439048228,748800.000000,5
1425553456891040,1555200.000000,0
1425553456891925,1555200.000000,1
1425553456892603,1555200.000000,2
1425553456893384,1555200.000000,3
1425553456894165,1555200.000000,4
1425553456894894,1555200.000000,5
1425553480779165,1996800.000000,0
1425553480779582,1996800.000000,1
1425553480779946,1996800.000000,2
1425553480780363,1996800.000000,3
1425553480780728,1996800.000000,4
1425553480781144,1996800.000000,5
1425553481758488,1555200.000000,0
1425553481758853,1555200.000000,1
1425553481759165,1555200.000000,2
1425553481759478,1555200.000000,3
1425553481759790,1555200.000000,4
1425553481760207,1555200.000000,5
1425553482659738,1996800.000000,0
1425553482660103,1996800.000000,1
1425553482660519,1996800.000000,2
1425553482660884,1996800.000000,3
1425553482661196,1996800.000000,4
1425553482661613,1996800.000000,5
1425553482761196,1555200.000000,0
1425553482761613,1555200.000000,1
1425553482761925,1555200.000000,2
1425553482762134,1555200.000000,3
1425553482762446,1555200.000000,4
1425553482762759,1555200.000000,5
1425553482897290,1996800.000000,0
1425553482897603,1996800.000000,1
1425553482898019,1996800.000000,2
1425553482898384,1996800.000000,3
1425553482898696,1996800.000000,4
1425553482899113,1996800.000000,5
1425553482934478,1555200.000000,0
1425553482934946,1555200.000000,1
1425553482935259,1555200.000000,2
1425553482935675,1555200.000000,3
1425553482936040,1555200.000000,4
1425553482936353,1555200.000000,5
1425553482939738,1996800.000000,0
1425553482940103,1996800.000000,1
1425553482940519,1996800.000000,2
1425553482940884,1996800.000000,3
1425553482941196,1996800.000000,4
1425553482941509,1996800.000000,5
1425553484369634,1555200.000000,0
1425553484370050,1555200.000000,1
1425553484370363,1555200.000000,2
1425553484370728,1555200.000000,3
1425553484371144,1555200.000000,4
1425553484371509,1555200.000000,5
1425553484949165,1996800.000000,0
1425553484949582,1996800.000000,1
1425553484949946,1996800.000000,2
1425553484950363,1996800.000000,3
1425553484950728,1996800.000000,4
1425553484951040,1996800.000000,5
1425553488848384,1363200.000000,0
1425553488849165,1363200.000000,1
1425553488849425,1363200.000000,2
1425553488849634,1363200.000000,3
1425553488849946,1363200.000000,4
1425553488850259,1363200.000000,5
1425553501032134,1785600.000000,0
1425553501032550,1785600.000000,1
1425553501033019,1785600.000000,2
1425553501033384,1785600.000000,3
1425553501033853,1785600.000000,4
1425553501034321,1785600.000000,5
1425553504842759,1996800.000000,0
1425553504843071,1996800.000000,1
1425553504843384,1996800.000000,2
1425553504843696,1996800.000000,3
1425553504844009,1996800.000000,4
1425553504844321,1996800.000000,5
1425553524283800,556800.000000,0
1425553524284113,556800.000000,1
1425553524284425,556800.000000,2
1425553524284634,556800.000000,3
1425553524284946,556800.000000,4
1425553524285259,556800.000000,5
1425553529885832,748800.000000,0
1425553529887082,748800.000000,1
1425553529888071,748800.000000,2
1425553529889009,748800.000000,3
1425553529889946,748800.000000,4
1425553529890988,748800.000000,5
1425553542709321,1555200.000000,0
1425553542710259,1555200.000000,1
1425553542710988,1555200.000000,2
1425553542711665,1555200.000000,3
1425553542712446,1555200.000000,4
1425553542713228,1555200.000000,5
1425553542865884,748800.000000,0
1425553542866353,748800.000000,1
1425553542866821,748800.000000,2
1425553542867446,748800.000000,3
1425553542868384,748800.000000,4
1425553542869321,748800.000000,5
1425553551965050,1363200.000000,0
1425553551965988,1363200.000000,1
1425553551966665,1363200.000000,2
1425553551967446,1363200.000000,3
1425553551968175,1363200.000000,4
1425553551968957,1363200.000000,5
1425553568947915,748800.000000,0
1425553568948696,748800.000000,1
1425553568949478,748800.000000,2
1425553568950519,748800.000000,3
1425553568951509,748800.000000,4
1425553568952446,748800.000000,5
1425553582891144,556800.000000,0
1425553582892550,556800.000000,1
1425553582893696,556800.000000,2
1425553582894946,556800.000000,3
1425553582896196,556800.000000,4
1425553582897446,556800.000000,5
1425553596184321,748800.000000,0
1425553596185571,748800.000000,1
1425553596186925,748800.000000,2
1425553596188228,748800.000000,3
1425553596189634,748800.000000,4
1425553596190884,748800.000000,5
1425553596320050,960000.000000,0
1425553596320988,960000.000000,1
1425553596321769,960000.000000,2
1425553596322446,960000.000000,3
1425553596323228,960000.000000,4
1425553596324009,960000.000000,5
1425553596439478,748800.000000,0
1425553596440259,748800.000000,1
1425553596441040,748800.000000,2
1425553596441821,748800.000000,3
1425553596442759,748800.000000,4
1425553596443696,748800.000000,5
1425553596559634,960000.000000,0
1425553596560728,960000.000000,1
1425553596561665,960000.000000,2
1425553596562707,960000.000000,3
1425553596563696,960000.000000,4
1425553596564634,960000.000000,5
1425553596661353,748800.000000,0
1425553596662134,748800.000000,1
1425553596662915,748800.000000,2
1425553596663696,748800.000000,3
1425553596664425,748800.000000,4
1425553596665363,748800.000000,5
1425553596763071,556800.000000,0
1425553596764269,556800.000000,1
1425553596765207,556800.000000,2
1425553596766196,556800.000000,3
1425553596767290,556800.000000,4
1425553596768228,556800.000000,5
1425553596889165,1152000.000000,0
1425553596890259,1152000.000000,1
1425553596891196,1152000.000000,2
1425553596892290,1152000.000000,3
1425553596893228,1152000.000000,4
1425553596894321,1152000.000000,5
1425553599003332,1363200.000000,0
1425553599003853,1363200.000000,1
1425553599004321,1363200.000000,2
1425553599004790,1363200.000000,3
1425553599005259,1363200.000000,4
1425553599005728,1363200.000000,5
1425553615532707,1785600.000000,0
1425553615533227,1785600.000000,1
1425553615533696,1785600.000000,2
1425553615534269,1785600.000000,3
1425553615534790,1785600.000000,4
1425553615535259,1785600.000000,5
1425553624292238,1555200.000000,0
1425553624292707,1555200.000000,1
1425553624293071,1555200.000000,2
1425553624293488,1555200.000000,3
1425553624293852,1555200.000000,4
1425553624294269,1555200.000000,5
1425553624371300,1785600.000000,0
1425553624371769,1785600.000000,1
1425553624372134,1785600.000000,2
1425553624372602,1785600.000000,3
1425553624373071,1785600.000000,4
1425553624373540,1785600.000000,5
1425553624400727,1555200.000000,0
1425553624401196,1555200.000000,1
1425553624401665,1555200.000000,2
1425553624402082,1555200.000000,3
1425553624402550,1555200.000000,4
1425553624403019,1555200.000000,5
1425553624406352,1785600.000000,0
1425553624406821,1785600.000000,1
1425553624407290,1785600.000000,2
1425553624407759,1785600.000000,3
1425553624408227,1785600.000000,4
1425553624408696,1785600.000000,5
1425553624885207,1555200.000000,0
1425553624885571,1555200.000000,1
1425553624886040,1555200.000000,2
1425553624886352,1555200.000000,3
1425553624886769,1555200.000000,4
1425553624887134,1555200.000000,5
1425553624980571,1785600.000000,0
1425553624981040,1785600.000000,1
1425553624981457,1785600.000000,2
1425553624981925,1785600.000000,3
1425553624982394,1785600.000000,4
1425553624982863,1785600.000000,5
1425553626760259,1555200.000000,0
1425553626760571,1555200.000000,1
1425553626760884,1555200.000000,2
1425553626761196,1555200.000000,3
1425553626761509,1555200.000000,4
1425553626761821,1555200.000000,5
1425553626770675,1785600.000000,0
1425553626771144,1785600.000000,1
1425553626771509,1785600.000000,2
1425553626771821,1785600.000000,3
1425553626772238,1785600.000000,4
1425553626772550,1785600.000000,5
1425553626972759,1555200.000000,0
1425553626973175,1555200.000000,1
1425553626973384,1555200.000000,2
1425553626973696,1555200.000000,3
1425553626974009,1555200.000000,4
1425553626974425,1555200.000000,5
1425553627136144,1785600.000000,0
1425553627136509,1785600.000000,1
1425553627136821,1785600.000000,2
1425553627138540,1785600.000000,3
1425553627138957,1785600.000000,4
1425553627139321,1785600.000000,5
1425553630784269,2227200.000000,0
1425553630784582,2227200.000000,1
1425553630784946,2227200.000000,2
1425553630785259,2227200.000000,3
1425553630785571,2227200.000000,4
1425553630785884,2227200.000000,5
1425553632570571,1555200.000000,0
1425553632570884,1555200.000000,1
1425553632571196,1555200.000000,2
1425553632571457,1555200.000000,3
1425553632571665,1555200.000000,4
1425553632571925,1555200.000000,5
1425553632609009,2227200.000000,0
1425553632609425,2227200.000000,1
1425553632609790,2227200.000000,2
1425553632610102,2227200.000000,3
1425553632610519,2227200.000000,4
1425553632610884,2227200.000000,5
1425553632831196,1555200.000000,0
1425553632831509,1555200.000000,1
1425553632833227,1555200.000000,2
1425553632833540,1555200.000000,3
1425553632833852,1555200.000000,4
1425553632834113,1555200.000000,5
1425553632845884,2227200.000000,0
1425553632846300,2227200.000000,1
1425553632846613,2227200.000000,2
1425553632846977,2227200.000000,3
1425553632847290,2227200.000000,4
1425553632847602,2227200.000000,5
1425553634047863,1555200.000000,0
1425553634048071,1555200.000000,1
1425553634048384,1555200.000000,2
1425553634048644,1555200.000000,3
1425553634048852,1555200.000000,4
1425553634049113,1555200.000000,5
1425553634173227,2227200.000000,0
1425553634173696,2227200.000000,1
1425553634174009,2227200.000000,2
1425553634174321,2227200.000000,3
1425553634174738,2227200.000000,4
1425553634175102,2227200.000000,5
1425553634326300,1555200.000000,0
1425553634326509,1555200.000000,1
1425553634326821,1555200.000000,2
1425553634327082,1555200.000000,3
1425553634327290,1555200.000000,4
1425553634327550,1555200.000000,5
1425553634439009,2227200.000000,0
1425553634439321,2227200.000000,1
1425553634439634,2227200.000000,2
1425553634440050,2227200.000000,3
1425553634440415,2227200.000000,4
1425553634440727,2227200.000000,5
1425553634456352,1555200.000000,0
1425553634456769,1555200.000000,1
1425553634457134,1555200.000000,2
1425553634457446,1555200.000000,3
1425553634457863,1555200.000000,4
1425553634458227,1555200.000000,5
1425553634871352,2227200.000000,0
1425553634871769,2227200.000000,1
1425553634872134,2227200.000000,2
1425553634872446,2227200.000000,3
1425553634872863,2227200.000000,4
1425553634873227,2227200.000000,5
1425553636417134,1555200.000000,0
1425553636417446,1555200.000000,1
1425553636417707,1555200.000000,2
1425553636417915,1555200.000000,3
1425553636418227,1555200.000000,4
1425553636418488,1555200.000000,5
1425553636612863,2227200.000000,0
1425553636613227,2227200.000000,1
1425553636613644,2227200.000000,2
1425553636613957,2227200.000000,3
1425553636614321,2227200.000000,4
1425553636614634,2227200.000000,5
1425553636772759,1555200.000000,0
1425553636773071,1555200.000000,1
1425553636773384,1555200.000000,2
1425553636773696,1555200.000000,3
1425553636774113,1555200.000000,4
1425553636774425,1555200.000000,5
1425553636974477,2227200.000000,0
1425553636974894,2227200.000000,1
1425553636975259,2227200.000000,2
1425553636975571,2227200.000000,3
1425553636975988,2227200.000000,4
1425553636976300,2227200.000000,5
1425553637667446,1555200.000000,0
1425553637667863,1555200.000000,1
1425553637668071,1555200.000000,2
1425553637668384,1555200.000000,3
1425553637668696,1555200.000000,4
1425553637669009,1555200.000000,5
1425553637707759,2227200.000000,0
1425553637708175,2227200.000000,1
1425553637708540,2227200.000000,2
1425553637708957,2227200.000000,3
1425553637709321,2227200.000000,4
1425553637709634,2227200.000000,5
1425553637881040,1555200.000000,0
1425553637881352,1555200.000000,1
1425553637881665,1555200.000000,2
1425553637881977,1555200.000000,3
1425553637882290,1555200.000000,4
1425553637882602,1555200.000000,5
1425553637910675,2227200.000000,0
1425553637911040,2227200.000000,1
1425553637911352,2227200.000000,2
1425553637911769,2227200.000000,3
1425553637912134,2227200.000000,4
1425553637912446,2227200.000000,5
1425553640019321,1555200.000000,0
1425553640019477,1555200.000000,1
1425553640019790,1555200.000000,2
1425553640020050,1555200.000000,3
1425553640020259,1555200.000000,4
1425553640020571,1555200.000000,5
1425553640510363,2227200.000000,0
1425553640510727,2227200.000000,1
1425553640511144,2227200.000000,2
1425553640511509,2227200.000000,3
1425553640511821,2227200.000000,4
1425553640512238,2227200.000000,5
1425553651743332,1785600.000000,0
1425553651743696,1785600.000000,1
1425553651744009,1785600.000000,2
1425553651744321,1785600.000000,3
1425553651744634,1785600.000000,4
1425553651744946,1785600.000000,5
1425553653002134,2227200.000000,0
1425553653002446,2227200.000000,1
1425553653002759,2227200.000000,2
1425553653003071,2227200.000000,3
1425553653003384,2227200.000000,4
1425553653003696,2227200.000000,5
1425553657333696,1785600.000000,0
1425553657334009,1785600.000000,1
1425553657334321,1785600.000000,2
1425553657334634,1785600.000000,3
1425553657334946,1785600.000000,4
1425553657335363,1785600.000000,5
1425553660977446,2227200.000000,0
1425553660977759,2227200.000000,1
1425553660979165,2227200.000000,2
1425553660979477,2227200.000000,3
1425553660979738,2227200.000000,4
1425553660980102,2227200.000000,5
1425553662784165,556800.000000,0
1425553662784477,556800.000000,1
1425553662784738,556800.000000,2
1425553662784946,556800.000000,3
1425553662785259,556800.000000,4
1425553662785519,556800.000000,5
1425553695699425,748800.000000,0
1425553695700884,748800.000000,1
1425553695702082,748800.000000,2
1425553695703384,748800.000000,3
1425553695704790,748800.000000,4
1425553695706040,748800.000000,5
1425553699556509,1555200.000000,0
1425553699557550,1555200.000000,1
1425553699558227,1555200.000000,2
1425553699559009,1555200.000000,3
1425553699559738,1555200.000000,4
1425553699560415,1555200.000000,5
1425553699707134,748800.000000,0
1425553699707602,748800.000000,1
1425553699708019,748800.000000,2
1425553699708332,748800.000000,3
1425553699708696,748800.000000,4
1425553699709009,748800.000000,5
1425553711157134,1363200.000000,0
1425553711158227,1363200.000000,1
1425553711159165,1363200.000000,2
1425553711160207,1363200.000000,3
1425553711161196,1363200.000000,4
1425553711162082,1363200.000000,5
1425553742770519,748800.000000,0
1425553742770988,748800.000000,1
1425553742771352,748800.000000,2
1425553742771821,748800.000000,3
1425553742772290,748800.000000,4
1425553742773019,748800.000000,5
1425553760923696,1363200.000000,0
1425553760924582,1363200.000000,1
1425553760925259,1363200.000000,2
1425553760926040,1363200.000000,3
1425553760926821,1363200.000000,4
1425553760927550,1363200.000000,5
1425553776258488,1555200.000000,0
1425553776259009,1555200.000000,1
1425553776259582,1555200.000000,2
1425553776260102,1555200.000000,3
1425553776260571,1555200.000000,4
1425553776261040,1555200.000000,5
1425553781128227,1785600.000000,0
1425553781128696,1785600.000000,1
1425553781129165,1785600.000000,2
1425553781129582,1785600.000000,3
1425553781130102,1785600.000000,4
1425553781130519,1785600.000000,5
1425553782483800,1555200.000000,0
1425553782484113,1555200.000000,1
1425553782484425,1555200.000000,2
1425553782484738,1555200.000000,3
1425553782485050,1555200.000000,4
1425553782485363,1555200.000000,5
1425553782683644,1785600.000000,0
1425553782684009,1785600.000000,1
1425553782684321,1785600.000000,2
1425553782684790,1785600.000000,3
1425553782685102,1785600.000000,4
1425553782685519,1785600.000000,5
1425553784934634,1996800.000000,0
1425553784935050,1996800.000000,1
1425553784935415,1996800.000000,2
1425553784935832,1996800.000000,3
1425553784936196,1996800.000000,4
1425553784936665,1996800.000000,5
1425553785475415,1785600.000000,0
1425553785475727,1785600.000000,1
1425553785476040,1785600.000000,2
1425553785476352,1785600.000000,3
1425553785476665,1785600.000000,4
1425553785476925,1785600.000000,5
1425553788225259,1555200.000000,0
1425553788225727,1555200.000000,1
1425553788226144,1555200.000000,2
1425553788226509,1555200.000000,3
1425553788226925,1555200.000000,4
1425553788227290,1555200.000000,5
1425553788858852,1785600.000000,0
1425553788859321,1785600.000000,1
1425553788859738,1785600.000000,2
1425553788860102,1785600.000000,3
1425553788860415,1785600.000000,4
1425553788860832,1785600.000000,5
1425553790768071,1555200.000000,0
1425553790768540,1555200.000000,1
1425553790768852,1555200.000000,2
1425553790769269,1555200.000000,3
1425553790769634,1555200.000000,4
1425553790770050,1555200.000000,5
1425553807343852,1785600.000000,0
1425553807344321,1785600.000000,1
1425553807344790,1785600.000000,2
1425553807345259,1785600.000000,3
1425553807345675,1785600.000000,4
1425553807346040,1785600.000000,5
1425553824099009,556800.000000,0
1425553824099321,556800.000000,1
1425553824099738,556800.000000,2
1425553824100571,556800.000000,3
1425553824101509,556800.000000,4
1425553824102550,556800.000000,5
1425553838820571,748800.000000,0
1425553838821821,748800.000000,1
1425553838822759,748800.000000,2
1425553838823696,748800.000000,3
1425553838824738,748800.000000,4
1425553838825727,748800.000000,5
1425553839908957,556800.000000,0
1425553839909738,556800.000000,1
1425553839910832,556800.000000,2
1425553839911925,556800.000000,3
1425553839912915,556800.000000,4
1425553839913852,556800.000000,5
1425553843163019,748800.000000,0
1425553843164165,748800.000000,1
1425553843165415,748800.000000,2
1425553843166457,748800.000000,3
1425553843167446,748800.000000,4
1425553843168384,748800.000000,5
1425553852251509,1555200.000000,0
1425553852252290,1555200.000000,1
1425553852253071,1555200.000000,2
1425553852253852,1555200.000000,3
1425553852254634,1555200.000000,4
1425553852255415,1555200.000000,5
1425553852375832,748800.000000,0
1425553852376352,748800.000000,1
1425553852376821,748800.000000,2
1425553852377446,748800.000000,3
1425553852378384,748800.000000,4
1425553852379321,748800.000000,5
1425553856906925,556800.000000,0
1425553856908071,556800.000000,1
1425553856909321,556800.000000,2
1425553856910571,556800.000000,3
1425553856911925,556800.000000,4
1425553856913227,556800.000000,5
1425553881876821,1785600.000000,0
1425553881878019,1785600.000000,1
1425553881878957,1785600.000000,2
1425553881879946,1785600.000000,3
1425553881880988,1785600.000000,4
1425553881881821,1785600.000000,5
1425553887013332,748800.000000,0
1425553887013800,748800.000000,1
1425553887014165,748800.000000,2
1425553887014634,748800.000000,3
1425553887014946,748800.000000,4
1425553887015415,748800.000000,5
1425553902941196,1363200.000000,0
1425553902942134,1363200.000000,1
1425553902942863,1363200.000000,2
1425553902943644,1363200.000000,3
1425553902944321,1363200.000000,4
1425553902945102,1363200.000000,5
1425553915912446,1555200.000000,0
1425553915912915,1555200.000000,1
1425553915913384,1555200.000000,2
1425553915913696,1555200.000000,3
1425553915914165,1555200.000000,4
1425553915914582,1555200.000000,5
1425553916607134,1363200.000000,0
1425553916607550,1363200.000000,1
1425553916607915,1363200.000000,2
1425553916608227,1363200.000000,3
1425553916608644,1363200.000000,4
1425553916609009,1363200.000000,5
1425553920878019,1555200.000000,0
1425553920878644,1555200.000000,1
1425553920879165,1555200.000000,2
1425553920879738,1555200.000000,3
1425553920880259,1555200.000000,4
1425553920880727,1555200.000000,5
1425553934756457,748800.000000,0
1425553934756925,748800.000000,1
1425553934757394,748800.000000,2
1425553934757863,748800.000000,3
1425553934758227,748800.000000,4
1425553934758800,748800.000000,5
1425553974025259,556800.000000,0
1425553974026769,556800.000000,1
1425553974028071,556800.000000,2
1425553974029269,556800.000000,3
1425553974030571,556800.000000,4
1425553974031821,556800.000000,5
1425553981719113,1152000.000000,0
1425553981720259,1152000.000000,1
1425553981721300,1152000.000000,2
1425553981722394,1152000.000000,3
1425553981723384,1152000.000000,4
1425553981724477,1152000.000000,5
1425553983376457,748800.000000,0
1425553983376977,748800.000000,1
1425553983377446,748800.000000,2
1425553983378175,748800.000000,3
1425553983378852,748800.000000,4
1425553983379634,748800.000000,5
1425553998896509,1363200.000000,0
1425553998897602,1363200.000000,1
1425553998898644,1363200.000000,2
1425553998899477,1363200.000000,3
1425553998900415,1363200.000000,4
1425553998901457,1363200.000000,5
1425554000724165,1555200.000000,0
1425554000724738,1555200.000000,1
1425554000725102,1555200.000000,2
1425554000725571,1555200.000000,3
1425554000725884,1555200.000000,4
1425554000726352,1555200.000000,5
1425554013355259,1785600.000000,0
1425554013355571,1785600.000000,1
1425554013355988,1785600.000000,2
1425554013356352,1785600.000000,3
1425554013356769,1785600.000000,4
1425554013357134,1785600.000000,5
1425554032264165,556800.000000,0
1425554032264477,556800.000000,1
1425554032264790,556800.000000,2
1425554032265102,556800.000000,3
1425554032265519,556800.000000,4
1425554032265884,556800.000000,5
1425554041915988,748800.000000,0
1425554041917134,748800.000000,1
1425554041918071,748800.000000,2
1425554041919165,748800.000000,3
1425554041920102,748800.000000,4
1425554041921040,748800.000000,5
1425554047132238,556800.000000,0
1425554047133227,556800.000000,1
1425554047134269,556800.000000,2
1425554047135259,556800.000000,3
1425554047136352,556800.000000,4
1425554047137446,556800.000000,5
1425554080909165,1363200.000000,0
1425554080910259,1363200.000000,1
1425554080911300,1363200.000000,2
1425554080912238,1363200.000000,3
1425554080913227,1363200.000000,4
1425554080914165,1363200.000000,5
1425554081707446,1785600.000000,0
1425554081707915,1785600.000000,1
1425554081708384,1785600.000000,2
1425554081708852,1785600.000000,3
1425554081709165,1785600.000000,4
1425554081709634,1785600.000000,5
1425554094917446,1996800.000000,0
1425554094917759,1996800.000000,1
1425554094918071,1996800.000000,2
1425554094918384,1996800.000000,3
1425554094918696,1996800.000000,4
1425554094919009,1996800.000000,5
1425554112904009,1152000.000000,0
1425554112904321,1152000.000000,1
1425554112904634,1152000.000000,2
1425554112904894,1152000.000000,3
1425554112905102,1152000.000000,4
1425554112905415,1152000.000000,5
1425554130843071,556800.000000,0
1425554130843644,556800.000000,1
1425554130844634,556800.000000,2
1425554130845571,556800.000000,3
1425554130846613,556800.000000,4
1425554130847602,556800.000000,5
1425554139725988,748800.000000,0
1425554139727290,748800.000000,1
1425554139728696,748800.000000,2
1425554139729946,748800.000000,3
1425554139731196,748800.000000,4
1425554139732394,748800.000000,5
1425554142920050,556800.000000,0
1425554142921144,556800.000000,1
1425554142922134,556800.000000,2
1425554142923175,556800.000000,3
1425554142924165,556800.000000,4
1425554142925259,556800.000000,5
1425554155592081,960000.000000,0
1425554155593384,960000.000000,1
1425554155594477,960000.000000,2
1425554155595571,960000.000000,3
1425554155596613,960000.000000,4
1425554155597602,960000.000000,5
1425554155932290,556800.000000,0
1425554155933227,556800.000000,1
1425554155934477,556800.000000,2
1425554155935727,556800.000000,3
1425554155937134,556800.000000,4
1425554155938384,556800.000000,5
1425554158847081,748800.000000,0
1425554158848071,748800.000000,1
1425554158849113,748800.000000,2
1425554158850102,748800.000000,3
1425554158851196,748800.000000,4
1425554158852290,748800.000000,5
1425554178142394,556800.000000,0
1425554178143956,556800.000000,1
1425554178145259,556800.000000,2
1425554178146509,556800.000000,3
1425554178147759,556800.000000,4
1425554178149009,556800.000000,5
1425554181091769,960000.000000,0
1425554181092915,960000.000000,1
1425554181094009,960000.000000,2
1425554181095050,960000.000000,3
1425554181096040,960000.000000,4
1425554181096977,960000.000000,5
1425554190788384,748800.000000,0
1425554190789321,748800.000000,1
1425554190790259,748800.000000,2
1425554190791196,748800.000000,3
1425554190792081,748800.000000,4
1425554190792915,748800.000000,5
1425554207065206,1363200.000000,0
1425554207066144,1363200.000000,1
1425554207067081,1363200.000000,2
1425554207068019,1363200.000000,3
1425554207069009,1363200.000000,4
1425554207069894,1363200.000000,5
1425554239094634,556800.000000,0
1425554239095831,556800.000000,1
1425554239097081,556800.000000,2
1425554239098384,556800.000000,3
1425554239099634,556800.000000,4
1425554239100884,556800.000000,5
1425554281365258,960000.000000,0
1425554281366508,960000.000000,1
1425554281367602,960000.000000,2
1425554281368540,960000.000000,3
1425554281369633,960000.000000,4
1425554281370571,960000.000000,5
1425554288634790,556800.000000,0
1425554288635988,556800.000000,1
1425554288636977,556800.000000,2
1425554288637915,556800.000000,3
1425554288638852,556800.000000,4
1425554288639790,556800.000000,5
1425554297797238,748800.000000,0
1425554297798540,748800.000000,1
1425554297799946,748800.000000,2
1425554297801196,748800.000000,3
1425554297802446,748800.000000,4
1425554297803696,748800.000000,5
1425554298176144,556800.000000,0
1425554298177290,556800.000000,1
1425554298178383,556800.000000,2
1425554298179321,556800.000000,3
1425554298180415,556800.000000,4
1425554298181352,556800.000000,5
1425554304881769,1363200.000000,0
1425554304883175,1363200.000000,1
1425554304884425,1363200.000000,2
1425554304885571,1363200.000000,3
1425554304886821,1363200.000000,4
1425554304888175,1363200.000000,5
1425554318461821,1555200.000000,0
1425554318462290,1555200.000000,1
1425554318462758,1555200.000000,2
1425554318463175,1555200.000000,3
1425554318463540,1555200.000000,4
1425554318463956,1555200.000000,5
1425554318484113,1363200.000000,0
1425554318484581,1363200.000000,1
1425554318484946,1363200.000000,2
1425554318485415,1363200.000000,3
1425554318485727,1363200.000000,4
1425554318486196,1363200.000000,5
1425554319515831,1785600.000000,0
1425554319516196,1785600.000000,1
1425554319516665,1785600.000000,2
1425554319517081,1785600.000000,3
1425554319517550,1785600.000000,4
1425554319517915,1785600.000000,5
1425554338810102,556800.000000,0
1425554338810571,556800.000000,1
1425554338811040,556800.000000,2
1425554338812133,556800.000000,3
1425554338813383,556800.000000,4
1425554338814633,556800.000000,5
1425554381589790,1555200.000000,0
1425554381590883,1555200.000000,1
1425554381591821,1555200.000000,2
1425554381592915,1555200.000000,3
1425554381593852,1555200.000000,4
1425554381594790,1555200.000000,5
1425554383281040,1363200.000000,0
1425554383281508,1363200.000000,1
1425554383281821,1363200.000000,2
1425554383282238,1363200.000000,3
1425554383282602,1363200.000000,4
1425554383282915,1363200.000000,5
1425554395797758,1555200.000000,0
1425554395798227,1555200.000000,1
1425554395798644,1555200.000000,2
1425554395799008,1555200.000000,3
1425554395799425,1555200.000000,4
1425554395799790,1555200.000000,5
1425554396010102,1363200.000000,0
1425554396010519,1363200.000000,1
1425554396010883,1363200.000000,2
1425554396011196,1363200.000000,3
1425554396011613,1363200.000000,4
1425554396011977,1363200.000000,5
1425554398586977,1555200.000000,0
1425554398587446,1555200.000000,1
1425554398587863,1555200.000000,2
1425554398588227,1555200.000000,3
1425554398588696,1555200.000000,4
1425554398589113,1555200.000000,5
1425554398752238,1785600.000000,0
1425554398752602,1785600.000000,1
1425554398753019,1785600.000000,2
1425554398753331,1785600.000000,3
1425554398753696,1785600.000000,4
1425554398754008,1785600.000000,5
1425554415270102,748800.000000,0
1425554415270415,748800.000000,1
1425554415270727,748800.000000,2
1425554415271040,748800.000000,3
1425554415271456,748800.000000,4
1425554415272081,748800.000000,5
1425554431874008,556800.000000,0
1425554431875415,556800.000000,1
1425554431876769,556800.000000,2
1425554431878071,556800.000000,3
1425554431879321,556800.000000,4
1425554431880727,556800.000000,5
1425554466588852,1555200.000000,0
1425554466590363,1555200.000000,1
1425554466591613,1555200.000000,2
1425554466592915,1555200.000000,3
1425554466594165,1555200.000000,4
1425554466595519,1555200.000000,5
1425554466721144,556800.000000,0
1425554466721613,556800.000000,1
1425554466721977,556800.000000,2
1425554466722290,556800.000000,3
1425554466722863,556800.000000,4
1425554466723852,556800.000000,5
1425554492883331,748800.000000,0
1425554492884790,748800.000000,1
1425554492886040,748800.000000,2
1425554492887133,748800.000000,3
1425554492888488,748800.000000,4
1425554492889738,748800.000000,5
1425554510963540,1363200.000000,0
1425554510964738,1363200.000000,1
1425554510965675,1363200.000000,2
1425554510966613,1363200.000000,3
1425554510967550,1363200.000000,4
1425554510968488,1363200.000000,5
1425554527698383,1555200.000000,0
1425554527698956,1555200.000000,1
1425554527699321,1555200.000000,2
1425554527699790,1555200.000000,3
1425554527700102,1555200.000000,4
1425554527700571,1555200.000000,5
1425554536894321,1785600.000000,0
1425554536894790,1785600.000000,1
1425554536895258,1785600.000000,2
1425554536895727,1785600.000000,3
1425554536896196,1785600.000000,4
1425554536896665,1785600.000000,5
1425554540341040,1555200.000000,0
1425554540341456,1555200.000000,1
1425554540341821,1555200.000000,2
1425554540342133,1555200.000000,3
1425554540342446,1555200.000000,4
1425554540342758,1555200.000000,5
1425554540884477,1785600.000000,0
1425554540885050,1785600.000000,1
1425554540885519,1785600.000000,2
1425554540885988,1785600.000000,3
1425554540886352,1785600.000000,4
1425554540886821,1785600.000000,5
1425554543292758,1555200.000000,0
1425554543293175,1555200.000000,1
1425554543293540,1555200.000000,2
1425554543296040,1555200.000000,3
1425554543296508,1555200.000000,4
1425554543296977,1555200.000000,5
1425554543346040,2227200.000000,0
1425554543346456,2227200.000000,1
1425554543346977,2227200.000000,2
1425554543347394,2227200.000000,3
1425554543347863,2227200.000000,4
1425554543348227,2227200.000000,5
1425554543421300,1555200.000000,0
1425554543421665,1555200.000000,1
1425554543421977,1555200.000000,2
1425554543422290,1555200.000000,3
1425554543422602,1555200.000000,4
1425554543422915,1555200.000000,5
1425554543698175,2227200.000000,0
1425554543698644,2227200.000000,1
1425554543699008,2227200.000000,2
1425554543699425,2227200.000000,3
1425554543699790,2227200.000000,4
1425554543700102,2227200.000000,5
1425554560860258,748800.000000,0
1425554560860675,748800.000000,1
1425554560860988,748800.000000,2
1425554560861300,748800.000000,3
1425554560861613,748800.000000,4
1425554560861925,748800.000000,5
1425554574781456,556800.000000,0
1425554574782602,556800.000000,1
1425554574783696,556800.000000,2
1425554574784633,556800.000000,3
1425554574785727,556800.000000,4
1425554574786665,556800.000000,5
1425554581689790,960000.000000,0
1425554581690988,960000.000000,1
1425554581691977,960000.000000,2
1425554581692915,960000.000000,3
1425554581694008,960000.000000,4
1425554581695050,960000.000000,5
1425554592869581,748800.000000,0
1425554592870675,748800.000000,1
1425554592871196,748800.000000,2
1425554592871925,748800.000000,3
1425554592872706,748800.000000,4
1425554592873488,748800.000000,5
1425554606780258,1363200.000000,0
1425554606781300,1363200.000000,1
1425554606782238,1363200.000000,2
1425554606783175,1363200.000000,3
1425554606784165,1363200.000000,4
1425554606785102,1363200.000000,5
1425554623352446,960000.000000,0
1425554623353019,960000.000000,1
1425554623353540,960000.000000,2
1425554623354165,960000.000000,3
1425554623354790,960000.000000,4
1425554623355571,960000.000000,5
1425554640113383,556800.000000,0
1425554640114790,556800.000000,1
1425554640116040,556800.000000,2
1425554640117290,556800.000000,3
1425554640118644,556800.000000,4
1425554640119894,556800.000000,5
1425554688886352,1363200.000000,0
1425554688887550,1363200.000000,1
1425554688888540,1363200.000000,2
1425554688889477,1363200.000000,3
1425554688890415,1363200.000000,4
1425554688891508,1363200.000000,5
1425554704839581,1785600.000000,0
1425554704840102,1785600.000000,1
1425554704840571,1785600.000000,2
1425554704841040,1785600.000000,3
1425554704841352,1785600.000000,4
1425554704841821,1785600.000000,5
1425554719614269,1555200.000000,0
1425554719614581,1555200.000000,1
1425554719614894,1555200.000000,2
1425554719615206,1555200.000000,3
1425554719615571,1555200.000000,4
1425554719615883,1555200.000000,5
1425554719675675,2400000.000000,0
1425554719676040,2400000.000000,1
1425554719676456,2400000.000000,2
1425554719676821,2400000.000000,3
1425554719677133,2400000.000000,4
1425554719677550,2400000.000000,5
1425554719761040,1555200.000000,0
1425554719761300,1555200.000000,1
1425554719761508,1555200.000000,2
1425554719761769,1555200.000000,3
1425554719761977,1555200.000000,4
1425554719762237,1555200.000000,5
1425554719997133,2227200.000000,0
1425554719997550,2227200.000000,1
1425554719997915,2227200.000000,2
1425554719998227,2227200.000000,3
1425554719998644,2227200.000000,4
1425554719999008,2227200.000000,5
1425554722504165,1555200.000000,0
1425554722504477,1555200.000000,1
1425554722504790,1555200.000000,2
1425554722504946,1555200.000000,3
1425554722505258,1555200.000000,4
1425554722505519,1555200.000000,5
1425554723368956,2227200.000000,0
1425554723369477,2227200.000000,1
1425554723369946,2227200.000000,2
1425554723370415,2227200.000000,3
1425554723370883,2227200.000000,4
1425554723371352,2227200.000000,5
1425554723514477,1555200.000000,0
1425554723514790,1555200.000000,1
1425554723515102,1555200.000000,2
1425554723515519,1555200.000000,3
1425554723515831,1555200.000000,4
1425554723516144,1555200.000000,5
1425554723543852,2227200.000000,0
1425554723544321,2227200.000000,1
1425554723544790,2227200.000000,2
1425554723545258,2227200.000000,3
1425554723545727,2227200.000000,4
1425554723546196,2227200.000000,5
1425554726677290,1555200.000000,0
1425554726677602,1555200.000000,1
1425554726677862,1555200.000000,2
1425554726678071,1555200.000000,3
1425554726678383,1555200.000000,4
1425554726678540,1555200.000000,5
1425554726854581,2227200.000000,0
1425554726854946,2227200.000000,1
1425554726855362,2227200.000000,2
1425554726855675,2227200.000000,3
1425554726856040,2227200.000000,4
1425554726856352,2227200.000000,5
1425554726882446,1555200.000000,0
1425554726882915,1555200.000000,1
1425554726883383,1555200.000000,2
1425554726883852,1555200.000000,3
1425554726884425,1555200.000000,4
1425554726884894,1555200.000000,5
1425554726977133,2227200.000000,0
1425554726977706,2227200.000000,1
1425554726978227,2227200.000000,2
1425554726978644,2227200.000000,3
1425554726979165,2227200.000000,4
1425554726979633,2227200.000000,5
1425554735615519,960000.000000,0
1425554735615883,960000.000000,1
1425554735616144,960000.000000,2
1425554735616456,960000.000000,3
1425554735616769,960000.000000,4
1425554735617133,960000.000000,5
1425554752889946,556800.000000,0
1425554752891456,556800.000000,1
1425554752892758,556800.000000,2
1425554752894008,556800.000000,3
1425554752895258,556800.000000,4
1425554752896508,556800.000000,5
1425554781290571,748800.000000,0
1425554781291977,748800.000000,1
1425554781292915,748800.000000,2
1425554781293956,748800.000000,3
1425554781294894,748800.000000,4
1425554781295883,748800.000000,5
1425554799700987,1363200.000000,0
1425554799701821,1363200.000000,1
1425554799702550,1363200.000000,2
1425554799703227,1363200.000000,3
1425554799704008,1363200.000000,4
1425554799704790,1363200.000000,5
1425554813872237,1555200.000000,0
1425554813872758,1555200.000000,1
1425554813873227,1555200.000000,2
1425554813873644,1555200.000000,3
1425554813874008,1555200.000000,4
1425554813874477,1555200.000000,5
1425554814839321,1785600.000000,0
1425554814839790,1785600.000000,1
1425554814840258,1785600.000000,2
1425554814840727,1785600.000000,3
1425554814841196,1785600.000000,4
1425554814841665,1785600.000000,5
1425554814941196,1555200.000000,0
1425554814941508,1555200.000000,1
1425554814941925,1555200.000000,2
1425554814942237,1555200.000000,3
1425554814942550,1555200.000000,4
1425554814942862,1555200.000000,5
1425554823241196,1785600.000000,0
1425554823241612,1785600.000000,1
1425554823241977,1785600.000000,2
1425554823242290,1785600.000000,3
1425554823242706,1785600.000000,4
1425554823243071,1785600.000000,5
1425554823317394,1555200.000000,0
1425554823317758,1555200.000000,1
1425554823318071,1555200.000000,2
1425554823318383,1555200.000000,3
1425554823318696,1555200.000000,4
1425554823319008,1555200.000000,5
1425554824825102,1785600.000000,0
1425554824825415,1785600.000000,1
1425554824825831,1785600.000000,2
1425554824826196,1785600.000000,3
1425554824826508,1785600.000000,4
1425554824826977,1785600.000000,5
1425554828796769,1555200.000000,0
1425554828797133,1555200.000000,1
1425554828797446,1555200.000000,2
1425554828797758,1555200.000000,3
1425554828798071,1555200.000000,4
1425554828798487,1555200.000000,5
1425554829130675,1785600.000000,0
1425554829131040,1785600.000000,1
1425554829131352,1785600.000000,2
1425554829131769,1785600.000000,3
1425554829132133,1785600.000000,4
1425554829132446,1785600.000000,5
1425554831525102,960000.000000,0
1425554831525415,960000.000000,1
1425554831525727,960000.000000,2
1425554831526040,960000.000000,3
1425554831526352,960000.000000,4
1425554831526665,960000.000000,5
1425554848172446,1555200.000000,0
1425554848173331,1555200.000000,1
1425554848174008,1555200.000000,2
1425554848174790,1555200.000000,3
1425554848175571,1555200.000000,4
1425554848176300,1555200.000000,5
1425554850187602,2227200.000000,0
1425554850188019,2227200.000000,1
1425554850188383,2227200.000000,2
1425554850188696,2227200.000000,3
1425554850189112,2227200.000000,4
1425554850189477,2227200.000000,5
1425554850453383,1555200.000000,0
1425554850453696,1555200.000000,1
1425554850453956,1555200.000000,2
1425554850454269,1555200.000000,3
1425554850454477,1555200.000000,4
1425554850454790,1555200.000000,5
1425554850471040,1363200.000000,0
1425554850471508,1363200.000000,1
1425554850471821,1363200.000000,2
1425554850472237,1363200.000000,3
1425554850472706,1363200.000000,4
1425554850473071,1363200.000000,5
1425554863363227,556800.000000,0
1425554863364477,556800.000000,1
1425554863365727,556800.000000,2
1425554863366977,556800.000000,3
1425554863368331,556800.000000,4
1425554863369477,556800.000000,5
1425554881181508,1785600.000000,0
1425554881182758,1785600.000000,1
1425554881183696,1785600.000000,2
1425554881184790,1785600.000000,3
1425554881185727,1785600.000000,4
1425554881186769,1785600.000000,5
1425554896857706,1996800.000000,0
1425554896858071,1996800.000000,1
1425554896858383,1996800.000000,2
1425554896858696,1996800.000000,3
1425554896859008,1996800.000000,4
1425554896859269,1996800.000000,5
1425554910751665,960000.000000,0
1425554910751977,960000.000000,1
1425554910752290,960000.000000,2
1425554910752602,960000.000000,3
1425554910752915,960000.000000,4
1425554910753175,960000.000000,5
1425554926776664,556800.000000,0
1425554926778071,556800.000000,1
1425554926779321,556800.000000,2
1425554926780675,556800.000000,3
1425554926781977,556800.000000,4
1425554926783227,556800.000000,5
1425554942776664,748800.000000,0
1425554942777914,748800.000000,1
1425554942778852,748800.000000,2
1425554942779946,748800.000000,3
1425554942781039,748800.000000,4
1425554942781977,748800.000000,5
1425554958883383,556800.000000,0
1425554958884633,556800.000000,1
1425554958885727,556800.000000,2
1425554958886769,556800.000000,3
1425554958887862,556800.000000,4
1425554958888852,556800.000000,5
1425554977095571,748800.000000,0
1425554977096769,748800.000000,1
1425554977097758,748800.000000,2
1425554977098696,748800.000000,3
1425554977099789,748800.000000,4
1425554977100727,748800.000000,5
1425554981466300,960000.000000,0
1425554981467446,960000.000000,1
1425554981468539,960000.000000,2
1425554981469477,960000.000000,3
1425554981470362,960000.000000,4
1425554981471352,960000.000000,5
1425555006786352,1363200.000000,0
1425555006786977,1363200.000000,1
1425555006787602,1363200.000000,2
1425555006788175,1363200.000000,3
1425555006788800,1363200.000000,4
1425555006789321,1363200.000000,5
1425555023029789,960000.000000,0
1425555023030362,960000.000000,1
1425555023030831,960000.000000,2
1425555023031508,960000.000000,3
1425555023032237,960000.000000,4
1425555023032914,960000.000000,5
1425555039680102,556800.000000,0
1425555039681039,556800.000000,1
1425555039681821,556800.000000,2
1425555039682446,556800.000000,3
1425555039683175,556800.000000,4
1425555039683852,556800.000000,5
1425555088953800,748800.000000,0
1425555088955883,748800.000000,1
1425555088956821,748800.000000,2
1425555088957862,748800.000000,3
1425555088958800,748800.000000,4
1425555088959789,748800.000000,5
1425555103318383,1363200.000000,0
1425555103319477,1363200.000000,1
1425555103320414,1363200.000000,2
1425555103321456,1363200.000000,3
1425555103322446,1363200.000000,4
1425555103323331,1363200.000000,5
1425555136893019,960000.000000,0
1425555136893852,960000.000000,1
1425555136894633,960000.000000,2
1425555136895414,960000.000000,3
1425555136896144,960000.000000,4
1425555136896821,960000.000000,5
1425555152892394,1363200.000000,0
1425555152893227,1363200.000000,1
1425555152894008,1363200.000000,2
1425555152894789,1363200.000000,3
1425555152895519,1363200.000000,4
1425555152896196,1363200.000000,5
1425555155006977,1555200.000000,0
1425555155007446,1555200.000000,1
1425555155008071,1555200.000000,2
1425555155008539,1555200.000000,3
1425555155009008,1555200.000000,4
1425555155009581,1555200.000000,5
1425555155073071,1363200.000000,0
1425555155073539,1363200.000000,1
1425555155074008,1363200.000000,2
1425555155074477,1363200.000000,3
1425555155074946,1363200.000000,4
1425555155075414,1363200.000000,5
1425555168866821,1785600.000000,0
1425555168867446,1785600.000000,1
1425555168868019,1785600.000000,2
1425555168868539,1785600.000000,3
1425555168869008,1785600.000000,4
1425555168869477,1785600.000000,5
1425555183054008,1555200.000000,0
1425555183054477,1555200.000000,1
1425555183054894,1555200.000000,2
1425555183055258,1555200.000000,3
1425555183055727,1555200.000000,4
1425555183056039,1555200.000000,5
1425555200838071,960000.000000,0
1425555200838644,960000.000000,1
1425555200839112,960000.000000,2
1425555200839581,960000.000000,3
1425555200840206,960000.000000,4
1425555200840987,960000.000000,5
1425555200864737,1996800.000000,0
1425555200865414,1996800.000000,1
1425555200866039,1996800.000000,2
1425555200866612,1996800.000000,3
1425555200867133,1996800.000000,4
1425555200867758,1996800.000000,5
1425555214776821,748800.000000,0
1425555214777133,748800.000000,1
1425555214777446,748800.000000,2
1425555214777758,748800.000000,3
1425555214778019,748800.000000,4
1425555214778331,748800.000000,5
1425555247494164,960000.000000,0
1425555247495258,960000.000000,1
1425555247496196,960000.000000,2
1425555247497289,960000.000000,3
1425555247498227,960000.000000,4
1425555247499164,960000.000000,5
1425555263954321,556800.000000,0
1425555263955362,556800.000000,1
1425555263956300,556800.000000,2
1425555263959477,556800.000000,3
1425555263960519,556800.000000,4
1425555263961508,556800.000000,5
1425555270265883,1152000.000000,0
1425555270266977,1152000.000000,1
1425555270268071,1152000.000000,2
1425555270269008,1152000.000000,3
1425555270270102,1152000.000000,4
1425555270271039,1152000.000000,5
1425555280859164,556800.000000,0
1425555280859737,556800.000000,1
1425555280860206,556800.000000,2
1425555280860727,556800.000000,3
1425555280861769,556800.000000,4
1425555280862758,556800.000000,5
1425555292770102,1152000.000000,0
1425555292771769,1152000.000000,1
1425555292773071,1152000.000000,2
1425555292774425,1152000.000000,3
1425555292775831,1152000.000000,4
1425555292777133,1152000.000000,5
1425555294771664,748800.000000,0
1425555294772289,748800.000000,1
1425555294772758,748800.000000,2
1425555294773227,748800.000000,3
1425555294773800,748800.000000,4
1425555294774477,748800.000000,5
1425555312910727,1363200.000000,0
1425555312911977,1363200.000000,1
1425555312912758,1363200.000000,2
1425555312913539,1363200.000000,3
1425555312914321,1363200.000000,4
1425555312915102,1363200.000000,5
1425555325490414,1555200.000000,0
1425555325490831,1555200.000000,1
1425555325491196,1555200.000000,2
1425555325492758,1555200.000000,3
1425555325493175,1555200.000000,4
1425555325493539,1555200.000000,5
1425555326330258,1363200.000000,0
1425555326330571,1363200.000000,1
1425555326330987,1363200.000000,2
1425555326331352,1363200.000000,3
1425555326331664,1363200.000000,4
1425555326331977,1363200.000000,5
1425555327294581,1785600.000000,0
1425555327295050,1785600.000000,1
1425555327295519,1785600.000000,2
1425555327295883,1785600.000000,3
1425555327296352,1785600.000000,4
1425555327296769,1785600.000000,5
1425555330564633,1555200.000000,0
1425555330564946,1555200.000000,1
1425555330565258,1555200.000000,2
1425555330565571,1555200.000000,3
1425555330565883,1555200.000000,4
1425555330566196,1555200.000000,5
1425555330597446,1785600.000000,0
1425555330597862,1785600.000000,1
1425555330598227,1785600.000000,2
1425555330598539,1785600.000000,3
1425555330598956,1785600.000000,4
1425555330599321,1785600.000000,5
1425555330797914,1555200.000000,0
1425555330798227,1555200.000000,1
1425555330798696,1555200.000000,2
1425555330799008,1555200.000000,3
1425555330799321,1555200.000000,4
1425555330799633,1555200.000000,5
1425555334572133,1785600.000000,0
1425555334572446,1785600.000000,1
1425555334572862,1785600.000000,2
1425555334573227,1785600.000000,3
1425555334573539,1785600.000000,4
1425555334574008,1785600.000000,5
1425555335576508,1555200.000000,0
1425555335576925,1555200.000000,1
1425555335577237,1555200.000000,2
1425555335577550,1555200.000000,3
1425555335577914,1555200.000000,4
1425555335578227,1555200.000000,5
1425555336881821,1785600.000000,0
1425555336882289,1785600.000000,1
1425555336882758,1785600.000000,2
1425555336883227,1785600.000000,3
1425555336883644,1785600.000000,4
1425555336884164,1785600.000000,5
1425555339612602,1555200.000000,0
1425555339613019,1555200.000000,1
1425555339613331,1555200.000000,2
1425555339613644,1555200.000000,3
1425555339613956,1555200.000000,4
1425555339614269,1555200.000000,5
1425555375368331,960000.000000,0
1425555375369008,960000.000000,1
1425555375369737,960000.000000,2
1425555375370414,960000.000000,3
1425555375371143,960000.000000,4
1425555375371821,960000.000000,5
1425555381371664,1152000.000000,0
1425555381372446,1152000.000000,1
1425555381373227,1152000.000000,2
1425555381374008,1152000.000000,3
1425555381374789,1152000.000000,4
1425555381375518,1152000.000000,5
1425555387788175,1555200.000000,0
1425555387788696,1555200.000000,1
1425555387789164,1555200.000000,2
1425555387789633,1555200.000000,3
1425555387790206,1555200.000000,4
1425555387790675,1555200.000000,5
1425555387951768,1152000.000000,0
1425555387952289,1152000.000000,1
1425555387952758,1152000.000000,2
1425555387953331,1152000.000000,3
1425555387953852,1152000.000000,4
1425555387954477,1152000.000000,5
1425555408881039,1555200.000000,0
1425555408881768,1555200.000000,1
1425555408882289,1555200.000000,2
1425555408882758,1555200.000000,3
1425555408883227,1555200.000000,4
1425555408883696,1555200.000000,5
1425555422761508,556800.000000,0
1425555422762914,556800.000000,1
1425555422764164,556800.000000,2
1425555422765414,556800.000000,3
1425555422766664,556800.000000,4
1425555422767914,556800.000000,5
1425555434604581,748800.000000,0
1425555434605987,748800.000000,1
1425555434607446,748800.000000,2
1425555434608696,748800.000000,3
1425555434610050,748800.000000,4
1425555434611300,748800.000000,5
1425555439368539,556800.000000,0
1425555439369477,556800.000000,1
1425555439370571,556800.000000,2
1425555439371508,556800.000000,3
1425555439372550,556800.000000,4
1425555439373487,556800.000000,5
1425555445110987,748800.000000,0
1425555445112081,748800.000000,1
1425555445113071,748800.000000,2
1425555445114164,748800.000000,3
1425555445115102,748800.000000,4
1425555445116143,748800.000000,5
1425555455154425,1363200.000000,0
1425555455155258,1363200.000000,1
1425555455156039,1363200.000000,2
1425555455156821,1363200.000000,3
1425555455157602,1363200.000000,4
1425555455158383,1363200.000000,5
1425555472646821,1555200.000000,0
1425555472647393,1555200.000000,1
1425555472647862,1555200.000000,2
1425555472648331,1555200.000000,3
1425555472648852,1555200.000000,4
1425555472649321,1555200.000000,5
1425555486656821,1996800.000000,0
1425555486657133,1996800.000000,1
1425555486657602,1996800.000000,2
1425555486657914,1996800.000000,3
1425555486658331,1996800.000000,4
1425555486658696,1996800.000000,5
1425555486784893,1555200.000000,0
1425555486785206,1555200.000000,1
1425555486785414,1555200.000000,2
1425555486785727,1555200.000000,3
1425555486786039,1555200.000000,4
1425555486786300,1555200.000000,5
1425555486872914,1996800.000000,0
1425555486873539,1996800.000000,1
1425555486874008,1996800.000000,2
1425555486874477,1996800.000000,3
1425555486874893,1996800.000000,4
1425555486877706,1996800.000000,5
1425555490448487,1555200.000000,0
1425555490448800,1555200.000000,1
1425555490449112,1555200.000000,2
1425555490449321,1555200.000000,3
1425555490449633,1555200.000000,4
1425555490449946,1555200.000000,5
1425555490641508,1996800.000000,0
1425555490641977,1996800.000000,1
1425555490642550,1996800.000000,2
1425555490642914,1996800.000000,3
1425555490643383,1996800.000000,4
1425555490643852,1996800.000000,5
1425555504843696,2227200.000000,0
1425555504844112,2227200.000000,1
1425555504844477,2227200.000000,2
1425555504844789,2227200.000000,3
1425555504845206,2227200.000000,4
1425555504845571,2227200.000000,5
1425555522670883,556800.000000,0
1425555522671196,556800.000000,1
1425555522671456,556800.000000,2
1425555522671664,556800.000000,3
1425555522671977,556800.000000,4
1425555522672133,556800.000000,5
1425555542614477,748800.000000,0
1425555542615727,748800.000000,1
1425555542616977,748800.000000,2
1425555542618227,748800.000000,3
1425555542619477,748800.000000,4
1425555542620727,748800.000000,5
1425555551075987,556800.000000,0
1425555551077081,556800.000000,1
1425555551078018,556800.000000,2
1425555551079008,556800.000000,3
1425555551080050,556800.000000,4
1425555551081196,556800.000000,5
1425555581019164,2227200.000000,0
1425555581020727,2227200.000000,1
1425555581021977,2227200.000000,2
1425555581023383,2227200.000000,3
1425555581024789,2227200.000000,4
1425555581025987,2227200.000000,5
1425555581703852,556800.000000,0
1425555581704164,556800.000000,1
1425555581704477,556800.000000,2
1425555581704789,556800.000000,3
1425555581705102,556800.000000,4
1425555581705414,556800.000000,5
1425555582108800,2400000.000000,0
1425555582109945,2400000.000000,1
1425555582110883,2400000.000000,2
1425555582111820,2400000.000000,3
1425555582112862,2400000.000000,4
1425555582114008,2400000.000000,5
1425555582770414,556800.000000,0
1425555582770727,556800.000000,1
1425555582770987,556800.000000,2
1425555582771195,556800.000000,3
1425555582771456,556800.000000,4
1425555582771664,556800.000000,5
1425555592830206,748800.000000,0
1425555592831300,748800.000000,1
1425555592832289,748800.000000,2
1425555592833331,748800.000000,3
1425555592834320,748800.000000,4
1425555592835414,748800.000000,5
1425555599062602,1363200.000000,0
1425555599063539,1363200.000000,1
1425555599064320,1363200.000000,2
1425555599064945,1363200.000000,3
1425555599065727,1363200.000000,4
1425555599066508,1363200.000000,5
1425555613713070,1555200.000000,0
1425555613713643,1555200.000000,1
1425555613714164,1555200.000000,2
1425555613714737,1555200.000000,3
1425555613715258,1555200.000000,4
1425555613715727,1555200.000000,5
1425555614270675,1363200.000000,0
1425555614271143,1363200.000000,1
1425555614271508,1363200.000000,2
1425555614271977,1363200.000000,3
1425555614272445,1363200.000000,4
1425555614272862,1363200.000000,5
1425555616849945,1785600.000000,0
1425555616850414,1785600.000000,1
1425555616850831,1785600.000000,2
1425555616851195,1785600.000000,3
1425555616851612,1785600.000000,4
1425555616851977,1785600.000000,5
1425555619025883,1555200.000000,0
1425555619026300,1555200.000000,1
1425555619026612,1555200.000000,2
1425555619026925,1555200.000000,3
1425555619027237,1555200.000000,4
1425555619027602,1555200.000000,5
1425555619196925,1785600.000000,0
1425555619197289,1785600.000000,1
1425555619197706,1785600.000000,2
1425555619198070,1785600.000000,3
1425555619198383,1785600.000000,4
1425555619198695,1785600.000000,5
1425555624152914,1555200.000000,0
1425555624153331,1555200.000000,1
1425555624153695,1555200.000000,2
1425555624154164,1555200.000000,3
1425555624154581,1555200.000000,4
1425555624154945,1555200.000000,5
1425555624923383,1785600.000000,0
1425555624923800,1785600.000000,1
1425555624924164,1785600.000000,2
1425555624924477,1785600.000000,3
1425555624924893,1785600.000000,4
1425555624925258,1785600.000000,5
1425555630927706,748800.000000,0
1425555630928070,748800.000000,1
1425555630928383,748800.000000,2
1425555630928695,748800.000000,3
1425555630929008,748800.000000,4
1425555630929320,748800.000000,5
1425555646807602,556800.000000,0
1425555646809008,556800.000000,1
1425555646810102,556800.000000,2
1425555646811300,556800.000000,3
1425555646812393,556800.000000,4
1425555646813487,556800.000000,5
1425555655544320,748800.000000,0
1425555655545414,748800.000000,1
1425555655546456,748800.000000,2
1425555655547393,748800.000000,3
1425555655548383,748800.000000,4
1425555655549320,748800.000000,5
1425555655994737,556800.000000,0
1425555655995570,556800.000000,1
1425555655996352,556800.000000,2
1425555655997393,556800.000000,3
1425555655998383,556800.000000,4
1425555655999320,556800.000000,5
1425555681025883,1785600.000000,0
1425555681027393,1785600.000000,1
1425555681028539,1785600.000000,2
1425555681030050,1785600.000000,3
1425555681031300,1785600.000000,4
1425555681032550,1785600.000000,5
1425555695899008,1996800.000000,0
1425555695899320,1996800.000000,1
1425555695899633,1996800.000000,2
1425555695900050,1996800.000000,3
1425555695900362,1996800.000000,4
1425555695900675,1996800.000000,5
1425555712925883,960000.000000,0
1425555712926768,960000.000000,1
1425555712927445,960000.000000,2
1425555712928227,960000.000000,3
1425555712928956,960000.000000,4
1425555712929633,960000.000000,5
1425555730872550,556800.000000,0
1425555730874008,556800.000000,1
1425555730875206,556800.000000,2
1425555730876456,556800.000000,3
1425555730877758,556800.000000,4
1425555730879008,556800.000000,5
1425555744370727,748800.000000,0
1425555744372237,748800.000000,1
1425555744373487,748800.000000,2
1425555744374737,748800.000000,3
1425555744375987,748800.000000,4
1425555744377393,748800.000000,5
1425555755214268,556800.000000,0
1425555755215414,556800.000000,1
1425555755216352,556800.000000,2
1425555755217445,556800.000000,3
1425555755218487,556800.000000,4
1425555755219477,556800.000000,5
1425555755310414,748800.000000,0
1425555755311508,748800.000000,1
1425555755312602,748800.000000,2
1425555755313539,748800.000000,3
1425555755314633,748800.000000,4
1425555755315727,748800.000000,5
1425555760873487,556800.000000,0
1425555760874789,556800.000000,1
1425555760875727,556800.000000,2
1425555760876664,556800.000000,3
1425555760877706,556800.000000,4
1425555760878695,556800.000000,5
1425555772944581,748800.000000,0
1425555772945987,748800.000000,1
1425555772947289,748800.000000,2
1425555772948539,748800.000000,3
1425555772949893,748800.000000,4
1425555772951300,748800.000000,5
1425555776663227,1363200.000000,0
1425555776663956,1363200.000000,1
1425555776664737,1363200.000000,2
1425555776665414,1363200.000000,3
1425555776666195,1363200.000000,4
1425555776666925,1363200.000000,5
1425555790782706,1152000.000000,0
1425555790783383,1152000.000000,1
1425555790784008,1152000.000000,2
1425555790784633,1152000.000000,3
1425555790785258,1152000.000000,4
1425555790785883,1152000.000000,5
1425555807879477,1363200.000000,0
1425555807880102,1363200.000000,1
1425555807880675,1363200.000000,2
1425555807881143,1363200.000000,3
1425555807881664,1363200.000000,4
1425555807882133,1363200.000000,5
1425555807908227,1555200.000000,0
1425555807908695,1555200.000000,1
1425555807909112,1555200.000000,2
1425555807909477,1555200.000000,3
1425555807909893,1555200.000000,4
1425555807910258,1555200.000000,5
1425555822760258,748800.000000,0
1425555822760831,748800.000000,1
1425555822761300,748800.000000,2
1425555822761768,748800.000000,3
1425555822762237,748800.000000,4
1425555822763018,748800.000000,5
1425555839019477,556800.000000,0
1425555839020675,556800.000000,1
1425555839021977,556800.000000,2
1425555839023227,556800.000000,3
1425555839024633,556800.000000,4
1425555839026039,556800.000000,5
1425555854813852,748800.000000,0
1425555854815362,748800.000000,1
1425555854816612,748800.000000,2
1425555854817914,748800.000000,3
1425555854819164,748800.000000,4
1425555854820414,748800.000000,5
1425555859543175,960000.000000,0
1425555859544164,960000.000000,1
1425555859545102,960000.000000,2
1425555859546039,960000.000000,3
1425555859546977,960000.000000,4
1425555859547862,960000.000000,5
1425555866403956,748800.000000,0
1425555866404789,748800.000000,1
1425555866405570,748800.000000,2
1425555866406300,748800.000000,3
1425555866407081,748800.000000,4
1425555866407862,748800.000000,5
1425555887364633,556800.000000,0
1425555887366039,556800.000000,1
1425555887367289,556800.000000,2
1425555887368539,556800.000000,3
1425555887369893,556800.000000,4
1425555887371195,556800.000000,5
1425555896952602,748800.000000,0
1425555896953956,748800.000000,1
1425555896955102,748800.000000,2
1425555896956143,748800.000000,3
1425555896957133,748800.000000,4
1425555896958227,748800.000000,5
1425555897853487,556800.000000,0
1425555897854477,556800.000000,1
1425555897855675,556800.000000,2
1425555897856768,556800.000000,3
1425555897857758,556800.000000,4
1425555897858800,556800.000000,5
1425555898279893,748800.000000,0
1425555898280987,748800.000000,1
1425555898281977,748800.000000,2
1425555898282914,748800.000000,3
1425555898283852,748800.000000,4
1425555898284945,748800.000000,5
1425555902869268,1363200.000000,0
1425555902870258,1363200.000000,1
1425555902871195,1363200.000000,2
1425555902872133,1363200.000000,3
1425555902873070,1363200.000000,4
1425555902874112,1363200.000000,5
1425555918931195,1555200.000000,0
1425555918931664,1555200.000000,1
1425555918932081,1555200.000000,2
1425555918932550,1555200.000000,3
1425555918932914,1555200.000000,4
1425555918933383,1555200.000000,5
1425555934850258,556800.000000,0
1425555934850727,556800.000000,1
1425555934851039,556800.000000,2
1425555934851456,556800.000000,3
1425555934851820,556800.000000,4
1425555934852393,556800.000000,5
1425555966828070,748800.000000,0
1425555966829268,748800.000000,1
1425555966830258,748800.000000,2
1425555966831352,748800.000000,3
1425555966832393,748800.000000,4
1425555966833383,748800.000000,5
1425555981667758,1363200.000000,0
1425555981668800,1363200.000000,1
1425555981669633,1363200.000000,2
1425555981670414,1363200.000000,3
1425555981671195,1363200.000000,4
1425555981671977,1363200.000000,5
1425555983832602,556800.000000,0
1425555983833227,556800.000000,1
1425555983833695,556800.000000,2
1425555983834268,556800.000000,3
1425555983835102,556800.000000,4
1425555983836195,556800.000000,5
1425555997584789,748800.000000,0
1425555997586195,748800.000000,1
1425555997587602,748800.000000,2
1425555997589008,748800.000000,3
1425555997590258,748800.000000,4
1425555997591508,748800.000000,5
1425555998778852,1363200.000000,0
1425555998779737,1363200.000000,1
1425555998780414,1363200.000000,2
1425555998781195,1363200.000000,3
1425555998781977,1363200.000000,4
1425555998782758,1363200.000000,5
1425556013864893,1555200.000000,0
1425556013865258,1555200.000000,1
1425556013865727,1555200.000000,2
1425556013866195,1555200.000000,3
1425556013866508,1555200.000000,4
1425556013866977,1555200.000000,5
1425556014985518,1785600.000000,0
1425556014985883,1785600.000000,1
1425556014986299,1785600.000000,2
1425556014986664,1785600.000000,3
1425556014986977,1785600.000000,4
1425556014987445,1785600.000000,5
1425556030775206,556800.000000,0
1425556030775570,556800.000000,1
1425556030775883,556800.000000,2
1425556030776508,556800.000000,3
1425556030777445,556800.000000,4
1425556030778487,556800.000000,5
1425556080499008,1363200.000000,0
1425556080500518,1363200.000000,1
1425556080501820,1363200.000000,2
1425556080503018,1363200.000000,3
1425556080504320,1363200.000000,4
1425556080505570,1363200.000000,5
1425556081103643,1785600.000000,0
1425556081104112,1785600.000000,1
1425556081104633,1785600.000000,2
1425556081105206,1785600.000000,3
1425556081105727,1785600.000000,4
1425556081106195,1785600.000000,5
1425556094998174,1996800.000000,0
1425556094998539,1996800.000000,1
1425556094999008,1996800.000000,2
1425556094999424,1996800.000000,3
1425556094999789,1996800.000000,4
1425556095000206,1996800.000000,5
1425556112915727,1152000.000000,0
1425556112916143,1152000.000000,1
1425556112916456,1152000.000000,2
1425556112916664,1152000.000000,3
1425556112916977,1152000.000000,4
1425556112917289,1152000.000000,5
1425556130524477,556800.000000,0
1425556130526039,556800.000000,1
1425556130527289,556800.000000,2
1425556130528695,556800.000000,3
1425556130529893,556800.000000,4
1425556130531143,556800.000000,5
1425556161380883,1555200.000000,0
1425556161382289,1555200.000000,1
1425556161383539,1555200.000000,2
1425556161384945,1555200.000000,3
1425556161386143,1555200.000000,4
1425556161387393,1555200.000000,5
1425556161506664,556800.000000,0
1425556161507133,556800.000000,1
1425556161507549,556800.000000,2
1425556161507914,556800.000000,3
1425556161508227,556800.000000,4
1425556161508852,556800.000000,5
1425556182055258,960000.000000,0
1425556182056508,960000.000000,1
1425556182057445,960000.000000,2
1425556182058383,960000.000000,3
1425556182059424,960000.000000,4
1425556182060518,960000.000000,5
1425556190821352,748800.000000,0
1425556190822289,748800.000000,1
1425556190823331,748800.000000,2
1425556190824424,748800.000000,3
1425556190825362,748800.000000,4
1425556190826352,748800.000000,5
1425556206908070,1363200.000000,0
1425556206908852,1363200.000000,1
1425556206909633,1363200.000000,2
1425556206910414,1363200.000000,3
1425556206911195,1363200.000000,4
1425556206911820,1363200.000000,5
1425556223927758,1555200.000000,0
1425556223928383,1555200.000000,1
1425556223928851,1555200.000000,2
1425556223929424,1555200.000000,3
1425556223929945,1555200.000000,4
1425556223930414,1555200.000000,5
1425556237865101,1996800.000000,0
1425556237865518,1996800.000000,1
1425556237865883,1996800.000000,2
1425556237866299,1996800.000000,3
1425556237866612,1996800.000000,4
1425556237866976,1996800.000000,5
1425556238135726,1555200.000000,0
1425556238136351,1555200.000000,1
1425556238136664,1555200.000000,2
1425556238136976,1555200.000000,3
1425556238137237,1555200.000000,4
1425556238137549,1555200.000000,5
1425556238161039,1785600.000000,0
1425556238161456,1785600.000000,1
1425556238161820,1785600.000000,2
1425556238162237,1785600.000000,3
1425556238162601,1785600.000000,4
1425556238162914,1785600.000000,5
1425556238772758,1996800.000000,0
1425556238773070,1996800.000000,1
1425556238773487,1996800.000000,2
1425556238773799,1996800.000000,3
1425556238774112,1996800.000000,4
1425556238774424,1996800.000000,5
1425556255338226,1555200.000000,0
1425556255338695,1555200.000000,1
1425556255339008,1555200.000000,2
1425556255339424,1555200.000000,3
1425556255339789,1555200.000000,4
1425556255340101,1555200.000000,5
1425556272066612,556800.000000,0
1425556272068070,556800.000000,1
1425556272069320,556800.000000,2
1425556272070518,556800.000000,3
1425556272071820,556800.000000,4
1425556272073174,556800.000000,5
1425556279022549,748800.000000,0
1425556279024008,748800.000000,1
1425556279025414,748800.000000,2
1425556279026768,748800.000000,3
1425556279028070,748800.000000,4
1425556279029476,748800.000000,5
1425556280006195,556800.000000,0
1425556280007237,556800.000000,1
1425556280008383,556800.000000,2
1425556280009320,556800.000000,3
1425556280010414,556800.000000,4
1425556280011508,556800.000000,5
1425556280023851,748800.000000,0
1425556280025049,748800.000000,1
1425556280026039,748800.000000,2
1425556280027081,748800.000000,3
1425556280028174,748800.000000,4
1425556280029268,748800.000000,5
1425556280511664,556800.000000,0
1425556280512549,556800.000000,1
1425556280513226,556800.000000,2
1425556280514008,556800.000000,3
1425556280515101,556800.000000,4
1425556280516195,556800.000000,5
1425556281828851,1152000.000000,0
1425556281829945,1152000.000000,1
1425556281830883,1152000.000000,2
1425556281831976,1152000.000000,3
1425556281832914,1152000.000000,4
1425556281833956,1152000.000000,5
1425556284686976,960000.000000,0
1425556284687445,960000.000000,1
1425556284688018,960000.000000,2
1425556284688643,960000.000000,3
1425556284689164,960000.000000,4
1425556284689789,960000.000000,5
1425556288648018,748800.000000,0
1425556288648851,748800.000000,1
1425556288649789,748800.000000,2
1425556288650726,748800.000000,3
1425556288651820,748800.000000,4
1425556288652758,748800.000000,5
1425556304965674,1363200.000000,0
1425556304966664,1363200.000000,1
1425556304967393,1363200.000000,2
1425556304968174,1363200.000000,3
1425556304968956,1363200.000000,4
1425556304969633,1363200.000000,5
1425556307233695,1555200.000000,0
1425556307234268,1555200.000000,1
1425556307234633,1555200.000000,2
1425556307235049,1555200.000000,3
1425556307235414,1555200.000000,4
1425556307235831,1555200.000000,5
1425556338629789,556800.000000,0
1425556338630258,556800.000000,1
1425556338631351,556800.000000,2
1425556338632706,556800.000000,3
1425556338634008,556800.000000,4
1425556338635206,556800.000000,5
1425556381393487,1555200.000000,0
1425556381394737,1555200.000000,1
1425556381395674,1555200.000000,2
1425556381396664,1555200.000000,3
1425556381397601,1555200.000000,4
1425556381398695,1555200.000000,5
1425556384908226,1363200.000000,0
1425556384908643,1363200.000000,1
1425556384909008,1363200.000000,2
1425556384909320,1363200.000000,3
1425556384909737,1363200.000000,4
1425556384910101,1363200.000000,5
1425556396867081,1785600.000000,0
1425556396867601,1785600.000000,1
1425556396868226,1785600.000000,2
1425556396868695,1785600.000000,3
1425556396869164,1785600.000000,4
1425556396869737,1785600.000000,5
1425556396888070,1363200.000000,0
1425556396888539,1363200.000000,1
1425556396889008,1363200.000000,2
1425556396889581,1363200.000000,3
1425556396890101,1363200.000000,4
1425556396890570,1363200.000000,5
1425556396899476,1555200.000000,0
1425556396899945,1555200.000000,1
1425556396900258,1555200.000000,2
1425556396900726,1555200.000000,3
1425556396901143,1555200.000000,4
1425556396901508,1555200.000000,5
1425556400587758,1785600.000000,0
1425556400588226,1785600.000000,1
1425556400588799,1785600.000000,2
1425556400589268,1785600.000000,3
1425556400589633,1785600.000000,4
1425556400590101,1785600.000000,5
1425556412155362,1996800.000000,0
1425556412155726,1996800.000000,1
1425556412156039,1996800.000000,2
1425556412156351,1996800.000000,3
1425556412156664,1996800.000000,4
1425556412156976,1996800.000000,5
1425556415761039,1785600.000000,0
1425556415761351,1785600.000000,1
1425556415761664,1785600.000000,2
1425556415761976,1785600.000000,3
1425556415762289,1785600.000000,4
1425556415762601,1785600.000000,5
1425556415819164,1996800.000000,0
1425556415819581,1996800.000000,1
1425556415819893,1996800.000000,2
1425556415820258,1996800.000000,3
1425556415820570,1996800.000000,4
1425556415820883,1996800.000000,5
1425556430917445,748800.000000,0
1425556430917758,748800.000000,1
1425556430918018,748800.000000,2
1425556430918331,748800.000000,3
1425556430918539,748800.000000,4
1425556430918851,748800.000000,5
1425556446854476,556800.000000,0
1425556446856039,556800.000000,1
1425556446857393,556800.000000,2
1425556446858643,556800.000000,3
1425556446859893,556800.000000,4
1425556446861299,556800.000000,5
1425556473395414,748800.000000,0
1425556473396976,748800.000000,1
1425556473398331,748800.000000,2
1425556473399737,748800.000000,3
1425556473401039,748800.000000,4
1425556473402393,748800.000000,5
1425556473533695,556800.000000,0
1425556473534893,556800.000000,1
1425556473536195,556800.000000,2
1425556473537445,556800.000000,3
1425556473538695,556800.000000,4
1425556473539945,556800.000000,5
1425556481329737,748800.000000,0
1425556481330987,748800.000000,1
1425556481331976,748800.000000,2
1425556481333070,748800.000000,3
1425556481334008,748800.000000,4
1425556481335049,748800.000000,5
1425556482267081,1555200.000000,0
1425556482268070,1555200.000000,1
1425556482268695,1555200.000000,2
1425556482269476,1555200.000000,3
1425556482270258,1555200.000000,4
1425556482271039,1555200.000000,5
1425556482386039,748800.000000,0
1425556482386508,748800.000000,1
1425556482386976,748800.000000,2
1425556482387445,748800.000000,3
1425556482387914,748800.000000,4
1425556482388487,748800.000000,5
1425556495045518,1363200.000000,0
1425556495046456,1363200.000000,1
1425556495047289,1363200.000000,2
1425556495048070,1363200.000000,3
1425556495048851,1363200.000000,4
1425556495049581,1363200.000000,5
1425556510752081,1785600.000000,0
1425556510752706,1785600.000000,1
1425556510753226,1785600.000000,2
1425556510753695,1785600.000000,3
1425556510754268,1785600.000000,4
1425556510754737,1785600.000000,5
1425556511130101,1555200.000000,0
1425556511130518,1555200.000000,1
1425556511130831,1555200.000000,2
1425556511131143,1555200.000000,3
1425556511131456,1555200.000000,4
1425556511131768,1555200.000000,5
1425556521700414,1785600.000000,0
1425556521700883,1785600.000000,1
1425556521701299,1785600.000000,2
1425556521701664,1785600.000000,3
1425556521701976,1785600.000000,4
1425556521702393,1785600.000000,5
1425556521855414,1555200.000000,0
1425556521855883,1555200.000000,1
1425556521856195,1555200.000000,2
1425556521856508,1555200.000000,3
1425556521856820,1555200.000000,4
1425556521857133,1555200.000000,5
1425556528918851,1363200.000000,0
1425556528919164,1363200.000000,1
1425556528919581,1363200.000000,2
1425556528919945,1363200.000000,3
1425556528920258,1363200.000000,4
1425556528920674,1363200.000000,5
1425556544888383,1152000.000000,0
1425556544889008,1152000.000000,1
1425556544889476,1152000.000000,2
1425556544890101,1152000.000000,3
1425556544890831,1152000.000000,4
1425556544891456,1152000.000000,5
1425556558781664,556800.000000,0
1425556558782445,556800.000000,1
1425556558783383,556800.000000,2
1425556558784633,556800.000000,3
1425556558785883,556800.000000,4
1425556558787133,556800.000000,5
1425556608886039,1363200.000000,0
1425556608887393,1363200.000000,1
1425556608888383,1363200.000000,2
1425556608889633,1363200.000000,3
1425556608890674,1363200.000000,4
1425556608891820,1363200.000000,5
1425556622735258,1555200.000000,0
1425556622735674,1555200.000000,1
1425556622736039,1555200.000000,2
1425556622736508,1555200.000000,3
1425556622736924,1555200.000000,4
1425556622737393,1555200.000000,5
1425556639193487,556800.000000,0
1425556639194008,556800.000000,1
1425556639194424,556800.000000,2
1425556639195206,556800.000000,3
1425556639196508,556800.000000,4
1425556639197758,556800.000000,5
1425556669835362,748800.000000,0
1425556669836768,748800.000000,1
1425556669838070,748800.000000,2
1425556669839476,748800.000000,3
1425556669840726,748800.000000,4
1425556669841976,748800.000000,5
1425556671432289,556800.000000,0
1425556671433695,556800.000000,1
1425556671434633,556800.000000,2
1425556671435726,556800.000000,3
1425556671436768,556800.000000,4
1425556671437758,556800.000000,5
1425556681929320,1555200.000000,0
1425556681930570,1555200.000000,1
1425556681931508,1555200.000000,2
1425556681932549,1555200.000000,3
1425556681933539,1555200.000000,4
1425556681934476,1555200.000000,5
1425556688302445,960000.000000,0
1425556688302914,960000.000000,1
1425556688303330,960000.000000,2
1425556688303851,960000.000000,3
1425556688304476,960000.000000,4
1425556688305205,960000.000000,5
1425556702768174,1555200.000000,0
1425556702768955,1555200.000000,1
1425556702769737,1555200.000000,2
1425556702770570,1555200.000000,3
1425556702771299,1555200.000000,4
1425556702771976,1555200.000000,5
1425556703885726,1785600.000000,0
1425556703886143,1785600.000000,1
1425556703886508,1785600.000000,2
1425556703886820,1785600.000000,3
1425556703887237,1785600.000000,4
1425556703887601,1785600.000000,5
1425556703980883,1555200.000000,0
1425556703981351,1555200.000000,1
1425556703981664,1555200.000000,2
1425556703982133,1555200.000000,3
1425556703982445,1555200.000000,4
1425556703982862,1555200.000000,5
1425556703996455,1785600.000000,0
1425556703996820,1785600.000000,1
1425556703997133,1785600.000000,2
1425556703997549,1785600.000000,3
1425556703997914,1785600.000000,4
1425556703998226,1785600.000000,5
1425556704067758,1555200.000000,0
1425556704068174,1555200.000000,1
1425556704068487,1555200.000000,2
1425556704068851,1555200.000000,3
1425556704069164,1555200.000000,4
1425556704069476,1555200.000000,5
1425556704167705,1363200.000000,0
1425556704168174,1363200.000000,1
1425556704168539,1363200.000000,2
1425556704168955,1363200.000000,3
1425556704169320,1363200.000000,4
1425556704169633,1363200.000000,5
1425556718948851,1152000.000000,0
1425556718949476,1152000.000000,1
1425556718949945,1152000.000000,2
1425556718950674,1152000.000000,3
1425556718951299,1152000.000000,4
1425556718951924,1152000.000000,5
1425556736868695,960000.000000,0
1425556736869320,960000.000000,1
1425556736869945,960000.000000,2
1425556736870674,960000.000000,3
1425556736871351,960000.000000,4
1425556736872080,960000.000000,5
1425556752591664,556800.000000,0
1425556752592862,556800.000000,1
1425556752593851,556800.000000,2
1425556752594893,556800.000000,3
1425556752595830,556800.000000,4
1425556752596820,556800.000000,5
1425556781341195,960000.000000,0
1425556781342289,960000.000000,1
1425556781343226,960000.000000,2
1425556781344164,960000.000000,3
1425556781345101,960000.000000,4
1425556781346143,960000.000000,5
1425556782833539,556800.000000,0
1425556782834320,556800.000000,1
1425556782835258,556800.000000,2
1425556782836195,556800.000000,3
1425556782837237,556800.000000,4
1425556782838226,556800.000000,5
1425556798874476,1363200.000000,0
1425556798875726,1363200.000000,1
1425556798876820,1363200.000000,2
1425556798877914,1363200.000000,3
1425556798878851,1363200.000000,4
1425556798879945,1363200.000000,5
1425556815650101,1785600.000000,0
1425556815650570,1785600.000000,1
1425556815651039,1785600.000000,2
1425556815651455,1785600.000000,3
1425556815651820,1785600.000000,4
1425556815652289,1785600.000000,5
1425556816951455,1555200.000000,0
1425556816951820,1555200.000000,1
1425556816952133,1555200.000000,2
1425556816952445,1555200.000000,3
1425556816952758,1555200.000000,4
1425556816953070,1555200.000000,5
1425556818316299,1785600.000000,0
1425556818316664,1785600.000000,1
1425556818316976,1785600.000000,2
1425556818317289,1785600.000000,3
1425556818317758,1785600.000000,4
1425556818318174,1785600.000000,5
1425556821938955,1555200.000000,0
1425556821939320,1555200.000000,1
1425556821939633,1555200.000000,2
1425556821939945,1555200.000000,3
1425556821940258,1555200.000000,4
1425556821940570,1555200.000000,5
1425556822184164,1785600.000000,0
1425556822184580,1785600.000000,1
1425556822184945,1785600.000000,2
1425556822185414,1785600.000000,3
1425556822185726,1785600.000000,4
1425556822186143,1785600.000000,5
1425556830012445,1555200.000000,0
1425556830012758,1555200.000000,1
1425556830013070,1555200.000000,2
1425556830013383,1555200.000000,3
1425556830013695,1555200.000000,4
1425556830014008,1555200.000000,5
1425556835427914,1785600.000000,0
1425556835428383,1785600.000000,1
1425556835428851,1785600.000000,2
1425556835429320,1785600.000000,3
1425556835429789,1785600.000000,4
1425556835430258,1785600.000000,5
1425556835486039,1555200.000000,0
1425556835486455,1555200.000000,1
1425556835486924,1555200.000000,2
1425556835487289,1555200.000000,3
1425556835487705,1555200.000000,4
1425556835488070,1555200.000000,5
1425556835599945,1785600.000000,0
1425556835600414,1785600.000000,1
1425556835600726,1785600.000000,2
1425556835601143,1785600.000000,3
1425556835601455,1785600.000000,4
1425556835601820,1785600.000000,5
1425556838318695,1555200.000000,0
1425556838319112,1555200.000000,1
1425556838319476,1555200.000000,2
1425556838319893,1555200.000000,3
1425556838320362,1555200.000000,4
1425556838320726,1555200.000000,5
1425556838598383,1785600.000000,0
1425556838598851,1785600.000000,1
1425556838599268,1785600.000000,2
1425556838599737,1785600.000000,3
1425556838600101,1785600.000000,4
1425556838600570,1785600.000000,5
1425556838628383,1555200.000000,0
1425556838628851,1555200.000000,1
1425556838629164,1555200.000000,2
1425556838629633,1555200.000000,3
1425556838630049,1555200.000000,4
1425556838630414,1555200.000000,5
1425556838634580,1785600.000000,0
1425556838634945,1785600.000000,1
1425556838635414,1785600.000000,2
1425556838635830,1785600.000000,3
1425556838636195,1785600.000000,4
1425556838636664,1785600.000000,5
1425556842199945,1555200.000000,0
1425556842200362,1555200.000000,1
1425556842200726,1555200.000000,2
1425556842201039,1555200.000000,3
1425556842201351,1555200.000000,4
1425556842201664,1555200.000000,5
1425556844835883,1785600.000000,0
1425556844836351,1785600.000000,1
1425556844836820,1785600.000000,2
1425556844837289,1785600.000000,3
1425556844837758,1785600.000000,4
1425556844838226,1785600.000000,5
1425556846628018,1555200.000000,0
1425556846628383,1555200.000000,1
1425556846628851,1555200.000000,2
1425556846629268,1555200.000000,3
1425556846629633,1555200.000000,4
1425556846630049,1555200.000000,5
1425556846676351,1785600.000000,0
1425556846676924,1785600.000000,1
1425556846677289,1785600.000000,2
1425556846677862,1785600.000000,3
1425556846678330,1785600.000000,4
1425556846678695,1785600.000000,5
1425556846698539,1555200.000000,0
1425556846699008,1555200.000000,1
1425556846699424,1555200.000000,2
1425556846699893,1555200.000000,3
1425556846700362,1555200.000000,4
1425556846700883,1555200.000000,5
1425556846706039,1785600.000000,0
1425556846706508,1785600.000000,1
1425556846706976,1785600.000000,2
1425556846707445,1785600.000000,3
1425556846707914,1785600.000000,4
1425556846708383,1785600.000000,5
1425556846749945,960000.000000,0
1425556846750414,960000.000000,1
1425556846750883,960000.000000,2
1425556846751351,960000.000000,3
1425556846751768,960000.000000,4
1425556846752237,960000.000000,5
1425556863128018,748800.000000,0
1425556863128799,748800.000000,1
1425556863129580,748800.000000,2
1425556863130518,748800.000000,3
1425556863131508,748800.000000,4
1425556863132445,748800.000000,5
1425556863182549,556800.000000,0
1425556863183539,556800.000000,1
1425556863184476,556800.000000,2
1425556863185830,556800.000000,3
1425556863187080,556800.000000,4
1425556863188330,556800.000000,5
1425556894869268,748800.000000,0
1425556894870830,748800.000000,1
1425556894872080,748800.000000,2
1425556894873226,748800.000000,3
1425556894874632,748800.000000,4
1425556894875882,748800.000000,5
1425556897088851,960000.000000,0
1425556897089737,960000.000000,1
1425556897090414,960000.000000,2
1425556897091195,960000.000000,3
1425556897091976,960000.000000,4
1425556897092705,960000.000000,5
1425556904921195,748800.000000,0
1425556904921976,748800.000000,1
1425556904922757,748800.000000,2
1425556904923539,748800.000000,3
1425556904924424,748800.000000,4
1425556904925414,748800.000000,5
1425556912782237,1363200.000000,0
1425556912783174,1363200.000000,1
1425556912784164,1363200.000000,2
1425556912785101,1363200.000000,3
1425556912786039,1363200.000000,4
1425556912786976,1363200.000000,5
1425556926836664,960000.000000,0
1425556926837289,960000.000000,1
1425556926837862,960000.000000,2
1425556926838539,960000.000000,3
1425556926839320,960000.000000,4
1425556926840049,960000.000000,5
1425556943794112,748800.000000,0
1425556943795101,748800.000000,1
1425556943795987,748800.000000,2
1425556943796976,748800.000000,3
1425556943797914,748800.000000,4
1425556943799007,748800.000000,5
1425556958846455,556800.000000,0
1425556958848226,556800.000000,1
1425556958849476,556800.000000,2
1425556958850726,556800.000000,3
1425556958852132,556800.000000,4
1425556958853330,556800.000000,5
1425556981306924,1152000.000000,0
1425556981308070,1152000.000000,1
1425556981309112,1152000.000000,2
1425556981310101,1152000.000000,3
1425556981311143,1152000.000000,4
1425556981312132,1152000.000000,5
1425557007246664,1555200.000000,0
1425557007247289,1555200.000000,1
1425557007247914,1555200.000000,2
1425557007248539,1555200.000000,3
1425557007249164,1555200.000000,4
1425557007249789,1555200.000000,5
1425557024408539,1152000.000000,0
1425557024408955,1152000.000000,1
1425557024409320,1152000.000000,2
1425557024409789,1152000.000000,3
1425557024410257,1152000.000000,4
1425557024410726,1152000.000000,5
1425557040895257,556800.000000,0
1425557040896820,556800.000000,1
1425557040898070,556800.000000,2
1425557040899424,556800.000000,3
1425557040900726,556800.000000,4
1425557040901976,556800.000000,5
1425557083924164,748800.000000,0
1425557083925726,748800.000000,1
1425557083926976,748800.000000,2
1425557083928226,748800.000000,3
1425557083929632,748800.000000,4
1425557083930882,748800.000000,5
1425557084395101,556800.000000,0
1425557084396143,556800.000000,1
1425557084397132,556800.000000,2
1425557084398174,556800.000000,3
1425557084399164,556800.000000,4
1425557084400205,556800.000000,5
1425557103327289,1363200.000000,0
1425557103328799,1363200.000000,1
1425557103330049,1363200.000000,2
1425557103331507,1363200.000000,3
1425557103332705,1363200.000000,4
1425557103334112,1363200.000000,5
1425557118895518,1785600.000000,0
1425557118896039,1785600.000000,1
1425557118896507,1785600.000000,2
1425557118897080,1785600.000000,3
1425557118897601,1785600.000000,4
1425557118898070,1785600.000000,5
1425557123591299,1555200.000000,0
1425557123591664,1555200.000000,1
1425557123592080,1555200.000000,2
1425557123592445,1555200.000000,3
1425557123592862,1555200.000000,4
1425557123593226,1555200.000000,5
1425557123842132,1785600.000000,0
1425557123842445,1785600.000000,1
1425557123842862,1785600.000000,2
1425557123843226,1785600.000000,3
1425557123843539,1785600.000000,4
1425557123843851,1785600.000000,5
1425557124232757,1555200.000000,0
1425557124233174,1555200.000000,1
1425557124233487,1555200.000000,2
1425557124233799,1555200.000000,3
1425557124234112,1555200.000000,4
1425557124234424,1555200.000000,5
1425557124287132,1785600.000000,0
1425557124287549,1785600.000000,1
1425557124287914,1785600.000000,2
1425557124288226,1785600.000000,3
1425557124288643,1785600.000000,4
1425557124289007,1785600.000000,5
1425557129767757,1555200.000000,0
1425557129768070,1555200.000000,1
1425557129768382,1555200.000000,2
1425557129768695,1555200.000000,3
1425557129769007,1555200.000000,4
1425557129769320,1555200.000000,5
1425557154726039,1996800.000000,0
1425557154726455,1996800.000000,1
1425557154726768,1996800.000000,2
1425557154727132,1996800.000000,3
1425557154727549,1996800.000000,4
1425557154727914,1996800.000000,5
1425557167081039,556800.000000,0
1425557167081455,556800.000000,1
1425557167081976,556800.000000,2
1425557167083018,556800.000000,3
1425557167084268,556800.000000,4
1425557167085570,556800.000000,5
1425557181648070,1555200.000000,0
1425557181649320,1555200.000000,1
1425557181650362,1555200.000000,2
1425557181651351,1555200.000000,3
1425557181652445,1555200.000000,4
1425557181653539,1555200.000000,5
1425557182865882,748800.000000,0
1425557182866455,748800.000000,1
1425557182866820,748800.000000,2
1425557182867393,748800.000000,3
1425557182868070,748800.000000,4
1425557182868955,748800.000000,5
1425557200876143,1363200.000000,0
1425557200876976,1363200.000000,1
1425557200877705,1363200.000000,2
1425557200878382,1363200.000000,3
1425557200879164,1363200.000000,4
1425557200879945,1363200.000000,5
1425557215300101,1555200.000000,0
1425557215300570,1555200.000000,1
1425557215300987,1555200.000000,2
1425557215301455,1555200.000000,3
1425557215301820,1555200.000000,4
1425557215302289,1555200.000000,5
1425557232845726,748800.000000,0
1425557232846195,748800.000000,1
1425557232846768,748800.000000,2
1425557232847237,748800.000000,3
1425557232848018,748800.000000,4
1425557232848955,748800.000000,5
1425557249628070,556800.000000,0
1425557249629632,556800.000000,1
1425557249630882,556800.000000,2
1425557249632132,556800.000000,3
1425557249633382,556800.000000,4
1425557249634632,556800.000000,5
1425557281807914,1555200.000000,0
1425557281809112,1555200.000000,1
1425557281810049,1555200.000000,2
1425557281811039,1555200.000000,3
1425557281812132,1555200.000000,4
1425557281813226,1555200.000000,5
1425557294972601,1785600.000000,0
1425557294973070,1785600.000000,1
1425557294973382,1785600.000000,2
1425557294973695,1785600.000000,3
1425557294974112,1785600.000000,4
1425557294974476,1785600.000000,5
1425557304676612,1555200.000000,0
1425557304677132,1555200.000000,1
1425557304677601,1555200.000000,2
1425557304678070,1555200.000000,3
1425557304678539,1555200.000000,4
1425557304678955,1555200.000000,5
1425557304868487,1785600.000000,0
1425557304868851,1785600.000000,1
1425557304869164,1785600.000000,2
1425557304869580,1785600.000000,3
1425557304869945,1785600.000000,4
1425557304870257,1785600.000000,5
1425557311099007,1555200.000000,0
1425557311099580,1555200.000000,1
1425557311099893,1555200.000000,2
1425557311100205,1555200.000000,3
1425557311100518,1555200.000000,4
1425557311100830,1555200.000000,5
1425557316928330,2227200.000000,0
1425557316928695,2227200.000000,1
1425557316929111,2227200.000000,2
1425557316929476,2227200.000000,3
1425557316929789,2227200.000000,4
1425557316930205,2227200.000000,5
1425557321327289,1555200.000000,0
1425557321327549,1555200.000000,1
1425557321327861,1555200.000000,2
1425557321328070,1555200.000000,3
1425557321328382,1555200.000000,4
1425557321328695,1555200.000000,5
1425557324852549,2227200.000000,0
1425557324853018,2227200.000000,1
1425557324853486,2227200.000000,2
1425557324853851,2227200.000000,3
1425557324854424,2227200.000000,4
1425557324854893,2227200.000000,5
1425557326929007,1996800.000000,0
1425557326929320,1996800.000000,1
1425557326929632,1996800.000000,2
1425557326929945,1996800.000000,3
1425557326930257,1996800.000000,4
1425557326930674,1996800.000000,5
1425557328980361,1555200.000000,0
1425557328980674,1555200.000000,1
1425557328980986,1555200.000000,2
1425557328981299,1555200.000000,3
1425557328981611,1555200.000000,4
1425557328981820,1555200.000000,5
1425557329040674,2227200.000000,0
1425557329041195,2227200.000000,1
1425557329041507,2227200.000000,2
1425557329041924,2227200.000000,3
1425557329042289,2227200.000000,4
1425557329042705,2227200.000000,5
1425557344884007,748800.000000,0
1425557344884424,748800.000000,1
1425557344884736,748800.000000,2
1425557344885049,748800.000000,3
1425557344885414,748800.000000,4
1425557344885726,748800.000000,5
1425557360093851,556800.000000,0
1425557360095101,556800.000000,1
1425557360096143,556800.000000,2
1425557360097132,556800.000000,3
1425557360098226,556800.000000,4
1425557360099268,556800.000000,5
1425557381170257,1363200.000000,0
1425557381171820,1363200.000000,1
1425557381173070,1363200.000000,2
1425557381174320,1363200.000000,3
1425557381175570,1363200.000000,4
1425557381176924,1363200.000000,5
1425557387571039,1555200.000000,0
1425557387571664,1555200.000000,1
1425557387572080,1555200.000000,2
1425557387572445,1555200.000000,3
1425557387572914,1555200.000000,4
1425557387573330,1555200.000000,5
1425557388142549,1363200.000000,0
1425557388142914,1363200.000000,1
1425557388143330,1363200.000000,2
1425557388143695,1363200.000000,3
1425557388144007,1363200.000000,4
1425557388144476,1363200.000000,5
1425557391550101,1152000.000000,0
1425557391550726,1152000.000000,1
1425557391551299,1152000.000000,2
1425557391551768,1152000.000000,3
1425557391552393,1152000.000000,4
1425557391553018,1152000.000000,5
1425557408874320,1555200.000000,0
1425557408874893,1555200.000000,1
1425557408875361,1555200.000000,2
1425557408875830,1555200.000000,3
1425557408876299,1555200.000000,4
1425557408876768,1555200.000000,5
1425557424956195,556800.000000,0
1425557424956664,556800.000000,1
1425557424957393,556800.000000,2
1425557424958382,556800.000000,3
1425557424959424,556800.000000,4
1425557424960414,556800.000000,5
1425557470802289,1363200.000000,0
1425557470803695,1363200.000000,1
1425557470804893,1363200.000000,2
1425557470806039,1363200.000000,3
1425557470807289,1363200.000000,4
1425557470808643,1363200.000000,5
1425557486941976,1785600.000000,0
1425557486942445,1785600.000000,1
1425557486942914,1785600.000000,2
1425557486943330,1785600.000000,3
1425557486943695,1785600.000000,4
1425557486944164,1785600.000000,5
1425557502956299,2227200.000000,0
1425557502956664,2227200.000000,1
1425557502956976,2227200.000000,2
1425557502957289,2227200.000000,3
1425557502957705,2227200.000000,4
1425557502958018,2227200.000000,5
1425557521007914,556800.000000,0
1425557521008226,556800.000000,1
1425557521008539,556800.000000,2
1425557521008799,556800.000000,3
1425557521009007,556800.000000,4
1425557521009268,556800.000000,5
1425557539398851,748800.000000,0
1425557539400101,748800.000000,1
1425557539401195,748800.000000,2
1425557539402132,748800.000000,3
1425557539403486,748800.000000,4
1425557539404476,748800.000000,5
1425557540669632,556800.000000,0
1425557540670830,556800.000000,1
1425557540671820,556800.000000,2
1425557540672913,556800.000000,3
1425557540674007,556800.000000,4
1425557540674945,556800.000000,5
1425557540739007,748800.000000,0
1425557540740101,748800.000000,1
1425557540741143,748800.000000,2
1425557540742236,748800.000000,3
1425557540743226,748800.000000,4
1425557540744163,748800.000000,5
1425557548019320,960000.000000,0
1425557548020361,960000.000000,1
1425557548021143,960000.000000,2
1425557548021820,960000.000000,3
1425557548022549,960000.000000,4
1425557548023330,960000.000000,5
1425557548616507,748800.000000,0
1425557548617393,748800.000000,1
1425557548618174,748800.000000,2
1425557548618851,748800.000000,3
1425557548619736,748800.000000,4
1425557548620570,748800.000000,5
1425557552862132,556800.000000,0
1425557552863695,556800.000000,1
1425557552864945,556800.000000,2
1425557552866195,556800.000000,3
1425557552867549,556800.000000,4
1425557552868695,556800.000000,5
1425557581612445,2227200.000000,0
1425557581613695,2227200.000000,1
1425557581614632,2227200.000000,2
1425557581615726,2227200.000000,3
1425557581616768,2227200.000000,4
1425557581617757,2227200.000000,5
1425557582747601,556800.000000,0
1425557582747913,556800.000000,1
1425557582748226,556800.000000,2
1425557582748486,556800.000000,3
1425557582748695,556800.000000,4
1425557582748955,556800.000000,5
1425557598577393,748800.000000,0
1425557598578695,748800.000000,1
1425557598579632,748800.000000,2
1425557598580570,748800.000000,3
1425557598581663,748800.000000,4
1425557598582705,748800.000000,5
1425557598800361,1363200.000000,0
1425557598801195,1363200.000000,1
1425557598801976,1363200.000000,2
1425557598802757,1363200.000000,3
1425557598803538,1363200.000000,4
1425557598804320,1363200.000000,5
1425557614546663,1555200.000000,0
1425557614547132,1555200.000000,1
1425557614547601,1555200.000000,2
1425557614548018,1555200.000000,3
1425557614548486,1555200.000000,4
1425557614548955,1555200.000000,5
1425557614803643,1785600.000000,0
1425557614804007,1785600.000000,1
1425557614804320,1785600.000000,2
1425557614804736,1785600.000000,3
1425557614805101,1785600.000000,4
1425557614805413,1785600.000000,5
1425557619699945,1555200.000000,0
1425557619700413,1555200.000000,1
1425557619700726,1555200.000000,2
1425557619701038,1555200.000000,3
1425557619701299,1555200.000000,4
1425557619701611,1555200.000000,5
1425557620198070,1785600.000000,0
1425557620198486,1785600.000000,1
1425557620198851,1785600.000000,2
1425557620199163,1785600.000000,3
1425557620199580,1785600.000000,4
1425557620199945,1785600.000000,5
1425557629430049,1555200.000000,0
1425557629430413,1555200.000000,1
1425557629430726,1555200.000000,2
1425557629431038,1555200.000000,3
1425557629431351,1555200.000000,4
1425557629431663,1555200.000000,5
1425557629570570,1785600.000000,0
1425557629570986,1785600.000000,1
1425557629571351,1785600.000000,2
1425557629571820,1785600.000000,3
1425557629572132,1785600.000000,4
1425557629572549,1785600.000000,5
1425557632255413,556800.000000,0
1425557632256038,556800.000000,1
1425557632257132,556800.000000,2
1425557632258382,556800.000000,3
1425557632259632,556800.000000,4
1425557632260986,556800.000000,5
1425557637025726,748800.000000,0
1425557637026820,748800.000000,1
1425557637027757,748800.000000,2
1425557637028695,748800.000000,3
1425557637029788,748800.000000,4
1425557637030830,748800.000000,5
1425557637687445,556800.000000,0
1425557637688799,556800.000000,1
1425557637690205,556800.000000,2
1425557637691351,556800.000000,3
1425557637692757,556800.000000,4
1425557637694007,556800.000000,5
1425557638846768,748800.000000,0
1425557638847757,748800.000000,1
1425557638849007,748800.000000,2
1425557638850049,748800.000000,3
1425557638851038,748800.000000,4
1425557638851976,748800.000000,5
1425557662776768,556800.000000,0
1425557662778226,556800.000000,1
1425557662779476,556800.000000,2
1425557662780726,556800.000000,3
1425557662782080,556800.000000,4
1425557662783382,556800.000000,5
1425557681813018,1785600.000000,0
1425557681814163,1785600.000000,1
1425557681815257,1785600.000000,2
1425557681816351,1785600.000000,3
1425557681817288,1785600.000000,4
1425557681818330,1785600.000000,5
1425557695839111,1996800.000000,0
1425557695839476,1996800.000000,1
1425557695839788,1996800.000000,2
1425557695840101,1996800.000000,3
1425557695840413,1996800.000000,4
1425557695840726,1996800.000000,5
1425557712518643,1152000.000000,0
1425557712519007,1152000.000000,1
1425557712519268,1152000.000000,2
1425557712519580,1152000.000000,3
1425557712519788,1152000.000000,4
1425557712520101,1152000.000000,5
1425557729205570,556800.000000,0
1425557729206038,556800.000000,1
1425557729206663,556800.000000,2
1425557729207757,556800.000000,3
1425557729208695,556800.000000,4
1425557729209632,556800.000000,5
1425557737242601,748800.000000,0
1425557737244007,748800.000000,1
1425557737245257,748800.000000,2
1425557737246507,748800.000000,3
1425557737247861,748800.000000,4
1425557737249111,748800.000000,5
1425557744891195,556800.000000,0
1425557744892445,556800.000000,1
1425557744893382,556800.000000,2
1425557744894424,556800.000000,3
1425557744895570,556800.000000,4
1425557744896611,556800.000000,5
1425557774873643,1363200.000000,0
1425557774874736,1363200.000000,1
1425557774875726,1363200.000000,2
1425557774876768,1363200.000000,3
1425557774877861,1363200.000000,4
1425557774878851,1363200.000000,5
1425557805705882,1785600.000000,0
1425557805706351,1785600.000000,1
1425557805706820,1785600.000000,2
1425557805707288,1785600.000000,3
1425557805707705,1785600.000000,4
1425557805708070,1785600.000000,5
1425557824931976,556800.000000,0
1425557824932393,556800.000000,1
1425557824932705,556800.000000,2
1425557824932913,556800.000000,3
1425557824933643,556800.000000,4
1425557824934632,556800.000000,5
1425557852733538,960000.000000,0
1425557852734945,960000.000000,1
1425557852736195,960000.000000,2
1425557852737445,960000.000000,3
1425557852738851,960000.000000,4
1425557852740257,960000.000000,5
1425557852977913,556800.000000,0
1425557852978695,556800.000000,1
1425557852979632,556800.000000,2
1425557852980674,556800.000000,3
1425557852981768,556800.000000,4
1425557852982861,556800.000000,5
1425557877335882,960000.000000,0
1425557877337132,960000.000000,1
1425557877338070,960000.000000,2
1425557877339163,960000.000000,3
1425557877340257,960000.000000,4
1425557877341299,960000.000000,5
1425557878209320,1555200.000000,0
1425557878209945,1555200.000000,1
1425557878210570,1555200.000000,2
1425557878211143,1555200.000000,3
1425557878211663,1555200.000000,4
1425557878212288,1555200.000000,5
1425557879937288,556800.000000,0
1425557879937705,556800.000000,1
1425557879938070,556800.000000,2
1425557879938382,556800.000000,3
1425557879938695,556800.000000,4
1425557879939111,556800.000000,5
1425557880995413,748800.000000,0
1425557880996611,748800.000000,1
1425557880997549,748800.000000,2
1425557880998695,748800.000000,3
1425557880999632,748800.000000,4
1425557881000674,748800.000000,5
1425557881143851,1785600.000000,0
1425557881144788,1785600.000000,1
1425557881145570,1785600.000000,2
1425557881146351,1785600.000000,3
1425557881147132,1785600.000000,4
1425557881147861,1785600.000000,5
1425557881306195,1363200.000000,0
1425557881306611,1363200.000000,1
1425557881306924,1363200.000000,2
1425557881307236,1363200.000000,3
1425557881307549,1363200.000000,4
1425557881307861,1363200.000000,5
1425557881324580,1785600.000000,0
1425557881324945,1785600.000000,1
1425557881325413,1785600.000000,2
1425557881325882,1785600.000000,3
1425557881326299,1785600.000000,4
1425557881326663,1785600.000000,5
1425557881380726,1363200.000000,0
1425557881381299,1363200.000000,1
1425557881381820,1363200.000000,2
1425557881382288,1363200.000000,3
1425557881382913,1363200.000000,4
1425557881383486,1363200.000000,5
1425557881400257,1785600.000000,0
1425557881400674,1785600.000000,1
1425557881401038,1785600.000000,2
1425557881401455,1785600.000000,3
1425557881401820,1785600.000000,4
1425557881402236,1785600.000000,5
1425557881523695,1363200.000000,0
1425557881524007,1363200.000000,1
1425557881524320,1363200.000000,2
1425557881524736,1363200.000000,3
1425557881525101,1363200.000000,4
1425557881525413,1363200.000000,5
1425557881540413,1785600.000000,0
1425557881540882,1785600.000000,1
1425557881541351,1785600.000000,2
1425557881541820,1785600.000000,3
1425557881542236,1785600.000000,4
1425557881542757,1785600.000000,5
1425557881941038,748800.000000,0
1425557881941507,748800.000000,1
1425557881941820,748800.000000,2
1425557881942236,748800.000000,3
1425557881942601,748800.000000,4
1425557881943070,748800.000000,5
1425557881962861,1785600.000000,0
1425557881963851,1785600.000000,1
1425557881964893,1785600.000000,2
1425557881965882,1785600.000000,3
1425557881966820,1785600.000000,4
1425557881967757,1785600.000000,5
1425557887284945,1152000.000000,0
1425557887285257,1152000.000000,1
1425557887285570,1152000.000000,2
1425557887285882,1152000.000000,3
1425557887286195,1152000.000000,4
1425557887286507,1152000.000000,5
1425557904847236,1555200.000000,0
1425557904848174,1555200.000000,1
1425557904848643,1555200.000000,2
1425557904849163,1555200.000000,3
1425557904849632,1555200.000000,4
1425557904850101,1555200.000000,5
1425557916867132,1785600.000000,0
1425557916867705,1785600.000000,1
1425557916868070,1785600.000000,2
1425557916868538,1785600.000000,3
1425557916869007,1785600.000000,4
1425557916869476,1785600.000000,5
1425557916906768,1555200.000000,0
1425557916907132,1555200.000000,1
1425557916907445,1555200.000000,2
1425557916907913,1555200.000000,3
1425557916908226,1555200.000000,4
1425557916908695,1555200.000000,5
1425557916938538,1785600.000000,0
1425557916938851,1785600.000000,1
1425557916939268,1785600.000000,2
1425557916939632,1785600.000000,3
1425557916939945,1785600.000000,4
1425557916940361,1785600.000000,5
1425557917044632,1555200.000000,0
1425557917044945,1555200.000000,1
1425557917045257,1555200.000000,2
1425557917045674,1555200.000000,3
1425557917045882,1555200.000000,4
1425557917046195,1555200.000000,5
1425557919174736,1785600.000000,0
1425557919175205,1785600.000000,1
1425557919175674,1785600.000000,2
1425557919176143,1785600.000000,3
1425557919176507,1785600.000000,4
1425557919176976,1785600.000000,5
1425557921276351,1996800.000000,0
1425557921276768,1996800.000000,1
1425557921277132,1996800.000000,2
1425557921277445,1996800.000000,3
1425557921277913,1996800.000000,4
1425557921278330,1996800.000000,5
1425557921319268,1785600.000000,0
1425557921319632,1785600.000000,1
1425557921320049,1785600.000000,2
1425557921320413,1785600.000000,3
1425557921320726,1785600.000000,4
1425557921321038,1785600.000000,5
1425557921660205,1996800.000000,0
1425557921660570,1996800.000000,1
1425557921661038,1996800.000000,2
1425557921661351,1996800.000000,3
1425557921661820,1996800.000000,4
1425557921662236,1996800.000000,5
1425557935225413,748800.000000,0
1425557935225882,748800.000000,1
1425557935226195,748800.000000,2
1425557935226663,748800.000000,3
1425557935227393,748800.000000,4
1425557935228226,748800.000000,5
1425557966900205,556800.000000,0
1425557966901507,556800.000000,1
1425557966902757,556800.000000,2
1425557966904111,556800.000000,3
1425557966905413,556800.000000,4
1425557966906663,556800.000000,5
1425557980994945,748800.000000,0
1425557980996038,748800.000000,1
1425557980997132,748800.000000,2
1425557980998226,748800.000000,3
1425557980999163,748800.000000,4
1425557981000205,748800.000000,5
1425557984875726,556800.000000,0
1425557984876820,556800.000000,1
1425557984877913,556800.000000,2
1425557984879267,556800.000000,3
1425557984880517,556800.000000,4
1425557984881663,556800.000000,5
1425557999929736,1363200.000000,0
1425557999930986,1363200.000000,1
1425557999932132,1363200.000000,2
1425557999933382,1363200.000000,3
1425557999934632,1363200.000000,4
1425557999935882,1363200.000000,5
1425558015110570,1785600.000000,0
1425558015111142,1785600.000000,1
1425558015111663,1785600.000000,2
1425558015112132,1785600.000000,3
1425558015112705,1785600.000000,4
1425558015113226,1785600.000000,5
1425558032538330,556800.000000,0
1425558032538695,556800.000000,1
1425558032539007,556800.000000,2
1425558032539320,556800.000000,3
1425558032539736,556800.000000,4
1425558032540570,556800.000000,5
1425558040438642,748800.000000,0
1425558040439736,748800.000000,1
1425558040440674,748800.000000,2
1425558040441663,748800.000000,3
1425558040442601,748800.000000,4
1425558040443642,748800.000000,5
1425558048660049,556800.000000,0
1425558048661507,556800.000000,1
1425558048662757,556800.000000,2
1425558048664007,556800.000000,3
1425558048665257,556800.000000,4
1425558048666507,556800.000000,5
1425558079899267,1363200.000000,0
1425558079900674,1363200.000000,1
1425558079901976,1363200.000000,2
1425558079903226,1363200.000000,3
1425558079904476,1363200.000000,4
1425558079905726,1363200.000000,5
1425558096841976,1555200.000000,0
1425558096842549,1555200.000000,1
1425558096842913,1555200.000000,2
1425558096843382,1555200.000000,3
1425558096843799,1555200.000000,4
1425558096844163,1555200.000000,5
1425558105735726,1785600.000000,0
1425558105736142,1785600.000000,1
1425558105736507,1785600.000000,2
1425558105736820,1785600.000000,3
1425558105737132,1785600.000000,4
1425558105737549,1785600.000000,5
1425558113138642,1555200.000000,0
1425558113139007,1555200.000000,1
1425558113139267,1555200.000000,2
1425558113139632,1555200.000000,3
1425558113139945,1555200.000000,4
1425558113140257,1555200.000000,5
1425558113321351,1785600.000000,0
1425558113321767,1785600.000000,1
1425558113322132,1785600.000000,2
1425558113322445,1785600.000000,3
1425558113322913,1785600.000000,4
1425558113323226,1785600.000000,5
1425558128931507,556800.000000,0
1425558128931820,556800.000000,1
1425558128932132,556800.000000,2
1425558128932445,556800.000000,3
1425558128932757,556800.000000,4
1425558128933070,556800.000000,5
1425558140949320,748800.000000,0
1425558140950674,748800.000000,1
1425558140951976,748800.000000,2
1425558140953226,748800.000000,3
1425558140954476,748800.000000,4
1425558140955674,748800.000000,5
1425558143464320,556800.000000,0
1425558143465101,556800.000000,1
1425558143466299,556800.000000,2
1425558143467236,556800.000000,3
1425558143468174,556800.000000,4
1425558143469163,556800.000000,5
1425558164304632,748800.000000,0
1425558164305882,748800.000000,1
1425558164306820,748800.000000,2
1425558164307861,748800.000000,3
1425558164308851,748800.000000,4
1425558164309788,748800.000000,5
1425558164761351,556800.000000,0
1425558164762132,556800.000000,1
1425558164763017,556800.000000,2
1425558164764007,556800.000000,3
1425558164765101,556800.000000,4
1425558164766038,556800.000000,5
1425558165667861,748800.000000,0
1425558165669267,748800.000000,1
1425558165670517,748800.000000,2
1425558165671663,748800.000000,3
1425558165672913,748800.000000,4
1425558165674163,748800.000000,5
1425558166041767,556800.000000,0
1425558166042913,556800.000000,1
1425558166044007,556800.000000,2
1425558166044945,556800.000000,3
1425558166045986,556800.000000,4
1425558166047080,556800.000000,5
1425558175061820,1363200.000000,0
1425558175062913,1363200.000000,1
1425558175064007,1363200.000000,2
1425558175064945,1363200.000000,3
1425558175065882,1363200.000000,4
1425558175066820,1363200.000000,5
1425558175706038,1555200.000000,0
1425558175706611,1555200.000000,1
1425558175707080,1555200.000000,2
1425558175707445,1555200.000000,3
1425558175707913,1555200.000000,4
1425558175708330,1555200.000000,5
1425558175806507,1363200.000000,0
1425558175806976,1363200.000000,1
1425558175807445,1363200.000000,2
1425558175807913,1363200.000000,3
1425558175808330,1363200.000000,4
1425558175808695,1363200.000000,5
1425558192874476,960000.000000,0
1425558192874944,960000.000000,1
1425558192875413,960000.000000,2
1425558192875830,960000.000000,3
1425558192876299,960000.000000,4
1425558192876819,960000.000000,5
1425558207725413,1363200.000000,0
1425558207726142,1363200.000000,1
1425558207726767,1363200.000000,2
1425558207727444,1363200.000000,3
1425558207727913,1363200.000000,4
1425558207728538,1363200.000000,5
1425558223942861,960000.000000,0
1425558223943382,960000.000000,1
1425558223943955,960000.000000,2
1425558223944476,960000.000000,3
1425558223945101,960000.000000,4
1425558223945830,960000.000000,5
1425558240459788,1363200.000000,0
1425558240460413,1363200.000000,1
1425558240461038,1363200.000000,2
1425558240461663,1363200.000000,3
1425558240462288,1363200.000000,4
1425558240462913,1363200.000000,5
1425558256968955,556800.000000,0
1425558256970257,556800.000000,1
1425558256971507,556800.000000,2
1425558256972757,556800.000000,3
1425558256974111,556800.000000,4
1425558256975361,556800.000000,5
1425558263288799,748800.000000,0
1425558263290101,748800.000000,1
1425558263291038,748800.000000,2
1425558263292132,748800.000000,3
1425558263293174,748800.000000,4
1425558263294163,748800.000000,5
1425558263514424,556800.000000,0
1425558263515257,556800.000000,1
1425558263516038,556800.000000,2
1425558263517236,556800.000000,3
1425558263518174,556800.000000,4
1425558263519267,556800.000000,5
1425558270854632,748800.000000,0
1425558270855882,748800.000000,1
1425558270856924,748800.000000,2
1425558270857861,748800.000000,3
1425558270858955,748800.000000,4
1425558270859944,748800.000000,5
1425558288957132,556800.000000,0
1425558288958226,556800.000000,1
1425558288959163,556800.000000,2
1425558288960257,556800.000000,3
1425558288961351,556800.000000,4
1425558288962288,556800.000000,5
1425558304910517,1363200.000000,0
1425558304911611,1363200.000000,1
1425558304912601,1363200.000000,2
1425558304913642,1363200.000000,3
1425558304914632,1363200.000000,4
1425558304915569,1363200.000000,5
1425558318798330,1555200.000000,0
1425558318798694,1555200.000000,1
1425558318799163,1555200.000000,2
1425558318799580,1555200.000000,3
1425558318799944,1555200.000000,4
1425558318800413,1555200.000000,5
1425558318824580,1785600.000000,0
1425558318824944,1785600.000000,1
1425558318825257,1785600.000000,2
1425558318825674,1785600.000000,3
1425558318826038,1785600.000000,4
1425558318826351,1785600.000000,5
1425558336903955,556800.000000,0
1425558336904424,556800.000000,1
1425558336904944,556800.000000,2
1425558336906038,556800.000000,3
1425558336907392,556800.000000,4
1425558336908694,556800.000000,5
1425558384899580,748800.000000,0
1425558384900726,748800.000000,1
1425558384901767,748800.000000,2
1425558384902757,748800.000000,3
1425558384903694,748800.000000,4
1425558384904632,748800.000000,5
1425558400869319,1363200.000000,0
1425558400870101,1363200.000000,1
1425558400870882,1363200.000000,2
1425558400871663,1363200.000000,3
1425558400872392,1363200.000000,4
1425558400873069,1363200.000000,5
1425558413018226,1555200.000000,0
1425558413018799,1555200.000000,1
1425558413019163,1555200.000000,2
1425558413019632,1555200.000000,3
1425558413020049,1555200.000000,4
1425558413020413,1555200.000000,5
1425558430840101,556800.000000,0
1425558430840569,556800.000000,1
1425558430841038,556800.000000,2
1425558430842080,556800.000000,3
1425558430843486,556800.000000,4
1425558430844788,556800.000000,5
1425558476306976,748800.000000,0
1425558476308538,748800.000000,1
1425558476309788,748800.000000,2
1425558476311038,748800.000000,3
1425558476312444,748800.000000,4
1425558476313694,748800.000000,5
1425558481295257,1555200.000000,0
1425558481296194,1555200.000000,1
1425558481297236,1555200.000000,2
1425558481299736,1555200.000000,3
1425558481300569,1555200.000000,4
1425558481301507,1555200.000000,5
1425558495626038,1785600.000000,0
1425558495626507,1785600.000000,1
1425558495626819,1785600.000000,2
1425558495627132,1785600.000000,3
1425558495627549,1785600.000000,4
1425558495627861,1785600.000000,5
1425558510760517,1363200.000000,0
1425558510761038,1363200.000000,1
1425558510761611,1363200.000000,2
1425558510762132,1363200.000000,3
1425558510762913,1363200.000000,4
1425558510763382,1363200.000000,5
1425558528860517,1152000.000000,0
1425558528860986,1152000.000000,1
1425558528861455,1152000.000000,2
1425558528861819,1152000.000000,3
1425558528862288,1152000.000000,4
1425558528862757,1152000.000000,5
1425558535282132,1555200.000000,0
1425558535282705,1555200.000000,1
1425558535283226,1555200.000000,2
1425558535283694,1555200.000000,3
1425558535284163,1555200.000000,4
1425558535284632,1555200.000000,5
1425558544945517,748800.000000,0
1425558544946351,748800.000000,1
1425558544947288,748800.000000,2
1425558544948174,748800.000000,3
1425558544949111,748800.000000,4
1425558544950101,748800.000000,5
1425558558802392,556800.000000,0
1425558558803851,556800.000000,1
1425558558805101,556800.000000,2
1425558558806351,556800.000000,3
1425558558807705,556800.000000,4
1425558558808955,556800.000000,5
1425558581765257,1555200.000000,0
1425558581766507,1555200.000000,1
1425558581767444,1555200.000000,2
1425558581768486,1555200.000000,3
1425558581769476,1555200.000000,4
1425558581770517,1555200.000000,5
1425558592929580,1363200.000000,0
1425558592931142,1363200.000000,1
1425558592931507,1363200.000000,2
1425558592931976,1363200.000000,3
1425558592932444,1363200.000000,4
1425558592932861,1363200.000000,5
1425558607288538,1785600.000000,0
1425558607288955,1785600.000000,1
1425558607289319,1785600.000000,2
1425558607289788,1785600.000000,3
1425558607290205,1785600.000000,4
1425558607290569,1785600.000000,5
1425558612073538,1555200.000000,0
1425558612074007,1555200.000000,1
1425558612074476,1555200.000000,2
1425558612074892,1555200.000000,3
1425558612075257,1555200.000000,4
1425558612075726,1555200.000000,5
1425558616638694,1785600.000000,0
1425558616639111,1785600.000000,1
1425558616639632,1785600.000000,2
1425558616640101,1785600.000000,3
1425558616640569,1785600.000000,4
1425558616641038,1785600.000000,5
1425558624185049,748800.000000,0
1425558624185517,748800.000000,1
1425558624185882,748800.000000,2
1425558624186351,748800.000000,3
1425558624186767,748800.000000,4
1425558624187288,748800.000000,5
1425558645027601,556800.000000,0
1425558645029111,556800.000000,1
1425558645030361,556800.000000,2
1425558645031663,556800.000000,3
1425558645032913,556800.000000,4
1425558645034163,556800.000000,5
1425558677413642,748800.000000,0
1425558677414944,748800.000000,1
1425558677416038,748800.000000,2
1425558677417080,748800.000000,3
1425558677418069,748800.000000,4
1425558677419007,748800.000000,5
1425558681466194,1785600.000000,0
1425558681467132,1785600.000000,1
1425558681467913,1785600.000000,2
1425558681468642,1785600.000000,3
1425558681471507,1785600.000000,4
1425558681472288,1785600.000000,5
1425558688862601,960000.000000,0
1425558688862913,960000.000000,1
1425558688863226,960000.000000,2
1425558688863538,960000.000000,3
1425558688863955,960000.000000,4
1425558688864476,960000.000000,5
1425558700877861,1363200.000000,0
1425558700878694,1363200.000000,1
1425558700879423,1363200.000000,2
1425558700880101,1363200.000000,3
1425558700880882,1363200.000000,4
1425558700881611,1363200.000000,5
1425558704643173,1555200.000000,0
1425558704643694,1555200.000000,1
1425558704644163,1555200.000000,2
1425558704644632,1555200.000000,3
1425558704645205,1555200.000000,4
1425558704645726,1555200.000000,5
1425558718813382,960000.000000,0
1425558718813798,960000.000000,1
1425558718814163,960000.000000,2
1425558718814476,960000.000000,3
1425558718815101,960000.000000,4
1425558718815673,960000.000000,5
1425558744999423,556800.000000,0
1425558745000882,556800.000000,1
1425558745002236,556800.000000,2
1425558745003538,556800.000000,3
1425558745004788,556800.000000,4
1425558745006038,556800.000000,5
1425558762286976,748800.000000,0
1425558762288486,748800.000000,1
1425558762289736,748800.000000,2
1425558762290986,748800.000000,3
1425558762292288,748800.000000,4
1425558762293538,748800.000000,5
1425558763510048,556800.000000,0
1425558763511194,556800.000000,1
1425558763512132,556800.000000,2
1425558763513226,556800.000000,3
1425558763514476,556800.000000,4
1425558763515413,556800.000000,5
1425558777686819,748800.000000,0
1425558777688017,748800.000000,1
1425558777689007,748800.000000,2
1425558777690101,748800.000000,3
1425558777691194,748800.000000,4
1425558777692132,748800.000000,5
1425558778031038,556800.000000,0
1425558778031819,556800.000000,1
1425558778035205,556800.000000,2
1425558778036194,556800.000000,3
1425558778037132,556800.000000,4
1425558778038069,556800.000000,5
1425558784950569,748800.000000,0
1425558784951923,748800.000000,1
1425558784952913,748800.000000,2
1425558784953851,748800.000000,3
1425558784954944,748800.000000,4
1425558784955882,748800.000000,5
1425558799489423,1363200.000000,0
1425558799490517,1363200.000000,1
1425558799491507,1363200.000000,2
1425558799492392,1363200.000000,3
1425558799493382,1363200.000000,4
1425558799494267,1363200.000000,5
1425558814852601,1555200.000000,0
1425558814853069,1555200.000000,1
1425558814853538,1555200.000000,2
1425558814853851,1555200.000000,3
1425558814854319,1555200.000000,4
1425558814854736,1555200.000000,5
1425558844837236,1785600.000000,0
1425558844837757,1785600.000000,1
1425558844838173,1785600.000000,2
1425558844838642,1785600.000000,3
1425558844839111,1785600.000000,4
1425558844839475,1785600.000000,5
1425558844859892,1555200.000000,0
1425558844860361,1555200.000000,1
1425558844860882,1555200.000000,2
1425558844861350,1555200.000000,3
1425558844861767,1555200.000000,4
1425558844862288,1555200.000000,5
1425558847030205,2227200.000000,0
1425558847030673,2227200.000000,1
1425558847031142,2227200.000000,2
1425558847031611,2227200.000000,3
1425558847032080,2227200.000000,4
1425558847032548,2227200.000000,5
1425558847087861,1555200.000000,0
1425558847088225,1555200.000000,1
1425558847088538,1555200.000000,2
1425558847088850,1555200.000000,3
1425558847089163,1555200.000000,4
1425558847089475,1555200.000000,5
1425558847213538,1785600.000000,0
1425558847213955,1785600.000000,1
1425558847214319,1785600.000000,2
1425558847214632,1785600.000000,3
1425558847215048,1785600.000000,4
1425558847215413,1785600.000000,5
1425558847318642,1555200.000000,0
1425558847319007,1555200.000000,1
1425558847319423,1555200.000000,2
1425558847319632,1555200.000000,3
1425558847319944,1555200.000000,4
1425558847320257,1555200.000000,5
1425558847335100,1996800.000000,0
1425558847335413,1996800.000000,1
1425558847335882,1996800.000000,2
1425558847336194,1996800.000000,3
1425558847336611,1996800.000000,4
1425558847336975,1996800.000000,5
1425558861472288,1785600.000000,0
1425558861472600,1785600.000000,1
1425558861472913,1785600.000000,2
1425558861473173,1785600.000000,3
1425558861473486,1785600.000000,4
1425558861473798,1785600.000000,5
1425558861768798,1996800.000000,0
1425558861769267,1996800.000000,1
1425558861769632,1996800.000000,2
1425558861770048,1996800.000000,3
1425558861770413,1996800.000000,4
1425558861770882,1996800.000000,5
1425558862882913,556800.000000,0
1425558862883225,556800.000000,1
1425558862883642,556800.000000,2
1425558862883850,556800.000000,3
1425558862884163,556800.000000,4
1425558862884475,556800.000000,5
1425558881501507,1555200.000000,0
1425558881502600,1555200.000000,1
1425558881503694,1555200.000000,2
1425558881504788,1555200.000000,3
1425558881505725,1555200.000000,4
1425558881506663,1555200.000000,5
1425558896871975,1785600.000000,0
1425558896872757,1785600.000000,1
1425558896873173,1785600.000000,2
1425558896873538,1785600.000000,3
1425558896873850,1785600.000000,4
1425558896874267,1785600.000000,5
1425558910745205,1152000.000000,0
1425558910745569,1152000.000000,1
1425558910745882,1152000.000000,2
1425558910746194,1152000.000000,3
1425558910746507,1152000.000000,4
1425558910746819,1152000.000000,5
1425558928893382,748800.000000,0
1425558928894111,748800.000000,1
1425558928894788,748800.000000,2
1425558928895725,748800.000000,3
1425558928896663,748800.000000,4
1425558928897600,748800.000000,5
1425558945026507,556800.000000,0
1425558945028017,556800.000000,1
1425558945029267,556800.000000,2
1425558945030569,556800.000000,3
1425558945031975,556800.000000,4
1425558945033225,556800.000000,5
1425558981150569,1152000.000000,0
1425558981151663,1152000.000000,1
1425558981152600,1152000.000000,2
1425558981153694,1152000.000000,3
1425558981154736,1152000.000000,4
1425558981155725,1152000.000000,5
1425558990741611,1363200.000000,0
1425558990742288,1363200.000000,1
1425558990742913,1363200.000000,2
1425558990743538,1363200.000000,3
1425558990744163,1363200.000000,4
1425558990744788,1363200.000000,5
1425559006194475,1555200.000000,0
1425559006194944,1555200.000000,1
1425559006195361,1555200.000000,2
1425559006195725,1555200.000000,3
1425559006196194,1555200.000000,4
1425559006196611,1555200.000000,5
1425559007442444,1785600.000000,0
1425559007442757,1785600.000000,1
1425559007443173,1785600.000000,2
1425559007443538,1785600.000000,3
1425559007443850,1785600.000000,4
1425559007444267,1785600.000000,5
1425559021394632,2227200.000000,0
1425559021395048,2227200.000000,1
1425559021395413,2227200.000000,2
1425559021395725,2227200.000000,3
1425559021396038,2227200.000000,4
1425559021396350,2227200.000000,5
1425559021471350,1785600.000000,0
1425559021471663,1785600.000000,1
1425559021471923,1785600.000000,2
1425559021472236,1785600.000000,3
1425559021472444,1785600.000000,4
1425559021472705,1785600.000000,5
1425559023173538,2227200.000000,0
1425559023173850,2227200.000000,1
1425559023174267,2227200.000000,2
1425559023174580,2227200.000000,3
1425559023174892,2227200.000000,4
1425559023175100,2227200.000000,5
1425559024836819,2400000.000000,0
1425559024837132,2400000.000000,1
1425559024837392,2400000.000000,2
1425559024837600,2400000.000000,3
1425559024837861,2400000.000000,4
1425559024838069,2400000.000000,5
1425559025799944,1996800.000000,0
1425559025800257,1996800.000000,1
1425559025800517,1996800.000000,2
1425559025800725,1996800.000000,3
1425559025800986,1996800.000000,4
1425559025801194,1996800.000000,5
1425559026105725,1555200.000000,0
1425559026105986,1555200.000000,1
1425559026106298,1555200.000000,2
1425559026106507,1555200.000000,3
1425559026106819,1555200.000000,4
1425559026107080,1555200.000000,5
1425559028886194,2227200.000000,0
1425559028886663,2227200.000000,1
1425559028886975,2227200.000000,2
1425559028887392,2227200.000000,3
1425559028887757,2227200.000000,4
1425559028888069,2227200.000000,5
1425559030434788,1996800.000000,0
1425559030435100,1996800.000000,1
1425559030435413,1996800.000000,2
1425559030435725,1996800.000000,3
1425559030436038,1996800.000000,4
1425559030436350,1996800.000000,5
1425559030724632,2227200.000000,0
1425559030724944,2227200.000000,1
1425559030725257,2227200.000000,2
1425559030725569,2227200.000000,3
1425559030725882,2227200.000000,4
1425559030726194,2227200.000000,5
1425559031038382,1996800.000000,0
1425559031038642,1996800.000000,1
1425559031038850,1996800.000000,2
1425559031039163,1996800.000000,3
1425559031039423,1996800.000000,4
1425559031039632,1996800.000000,5
1425559031083382,2227200.000000,0
1425559031083694,2227200.000000,1
1425559031084007,2227200.000000,2
1425559031084319,2227200.000000,3
1425559031084632,2227200.000000,4
1425559031084944,2227200.000000,5
1425559032909788,1996800.000000,0
1425559032910100,1996800.000000,1
1425559032910413,1996800.000000,2
1425559032910673,1996800.000000,3
1425559032910882,1996800.000000,4
1425559032911194,1996800.000000,5
1425559033451663,2227200.000000,0
1425559033451975,2227200.000000,1
1425559033452288,2227200.000000,2
1425559033452600,2227200.000000,3
1425559033452913,2227200.000000,4
1425559033453225,2227200.000000,5
1425559034326038,1996800.000000,0
1425559034326350,1996800.000000,1
1425559034326663,1996800.000000,2
1425559034326923,1996800.000000,3
1425559034327132,1996800.000000,4
1425559034327444,1996800.000000,5
1425559034468382,2227200.000000,0
1425559034468694,2227200.000000,1
1425559034468955,2227200.000000,2
1425559034469163,2227200.000000,3
1425559034469475,2227200.000000,4
1425559034469788,2227200.000000,5
1425559040851142,1555200.000000,0
1425559040851923,1555200.000000,1
1425559040852132,1555200.000000,2
1425559040852444,1555200.000000,3
1425559040852600,1555200.000000,4
1425559040853017,1555200.000000,5
1425559040913382,2745600.000000,0
1425559040913850,2745600.000000,1
1425559040914319,2745600.000000,2
1425559040914788,2745600.000000,3
1425559040915257,2745600.000000,4
1425559040915725,2745600.000000,5
1425559040948694,1555200.000000,0
1425559040949111,1555200.000000,1
1425559040949475,1555200.000000,2
1425559040949788,1555200.000000,3
1425559040950205,1555200.000000,4
1425559040951611,1555200.000000,5
1425559048845725,2745600.000000,0
1425559048846142,2745600.000000,1
1425559048846611,2745600.000000,2
1425559048846975,2745600.000000,3
1425559048847444,2745600.000000,4
1425559048847913,2745600.000000,5
1425559056837080,748800.000000,0
1425559056837392,748800.000000,1
1425559056837600,748800.000000,2
1425559056837913,748800.000000,3
1425559056838173,748800.000000,4
1425559056838486,748800.000000,5
1425559071037757,556800.000000,0
1425559071038850,556800.000000,1
1425559071039944,556800.000000,2
1425559071041038,556800.000000,3
1425559071041975,556800.000000,4
1425559071043069,556800.000000,5
1425559074987705,748800.000000,0
1425559074988850,748800.000000,1
1425559074989892,748800.000000,2
1425559074990986,748800.000000,3
1425559074991975,748800.000000,4
1425559074992913,748800.000000,5
1425559076506038,556800.000000,0
1425559076507444,556800.000000,1
1425559076508850,556800.000000,2
1425559076510205,556800.000000,3
1425559076511507,556800.000000,4
1425559076513017,556800.000000,5
1425559081506194,1785600.000000,0
1425559081507392,1785600.000000,1
1425559081508382,1785600.000000,2
1425559081509423,1785600.000000,3
1425559081510413,1785600.000000,4
1425559081511455,1785600.000000,5
1425559087367132,1152000.000000,0
1425559087367444,1152000.000000,1
1425559087367757,1152000.000000,2
1425559087368173,1152000.000000,3
1425559087368382,1152000.000000,4
1425559087368694,1152000.000000,5
1425559103289892,1555200.000000,0
1425559103290517,1555200.000000,1
1425559103291142,1555200.000000,2
1425559103291663,1555200.000000,3
1425559103292392,1555200.000000,4
1425559103293017,1555200.000000,5
1425559120941663,748800.000000,0
1425559120942757,748800.000000,1
1425559120943694,748800.000000,2
1425559120944736,748800.000000,3
1425559120945673,748800.000000,4
1425559120946611,748800.000000,5
1425559134849423,556800.000000,0
1425559134850882,556800.000000,1
1425559134851923,556800.000000,2
1425559134852913,556800.000000,3
1425559134853955,556800.000000,4
1425559134854944,556800.000000,5
1425559166884319,1363200.000000,0
1425559166885830,1363200.000000,1
1425559166887132,1363200.000000,2
1425559166888330,1363200.000000,3
1425559166889632,1363200.000000,4
1425559166890986,1363200.000000,5
1425559183101455,1152000.000000,0
1425559183101975,1152000.000000,1
1425559183102600,1152000.000000,2
1425559183103173,1152000.000000,3
1425559183103798,1152000.000000,4
1425559183104475,1152000.000000,5
1425559200852548,1555200.000000,0
1425559200853225,1555200.000000,1
1425559200853694,1555200.000000,2
1425559200854163,1555200.000000,3
1425559200854736,1555200.000000,4
1425559200855257,1555200.000000,5
1425559215376819,1152000.000000,0
1425559215377288,1152000.000000,1
1425559215377705,1152000.000000,2
1425559215378017,1152000.000000,3
1425559215378382,1152000.000000,4
1425559215378694,1152000.000000,5
1425559232871975,556800.000000,0
1425559232872548,556800.000000,1
1425559232873486,556800.000000,2
1425559232874475,556800.000000,3
1425559232875517,556800.000000,4
1425559232876507,556800.000000,5
1425559248894163,748800.000000,0
1425559248895569,748800.000000,1
1425559248896819,748800.000000,2
1425559248898069,748800.000000,3
1425559248899319,748800.000000,4
1425559248900569,748800.000000,5
1425559267328850,556800.000000,0
1425559267330257,556800.000000,1
1425559267331507,556800.000000,2
1425559267332705,556800.000000,3
1425559267334007,556800.000000,4
1425559267335257,556800.000000,5
1425559281813382,1152000.000000,0
1425559281814632,1152000.000000,1
1425559281815673,1152000.000000,2
1425559281816663,1152000.000000,3
1425559281817704,1152000.000000,4
1425559281818694,1152000.000000,5
1425559296851611,1363200.000000,0
1425559296852132,1363200.000000,1
1425559296852600,1363200.000000,2
1425559296853069,1363200.000000,3
1425559296853538,1363200.000000,4
1425559296854007,1363200.000000,5
1425559312917600,1555200.000000,0
1425559312918069,1555200.000000,1
1425559312918538,1555200.000000,2
1425559312918954,1555200.000000,3
1425559312919319,1555200.000000,4
1425559312919788,1555200.000000,5
1425559327206194,556800.000000,0
1425559327206663,556800.000000,1
1425559327206975,556800.000000,2
1425559327207704,556800.000000,3
1425559327208694,556800.000000,4
1425559327209632,556800.000000,5
1425559381834632,1555200.000000,0
1425559381835882,1555200.000000,1
1425559381836923,1555200.000000,2
1425559381837913,1555200.000000,3
1425559381838850,1555200.000000,4
1425559381839788,1555200.000000,5
1425559391565986,1363200.000000,0
1425559391566507,1363200.000000,1
1425559391566975,1363200.000000,2
1425559391567548,1363200.000000,3
1425559391568069,1363200.000000,4
1425559391568538,1363200.000000,5
1425559408857704,1555200.000000,0
1425559408858225,1555200.000000,1
1425559408858798,1555200.000000,2
1425559408859319,1555200.000000,3
1425559408859788,1555200.000000,4
1425559408860257,1555200.000000,5
1425559424969475,556800.000000,0
1425559424970257,556800.000000,1
1425559424971507,556800.000000,2
1425559424972757,556800.000000,3
1425559424974163,556800.000000,4
1425559424975569,556800.000000,5
1425559428740413,1152000.000000,0
1425559428741663,1152000.000000,1
1425559428742704,1152000.000000,2
1425559428743694,1152000.000000,3
1425559428744632,1152000.000000,4
1425559428745673,1152000.000000,5
1425559436998069,556800.000000,0
1425559436998538,556800.000000,1
1425559436999111,556800.000000,2
1425559436999788,556800.000000,3
1425559437000725,556800.000000,4
1425559437001663,556800.000000,5
1425559439440257,748800.000000,0
1425559439442913,748800.000000,1
1425559439444111,748800.000000,2
1425559439445413,748800.000000,3
1425559439446663,748800.000000,4
1425559439448017,748800.000000,5
1425559456872079,1363200.000000,0
1425559456872913,1363200.000000,1
1425559456873694,1363200.000000,2
1425559456874475,1363200.000000,3
1425559456875100,1363200.000000,4
1425559456875882,1363200.000000,5
1425559470774632,960000.000000,0
1425559470775257,960000.000000,1
1425559470775725,960000.000000,2
1425559470776298,960000.000000,3
1425559470776975,960000.000000,4
1425559470777757,960000.000000,5
1425559481958850,1555200.000000,0
1425559481959475,1555200.000000,1
1425559481960100,1555200.000000,2
1425559481960569,1555200.000000,3
1425559481961298,1555200.000000,4
1425559481961819,1555200.000000,5
1425559488859475,748800.000000,0
1425559488860569,748800.000000,1
1425559488860882,748800.000000,2
1425559488861350,748800.000000,3
1425559488861975,748800.000000,4
1425559488862704,748800.000000,5
1425559504874163,1363200.000000,0
1425559504875048,1363200.000000,1
1425559504875881,1363200.000000,2
1425559504876611,1363200.000000,3
1425559504877444,1363200.000000,4
1425559504878173,1363200.000000,5
1425559520949006,960000.000000,0
1425559520949944,960000.000000,1
1425559520950725,960000.000000,2
1425559520951454,960000.000000,3
1425559520952288,960000.000000,4
1425559520953017,960000.000000,5
1425559534793798,556800.000000,0
1425559534795100,556800.000000,1
1425559534796038,556800.000000,2
1425559534797079,556800.000000,3
1425559534798017,556800.000000,4
1425559534799006,556800.000000,5
1425559537274006,960000.000000,0
1425559537275256,960000.000000,1
1425559537276298,960000.000000,2
1425559537277288,960000.000000,3
1425559537278381,960000.000000,4
1425559537279423,960000.000000,5
1425559537770256,1152000.000000,0
1425559537770986,1152000.000000,1
1425559537771506,1152000.000000,2
1425559537772131,1152000.000000,3
1425559537772756,1152000.000000,4
1425559537773329,1152000.000000,5
1425559552873381,556800.000000,0
1425559552874111,556800.000000,1
1425559552874788,556800.000000,2
1425559552876142,556800.000000,3
1425559552877392,556800.000000,4
1425559552878642,556800.000000,5
1425559581936038,1152000.000000,0
1425559581937236,1152000.000000,1
1425559581938225,1152000.000000,2
1425559581939267,1152000.000000,3
1425559581940256,1152000.000000,4
1425559581941298,1152000.000000,5
1425559582894579,748800.000000,0
1425559582895100,748800.000000,1
1425559582895673,748800.000000,2
1425559582896142,748800.000000,3
1425559582896663,748800.000000,4
1425559582897444,748800.000000,5
1425559600967548,1363200.000000,0
1425559600968486,1363200.000000,1
1425559600969267,1363200.000000,2
1425559600970048,1363200.000000,3
1425559600970829,1363200.000000,4
1425559600971506,1363200.000000,5
1425559616869163,1555200.000000,0
1425559616869631,1555200.000000,1
1425559616870100,1555200.000000,2
1425559616870569,1555200.000000,3
1425559616870986,1555200.000000,4
1425559616871350,1555200.000000,5
1425559621348694,1785600.000000,0
1425559621349111,1785600.000000,1
1425559621349423,1785600.000000,2
1425559621349788,1785600.000000,3
1425559621350204,1785600.000000,4
1425559621350569,1785600.000000,5
1425559621651194,1555200.000000,0
1425559621651611,1555200.000000,1
1425559621651975,1555200.000000,2
1425559621652288,1555200.000000,3
1425559621652600,1555200.000000,4
1425559621653017,1555200.000000,5
1425559627090673,1785600.000000,0
1425559627091194,1785600.000000,1
1425559627091663,1785600.000000,2
1425559627092131,1785600.000000,3
1425559627093850,1785600.000000,4
1425559627094319,1785600.000000,5
1425559631001506,1152000.000000,0
1425559631001923,1152000.000000,1
1425559631002236,1152000.000000,2
1425559631002548,1152000.000000,3
1425559631002913,1152000.000000,4
1425559631003173,1152000.000000,5
1425559648981506,556800.000000,0
1425559648982756,556800.000000,1
1425559648984006,556800.000000,2
1425559648985204,556800.000000,3
1425559648986506,556800.000000,4
1425559648987861,556800.000000,5
1425559681351038,1555200.000000,0
1425559681352131,1555200.000000,1
1425559681353069,1555200.000000,2
1425559681354163,1555200.000000,3
1425559681355256,1555200.000000,4
1425559681356194,1555200.000000,5
1425559696843225,1785600.000000,0
1425559696843694,1785600.000000,1
1425559696844006,1785600.000000,2
1425559696844319,1785600.000000,3
1425559696844736,1785600.000000,4
1425559696845100,1785600.000000,5
1425559712933642,960000.000000,0
1425559712934006,960000.000000,1
1425559712934319,960000.000000,2
1425559712934736,960000.000000,3
1425559712935256,960000.000000,4
1425559712935881,960000.000000,5
1425559727420569,556800.000000,0
1425559727422079,556800.000000,1
1425559727423225,556800.000000,2
1425559727424475,556800.000000,3
1425559727425829,556800.000000,4
1425559727427079,556800.000000,5
1425559743636819,748800.000000,0
1425559743638069,748800.000000,1
1425559743639423,748800.000000,2
1425559743640673,748800.000000,3
1425559743641923,748800.000000,4
1425559743643329,748800.000000,5
1425559761025256,556800.000000,0
1425559761026819,556800.000000,1
1425559761028069,556800.000000,2
1425559761029319,556800.000000,3
1425559761030673,556800.000000,4
1425559761031819,556800.000000,5
1425559781626506,960000.000000,0
1425559781627756,960000.000000,1
1425559781628694,960000.000000,2
1425559781629788,960000.000000,3
1425559781630725,960000.000000,4
1425559781631663,960000.000000,5
1425559790802913,748800.000000,0
1425559790803694,748800.000000,1
1425559790804319,748800.000000,2
1425559790805048,748800.000000,3
1425559790805725,748800.000000,4
1425559790806611,748800.000000,5
1425559807394319,1363200.000000,0
1425559807395413,1363200.000000,1
1425559807396350,1363200.000000,2
1425559807397392,1363200.000000,3
1425559807398329,1363200.000000,4
1425559807399267,1363200.000000,5
1425559824993173,960000.000000,0
1425559824993798,960000.000000,1
1425559824994475,960000.000000,2
1425559824995204,960000.000000,3
1425559824995881,960000.000000,4
1425559824996611,960000.000000,5
1425559838836923,748800.000000,0
1425559838837756,748800.000000,1
1425559838838694,748800.000000,2
1425559838839631,748800.000000,3
1425559838840569,748800.000000,4
1425559838841506,748800.000000,5
1425559862323486,556800.000000,0
1425559862324631,556800.000000,1
1425559862325673,556800.000000,2
1425559862326663,556800.000000,3
1425559862327704,556800.000000,4
1425559862328642,556800.000000,5
1425559881264111,960000.000000,0
1425559881265256,960000.000000,1
1425559881266350,960000.000000,2
1425559881267288,960000.000000,3
1425559881268329,960000.000000,4
1425559881269319,960000.000000,5
1425559886821298,748800.000000,0
1425559886821975,748800.000000,1
1425559886822548,748800.000000,2
1425559886823225,748800.000000,3
1425559886824006,748800.000000,4
1425559886824788,748800.000000,5
1425559904940100,1363200.000000,0
1425559904941298,1363200.000000,1
1425559904942079,1363200.000000,2
1425559904942756,1363200.000000,3
1425559904943538,1363200.000000,4
1425559904944319,1363200.000000,5
1425559920865048,2745600.000000,0
1425559920865673,2745600.000000,1
1425559920866142,2745600.000000,2
1425559920866663,2745600.000000,3
1425559920867288,2745600.000000,4
1425559920867756,2745600.000000,5
1425559939416663,1555200.000000,0
1425559939416819,1555200.000000,1
1425559939416975,1555200.000000,2
1425559939417235,1555200.000000,3
1425559939418069,1555200.000000,4
1425559939418381,1555200.000000,5
1425559952902600,1152000.000000,0
1425559952903069,1152000.000000,1
1425559952903538,1152000.000000,2
1425559952904110,1152000.000000,3
1425559952904735,1152000.000000,4
1425559952905360,1152000.000000,5
1425559971339006,556800.000000,0
1425559971339579,556800.000000,1
1425559971340204,556800.000000,2
1425559971341194,556800.000000,3
1425559971342235,556800.000000,4
1425559971343225,556800.000000,5
1425559980304110,748800.000000,0
1425559980305517,748800.000000,1
1425559980306767,748800.000000,2
1425559980308017,748800.000000,3
1425559980309319,748800.000000,4
1425559980310569,748800.000000,5
1425559981351767,1152000.000000,0
1425559981352600,1152000.000000,1
1425559981353329,1152000.000000,2
1425559981354163,1152000.000000,3
1425559981354944,1152000.000000,4
1425559981355673,1152000.000000,5
1425559982927079,556800.000000,0
1425559982927600,556800.000000,1
1425559982928069,556800.000000,2
1425559982928850,556800.000000,3
1425559982929788,556800.000000,4
1425559982930829,556800.000000,5
1425559998816194,1363200.000000,0
1425559998817288,1363200.000000,1
1425559998818381,1363200.000000,2
1425559998819319,1363200.000000,3
1425559998820256,1363200.000000,4
1425559998821350,1363200.000000,5
1425560014902235,1785600.000000,0
1425560014902756,1785600.000000,1
1425560014903225,1785600.000000,2
1425560014903798,1785600.000000,3
1425560014904319,1785600.000000,4
1425560014904788,1785600.000000,5
1425560030793694,556800.000000,0
1425560030794110,556800.000000,1
1425560030794423,556800.000000,2
1425560030794788,556800.000000,3
1425560030795100,556800.000000,4
1425560030795413,556800.000000,5
1425560047227131,748800.000000,0
1425560047228329,748800.000000,1
1425560047229319,748800.000000,2
1425560047230413,748800.000000,3
1425560047231350,748800.000000,4
1425560047232444,748800.000000,5
1425560078718954,556800.000000,0
1425560078720100,556800.000000,1
1425560078721038,556800.000000,2
1425560078722131,556800.000000,3
1425560078723069,556800.000000,4
1425560078724163,556800.000000,5
1425560081893069,748800.000000,0
1425560081894267,748800.000000,1
1425560081895256,748800.000000,2
1425560081896298,748800.000000,3
1425560081897288,748800.000000,4
1425560081898381,748800.000000,5
1425560094819319,960000.000000,0
1425560094820413,960000.000000,1
1425560094821454,960000.000000,2
1425560094822392,960000.000000,3
1425560094823381,960000.000000,4
1425560094824267,960000.000000,5
1425560110768485,1363200.000000,0
1425560110769267,1363200.000000,1
1425560110769944,1363200.000000,2
1425560110770725,1363200.000000,3
1425560110771454,1363200.000000,4
1425560110772131,1363200.000000,5
1425560128892860,748800.000000,0
1425560128893485,748800.000000,1
1425560128894267,748800.000000,2
1425560128895204,748800.000000,3
1425560128896142,748800.000000,4
1425560128897131,748800.000000,5
1425560159981610,556800.000000,0
1425560159983069,556800.000000,1
1425560159984319,556800.000000,2
1425560159985673,556800.000000,3
1425560159986819,556800.000000,4
1425560159988225,556800.000000,5
1425560175424735,1152000.000000,0
1425560175426194,1152000.000000,1
1425560175427444,1152000.000000,2
1425560175428798,1152000.000000,3
1425560175430100,1152000.000000,4
1425560175431506,1152000.000000,5
1425560181227444,556800.000000,0
1425560181228069,556800.000000,1
1425560181228798,556800.000000,2
1425560181229475,556800.000000,3
1425560181230725,556800.000000,4
1425560181231975,556800.000000,5
1425560208904006,1363200.000000,0
1425560208906506,1363200.000000,1
1425560208907548,1363200.000000,2
1425560208908537,1363200.000000,3
1425560208909631,1363200.000000,4
1425560208910673,1363200.000000,5
1425560222707912,1555200.000000,0
1425560222708381,1555200.000000,1
1425560222708694,1555200.000000,2
1425560222709162,1555200.000000,3
1425560222709579,1555200.000000,4
1425560222709944,1555200.000000,5
1425560222767548,1785600.000000,0
1425560222767912,1785600.000000,1
1425560222768225,1785600.000000,2
1425560222768642,1785600.000000,3
1425560222768954,1785600.000000,4
1425560222769319,1785600.000000,5
1425560232536037,1555200.000000,0
1425560232536506,1555200.000000,1
1425560232536819,1555200.000000,2
1425560232537131,1555200.000000,3
1425560232537444,1555200.000000,4
1425560232537756,1555200.000000,5
1425560232746194,1785600.000000,0
1425560232746506,1785600.000000,1
1425560232746923,1785600.000000,2
1425560232747287,1785600.000000,3
1425560232747704,1785600.000000,4
1425560232748017,1785600.000000,5
1425560233444944,1555200.000000,0
1425560233445256,1555200.000000,1
1425560233445569,1555200.000000,2
1425560233445881,1555200.000000,3
1425560233446194,1555200.000000,4
1425560233446610,1555200.000000,5
1425560233499319,1785600.000000,0
1425560233499735,1785600.000000,1
1425560233500100,1785600.000000,2
1425560233500412,1785600.000000,3
1425560233500725,1785600.000000,4
1425560233501142,1785600.000000,5
1425560233703537,1555200.000000,0
1425560233704006,1555200.000000,1
1425560233704423,1555200.000000,2
1425560233704787,1555200.000000,3
1425560233705256,1555200.000000,4
1425560233705673,1555200.000000,5
1425560236956142,1785600.000000,0
1425560236956506,1785600.000000,1
1425560236956923,1785600.000000,2
1425560236957287,1785600.000000,3
1425560236957600,1785600.000000,4
1425560236958017,1785600.000000,5
1425560238824162,748800.000000,0
1425560238824475,748800.000000,1
1425560238824787,748800.000000,2
1425560238825100,748800.000000,3
1425560238825412,748800.000000,4
1425560238825725,748800.000000,5
1425560257590673,556800.000000,0
1425560257592131,556800.000000,1
1425560257593381,556800.000000,2
1425560257594631,556800.000000,3
1425560257595881,556800.000000,4
1425560257600569,556800.000000,5
1425560302846819,1363200.000000,0
1425560302848069,1363200.000000,1
1425560302849162,1363200.000000,2
1425560302850100,1363200.000000,3
1425560302851037,1363200.000000,4
1425560302852079,1363200.000000,5
1425560319127131,1785600.000000,0
1425560319127600,1785600.000000,1
1425560319128069,1785600.000000,2
1425560319128485,1785600.000000,3
1425560319128850,1785600.000000,4
1425560319129319,1785600.000000,5
1425560332803485,1555200.000000,0
1425560332803954,1555200.000000,1
1425560332804423,1555200.000000,2
1425560332804787,1555200.000000,3
1425560332805256,1555200.000000,4
1425560332805673,1555200.000000,5
1425560333047600,1785600.000000,0
1425560333049162,1785600.000000,1
1425560333049475,1785600.000000,2
1425560333049892,1785600.000000,3
1425560333050360,1785600.000000,4
1425560333050725,1785600.000000,5
1425560333843017,1555200.000000,0
1425560333843381,1555200.000000,1
1425560333843850,1555200.000000,2
1425560333844162,1555200.000000,3
1425560333844631,1555200.000000,4
1425560333844944,1555200.000000,5
1425560333910725,1785600.000000,0
1425560333911142,1785600.000000,1
1425560333911506,1785600.000000,2
1425560333911819,1785600.000000,3
1425560333912235,1785600.000000,4
1425560333912600,1785600.000000,5
1425560334784579,556800.000000,0
1425560334784892,556800.000000,1
1425560334785256,556800.000000,2
1425560334785569,556800.000000,3
1425560334785985,556800.000000,4
1425560334786819,556800.000000,5
1425560381295360,1785600.000000,0
1425560381296506,1785600.000000,1
1425560381297444,1785600.000000,2
1425560381298537,1785600.000000,3
1425560381299579,1785600.000000,4
1425560381300569,1785600.000000,5
1425560382731037,556800.000000,0
1425560382731350,556800.000000,1
1425560382731662,556800.000000,2
1425560382732079,556800.000000,3
1425560382732392,556800.000000,4
1425560382732704,556800.000000,5
1425560400879735,1363200.000000,0
1425560400881037,1363200.000000,1
1425560400882287,1363200.000000,2
1425560400883537,1363200.000000,3
1425560400884787,1363200.000000,4
1425560400886142,1363200.000000,5
1425560412984944,1555200.000000,0
1425560412985412,1555200.000000,1
1425560412985829,1555200.000000,2
1425560412986194,1555200.000000,3
1425560412986610,1555200.000000,4
1425560412987079,1555200.000000,5
1425560430767444,556800.000000,0
1425560430768069,556800.000000,1
1425560430768537,556800.000000,2
1425560430769006,556800.000000,3
1425560430769892,556800.000000,4
1425560430771142,556800.000000,5
1425560447027131,748800.000000,0
1425560447028381,748800.000000,1
1425560447029319,748800.000000,2
1425560447030412,748800.000000,3
1425560447031350,748800.000000,4
1425560447032392,748800.000000,5
1425560463132235,556800.000000,0
1425560463133485,556800.000000,1
1425560463134579,556800.000000,2
1425560463135569,556800.000000,3
1425560463136506,556800.000000,4
1425560463137548,556800.000000,5
1425560481437756,1555200.000000,0
1425560481439006,1555200.000000,1
1425560481440048,1555200.000000,2
1425560481441142,1555200.000000,3
1425560481442235,1555200.000000,4
1425560481443225,1555200.000000,5
1425560496867287,1785600.000000,0
1425560496867704,1785600.000000,1
1425560496868069,1785600.000000,2
1425560496868381,1785600.000000,3
1425560496868798,1785600.000000,4
1425560496869162,1785600.000000,5
1425560512912548,1152000.000000,0
1425560512912912,1152000.000000,1
1425560512913225,1152000.000000,2
1425560512913537,1152000.000000,3
1425560512913850,1152000.000000,4
1425560512914162,1152000.000000,5
1425560530911662,556800.000000,0
1425560530913069,556800.000000,1
1425560530914423,556800.000000,2
1425560530915725,556800.000000,3
1425560530917131,556800.000000,4
1425560530918329,556800.000000,5
1425560581750204,960000.000000,0
1425560581751350,960000.000000,1
1425560581752444,960000.000000,2
1425560581753381,960000.000000,3
1425560581754319,960000.000000,4
1425560581755256,960000.000000,5
1425560608224423,1555200.000000,0
1425560608225256,1555200.000000,1
1425560608225985,1555200.000000,2
1425560608226662,1555200.000000,3
1425560608227391,1555200.000000,4
1425560608228069,1555200.000000,5
1425560624265256,748800.000000,0
1425560624265881,748800.000000,1
1425560624266610,748800.000000,2
1425560624267600,748800.000000,3
1425560624268537,748800.000000,4
1425560624269475,748800.000000,5
1425560645160100,556800.000000,0
1425560645161610,556800.000000,1
1425560645162912,556800.000000,2
1425560645164162,556800.000000,3
1425560645165412,556800.000000,4
1425560645166662,556800.000000,5
1425560681298069,748800.000000,0
1425560681299319,748800.000000,1
1425560681300360,748800.000000,2
1425560681301350,748800.000000,3
1425560681302444,748800.000000,4
1425560681303381,748800.000000,5
1425560704874631,1363200.000000,0
1425560704875516,1363200.000000,1
1425560704876298,1363200.000000,2
1425560704876975,1363200.000000,3
1425560704877756,1363200.000000,4
1425560704878537,1363200.000000,5
1425560720877444,1152000.000000,0
1425560720878069,1152000.000000,1
1425560720878694,1152000.000000,2
1425560720879319,1152000.000000,3
1425560720879891,1152000.000000,4
1425560720880412,1152000.000000,5
1425560735472600,556800.000000,0
1425560735473694,556800.000000,1
1425560735474944,556800.000000,2
1425560735476298,556800.000000,3
1425560735477600,556800.000000,4
1425560735478850,556800.000000,5
1425560781226037,1152000.000000,0
1425560781227235,1152000.000000,1
1425560781228225,1152000.000000,2
1425560781229162,1152000.000000,3
1425560781230256,1152000.000000,4
1425560781231350,1152000.000000,5
1425560782926766,748800.000000,0
1425560782927287,748800.000000,1
1425560782929162,748800.000000,2
1425560782929944,748800.000000,3
1425560782930725,748800.000000,4
1425560782931506,748800.000000,5
1425560783268069,556800.000000,0
1425560783268850,556800.000000,1
1425560783269631,556800.000000,2
1425560783270725,556800.000000,3
1425560783271819,556800.000000,4
1425560783272860,556800.000000,5
1425560783296610,748800.000000,0
1425560783297756,748800.000000,1
1425560783298798,748800.000000,2
1425560783299891,748800.000000,3
1425560783300985,748800.000000,4
1425560783301975,748800.000000,5
1425560800928850,1363200.000000,0
1425560800929944,1363200.000000,1
1425560800930725,1363200.000000,2
1425560800931610,1363200.000000,3
1425560800932444,1363200.000000,4
1425560800933173,1363200.000000,5
1425560816859162,1555200.000000,0
1425560816859787,1555200.000000,1
1425560816860256,1555200.000000,2
1425560816860829,1555200.000000,3
1425560816861350,1555200.000000,4
1425560816861818,1555200.000000,5
1425560832417131,556800.000000,0
1425560832417600,556800.000000,1
1425560832418173,556800.000000,2
1425560832419006,556800.000000,3
1425560832420048,556800.000000,4
1425560832420985,556800.000000,5
1425560881801298,1555200.000000,0
1425560881802548,1555200.000000,1
1425560881803641,1555200.000000,2
1425560881804579,1555200.000000,3
1425560881805568,1555200.000000,4
1425560881806506,1555200.000000,5
1425560896843485,1785600.000000,0
1425560896843954,1785600.000000,1
1425560896844318,1785600.000000,2
1425560896844631,1785600.000000,3
1425560896845048,1785600.000000,4
1425560896845412,1785600.000000,5
1425560912863225,960000.000000,0
1425560912863693,960000.000000,1
1425560912864162,960000.000000,2
1425560912864631,960000.000000,3
1425560912865256,960000.000000,4
1425560912866037,960000.000000,5
1425560933034162,556800.000000,0
1425560933035256,556800.000000,1
1425560933036193,556800.000000,2
1425560933037235,556800.000000,3
1425560933038225,556800.000000,4
1425560933039162,556800.000000,5
1425560981904787,960000.000000,0
1425560981905985,960000.000000,1
1425560981906923,960000.000000,2
1425560981907912,960000.000000,3
1425560981908954,960000.000000,4
1425560981909943,960000.000000,5
1425560990944318,748800.000000,0
1425560990945100,748800.000000,1
1425560990945829,748800.000000,2
1425560990946506,748800.000000,3
1425560990947287,748800.000000,4
1425560990948068,748800.000000,5
1425561006805412,1363200.000000,0
1425561006806506,1363200.000000,1
1425561006807600,1363200.000000,2
1425561006808537,1363200.000000,3
1425561006809475,1363200.000000,4
1425561006810412,1363200.000000,5
1425561022832600,960000.000000,0
1425561022833173,960000.000000,1
1425561022833693,960000.000000,2
1425561022834318,960000.000000,3
1425561022835100,960000.000000,4
1425561022835829,960000.000000,5
1425561038784006,748800.000000,0
1425561038784787,748800.000000,1
1425561038787756,748800.000000,2
1425561038788537,748800.000000,3
1425561038789266,748800.000000,4
1425561038789943,748800.000000,5
1425561055649318,556800.000000,0
1425561055650725,556800.000000,1
1425561055651818,556800.000000,2
1425561055653225,556800.000000,3
1425561055654475,556800.000000,4
1425561055655881,556800.000000,5
1425561079539579,748800.000000,0
1425561079541037,748800.000000,1
1425561079542391,748800.000000,2
1425561079543798,748800.000000,3
1425561079545048,748800.000000,4
1425561079546350,748800.000000,5
1425561080748225,556800.000000,0
1425561080749318,556800.000000,1
1425561080750412,556800.000000,2
1425561080751454,556800.000000,3
1425561080752443,556800.000000,4
1425561080753537,556800.000000,5
1425561081905204,960000.000000,0
1425561081906766,960000.000000,1
1425561081908016,960000.000000,2
1425561081909318,960000.000000,3
1425561081910568,960000.000000,4
1425561081911818,960000.000000,5
1425561085691506,1785600.000000,0
1425561085692235,1785600.000000,1
1425561085692860,1785600.000000,2
1425561085693485,1785600.000000,3
1425561085694006,1785600.000000,4
1425561085694631,1785600.000000,5
1425561086757131,1152000.000000,0
1425561086757443,1152000.000000,1
1425561086757756,1152000.000000,2
1425561086758016,1152000.000000,3
1425561086758381,1152000.000000,4
1425561086758693,1152000.000000,5
1425561087418381,748800.000000,0
1425561087419110,748800.000000,1
1425561087419579,748800.000000,2
1425561087420100,748800.000000,3
1425561087420725,748800.000000,4
1425561087421506,748800.000000,5
1425561103325100,1363200.000000,0
1425561103326193,1363200.000000,1
1425561103327131,1363200.000000,2
1425561103328173,1363200.000000,3
1425561103329162,1363200.000000,4
1425561103330100,1363200.000000,5
1425561118734318,1555200.000000,0
1425561118734891,1555200.000000,1
1425561118735412,1555200.000000,2
1425561118735881,1555200.000000,3
1425561118736506,1555200.000000,4
1425561118736975,1555200.000000,5
1425561134785881,556800.000000,0
1425561134786350,556800.000000,1
1425561134786818,556800.000000,2
1425561134787131,556800.000000,3
1425561134787548,556800.000000,4
1425561134787860,556800.000000,5
1425561142144943,748800.000000,0
1425561142146454,748800.000000,1
1425561142147600,748800.000000,2
1425561142148850,748800.000000,3
1425561142150100,748800.000000,4
1425561142151350,748800.000000,5
1425561142569943,556800.000000,0
1425561142571298,556800.000000,1
1425561142572391,556800.000000,2
1425561142573537,556800.000000,3
1425561142574631,556800.000000,4
1425561142575725,556800.000000,5
1425561148854943,748800.000000,0
1425561148856298,748800.000000,1
1425561148857548,748800.000000,2
1425561148858850,748800.000000,3
1425561148860100,748800.000000,4
1425561148861454,748800.000000,5
1425561162745100,556800.000000,0
1425561162746610,556800.000000,1
1425561162747860,556800.000000,2
1425561162749006,556800.000000,3
1425561162750360,556800.000000,4
1425561162751610,556800.000000,5
1425561181769475,1363200.000000,0
1425561181770568,1363200.000000,1
1425561181771610,1363200.000000,2
1425561181772600,1363200.000000,3
1425561181773537,1363200.000000,4
1425561181774631,1363200.000000,5
1425561183206506,556800.000000,0
1425561183206975,556800.000000,1
1425561183207443,556800.000000,2
1425561183208381,556800.000000,3
1425561183209423,556800.000000,4
1425561183210412,556800.000000,5
1425561193373381,748800.000000,0
1425561193374579,748800.000000,1
1425561193375568,748800.000000,2
1425561193376610,748800.000000,3
1425561193377600,748800.000000,4
1425561193378641,748800.000000,5
1425561200194631,1363200.000000,0
1425561200195568,1363200.000000,1
1425561200196350,1363200.000000,2
1425561200197131,1363200.000000,3
1425561200197912,1363200.000000,4
1425561200198693,1363200.000000,5
1425561214696506,1555200.000000,0
1425561214696975,1555200.000000,1
1425561214697287,1555200.000000,2
1425561214697756,1555200.000000,3
1425561214698225,1555200.000000,4
1425561214698693,1555200.000000,5
1425561214740829,1785600.000000,0
1425561214741298,1785600.000000,1
1425561214741610,1785600.000000,2
1425561214741975,1785600.000000,3
1425561214742287,1785600.000000,4
1425561214742704,1785600.000000,5
1425561220900725,1555200.000000,0
1425561220901037,1555200.000000,1
1425561220901350,1555200.000000,2
1425561220901662,1555200.000000,3
1425561220901975,1555200.000000,4
1425561220902287,1555200.000000,5
1425561220939266,1785600.000000,0
1425561220939631,1785600.000000,1
1425561220940048,1785600.000000,2
1425561220940360,1785600.000000,3
1425561220940725,1785600.000000,4
1425561220941037,1785600.000000,5
1425561226331975,1555200.000000,0
1425561226332287,1555200.000000,1
1425561226332600,1555200.000000,2
1425561226332912,1555200.000000,3
1425561226333225,1555200.000000,4
1425561226333537,1555200.000000,5
1425561226410204,1785600.000000,0
1425561226410673,1785600.000000,1
1425561226411141,1785600.000000,2
1425561226411610,1785600.000000,3
1425561226411975,1785600.000000,4
1425561226412443,1785600.000000,5
1425561227191298,1996800.000000,0
1425561227191610,1996800.000000,1
1425561227191923,1996800.000000,2
1425561227192235,1996800.000000,3
1425561227192548,1996800.000000,4
1425561227192860,1996800.000000,5
1425561228573693,2227200.000000,0
1425561228574006,2227200.000000,1
1425561228574318,2227200.000000,2
1425561228574579,2227200.000000,3
1425561228574787,2227200.000000,4
1425561228575204,2227200.000000,5
1425561230778693,1785600.000000,0
1425561230779006,1785600.000000,1
1425561230779318,1785600.000000,2
1425561230779579,1785600.000000,3
1425561230779787,1785600.000000,4
1425561230780100,1785600.000000,5
1425561232888954,2227200.000000,0
1425561232889266,2227200.000000,1
1425561232889579,2227200.000000,2
1425561232889891,2227200.000000,3
1425561232890256,2227200.000000,4
1425561232890568,2227200.000000,5
1425561244464423,1785600.000000,0
1425561244464787,1785600.000000,1
1425561244465204,1785600.000000,2
1425561244465568,1785600.000000,3
1425561244465985,1785600.000000,4
1425561244466350,1785600.000000,5
1425561248849162,2745600.000000,0
1425561248849475,2745600.000000,1
1425561248849787,2745600.000000,2
1425561248850204,2745600.000000,3
1425561248850568,2745600.000000,4
1425561248850881,2745600.000000,5
1425561263933225,1363200.000000,0
1425561263933537,1363200.000000,1
1425561263933797,1363200.000000,2
1425561263934006,1363200.000000,3
1425561263934318,1363200.000000,4
1425561263934579,1363200.000000,5
1425561278804943,748800.000000,0
1425561278805568,748800.000000,1
1425561278806037,748800.000000,2
1425561278806610,748800.000000,3
1425561278807131,748800.000000,4
1425561278808068,748800.000000,5
1425561279118016,556800.000000,0
1425561279118954,556800.000000,1
1425561279120100,556800.000000,2
1425561279121141,556800.000000,3
1425561279122287,556800.000000,4
1425561279123225,556800.000000,5
1425561294893537,748800.000000,0
1425561294894943,748800.000000,1
1425561294896193,748800.000000,2
1425561294897391,748800.000000,3
1425561294898693,748800.000000,4
1425561294899943,748800.000000,5
1425561300568172,1555200.000000,0
1425561300569110,1555200.000000,1
1425561300569891,1555200.000000,2
1425561300570672,1555200.000000,3
1425561300571350,1555200.000000,4
1425561300572079,1555200.000000,5
1425561300643381,2227200.000000,0
1425561300643797,2227200.000000,1
1425561300644162,2227200.000000,2
1425561300644579,2227200.000000,3
1425561300644891,2227200.000000,4
1425561300645256,2227200.000000,5
1425561300725100,748800.000000,0
1425561300725412,748800.000000,1
1425561300725725,748800.000000,2
1425561300725985,748800.000000,3
1425561300726193,748800.000000,4
1425561300726454,748800.000000,5
1425561302327079,1363200.000000,0
1425561302327912,1363200.000000,1
1425561302328693,1363200.000000,2
1425561302329475,1363200.000000,3
1425561302330412,1363200.000000,4
1425561302331193,1363200.000000,5
1425561302359943,2227200.000000,0
1425561302360725,2227200.000000,1
1425561302361506,2227200.000000,2
1425561302362235,2227200.000000,3
1425561302362912,2227200.000000,4
1425561302363693,2227200.000000,5
1425561302483225,1555200.000000,0
1425561302483485,1555200.000000,1
1425561302483797,1555200.000000,2
1425561302484006,1555200.000000,3
1425561302484318,1555200.000000,4
1425561302484475,1555200.000000,5
1425561302579735,1152000.000000,0
1425561302580204,1152000.000000,1
1425561302580568,1152000.000000,2
1425561302580881,1152000.000000,3
1425561302581193,1152000.000000,4
1425561302581610,1152000.000000,5
1425561302638954,748800.000000,0
1425561302639475,748800.000000,1
1425561302640100,748800.000000,2
1425561302640568,748800.000000,3
1425561302641037,748800.000000,4
1425561302641662,748800.000000,5
1425561310793225,1363200.000000,0
1425561310794006,1363200.000000,1
1425561310794787,1363200.000000,2
1425561310795568,1363200.000000,3
1425561310796350,1363200.000000,4
1425561310797131,1363200.000000,5
1425561343100100,556800.000000,0
1425561343100516,556800.000000,1
1425561343100881,556800.000000,2
1425561343101350,556800.000000,3
1425561343101766,556800.000000,4
1425561343102131,556800.000000,5
1425561381443381,1363200.000000,0
1425561381444579,1363200.000000,1
1425561381445568,1363200.000000,2
1425561381446506,1363200.000000,3
1425561381447547,1363200.000000,4
1425561381448537,1363200.000000,5
1425561404933172,1785600.000000,0
1425561404933693,1785600.000000,1
1425561404934162,1785600.000000,2
1425561404934631,1785600.000000,3
1425561404935047,1785600.000000,4
1425561404935412,1785600.000000,5
1425561407557704,2745600.000000,0
1425561407558068,2745600.000000,1
1425561407558381,2745600.000000,2
1425561407558693,2745600.000000,3
1425561407559006,2745600.000000,4
1425561407559318,2745600.000000,5
1425561439459162,556800.000000,0
1425561439459318,556800.000000,1
1425561439459579,556800.000000,2
1425561439459787,556800.000000,3
1425561439460256,556800.000000,4
1425561439460829,556800.000000,5
1425561481774318,1785600.000000,0
1425561481775568,1785600.000000,1
1425561481776506,1785600.000000,2
1425561481777547,1785600.000000,3
1425561481778537,1785600.000000,4
1425561481779631,1785600.000000,5
1425561488233329,748800.000000,0
1425561488233849,748800.000000,1
1425561488234266,748800.000000,2
1425561488234631,748800.000000,3
1425561488235256,748800.000000,4
1425561488236193,748800.000000,5
1425561502916662,1363200.000000,0
1425561502917599,1363200.000000,1
1425561502918381,1363200.000000,2
1425561502919110,1363200.000000,3
1425561502919787,1363200.000000,4
1425561502920568,1363200.000000,5
