"ts","value","cpu"
1425563103010203,1996800.000000,0
1425563103010411,1996800.000000,1
1425563103010672,1996800.000000,2
1425563103010828,1996800.000000,3
1425563103011036,1996800.000000,4
1425563103011193,1996800.000000,5
1425563120844578,2745600.000000,0
1425563120844891,2745600.000000,1
1425563120845099,2745600.000000,2
1425563120845411,2745600.000000,3
1425563120845724,2745600.000000,4
1425563120845984,2745600.000000,5
1425563200852755,2227200.000000,0
1425563200853068,2227200.000000,1
1425563200853380,2227200.000000,2
1425563200853693,2227200.000000,3
1425563200854005,2227200.000000,4
1425563200854318,2227200.000000,5
1425563216442911,556800.000000,0
1425563216443224,556800.000000,1
1425563216443536,556800.000000,2
1425563216443849,556800.000000,3
1425563216444265,556800.000000,4
1425563216447755,556800.000000,5
1425563218071297,748800.000000,0
1425563218072390,748800.000000,1
1425563218073380,748800.000000,2
1425563218074318,748800.000000,3
1425563218075411,748800.000000,4
1425563218076349,748800.000000,5
1425563228394161,1363200.000000,0
1425563228395099,1363200.000000,1
1425563228395880,1363200.000000,2
1425563228396609,1363200.000000,3
1425563228397390,1363200.000000,4
1425563228398224,1363200.000000,5
1425563230958484,960000.000000,0
1425563230959109,960000.000000,1
1425563230959734,960000.000000,2
1425563230960411,960000.000000,3
1425563230961140,960000.000000,4
1425563230961974,960000.000000,5
1425563248925880,2745600.000000,0
1425563248926661,2745600.000000,1
1425563248927390,2745600.000000,2
1425563248928224,2745600.000000,3
1425563248929005,2745600.000000,4
1425563248929786,2745600.000000,5
1425563264839265,1996800.000000,0
1425563264839474,1996800.000000,1
1425563264839786,1996800.000000,2
1425563264840047,1996800.000000,3
1425563264840255,1996800.000000,4
1425563264840568,1996800.000000,5
1425563273971974,2227200.000000,0
1425563273972286,2227200.000000,1
1425563273972599,2227200.000000,2
1425563273972859,2227200.000000,3
1425563273973172,2227200.000000,4
1425563273973484,2227200.000000,5
1425563276908536,2745600.000000,0
1425563276908849,2745600.000000,1
1425563276909109,2745600.000000,2
1425563276909318,2745600.000000,3
1425563276909578,2745600.000000,4
1425563276909786,2745600.000000,5
1425563312128484,3283200.000000,6
1425563312128693,3283200.000000,7
1425563312149630,556800.000000,0
1425563312149786,556800.000000,1
1425563312150047,556800.000000,2
1425563312150255,556800.000000,3
1425563312150411,556800.000000,4
1425563312150672,556800.000000,5
1425563316828432,3840000.000000,6
1425563316828693,3840000.000000,7
1425563324812130,4089600.000000,6
1425563324812338,4089600.000000,7
1425563328818120,3840000.000000,6
1425563328818432,3840000.000000,7
1425563359767807,4473600.000000,6
1425563359767963,4473600.000000,7
1425563392892703,1363200.000000,0
1425563392893797,1363200.000000,1
1425563392894890,1363200.000000,2
1425563392895984,1363200.000000,3
1425563392896974,1363200.000000,4
1425563392898015,1363200.000000,5
1425563392911140,1555200.000000,0
1425563392912286,1555200.000000,1
1425563392913328,1555200.000000,2
1425563392914318,1555200.000000,3
1425563392915411,1555200.000000,4
1425563392916453,1555200.000000,5
1425563393051349,556800.000000,0
1425563393051765,556800.000000,1
1425563393052130,556800.000000,2
1425563393052443,556800.000000,3
1425563393052859,556800.000000,4
1425563393053224,556800.000000,5
1425563393075568,1363200.000000,0
1425563393077078,1363200.000000,1
1425563393078484,1363200.000000,2
1425563393079890,1363200.000000,3
1425563393081349,1363200.000000,4
1425563393082703,1363200.000000,5
1425563393166609,556800.000000,0
1425563393166974,556800.000000,1
1425563393167443,556800.000000,2
1425563393167859,556800.000000,3
1425563393168224,556800.000000,4
1425563393168693,556800.000000,5
1425563395050672,748800.000000,0
1425563395051974,748800.000000,1
1425563395052911,748800.000000,2
1425563395054005,748800.000000,3
1425563395055047,748800.000000,4
1425563395056036,748800.000000,5
1425563395153953,556800.000000,0
1425563395154786,556800.000000,1
1425563395155568,556800.000000,2
1425563395156349,556800.000000,3
1425563395157443,556800.000000,4
1425563395158536,556800.000000,5
1425563396847755,748800.000000,0
1425563396848849,748800.000000,1
1425563396849943,748800.000000,2
1425563396850984,748800.000000,3
1425563396851974,748800.000000,4
1425563396852911,748800.000000,5
1425563396952651,1363200.000000,0
1425563396952807,1363200.000000,1
1425563396952911,1363200.000000,2
1425563396953068,1363200.000000,3
1425563396953120,1363200.000000,4
1425563396953276,1363200.000000,5
1425563397335099,1555200.000000,0
1425563397335724,1555200.000000,1
1425563397336193,1555200.000000,2
1425563397336818,1555200.000000,3
1425563397337286,1555200.000000,4
1425563397337859,1555200.000000,5
1425563398326557,960000.000000,0
1425563398326818,960000.000000,1
1425563398326870,960000.000000,2
1425563398327026,960000.000000,3
1425563398327182,960000.000000,4
1425563398327286,960000.000000,5
1425563398641609,1152000.000000,0
1425563398642234,1152000.000000,1
1425563398642755,1152000.000000,2
1425563398643380,1152000.000000,3
1425563398644005,1152000.000000,4
1425563398644578,1152000.000000,5
1425563398955359,1555200.000000,0
1425563398955880,1555200.000000,1
1425563398956349,1555200.000000,2
1425563398956974,1555200.000000,3
1425563398957443,1555200.000000,4
1425563398958015,1555200.000000,5
1425563399349578,1785600.000000,0
1425563399349943,1785600.000000,1
1425563399350255,1785600.000000,2
1425563399350672,1785600.000000,3
1425563399351036,1785600.000000,4
1425563399351349,1785600.000000,5
1425563402486818,1555200.000000,0
1425563402487234,1555200.000000,1
1425563402487547,1555200.000000,2
1425563402487859,1555200.000000,3
1425563402488172,1555200.000000,4
1425563402488536,1555200.000000,5
1425563408856297,1996800.000000,0
1425563408856765,1996800.000000,1
1425563408857078,1996800.000000,2
1425563408857443,1996800.000000,3
1425563408857755,1996800.000000,4
1425563408858172,1996800.000000,5
1425563408862599,2246400.000000,6
1425563408862911,2246400.000000,7
1425563412819109,2400000.000000,0
1425563412819422,2400000.000000,1
1425563412819630,2400000.000000,2
1425563412819943,2400000.000000,3
1425563412820255,2400000.000000,4
1425563412820568,2400000.000000,5
1425563413632859,1555200.000000,0
1425563413633068,1555200.000000,1
1425563413633328,1555200.000000,2
1425563413633536,1555200.000000,3
1425563413633797,1555200.000000,4
1425563413634005,1555200.000000,5
1425563414200203,2400000.000000,0
1425563414200724,2400000.000000,1
1425563414201193,2400000.000000,2
1425563414201661,2400000.000000,3
1425563414202130,2400000.000000,4
1425563414202599,2400000.000000,5
1425563414244786,1555200.000000,0
1425563414245203,1555200.000000,1
1425563414245568,1555200.000000,2
1425563414245880,1555200.000000,3
1425563414246349,1555200.000000,4
1425563414246661,1555200.000000,5
1425563414344265,2400000.000000,0
1425563414344734,2400000.000000,1
1425563414345203,2400000.000000,2
1425563414345724,2400000.000000,3
1425563414346193,2400000.000000,4
1425563414346661,2400000.000000,5
1425563424854578,2227200.000000,0
1425563424854786,2227200.000000,1
1425563424855047,2227200.000000,2
1425563424855255,2227200.000000,3
1425563424855515,2227200.000000,4
1425563424855724,2227200.000000,5
1425563424859318,1017600.000000,6
1425563424859630,1017600.000000,7
1425563424890255,1996800.000000,0
1425563424890568,1996800.000000,1
1425563424890828,1996800.000000,2
1425563424891036,1996800.000000,3
1425563424891349,1996800.000000,4
1425563424891609,1996800.000000,5
1425563424916974,1785600.000000,0
1425563424917286,1785600.000000,1
1425563424917599,1785600.000000,2
1425563424917911,1785600.000000,3
1425563424918224,1785600.000000,4
1425563424918484,1785600.000000,5
1425563424922234,1996800.000000,0
1425563424922443,1996800.000000,1
1425563424922755,1996800.000000,2
1425563424923068,1996800.000000,3
1425563424923328,1996800.000000,4
1425563424923640,1996800.000000,5
1425563439386817,2745600.000000,0
1425563439387130,2745600.000000,1
1425563439387599,2745600.000000,2
1425563439388067,2745600.000000,3
1425563439388380,2745600.000000,4
1425563439388692,2745600.000000,5
1425563446079005,1555200.000000,0
1425563446079317,1555200.000000,1
1425563446079630,1555200.000000,2
1425563446079890,1555200.000000,3
1425563446080099,1555200.000000,4
1425563446080359,1555200.000000,5
1425563446087547,2745600.000000,0
1425563446088067,2745600.000000,1
1425563446088484,2745600.000000,2
1425563446088953,2745600.000000,3
1425563446089474,2745600.000000,4
1425563446089890,2745600.000000,5
1425563472867755,3283200.000000,6
1425563472868067,3283200.000000,7
1425563476816453,3072000.000000,0
1425563476816661,3072000.000000,1
1425563476816817,3072000.000000,2
1425563476817078,3072000.000000,3
1425563476817286,3072000.000000,4
1425563476817442,3072000.000000,5
1425563476875099,3840000.000000,6
1425563476875255,3840000.000000,7
1425563480812911,3321600.000000,0
1425563480813067,3321600.000000,1
1425563480813328,3321600.000000,2
1425563480813484,3321600.000000,3
1425563480813692,3321600.000000,4
1425563480813849,3321600.000000,5
1425563484814630,2745600.000000,0
1425563484814890,2745600.000000,1
1425563484815047,2745600.000000,2
1425563484815203,2745600.000000,3
1425563484815359,2745600.000000,4
1425563484815567,2745600.000000,5
1425563488874474,1363200.000000,0
1425563488874734,1363200.000000,1
1425563488874942,1363200.000000,2
1425563488875099,1363200.000000,3
1425563488875359,1363200.000000,4
1425563488875567,1363200.000000,5
1425563500817755,4089600.000000,6
1425563500817963,4089600.000000,7
1425563502650255,1996800.000000,0
1425563502650724,1996800.000000,1
1425563502651140,1996800.000000,2
1425563502651505,1996800.000000,3
1425563502651974,1996800.000000,4
1425563502652286,1996800.000000,5
1425563508814942,3840000.000000,6
1425563508815151,3840000.000000,7
1425563512814838,4473600.000000,6
1425563512814942,4473600.000000,7
1425563516814005,3840000.000000,6
1425563516814213,3840000.000000,7
1425563520853588,556800.000000,0
1425563520853849,556800.000000,1
1425563520854005,556800.000000,2
1425563520854161,556800.000000,3
1425563520854213,556800.000000,4
1425563520854370,556800.000000,5
1425563536817755,4473600.000000,6
1425563536817963,4473600.000000,7
1425563537500411,748800.000000,0
1425563537501661,748800.000000,1
1425563537502703,748800.000000,2
1425563537503692,748800.000000,3
1425563537504630,748800.000000,4
1425563537505724,748800.000000,5
1425563544818588,3840000.000000,6
1425563544818745,3840000.000000,7
1425563548824057,4473600.000000,6
1425563548824213,4473600.000000,7
1425563550757234,556800.000000,0
1425563550758015,556800.000000,1
1425563550758692,556800.000000,2
1425563550759474,556800.000000,3
1425563550760567,556800.000000,4
1425563550761505,556800.000000,5
1425563552817026,4089600.000000,6
1425563552817182,4089600.000000,7
1425563556817651,3840000.000000,6
1425563556817807,3840000.000000,7
1425563564813432,4089600.000000,6
1425563564813588,4089600.000000,7
1425563568814526,3840000.000000,6
1425563568814682,3840000.000000,7
1425563570496817,960000.000000,0
1425563570497911,960000.000000,1
1425563570498849,960000.000000,2
1425563570499786,960000.000000,3
1425563570500880,960000.000000,4
1425563570501974,960000.000000,5
1425563571254526,556800.000000,0
1425563571254682,556800.000000,1
1425563571254838,556800.000000,2
1425563571254995,556800.000000,3
1425563571255099,556800.000000,4
1425563571255255,556800.000000,5
1425563571920255,1152000.000000,0
1425563571921297,1152000.000000,1
1425563571922390,1152000.000000,2
1425563571923380,1152000.000000,3
1425563571924317,1152000.000000,4
1425563571925255,1152000.000000,5
1425563576812130,4473600.000000,6
1425563576812286,4473600.000000,7
1425563580781036,1785600.000000,0
1425563580781609,1785600.000000,1
1425563580782078,1785600.000000,2
1425563580782599,1785600.000000,3
1425563580783067,1785600.000000,4
1425563580783640,1785600.000000,5
1425563581778536,1996800.000000,0
1425563581778849,1996800.000000,1
1425563581779161,1996800.000000,2
1425563581779474,1996800.000000,3
1425563581779786,1996800.000000,4
1425563581780099,1996800.000000,5
1425563583571817,1555200.000000,0
1425563583572078,1555200.000000,1
1425563583572390,1555200.000000,2
1425563583572599,1555200.000000,3
1425563583572911,1555200.000000,4
1425563583573172,1555200.000000,5
1425563586256557,1152000.000000,0
1425563586256713,1152000.000000,1
1425563586256870,1152000.000000,2
1425563586256974,1152000.000000,3
1425563586257026,1152000.000000,4
1425563586257182,1152000.000000,5
1425563587435359,1363200.000000,0
1425563587435880,1363200.000000,1
1425563587436349,1363200.000000,2
1425563587436817,1363200.000000,3
1425563587437286,1363200.000000,4
1425563587437755,1363200.000000,5
1425563587605515,1996800.000000,0
1425563587606036,1996800.000000,1
1425563587606609,1996800.000000,2
1425563587607078,1996800.000000,3
1425563587607599,1996800.000000,4
1425563587608067,1996800.000000,5
1425563588331036,2745600.000000,0
1425563588331453,2745600.000000,1
1425563588331817,2745600.000000,2
1425563588332130,2745600.000000,3
1425563588332547,2745600.000000,4
1425563588332911,2745600.000000,5
1425563588679786,3532800.000000,0
1425563588679942,3532800.000000,1
1425563588679995,3532800.000000,2
1425563588680151,3532800.000000,3
1425563588680307,3532800.000000,4
1425563588680411,3532800.000000,5
1425563588817234,2745600.000000,0
1425563588817442,2745600.000000,1
1425563588817599,2745600.000000,2
1425563588817755,2745600.000000,3
1425563588817911,2745600.000000,4
1425563588818067,2745600.000000,5
1425563599206036,1689600.000000,6
1425563599206349,1689600.000000,7
1425563600380411,3283200.000000,6
1425563600380672,3283200.000000,7
1425563604819578,3072000.000000,0
1425563604819786,3072000.000000,1
1425563604820047,3072000.000000,2
1425563604820255,3072000.000000,3
1425563604820411,3072000.000000,4
1425563604820672,3072000.000000,5
1425563608816453,2745600.000000,0
1425563608816661,2745600.000000,1
1425563608816817,2745600.000000,2
1425563608816974,2745600.000000,3
1425563608817130,2745600.000000,4
1425563608817390,2745600.000000,5
1425563610729630,1017600.000000,6
1425563610729890,1017600.000000,7
1425563724824422,3072000.000000,0
1425563724824734,3072000.000000,1
1425563724824890,3072000.000000,2
1425563724825099,3072000.000000,3
1425563724825255,3072000.000000,4
1425563724825515,3072000.000000,5
1425563728815203,3532800.000000,0
1425563728815411,3532800.000000,1
1425563728815567,3532800.000000,2
1425563728815724,3532800.000000,3
1425563728815984,3532800.000000,4
1425563728816140,3532800.000000,5
1425563732817390,2745600.000000,0
1425563732817755,2745600.000000,1
1425563732817911,2745600.000000,2
1425563732818067,2745600.000000,3
1425563732818224,2745600.000000,4
1425563732818380,2745600.000000,5
1425563920853484,3532800.000000,0
1425563920853796,3532800.000000,1
1425563920854005,3532800.000000,2
1425563920854317,3532800.000000,3
1425563920854578,3532800.000000,4
1425563920854786,3532800.000000,5
1425565526333067,2745600.000000,0
1425565526333379,2745600.000000,1
1425565526333535,2745600.000000,2
1425565526333692,2745600.000000,3
1425565526333848,2745600.000000,4
1425565526334108,2745600.000000,5
1425565527425098,1555200.000000,0
1425565527425410,1555200.000000,1
1425565527425567,1555200.000000,2
1425565527425879,1555200.000000,3
1425565527426140,1555200.000000,4
1425565527426452,1555200.000000,5
1425565527904004,2745600.000000,0
1425565527904421,2745600.000000,1
1425565527904785,2745600.000000,2
1425565527906035,2745600.000000,3
1425565527906452,2745600.000000,4
1425565527906765,2745600.000000,5
1425565528341296,3532800.000000,0
1425565528341504,3532800.000000,1
1425565528341660,3532800.000000,2
1425565528341921,3532800.000000,3
1425565528342077,3532800.000000,4
1425565528342285,3532800.000000,5
1425565530402285,1555200.000000,0
1425565530402442,1555200.000000,1
1425565530402702,1555200.000000,2
1425565530402910,1555200.000000,3
1425565530403171,1555200.000000,4
1425565530403379,1555200.000000,5
1425565530411192,3532800.000000,0
1425565530411660,3532800.000000,1
1425565530411973,3532800.000000,2
1425565530412285,3532800.000000,3
1425565530412702,3532800.000000,4
1425565530413015,3532800.000000,5
1425565614838379,2400000.000000,0
1425565614838640,2400000.000000,1
1425565614838848,2400000.000000,2
1425565614839108,2400000.000000,3
1425565614839317,2400000.000000,4
1425565614839577,2400000.000000,5
1425565616861504,1555200.000000,0
1425565616861765,1555200.000000,1
1425565616861973,1555200.000000,2
1425565616862233,1555200.000000,3
1425565616862442,1555200.000000,4
1425565616862754,1555200.000000,5
1425565616917129,3532800.000000,0
1425565616917598,3532800.000000,1
1425565616918067,3532800.000000,2
1425565616918535,3532800.000000,3
1425565616919004,3532800.000000,4
1425565616919473,3532800.000000,5
1425565616978483,1555200.000000,0
1425565616978848,1555200.000000,1
1425565616979265,1555200.000000,2
1425565616979629,1555200.000000,3
1425565616980046,1555200.000000,4
1425565616980410,1555200.000000,5
1425565617020098,2400000.000000,0
1425565617020515,2400000.000000,1
1425565617020879,2400000.000000,2
1425565617021192,2400000.000000,3
1425565617021608,2400000.000000,4
1425565617021973,2400000.000000,5
1425565620864160,3532800.000000,0
1425565620864473,3532800.000000,1
1425565620864733,3532800.000000,2
1425565620864942,3532800.000000,3
1425565620865202,3532800.000000,4
1425565620865410,3532800.000000,5
1425565630828171,2745600.000000,0
1425565630828327,2745600.000000,1
1425565630828483,2745600.000000,2
1425565630828640,2745600.000000,3
1425565630828796,2745600.000000,4
1425565630828952,2745600.000000,5
1425565630969629,3532800.000000,0
1425565630969785,3532800.000000,1
1425565630970046,3532800.000000,2
1425565630970254,3532800.000000,3
1425565630970410,3532800.000000,4
1425565630970671,3532800.000000,5
1425565638265723,1555200.000000,0
1425565638266035,1555200.000000,1
1425565638266192,1555200.000000,2
1425565638266452,1555200.000000,3
1425565638266608,1555200.000000,4
1425565638266817,1555200.000000,5
1425565638340879,3532800.000000,0
1425565638341348,3532800.000000,1
1425565638341817,3532800.000000,2
1425565638342233,3532800.000000,3
1425565638342702,3532800.000000,4
1425565638344160,3532800.000000,5
1425565638393483,2745600.000000,0
1425565638393952,2745600.000000,1
1425565638394421,2745600.000000,2
1425565638394785,2745600.000000,3
1425565638395254,2745600.000000,4
1425565638395723,2745600.000000,5
1425565640875098,1785600.000000,0
1425565640875410,1785600.000000,1
1425565640875671,1785600.000000,2
1425565640875983,1785600.000000,3
1425565640876192,1785600.000000,4
1425565640876504,1785600.000000,5
1425565640934317,3532800.000000,0
1425565640934785,3532800.000000,1
1425565640935202,3532800.000000,2
1425565640935567,3532800.000000,3
1425565640936035,3532800.000000,4
1425565640936348,3532800.000000,5
1425565648951348,1555200.000000,0
1425565648951504,1555200.000000,1
1425565648951660,1555200.000000,2
1425565648951817,1555200.000000,3
1425565648951973,1555200.000000,4
1425565648952129,1555200.000000,5
1425565649143067,3532800.000000,0
1425565649143535,3532800.000000,1
1425565649143952,3532800.000000,2
1425565649144785,3532800.000000,3
1425565649145254,3532800.000000,4
1425565649145671,3532800.000000,5
1425565649281973,1555200.000000,0
1425565649282233,1555200.000000,1
1425565649282442,1555200.000000,2
1425565649282910,1555200.000000,3
1425565649283067,1555200.000000,4
1425565649283327,1555200.000000,5
1425565652904629,3532800.000000,0
1425565652905046,3532800.000000,1
1425565652905410,3532800.000000,2
1425565652905723,3532800.000000,3
1425565652906192,3532800.000000,4
1425565652906504,3532800.000000,5
1425565652933015,1555200.000000,0
1425565652933535,1555200.000000,1
1425565652933848,1555200.000000,2
1425565652934265,1555200.000000,3
1425565652934629,1555200.000000,4
1425565652935046,1555200.000000,5
1425565652950983,2745600.000000,0
1425565652951348,2745600.000000,1
1425565652951765,2745600.000000,2
1425565652952233,2745600.000000,3
1425565652952546,2745600.000000,4
1425565652952910,2745600.000000,5
1425565656891817,3532800.000000,0
1425565656892129,3532800.000000,1
1425565656892390,3532800.000000,2
1425565656892598,3532800.000000,3
1425565656892858,3532800.000000,4
1425565656893067,3532800.000000,5
1425565658010098,2745600.000000,0
1425565658010254,2745600.000000,1
1425565658010410,2745600.000000,2
1425565658010567,2745600.000000,3
1425565658010723,2745600.000000,4
1425565658010879,2745600.000000,5
1425565658110098,3532800.000000,0
1425565658110254,3532800.000000,1
1425565658110515,3532800.000000,2
1425565658110723,3532800.000000,3
1425565658110879,3532800.000000,4
1425565658111140,3532800.000000,5
1425565658147546,2745600.000000,0
1425565658147754,2745600.000000,1
1425565658148015,2745600.000000,2
1425565658148223,2745600.000000,3
1425565658148379,2745600.000000,4
1425565658148640,2745600.000000,5
1425565659598952,3532800.000000,0
1425565659599160,3532800.000000,1
1425565659599473,3532800.000000,2
1425565659599733,3532800.000000,3
1425565659599942,3532800.000000,4
1425565659600254,3532800.000000,5
1425565659640567,2745600.000000,0
1425565659640827,2745600.000000,1
1425565659641035,2745600.000000,2
1425565659641296,2745600.000000,3
1425565659641504,2745600.000000,4
1425565659641660,2745600.000000,5
1425565659652598,1555200.000000,0
1425565659652754,1555200.000000,1
1425565659652910,1555200.000000,2
1425565659653067,1555200.000000,3
1425565659653327,1555200.000000,4
1425565659653483,1555200.000000,5
1425565660919629,3532800.000000,0
1425565660920098,3532800.000000,1
1425565660920410,3532800.000000,2
1425565660920827,3532800.000000,3
1425565660921192,3532800.000000,4
1425565660921504,3532800.000000,5
1425565664895515,1785600.000000,0
1425565664895723,1785600.000000,1
1425565664895879,1785600.000000,2
1425565664896035,1785600.000000,3
1425565664896296,1785600.000000,4
1425565664896504,1785600.000000,5
1425565665031660,3321600.000000,0
1425565665031973,3321600.000000,1
1425565665032285,3321600.000000,2
1425565665032598,3321600.000000,3
1425565665032910,3321600.000000,4
1425565665033223,3321600.000000,5
1425565665204317,1555200.000000,0
1425565665204577,1555200.000000,1
1425565665204733,1555200.000000,2
1425565665204942,1555200.000000,3
1425565665205098,1555200.000000,4
1425565665205254,1555200.000000,5
1425565668874942,1785600.000000,0
1425565668875358,1785600.000000,1
1425565668875671,1785600.000000,2
1425565668876035,1785600.000000,3
1425565668876452,1785600.000000,4
1425565668876765,1785600.000000,5
1425565668938327,3532800.000000,0
1425565668938535,3532800.000000,1
1425565668938952,3532800.000000,2
1425565668939265,3532800.000000,3
1425565668939577,3532800.000000,4
1425565668939942,3532800.000000,5
1425565668945202,3321600.000000,0
1425565668945567,3321600.000000,1
1425565668945983,3321600.000000,2
1425565668946348,3321600.000000,3
1425565668946817,3321600.000000,4
1425565668947129,3321600.000000,5
1425565669003379,3532800.000000,0
1425565669003692,3532800.000000,1
1425565669004004,3532800.000000,2
1425565669004317,3532800.000000,3
1425565669004629,3532800.000000,4
1425565669004942,3532800.000000,5
1425565669087233,3321600.000000,0
1425565669087858,3321600.000000,1
1425565669088015,3321600.000000,2
1425565669088223,3321600.000000,3
1425565669088379,3321600.000000,4
1425565669088535,3321600.000000,5
1425565672947598,3532800.000000,0
1425565672947754,3532800.000000,1
1425565672947910,3532800.000000,2
1425565672948067,3532800.000000,3
1425565672948223,3532800.000000,4
1425565672948379,3532800.000000,5
1425565672954785,3321600.000000,0
1425565672954942,3321600.000000,1
1425565672955098,3321600.000000,2
1425565672955358,3321600.000000,3
1425565672955515,3321600.000000,4
1425565672955671,3321600.000000,5
1425565680964108,1555200.000000,0
1425565680964265,1555200.000000,1
1425565680964473,1555200.000000,2
1425565680964629,1555200.000000,3
1425565680964785,1555200.000000,4
1425565680964942,1555200.000000,5
1425565680974733,2918400.000000,0
1425565680975098,2918400.000000,1
1425565680975515,2918400.000000,2
1425565680975827,2918400.000000,3
1425565680976192,2918400.000000,4
1425565680976608,2918400.000000,5
1425565681056973,1555200.000000,0
1425565681057285,1555200.000000,1
1425565681057702,1555200.000000,2
1425565681058067,1555200.000000,3
1425565681058483,1555200.000000,4
1425565681058796,1555200.000000,5
1425565681190098,3321600.000000,0
1425565681190515,3321600.000000,1
1425565681190879,3321600.000000,2
1425565681191296,3321600.000000,3
1425565681191660,3321600.000000,4
1425565681191973,3321600.000000,5
1425565681358952,1555200.000000,0
1425565681359160,1555200.000000,1
1425565681359317,1555200.000000,2
1425565681359577,1555200.000000,3
1425565681359733,1555200.000000,4
1425565681359890,1555200.000000,5
1425565681400879,3532800.000000,0
1425565681401192,3532800.000000,1
1425565681401608,3532800.000000,2
1425565681401973,3532800.000000,3
1425565681402285,3532800.000000,4
1425565681402598,3532800.000000,5
1425565694673067,3321600.000000,0
1425565694673223,3321600.000000,1
1425565694673379,3321600.000000,2
1425565694673535,3321600.000000,3
1425565694673692,3321600.000000,4
1425565694673848,3321600.000000,5
1425565694797442,1996800.000000,0
1425565694797598,1996800.000000,1
1425565694797754,1996800.000000,2
1425565694797910,1996800.000000,3
1425565694798171,1996800.000000,4
1425565694798327,1996800.000000,5
1425565696848535,3532800.000000,0
1425565696848796,3532800.000000,1
1425565696849004,3532800.000000,2
1425565696849317,3532800.000000,3
1425565696849629,3532800.000000,4
1425565696849890,3532800.000000,5
1425565697530515,1996800.000000,0
1425565697530671,1996800.000000,1
1425565697530827,1996800.000000,2
1425565697530983,1996800.000000,3
1425565697531140,1996800.000000,4
1425565697531296,1996800.000000,5
1425565697538327,3532800.000000,0
1425565697538640,3532800.000000,1
1425565697538952,3532800.000000,2
1425565697539265,3532800.000000,3
1425565697539473,3532800.000000,4
1425565697539785,3532800.000000,5
1425565700836973,1996800.000000,0
1425565700837129,1996800.000000,1
1425565700837285,1996800.000000,2
1425565700837442,1996800.000000,3
1425565700837598,1996800.000000,4
1425565700837754,1996800.000000,5
1425565700892754,3532800.000000,0
1425565700893067,3532800.000000,1
1425565700893379,3532800.000000,2
1425565700893692,3532800.000000,3
1425565700893952,3532800.000000,4
1425565700894265,3532800.000000,5
1425565711077390,1996800.000000,0
1425565711077546,1996800.000000,1
1425565711077702,1996800.000000,2
1425565711077858,1996800.000000,3
1425565711078015,1996800.000000,4
1425565711078171,1996800.000000,5
1425565711134108,3532800.000000,0
1425565711134421,3532800.000000,1
1425565711134733,3532800.000000,2
1425565711134942,3532800.000000,3
1425565711135254,3532800.000000,4
1425565711135567,3532800.000000,5
1425565728857858,2227200.000000,0
1425565728858067,2227200.000000,1
1425565728858223,2227200.000000,2
1425565728858379,2227200.000000,3
1425565728858535,2227200.000000,4
1425565728858692,2227200.000000,5
1425565728878223,2918400.000000,0
1425565728878535,2918400.000000,1
1425565728878848,2918400.000000,2
1425565728880046,2918400.000000,3
1425565728880254,2918400.000000,4
1425565728880567,2918400.000000,5
1425565728916660,3072000.000000,0
1425565728916973,3072000.000000,1
1425565728917233,3072000.000000,2
1425565728917442,3072000.000000,3
1425565728917754,3072000.000000,4
1425565728918015,3072000.000000,5
1425565728939890,3532800.000000,0
1425565728940098,3532800.000000,1
1425565728940358,3532800.000000,2
1425565728940567,3532800.000000,3
1425565728940879,3532800.000000,4
1425565728941140,3532800.000000,5
1425565729012858,2918400.000000,0
1425565729013171,2918400.000000,1
1425565729013379,2918400.000000,2
1425565729013640,2918400.000000,3
1425565729013848,2918400.000000,4
1425565729014108,2918400.000000,5
1425565729239785,1555200.000000,0
1425565729240046,1555200.000000,1
1425565729240358,1555200.000000,2
1425565729240567,1555200.000000,3
1425565729240827,1555200.000000,4
1425565729241035,1555200.000000,5
1425565729254160,1785600.000000,0
1425565729254577,1785600.000000,1
1425565729254942,1785600.000000,2
1425565729255254,1785600.000000,3
1425565729255671,1785600.000000,4
1425565729256035,1785600.000000,5
1425565732829785,2918400.000000,0
1425565732830202,2918400.000000,1
1425565732830515,2918400.000000,2
1425565732830723,2918400.000000,3
1425565732831035,2918400.000000,4
1425565732831348,2918400.000000,5
1425565732849629,1785600.000000,0
1425565732850046,1785600.000000,1
1425565732850410,1785600.000000,2
1425565732850827,1785600.000000,3
1425565732851192,1785600.000000,4
1425565732851660,1785600.000000,5
1425565732898483,3532800.000000,0
1425565732898692,3532800.000000,1
1425565732898848,3532800.000000,2
1425565732899004,3532800.000000,3
1425565732899265,3532800.000000,4
1425565732899473,3532800.000000,5
1425565744675202,1555200.000000,0
1425565744675410,1555200.000000,1
1425565744675567,1555200.000000,2
1425565744675723,1555200.000000,3
1425565744675879,1555200.000000,4
1425565744676035,1555200.000000,5
1425565744915879,3532800.000000,0
1425565744916192,3532800.000000,1
1425565744916608,3532800.000000,2
1425565744916921,3532800.000000,3
1425565744917285,3532800.000000,4
1425565744917598,3532800.000000,5
1425565748841765,3072000.000000,0
1425565748841921,3072000.000000,1
1425565748842077,3072000.000000,2
1425565748842233,3072000.000000,3
1425565748842390,3072000.000000,4
1425565748842598,3072000.000000,5
1425565748848015,3532800.000000,0
1425565748848223,3532800.000000,1
1425565748848379,3532800.000000,2
1425565748848535,3532800.000000,3
1425565748848796,3532800.000000,4
1425565748848952,3532800.000000,5
1425565748856348,3072000.000000,0
1425565748856608,3072000.000000,1
1425565748856817,3072000.000000,2
1425565748857077,3072000.000000,3
1425565748857285,3072000.000000,4
1425565748857546,3072000.000000,5
1425565752872910,3532800.000000,0
1425565752873067,3532800.000000,1
1425565752873327,3532800.000000,2
1425565752873483,3532800.000000,3
1425565752873640,3532800.000000,4
1425565752873848,3532800.000000,5
1425565756833067,1555200.000000,0
1425565756833223,1555200.000000,1
1425565756833379,1555200.000000,2
1425565756833535,1555200.000000,3
1425565756833692,1555200.000000,4
1425565756833848,1555200.000000,5
1425565756867910,3532800.000000,0
1425565756868223,3532800.000000,1
1425565756868640,3532800.000000,2
1425565756869004,3532800.000000,3
1425565756869421,3532800.000000,4
1425565756869733,3532800.000000,5
1425565760844004,2400000.000000,0
1425565760844265,2400000.000000,1
1425565760844421,2400000.000000,2
1425565760844577,2400000.000000,3
1425565760844733,2400000.000000,4
1425565760844890,2400000.000000,5
1425565760899629,3532800.000000,0
1425565760899890,3532800.000000,1
1425565760900098,3532800.000000,2
1425565760900358,3532800.000000,3
1425565760900567,3532800.000000,4
1425565760900827,3532800.000000,5
1425565764906035,2400000.000000,0
1425565764906192,2400000.000000,1
1425565764906348,2400000.000000,2
1425565764906504,2400000.000000,3
1425565764906660,2400000.000000,4
1425565764906817,2400000.000000,5
1425565764910046,3321600.000000,0
1425565764910254,3321600.000000,1
1425565764910515,3321600.000000,2
1425565764910723,3321600.000000,3
1425565764910983,3321600.000000,4
1425565764911192,3321600.000000,5
1425565764998692,3532800.000000,0
1425565764999004,3532800.000000,1
1425565764999160,3532800.000000,2
1425565764999473,3532800.000000,3
1425565764999629,3532800.000000,4
1425565764999890,3532800.000000,5
1425565775101608,2227200.000000,0
1425565775101765,2227200.000000,1
1425565775104473,2227200.000000,2
1425565775104629,2227200.000000,3
1425565775104785,2227200.000000,4
1425565775105046,2227200.000000,5
1425565776955723,3532800.000000,0
1425565776956035,3532800.000000,1
1425565776956296,3532800.000000,2
1425565776956504,3532800.000000,3
1425565776956765,3532800.000000,4
1425565776956973,3532800.000000,5
1425565791354942,3321600.000000,0
1425565791355098,3321600.000000,1
1425565791355254,3321600.000000,2
1425565791355410,3321600.000000,3
1425565791355567,3321600.000000,4
1425565791355723,3321600.000000,5
1425565792901296,3532800.000000,0
1425565792901452,3532800.000000,1
1425565792901608,3532800.000000,2
1425565792901765,3532800.000000,3
1425565792901973,3532800.000000,4
1425565792902129,3532800.000000,5
1425565807639473,2745600.000000,0
1425565807639629,2745600.000000,1
1425565807639785,2745600.000000,2
1425565807639942,2745600.000000,3
1425565807640098,2745600.000000,4
1425565807640254,2745600.000000,5
1425565807723483,3532800.000000,0
1425565807723692,3532800.000000,1
1425565807723848,3532800.000000,2
1425565807724108,3532800.000000,3
1425565807724317,3532800.000000,4
1425565807724473,3532800.000000,5
1425565823496192,2227200.000000,0
1425565823496348,2227200.000000,1
1425565823496504,2227200.000000,2
1425565823496765,2227200.000000,3
1425565823496973,2227200.000000,4
1425565823497129,2227200.000000,5
1425565823600098,3532800.000000,0
1425565823600410,3532800.000000,1
1425565823600723,3532800.000000,2
1425565823601035,3532800.000000,3
1425565823601452,3532800.000000,4
1425565823601765,3532800.000000,5
1425565840946035,1785600.000000,0
1425565840946296,1785600.000000,1
1425565840946504,1785600.000000,2
1425565840946660,1785600.000000,3
1425565840946921,1785600.000000,4
1425565840947233,1785600.000000,5
1425565841035514,2745600.000000,0
1425565841035983,2745600.000000,1
1425565841036348,2745600.000000,2
1425565841036764,2745600.000000,3
1425565841037129,2745600.000000,4
1425565841037546,2745600.000000,5
1425565841124317,3532800.000000,0
1425565841124577,3532800.000000,1
1425565841124785,3532800.000000,2
1425565841124942,3532800.000000,3
1425565841125098,3532800.000000,4
1425565841125358,3532800.000000,5
1425565843117702,3321600.000000,0
1425565843117858,3321600.000000,1
1425565843118067,3321600.000000,2
1425565843118223,3321600.000000,3
1425565843118379,3321600.000000,4
1425565843118535,3321600.000000,5
1425565845062858,3532800.000000,0
1425565845063014,3532800.000000,1
1425565845063171,3532800.000000,2
1425565845063483,3532800.000000,3
1425565845063692,3532800.000000,4
1425565845063848,3532800.000000,5
1425565845112442,3321600.000000,0
1425565845112598,3321600.000000,1
1425565845112858,3321600.000000,2
1425565845113067,3321600.000000,3
1425565845113223,3321600.000000,4
1425565845113379,3321600.000000,5
1425565845117910,2745600.000000,0
1425565845118223,2745600.000000,1
1425565845118483,2745600.000000,2
1425565845118692,2745600.000000,3
1425565845119160,2745600.000000,4
1425565845119421,2745600.000000,5
1425565845126296,3321600.000000,0
1425565845126504,3321600.000000,1
1425565845126660,3321600.000000,2
1425565845126817,3321600.000000,3
1425565845126973,3321600.000000,4
1425565845127129,3321600.000000,5
1425565848872754,2745600.000000,0
1425565848873014,2745600.000000,1
1425565848873223,2745600.000000,2
1425565848873379,2745600.000000,3
1425565848873692,2745600.000000,4
1425565848873848,2745600.000000,5
1425565848876035,3072000.000000,0
1425565848876192,3072000.000000,1
1425565848876348,3072000.000000,2
1425565848876608,3072000.000000,3
1425565848876817,3072000.000000,4
1425565848876973,3072000.000000,5
1425565848916192,3532800.000000,0
1425565848916452,3532800.000000,1
1425565848916660,3532800.000000,2
1425565848916817,3532800.000000,3
1425565848917077,3532800.000000,4
1425565848917285,3532800.000000,5
1425565849017546,3072000.000000,0
1425565849017754,3072000.000000,1
1425565849018014,3072000.000000,2
1425565849018223,3072000.000000,3
1425565849018379,3072000.000000,4
1425565849018639,3072000.000000,5
1425565852851452,2745600.000000,0
1425565852851608,2745600.000000,1
1425565852851817,2745600.000000,2
1425565852851973,2745600.000000,3
1425565852852129,2745600.000000,4
1425565852852285,2745600.000000,5
1425565855090202,3532800.000000,0
1425565855090514,3532800.000000,1
1425565855090723,3532800.000000,2
1425565855090879,3532800.000000,3
1425565855091139,3532800.000000,4
1425565855091348,3532800.000000,5
1425565870759733,3072000.000000,0
1425565870759889,3072000.000000,1
1425565870760046,3072000.000000,2
1425565870760202,3072000.000000,3
1425565870760358,3072000.000000,4
1425565870760514,3072000.000000,5
1425565872927702,1555200.000000,0
1425565872927910,1555200.000000,1
1425565872928171,1555200.000000,2
1425565872928379,1555200.000000,3
1425565872928639,1555200.000000,4
1425565872928848,1555200.000000,5
1425565873000098,3532800.000000,0
1425565873000514,3532800.000000,1
1425565873000879,3532800.000000,2
1425565873001192,3532800.000000,3
1425565873001504,3532800.000000,4
1425565873001921,3532800.000000,5
1425565873096660,3072000.000000,0
1425565873097129,3072000.000000,1
1425565873097598,3072000.000000,2
1425565873097910,3072000.000000,3
1425565873098327,3072000.000000,4
1425565873098639,3072000.000000,5
1425565876874629,3532800.000000,0
1425565876874785,3532800.000000,1
1425565876874942,3532800.000000,2
1425565876875202,3532800.000000,3
1425565876875358,3532800.000000,4
1425565876875567,3532800.000000,5
1425565888851973,2918400.000000,0
1425565888852129,2918400.000000,1
1425565888852285,2918400.000000,2
1425565888852442,2918400.000000,3
1425565888852598,2918400.000000,4
1425565888852754,2918400.000000,5
1425565888906973,3532800.000000,0
1425565888907129,3532800.000000,1
1425565888907389,3532800.000000,2
1425565888907598,3532800.000000,3
1425565888907754,3532800.000000,4
1425565888907910,3532800.000000,5
1425565892843067,3072000.000000,0
1425565892843223,3072000.000000,1
1425565892843379,3072000.000000,2
1425565892843535,3072000.000000,3
1425565892843692,3072000.000000,4
1425565892843848,3072000.000000,5
1425565892872910,3532800.000000,0
1425565892873171,3532800.000000,1
1425565892873379,3532800.000000,2
1425565892873639,3532800.000000,3
1425565892873848,3532800.000000,4
1425565892874108,3532800.000000,5
1425565892930567,3072000.000000,0
1425565892930723,3072000.000000,1
1425565892931035,3072000.000000,2
1425565892931192,3072000.000000,3
1425565892931348,3072000.000000,4
1425565892931660,3072000.000000,5
1425565894113067,3532800.000000,0
1425565894113327,3532800.000000,1
1425565894113535,3532800.000000,2
1425565894113796,3532800.000000,3
1425565894114004,3532800.000000,4
1425565894114264,3532800.000000,5
1425565894134785,3072000.000000,0
1425565894135098,3072000.000000,1
1425565894135254,3072000.000000,2
1425565894135567,3072000.000000,3
1425565894135827,3072000.000000,4
1425565894136035,3072000.000000,5
1425565896881764,3532800.000000,0
1425565896881973,3532800.000000,1
1425565896882129,3532800.000000,2
1425565896882285,3532800.000000,3
1425565896882442,3532800.000000,4
1425565896882702,3532800.000000,5
1425565896929317,3072000.000000,0
1425565896929473,3072000.000000,1
1425565896929629,3072000.000000,2
1425565896929785,3072000.000000,3
1425565896929942,3072000.000000,4
1425565896930098,3072000.000000,5
1425565900854629,3532800.000000,0
1425565900854889,3532800.000000,1
1425565900855098,3532800.000000,2
1425565900855358,3532800.000000,3
1425565900855567,3532800.000000,4
1425565900855723,3532800.000000,5
1425565904858223,1785600.000000,0
1425565904858379,1785600.000000,1
1425565904858535,1785600.000000,2
1425565904858692,1785600.000000,3
1425565904858848,1785600.000000,4
1425565904859004,1785600.000000,5
1425565904875514,2227200.000000,0
1425565904875983,2227200.000000,1
1425565904876348,2227200.000000,2
1425565904876764,2227200.000000,3
1425565904877233,2227200.000000,4
1425565904877598,2227200.000000,5
1425565904896764,3321600.000000,0
1425565904897129,3321600.000000,1
1425565904897442,3321600.000000,2
1425565904897754,3321600.000000,3
1425565904898067,3321600.000000,4
1425565904898379,3321600.000000,5
1425565904908639,2227200.000000,0
1425565904908952,2227200.000000,1
1425565904909317,2227200.000000,2
1425565904909629,2227200.000000,3
1425565904909942,2227200.000000,4
1425565904910254,2227200.000000,5
1425565904984785,3532800.000000,0
1425565904985098,3532800.000000,1
1425565904985358,3532800.000000,2
1425565904985567,3532800.000000,3
1425565904985827,3532800.000000,4
1425565904986035,3532800.000000,5
1425565905644785,2745600.000000,0
1425565905644942,2745600.000000,1
1425565905645098,2745600.000000,2
1425565905645358,2745600.000000,3
1425565905645567,2745600.000000,4
1425565905645723,2745600.000000,5
1425565908858692,3532800.000000,0
1425565908859004,3532800.000000,1
1425565908859264,3532800.000000,2
1425565908859473,3532800.000000,3
1425565908859785,3532800.000000,4
1425565908859942,3532800.000000,5
1425565912855567,2745600.000000,0
1425565912855827,2745600.000000,1
1425565912856035,2745600.000000,2
1425565912856192,2745600.000000,3
1425565912856348,2745600.000000,4
1425565912856660,2745600.000000,5
1425565912886296,3532800.000000,0
1425565912886504,3532800.000000,1
1425565912886660,3532800.000000,2
1425565912886921,3532800.000000,3
1425565912887129,3532800.000000,4
1425565912887285,3532800.000000,5
1425565913210514,1785600.000000,0
1425565913210723,1785600.000000,1
1425565913210879,1785600.000000,2
1425565913211035,1785600.000000,3
1425565913211192,1785600.000000,4
1425565913211348,1785600.000000,5
1425565913265723,3532800.000000,0
1425565913266035,3532800.000000,1
1425565913266348,3532800.000000,2
1425565913266660,3532800.000000,3
1425565913266973,3532800.000000,4
1425565913267285,3532800.000000,5
1425565913304160,1785600.000000,0
1425565913304577,1785600.000000,1
1425565913304889,1785600.000000,2
1425565913305202,1785600.000000,3
1425565913305514,1785600.000000,4
1425565913305827,1785600.000000,5
1425565916858067,2745600.000000,0
1425565916858379,2745600.000000,1
1425565916858692,2745600.000000,2
1425565916859108,2745600.000000,3
1425565916859421,2745600.000000,4
1425565916859733,2745600.000000,5
1425565916870410,3321600.000000,0
1425565916870723,3321600.000000,1
1425565916871035,3321600.000000,2
1425565916871348,3321600.000000,3
1425565916871660,3321600.000000,4
1425565916871973,3321600.000000,5
1425565916887285,3532800.000000,0
1425565916887754,3532800.000000,1
1425565916888223,3532800.000000,2
1425565916888639,3532800.000000,3
1425565916889004,3532800.000000,4
1425565916889317,3532800.000000,5
1425565920851973,1785600.000000,0
1425565920852129,1785600.000000,1
1425565920852285,1785600.000000,2
1425565920852442,1785600.000000,3
1425565920852598,1785600.000000,4
1425565920852754,1785600.000000,5
1425565920871660,3532800.000000,0
1425565920871973,3532800.000000,1
1425565920872389,3532800.000000,2
1425565920872702,3532800.000000,3
1425565920873014,3532800.000000,4
1425565920873327,3532800.000000,5
1425565921861973,3321600.000000,0
1425565921862129,3321600.000000,1
1425565921862285,3321600.000000,2
1425565921862442,3321600.000000,3
1425565921862598,3321600.000000,4
1425565921862754,3321600.000000,5
1425565924871296,3532800.000000,0
1425565924871452,3532800.000000,1
1425565924871660,3532800.000000,2
1425565924871817,3532800.000000,3
1425565924871973,3532800.000000,4
1425565924872129,3532800.000000,5
1425565928163535,2918400.000000,0
1425565928163692,2918400.000000,1
1425565928163848,2918400.000000,2
1425565928165098,2918400.000000,3
1425565928165254,2918400.000000,4
1425565928165410,2918400.000000,5
1425565928214264,3321600.000000,0
1425565928214473,3321600.000000,1
1425565928214629,3321600.000000,2
1425565928214785,3321600.000000,3
1425565928215046,3321600.000000,4
1425565928215254,3321600.000000,5
1425565936864473,2400000.000000,0
1425565936864629,2400000.000000,1
1425565936864942,2400000.000000,2
1425565936865098,2400000.000000,3
1425565936865358,2400000.000000,4
1425565936865514,2400000.000000,5
1425565936950410,3532800.000000,0
1425565936950723,3532800.000000,1
1425565936951035,3532800.000000,2
1425565936951296,3532800.000000,3
1425565936951608,3532800.000000,4
1425565936951921,3532800.000000,5
1425565952879317,2227200.000000,0
1425565952879577,2227200.000000,1
1425565952879733,2227200.000000,2
1425565952879889,2227200.000000,3
1425565952880046,2227200.000000,4
1425565952880202,2227200.000000,5
1425565952892910,1555200.000000,0
1425565952893223,1555200.000000,1
1425565952893535,1555200.000000,2
1425565952893952,1555200.000000,3
1425565952894264,1555200.000000,4
1425565952894577,1555200.000000,5
1425565952968639,3532800.000000,0
1425565952969108,3532800.000000,1
1425565952969473,3532800.000000,2
1425565952969942,3532800.000000,3
1425565952970410,3532800.000000,4
1425565952970879,3532800.000000,5
1425565968933327,2227200.000000,0
1425565968933535,2227200.000000,1
1425565968933692,2227200.000000,2
1425565968933952,2227200.000000,3
1425565968934160,2227200.000000,4
1425565968934317,2227200.000000,5
1425565968963171,1555200.000000,0
1425565968963379,1555200.000000,1
1425565968963692,1555200.000000,2
1425565968963952,1555200.000000,3
1425565968964160,1555200.000000,4
1425565968964421,1555200.000000,5
1425565969298952,2227200.000000,0
1425565969299317,2227200.000000,1
1425565969299785,2227200.000000,2
1425565969300098,2227200.000000,3
1425565969300514,2227200.000000,4
1425565969300879,2227200.000000,5
1425565969733483,1555200.000000,0
1425565969733692,1555200.000000,1
1425565969733952,1555200.000000,2
1425565969734264,1555200.000000,3
1425565969734473,1555200.000000,4
1425565969734785,1555200.000000,5
1425565972313483,3532800.000000,0
1425565972313848,3532800.000000,1
1425565972314160,3532800.000000,2
1425565972314577,3532800.000000,3
1425565972314942,3532800.000000,4
1425565972315254,3532800.000000,5
1425565982791192,2227200.000000,0
1425565982791452,2227200.000000,1
1425565982791608,2227200.000000,2
1425565982791764,2227200.000000,3
1425565982791921,2227200.000000,4
1425565982792077,2227200.000000,5
1425565983224473,3072000.000000,0
1425565983224785,3072000.000000,1
1425565983225098,3072000.000000,2
1425565983225410,3072000.000000,3
1425565983225723,3072000.000000,4
1425565983226035,3072000.000000,5
1425565983260879,2227200.000000,0
1425565983261296,2227200.000000,1
1425565983261608,2227200.000000,2
1425565983261921,2227200.000000,3
1425565983262233,2227200.000000,4
1425565983262546,2227200.000000,5
1425565985146504,3072000.000000,0
1425565985146817,3072000.000000,1
1425565985147077,3072000.000000,2
1425565985147285,3072000.000000,3
1425565985147546,3072000.000000,4
1425565985147858,3072000.000000,5
1425565988688952,2227200.000000,0
1425565988689160,2227200.000000,1
1425565988689317,2227200.000000,2
1425565988689473,2227200.000000,3
1425565988689733,2227200.000000,4
1425565988689889,2227200.000000,5
1425565988844629,3072000.000000,0
1425565988844942,3072000.000000,1
1425565988845254,3072000.000000,2
1425565988845410,3072000.000000,3
1425565988845723,3072000.000000,4
1425565988845879,3072000.000000,5
1425565988866973,3532800.000000,0
1425565988867285,3532800.000000,1
1425565988867442,3532800.000000,2
1425565988867754,3532800.000000,3
1425565988868014,3532800.000000,4
1425565988868223,3532800.000000,5
1425565989033223,3072000.000000,0
1425565989033379,3072000.000000,1
1425565989033639,3072000.000000,2
1425565989033848,3072000.000000,3
1425565989034004,3072000.000000,4
1425565989034264,3072000.000000,5
1425565994719733,2227200.000000,0
1425565994719942,2227200.000000,1
1425565994720098,2227200.000000,2
1425565994720358,2227200.000000,3
1425565994720567,2227200.000000,4
1425565994720723,2227200.000000,5
1425565994769004,3072000.000000,0
1425565994769317,3072000.000000,1
1425565994769629,3072000.000000,2
1425565994769785,3072000.000000,3
1425565994770098,3072000.000000,4
1425565994770358,3072000.000000,5
1425565994798692,2227200.000000,0
1425565994799004,2227200.000000,1
1425565994799317,2227200.000000,2
1425565994799577,2227200.000000,3
1425565994799785,2227200.000000,4
1425565994800046,2227200.000000,5
1425565995938952,3072000.000000,0
1425565995939160,3072000.000000,1
1425565995939473,3072000.000000,2
1425565995939733,3072000.000000,3
1425565995940046,3072000.000000,4
1425565995940254,3072000.000000,5
1425565995967754,2227200.000000,0
1425565995968067,2227200.000000,1
1425565995968327,2227200.000000,2
1425565995968535,2227200.000000,3
1425565995968848,2227200.000000,4
1425565995969108,2227200.000000,5
1425565997925410,3072000.000000,0
1425565997925723,3072000.000000,1
1425565997925879,3072000.000000,2
1425565997926192,3072000.000000,3
1425565997926452,3072000.000000,4
1425565997926660,3072000.000000,5
1425565997953327,2227200.000000,0
1425565997953535,2227200.000000,1
1425565997953848,2227200.000000,2
1425565997954108,2227200.000000,3
1425565997954317,2227200.000000,4
1425565997954629,2227200.000000,5
1425565998732858,3072000.000000,0
1425565998733067,3072000.000000,1
1425565998733379,3072000.000000,2
1425565998733639,3072000.000000,3
1425565998733848,3072000.000000,4
1425565998734160,3072000.000000,5
1425566000857598,3532800.000000,0
1425566000857754,3532800.000000,1
1425566000857910,3532800.000000,2
1425566000858171,3532800.000000,3
1425566000858327,3532800.000000,4
1425566000858535,3532800.000000,5
1425566000864629,3072000.000000,0
1425566000864889,3072000.000000,1
1425566000865046,3072000.000000,2
1425566000865254,3072000.000000,3
1425566000865410,3072000.000000,4
1425566000865567,3072000.000000,5
1425566000915046,3532800.000000,0
1425566000915254,3532800.000000,1
1425566000915514,3532800.000000,2
1425566000915723,3532800.000000,3
1425566000915983,3532800.000000,4
1425566000916192,3532800.000000,5
1425566000930202,3072000.000000,0
1425566000930410,3072000.000000,1
1425566000930671,3072000.000000,2
1425566000930879,3072000.000000,3
1425566000931139,3072000.000000,4
1425566000931348,3072000.000000,5
1425566005601921,2745600.000000,0
1425566005602129,2745600.000000,1
1425566005602285,2745600.000000,2
1425566005603014,2745600.000000,3
1425566005603223,2745600.000000,4
1425566005603379,2745600.000000,5
1425566008910827,3532800.000000,0
1425566008911035,3532800.000000,1
1425566008911296,3532800.000000,2
1425566008911504,3532800.000000,3
1425566008911660,3532800.000000,4
1425566008911817,3532800.000000,5
1425566012846817,2745600.000000,0
1425566012846973,2745600.000000,1
1425566012847129,2745600.000000,2
1425566012847285,2745600.000000,3
1425566012847442,2745600.000000,4
1425566012847702,2745600.000000,5
1425566012922858,3072000.000000,0
1425566012923067,3072000.000000,1
1425566012923223,3072000.000000,2
1425566012923483,3072000.000000,3
1425566012923692,3072000.000000,4
1425566012923848,3072000.000000,5
1425566014739108,2227200.000000,0
1425566014739317,2227200.000000,1
1425566014739473,2227200.000000,2
1425566014739629,2227200.000000,3
1425566014739785,2227200.000000,4
1425566014740046,2227200.000000,5
1425566016357077,2745600.000000,0
1425566016357285,2745600.000000,1
1425566016357598,2745600.000000,2
1425566016357858,2745600.000000,3
1425566016358067,2745600.000000,4
1425566016358327,2745600.000000,5
1425566016385567,2227200.000000,0
1425566016385827,2227200.000000,1
1425566016386035,2227200.000000,2
1425566016386348,2227200.000000,3
1425566016386608,2227200.000000,4
1425566016386817,2227200.000000,5
1425566016572702,1555200.000000,0
1425566016573014,1555200.000000,1
1425566016573223,1555200.000000,2
1425566016573483,1555200.000000,3
1425566016573692,1555200.000000,4
1425566016574004,1555200.000000,5
1425566016840567,2227200.000000,0
1425566016841035,2227200.000000,1
1425566016841504,2227200.000000,2
1425566016841973,2227200.000000,3
1425566016842442,2227200.000000,4
1425566016842858,2227200.000000,5
1425566016894473,3532800.000000,0
1425566016894785,3532800.000000,1
1425566016895202,3532800.000000,2
1425566016895514,3532800.000000,3
1425566016895827,3532800.000000,4
1425566016896139,3532800.000000,5
1425566016900723,2227200.000000,0
1425566016901035,2227200.000000,1
1425566016901348,2227200.000000,2
1425566016901660,2227200.000000,3
1425566016901973,2227200.000000,4
1425566016902285,2227200.000000,5
1425566020910879,3532800.000000,0
1425566020911139,3532800.000000,1
1425566020911348,3532800.000000,2
1425566020911660,3532800.000000,3
1425566020911817,3532800.000000,4
1425566020912129,3532800.000000,5
1425566022625879,2227200.000000,0
1425566022626139,2227200.000000,1
1425566022626296,2227200.000000,2
1425566022626452,2227200.000000,3
1425566022626608,2227200.000000,4
1425566022626764,2227200.000000,5
1425566022683379,2745600.000000,0
1425566022683692,2745600.000000,1
1425566022683952,2745600.000000,2
1425566022684160,2745600.000000,3
1425566022684421,2745600.000000,4
1425566022684629,2745600.000000,5
1425566022720254,2227200.000000,0
1425566022720567,2227200.000000,1
1425566022720827,2227200.000000,2
1425566022721035,2227200.000000,3
1425566022721348,2227200.000000,4
1425566022721608,2227200.000000,5
1425566024236660,1555200.000000,0
1425566024236921,1555200.000000,1
1425566024237129,1555200.000000,2
1425566024237442,1555200.000000,3
1425566024237702,1555200.000000,4
1425566024237910,1555200.000000,5
1425566024361035,2745600.000000,0
1425566024361504,2745600.000000,1
1425566024361973,2745600.000000,2
1425566024362442,2745600.000000,3
1425566024362858,2745600.000000,4
1425566024363327,2745600.000000,5
1425566024405983,2227200.000000,0
1425566024406452,2227200.000000,1
1425566024406817,2227200.000000,2
1425566024407285,2227200.000000,3
1425566024407754,2227200.000000,4
1425566024410410,2227200.000000,5
1425566028871817,3532800.000000,0
1425566028872129,3532800.000000,1
1425566028872389,3532800.000000,2
1425566028872598,3532800.000000,3
1425566028872910,3532800.000000,4
1425566028873171,3532800.000000,5
1425566028897754,2745600.000000,0
1425566028898067,2745600.000000,1
1425566028898327,2745600.000000,2
1425566028898535,2745600.000000,3
1425566028898848,2745600.000000,4
1425566028899004,2745600.000000,5
1425566029005983,1555200.000000,0
1425566029006192,1555200.000000,1
1425566029006348,1555200.000000,2
1425566029006660,1555200.000000,3
1425566029006817,1555200.000000,4
1425566029007077,1555200.000000,5
1425566029027702,2745600.000000,0
1425566029028067,2745600.000000,1
1425566029028483,2745600.000000,2
1425566029028796,2745600.000000,3
1425566029029160,2745600.000000,4
1425566029029473,2745600.000000,5
1425566029129629,2227200.000000,0
1425566029130046,2227200.000000,1
1425566029130410,2227200.000000,2
1425566029130827,2227200.000000,3
1425566029131139,2227200.000000,4
1425566029131504,2227200.000000,5
1425566032886296,1785600.000000,0
1425566032886608,1785600.000000,1
1425566032886973,1785600.000000,2
1425566032887233,1785600.000000,3
1425566032887598,1785600.000000,4
1425566032887910,1785600.000000,5
1425566032959317,3532800.000000,0
1425566032959733,3532800.000000,1
1425566032960046,3532800.000000,2
1425566032960358,3532800.000000,3
1425566032960671,3532800.000000,4
1425566032960983,3532800.000000,5
1425566032963952,2400000.000000,0
1425566032964317,2400000.000000,1
1425566032964733,2400000.000000,2
1425566032965098,2400000.000000,3
1425566032965514,2400000.000000,4
1425566032965879,2400000.000000,5
1425566036912754,1785600.000000,0
1425566036913067,1785600.000000,1
1425566036913379,1785600.000000,2
1425566036913692,1785600.000000,3
1425566036914004,1785600.000000,4
1425566036914264,1785600.000000,5
1425566037000410,2400000.000000,0
1425566037000723,2400000.000000,1
1425566037001035,2400000.000000,2
1425566037001452,2400000.000000,3
1425566037001764,2400000.000000,4
1425566037002077,2400000.000000,5
1425566037071660,1785600.000000,0
1425566037071973,1785600.000000,1
1425566037072129,1785600.000000,2
1425566037072442,1785600.000000,3
1425566037072598,1785600.000000,4
1425566037072910,1785600.000000,5
1425566039060098,1555200.000000,0
1425566039060410,1555200.000000,1
1425566039060723,1555200.000000,2
1425566039061035,1555200.000000,3
1425566039061348,1555200.000000,4
1425566039061660,1555200.000000,5
1425566039136348,1785600.000000,0
1425566039136764,1785600.000000,1
1425566039137129,1785600.000000,2
1425566039137546,1785600.000000,3
1425566039137910,1785600.000000,4
1425566039138223,1785600.000000,5
1425566039251035,1555200.000000,0
1425566039251348,1555200.000000,1
1425566039251660,1555200.000000,2
1425566039251973,1555200.000000,3
1425566039252285,1555200.000000,4
1425566039252598,1555200.000000,5
1425566039330567,1785600.000000,0
1425566039330983,1785600.000000,1
1425566039331348,1785600.000000,2
1425566039331660,1785600.000000,3
1425566039332077,1785600.000000,4
1425566039332442,1785600.000000,5
1425566039571660,1555200.000000,0
1425566039572077,1555200.000000,1
1425566039572389,1555200.000000,2
1425566039572702,1555200.000000,3
1425566039573014,1555200.000000,4
1425566039573327,1555200.000000,5
1425566039660254,2227200.000000,0
1425566039660567,2227200.000000,1
1425566039660983,2227200.000000,2
1425566039661348,2227200.000000,3
1425566039661660,2227200.000000,4
1425566039661973,2227200.000000,5
1425566039714264,2918400.000000,0
1425566039714629,2918400.000000,1
1425566039715046,2918400.000000,2
1425566039715410,2918400.000000,3
1425566039715723,2918400.000000,4
1425566039716035,2918400.000000,5
1425566039972702,1555200.000000,0
1425566039972910,1555200.000000,1
1425566039973067,1555200.000000,2
1425566039973327,1555200.000000,3
1425566039973535,1555200.000000,4
1425566039973692,1555200.000000,5
1425566039984004,1785600.000000,0
1425566039984421,1785600.000000,1
1425566039984785,1785600.000000,2
1425566039985098,1785600.000000,3
1425566039985514,1785600.000000,4
1425566039985879,1785600.000000,5
1425566040184473,1555200.000000,0
1425566040184785,1555200.000000,1
1425566040185098,1555200.000000,2
1425566040185410,1555200.000000,3
1425566040185827,1555200.000000,4
1425566040186139,1555200.000000,5
1425566040299473,1785600.000000,0
1425566040299785,1785600.000000,1
1425566040300202,1785600.000000,2
1425566040300567,1785600.000000,3
1425566040300879,1785600.000000,4
1425566040301296,1785600.000000,5
1425566040345723,1555200.000000,0
1425566040346139,1555200.000000,1
1425566040346452,1555200.000000,2
1425566040346764,1555200.000000,3
1425566040347077,1555200.000000,4
1425566040347285,1555200.000000,5
1425566040446139,1785600.000000,0
1425566040446504,1785600.000000,1
1425566040446817,1785600.000000,2
1425566040447233,1785600.000000,3
1425566040447546,1785600.000000,4
1425566040447910,1785600.000000,5
1425566040531139,1555200.000000,0
1425566040531452,1555200.000000,1
1425566040531764,1555200.000000,2
1425566040532077,1555200.000000,3
1425566040532389,1555200.000000,4
1425566040532754,1555200.000000,5
1425566040622754,1785600.000000,0
1425566040623171,1785600.000000,1
1425566040623535,1785600.000000,2
1425566040623848,1785600.000000,3
1425566040624264,1785600.000000,4
1425566040624629,1785600.000000,5
1425566040713848,1555200.000000,0
1425566040714160,1555200.000000,1
1425566040714473,1555200.000000,2
1425566040714785,1555200.000000,3
1425566040715098,1555200.000000,4
1425566040715410,1555200.000000,5
1425566040791973,1785600.000000,0
1425566040792389,1785600.000000,1
1425566040792754,1785600.000000,2
1425566040793067,1785600.000000,3
1425566040793483,1785600.000000,4
1425566040793848,1785600.000000,5
1425566040986192,3532800.000000,0
1425566040986608,3532800.000000,1
1425566040986921,3532800.000000,2
1425566040987233,3532800.000000,3
1425566040987546,3532800.000000,4
1425566040987858,3532800.000000,5
1425566041046139,1785600.000000,0
1425566041046608,1785600.000000,1
1425566041046973,1785600.000000,2
1425566041047442,1785600.000000,3
1425566041047754,1785600.000000,4
1425566041048223,1785600.000000,5
1425566041630098,2400000.000000,0
1425566041630514,2400000.000000,1
1425566041630827,2400000.000000,2
1425566041631139,2400000.000000,3
1425566041631452,2400000.000000,4
1425566041631764,2400000.000000,5
1425566048333535,1996800.000000,0
1425566048333848,1996800.000000,1
1425566048335410,1996800.000000,2
1425566048335723,1996800.000000,3
1425566048336035,1996800.000000,4
1425566048336452,1996800.000000,5
1425566048573327,2400000.000000,0
1425566048573535,2400000.000000,1
1425566048573848,2400000.000000,2
1425566048574160,2400000.000000,3
1425566048574421,2400000.000000,4
1425566048574733,2400000.000000,5
1425566049998067,1996800.000000,0
1425566049998223,1996800.000000,1
1425566049998535,1996800.000000,2
1425566049998796,1996800.000000,3
1425566049999004,1996800.000000,4
1425566049999317,1996800.000000,5
1425566050146817,2400000.000000,0
1425566050147129,2400000.000000,1
1425566050147389,2400000.000000,2
1425566050147702,2400000.000000,3
1425566050147910,2400000.000000,4
1425566050148223,2400000.000000,5
1425566050155671,1996800.000000,0
1425566050155983,1996800.000000,1
1425566050156296,1996800.000000,2
1425566050156504,1996800.000000,3
1425566050156817,1996800.000000,4
1425566050157129,1996800.000000,5
1425566052361973,2400000.000000,0
1425566052362233,2400000.000000,1
1425566052362546,2400000.000000,2
1425566052362754,2400000.000000,3
1425566052363067,2400000.000000,4
1425566052363379,2400000.000000,5
1425566053125723,3072000.000000,0
1425566053125983,3072000.000000,1
1425566053126191,3072000.000000,2
1425566053126452,3072000.000000,3
1425566053126660,3072000.000000,4
1425566053126973,3072000.000000,5
1425566053142910,2400000.000000,0
1425566053143223,2400000.000000,1
1425566053143483,2400000.000000,2
1425566053143848,2400000.000000,3
1425566053144108,2400000.000000,4
1425566053144421,2400000.000000,5
1425566060843691,1996800.000000,0
1425566060843952,1996800.000000,1
1425566060844160,1996800.000000,2
1425566060844421,1996800.000000,3
1425566060844629,1996800.000000,4
1425566060844941,1996800.000000,5
1425566060905671,2400000.000000,0
1425566060905983,2400000.000000,1
1425566060906191,2400000.000000,2
1425566060906504,2400000.000000,3
1425566060906816,2400000.000000,4
1425566060907077,2400000.000000,5
1425566062877598,1555200.000000,0
1425566062877858,1555200.000000,1
1425566062878066,1555200.000000,2
1425566062878379,1555200.000000,3
1425566062878535,1555200.000000,4
1425566062878848,1555200.000000,5
1425566080933535,2918400.000000,0
1425566080933848,2918400.000000,1
1425566080934264,2918400.000000,2
1425566080934629,2918400.000000,3
1425566080934941,2918400.000000,4
1425566080935254,2918400.000000,5
1425566094731764,3321600.000000,0
1425566094731973,3321600.000000,1
1425566094732129,3321600.000000,2
1425566094732285,3321600.000000,3
1425566094732546,3321600.000000,4
1425566094732754,3321600.000000,5
1425566096626296,1555200.000000,0
1425566096626452,1555200.000000,1
1425566096626608,1555200.000000,2
1425566096626764,1555200.000000,3
1425566096626973,1555200.000000,4
1425566096627129,1555200.000000,5
1425566096696348,3321600.000000,0
1425566096696764,3321600.000000,1
1425566096697129,3321600.000000,2
1425566096697441,3321600.000000,3
1425566096697754,3321600.000000,4
1425566096698171,3321600.000000,5
1425566096717441,1555200.000000,0
1425566096717754,1555200.000000,1
1425566096718171,1555200.000000,2
1425566096718535,1555200.000000,3
1425566096718952,1555200.000000,4
1425566096719316,1555200.000000,5
1425566096738639,3321600.000000,0
1425566096739004,3321600.000000,1
1425566096739316,3321600.000000,2
1425566096739785,3321600.000000,3
1425566096740098,3321600.000000,4
1425566096740514,3321600.000000,5
1425566096968014,3532800.000000,0
1425566096968379,3532800.000000,1
1425566096968796,3532800.000000,2
1425566096969160,3532800.000000,3
1425566096969473,3532800.000000,4
1425566096969889,3532800.000000,5
1425566097020514,3321600.000000,0
1425566097020723,3321600.000000,1
1425566097020983,3321600.000000,2
1425566097021139,3321600.000000,3
1425566097021296,3321600.000000,4
1425566097021452,3321600.000000,5
1425566097086660,3532800.000000,0
1425566097086816,3532800.000000,1
1425566097086973,3532800.000000,2
1425566097087129,3532800.000000,3
1425566097087285,3532800.000000,4
1425566097087441,3532800.000000,5
1425566097649577,3321600.000000,0
1425566097649785,3321600.000000,1
1425566097650046,3321600.000000,2
1425566097650254,3321600.000000,3
1425566097650410,3321600.000000,4
1425566097650671,3321600.000000,5
1425566097814629,3532800.000000,0
1425566097814889,3532800.000000,1
1425566097815098,3532800.000000,2
1425566097815254,3532800.000000,3
1425566097815514,3532800.000000,4
1425566097815723,3532800.000000,5
1425566097961764,3321600.000000,0
1425566097961973,3321600.000000,1
1425566097962129,3321600.000000,2
1425566097962285,3321600.000000,3
1425566097962389,3321600.000000,4
1425566097962598,3321600.000000,5
1425566100848223,1555200.000000,0
1425566100848379,1555200.000000,1
1425566100848535,1555200.000000,2
1425566100848691,1555200.000000,3
1425566100848848,1555200.000000,4
1425566100849108,1555200.000000,5
1425566100866973,3532800.000000,0
1425566100867389,3532800.000000,1
1425566100867754,3532800.000000,2
1425566100868066,3532800.000000,3
1425566100868379,3532800.000000,4
1425566100868796,3532800.000000,5
1425566103513535,1555200.000000,0
1425566103513691,1555200.000000,1
1425566103513848,1555200.000000,2
1425566103514108,1555200.000000,3
1425566103514160,1555200.000000,4
1425566103514421,1555200.000000,5
1425566104804785,3532800.000000,0
1425566104805202,3532800.000000,1
1425566104805566,3532800.000000,2
1425566104805879,3532800.000000,3
1425566104806296,3532800.000000,4
1425566104806660,3532800.000000,5
1425566107900410,1555200.000000,0
1425566107900671,1555200.000000,1
1425566107900827,1555200.000000,2
1425566107900983,1555200.000000,3
1425566107901139,1555200.000000,4
1425566107901348,1555200.000000,5
1425566108003848,3321600.000000,0
1425566108004264,3321600.000000,1
1425566108004629,3321600.000000,2
1425566108004941,3321600.000000,3
1425566108005358,3321600.000000,4
1425566108005723,3321600.000000,5
1425566108012129,1555200.000000,0
1425566108012598,1555200.000000,1
1425566108013066,1555200.000000,2
1425566108013483,1555200.000000,3
1425566108013952,1555200.000000,4
1425566108014421,1555200.000000,5
1425566108048223,3532800.000000,0
1425566108048691,3532800.000000,1
1425566108049160,3532800.000000,2
1425566108049733,3532800.000000,3
1425566108050098,3532800.000000,4
1425566108050566,3532800.000000,5
1425566111402858,3321600.000000,0
1425566111403066,3321600.000000,1
1425566111403223,3321600.000000,2
1425566111403379,3321600.000000,3
1425566111403535,3321600.000000,4
1425566111403691,3321600.000000,5
1425566124826348,3532800.000000,0
1425566124826608,3532800.000000,1
1425566124826764,3532800.000000,2
1425566124826921,3532800.000000,3
1425566124827077,3532800.000000,4
1425566124827233,3532800.000000,5
1425566141314733,1555200.000000,0
1425566141314889,1555200.000000,1
1425566141315098,1555200.000000,2
1425566141315254,1555200.000000,3
1425566141315410,1555200.000000,4
1425566141315566,1555200.000000,5
1425566141370723,3532800.000000,0
1425566141371035,3532800.000000,1
1425566141371452,3532800.000000,2
1425566141371816,3532800.000000,3
1425566141372233,3532800.000000,4
1425566141372598,3532800.000000,5
1425566160843691,2745600.000000,0
1425566160843952,2745600.000000,1
1425566160844108,2745600.000000,2
1425566160844264,2745600.000000,3
1425566160844421,2745600.000000,4
1425566160844577,2745600.000000,5
1425566162651504,1555200.000000,0
1425566162651816,1555200.000000,1
1425566162652129,1555200.000000,2
1425566162652441,1555200.000000,3
1425566162652598,1555200.000000,4
1425566162652910,1555200.000000,5
1425566164826348,2745600.000000,0
1425566164826764,2745600.000000,1
1425566164827129,2745600.000000,2
1425566164827546,2745600.000000,3
1425566164827910,2745600.000000,4
1425566164828223,2745600.000000,5
1425566172465254,1555200.000000,0
1425566172465671,1555200.000000,1
1425566172465879,1555200.000000,2
1425566172466191,1555200.000000,3
1425566172466348,1555200.000000,4
1425566172466660,1555200.000000,5
1425566175982389,556800.000000,0
1425566175982858,556800.000000,1
1425566175983327,556800.000000,2
1425566175983796,556800.000000,3
1425566175984160,556800.000000,4
1425566175984733,556800.000000,5
1425566207316296,1363200.000000,0
1425566207317441,1363200.000000,1
1425566207318483,1363200.000000,2
1425566207319473,1363200.000000,3
1425566207320410,1363200.000000,4
1425566207321452,1363200.000000,5
1425566223925827,1785600.000000,0
1425566223926452,1785600.000000,1
1425566223926973,1785600.000000,2
1425566223927441,1785600.000000,3
1425566223928014,1785600.000000,4
1425566223928535,1785600.000000,5
1425566238845254,556800.000000,0
1425566238845566,556800.000000,1
1425566238845879,556800.000000,2
1425566238846296,556800.000000,3
1425566238846504,556800.000000,4
1425566238846816,556800.000000,5
1425566291799889,748800.000000,0
1425566291801035,748800.000000,1
1425566291802129,748800.000000,2
1425566291803066,748800.000000,3
1425566291804108,748800.000000,4
1425566291805098,748800.000000,5
1425566303050879,1363200.000000,0
1425566303051973,1363200.000000,1
1425566303052910,1363200.000000,2
1425566303053848,1363200.000000,3
1425566303054733,1363200.000000,4
1425566303055723,1363200.000000,5
1425566320370671,1555200.000000,0
1425566320371139,1555200.000000,1
1425566320371504,1555200.000000,2
1425566320371973,1555200.000000,3
1425566320372389,1555200.000000,4
1425566320372754,1555200.000000,5
1425566338239941,556800.000000,0
1425566338240410,556800.000000,1
1425566338240879,556800.000000,2
1425566338241348,556800.000000,3
1425566338241816,556800.000000,4
1425566338242910,556800.000000,5
1425566341720046,748800.000000,0
1425566341721139,748800.000000,1
1425566341722129,748800.000000,2
1425566341723223,748800.000000,3
1425566341724160,748800.000000,4
1425566341725358,748800.000000,5
1425566350929733,556800.000000,0
1425566350931035,556800.000000,1
1425566350932233,556800.000000,2
1425566350936504,556800.000000,3
1425566350937754,556800.000000,4
1425566350939108,556800.000000,5
1425566381258796,1555200.000000,0
1425566381259889,1555200.000000,1
1425566381260879,1555200.000000,2
1425566381261816,1555200.000000,3
1425566381262754,1555200.000000,4
1425566381263848,1555200.000000,5
1425566384935723,556800.000000,0
1425566384936139,556800.000000,1
1425566384936504,556800.000000,2
1425566384936816,556800.000000,3
1425566384937233,556800.000000,4
1425566384937598,556800.000000,5
1425566400959264,1363200.000000,0
1425566400960410,1363200.000000,1
1425566400961452,1363200.000000,2
1425566400962441,1363200.000000,3
1425566400963483,1363200.000000,4
1425566400964473,1363200.000000,5
1425566416861660,1555200.000000,0
1425566416862129,1555200.000000,1
1425566416862702,1555200.000000,2
1425566416863223,1555200.000000,3
1425566416863848,1555200.000000,4
1425566416864316,1555200.000000,5
1425566432885098,556800.000000,0
1425566432885566,556800.000000,1
1425566432886035,556800.000000,2
1425566432886504,556800.000000,3
1425566432886973,556800.000000,4
1425566432890879,556800.000000,5
1425566445860566,748800.000000,0
1425566445861660,748800.000000,1
1425566445862702,748800.000000,2
1425566445863639,748800.000000,3
1425566445864629,748800.000000,4
1425566445865671,748800.000000,5
1425566448920671,556800.000000,0
1425566448921504,556800.000000,1
1425566448922233,556800.000000,2
1425566448923379,556800.000000,3
1425566448924316,556800.000000,4
1425566448925254,556800.000000,5
1425566453987129,748800.000000,0
1425566453988223,748800.000000,1
1425566453989316,748800.000000,2
1425566453990358,748800.000000,3
1425566453991348,748800.000000,4
1425566453992389,748800.000000,5
1425566464903171,556800.000000,0
1425566464904473,556800.000000,1
1425566464905827,556800.000000,2
1425566464906973,556800.000000,3
1425566464908379,556800.000000,4
1425566464909629,556800.000000,5
1425566481104941,1555200.000000,0
1425566481106035,1555200.000000,1
1425566481107285,1555200.000000,2
1425566481108223,1555200.000000,3
1425566481109160,1555200.000000,4
1425566481110254,1555200.000000,5
1425566495316816,1785600.000000,0
1425566495317233,1785600.000000,1
1425566495317598,1785600.000000,2
1425566495317910,1785600.000000,3
1425566495318327,1785600.000000,4
1425566495318691,1785600.000000,5
1425566512568535,1152000.000000,0
1425566512568848,1152000.000000,1
1425566512569160,1152000.000000,2
1425566512569473,1152000.000000,3
1425566512569785,1152000.000000,4
1425566512570202,1152000.000000,5
1425566528869733,556800.000000,0
1425566528870410,556800.000000,1
1425566528871191,556800.000000,2
1425566528872441,556800.000000,3
1425566528873691,556800.000000,4
1425566528874941,556800.000000,5
1425566541946920,960000.000000,0
1425566541948066,960000.000000,1
1425566541951504,960000.000000,2
1425566541952598,960000.000000,3
1425566541953535,960000.000000,4
1425566541954473,960000.000000,5
1425566542779264,556800.000000,0
1425566542779889,556800.000000,1
1425566542780410,556800.000000,2
1425566542781035,556800.000000,3
1425566542781973,556800.000000,4
1425566542783014,556800.000000,5
1425566543741348,748800.000000,0
1425566543742702,748800.000000,1
1425566543743848,748800.000000,2
1425566543745202,748800.000000,3
1425566543746504,748800.000000,4
1425566543747702,748800.000000,5
1425566543804316,556800.000000,0
1425566543805098,556800.000000,1
1425566543805879,556800.000000,2
1425566543806660,556800.000000,3
1425566543807754,556800.000000,4
1425566543808848,556800.000000,5
1425566545600879,748800.000000,0
1425566545602077,748800.000000,1
1425566545603014,748800.000000,2
1425566545604004,748800.000000,3
1425566545605045,748800.000000,4
1425566545606139,748800.000000,5
1425566545798379,556800.000000,0
1425566545799264,556800.000000,1
1425566545799941,556800.000000,2
1425566545800827,556800.000000,3
1425566545801920,556800.000000,4
1425566545802858,556800.000000,5
1425566546696608,748800.000000,0
1425566546697702,748800.000000,1
1425566546698691,748800.000000,2
1425566546699629,748800.000000,3
1425566546700670,748800.000000,4
1425566546701608,748800.000000,5
1425566576882077,556800.000000,0
1425566576883379,556800.000000,1
1425566576884629,556800.000000,2
1425566576885879,556800.000000,3
1425566576887129,556800.000000,4
1425566576888327,556800.000000,5
1425566581622129,960000.000000,0
1425566581623223,960000.000000,1
1425566581624316,960000.000000,2
1425566581625254,960000.000000,3
1425566581626295,960000.000000,4
1425566581627285,960000.000000,5
1425566590842910,748800.000000,0
1425566590843795,748800.000000,1
1425566590844577,748800.000000,2
1425566590845566,748800.000000,3
1425566590846452,748800.000000,4
1425566590847441,748800.000000,5
1425566608927233,1363200.000000,0
1425566608928327,1363200.000000,1
1425566608929004,1363200.000000,2
1425566608929785,1363200.000000,3
1425566608930514,1363200.000000,4
1425566608931191,1363200.000000,5
1425566624183379,1152000.000000,0
1425566624183848,1152000.000000,1
1425566624184160,1152000.000000,2
1425566624184629,1152000.000000,3
1425566624185098,1152000.000000,4
1425566624185514,1152000.000000,5
1425566639193379,556800.000000,0
1425566639193952,556800.000000,1
1425566639194473,556800.000000,2
1425566639194941,556800.000000,3
1425566639195827,556800.000000,4
1425566639196920,556800.000000,5
1425566681652129,1152000.000000,0
1425566681653327,1152000.000000,1
1425566681654316,1152000.000000,2
1425566681655254,1152000.000000,3
1425566681656295,1152000.000000,4
1425566681657285,1152000.000000,5
1425566688929264,748800.000000,0
1425566688929733,748800.000000,1
1425566688930202,748800.000000,2
1425566688931504,748800.000000,3
1425566688932285,748800.000000,4
1425566688933066,748800.000000,5
1425566702901816,1363200.000000,0
1425566702902910,1363200.000000,1
1425566702903848,1363200.000000,2
1425566702904889,1363200.000000,3
1425566702905723,1363200.000000,4
1425566702906660,1363200.000000,5
1425566720858535,1152000.000000,0
1425566720859108,1152000.000000,1
1425566720859629,1152000.000000,2
1425566720860202,1152000.000000,3
1425566720860722,1152000.000000,4
1425566720861295,1152000.000000,5
1425566739534941,556800.000000,0
1425566739536504,556800.000000,1
1425566739537754,556800.000000,2
1425566739539004,556800.000000,3
1425566739540358,556800.000000,4
1425566739541660,556800.000000,5
1425566781148535,1152000.000000,0
1425566781149785,1152000.000000,1
1425566781150722,1152000.000000,2
1425566781151660,1152000.000000,3
1425566781152702,1152000.000000,4
1425566781153691,1152000.000000,5
1425566784927858,556800.000000,0
1425566784928327,556800.000000,1
1425566784928795,556800.000000,2
1425566784929316,556800.000000,3
1425566784929733,556800.000000,4
1425566784930202,556800.000000,5
1425566800959004,1363200.000000,0
1425566800960045,1363200.000000,1
1425566800960983,1363200.000000,2
1425566800962129,1363200.000000,3
1425566800963170,1363200.000000,4
1425566800964160,1363200.000000,5
1425566816860254,1555200.000000,0
1425566816860722,1555200.000000,1
1425566816861295,1555200.000000,2
1425566816861816,1555200.000000,3
1425566816862285,1555200.000000,4
1425566816862910,1555200.000000,5
1425566833006452,556800.000000,0
1425566833006816,556800.000000,1
1425566833007233,556800.000000,2
1425566833007597,556800.000000,3
1425566833008014,556800.000000,4
1425566833008379,556800.000000,5
1425566846414316,748800.000000,0
1425566846415879,748800.000000,1
1425566846417285,748800.000000,2
1425566846418535,748800.000000,3
1425566846419785,748800.000000,4
1425566846421035,748800.000000,5
1425566846814316,556800.000000,0
1425566846815254,556800.000000,1
1425566846816347,556800.000000,2
1425566846817389,556800.000000,3
1425566846818379,556800.000000,4
1425566846819472,556800.000000,5
1425566881090202,1555200.000000,0
1425566881091347,1555200.000000,1
1425566881092285,1555200.000000,2
1425566881093327,1555200.000000,3
1425566881094420,1555200.000000,4
1425566881095410,1555200.000000,5
1425566892642285,556800.000000,0
1425566892642754,556800.000000,1
1425566892643066,556800.000000,2
1425566892643535,556800.000000,3
1425566892644316,556800.000000,4
1425566892645410,556800.000000,5
1425566894949629,1555200.000000,0
1425566894950566,1555200.000000,1
1425566894951660,1555200.000000,2
1425566894952702,1555200.000000,3
1425566894953691,1555200.000000,4
1425566894954629,1555200.000000,5
1425566912859004,1152000.000000,0
1425566912859472,1152000.000000,1
1425566912860045,1152000.000000,2
1425566912860514,1152000.000000,3
1425566912861035,1152000.000000,4
1425566912861608,1152000.000000,5
1425566929321660,556800.000000,0
1425566929322233,556800.000000,1
1425566929322754,556800.000000,2
1425566929323795,556800.000000,3
1425566929324785,556800.000000,4
1425566929325879,556800.000000,5
1425566948677910,748800.000000,0
1425566948679316,748800.000000,1
1425566948680566,748800.000000,2
1425566948681816,748800.000000,3
1425566948683222,748800.000000,4
1425566948684472,748800.000000,5
1425566960146660,556800.000000,0
1425566960147441,556800.000000,1
1425566960148535,556800.000000,2
1425566960149629,556800.000000,3
1425566960150670,556800.000000,4
1425566960151660,556800.000000,5
1425566981399785,1152000.000000,0
1425566981401191,1152000.000000,1
1425566981402441,1152000.000000,2
1425566981403847,1152000.000000,3
1425566981405097,1152000.000000,4
1425566981406452,1152000.000000,5
1425567006853691,1555200.000000,0
1425567006854316,1555200.000000,1
1425567006855045,1555200.000000,2
1425567006855566,1555200.000000,3
1425567006856191,1555200.000000,4
1425567006856920,1555200.000000,5
1425567029996504,556800.000000,0
1425567029997129,556800.000000,1
1425567029997545,556800.000000,2
1425567029998014,556800.000000,3
1425567029998483,556800.000000,4
1425567029998847,556800.000000,5
1425567055657285,1363200.000000,0
1425567055658795,1363200.000000,1
1425567055660045,1363200.000000,2
1425567055661191,1363200.000000,3
1425567055662441,1363200.000000,4
1425567055663639,1363200.000000,5
1425567070837545,1152000.000000,0
1425567070838170,1152000.000000,1
1425567070838795,1152000.000000,2
1425567070839420,1152000.000000,3
1425567070839941,1152000.000000,4
1425567070840670,1152000.000000,5
1425567088932597,960000.000000,0
1425567088933379,960000.000000,1
1425567088934004,960000.000000,2
1425567088934472,960000.000000,3
1425567088935097,960000.000000,4
1425567088935670,960000.000000,5
1425567102893639,748800.000000,0
1425567102894316,748800.000000,1
1425567102894941,748800.000000,2
1425567102895722,748800.000000,3
1425567102896504,748800.000000,4
1425567102897285,748800.000000,5
1425567102932441,1363200.000000,0
1425567102933222,1363200.000000,1
1425567102934004,1363200.000000,2
1425567102934733,1363200.000000,3
1425567102935514,1363200.000000,4
1425567102936295,1363200.000000,5
1425567120860202,960000.000000,0
1425567120860827,960000.000000,1
1425567120861295,960000.000000,2
1425567120861920,960000.000000,3
1425567120862597,960000.000000,4
1425567120863379,960000.000000,5
1425567139198483,556800.000000,0
1425567139199629,556800.000000,1
1425567139200566,556800.000000,2
1425567139201608,556800.000000,3
1425567139202597,556800.000000,4
1425567139203639,556800.000000,5
1425567181619889,960000.000000,0
1425567181621191,960000.000000,1
1425567181622233,960000.000000,2
1425567181623222,960000.000000,3
1425567181624160,960000.000000,4
1425567181625254,960000.000000,5
1425567183116191,556800.000000,0
1425567183117754,556800.000000,1
1425567183119108,556800.000000,2
1425567183120410,556800.000000,3
1425567183121660,556800.000000,4
1425567183122910,556800.000000,5
1425567198803379,1363200.000000,0
1425567198804629,1363200.000000,1
1425567198805566,1363200.000000,2
1425567198806660,1363200.000000,3
1425567198807701,1363200.000000,4
1425567198808691,1363200.000000,5
1425567214674316,1555200.000000,0
1425567214674733,1555200.000000,1
1425567214675097,1555200.000000,2
1425567214675514,1555200.000000,3
1425567214675983,1555200.000000,4
1425567214676347,1555200.000000,5
1425567214880722,1785600.000000,0
1425567214881191,1785600.000000,1
1425567214881504,1785600.000000,2
1425567214881920,1785600.000000,3
1425567214882285,1785600.000000,4
1425567214882701,1785600.000000,5
1425567230907285,556800.000000,0
1425567230907701,556800.000000,1
1425567230908535,556800.000000,2
1425567230909889,556800.000000,3
1425567230911139,556800.000000,4
1425567230912441,556800.000000,5
1425567263005670,748800.000000,0
1425567263007233,748800.000000,1
1425567263008379,748800.000000,2
1425567263009785,748800.000000,3
1425567263011035,748800.000000,4
1425567263012285,748800.000000,5
1425567281020410,556800.000000,0
1425567281021920,556800.000000,1
1425567281023170,556800.000000,2
1425567281024316,556800.000000,3
1425567281025566,556800.000000,4
1425567281026816,556800.000000,5
1425567281932129,1785600.000000,0
1425567281933222,1785600.000000,1
1425567281934316,1785600.000000,2
1425567281935410,1785600.000000,3
1425567281936347,1785600.000000,4
1425567281937441,1785600.000000,5
1425567304466972,1555200.000000,0
1425567304467285,1555200.000000,1
1425567304467597,1555200.000000,2
1425567304467910,1555200.000000,3
1425567304468222,1555200.000000,4
1425567304468535,1555200.000000,5
1425567305040566,1785600.000000,0
1425567305040879,1785600.000000,1
1425567305041295,1785600.000000,2
1425567305041660,1785600.000000,3
1425567305042076,1785600.000000,4
1425567305042441,1785600.000000,5
1425567312934316,1363200.000000,0
1425567312934785,1363200.000000,1
1425567312935097,1363200.000000,2
1425567312935410,1363200.000000,3
1425567312935722,1363200.000000,4
1425567312936191,1363200.000000,5
1425567328691608,556800.000000,0
1425567328692233,556800.000000,1
1425567328692701,556800.000000,2
1425567328693222,556800.000000,3
1425567328693951,556800.000000,4
1425567328695097,556800.000000,5
1425567350150410,748800.000000,0
1425567350151608,748800.000000,1
1425567350152754,748800.000000,2
1425567350153691,748800.000000,3
1425567350154733,748800.000000,4
1425567350155670,748800.000000,5
1425567377026972,556800.000000,0
1425567377028483,556800.000000,1
1425567377029733,556800.000000,2
1425567377031035,556800.000000,3
1425567377032389,556800.000000,4
1425567377033795,556800.000000,5
1425567381291608,960000.000000,0
1425567381292753,960000.000000,1
1425567381293847,960000.000000,2
1425567381294785,960000.000000,3
1425567381295826,960000.000000,4
1425567381296972,960000.000000,5
1425567391692701,748800.000000,0
1425567391693378,748800.000000,1
1425567391694003,748800.000000,2
1425567391694628,748800.000000,3
1425567391695410,748800.000000,4
1425567391696139,748800.000000,5
1425567406907285,1363200.000000,0
1425567406908483,1363200.000000,1
1425567406909420,1363200.000000,2
1425567406910410,1363200.000000,3
1425567406911347,1363200.000000,4
1425567406912285,1363200.000000,5
1425567424928066,960000.000000,0
1425567424928691,960000.000000,1
1425567424929160,960000.000000,2
1425567424929941,960000.000000,3
1425567424930670,960000.000000,4
1425567424931347,960000.000000,5
1425567439245097,556800.000000,0
1425567439245878,556800.000000,1
1425567439246972,556800.000000,2
1425567439248014,556800.000000,3
1425567439249003,556800.000000,4
1425567439250253,556800.000000,5
1425567458709316,748800.000000,0
1425567458710566,748800.000000,1
1425567458711503,748800.000000,2
1425567458712597,748800.000000,3
1425567458713535,748800.000000,4
1425567458714576,748800.000000,5
1425567458765410,556800.000000,0
1425567458766191,556800.000000,1
1425567458766972,556800.000000,2
1425567458767753,556800.000000,3
1425567458768639,556800.000000,4
1425567458769733,556800.000000,5
1425567470794160,1363200.000000,0
1425567470795358,1363200.000000,1
1425567470796451,1363200.000000,2
1425567470797545,1363200.000000,3
1425567470798535,1363200.000000,4
1425567470799576,1363200.000000,5
1425567475165097,1958400.000000,6
1425567475165722,1958400.000000,7
1425567475494576,1555200.000000,0
1425567475495410,1555200.000000,1
1425567475495826,1555200.000000,2
1425567475496191,1555200.000000,3
1425567475496660,1555200.000000,4
1425567475497128,1555200.000000,5
1425567480991608,2745600.000000,0
1425567480991972,2745600.000000,1
1425567480992285,2745600.000000,2
1425567480992701,2745600.000000,3
1425567480993066,2745600.000000,4
1425567480993378,2745600.000000,5
1425567482192545,1555200.000000,0
1425567482192753,1555200.000000,1
1425567482193014,1555200.000000,2
1425567482193222,1555200.000000,3
1425567482193378,1555200.000000,4
1425567482193639,1555200.000000,5
1425567486733795,2745600.000000,0
1425567486734160,2745600.000000,1
1425567486734576,2745600.000000,2
1425567486734941,2745600.000000,3
1425567486735253,2745600.000000,4
1425567486735722,2745600.000000,5
1425567488006660,3532800.000000,0
1425567488006972,3532800.000000,1
1425567488007285,3532800.000000,2
1425567488007545,3532800.000000,3
1425567488007753,3532800.000000,4
1425567488008066,3532800.000000,5
1425567488010878,4473600.000000,6
1425567488011191,4473600.000000,7
1425567572921139,1958400.000000,6
1425567572921347,1958400.000000,7
1425567582926920,2745600.000000,0
1425567582927233,2745600.000000,1
1425567582927545,2745600.000000,2
1425567582927858,2745600.000000,3
1425567582928118,2745600.000000,4
1425567582928326,2745600.000000,5
1425567588820253,3532800.000000,0
1425567588820983,3532800.000000,1
1425567588821191,3532800.000000,2
1425567588821347,3532800.000000,3
1425567588821608,3532800.000000,4
1425567588821816,3532800.000000,5
1425567592816608,3072000.000000,0
1425567592816972,3072000.000000,1
1425567592817128,3072000.000000,2
1425567592817285,3072000.000000,3
1425567592817441,3072000.000000,4
1425567592817597,3072000.000000,5
1425567604819941,2745600.000000,0
1425567604820097,2745600.000000,1
1425567604820358,2745600.000000,2
1425567604820566,2745600.000000,3
1425567604820722,2745600.000000,4
1425567604820878,2745600.000000,5
1425567614798847,1555200.000000,0
1425567614799108,1555200.000000,1
1425567614799264,1555200.000000,2
1425567614799472,1555200.000000,3
1425567614799628,1555200.000000,4
1425567614799889,1555200.000000,5
1425567646781660,2745600.000000,0
1425567646782076,2745600.000000,1
1425567646782441,2745600.000000,2
1425567646782753,2745600.000000,3
1425567646783170,2745600.000000,4
1425567646783535,2745600.000000,5
1425567664341139,3072000.000000,0
1425567664341347,3072000.000000,1
1425567664341503,3072000.000000,2
1425567664341764,3072000.000000,3
1425567664341972,3072000.000000,4
1425567664342128,3072000.000000,5
1425567692817441,2745600.000000,0
1425567692817597,2745600.000000,1
1425567692817753,2745600.000000,2
1425567692818014,2745600.000000,3
1425567692818170,2745600.000000,4
1425567692818378,2745600.000000,5
1425567695914628,1555200.000000,0
1425567695914889,1555200.000000,1
1425567695915097,1555200.000000,2
1425567695915253,1555200.000000,3
1425567695915514,1555200.000000,4
1425567695915722,1555200.000000,5
1425567695939472,2745600.000000,0
1425567695939889,2745600.000000,1
1425567695940201,2745600.000000,2
1425567695940566,2745600.000000,3
1425567695940878,2745600.000000,4
1425567695941295,2745600.000000,5
1425567696092597,1555200.000000,0
1425567696092910,1555200.000000,1
1425567696093066,1555200.000000,2
1425567696093222,1555200.000000,3
1425567696093483,1555200.000000,4
1425567696093691,1555200.000000,5
1425567696159472,2745600.000000,0
1425567696160722,2745600.000000,1
1425567696161191,2745600.000000,2
1425567696161503,2745600.000000,3
1425567696161920,2745600.000000,4
1425567696162285,2745600.000000,5
1425567705857753,1555200.000000,0
1425567705858795,1555200.000000,1
1425567705859003,1555200.000000,2
1425567705859316,1555200.000000,3
1425567705859576,1555200.000000,4
1425567705859785,1555200.000000,5
1425567708156295,2745600.000000,0
1425567708156660,2745600.000000,1
1425567708156972,2745600.000000,2
1425567708157441,2745600.000000,3
1425567708157753,2745600.000000,4
1425567708158170,2745600.000000,5
1425567708645097,1555200.000000,0
1425567708645253,1555200.000000,1
1425567708646608,1555200.000000,2
1425567708646816,1555200.000000,3
1425567708646972,1555200.000000,4
1425567708647233,1555200.000000,5
1425567708689785,2745600.000000,0
1425567708690253,2745600.000000,1
1425567708690566,2745600.000000,2
1425567708690983,2745600.000000,3
1425567708691295,2745600.000000,4
1425567708691660,2745600.000000,5
1425567710858222,1555200.000000,0
1425567710858483,1555200.000000,1
1425567710858691,1555200.000000,2
1425567710858951,1555200.000000,3
1425567710859160,1555200.000000,4
1425567710859316,1555200.000000,5
1425567734456972,2745600.000000,0
1425567734457441,2745600.000000,1
1425567734457753,2745600.000000,2
1425567734458066,2745600.000000,3
1425567734458483,2745600.000000,4
1425567734458847,2745600.000000,5
1425567737527701,1555200.000000,0
1425567737527910,1555200.000000,1
1425567737528170,1555200.000000,2
1425567737528378,1555200.000000,3
1425567737528535,1555200.000000,4
1425567737528795,1555200.000000,5
1425567742876347,2745600.000000,0
1425567742876816,2745600.000000,1
1425567742877128,2745600.000000,2
1425567742877597,2745600.000000,3
1425567742877910,2745600.000000,4
1425567742879264,2745600.000000,5
1425567743503326,1555200.000000,0
1425567743503535,1555200.000000,1
1425567743503795,1555200.000000,2
1425567743503951,1555200.000000,3
1425567743504160,1555200.000000,4
1425567743504316,1555200.000000,5
1425567744857441,2745600.000000,0
1425567744857753,2745600.000000,1
1425567744858222,2745600.000000,2
1425567744858535,2745600.000000,3
1425567744858847,2745600.000000,4
1425567744859264,2745600.000000,5
1425567744893691,1555200.000000,0
1425567744894160,1555200.000000,1
1425567744894576,1555200.000000,2
1425567744894941,1555200.000000,3
1425567744895358,1555200.000000,4
1425567744895722,1555200.000000,5
1425567744913222,2745600.000000,0
1425567744913691,2745600.000000,1
1425567744914108,2745600.000000,2
1425567744914472,2745600.000000,3
1425567744914785,2745600.000000,4
1425567744915097,2745600.000000,5
1425567744998378,1555200.000000,0
1425567744998795,1555200.000000,1
1425567744999160,1555200.000000,2
1425567744999472,1555200.000000,3
1425567744999889,1555200.000000,4
1425567745000253,1555200.000000,5
1425567746605670,2745600.000000,0
1425567746606035,2745600.000000,1
1425567746606503,2745600.000000,2
1425567746606816,2745600.000000,3
1425567746607285,2745600.000000,4
1425567746607597,2745600.000000,5
1425567747133326,1555200.000000,0
1425567747133639,1555200.000000,1
1425567747133847,1555200.000000,2
1425567747134108,1555200.000000,3
1425567747134420,1555200.000000,4
1425567747134628,1555200.000000,5
1425567747159160,2745600.000000,0
1425567747159576,2745600.000000,1
1425567747159941,2745600.000000,2
1425567747160358,2745600.000000,3
1425567747160722,2745600.000000,4
1425567747161035,2745600.000000,5
1425567747318483,1555200.000000,0
1425567747318691,1555200.000000,1
1425567747319003,1555200.000000,2
1425567747319316,1555200.000000,3
1425567747319576,1555200.000000,4
1425567747319785,1555200.000000,5
1425567748873795,2745600.000000,0
1425567748874316,2745600.000000,1
1425567748874733,2745600.000000,2
1425567748875201,2745600.000000,3
1425567748875566,2745600.000000,4
1425567748876035,2745600.000000,5
1425567748895410,1555200.000000,0
1425567748895722,1555200.000000,1
1425567748896139,1555200.000000,2
1425567748896503,1555200.000000,3
1425567748896920,1555200.000000,4
1425567748897285,1555200.000000,5
1425567750386035,2745600.000000,0
1425567750386451,2745600.000000,1
1425567750386816,2745600.000000,2
1425567750387128,2745600.000000,3
1425567750387441,2745600.000000,4
1425567750387858,2745600.000000,5
1425567751293535,1555200.000000,0
1425567751293691,1555200.000000,1
1425567751293951,1555200.000000,2
1425567751294160,1555200.000000,3
1425567751294316,1555200.000000,4
1425567751294576,1555200.000000,5
1425567751797389,2745600.000000,0
1425567751797753,2745600.000000,1
1425567751798066,2745600.000000,2
1425567751798483,2745600.000000,3
1425567751798795,2745600.000000,4
1425567751799160,2745600.000000,5
1425567751867233,1555200.000000,0
1425567751867441,1555200.000000,1
1425567751867753,1555200.000000,2
1425567751868066,1555200.000000,3
1425567751868326,1555200.000000,4
1425567751868535,1555200.000000,5
1425567756847389,2745600.000000,0
1425567756847858,2745600.000000,1
1425567756848326,2745600.000000,2
1425567756848795,2745600.000000,3
1425567756849264,2745600.000000,4
1425567756849733,2745600.000000,5
1425567763570253,1555200.000000,0
1425567763570566,1555200.000000,1
1425567763570722,1555200.000000,2
1425567763570983,1555200.000000,3
1425567763571191,1555200.000000,4
1425567763571451,1555200.000000,5
1425567764825410,2745600.000000,0
1425567764825878,2745600.000000,1
1425567764826347,2745600.000000,2
1425567764826816,2745600.000000,3
1425567764827233,2745600.000000,4
1425567764827701,2745600.000000,5
1425567796191816,1555200.000000,0
1425567796192076,1555200.000000,1
1425567796192285,1555200.000000,2
1425567796192441,1555200.000000,3
1425567796192701,1555200.000000,4
1425567796192910,1555200.000000,5
1425567796225253,2745600.000000,0
1425567796225722,2745600.000000,1
1425567796226191,2745600.000000,2
1425567796226660,2745600.000000,3
1425567796227128,2745600.000000,4
1425567796227597,2745600.000000,5
1425567796420983,1555200.000000,0
1425567796421191,1555200.000000,1
1425567796421451,1555200.000000,2
1425567796421660,1555200.000000,3
1425567796421816,1555200.000000,4
1425567796421972,1555200.000000,5
1425567797145670,2745600.000000,0
1425567797146035,2745600.000000,1
1425567797146347,2745600.000000,2
1425567797146816,2745600.000000,3
1425567797147233,2745600.000000,4
1425567797147597,2745600.000000,5
1425567806751503,3532800.000000,0
1425567806751660,3532800.000000,1
1425567806751920,3532800.000000,2
1425567806752128,3532800.000000,3
1425567806752285,3532800.000000,4
1425567806752545,3532800.000000,5
1425567808818847,3072000.000000,0
1425567808819316,3072000.000000,1
1425567808819472,3072000.000000,2
1425567808819628,3072000.000000,3
1425567808819941,3072000.000000,4
1425567808820097,3072000.000000,5
1425567844818482,2745600.000000,0
1425567844818691,2745600.000000,1
1425567844819003,2745600.000000,2
1425567844819160,2745600.000000,3
1425567844819420,2745600.000000,4
1425567844819628,2745600.000000,5
1425567858412389,1555200.000000,0
1425567858412597,1555200.000000,1
1425567858412857,1555200.000000,2
1425567858413066,1555200.000000,3
1425567858413222,1555200.000000,4
1425567858413378,1555200.000000,5
1425567858781191,2745600.000000,0
1425567858781764,2745600.000000,1
1425567858782232,2745600.000000,2
1425567858782597,2745600.000000,3
1425567858783066,2745600.000000,4
1425567858783535,2745600.000000,5
1425567859545670,1555200.000000,0
1425567859545878,1555200.000000,1
1425567859546035,1555200.000000,2
1425567859546295,1555200.000000,3
1425567859546503,1555200.000000,4
1425567859546660,1555200.000000,5
1425567860889628,2745600.000000,0
1425567860890097,2745600.000000,1
1425567860890566,2745600.000000,2
1425567860891035,2745600.000000,3
1425567860891503,2745600.000000,4
1425567860891972,2745600.000000,5
1425567879500514,1555200.000000,0
1425567879500722,1555200.000000,1
1425567879500982,1555200.000000,2
1425567879501191,1555200.000000,3
1425567879501347,1555200.000000,4
1425567879501607,1555200.000000,5
1425567879571451,2745600.000000,0
1425567879571816,2745600.000000,1
1425567879572128,2745600.000000,2
1425567879572545,2745600.000000,3
1425567879572910,2745600.000000,4
1425567879573326,2745600.000000,5
1425567880023014,1555200.000000,0
1425567880023222,1555200.000000,1
1425567880023482,1555200.000000,2
1425567880023691,1555200.000000,3
1425567880023847,1555200.000000,4
1425567880024107,1555200.000000,5
1425567880115722,2745600.000000,0
1425567880116191,2745600.000000,1
1425567880116503,2745600.000000,2
1425567880116920,2745600.000000,3
1425567880117285,2745600.000000,4
1425567880117597,2745600.000000,5
1425567880902701,1785600.000000,0
1425567880902910,1785600.000000,1
1425567880903170,1785600.000000,2
1425567880903378,1785600.000000,3
1425567880903535,1785600.000000,4
1425567880903691,1785600.000000,5
1425567881515566,1017600.000000,6
1425567881516035,1017600.000000,7
1425567881591660,1555200.000000,0
1425567881592128,1555200.000000,1
1425567881592441,1555200.000000,2
1425567881592910,1555200.000000,3
1425567881593482,1555200.000000,4
1425567881593795,1555200.000000,5
1425567881630410,1785600.000000,0
1425567881630826,1785600.000000,1
1425567881631191,1785600.000000,2
1425567881631503,1785600.000000,3
1425567881631920,1785600.000000,4
1425567881632285,1785600.000000,5
1425567881677441,1555200.000000,0
1425567881677753,1555200.000000,1
1425567881678066,1555200.000000,2
1425567881678378,1555200.000000,3
1425567881678691,1555200.000000,4
1425567881679003,1555200.000000,5
1425567881691347,1785600.000000,0
1425567881691816,1785600.000000,1
1425567881692128,1785600.000000,2
1425567881692545,1785600.000000,3
1425567881692857,1785600.000000,4
1425567881693222,1785600.000000,5
1425567881931295,2400000.000000,0
1425567881931607,2400000.000000,1
1425567881931972,2400000.000000,2
1425567881932232,2400000.000000,3
1425567881932597,2400000.000000,4
1425567881932910,2400000.000000,5
1425567883084003,1996800.000000,0
1425567883084316,1996800.000000,1
1425567883084576,1996800.000000,2
1425567883084785,1996800.000000,3
1425567883085045,1996800.000000,4
1425567883085253,1996800.000000,5
1425567883669003,1785600.000000,0
1425567883669420,1785600.000000,1
1425567883669628,1785600.000000,2
1425567883669941,1785600.000000,3
1425567883670201,1785600.000000,4
1425567883670514,1785600.000000,5
1425567884146972,2745600.000000,0
1425567884147285,2745600.000000,1
1425567884147597,2745600.000000,2
1425567884147910,2745600.000000,3
1425567884148222,2745600.000000,4
1425567884148639,2745600.000000,5
1425567884694628,1555200.000000,0
1425567884694889,1555200.000000,1
1425567884695097,1555200.000000,2
1425567884695410,1555200.000000,3
1425567884695670,1555200.000000,4
1425567884695878,1555200.000000,5
1425567884793014,1785600.000000,0
1425567884793378,1785600.000000,1
1425567884793795,1785600.000000,2
1425567884794160,1785600.000000,3
1425567884794472,1785600.000000,4
1425567884794889,1785600.000000,5
1425567885003014,1555200.000000,0
1425567885003378,1555200.000000,1
1425567885003691,1555200.000000,2
1425567885004003,1555200.000000,3
1425567885004316,1555200.000000,4
1425567885004628,1555200.000000,5
1425567885071972,1785600.000000,0
1425567885072285,1785600.000000,1
1425567885072701,1785600.000000,2
1425567885073066,1785600.000000,3
1425567885073378,1785600.000000,4
1425567885073691,1785600.000000,5
1425567885094941,1555200.000000,0
1425567885095410,1555200.000000,1
1425567885095722,1555200.000000,2
1425567885096139,1555200.000000,3
1425567885096503,1555200.000000,4
1425567885096920,1555200.000000,5
1425567885134160,1785600.000000,0
1425567885134628,1785600.000000,1
1425567885134941,1785600.000000,2
1425567885135357,1785600.000000,3
1425567885135670,1785600.000000,4
1425567885136035,1785600.000000,5
1425567886274160,1996800.000000,0
1425567886274576,1996800.000000,1
1425567886274889,1996800.000000,2
1425567886275201,1996800.000000,3
1425567886275566,1996800.000000,4
1425567886275878,1996800.000000,5
1425567886753795,2745600.000000,0
1425567886754160,2745600.000000,1
1425567886754472,2745600.000000,2
1425567886754732,2745600.000000,3
1425567886755045,2745600.000000,4
1425567886755357,2745600.000000,5
1425567891721660,1555200.000000,0
1425567891721920,1555200.000000,1
1425567891722128,1555200.000000,2
1425567891722389,1555200.000000,3
1425567891722597,1555200.000000,4
1425567891722753,1555200.000000,5
1425567891815982,2745600.000000,0
1425567891816347,2745600.000000,1
1425567891816660,2745600.000000,2
1425567891817076,2745600.000000,3
1425567891817441,2745600.000000,4
1425567891817753,2745600.000000,5
1425567891956764,1555200.000000,0
1425567891956972,1555200.000000,1
1425567891957232,1555200.000000,2
1425567891957441,1555200.000000,3
1425567891957597,1555200.000000,4
1425567891957857,1555200.000000,5
1425567892004003,2745600.000000,0
1425567892004472,2745600.000000,1
1425567892004785,2745600.000000,2
1425567892005201,2745600.000000,3
1425567892005566,2745600.000000,4
1425567892005878,2745600.000000,5
1425567898678170,1555200.000000,0
1425567898678378,1555200.000000,1
1425567898678639,1555200.000000,2
1425567898678847,1555200.000000,3
1425567898679003,1555200.000000,4
1425567898679160,1555200.000000,5
1425567898736816,2745600.000000,0
1425567898737285,2745600.000000,1
1425567898737597,2745600.000000,2
1425567898738014,2745600.000000,3
1425567898738378,2745600.000000,4
1425567898738795,2745600.000000,5
1425567899017128,1555200.000000,0
1425567899017441,1555200.000000,1
1425567899017597,1555200.000000,2
1425567899017753,1555200.000000,3
1425567899018014,1555200.000000,4
1425567899018222,1555200.000000,5
1425567899467076,2227200.000000,0
1425567899467441,2227200.000000,1
1425567899467910,2227200.000000,2
1425567899468222,2227200.000000,3
1425567899468639,2227200.000000,4
1425567899468951,2227200.000000,5
1425567900828014,2745600.000000,0
1425567900828222,2745600.000000,1
1425567900828482,2745600.000000,2
1425567900828691,2745600.000000,3
1425567900829003,2745600.000000,4
1425567900829264,2745600.000000,5
1425567900901191,2227200.000000,0
1425567900901503,2227200.000000,1
1425567900901764,2227200.000000,2
1425567900901972,2227200.000000,3
1425567900902285,2227200.000000,4
1425567900902545,2227200.000000,5
1425567902894889,2745600.000000,0
1425567902895201,2745600.000000,1
1425567902895410,2745600.000000,2
1425567902895722,2745600.000000,3
1425567902895982,2745600.000000,4
1425567902896191,2745600.000000,5
1425567919114420,556800.000000,0
1425567919114628,556800.000000,1
1425567919114785,556800.000000,2
1425567919115097,556800.000000,3
1425567919115253,556800.000000,4
1425567919115514,556800.000000,5
1425567947841972,748800.000000,0
1425567947843222,748800.000000,1
1425567947844264,748800.000000,2
1425567947845253,748800.000000,3
1425567947846191,748800.000000,4
1425567947847285,748800.000000,5
1425567950963326,960000.000000,0
1425567950964160,960000.000000,1
1425567950964941,960000.000000,2
1425567950965722,960000.000000,3
1425567950966451,960000.000000,4
1425567950967128,960000.000000,5
1425567950998535,556800.000000,0
1425567950999160,556800.000000,1
1425567950999785,556800.000000,2
1425567951000410,556800.000000,3
1425567951001035,556800.000000,4
1425567951001503,556800.000000,5
1425567961160722,1152000.000000,0
1425567961161920,1152000.000000,1
1425567961162910,1152000.000000,2
1425567961163847,1152000.000000,3
1425567961164889,1152000.000000,4
1425567961165826,1152000.000000,5
1425567961175097,748800.000000,0
1425567961176035,748800.000000,1
1425567961177128,748800.000000,2
1425567961178222,748800.000000,3
1425567961179160,748800.000000,4
1425567961180097,748800.000000,5
1425567968853639,556800.000000,0
1425567968855097,556800.000000,1
1425567968856295,556800.000000,2
1425567968857441,556800.000000,3
1425567968858691,556800.000000,4
1425567968859889,556800.000000,5
1425567981606191,2745600.000000,0
1425567981607441,2745600.000000,1
1425567981608691,2745600.000000,2
1425567981609628,2745600.000000,3
1425567981610826,2745600.000000,4
1425567981611816,2745600.000000,5
1425567984840201,556800.000000,0
1425567984840410,556800.000000,1
1425567984840566,556800.000000,2
1425567984840878,556800.000000,3
1425567984841035,556800.000000,4
1425567984841295,556800.000000,5
1425567988167232,748800.000000,0
1425567988168378,748800.000000,1
1425567988169316,748800.000000,2
1425567988170410,748800.000000,3
1425567988171347,748800.000000,4
1425567988172285,748800.000000,5
1425567988552441,1152000.000000,0
1425567988553535,1152000.000000,1
1425567988554420,1152000.000000,2
1425567988555357,1152000.000000,3
1425567988556295,1152000.000000,4
1425567988557232,1152000.000000,5
1425567989451191,748800.000000,0
1425567989451764,748800.000000,1
1425567989452232,748800.000000,2
1425567989452753,748800.000000,3
1425567989453222,748800.000000,4
1425567989453691,748800.000000,5
1425567998769732,1363200.000000,0
1425567998770878,1363200.000000,1
1425567998771920,1363200.000000,2
1425567998772910,1363200.000000,3
1425567998773847,1363200.000000,4
1425567998774785,1363200.000000,5
1425568016840410,1555200.000000,0
1425568016840878,1555200.000000,1
1425568016841347,1555200.000000,2
1425568016841764,1555200.000000,3
1425568016842128,1555200.000000,4
1425568016842597,1555200.000000,5
1425568032837441,556800.000000,0
1425568032837909,556800.000000,1
1425568032838378,556800.000000,2
1425568032838847,556800.000000,3
1425568032839316,556800.000000,4
1425568032839941,556800.000000,5
1425568082005045,1555200.000000,0
1425568082006139,1555200.000000,1
1425568082007128,1555200.000000,2
1425568082008170,1555200.000000,3
1425568082009159,1555200.000000,4
1425568082010201,1555200.000000,5
1425568111033639,1363200.000000,0
1425568111034107,1363200.000000,1
1425568111034472,1363200.000000,2
1425568111034941,1363200.000000,3
1425568111035357,1363200.000000,4
1425568111035722,1363200.000000,5
1425568128449316,556800.000000,0
1425568128449784,556800.000000,1
1425568128450253,556800.000000,2
1425568128450670,556800.000000,3
1425568128451659,556800.000000,4
1425568128452597,556800.000000,5
1425568148964889,748800.000000,0
1425568148965982,748800.000000,1
1425568148966972,748800.000000,2
1425568148968014,748800.000000,3
1425568148969003,748800.000000,4
1425568148970045,748800.000000,5
1425568159242284,556800.000000,0
1425568159243534,556800.000000,1
1425568159244472,556800.000000,2
1425568159245514,556800.000000,3
1425568159246451,556800.000000,4
1425568159247441,556800.000000,5
1425568181922597,1363200.000000,0
1425568181923847,1363200.000000,1
1425568181924941,1363200.000000,2
1425568181926034,1363200.000000,3
1425568181927076,1363200.000000,4
1425568181928014,1363200.000000,5
1425568190939889,960000.000000,0
1425568190940357,960000.000000,1
1425568190940826,960000.000000,2
1425568190941191,960000.000000,3
1425568190941607,960000.000000,4
1425568190941972,960000.000000,5
1425568207130201,1363200.000000,0
1425568207131034,1363200.000000,1
1425568207131764,1363200.000000,2
1425568207132441,1363200.000000,3
1425568207133170,1363200.000000,4
1425568207133951,1363200.000000,5
1425568224024472,556800.000000,0
1425568224025878,556800.000000,1
1425568224027232,556800.000000,2
1425568224028482,556800.000000,3
1425568224029628,556800.000000,4
1425568224030878,556800.000000,5
1425568248813170,748800.000000,0
1425568248814628,748800.000000,1
1425568248815878,748800.000000,2
1425568248817076,748800.000000,3
1425568248818378,748800.000000,4
1425568248819732,748800.000000,5
1425568256936816,556800.000000,0
1425568256938222,556800.000000,1
1425568256939159,556800.000000,2
1425568256940201,556800.000000,3
1425568256941139,556800.000000,4
1425568256942128,556800.000000,5
1425568300230253,748800.000000,0
1425568300231347,748800.000000,1
1425568300232441,748800.000000,2
1425568300233378,748800.000000,3
1425568300234472,748800.000000,4
1425568300235514,748800.000000,5
1425568303053326,1363200.000000,0
1425568303054316,1363200.000000,1
1425568303054941,1363200.000000,2
1425568303055722,1363200.000000,3
1425568303056503,1363200.000000,4
1425568303057232,1363200.000000,5
1425568316882701,1555200.000000,0
1425568316883170,1555200.000000,1
1425568316883639,1555200.000000,2
1425568316884003,1555200.000000,3
1425568316884472,1555200.000000,4
1425568316884889,1555200.000000,5
1425568335540409,556800.000000,0
1425568335540826,556800.000000,1
1425568335541191,556800.000000,2
1425568335541503,556800.000000,3
1425568335541816,556800.000000,4
1425568335542545,556800.000000,5
1425568381297441,1555200.000000,0
1425568381298639,1555200.000000,1
1425568381299628,1555200.000000,2
1425568381300566,1555200.000000,3
1425568381301659,1555200.000000,4
1425568381302753,1555200.000000,5
1425568384897128,556800.000000,0
1425568384897545,556800.000000,1
1425568384897909,556800.000000,2
1425568384898222,556800.000000,3
1425568384898639,556800.000000,4
1425568384899003,556800.000000,5
1425568398872545,1363200.000000,0
1425568398874107,1363200.000000,1
1425568398875357,1363200.000000,2
1425568398876659,1363200.000000,3
1425568398878014,1363200.000000,4
1425568398879159,1363200.000000,5
1425568416860097,1555200.000000,0
1425568416860722,1555200.000000,1
1425568416861295,1555200.000000,2
1425568416861816,1555200.000000,3
1425568416862284,1555200.000000,4
1425568416862857,1555200.000000,5
1425568430752597,556800.000000,0
1425568430753170,556800.000000,1
1425568430753847,556800.000000,2
1425568430755097,556800.000000,3
1425568430756347,556800.000000,4
1425568430757753,556800.000000,5
1425568440887753,2745600.000000,0
1425568440889159,2745600.000000,1
1425568440890409,2745600.000000,2
1425568440891659,2745600.000000,3
1425568440892909,2745600.000000,4
1425568440894264,2745600.000000,5
1425568446777909,748800.000000,0
1425568446778222,748800.000000,1
1425568446778482,748800.000000,2
1425568446778795,748800.000000,3
1425568446779003,748800.000000,4
1425568446779316,748800.000000,5
1425568464883222,556800.000000,0
1425568464884628,556800.000000,1
1425568464885982,556800.000000,2
1425568464887232,556800.000000,3
1425568464888482,556800.000000,4
1425568464889784,556800.000000,5
1425568481976191,1555200.000000,0
1425568481977441,1555200.000000,1
1425568481978534,1555200.000000,2
1425568481979576,1555200.000000,3
1425568481980513,1555200.000000,4
1425568481981503,1555200.000000,5
1425568511544472,1152000.000000,0
1425568511544941,1152000.000000,1
1425568511545409,1152000.000000,2
1425568511546034,1152000.000000,3
1425568511546659,1152000.000000,4
1425568511547284,1152000.000000,5
1425568528494576,556800.000000,0
1425568528496034,556800.000000,1
1425568528497284,556800.000000,2
1425568528498691,556800.000000,3
1425568528499941,556800.000000,4
1425568528501191,556800.000000,5
1425568536094732,748800.000000,0
1425568536095878,748800.000000,1
1425568536096816,748800.000000,2
1425568536097753,748800.000000,3
1425568536098847,748800.000000,4
1425568536099888,748800.000000,5
1425568543322753,556800.000000,0
1425568543323795,556800.000000,1
1425568543324888,556800.000000,2
1425568543325878,556800.000000,3
1425568543326920,556800.000000,4
1425568543327909,556800.000000,5
1425568571895566,748800.000000,0
1425568571897441,748800.000000,1
1425568571898951,748800.000000,2
1425568571900357,748800.000000,3
1425568571901503,748800.000000,4
1425568571902857,748800.000000,5
1425568574126191,960000.000000,0
1425568574127128,960000.000000,1
1425568574127857,960000.000000,2
1425568574128638,960000.000000,3
1425568574129420,960000.000000,4
1425568574130097,960000.000000,5
1425568574264420,1363200.000000,0
1425568574265097,1363200.000000,1
1425568574265722,1363200.000000,2
1425568574266295,1363200.000000,3
1425568574266816,1363200.000000,4
1425568574267441,1363200.000000,5
1425568574436295,748800.000000,0
1425568574436659,748800.000000,1
1425568574437128,748800.000000,2
1425568574437441,748800.000000,3
1425568574437909,748800.000000,4
1425568574438326,748800.000000,5
1425568574843378,2745600.000000,0
1425568574844316,2745600.000000,1
1425568574845045,2745600.000000,2
1425568574845826,2745600.000000,3
1425568574846503,2745600.000000,4
1425568574847284,2745600.000000,5
1425568592830722,1996800.000000,0
1425568592830982,1996800.000000,1
1425568592831191,1996800.000000,2
1425568592831347,1996800.000000,3
1425568592831503,1996800.000000,4
1425568592831763,1996800.000000,5
1425568607337441,1785600.000000,0
1425568607337753,1785600.000000,1
1425568607338170,1785600.000000,2
1425568607338482,1785600.000000,3
1425568607338847,1785600.000000,4
1425568607339159,1785600.000000,5
1425568624154784,556800.000000,0
1425568624155253,556800.000000,1
1425568624155670,556800.000000,2
1425568624156034,556800.000000,3
1425568624156503,556800.000000,4
1425568624156816,556800.000000,5
1425568671733378,748800.000000,0
1425568671734576,748800.000000,1
1425568671735566,748800.000000,2
1425568671736607,748800.000000,3
1425568671737597,748800.000000,4
1425568671738534,748800.000000,5
1425568680951763,1363200.000000,0
1425568680952753,1363200.000000,1
1425568680953795,1363200.000000,2
1425568680954628,1363200.000000,3
1425568680955565,1363200.000000,4
1425568680956503,1363200.000000,5
1425568688938690,748800.000000,0
1425568688939263,748800.000000,1
1425568688939628,748800.000000,2
1425568688940097,748800.000000,3
1425568688940722,748800.000000,4
1425568688941451,748800.000000,5
1425568702842909,1363200.000000,0
1425568702843951,1363200.000000,1
1425568702844940,1363200.000000,2
1425568702845878,1363200.000000,3
1425568702846815,1363200.000000,4
1425568702847857,1363200.000000,5
1425568747292753,556800.000000,0
1425568747294003,556800.000000,1
1425568747294940,556800.000000,2
1425568747296034,556800.000000,3
1425568747296972,556800.000000,4
1425568747298065,556800.000000,5
1425568781087284,1363200.000000,0
1425568781088378,1363200.000000,1
1425568781089420,1363200.000000,2
1425568781090565,1363200.000000,3
1425568781091607,1363200.000000,4
1425568781092545,1363200.000000,5
1425568784868534,556800.000000,0
1425568784869003,556800.000000,1
1425568784869420,556800.000000,2
1425568784869784,556800.000000,3
1425568784870253,556800.000000,4
1425568784871034,556800.000000,5
1425568799014315,1363200.000000,0
1425568799015722,1363200.000000,1
1425568799016972,1363200.000000,2
1425568799018170,1363200.000000,3
1425568799019472,1363200.000000,4
1425568799020722,1363200.000000,5
1425568816847753,1555200.000000,0
1425568816848378,1555200.000000,1
1425568816848847,1555200.000000,2
1425568816849420,1555200.000000,3
1425568816849940,1555200.000000,4
1425568816850409,1555200.000000,5
1425568830887232,556800.000000,0
1425568830887597,556800.000000,1
1425568830888013,556800.000000,2
1425568830888378,556800.000000,3
1425568830888690,556800.000000,4
1425568830889159,556800.000000,5
1425568846922753,1363200.000000,0
1425568846923951,1363200.000000,1
1425568846924940,1363200.000000,2
1425568846925982,1363200.000000,3
1425568846926972,1363200.000000,4
1425568846928170,1363200.000000,5
1425568864836034,556800.000000,0
1425568864836503,556800.000000,1
1425568864836920,556800.000000,2
1425568864837284,556800.000000,3
1425568864837701,556800.000000,4
1425568864838065,556800.000000,5
1425568881866659,1555200.000000,0
1425568881867909,1555200.000000,1
1425568881869003,1555200.000000,2
1425568881869940,1555200.000000,3
1425568881871034,1555200.000000,4
1425568881871972,1555200.000000,5
1425568896847857,1785600.000000,0
1425568896848378,1785600.000000,1
1425568896848847,1785600.000000,2
1425568896849315,1785600.000000,3
1425568896849784,1785600.000000,4
1425568896850253,1785600.000000,5
1425568912697909,960000.000000,0
1425568912698326,960000.000000,1
1425568912698690,960000.000000,2
1425568912699159,960000.000000,3
1425568912699576,960000.000000,4
1425568912699940,960000.000000,5
1425568931404263,556800.000000,0
1425568931405722,556800.000000,1
1425568931406972,556800.000000,2
1425568931408326,556800.000000,3
1425568931409576,556800.000000,4
1425568931410878,556800.000000,5
1425568981089315,960000.000000,0
1425568981090513,960000.000000,1
1425568981091503,960000.000000,2
1425568981092545,960000.000000,3
1425568981093534,960000.000000,4
1425568981094628,960000.000000,5
1425568991224628,748800.000000,0
1425568991225357,748800.000000,1
1425568991225982,748800.000000,2
1425568991226659,748800.000000,3
1425568991227284,748800.000000,4
1425568991228065,748800.000000,5
1425569008880826,1363200.000000,0
1425569008881659,1363200.000000,1
1425569008882440,1363200.000000,2
1425569008883222,1363200.000000,3
1425569008883951,1363200.000000,4
1425569008884732,1363200.000000,5
1425569024945878,960000.000000,0
1425569024946659,960000.000000,1
1425569024947440,960000.000000,2
1425569024948170,960000.000000,3
1425569024948847,960000.000000,4
1425569024949628,960000.000000,5
1425569040863847,556800.000000,0
1425569040864784,556800.000000,1
1425569040865878,556800.000000,2
1425569040866920,556800.000000,3
1425569040867909,556800.000000,4
1425569040869003,556800.000000,5
1425569081404472,960000.000000,0
1425569081405565,960000.000000,1
1425569081406659,960000.000000,2
1425569081407701,960000.000000,3
1425569081408690,960000.000000,4
1425569081409784,960000.000000,5
1425569088879628,748800.000000,0
1425569088880409,748800.000000,1
1425569088881034,748800.000000,2
1425569088881815,748800.000000,3
1425569088882597,748800.000000,4
1425569088883222,748800.000000,5
1425569103327753,1363200.000000,0
1425569103328951,1363200.000000,1
1425569103329888,1363200.000000,2
1425569103330878,1363200.000000,3
1425569103331815,1363200.000000,4
1425569103334628,1363200.000000,5
1425569120866347,1152000.000000,0
1425569120866972,1152000.000000,1
1425569120867440,1152000.000000,2
1425569120868065,1152000.000000,3
1425569120868690,1152000.000000,4
1425569120869315,1152000.000000,5
1425569149413222,556800.000000,0
1425569149414732,556800.000000,1
1425569149415982,556800.000000,2
1425569149417232,556800.000000,3
1425569149418482,556800.000000,4
1425569149419784,556800.000000,5
1425569181490722,1152000.000000,0
1425569181491972,1152000.000000,1
1425569181492909,1152000.000000,2
1425569181494003,1152000.000000,3
1425569181494940,1152000.000000,4
1425569181496034,1152000.000000,5
1425569183106138,556800.000000,0
1425569183106815,556800.000000,1
1425569183107544,556800.000000,2
1425569183108690,556800.000000,3
1425569183109940,556800.000000,4
1425569183111294,556800.000000,5
1425569200010878,1363200.000000,0
1425569200012232,1363200.000000,1
1425569200013534,1363200.000000,2
1425569200014784,1363200.000000,3
1425569200016034,1363200.000000,4
1425569200017284,1363200.000000,5
1425569214829940,1785600.000000,0
1425569214830357,1785600.000000,1
1425569214830826,1785600.000000,2
1425569214831190,1785600.000000,3
1425569214831659,1785600.000000,4
1425569214832076,1785600.000000,5
1425569233488065,556800.000000,0
1425569233488534,556800.000000,1
1425569233488847,556800.000000,2
1425569233489315,556800.000000,3
1425569233489628,556800.000000,4
1425569233490097,556800.000000,5
1425569308181919,748800.000000,0
1425569308183013,748800.000000,1
1425569308184107,748800.000000,2
1425569308185201,748800.000000,3
1425569308186138,748800.000000,4
1425569308187128,748800.000000,5
1425569308905669,1785600.000000,0
1425569308906503,1785600.000000,1
1425569308907388,1785600.000000,2
1425569308908222,1785600.000000,3
1425569308909003,1785600.000000,4
1425569308909888,1785600.000000,5
1425569310862597,1363200.000000,0
1425569310863065,1363200.000000,1
1425569310863534,1363200.000000,2
1425569310864003,1363200.000000,3
1425569310864576,1363200.000000,4
1425569310865097,1363200.000000,5
1425569328788951,1152000.000000,0
1425569328789472,1152000.000000,1
1425569328790097,1152000.000000,2
1425569328790722,1152000.000000,3
1425569328791294,1152000.000000,4
1425569328791815,1152000.000000,5
1425569350875721,556800.000000,0
1425569350876503,556800.000000,1
1425569350877440,556800.000000,2
1425569350878378,556800.000000,3
1425569350879471,556800.000000,4
1425569350880409,556800.000000,5
1425569369176190,2745600.000000,0
1425569369177857,2745600.000000,1
1425569369179419,2745600.000000,2
1425569369180669,2745600.000000,3
1425569369181815,2745600.000000,4
1425569369183065,2745600.000000,5
1425569369337596,1555200.000000,0
1425569369337857,1555200.000000,1
1425569369338065,1555200.000000,2
1425569369338326,1555200.000000,3
1425569369338534,1555200.000000,4
1425569369338690,1555200.000000,5
1425569369387857,2745600.000000,0
1425569369388221,2745600.000000,1
1425569369388638,2745600.000000,2
1425569369389003,2745600.000000,3
1425569369389315,2745600.000000,4
1425569369389628,2745600.000000,5
1425569372838794,3072000.000000,0
1425569372839003,3072000.000000,1
1425569372839263,3072000.000000,2
1425569372839471,3072000.000000,3
1425569372839628,3072000.000000,4
1425569372839940,3072000.000000,5
1425569374873846,960000.000000,0
1425569374874003,960000.000000,1
1425569374874263,960000.000000,2
1425569374874419,960000.000000,3
1425569374874576,960000.000000,4
1425569374874784,960000.000000,5
1425569406842440,1363200.000000,0
1425569406843326,1363200.000000,1
1425569406844003,1363200.000000,2
1425569406844784,1363200.000000,3
1425569406845565,1363200.000000,4
1425569406846294,1363200.000000,5
1425569424924940,1555200.000000,0
1425569424925409,1555200.000000,1
1425569424925878,1555200.000000,2
1425569424926346,1555200.000000,3
1425569424926815,1555200.000000,4
1425569424927128,1555200.000000,5
1425569426823221,2227200.000000,0
1425569426823638,2227200.000000,1
1425569426824003,2227200.000000,2
1425569426824315,2227200.000000,3
1425569426824732,2227200.000000,4
1425569426825096,2227200.000000,5
1425569426888951,1555200.000000,0
1425569426889159,1555200.000000,1
1425569426889471,1555200.000000,2
1425569426889732,1555200.000000,3
1425569426889940,1555200.000000,4
1425569426890201,1555200.000000,5
1425569426947596,1363200.000000,0
1425569426948169,1363200.000000,1
1425569426948638,1363200.000000,2
1425569426949159,1363200.000000,3
1425569426949628,1363200.000000,4
1425569426950096,1363200.000000,5
1425569439493534,556800.000000,0
1425569439494419,556800.000000,1
1425569439495565,556800.000000,2
1425569439496971,556800.000000,3
1425569439498221,556800.000000,4
1425569439499471,556800.000000,5
1425569488971503,1363200.000000,0
1425569488972909,1363200.000000,1
1425569488973846,1363200.000000,2
1425569488974784,1363200.000000,3
1425569488975826,1363200.000000,4
1425569488976815,1363200.000000,5
1425569504886138,1785600.000000,0
1425569504887232,1785600.000000,1
1425569504887596,1785600.000000,2
1425569504888065,1785600.000000,3
1425569504888482,1785600.000000,4
1425569504888951,1785600.000000,5
1425569506418065,2745600.000000,0
1425569506418378,2745600.000000,1
1425569506418690,2745600.000000,2
1425569506419003,2745600.000000,3
1425569506419315,2745600.000000,4
1425569506419628,2745600.000000,5
1425569506602128,1785600.000000,0
1425569506602284,1785600.000000,1
1425569506602544,1785600.000000,2
1425569506602753,1785600.000000,3
1425569506602909,1785600.000000,4
1425569506603169,1785600.000000,5
1425569509454315,1555200.000000,0
1425569509454628,1555200.000000,1
1425569509454940,1555200.000000,2
1425569509455253,1555200.000000,3
1425569509455565,1555200.000000,4
1425569509455878,1555200.000000,5
1425569509507596,1785600.000000,0
1425569509508065,1785600.000000,1
1425569509508378,1785600.000000,2
1425569509508794,1785600.000000,3
1425569509509159,1785600.000000,4
1425569509509471,1785600.000000,5
1425569509606190,1555200.000000,0
1425569509606607,1555200.000000,1
1425569509606919,1555200.000000,2
1425569509607232,1555200.000000,3
1425569509607544,1555200.000000,4
1425569509607857,1555200.000000,5
1425569509633534,1785600.000000,0
1425569509633846,1785600.000000,1
1425569509634315,1785600.000000,2
1425569509634628,1785600.000000,3
1425569509635044,1785600.000000,4
1425569509635409,1785600.000000,5
1425569513432857,2745600.000000,0
1425569513433169,2745600.000000,1
1425569513433482,2745600.000000,2
1425569513433794,2745600.000000,3
1425569513434107,2745600.000000,4
1425569513434419,2745600.000000,5
1425569516824315,2918400.000000,0
1425569516824576,2918400.000000,1
1425569516824784,2918400.000000,2
1425569516824940,2918400.000000,3
1425569516825201,2918400.000000,4
1425569516825409,2918400.000000,5
1425569520356919,1555200.000000,0
1425569520357128,1555200.000000,1
1425569520357440,1555200.000000,2
1425569520357596,1555200.000000,3
1425569520357909,1555200.000000,4
1425569520358169,1555200.000000,5
1425569538737128,3072000.000000,0
1425569538737440,3072000.000000,1
1425569538737909,3072000.000000,2
1425569538738221,3072000.000000,3
1425569538738534,3072000.000000,4
1425569538739003,3072000.000000,5
1425569538816971,1555200.000000,0
1425569538817388,1555200.000000,1
1425569538817701,1555200.000000,2
1425569538818065,1555200.000000,3
1425569538818482,1555200.000000,4
1425569538818846,1555200.000000,5
1425569538956190,2227200.000000,0
1425569538956659,2227200.000000,1
1425569538956971,2227200.000000,2
1425569538957284,2227200.000000,3
1425569538957701,2227200.000000,4
1425569538958065,2227200.000000,5
1425569550784159,748800.000000,0
1425569550784419,748800.000000,1
1425569550784628,748800.000000,2
1425569550784940,748800.000000,3
1425569550785201,748800.000000,4
1425569550785409,748800.000000,5
1425569568920513,556800.000000,0
1425569568921815,556800.000000,1
1425569568922753,556800.000000,2
1425569568923690,556800.000000,3
1425569568924628,556800.000000,4
1425569568925669,556800.000000,5
1425569582925096,1363200.000000,0
1425569582926346,1363200.000000,1
1425569582927388,1363200.000000,2
1425569582928378,1363200.000000,3
1425569582929315,1363200.000000,4
1425569582930409,1363200.000000,5
1425569600876503,1785600.000000,0
1425569600877284,1785600.000000,1
1425569600877701,1785600.000000,2
1425569600878065,1785600.000000,3
1425569600878482,1785600.000000,4
1425569600878951,1785600.000000,5
1425569609360096,1555200.000000,0
1425569609360513,1555200.000000,1
1425569609360878,1555200.000000,2
1425569609361190,1555200.000000,3
1425569609361503,1555200.000000,4
1425569609361815,1555200.000000,5
1425569610921971,1785600.000000,0
1425569610922388,1785600.000000,1
1425569610922753,1785600.000000,2
1425569610923065,1785600.000000,3
1425569610923534,1785600.000000,4
1425569610923951,1785600.000000,5
1425569615063065,1555200.000000,0
1425569615063534,1555200.000000,1
1425569615063951,1555200.000000,2
1425569615064419,1555200.000000,3
1425569615064888,1555200.000000,4
1425569615065357,1555200.000000,5
1425569632916346,1785600.000000,0
1425569632916815,1785600.000000,1
1425569632917284,1785600.000000,2
1425569632917753,1785600.000000,3
1425569632918169,1785600.000000,4
1425569632918638,1785600.000000,5
1425569632973846,1555200.000000,0
1425569632974315,1555200.000000,1
1425569632974732,1555200.000000,2
1425569632975096,1555200.000000,3
1425569632975513,1555200.000000,4
1425569632975878,1555200.000000,5
1425569633075096,1785600.000000,0
1425569633075513,1785600.000000,1
1425569633075878,1785600.000000,2
1425569633076190,1785600.000000,3
1425569633076503,1785600.000000,4
1425569633076919,1785600.000000,5
1425569645816659,1555200.000000,0
1425569645817076,1555200.000000,1
1425569645817440,1555200.000000,2
1425569645818846,1555200.000000,3
1425569645819263,1555200.000000,4
1425569645819628,1555200.000000,5
1425569648932544,2227200.000000,0
1425569648933013,2227200.000000,1
1425569648933482,2227200.000000,2
1425569648934003,2227200.000000,3
1425569648934471,2227200.000000,4
1425569648934940,2227200.000000,5
1425569662255096,1555200.000000,0
1425569662255409,1555200.000000,1
1425569662255721,1555200.000000,2
1425569662255982,1555200.000000,3
1425569662256190,1555200.000000,4
1425569662256503,1555200.000000,5
1425569662682544,2227200.000000,0
1425569662682909,2227200.000000,1
1425569662683326,2227200.000000,2
1425569662683690,2227200.000000,3
1425569662684107,2227200.000000,4
1425569662684471,2227200.000000,5
1425569662810096,748800.000000,0
1425569662810409,748800.000000,1
1425569662810721,748800.000000,2
1425569662810878,748800.000000,3
1425569662811190,748800.000000,4
1425569662811346,748800.000000,5
1425569680883221,556800.000000,0
1425569680884471,556800.000000,1
1425569680885565,556800.000000,2
1425569680886503,556800.000000,3
1425569680887544,556800.000000,4
1425569680888482,556800.000000,5
1425569681513482,1152000.000000,0
1425569681514576,1152000.000000,1
1425569681515669,1152000.000000,2
1425569681516659,1152000.000000,3
1425569681517596,1152000.000000,4
1425569681518534,1152000.000000,5
1425569694756503,1363200.000000,0
1425569694757128,1363200.000000,1
1425569694757701,1363200.000000,2
1425569694758221,1363200.000000,3
1425569694758690,1363200.000000,4
1425569694759159,1363200.000000,5
1425569709211659,1785600.000000,0
1425569709212128,1785600.000000,1
1425569709212596,1785600.000000,2
1425569709213013,1785600.000000,3
1425569709213378,1785600.000000,4
1425569709213794,1785600.000000,5
1425569710761815,1555200.000000,0
1425569710762284,1555200.000000,1
1425569710762596,1555200.000000,2
1425569710762909,1555200.000000,3
1425569710763221,1555200.000000,4
1425569710763534,1555200.000000,5
1425569711035357,1785600.000000,0
1425569711035721,1785600.000000,1
1425569711036034,1785600.000000,2
1425569711036503,1785600.000000,3
1425569711036815,1785600.000000,4
1425569711037128,1785600.000000,5
1425569711735721,1555200.000000,0
1425569711736034,1555200.000000,1
1425569711736346,1555200.000000,2
1425569711736659,1555200.000000,3
1425569711736971,1555200.000000,4
1425569711738638,1555200.000000,5
1425569711795826,1785600.000000,0
1425569711796503,1785600.000000,1
1425569711796919,1785600.000000,2
1425569711797388,1785600.000000,3
1425569711797857,1785600.000000,4
1425569711798326,1785600.000000,5
1425569714648378,1555200.000000,0
1425569714648690,1555200.000000,1
1425569714649003,1555200.000000,2
1425569714649315,1555200.000000,3
1425569714649628,1555200.000000,4
1425569714649940,1555200.000000,5
1425569715031346,1785600.000000,0
1425569715031763,1785600.000000,1
1425569715032128,1785600.000000,2
1425569715032440,1785600.000000,3
1425569715032857,1785600.000000,4
1425569715033221,1785600.000000,5
1425569726845253,1555200.000000,0
1425569726845721,1555200.000000,1
1425569726846034,1555200.000000,2
1425569726846346,1555200.000000,3
1425569726846659,1555200.000000,4
1425569726846971,1555200.000000,5
1425569731371034,3532800.000000,0
1425569731371451,3532800.000000,1
1425569731371815,3532800.000000,2
1425569731372128,3532800.000000,3
1425569731372544,3532800.000000,4
1425569731372909,3532800.000000,5
1425569731424315,1555200.000000,0
1425569731424784,1555200.000000,1
1425569731425096,1555200.000000,2
1425569731425513,1555200.000000,3
1425569731425878,1555200.000000,4
1425569731426294,1555200.000000,5
1425569731554732,2227200.000000,0
1425569731555096,2227200.000000,1
1425569731555409,2227200.000000,2
1425569731555721,2227200.000000,3
1425569731556138,2227200.000000,4
1425569731556503,2227200.000000,5
1425569731651451,1785600.000000,0
1425569731651815,1785600.000000,1
1425569731652128,1785600.000000,2
1425569731652440,1785600.000000,3
1425569731652753,1785600.000000,4
1425569731653065,1785600.000000,5
1425569731743378,2227200.000000,0
1425569731743794,2227200.000000,1
1425569731744159,2227200.000000,2
1425569731744471,2227200.000000,3
1425569731744940,2227200.000000,4
1425569731745357,2227200.000000,5
1425569744943378,748800.000000,0
1425569744943794,748800.000000,1
1425569744944107,748800.000000,2
1425569744944419,748800.000000,3
1425569744944784,748800.000000,4
1425569744945253,748800.000000,5
1425569759263326,556800.000000,0
1425569759264888,556800.000000,1
1425569759266294,556800.000000,2
1425569759267544,556800.000000,3
1425569759268794,556800.000000,4
1425569759270096,556800.000000,5
1425569776039784,748800.000000,0
1425569776041190,748800.000000,1
1425569776042440,748800.000000,2
1425569776043794,748800.000000,3
1425569776045044,748800.000000,4
1425569776046346,748800.000000,5
1425569781444315,1785600.000000,0
1425569781445200,1785600.000000,1
1425569781445982,1785600.000000,2
1425569781446763,1785600.000000,3
1425569781447440,1785600.000000,4
1425569781448221,1785600.000000,5
1425569791081503,1555200.000000,0
1425569791081919,1555200.000000,1
1425569791082232,1555200.000000,2
1425569791082544,1555200.000000,3
1425569791082857,1555200.000000,4
1425569791083169,1555200.000000,5
1425569804054471,1785600.000000,0
1425569804054940,1785600.000000,1
1425569804055253,1785600.000000,2
1425569804055565,1785600.000000,3
1425569804055982,1785600.000000,4
1425569804056346,1785600.000000,5
1425569804096763,1555200.000000,0
1425569804097128,1555200.000000,1
1425569804097440,1555200.000000,2
1425569804097753,1555200.000000,3
1425569804098065,1555200.000000,4
1425569804098378,1555200.000000,5
1425569804473065,1785600.000000,0
1425569804473482,1785600.000000,1
1425569804473846,1785600.000000,2
1425569804474159,1785600.000000,3
1425569804474471,1785600.000000,4
1425569804474940,1785600.000000,5
1425569824934003,1363200.000000,0
1425569824934315,1363200.000000,1
1425569824934732,1363200.000000,2
1425569824935044,1363200.000000,3
1425569824935357,1363200.000000,4
1425569824935669,1363200.000000,5
1425569840905409,1555200.000000,0
1425569840905878,1555200.000000,1
1425569840906346,1555200.000000,2
1425569840906763,1555200.000000,3
1425569840907128,1555200.000000,4
1425569840907596,1555200.000000,5
1425569851331450,1996800.000000,0
1425569851331815,1996800.000000,1
1425569851332232,1996800.000000,2
1425569851332596,1996800.000000,3
1425569851333013,1996800.000000,4
1425569851333378,1996800.000000,5
1425569851401607,1555200.000000,0
1425569851401919,1555200.000000,1
1425569851402232,1555200.000000,2
1425569851402440,1555200.000000,3
1425569851402753,1555200.000000,4
1425569851403065,1555200.000000,5
1425569851512596,1785600.000000,0
1425569851513013,1785600.000000,1
1425569851513378,1785600.000000,2
1425569851513690,1785600.000000,3
1425569851514159,1785600.000000,4
1425569851514471,1785600.000000,5
1425569851595096,1555200.000000,0
1425569851595409,1555200.000000,1
1425569851595721,1555200.000000,2
1425569851596034,1555200.000000,3
1425569851596346,1555200.000000,4
1425569851596659,1555200.000000,5
1425569851630982,1785600.000000,0
1425569851631346,1785600.000000,1
1425569851631763,1785600.000000,2
1425569851632128,1785600.000000,3
1425569851632440,1785600.000000,4
1425569851632857,1785600.000000,5
1425569856881971,1555200.000000,0
1425569856882284,1555200.000000,1
1425569856882753,1555200.000000,2
1425569856883169,1555200.000000,3
1425569856883534,1555200.000000,4
1425569856883950,1555200.000000,5
1425569872936450,1152000.000000,0
1425569872936971,1152000.000000,1
1425569872937388,1152000.000000,2
1425569872937857,1152000.000000,3
1425569872938378,1152000.000000,4
1425569872938846,1152000.000000,5
1425569881860565,1555200.000000,0
1425569881861190,1555200.000000,1
1425569881861659,1555200.000000,2
1425569881862128,1555200.000000,3
1425569881862700,1555200.000000,4
1425569881863221,1555200.000000,5
1425569888905565,1152000.000000,0
1425569888906034,1152000.000000,1
1425569888906450,1152000.000000,2
1425569888906815,1152000.000000,3
1425569888907128,1152000.000000,4
1425569888907544,1152000.000000,5
1425569904868378,1555200.000000,0
1425569904869003,1555200.000000,1
1425569904869628,1555200.000000,2
1425569904870253,1555200.000000,3
1425569904870982,1555200.000000,4
1425569904871607,1555200.000000,5
1425569920898690,960000.000000,0
1425569920899159,960000.000000,1
1425569920899575,960000.000000,2
1425569920900096,960000.000000,3
1425569920900721,960000.000000,4
1425569920901450,960000.000000,5
1425569932880044,1555200.000000,0
1425569932880825,1555200.000000,1
1425569932881503,1555200.000000,2
1425569932882232,1555200.000000,3
1425569932883013,1555200.000000,4
1425569932883690,1555200.000000,5
1425569936037596,1785600.000000,0
1425569936038065,1785600.000000,1
1425569936038378,1785600.000000,2
1425569936038794,1785600.000000,3
1425569936039159,1785600.000000,4
1425569936039471,1785600.000000,5
1425569936078169,1555200.000000,0
1425569936078638,1555200.000000,1
1425569936078950,1555200.000000,2
1425569936079263,1555200.000000,3
1425569936079575,1555200.000000,4
1425569936079888,1555200.000000,5
1425569950816815,556800.000000,0
1425569950817284,556800.000000,1
1425569950817753,556800.000000,2
1425569950818378,556800.000000,3
1425569950819575,556800.000000,4
1425569950820721,556800.000000,5
1425569997097127,748800.000000,0
1425569997098482,748800.000000,1
1425569997099471,748800.000000,2
1425569997100565,748800.000000,3
1425569997101659,748800.000000,4
1425569997102596,748800.000000,5
1425569999043065,1363200.000000,0
1425569999043846,1363200.000000,1
1425569999044627,1363200.000000,2
1425569999045409,1363200.000000,3
1425569999046294,1363200.000000,4
1425569999046971,1363200.000000,5
1425570014773846,1785600.000000,0
1425570014774419,1785600.000000,1
1425570014776190,1785600.000000,2
1425570014776659,1785600.000000,3
1425570014777127,1785600.000000,4
1425570014777544,1785600.000000,5
1425570016369627,1555200.000000,0
1425570016370096,1555200.000000,1
1425570016370565,1555200.000000,2
1425570016370982,1555200.000000,3
1425570016371346,1555200.000000,4
1425570016371763,1555200.000000,5
1425570016521450,1785600.000000,0
1425570016521919,1785600.000000,1
1425570016522388,1785600.000000,2
1425570016522909,1785600.000000,3
1425570016523377,1785600.000000,4
1425570016523794,1785600.000000,5
1425570016905721,1555200.000000,0
1425570016906034,1555200.000000,1
1425570016906346,1555200.000000,2
1425570016906659,1555200.000000,3
1425570016906971,1555200.000000,4
1425570016907284,1555200.000000,5
1425570016965982,1785600.000000,0
1425570016966450,1785600.000000,1
1425570016966971,1785600.000000,2
1425570016967440,1785600.000000,3
1425570016967909,1785600.000000,4
1425570016968325,1785600.000000,5
1425570032871346,1555200.000000,0
1425570032871659,1555200.000000,1
1425570032871971,1555200.000000,2
1425570032872284,1555200.000000,3
1425570032872596,1555200.000000,4
1425570032872909,1555200.000000,5
1425570035232596,3532800.000000,0
1425570035233013,3532800.000000,1
1425570035233377,3532800.000000,2
1425570035233690,3532800.000000,3
1425570035234107,3532800.000000,4
1425570035234471,3532800.000000,5
1425570035284002,1555200.000000,0
1425570035284419,1555200.000000,1
1425570035284784,1555200.000000,2
1425570035285096,1555200.000000,3
1425570035285513,1555200.000000,4
1425570035285877,1555200.000000,5
1425570035400096,1996800.000000,0
1425570035400513,1996800.000000,1
1425570035400877,1996800.000000,2
1425570035401294,1996800.000000,3
1425570035401659,1996800.000000,4
1425570035401971,1996800.000000,5
1425570048948846,960000.000000,0
1425570048949159,960000.000000,1
1425570048949471,960000.000000,2
1425570048949784,960000.000000,3
1425570048950096,960000.000000,4
1425570048950409,960000.000000,5
1425570064291659,556800.000000,0
1425570064293221,556800.000000,1
1425570064294471,556800.000000,2
1425570064295721,556800.000000,3
1425570064296971,556800.000000,4
1425570064298325,556800.000000,5
1425570082135409,748800.000000,0
1425570082136659,748800.000000,1
1425570082137752,748800.000000,2
1425570082138846,748800.000000,3
1425570082139940,748800.000000,4
1425570082140877,748800.000000,5
1425570094780721,1363200.000000,0
1425570094781607,1363200.000000,1
1425570094782388,1363200.000000,2
1425570094783065,1363200.000000,3
1425570094783794,1363200.000000,4
1425570094784471,1363200.000000,5
1425570108858690,1785600.000000,0
1425570108859315,1785600.000000,1
1425570108859784,1785600.000000,2
1425570108860357,1785600.000000,3
1425570108860877,1785600.000000,4
1425570108861346,1785600.000000,5
1425570119018377,1996800.000000,0
1425570119018794,1996800.000000,1
1425570119019107,1996800.000000,2
1425570119019419,1996800.000000,3
1425570119019732,1996800.000000,4
1425570119020096,1996800.000000,5
1425570119074263,1785600.000000,0
1425570119074627,1785600.000000,1
1425570119074940,1785600.000000,2
1425570119075200,1785600.000000,3
1425570119075409,1785600.000000,4
1425570119075721,1785600.000000,5
1425570127793638,1555200.000000,0
1425570127794002,1555200.000000,1
1425570127794315,1555200.000000,2
1425570127794627,1555200.000000,3
1425570127794940,1555200.000000,4
1425570127795252,1555200.000000,5
1425570127964315,1785600.000000,0
1425570127966450,1785600.000000,1
1425570127966815,1785600.000000,2
1425570127967127,1785600.000000,3
1425570127967544,1785600.000000,4
1425570127967909,1785600.000000,5
1425570128372544,1996800.000000,0
1425570128372909,1996800.000000,1
1425570128373221,1996800.000000,2
1425570128373534,1996800.000000,3
1425570128373846,1996800.000000,4
1425570128374159,1996800.000000,5
1425570144901659,1555200.000000,0
1425570144901971,1555200.000000,1
1425570144902284,1555200.000000,2
1425570144902596,1555200.000000,3
1425570144902909,1555200.000000,4
1425570144903169,1555200.000000,5
1425570162242075,2400000.000000,0
1425570162242388,2400000.000000,1
1425570162242752,2400000.000000,2
1425570162243065,2400000.000000,3
1425570162243482,2400000.000000,4
1425570162243846,2400000.000000,5
1425570172182857,2227200.000000,0
1425570172184315,2227200.000000,1
1425570172184627,2227200.000000,2
1425570172184888,2227200.000000,3
1425570172185200,2227200.000000,4
1425570172185513,2227200.000000,5
1425570175159940,1785600.000000,0
1425570175160200,1785600.000000,1
1425570175160409,1785600.000000,2
1425570175160721,1785600.000000,3
1425570175160982,1785600.000000,4
1425570175161190,1785600.000000,5
1425570192885565,1555200.000000,0
1425570192886190,1555200.000000,1
1425570192886659,1555200.000000,2
1425570192887127,1555200.000000,3
1425570192887544,1555200.000000,4
1425570192888013,1555200.000000,5
1425570208857700,1785600.000000,0
1425570208858221,1785600.000000,1
1425570208858638,1785600.000000,2
1425570208859107,1785600.000000,3
1425570208859575,1785600.000000,4
1425570208860044,1785600.000000,5
1425570222766919,748800.000000,0
1425570222767284,748800.000000,1
1425570222767596,748800.000000,2
1425570222767909,748800.000000,3
1425570222768221,748800.000000,4
1425570222768534,748800.000000,5
1425570240905252,556800.000000,0
1425570240906763,556800.000000,1
1425570240908013,556800.000000,2
1425570240909315,556800.000000,3
1425570240910565,556800.000000,4
1425570240911919,556800.000000,5
1425570274607232,748800.000000,0
1425570274608482,748800.000000,1
1425570274609575,748800.000000,2
1425570274610565,748800.000000,3
1425570274611659,748800.000000,4
1425570274612596,748800.000000,5
1425570281079627,1785600.000000,0
1425570281080721,1785600.000000,1
1425570281081763,1785600.000000,2
1425570281082752,1785600.000000,3
1425570281083794,1785600.000000,4
1425570281084732,1785600.000000,5
1425570288056346,960000.000000,0
1425570288056763,960000.000000,1
1425570288057075,960000.000000,2
1425570288057388,960000.000000,3
1425570288057700,960000.000000,4
1425570288058065,960000.000000,5
1425570304872596,1363200.000000,0
1425570304873221,1363200.000000,1
1425570304873846,1363200.000000,2
1425570304874471,1363200.000000,3
1425570304875044,1363200.000000,4
1425570304875721,1363200.000000,5
1425570321058221,556800.000000,0
1425570321059627,556800.000000,1
1425570321060877,556800.000000,2
1425570321062127,556800.000000,3
1425570321063482,556800.000000,4
1425570321064627,556800.000000,5
1425570327715044,748800.000000,0
1425570327716346,748800.000000,1
1425570327717700,748800.000000,2
1425570327719002,748800.000000,3
1425570327720357,748800.000000,4
1425570327721607,748800.000000,5
1425570336336971,556800.000000,0
1425570336338065,556800.000000,1
1425570336339002,556800.000000,2
1425570336339940,556800.000000,3
1425570336341034,556800.000000,4
1425570336342075,556800.000000,5
1425570384939471,748800.000000,0
1425570384941190,748800.000000,1
1425570384942544,748800.000000,2
1425570384943846,748800.000000,3
1425570384945252,748800.000000,4
1425570384946502,748800.000000,5
1425570388915877,556800.000000,0
1425570388917127,556800.000000,1
1425570388918482,556800.000000,2
1425570388919784,556800.000000,3
1425570388921034,556800.000000,4
1425570388922284,556800.000000,5
1425570398931294,1363200.000000,0
1425570398932440,1363200.000000,1
1425570398933534,1363200.000000,2
1425570398934471,1363200.000000,3
1425570398935513,1363200.000000,4
1425570398936502,1363200.000000,5
1425570414379784,1555200.000000,0
1425570414380252,1555200.000000,1
1425570414380721,1555200.000000,2
1425570414381034,1555200.000000,3
1425570414381502,1555200.000000,4
1425570414381971,1555200.000000,5
1425570415438377,1785600.000000,0
1425570415438794,1785600.000000,1
1425570415439107,1785600.000000,2
1425570415439471,1785600.000000,3
1425570415439784,1785600.000000,4
1425570415440200,1785600.000000,5
1425570427658325,1555200.000000,0
1425570427658794,1555200.000000,1
1425570427659159,1555200.000000,2
1425570427659575,1555200.000000,3
1425570427659940,1555200.000000,4
1425570427660356,1555200.000000,5
1425570428172700,1785600.000000,0
1425570428173169,1785600.000000,1
1425570428173534,1785600.000000,2
1425570428173846,1785600.000000,3
1425570428174263,1785600.000000,4
1425570428174627,1785600.000000,5
1425570430966502,960000.000000,0
1425570430966919,960000.000000,1
1425570430967231,960000.000000,2
1425570430967544,960000.000000,3
1425570430967856,960000.000000,4
1425570430968065,960000.000000,5
1425570448779940,1363200.000000,0
1425570448780565,1363200.000000,1
1425570448781190,1363200.000000,2
1425570448781763,1363200.000000,3
1425570448782284,1363200.000000,4
1425570448782909,1363200.000000,5
1425570448820721,1555200.000000,0
1425570448821190,1555200.000000,1
1425570448821606,1555200.000000,2
1425570448821971,1555200.000000,3
1425570448822440,1555200.000000,4
1425570448822752,1555200.000000,5
1425570449068950,1996800.000000,0
1425570449069419,1996800.000000,1
1425570449069888,1996800.000000,2
1425570449070356,1996800.000000,3
1425570449070825,1996800.000000,4
1425570449071294,1996800.000000,5
1425570449075565,1785600.000000,0
1425570449075981,1785600.000000,1
1425570449076346,1785600.000000,2
1425570449076763,1785600.000000,3
1425570449077127,1785600.000000,4
1425570449077440,1785600.000000,5
1425570464950409,556800.000000,0
1425570464950877,556800.000000,1
1425570464951294,556800.000000,2
1425570464951659,556800.000000,3
1425570464952596,556800.000000,4
1425570464953846,556800.000000,5
1425570481502596,1785600.000000,0
1425570481503846,1785600.000000,1
1425570481505044,1785600.000000,2
1425570481506034,1785600.000000,3
1425570481506971,1785600.000000,4
1425570481508065,1785600.000000,5
1425570496857440,1996800.000000,0
1425570496858065,1996800.000000,1
1425570496858377,1996800.000000,2
1425570496858690,1996800.000000,3
1425570496859002,1996800.000000,4
1425570496859315,1996800.000000,5
1425570520968794,960000.000000,0
1425570520969106,960000.000000,1
1425570520969419,960000.000000,2
1425570520969731,960000.000000,3
1425570520970096,960000.000000,4
1425570520970409,960000.000000,5
1425570526782231,556800.000000,0
1425570526783013,556800.000000,1
1425570526784002,556800.000000,2
1425570526785096,556800.000000,3
1425570526786034,556800.000000,4
1425570526787075,556800.000000,5
1425570541119419,1152000.000000,0
1425570541120565,1152000.000000,1
1425570541121606,1152000.000000,2
1425570541122596,1152000.000000,3
1425570541123690,1152000.000000,4
1425570541124627,1152000.000000,5
1425570542193065,2745600.000000,0
1425570542193690,2745600.000000,1
1425570542194159,2745600.000000,2
1425570542194627,2745600.000000,3
1425570542195096,2745600.000000,4
1425570542195565,2745600.000000,5
1425570543266919,556800.000000,0
1425570543267127,556800.000000,1
1425570543267284,556800.000000,2
1425570543267544,556800.000000,3
1425570543267752,556800.000000,4
1425570543267909,556800.000000,5
1425570550976502,748800.000000,0
1425570550977700,748800.000000,1
1425570550978794,748800.000000,2
1425570550979784,748800.000000,3
1425570550980877,748800.000000,4
1425570550981815,748800.000000,5
1425570559717596,556800.000000,0
1425570559718690,556800.000000,1
1425570559719627,556800.000000,2
1425570559720513,556800.000000,3
1425570559721502,556800.000000,4
1425570559722596,556800.000000,5
1425570588889784,748800.000000,0
1425570588891190,748800.000000,1
1425570588892596,748800.000000,2
1425570588893950,748800.000000,3
1425570588895096,748800.000000,4
1425570588896502,748800.000000,5
1425570608954315,1363200.000000,0
1425570608955252,1363200.000000,1
1425570608956034,1363200.000000,2
1425570608956815,1363200.000000,3
1425570608957596,1363200.000000,4
1425570608958377,1363200.000000,5
1425570620857752,1555200.000000,0
1425570620858325,1555200.000000,1
1425570620858846,1555200.000000,2
1425570620859315,1555200.000000,3
1425570620859888,1555200.000000,4
1425570620860409,1555200.000000,5
1425570624781190,1785600.000000,0
1425570624781502,1785600.000000,1
1425570624781971,1785600.000000,2
1425570624782284,1785600.000000,3
1425570624782700,1785600.000000,4
1425570624783065,1785600.000000,5
1425570627567075,1555200.000000,0
1425570627567440,1555200.000000,1
1425570627567752,1555200.000000,2
1425570627568169,1555200.000000,3
1425570627568481,1555200.000000,4
1425570627568794,1555200.000000,5
1425570627735096,1785600.000000,0
1425570627735513,1785600.000000,1
1425570627735877,1785600.000000,2
1425570627736190,1785600.000000,3
1425570627736502,1785600.000000,4
1425570627736971,1785600.000000,5
1425570627850825,1555200.000000,0
1425570627851190,1555200.000000,1
1425570627851502,1555200.000000,2
1425570627851815,1555200.000000,3
1425570627852127,1555200.000000,4
1425570627852440,1555200.000000,5
1425570628882127,1785600.000000,0
1425570628882544,1785600.000000,1
1425570628882856,1785600.000000,2
1425570628883221,1785600.000000,3
1425570628883534,1785600.000000,4
1425570628884002,1785600.000000,5
1425570640882388,960000.000000,0
1425570640882752,960000.000000,1
1425570640883169,960000.000000,2
1425570640883533,960000.000000,3
1425570640884002,960000.000000,4
1425570640884315,960000.000000,5
1425570667378638,556800.000000,0
1425570667380096,556800.000000,1
1425570667381346,556800.000000,2
1425570667382596,556800.000000,3
1425570667383950,556800.000000,4
1425570667385252,556800.000000,5
1425570678276346,748800.000000,0
1425570678277908,748800.000000,1
1425570678279263,748800.000000,2
1425570678280408,748800.000000,3
1425570678281815,748800.000000,4
1425570678283013,748800.000000,5
1425570680269263,556800.000000,0
1425570680270408,556800.000000,1
1425570680274158,556800.000000,2
1425570680275200,556800.000000,3
1425570680276190,556800.000000,4
1425570680277127,556800.000000,5
1425570681162544,1152000.000000,0
1425570681163638,1152000.000000,1
1425570681164627,1152000.000000,2
1425570681165565,1152000.000000,3
1425570681166502,1152000.000000,4
1425570681167596,1152000.000000,5
1425570686866658,556800.000000,0
1425570686867596,556800.000000,1
1425570686868638,556800.000000,2
1425570686869627,556800.000000,3
1425570686870721,556800.000000,4
1425570686871658,556800.000000,5
1425570688872023,2745600.000000,0
1425570688872648,2745600.000000,1
1425570688873117,2745600.000000,2
1425570688873586,2745600.000000,3
1425570688874054,2745600.000000,4
1425570688874575,2745600.000000,5
1425570689039731,556800.000000,0
1425570689039940,556800.000000,1
1425570689040096,556800.000000,2
1425570689040408,556800.000000,3
1425570689040565,556800.000000,4
1425570689040877,556800.000000,5
1425570704891033,1363200.000000,0
1425570704892127,1363200.000000,1
1425570704893065,1363200.000000,2
1425570704894106,1363200.000000,3
1425570704895096,1363200.000000,4
1425570704896033,1363200.000000,5
1425570735243221,556800.000000,0
1425570735243690,556800.000000,1
1425570735244263,556800.000000,2
1425570735245096,556800.000000,3
1425570735246033,556800.000000,4
1425570735246971,556800.000000,5
1425570746280877,1555200.000000,0
1425570746281919,1555200.000000,1
1425570746282908,1555200.000000,2
1425570746284002,1555200.000000,3
1425570746285096,1555200.000000,4
1425570746286138,1555200.000000,5
1425570751049940,1363200.000000,0
1425570751050721,1363200.000000,1
1425570751051033,1363200.000000,2
1425570751051450,1363200.000000,3
1425570751051815,1363200.000000,4
1425570751052231,1363200.000000,5
1425570757916919,1555200.000000,0
1425570757917388,1555200.000000,1
1425570757917752,1555200.000000,2
1425570757918221,1555200.000000,3
1425570757918638,1555200.000000,4
1425570757919106,1555200.000000,5
1425570768882440,1785600.000000,0
1425570768882908,1785600.000000,1
1425570768883377,1785600.000000,2
1425570768883846,1785600.000000,3
1425570768884263,1785600.000000,4
1425570768884783,1785600.000000,5
1425570768924263,1555200.000000,0
1425570768924627,1555200.000000,1
1425570768924940,1555200.000000,2
1425570768925252,1555200.000000,3
1425570768925565,1555200.000000,4
1425570768925877,1555200.000000,5
1425570772930565,1785600.000000,0
1425570772930981,1785600.000000,1
1425570772931294,1785600.000000,2
1425570772931658,1785600.000000,3
1425570772931971,1785600.000000,4
1425570772932388,1785600.000000,5
1425570777475565,1555200.000000,0
1425570777476033,1555200.000000,1
1425570777476346,1555200.000000,2
1425570777476815,1555200.000000,3
1425570777477231,1555200.000000,4
1425570777477596,1555200.000000,5
1425570778425877,1785600.000000,0
1425570778426190,1785600.000000,1
1425570778426658,1785600.000000,2
1425570778426971,1785600.000000,3
1425570778427388,1785600.000000,4
1425570778427752,1785600.000000,5
1425570778504158,1555200.000000,0
1425570778504627,1555200.000000,1
1425570778504940,1555200.000000,2
1425570778505252,1555200.000000,3
1425570778505565,1555200.000000,4
1425570778507388,1555200.000000,5
1425570778538846,1996800.000000,0
1425570778539315,1996800.000000,1
1425570778539627,1996800.000000,2
1425570778539940,1996800.000000,3
1425570778540356,1996800.000000,4
1425570778540721,1996800.000000,5
1425570782136450,1555200.000000,0
1425570782136763,1555200.000000,1
1425570782136971,1555200.000000,2
1425570782137283,1555200.000000,3
1425570782137544,1555200.000000,4
1425570782137856,1555200.000000,5
1425570782389783,1785600.000000,0
1425570782390200,1785600.000000,1
1425570782390565,1785600.000000,2
1425570782390877,1785600.000000,3
1425570782391346,1785600.000000,4
1425570782391658,1785600.000000,5
1425570782516190,1996800.000000,0
1425570782516658,1996800.000000,1
1425570782516971,1996800.000000,2
1425570782517283,1996800.000000,3
1425570782517596,1996800.000000,4
1425570782517908,1996800.000000,5
1425570782804158,1785600.000000,0
1425570782804471,1785600.000000,1
1425570782804783,1785600.000000,2
1425570782805044,1785600.000000,3
1425570782805408,1785600.000000,4
1425570782805669,1785600.000000,5
1425570800844263,2400000.000000,0
1425570800844783,2400000.000000,1
1425570800845096,2400000.000000,2
1425570800845408,2400000.000000,3
1425570800845721,2400000.000000,4
1425570800846033,2400000.000000,5
1425570815263690,556800.000000,0
1425570815264002,556800.000000,1
1425570815264315,556800.000000,2
1425570815264627,556800.000000,3
1425570815264940,556800.000000,4
1425570815265252,556800.000000,5
1425570834516033,748800.000000,0
1425570834517231,748800.000000,1
1425570834518221,748800.000000,2
1425570834519158,748800.000000,3
1425570834520096,748800.000000,4
1425570834521138,748800.000000,5
1425570845367752,1555200.000000,0
1425570845368846,1555200.000000,1
1425570845369783,1555200.000000,2
1425570845370825,1555200.000000,3
1425570845371815,1555200.000000,4
1425570845372700,1555200.000000,5
1425570845489002,748800.000000,0
1425570845489471,748800.000000,1
1425570845489783,748800.000000,2
1425570845490200,748800.000000,3
1425570845490565,748800.000000,4
1425570845490877,748800.000000,5
1425570855229419,1555200.000000,0
1425570855230513,1555200.000000,1
1425570855231450,1555200.000000,2
1425570855232440,1555200.000000,3
1425570855233481,1555200.000000,4
1425570855234419,1555200.000000,5
1425570855977908,748800.000000,0
1425570855978377,748800.000000,1
1425570855978846,748800.000000,2
1425570855979315,748800.000000,3
1425570855979783,748800.000000,4
1425570855980252,748800.000000,5
1425570864533533,556800.000000,0
1425570864534575,556800.000000,1
1425570864535565,556800.000000,2
1425570864536815,556800.000000,3
1425570864538065,556800.000000,4
1425570864539315,556800.000000,5
1425570896941763,748800.000000,0
1425570896943065,748800.000000,1
1425570896944002,748800.000000,2
1425570896945252,748800.000000,3
1425570896946346,748800.000000,4
1425570896947440,748800.000000,5
1425570911417908,1363200.000000,0
1425570911418794,1363200.000000,1
1425570911419575,1363200.000000,2
1425570911420252,1363200.000000,3
1425570911421138,1363200.000000,4
1425570911421815,1363200.000000,5
1425570926903325,960000.000000,0
1425570926903846,960000.000000,1
1425570926904419,960000.000000,2
1425570926904940,960000.000000,3
1425570926905565,960000.000000,4
1425570926906346,960000.000000,5
1425570942934627,748800.000000,0
1425570942935356,748800.000000,1
1425570942935877,748800.000000,2
1425570942936606,748800.000000,3
1425570942937283,748800.000000,4
1425570942938065,748800.000000,5
1425570961027388,556800.000000,0
1425570961029002,556800.000000,1
1425570961030252,556800.000000,2
1425570961031502,556800.000000,3
1425570961032856,556800.000000,4
1425570961034106,556800.000000,5
1425570981819940,960000.000000,0
1425570981821138,960000.000000,1
1425570981822127,960000.000000,2
1425570981823065,960000.000000,3
1425570981824002,960000.000000,4
1425570981825096,960000.000000,5
1425570991007440,748800.000000,0
1425570991008377,748800.000000,1
1425570991009158,748800.000000,2
1425570991009888,748800.000000,3
1425570991010669,748800.000000,4
1425570991011346,748800.000000,5
1425571008907752,1363200.000000,0
1425571008908690,1363200.000000,1
1425571008909575,1363200.000000,2
1425571008910252,1363200.000000,3
1425571008911033,1363200.000000,4
1425571008911815,1363200.000000,5
1425571024951033,960000.000000,0
1425571024951502,960000.000000,1
1425571024951919,960000.000000,2
1425571024952283,960000.000000,3
1425571024952700,960000.000000,4
1425571024953221,960000.000000,5
1425571038776190,748800.000000,0
1425571038777440,748800.000000,1
1425571038778377,748800.000000,2
1425571038779419,748800.000000,3
1425571038780252,748800.000000,4
1425571038781190,748800.000000,5
1425571044041606,556800.000000,0
1425571044042908,556800.000000,1
1425571044043950,556800.000000,2
1425571044044940,556800.000000,3
1425571044046033,556800.000000,4
1425571044047075,556800.000000,5
1425571055567596,1363200.000000,0
1425571055568846,1363200.000000,1
1425571055569888,1363200.000000,2
1425571055570981,1363200.000000,3
1425571055572388,1363200.000000,4
1425571055573325,1363200.000000,5
1425571065980877,1785600.000000,0
1425571065981294,1785600.000000,1
1425571065981763,1785600.000000,2
1425571065982127,1785600.000000,3
1425571065982596,1785600.000000,4
1425571065983065,1785600.000000,5
1425571065988377,1363200.000000,0
1425571065988846,1363200.000000,1
1425571065989263,1363200.000000,2
1425571065989627,1363200.000000,3
1425571065990096,1363200.000000,4
1425571065990513,1363200.000000,5
1425571066043690,1555200.000000,0
1425571066044158,1555200.000000,1
1425571066044575,1555200.000000,2
1425571066044940,1555200.000000,3
1425571066045408,1555200.000000,4
1425571066045825,1555200.000000,5
1425571066539158,1363200.000000,0
1425571066539627,1363200.000000,1
1425571066539940,1363200.000000,2
1425571066540252,1363200.000000,3
1425571066540669,1363200.000000,4
1425571066541033,1363200.000000,5
1425571086821815,748800.000000,0
1425571086822387,748800.000000,1
1425571086822752,748800.000000,2
1425571086823481,748800.000000,3
1425571086824158,748800.000000,4
1425571086824887,748800.000000,5
1425571094841658,1152000.000000,0
1425571094842596,1152000.000000,1
1425571094843221,1152000.000000,2
1425571094844002,1152000.000000,3
1425571094844783,1152000.000000,4
1425571094845565,1152000.000000,5
1425571102760408,1363200.000000,0
1425571102761033,1363200.000000,1
1425571102761658,1363200.000000,2
1425571102762283,1363200.000000,3
1425571102762908,1363200.000000,4
1425571102763533,1363200.000000,5
1425571119656815,1152000.000000,0
1425571119657387,1152000.000000,1
1425571119657908,1152000.000000,2
1425571119658377,1152000.000000,3
1425571119658846,1152000.000000,4
1425571119659419,1152000.000000,5
1425571135539419,556800.000000,0
1425571135540408,556800.000000,1
1425571135541450,556800.000000,2
1425571135542440,556800.000000,3
1425571135543533,556800.000000,4
1425571135544575,556800.000000,5
1425571147808481,1555200.000000,0
1425571147809940,1555200.000000,1
1425571147811190,1555200.000000,2
1425571147812387,1555200.000000,3
1425571147813690,1555200.000000,4
1425571147814940,1555200.000000,5
1425571152884419,748800.000000,0
1425571152884887,748800.000000,1
1425571152885356,748800.000000,2
1425571152885721,748800.000000,3
1425571152886190,748800.000000,4
1425571152886762,748800.000000,5
1425571167806190,556800.000000,0
1425571167807752,556800.000000,1
1425571167808950,556800.000000,2
1425571167810252,556800.000000,3
1425571167811502,556800.000000,4
1425571167812752,556800.000000,5
1425571181136137,1152000.000000,0
1425571181137596,1152000.000000,1
1425571181138794,1152000.000000,2
1425571181140044,1152000.000000,3
1425571181141346,1152000.000000,4
1425571181142596,1152000.000000,5
1425571182800981,556800.000000,0
1425571182801502,556800.000000,1
1425571182801971,556800.000000,2
1425571182802440,556800.000000,3
1425571182803325,556800.000000,4
1425571182804315,556800.000000,5
1425571199176971,1363200.000000,0
1425571199178221,1363200.000000,1
1425571199179315,1363200.000000,2
1425571199180252,1363200.000000,3
1425571199181190,1363200.000000,4
1425571199182231,1363200.000000,5
1425571214749940,1785600.000000,0
1425571214750408,1785600.000000,1
1425571214750825,1785600.000000,2
1425571214751190,1785600.000000,3
1425571214751658,1785600.000000,4
1425571214752075,1785600.000000,5
1425571223952127,1555200.000000,0
1425571223952596,1555200.000000,1
1425571223953065,1555200.000000,2
1425571223953481,1555200.000000,3
1425571223953950,1555200.000000,4
1425571223954419,1555200.000000,5
1425571224907127,1785600.000000,0
1425571224907596,1785600.000000,1
1425571224907908,1785600.000000,2
1425571224908377,1785600.000000,3
1425571224908690,1785600.000000,4
1425571224909106,1785600.000000,5
1425571230966762,556800.000000,0
1425571230967127,556800.000000,1
1425571230967440,556800.000000,2
1425571230967752,556800.000000,3
1425571230968065,556800.000000,4
1425571230968377,556800.000000,5
1425571238302075,748800.000000,0
1425571238303377,748800.000000,1
1425571238304471,748800.000000,2
1425571238305512,748800.000000,3
1425571238306450,748800.000000,4
1425571238307387,748800.000000,5
1425571239235565,556800.000000,0
1425571239236658,556800.000000,1
1425571239237700,556800.000000,2
1425571239238637,556800.000000,3
1425571239239627,556800.000000,4
1425571239240669,556800.000000,5
1425571292864940,748800.000000,0
1425571292866346,748800.000000,1
1425571292867544,748800.000000,2
1425571292868794,748800.000000,3
1425571292870044,748800.000000,4
1425571292871346,748800.000000,5
1425571298504314,1363200.000000,0
1425571298505252,1363200.000000,1
1425571298506033,1363200.000000,2
1425571298506762,1363200.000000,3
1425571298507544,1363200.000000,4
1425571298508377,1363200.000000,5
1425571298631450,748800.000000,0
1425571298631971,748800.000000,1
1425571298632283,748800.000000,2
1425571298632700,748800.000000,3
1425571298633064,748800.000000,4
1425571298633533,748800.000000,5
1425571310905825,1363200.000000,0
1425571310906814,1363200.000000,1
1425571310907544,1363200.000000,2
1425571310908325,1363200.000000,3
1425571310909002,1363200.000000,4
1425571310909887,1363200.000000,5
1425571328101137,1152000.000000,0
1425571328101658,1152000.000000,1
1425571328102231,1152000.000000,2
1425571328102752,1152000.000000,3
1425571328103325,1152000.000000,4
1425571328103950,1152000.000000,5
1425571342971137,748800.000000,0
1425571342971971,748800.000000,1
1425571342972752,748800.000000,2
1425571342973533,748800.000000,3
1425571342974262,748800.000000,4
1425571342974939,748800.000000,5
1425571343255044,556800.000000,0
1425571343256658,556800.000000,1
1425571343257908,556800.000000,2
1425571343259158,556800.000000,3
1425571343260512,556800.000000,4
1425571343261814,556800.000000,5
1425571360931450,1363200.000000,0
1425571360932908,1363200.000000,1
1425571360933846,1363200.000000,2
1425571360934939,1363200.000000,3
1425571360936033,1363200.000000,4
1425571360937075,1363200.000000,5
1425571374658481,1555200.000000,0
1425571374658846,1555200.000000,1
1425571374659314,1555200.000000,2
1425571374659731,1555200.000000,3
1425571374660096,1555200.000000,4
1425571374660564,1555200.000000,5
1425571374751762,1785600.000000,0
1425571374752127,1785600.000000,1
1425571374752439,1785600.000000,2
1425571374752856,1785600.000000,3
1425571374753221,1785600.000000,4
1425571374753637,1785600.000000,5
1425571374811346,1555200.000000,0
1425571374811762,1555200.000000,1
1425571374812075,1555200.000000,2
1425571374812387,1555200.000000,3
1425571374812700,1555200.000000,4
1425571374813064,1555200.000000,5
1425571374966762,1785600.000000,0
1425571374967127,1785600.000000,1
1425571374967439,1785600.000000,2
1425571374968064,1785600.000000,3
1425571374968481,1785600.000000,4
1425571374968846,1785600.000000,5
1425571390788689,1363200.000000,0
1425571390789002,1363200.000000,1
1425571390789419,1363200.000000,2
1425571390789783,1363200.000000,3
1425571390790096,1363200.000000,4
1425571390790408,1363200.000000,5
1425571408864783,1555200.000000,0
1425571408865408,1555200.000000,1
1425571408865877,1555200.000000,2
1425571408866502,1555200.000000,3
1425571408866971,1555200.000000,4
1425571408867544,1555200.000000,5
1425571433339939,556800.000000,0
1425571433340408,556800.000000,1
1425571433340721,556800.000000,2
1425571433341033,556800.000000,3
1425571433341658,556800.000000,4
1425571433342596,556800.000000,5
1425571437704106,748800.000000,0
1425571437705408,748800.000000,1
1425571437706450,748800.000000,2
1425571437707439,748800.000000,3
1425571437708533,748800.000000,4
1425571437709471,748800.000000,5
1425571438809158,556800.000000,0
1425571438809887,556800.000000,1
1425571438810564,556800.000000,2
1425571438811450,556800.000000,3
1425571438812544,556800.000000,4
1425571438813533,556800.000000,5
1425571481451658,1555200.000000,0
1425571481453064,1555200.000000,1
1425571481454471,1555200.000000,2
1425571481455825,1555200.000000,3
1425571481457127,1555200.000000,4
1425571481458377,1555200.000000,5
1425571486770044,748800.000000,0
1425571486770408,748800.000000,1
1425571486770721,748800.000000,2
1425571486771033,748800.000000,3
1425571486771450,748800.000000,4
1425571486771971,748800.000000,5
1425571504881502,1363200.000000,0
1425571504882544,1363200.000000,1
1425571504883377,1363200.000000,2
1425571504884158,1363200.000000,3
1425571504884887,1363200.000000,4
1425571504885564,1363200.000000,5
1425571516882700,1555200.000000,0
1425571516883221,1555200.000000,1
1425571516883794,1555200.000000,2
1425571516884314,1555200.000000,3
1425571516884887,1555200.000000,4
1425571516885408,1555200.000000,5
1425571528210252,1785600.000000,0
1425571528210721,1785600.000000,1
1425571528211033,1785600.000000,2
1425571528211450,1785600.000000,3
1425571528211814,1785600.000000,4
1425571528212231,1785600.000000,5
1425571528483012,1555200.000000,0
1425571528483377,1555200.000000,1
1425571528483689,1555200.000000,2
1425571528484002,1555200.000000,3
1425571528484314,1555200.000000,4
1425571528484627,1555200.000000,5
1425571534815096,1363200.000000,0
1425571534815564,1363200.000000,1
1425571534816033,1363200.000000,2
1425571534816502,1363200.000000,3
1425571534816971,1363200.000000,4
1425571534817439,1363200.000000,5
1425571551176814,748800.000000,0
1425571551177283,748800.000000,1
1425571551177700,748800.000000,2
1425571551178064,748800.000000,3
1425571551178533,748800.000000,4
1425571551179158,748800.000000,5
1425571566908221,1363200.000000,0
1425571566909106,1363200.000000,1
1425571566909783,1363200.000000,2
1425571566910564,1363200.000000,3
1425571566911346,1363200.000000,4
1425571566912075,1363200.000000,5
1425571583227908,556800.000000,0
1425571583228794,556800.000000,1
1425571583229731,556800.000000,2
1425571583230669,556800.000000,3
1425571583231762,556800.000000,4
1425571583232752,556800.000000,5
1425571596902127,960000.000000,0
1425571596903221,960000.000000,1
1425571596904262,960000.000000,2
1425571596905252,960000.000000,3
1425571596906346,960000.000000,4
1425571596907283,960000.000000,5
1425571600043846,1363200.000000,0
1425571600044471,1363200.000000,1
1425571600045096,1363200.000000,2
1425571600045721,1363200.000000,3
1425571600046346,1363200.000000,4
1425571600046971,1363200.000000,5
1425571600413377,1555200.000000,0
1425571600413846,1555200.000000,1
1425571600414419,1555200.000000,2
1425571600414783,1555200.000000,3
1425571600415252,1555200.000000,4
1425571600415669,1555200.000000,5
1425571600537127,1363200.000000,0
1425571600537596,1363200.000000,1
1425571600537908,1363200.000000,2
1425571600538325,1363200.000000,3
1425571600538689,1363200.000000,4
1425571600539002,1363200.000000,5
1425571616138012,1785600.000000,0
1425571616138377,1785600.000000,1
1425571616138846,1785600.000000,2
1425571616139262,1785600.000000,3
1425571616139627,1785600.000000,4
1425571616140096,1785600.000000,5
1425571633966294,556800.000000,0
1425571633966658,556800.000000,1
1425571633966971,556800.000000,2
1425571633967283,556800.000000,3
1425571633967596,556800.000000,4
1425571633967908,556800.000000,5
1425571663257908,748800.000000,0
1425571663259106,748800.000000,1
1425571663260096,748800.000000,2
1425571663261189,748800.000000,3
1425571663262127,748800.000000,4
1425571663263221,748800.000000,5
1425571678907908,2745600.000000,0
1425571678908846,2745600.000000,1
1425571678909575,2745600.000000,2
1425571678910356,2745600.000000,3
1425571678911137,2745600.000000,4
1425571678911814,2745600.000000,5
1425571680836502,3532800.000000,0
1425571680836658,3532800.000000,1
1425571680836919,3532800.000000,2
1425571680837127,3532800.000000,3
1425571680837283,3532800.000000,4
1425571680837544,3532800.000000,5
1425571692822127,2745600.000000,0
1425571692822283,2745600.000000,1
1425571692822439,2745600.000000,2
1425571692822596,2745600.000000,3
1425571692822752,2745600.000000,4
1425571692822908,2745600.000000,5
1425571710943221,556800.000000,0
1425571710943481,556800.000000,1
1425571710943689,556800.000000,2
1425571710944002,556800.000000,3
1425571710944471,556800.000000,4
1425571710945252,556800.000000,5
1425571749376658,748800.000000,0
1425571749377908,748800.000000,1
1425571749379002,748800.000000,2
1425571749380043,748800.000000,3
1425571749381033,748800.000000,4
1425571749381971,748800.000000,5
1425571750139939,556800.000000,0
1425571750141502,556800.000000,1
1425571750142856,556800.000000,2
1425571750144106,556800.000000,3
1425571750145356,556800.000000,4
1425571750146658,556800.000000,5
1425571750283221,748800.000000,0
1425571750284158,748800.000000,1
1425571750285200,748800.000000,2
1425571750286189,748800.000000,3
1425571750287127,748800.000000,4
1425571750288064,748800.000000,5
1425571757067231,2745600.000000,0
1425571757068221,2745600.000000,1
1425571757069106,2745600.000000,2
1425571757070200,2745600.000000,3
1425571757071189,2745600.000000,4
1425571757072127,2745600.000000,5
1425571757088221,1555200.000000,0
1425571757089158,1555200.000000,1
1425571757089939,1555200.000000,2
1425571757090721,1555200.000000,3
1425571757091502,1555200.000000,4
1425571757092283,1555200.000000,5
1425571758837387,748800.000000,0
1425571758837856,748800.000000,1
1425571758838221,748800.000000,2
1425571758838689,748800.000000,3
1425571758839158,748800.000000,4
1425571758839627,748800.000000,5
1425571777025408,556800.000000,0
1425571777026918,556800.000000,1
1425571777028064,556800.000000,2
1425571777029314,556800.000000,3
1425571777030668,556800.000000,4
1425571777031971,556800.000000,5
1425571781828168,2745600.000000,0
1425571781829314,2745600.000000,1
1425571781830356,2745600.000000,2
1425571781831346,2745600.000000,3
1425571781832387,2745600.000000,4
1425571781833377,2745600.000000,5
1425571796111137,1996800.000000,0
1425571796111450,1996800.000000,1
1425571796111606,1996800.000000,2
1425571796111814,1996800.000000,3
1425571796112075,1996800.000000,4
1425571796112283,1996800.000000,5
1425571804836502,2227200.000000,0
1425571804836814,2227200.000000,1
1425571804837127,2227200.000000,2
1425571804837439,2227200.000000,3
1425571804837700,2227200.000000,4
1425571804837908,2227200.000000,5
1425571804964731,1996800.000000,0
1425571804964939,1996800.000000,1
1425571804965252,1996800.000000,2
1425571804965512,1996800.000000,3
1425571804965721,1996800.000000,4
1425571804966033,1996800.000000,5
1425571806762752,1785600.000000,0
1425571806763064,1785600.000000,1
1425571806763377,1785600.000000,2
1425571806763689,1785600.000000,3
1425571806764002,1785600.000000,4
1425571806764262,1785600.000000,5
1425571842016658,556800.000000,0
1425571842017075,556800.000000,1
1425571842017387,556800.000000,2
1425571842017700,556800.000000,3
1425571842018064,556800.000000,4
1425571842018481,556800.000000,5
1425571881081658,1152000.000000,0
1425571881082856,1152000.000000,1
1425571881083846,1152000.000000,2
1425571881084783,1152000.000000,3
1425571881085721,1152000.000000,4
1425571881086658,1152000.000000,5
1425571888847700,556800.000000,0
1425571888848221,556800.000000,1
1425571888848689,556800.000000,2
1425571888849314,556800.000000,3
1425571888850408,556800.000000,4
1425571888851346,556800.000000,5
1425571903080096,1363200.000000,0
1425571903081293,1363200.000000,1
1425571903082283,1363200.000000,2
1425571903083325,1363200.000000,3
1425571903084262,1363200.000000,4
1425571903085252,1363200.000000,5
1425571906199627,1555200.000000,0
1425571906200096,1555200.000000,1
1425571906200512,1555200.000000,2
1425571906200877,1555200.000000,3
1425571906201346,1555200.000000,4
1425571906201814,1555200.000000,5
1425571906299314,1363200.000000,0
1425571906299887,1363200.000000,1
1425571906300408,1363200.000000,2
1425571906300825,1363200.000000,3
1425571906301346,1363200.000000,4
1425571906301918,1363200.000000,5
1425571942462752,556800.000000,0
1425571942464262,556800.000000,1
1425571942465408,556800.000000,2
1425571942466658,556800.000000,3
1425571942467908,556800.000000,4
1425571942469158,556800.000000,5
1425571950677700,748800.000000,0
1425571950678793,748800.000000,1
1425571950679939,748800.000000,2
1425571950681033,748800.000000,3
1425571950681971,748800.000000,4
1425571950683012,748800.000000,5
1425571950860877,556800.000000,0
1425571950861658,556800.000000,1
1425571950862439,556800.000000,2
1425571950863533,556800.000000,3
1425571950864627,556800.000000,4
1425571950865668,556800.000000,5
1425571950994783,748800.000000,0
1425571950996189,748800.000000,1
1425571950997439,748800.000000,2
1425571950998846,748800.000000,3
1425571951000200,748800.000000,4
1425571951001346,748800.000000,5
1425571957682908,556800.000000,0
1425571957683845,556800.000000,1
1425571957684627,556800.000000,2
1425571957685408,556800.000000,3
1425571957686189,556800.000000,4
1425571957686970,556800.000000,5
1425571981455564,1363200.000000,0
1425571981456658,1363200.000000,1
1425571981457700,1363200.000000,2
1425571981458793,1363200.000000,3
1425571981459939,1363200.000000,4
1425571981461033,1363200.000000,5
1425572000095356,1785600.000000,0
1425572000095720,1785600.000000,1
1425572000096189,1785600.000000,2
1425572000096606,1785600.000000,3
1425572000096970,1785600.000000,4
1425572000097439,1785600.000000,5
1425572016952595,748800.000000,0
1425572016953012,748800.000000,1
1425572016953325,748800.000000,2
1425572016953637,748800.000000,3
1425572016953950,748800.000000,4
1425572016954262,748800.000000,5
1425572034992439,556800.000000,0
1425572034993637,556800.000000,1
1425572034994783,556800.000000,2
1425572034995981,556800.000000,3
1425572034996918,556800.000000,4
1425572034997908,556800.000000,5
1425572060520564,748800.000000,0
1425572060521814,748800.000000,1
1425572060522752,748800.000000,2
1425572060523950,748800.000000,3
1425572060524887,748800.000000,4
1425572060525825,748800.000000,5
1425572061429002,556800.000000,0
1425572061430252,556800.000000,1
1425572061431189,556800.000000,2
1425572061432127,556800.000000,3
1425572061433064,556800.000000,4
1425572061434002,556800.000000,5
1425572061502752,748800.000000,0
1425572061504314,748800.000000,1
1425572061505564,748800.000000,2
1425572061506814,748800.000000,3
1425572061508064,748800.000000,4
1425572061509470,748800.000000,5
1425572061951189,556800.000000,0
1425572061952075,556800.000000,1
1425572061952908,556800.000000,2
1425572061953689,556800.000000,3
1425572061954783,556800.000000,4
1425572061955825,556800.000000,5
1425572082056606,748800.000000,0
1425572082057752,748800.000000,1
1425572082058845,748800.000000,2
1425572082059939,748800.000000,3
1425572082060877,748800.000000,4
1425572082062127,748800.000000,5
1425572112877439,1363200.000000,0
1425572112878325,1363200.000000,1
1425572112879106,1363200.000000,2
1425572112879887,1363200.000000,3
1425572112880564,1363200.000000,4
1425572112881345,1363200.000000,5
1425572123703377,1555200.000000,0
1425572123703845,1555200.000000,1
1425572123704158,1555200.000000,2
1425572123704627,1555200.000000,3
1425572123705095,1555200.000000,4
1425572123705512,1555200.000000,5
1425572123777908,1363200.000000,0
1425572123778533,1363200.000000,1
1425572123778950,1363200.000000,2
1425572123779418,1363200.000000,3
1425572123779887,1363200.000000,4
1425572123780356,1363200.000000,5
1425572143345095,556800.000000,0
1425572143345668,556800.000000,1
1425572143346033,556800.000000,2
1425572143346814,556800.000000,3
1425572143347856,556800.000000,4
1425572143348950,556800.000000,5
1425572149445095,748800.000000,0
1425572149446658,748800.000000,1
1425572149448012,748800.000000,2
1425572149449314,748800.000000,3
1425572149450564,748800.000000,4
1425572149451814,748800.000000,5
1425572156973168,556800.000000,0
1425572156974158,556800.000000,1
1425572156975512,556800.000000,2
1425572156976762,556800.000000,3
1425572156978064,556800.000000,4
1425572156979262,556800.000000,5
1425572158478481,748800.000000,0
1425572158479887,748800.000000,1
1425572158481189,748800.000000,2
1425572158482439,748800.000000,3
1425572158483689,748800.000000,4
1425572158484939,748800.000000,5
1425572158767752,556800.000000,0
1425572158768793,556800.000000,1
1425572158769731,556800.000000,2
1425572158771033,556800.000000,3
1425572158772439,556800.000000,4
1425572158773689,556800.000000,5
1425572181409731,748800.000000,0
1425572181410877,748800.000000,1
1425572181411918,748800.000000,2
1425572181412908,748800.000000,3
1425572181413845,748800.000000,4
1425572181414939,748800.000000,5
1425572198285408,556800.000000,0
1425572198286762,556800.000000,1
1425572198287752,556800.000000,2
1425572198288845,556800.000000,3
1425572198289783,556800.000000,4
1425572198290877,556800.000000,5
1425572208944783,1363200.000000,0
1425572208946033,1363200.000000,1
1425572208946970,1363200.000000,2
1425572208948064,1363200.000000,3
1425572208949002,1363200.000000,4
1425572208950043,1363200.000000,5
1425572209746762,1785600.000000,0
1425572209747283,1785600.000000,1
1425572209747752,1785600.000000,2
1425572209748325,1785600.000000,3
1425572209748845,1785600.000000,4
1425572209749418,1785600.000000,5
1425572223973533,1363200.000000,0
1425572223974002,1363200.000000,1
1425572223974418,1363200.000000,2
1425572223974783,1363200.000000,3
1425572223975356,1363200.000000,4
1425572223975877,1363200.000000,5
1425572244010095,556800.000000,0
1425572244010564,556800.000000,1
1425572244011033,556800.000000,2
1425572244011762,556800.000000,3
1425572244012700,556800.000000,4
1425572244013689,556800.000000,5
1425572281798168,1363200.000000,0
1425572281799314,1363200.000000,1
1425572281800356,1363200.000000,2
1425572281801502,1363200.000000,3
1425572281802439,1363200.000000,4
1425572281803377,1363200.000000,5
1425572302827595,1785600.000000,0
1425572302828168,1785600.000000,1
1425572302828533,1785600.000000,2
1425572302829002,1785600.000000,3
1425572302829418,1785600.000000,4
1425572302829783,1785600.000000,5
1425572320882752,556800.000000,0
1425572320883220,556800.000000,1
1425572320883793,556800.000000,2
1425572320885095,556800.000000,3
1425572320886345,556800.000000,4
1425572320887595,556800.000000,5
1425572355837283,748800.000000,0
1425572355838533,748800.000000,1
1425572355839887,748800.000000,2
1425572355840877,748800.000000,3
1425572355841970,748800.000000,4
1425572355843064,748800.000000,5
1425572364715512,1363200.000000,0
1425572364716606,1363200.000000,1
1425572364717595,1363200.000000,2
1425572364718533,1363200.000000,3
1425572364719470,1363200.000000,4
1425572364720408,1363200.000000,5
1425572364978377,748800.000000,0
1425572364978845,748800.000000,1
1425572364979314,748800.000000,2
1425572364979731,748800.000000,3
1425572364980095,748800.000000,4
1425572364980668,748800.000000,5
1425572367137752,556800.000000,0
1425572367138689,556800.000000,1
1425572367139783,556800.000000,2
1425572367140720,556800.000000,3
1425572367141762,556800.000000,4
1425572367142752,556800.000000,5
1425572400453220,1363200.000000,0
1425572400454470,1363200.000000,1
1425572400455408,1363200.000000,2
1425572400456449,1363200.000000,3
1425572400457439,1363200.000000,4
1425572400458481,1363200.000000,5
1425572415361293,1555200.000000,0
1425572415361762,1555200.000000,1
1425572415362231,1555200.000000,2
1425572415362595,1555200.000000,3
1425572415363064,1555200.000000,4
1425572415363481,1555200.000000,5
1425572415387543,1785600.000000,0
1425572415387908,1785600.000000,1
1425572415388324,1785600.000000,2
1425572415388637,1785600.000000,3
1425572415389002,1785600.000000,4
1425572415389314,1785600.000000,5
1425572432860564,1555200.000000,0
1425572432860877,1555200.000000,1
1425572432861189,1555200.000000,2
1425572432861502,1555200.000000,3
1425572432861814,1555200.000000,4
1425572432862127,1555200.000000,5
1425572436576658,3532800.000000,0
1425572436577074,3532800.000000,1
1425572436577439,3532800.000000,2
1425572436577752,3532800.000000,3
1425572436578168,3532800.000000,4
1425572436578533,3532800.000000,5
1425572440880199,2745600.000000,0
1425572440880408,2745600.000000,1
1425572440880564,2745600.000000,2
1425572440880720,2745600.000000,3
1425572440880877,2745600.000000,4
1425572440881033,2745600.000000,5
1425572448914470,960000.000000,0
1425572448914731,960000.000000,1
1425572448914939,960000.000000,2
1425572448915095,960000.000000,3
1425572448915252,960000.000000,4
1425572448915564,960000.000000,5
1425572462810564,556800.000000,0
1425572462811970,556800.000000,1
1425572462813377,556800.000000,2
1425572462814783,556800.000000,3
1425572462816033,556800.000000,4
1425572462817283,556800.000000,5
1425572481656814,748800.000000,0
1425572481658064,748800.000000,1
1425572481659002,748800.000000,2
1425572481659939,748800.000000,3
1425572481660877,748800.000000,4
1425572481661970,748800.000000,5
1425572496923845,960000.000000,0
1425572496924783,960000.000000,1
1425572496925564,960000.000000,2
1425572496926345,960000.000000,3
1425572496927127,960000.000000,4
1425572496927856,960000.000000,5
1425572511355356,1363200.000000,0
1425572511356033,1363200.000000,1
1425572511356606,1363200.000000,2
1425572511357127,1363200.000000,3
1425572511357752,1363200.000000,4
1425572511358324,1363200.000000,5
1425572527554106,556800.000000,0
1425572527555564,556800.000000,1
1425572527556814,556800.000000,2
1425572527558168,556800.000000,3
1425572527559470,556800.000000,4
1425572527560877,556800.000000,5
1425572555115824,1555200.000000,0
1425572555117387,1555200.000000,1
1425572555118689,1555200.000000,2
1425572555119939,1555200.000000,3
1425572555121189,1555200.000000,4
1425572555122439,1555200.000000,5
1425572555722387,556800.000000,0
1425572555722752,556800.000000,1
1425572555723168,556800.000000,2
1425572555723533,556800.000000,3
1425572555723845,556800.000000,4
1425572555724262,556800.000000,5
1425572576913793,748800.000000,0
1425572576916502,748800.000000,1
1425572576917699,748800.000000,2
1425572576918949,748800.000000,3
1425572576920199,748800.000000,4
1425572576921502,748800.000000,5
1425572592891502,1363200.000000,0
1425572592892387,1363200.000000,1
1425572592893064,1363200.000000,2
1425572592893845,1363200.000000,3
1425572592894627,1363200.000000,4
1425572592895356,1363200.000000,5
1425572608882908,1785600.000000,0
1425572608883533,1785600.000000,1
1425572608884001,1785600.000000,2
1425572608884418,1785600.000000,3
1425572608884887,1785600.000000,4
1425572608885251,1785600.000000,5
1425572621566033,3532800.000000,0
1425572621566449,3532800.000000,1
1425572621566814,3532800.000000,2
1425572621567126,3532800.000000,3
1425572621567439,3532800.000000,4
1425572621569158,3532800.000000,5
1425572621827283,1785600.000000,0
1425572621827439,1785600.000000,1
1425572621827595,1785600.000000,2
1425572621827856,1785600.000000,3
1425572621828012,1785600.000000,4
1425572621828168,1785600.000000,5
1425572622900095,2227200.000000,0
1425572622900408,2227200.000000,1
1425572622900824,2227200.000000,2
1425572622901137,2227200.000000,3
1425572622901501,2227200.000000,4
1425572622901762,2227200.000000,5
1425572640947439,960000.000000,0
1425572640947751,960000.000000,1
1425572640948064,960000.000000,2
1425572640948324,960000.000000,3
1425572640948637,960000.000000,4
1425572640949001,960000.000000,5
1425572667054991,748800.000000,0
1425572667055616,748800.000000,1
1425572667056293,748800.000000,2
1425572667056762,748800.000000,3
1425572667057231,748800.000000,4
1425572667057804,748800.000000,5
1425572667137856,556800.000000,0
1425572667138324,556800.000000,1
1425572667138793,556800.000000,2
1425572667139262,556800.000000,3
1425572667139835,556800.000000,4
1425572667140304,556800.000000,5
1425572684956762,960000.000000,0
1425572684957908,960000.000000,1
1425572684959001,960000.000000,2
1425572684960043,960000.000000,3
1425572684961033,960000.000000,4
1425572684962126,960000.000000,5
1425572687934158,1555200.000000,0
1425572687935043,1555200.000000,1
1425572687935824,1555200.000000,2
1425572687936501,1555200.000000,3
1425572687937283,1555200.000000,4
1425572687938064,1555200.000000,5
1425572688050876,960000.000000,0
1425572688051345,960000.000000,1
1425572688051658,960000.000000,2
1425572688052074,960000.000000,3
1425572688052439,960000.000000,4
1425572688052856,960000.000000,5
1425572702799418,1363200.000000,0
1425572702800043,1363200.000000,1
1425572702800564,1363200.000000,2
1425572702801189,1363200.000000,3
1425572702801762,1363200.000000,4
1425572702802387,1363200.000000,5
1425572720947751,960000.000000,0
1425572720948533,960000.000000,1
1425572720949262,960000.000000,2
1425572720950043,960000.000000,3
1425572720950720,960000.000000,4
1425572720951501,960000.000000,5
1425572734773376,556800.000000,0
1425572734774106,556800.000000,1
1425572734775095,556800.000000,2
1425572734776137,556800.000000,3
1425572734777126,556800.000000,4
1425572734778064,556800.000000,5
1425572752880408,1363200.000000,0
1425572752881606,1363200.000000,1
1425572752882595,1363200.000000,2
1425572752883637,1363200.000000,3
1425572752884626,1363200.000000,4
1425572752885668,1363200.000000,5
1425572762457439,1555200.000000,0
1425572762457908,1555200.000000,1
1425572762458324,1555200.000000,2
1425572762458689,1555200.000000,3
1425572762459158,1555200.000000,4
1425572762459574,1555200.000000,5
1425572762523949,1363200.000000,0
1425572762524470,1363200.000000,1
1425572762525043,1363200.000000,2
1425572762525564,1363200.000000,3
1425572762526137,1363200.000000,4
1425572762526606,1363200.000000,5
1425572768149574,1152000.000000,0
1425572768150043,1152000.000000,1
1425572768150408,1152000.000000,2
1425572768150876,1152000.000000,3
1425572768151345,1152000.000000,4
1425572768151814,1152000.000000,5
1425572783185564,556800.000000,0
1425572783186189,556800.000000,1
1425572783186658,556800.000000,2
1425572783187439,556800.000000,3
1425572783188481,556800.000000,4
1425572783189418,556800.000000,5
1425572798856970,1363200.000000,0
1425572798858168,1363200.000000,1
1425572798859158,1363200.000000,2
1425572798860095,1363200.000000,3
1425572798861189,1363200.000000,4
1425572798862231,1363200.000000,5
1425572813596970,1555200.000000,0
1425572813597543,1555200.000000,1
1425572813598064,1555200.000000,2
1425572813598793,1555200.000000,3
1425572813599262,1555200.000000,4
1425572813599783,1555200.000000,5
1425572816679158,1785600.000000,0
1425572816679626,1785600.000000,1
1425572816680095,1785600.000000,2
1425572816680564,1785600.000000,3
1425572816680981,1785600.000000,4
1425572816681449,1785600.000000,5
1425572826298533,1555200.000000,0
1425572826298845,1555200.000000,1
1425572826299262,1555200.000000,2
1425572826299574,1555200.000000,3
1425572826299887,1555200.000000,4
1425572826300199,1555200.000000,5
1425572826378064,1785600.000000,0
1425572826378533,1785600.000000,1
1425572826379001,1785600.000000,2
1425572826379470,1785600.000000,3
1425572826379939,1785600.000000,4
1425572826380408,1785600.000000,5
1425572827172126,1555200.000000,0
1425572827172439,1555200.000000,1
1425572827172856,1555200.000000,2
1425572827173168,1555200.000000,3
1425572827173481,1555200.000000,4
1425572827173793,1555200.000000,5
1425572827240095,1785600.000000,0
1425572827240564,1785600.000000,1
1425572827241033,1785600.000000,2
1425572827241501,1785600.000000,3
1425572827241970,1785600.000000,4
1425572827242439,1785600.000000,5
1425572830344314,1555200.000000,0
1425572830344731,1555200.000000,1
1425572830345043,1555200.000000,2
1425572830345356,1555200.000000,3
1425572830345668,1555200.000000,4
1425572830345981,1555200.000000,5
1425572830613376,1785600.000000,0
1425572830613845,1785600.000000,1
1425572830614262,1785600.000000,2
1425572830614731,1785600.000000,3
1425572830615251,1785600.000000,4
1425572830615668,1785600.000000,5
1425572830842699,748800.000000,0
1425572830843064,748800.000000,1
1425572830843533,748800.000000,2
1425572830843949,748800.000000,3
1425572830844314,748800.000000,4
1425572830844731,748800.000000,5
1425572857022283,556800.000000,0
1425572857025251,556800.000000,1
1425572857026345,556800.000000,2
1425572857027387,556800.000000,3
1425572857028533,556800.000000,4
1425572857029470,556800.000000,5
1425572881745095,1785600.000000,0
1425572881746658,1785600.000000,1
1425572881747856,1785600.000000,2
1425572881749158,1785600.000000,3
1425572881750408,1785600.000000,4
1425572881751814,1785600.000000,5
1425572895166606,1996800.000000,0
1425572895166970,1996800.000000,1
1425572895167283,1996800.000000,2
1425572895167595,1996800.000000,3
1425572895167908,1996800.000000,4
1425572895168324,1996800.000000,5
1425572903306449,1555200.000000,0
1425572903306918,1555200.000000,1
1425572903307231,1555200.000000,2
1425572903307595,1555200.000000,3
1425572903307908,1555200.000000,4
1425572903308376,1555200.000000,5
1425572903590356,1996800.000000,0
1425572903590824,1996800.000000,1
1425572903591293,1996800.000000,2
1425572903591658,1996800.000000,3
1425572903592126,1996800.000000,4
1425572903592595,1996800.000000,5
1425572903644574,1555200.000000,0
1425572903644887,1555200.000000,1
1425572903645199,1555200.000000,2
1425572903645408,1555200.000000,3
1425572903645720,1555200.000000,4
1425572903645981,1555200.000000,5
1425572904834314,1996800.000000,0
1425572904834783,1996800.000000,1
1425572904835095,1996800.000000,2
1425572904835512,1996800.000000,3
1425572904835876,1996800.000000,4
1425572904836189,1996800.000000,5
1425572908204158,1555200.000000,0
1425572908204470,1555200.000000,1
1425572908204783,1555200.000000,2
1425572908205095,1555200.000000,3
1425572908205408,1555200.000000,4
1425572908205668,1555200.000000,5
1425572908838220,1996800.000000,0
1425572908838689,1996800.000000,1
1425572908839158,1996800.000000,2
1425572908839626,1996800.000000,3
1425572908840095,1996800.000000,4
1425572908840564,1996800.000000,5
1425572912832387,1555200.000000,0
1425572912832751,1555200.000000,1
1425572912833064,1555200.000000,2
1425572912833481,1555200.000000,3
1425572912833845,1555200.000000,4
1425572912834158,1555200.000000,5
1425572919225199,2745600.000000,0
1425572919225720,2745600.000000,1
1425572919226189,2745600.000000,2
1425572919226658,2745600.000000,3
1425572919227126,2745600.000000,4
1425572919227595,2745600.000000,5
1425572926728220,1555200.000000,0
1425572926728376,1555200.000000,1
1425572926728637,1555200.000000,2
1425572926728845,1555200.000000,3
1425572926729001,1555200.000000,4
1425572926729262,1555200.000000,5
1425572941026137,2745600.000000,0
1425572941026501,2745600.000000,1
1425572941026970,2745600.000000,2
1425572941027283,2745600.000000,3
1425572941027699,2745600.000000,4
1425572941028064,2745600.000000,5
1425572941048533,1555200.000000,0
1425572941049001,1555200.000000,1
1425572941049418,1555200.000000,2
1425572941049783,1555200.000000,3
1425572941050095,1555200.000000,4
1425572941050512,1555200.000000,5
1425572944886658,1996800.000000,0
1425572944887126,1996800.000000,1
1425572944887439,1996800.000000,2
1425572944887856,1996800.000000,3
1425572944888220,1996800.000000,4
1425572944888533,1996800.000000,5
1425572974449731,556800.000000,0
1425572974450095,556800.000000,1
1425572974450356,556800.000000,2
1425572974450668,556800.000000,3
1425572974450876,556800.000000,4
1425572974451189,556800.000000,5
1425572977130356,748800.000000,0
1425572977131501,748800.000000,1
1425572977132439,748800.000000,2
1425572977133533,748800.000000,3
1425572977134574,748800.000000,4
1425572977135564,748800.000000,5
1425572980670564,556800.000000,0
1425572980671658,556800.000000,1
1425572980672699,556800.000000,2
1425572980673689,556800.000000,3
1425572980674626,556800.000000,4
1425572980675720,556800.000000,5
1425572992575408,960000.000000,0
1425572992576762,960000.000000,1
1425572992577751,960000.000000,2
1425572992578793,960000.000000,3
1425572992579783,960000.000000,4
1425572992580720,960000.000000,5
1425573008876970,1363200.000000,0
1425573008877908,1363200.000000,1
1425573008878689,1363200.000000,2
1425573008879314,1363200.000000,3
1425573008881033,1363200.000000,4
1425573008881814,1363200.000000,5
1425573040922908,748800.000000,0
1425573040923481,748800.000000,1
1425573040923845,748800.000000,2
1425573040924470,748800.000000,3
1425573040925251,748800.000000,4
1425573040925981,748800.000000,5
1425573056937387,1363200.000000,0
1425573056938324,1363200.000000,1
1425573056939158,1363200.000000,2
1425573056939887,1363200.000000,3
1425573056940564,1363200.000000,4
1425573056941345,1363200.000000,5
1425573072969939,748800.000000,0
1425573072971137,748800.000000,1
1425573072972126,748800.000000,2
1425573072973064,748800.000000,3
1425573072974001,748800.000000,4
1425573072974939,748800.000000,5
1425573081305408,1363200.000000,0
1425573081306501,1363200.000000,1
1425573081307439,1363200.000000,2
1425573081308480,1363200.000000,3
1425573081309314,1363200.000000,4
1425573081310355,1363200.000000,5
1425573086820043,748800.000000,0
1425573086820564,748800.000000,1
1425573086820876,748800.000000,2
1425573086821345,748800.000000,3
1425573086821762,748800.000000,4
1425573086822283,748800.000000,5
1425573103135876,1363200.000000,0
1425573103136658,1363200.000000,1
1425573103137387,1363200.000000,2
1425573103138220,1363200.000000,3
1425573103138949,1363200.000000,4
1425573103139730,1363200.000000,5
1425573119367595,1152000.000000,0
1425573119368220,1152000.000000,1
1425573119368845,1152000.000000,2
1425573119369470,1152000.000000,3
1425573119370043,1152000.000000,4
1425573119370720,1152000.000000,5
1425573135015876,556800.000000,0
1425573135016449,556800.000000,1
1425573135017439,556800.000000,2
1425573135018376,556800.000000,3
1425573135019470,556800.000000,4
1425573135020564,556800.000000,5
1425573135072855,748800.000000,0
1425573135073949,748800.000000,1
1425573135075043,748800.000000,2
1425573135076033,748800.000000,3
1425573135076970,748800.000000,4
1425573135078064,748800.000000,5
1425573150817595,556800.000000,0
1425573150819001,556800.000000,1
1425573150820355,556800.000000,2
1425573150821501,556800.000000,3
1425573150822908,556800.000000,4
1425573150824105,556800.000000,5
1425573181093012,1152000.000000,0
1425573181094105,1152000.000000,1
1425573181095095,1152000.000000,2
1425573181096137,1152000.000000,3
1425573181097074,1152000.000000,4
1425573181098064,1152000.000000,5
1425573182850824,748800.000000,0
1425573182851658,748800.000000,1
1425573182852439,748800.000000,2
1425573182853220,748800.000000,3
1425573182853949,748800.000000,4
1425573182854626,748800.000000,5
1425573200879105,1363200.000000,0
1425573200880095,1363200.000000,1
1425573200880824,1363200.000000,2
1425573200881501,1363200.000000,3
1425573200882230,1363200.000000,4
1425573200882908,1363200.000000,5
1425573214233220,1555200.000000,0
1425573214233689,1555200.000000,1
1425573214234105,1555200.000000,2
1425573214234470,1555200.000000,3
1425573214234887,1555200.000000,4
1425573214235251,1555200.000000,5
1425573215474887,1785600.000000,0
1425573215475251,1785600.000000,1
1425573215475668,1785600.000000,2
1425573215476033,1785600.000000,3
1425573215476345,1785600.000000,4
1425573215476762,1785600.000000,5
1425573220954158,3532800.000000,0
1425573220954470,3532800.000000,1
1425573220954783,3532800.000000,2
1425573220955095,3532800.000000,3
1425573220955408,3532800.000000,4
1425573220955824,3532800.000000,5
1425573220966033,1785600.000000,0
1425573220966345,1785600.000000,1
1425573220966762,1785600.000000,2
1425573220967074,1785600.000000,3
1425573220967387,1785600.000000,4
1425573220967699,1785600.000000,5
1425573221200251,3532800.000000,0
1425573221200720,3532800.000000,1
1425573221201137,3532800.000000,2
1425573221201501,3532800.000000,3
1425573221201970,3532800.000000,4
1425573221202387,3532800.000000,5
1425573221275668,1785600.000000,0
1425573221275876,1785600.000000,1
1425573221276033,1785600.000000,2
1425573221276293,1785600.000000,3
1425573221276501,1785600.000000,4
1425573221276658,1785600.000000,5
1425573230858533,1555200.000000,0
1425573230858949,1555200.000000,1
1425573230859158,1555200.000000,2
1425573230859470,1555200.000000,3
1425573230859783,1555200.000000,4
1425573230860199,1555200.000000,5
1425573276128637,556800.000000,0
1425573276129001,556800.000000,1
1425573276129418,556800.000000,2
1425573276129782,556800.000000,3
1425573276130251,556800.000000,4
1425573276131189,556800.000000,5
1425573281549470,1785600.000000,0
1425573281550720,1785600.000000,1
1425573281551814,1785600.000000,2
1425573281552855,1785600.000000,3
1425573281553949,1785600.000000,4
1425573281554939,1785600.000000,5
1425573296853949,1996800.000000,0
1425573296854626,1996800.000000,1
1425573296854887,1996800.000000,2
1425573296855251,1996800.000000,3
1425573296855564,1996800.000000,4
1425573296855876,1996800.000000,5
1425573310772074,1152000.000000,0
1425573310772439,1152000.000000,1
1425573310772855,1152000.000000,2
1425573310773220,1152000.000000,3
1425573310773532,1152000.000000,4
1425573310774105,1152000.000000,5
1425573327374939,556800.000000,0
1425573327375876,556800.000000,1
1425573327377126,556800.000000,2
1425573327378376,556800.000000,3
1425573327379730,556800.000000,4
1425573327381032,556800.000000,5
1425573330402907,960000.000000,0
1425573330404105,960000.000000,1
1425573330405095,960000.000000,2
1425573330406032,960000.000000,3
1425573330407074,960000.000000,4
1425573330408012,960000.000000,5
1425573339509887,556800.000000,0
1425573339511032,556800.000000,1
1425573339512074,556800.000000,2
1425573339513064,556800.000000,3
1425573339514001,556800.000000,4
1425573339515251,556800.000000,5
1425573344881970,748800.000000,0
1425573344883324,748800.000000,1
1425573344884262,748800.000000,2
1425573344885251,748800.000000,3
1425573344886189,748800.000000,4
1425573344887282,748800.000000,5
1425573360872439,1363200.000000,0
1425573360873637,1363200.000000,1
1425573360874470,1363200.000000,2
1425573360875199,1363200.000000,3
1425573360875876,1363200.000000,4
1425573360876657,1363200.000000,5
1425573376854939,1555200.000000,0
1425573376855407,1555200.000000,1
1425573376855720,1555200.000000,2
1425573376856189,1555200.000000,3
1425573376856605,1555200.000000,4
1425573376856970,1555200.000000,5
1425573386368012,3532800.000000,0
1425573386368376,3532800.000000,1
1425573386368793,3532800.000000,2
1425573386369157,3532800.000000,3
1425573386369470,3532800.000000,4
1425573386369887,3532800.000000,5
1425573386429782,1555200.000000,0
1425573386430095,1555200.000000,1
1425573386430512,1555200.000000,2
1425573386430824,1555200.000000,3
1425573386431189,1555200.000000,4
1425573386431605,1555200.000000,5
1425573386516501,1785600.000000,0
1425573386518532,1785600.000000,1
1425573386519001,1785600.000000,2
1425573386519470,1785600.000000,3
1425573386519939,1785600.000000,4
1425573386520407,1785600.000000,5
1425573389719939,1555200.000000,0
1425573389720355,1555200.000000,1
1425573389720668,1555200.000000,2
1425573389720980,1555200.000000,3
1425573389721293,1555200.000000,4
1425573389721605,1555200.000000,5
1425573390461189,1785600.000000,0
1425573390461657,1785600.000000,1
1425573390461970,1785600.000000,2
1425573390462387,1785600.000000,3
1425573390462751,1785600.000000,4
1425573390463168,1785600.000000,5
1425573390799105,1555200.000000,0
1425573390799470,1555200.000000,1
1425573390799782,1555200.000000,2
1425573390800095,1555200.000000,3
1425573390800407,1555200.000000,4
1425573390800720,1555200.000000,5
1425573390962439,1785600.000000,0
1425573390962855,1785600.000000,1
1425573390963168,1785600.000000,2
1425573390963532,1785600.000000,3
1425573390964001,1785600.000000,4
1425573390964314,1785600.000000,5
1425573391267126,1555200.000000,0
1425573391267439,1555200.000000,1
1425573391267751,1555200.000000,2
1425573391268064,1555200.000000,3
1425573391268376,1555200.000000,4
1425573391268689,1555200.000000,5
1425573391311657,1785600.000000,0
1425573391312074,1785600.000000,1
1425573391312387,1785600.000000,2
1425573391312751,1785600.000000,3
1425573391313168,1785600.000000,4
1425573391313532,1785600.000000,5
1425573407279626,1555200.000000,0
1425573407280095,1555200.000000,1
1425573407280512,1555200.000000,2
1425573407280876,1555200.000000,3
1425573407281293,1555200.000000,4
1425573407281657,1555200.000000,5
1425573432640720,556800.000000,0
1425573432641189,556800.000000,1
1425573432641501,556800.000000,2
1425573432641918,556800.000000,3
1425573432642282,556800.000000,4
1425573432643064,556800.000000,5
1425573442461189,748800.000000,0
1425573442462595,748800.000000,1
1425573442464001,748800.000000,2
1425573442465407,748800.000000,3
1425573442466605,748800.000000,4
1425573442467907,748800.000000,5
1425573452995824,1555200.000000,0
1425573452996814,1555200.000000,1
1425573452997595,1555200.000000,2
1425573452998220,1555200.000000,3
1425573452999001,1555200.000000,4
1425573452999782,1555200.000000,5
1425573453263220,960000.000000,0
1425573453263793,960000.000000,1
1425573453264157,960000.000000,2
1425573453264470,960000.000000,3
1425573453264887,960000.000000,4
1425573453265251,960000.000000,5
1425573453585564,556800.000000,0
1425573453586137,556800.000000,1
1425573453586657,556800.000000,2
1425573453587282,556800.000000,3
1425573453588064,556800.000000,4
1425573453589105,556800.000000,5
1425573481381345,1785600.000000,0
1425573481382855,1785600.000000,1
1425573481384157,1785600.000000,2
1425573481385564,1785600.000000,3
1425573481386814,1785600.000000,4
1425573481388064,1785600.000000,5
1425573486916762,960000.000000,0
1425573486917126,960000.000000,1
1425573486917439,960000.000000,2
1425573486917751,960000.000000,3
1425573486918064,960000.000000,4
1425573486918376,960000.000000,5
1425573503241189,1363200.000000,0
1425573503241814,1363200.000000,1
1425573503242439,1363200.000000,2
1425573503243064,1363200.000000,3
1425573503243637,1363200.000000,4
1425573503244157,1363200.000000,5
1425573518638064,1555200.000000,0
1425573518638532,1555200.000000,1
1425573518639001,1555200.000000,2
1425573518639314,1555200.000000,3
1425573518639782,1555200.000000,4
1425573518640199,1555200.000000,5
1425573518703168,1996800.000000,0
1425573518703532,1996800.000000,1
1425573518703845,1996800.000000,2
1425573518704314,1996800.000000,3
1425573518704626,1996800.000000,4
1425573518704939,1996800.000000,5
1425573518766345,1785600.000000,0
1425573518766657,1785600.000000,1
1425573518766970,1785600.000000,2
1425573518767230,1785600.000000,3
1425573518767439,1785600.000000,4
1425573518767751,1785600.000000,5
1425573518839626,1555200.000000,0
1425573518839939,1555200.000000,1
1425573518840251,1555200.000000,2
1425573518840564,1555200.000000,3
1425573518840876,1555200.000000,4
1425573518841189,1555200.000000,5
1425573536162595,556800.000000,0
1425573536163376,556800.000000,1
1425573536164782,556800.000000,2
1425573536166032,556800.000000,3
1425573536167230,556800.000000,4
1425573536168532,556800.000000,5
1425573582902751,748800.000000,0
1425573582904262,748800.000000,1
1425573582905512,748800.000000,2
1425573582906762,748800.000000,3
1425573582908012,748800.000000,4
1425573582909262,748800.000000,5
1425573598797439,1363200.000000,0
1425573598798324,1363200.000000,1
1425573598799001,1363200.000000,2
1425573598799782,1363200.000000,3
1425573598800512,1363200.000000,4
1425573598801293,1363200.000000,5
1425573613193220,1555200.000000,0
1425573613193845,1555200.000000,1
1425573613194418,1555200.000000,2
1425573613194939,1555200.000000,3
1425573613195407,1555200.000000,4
1425573613195980,1555200.000000,5
1425573616846657,1785600.000000,0
1425573616847126,1785600.000000,1
1425573616847543,1785600.000000,2
1425573616847907,1785600.000000,3
1425573616848220,1785600.000000,4
1425573616849470,1785600.000000,5
1425573621905407,1555200.000000,0
1425573621905720,1555200.000000,1
1425573621906189,1555200.000000,2
1425573621906605,1555200.000000,3
1425573621906970,1555200.000000,4
1425573621907387,1555200.000000,5
1425573624147126,1785600.000000,0
1425573624147439,1785600.000000,1
1425573624147907,1785600.000000,2
1425573624148220,1785600.000000,3
1425573624148637,1785600.000000,4
1425573624149001,1785600.000000,5
1425573632840720,556800.000000,0
1425573632841032,556800.000000,1
1425573632841345,556800.000000,2
1425573632841657,556800.000000,3
1425573632842074,556800.000000,4
1425573632842387,556800.000000,5
1425573662794470,748800.000000,0
1425573662795980,748800.000000,1
1425573662797282,748800.000000,2
1425573662798637,748800.000000,3
1425573662799939,748800.000000,4
1425573662801189,748800.000000,5
1425573678842230,1363200.000000,0
1425573678843064,1363200.000000,1
1425573678843949,1363200.000000,2
1425573678844730,1363200.000000,3
1425573678845407,1363200.000000,4
1425573678846189,1363200.000000,5
1425573681476501,1785600.000000,0
1425573681476970,1785600.000000,1
1425573681477543,1785600.000000,2
1425573681478064,1785600.000000,3
1425573681478637,1785600.000000,4
1425573681479157,1785600.000000,5
1425573694768845,1996800.000000,0
1425573694770251,1996800.000000,1
1425573694770668,1996800.000000,2
1425573694770876,1996800.000000,3
1425573694771189,1996800.000000,4
1425573694771501,1996800.000000,5
1425573705924730,1555200.000000,0
1425573705925095,1555200.000000,1
1425573705925355,1555200.000000,2
1425573705925668,1555200.000000,3
1425573705925876,1555200.000000,4
1425573705926189,1555200.000000,5
1425573705943011,1996800.000000,0
1425573705943532,1996800.000000,1
1425573705944001,1996800.000000,2
1425573705944470,1996800.000000,3
1425573705944939,1996800.000000,4
1425573705945407,1996800.000000,5
1425573709390876,1555200.000000,0
1425573709391189,1555200.000000,1
1425573709391605,1555200.000000,2
1425573709391918,1555200.000000,3
1425573709392282,1555200.000000,4
1425573709392595,1555200.000000,5
1425573709514782,1996800.000000,0
1425573709515199,1996800.000000,1
1425573709515564,1996800.000000,2
1425573709515876,1996800.000000,3
1425573709516293,1996800.000000,4
1425573709516657,1996800.000000,5
1425573710740251,1785600.000000,0
1425573710740564,1785600.000000,1
1425573710740876,1785600.000000,2
1425573710741189,1785600.000000,3
1425573710741449,1785600.000000,4
1425573710741761,1785600.000000,5
1425573710855564,1555200.000000,0
1425573710855876,1555200.000000,1
1425573710856189,1555200.000000,2
1425573710856501,1555200.000000,3
1425573710856814,1555200.000000,4
1425573710857126,1555200.000000,5
1425573710946918,1785600.000000,0
1425573710947282,1785600.000000,1
1425573710948532,1785600.000000,2
1425573710949001,1785600.000000,3
1425573710949314,1785600.000000,4
1425573710949626,1785600.000000,5
1425573711141605,1555200.000000,0
1425573711141918,1555200.000000,1
1425573711142230,1555200.000000,2
1425573711142543,1555200.000000,3
1425573711142855,1555200.000000,4
1425573711143168,1555200.000000,5
1425573711188845,1785600.000000,0
1425573711189314,1785600.000000,1
1425573711189782,1785600.000000,2
1425573711190251,1785600.000000,3
1425573711190668,1785600.000000,4
1425573711191136,1785600.000000,5
1425573711208689,1555200.000000,0
1425573711209105,1555200.000000,1
1425573711209470,1555200.000000,2
1425573711209782,1555200.000000,3
1425573711210199,1555200.000000,4
1425573711210564,1555200.000000,5
1425573711219574,1785600.000000,0
1425573711220043,1785600.000000,1
1425573711220407,1785600.000000,2
1425573711220876,1785600.000000,3
1425573711221189,1785600.000000,4
1425573711221657,1785600.000000,5
1425573711471761,1555200.000000,0
1425573711472074,1555200.000000,1
1425573711472439,1555200.000000,2
1425573711472699,1555200.000000,3
1425573711473011,1555200.000000,4
1425573711473324,1555200.000000,5
1425573711529470,1785600.000000,0
1425573711529939,1785600.000000,1
1425573711530407,1785600.000000,2
1425573711530876,1785600.000000,3
1425573711531345,1785600.000000,4
1425573711531814,1785600.000000,5
1425573711583220,1555200.000000,0
1425573711583532,1555200.000000,1
1425573711583845,1555200.000000,2
1425573711584157,1555200.000000,3
1425573711585095,1555200.000000,4
1425573711585511,1555200.000000,5
1425573711593689,1785600.000000,0
1425573711594157,1785600.000000,1
1425573711594626,1785600.000000,2
1425573711595043,1785600.000000,3
1425573711595511,1785600.000000,4
1425573711595980,1785600.000000,5
1425573711609157,1555200.000000,0
1425573711609574,1555200.000000,1
1425573711609886,1555200.000000,2
1425573711610251,1555200.000000,3
1425573711610564,1555200.000000,4
1425573711610980,1555200.000000,5
1425573711687907,1785600.000000,0
1425573711688376,1785600.000000,1
1425573711688845,1785600.000000,2
1425573711689314,1785600.000000,3
1425573711689782,1785600.000000,4
1425573711690251,1785600.000000,5
1425573711893845,1555200.000000,0
1425573711894157,1555200.000000,1
1425573711894470,1555200.000000,2
1425573711894782,1555200.000000,3
1425573711895095,1555200.000000,4
1425573711895407,1555200.000000,5
1425573712056501,1785600.000000,0
1425573712056814,1785600.000000,1
1425573712057282,1785600.000000,2
1425573712057595,1785600.000000,3
1425573712058064,1785600.000000,4
1425573712058376,1785600.000000,5
1425573712092751,1555200.000000,0
1425573712093064,1555200.000000,1
1425573712093376,1555200.000000,2
1425573712093689,1555200.000000,3
1425573712094001,1555200.000000,4
1425573712094314,1555200.000000,5
1425573712369782,1785600.000000,0
1425573712370251,1785600.000000,1
1425573712370720,1785600.000000,2
1425573712371189,1785600.000000,3
1425573712371761,1785600.000000,4
1425573712372126,1785600.000000,5
1425573712422126,1555200.000000,0
1425573712422595,1555200.000000,1
1425573712423011,1555200.000000,2
1425573712423376,1555200.000000,3
1425573712423845,1555200.000000,4
1425573712424157,1555200.000000,5
1425573712859105,1785600.000000,0
1425573712859470,1785600.000000,1
1425573712859782,1785600.000000,2
1425573712860199,1785600.000000,3
1425573712860564,1785600.000000,4
1425573712860876,1785600.000000,5
1425573713901970,1555200.000000,0
1425573713902386,1555200.000000,1
1425573713902751,1555200.000000,2
1425573713903168,1555200.000000,3
1425573713903532,1555200.000000,4
1425573713904001,1555200.000000,5
1425573713967595,1785600.000000,0
1425573713967907,1785600.000000,1
1425573713968376,1785600.000000,2
1425573713968689,1785600.000000,3
1425573713969105,1785600.000000,4
1425573713969470,1785600.000000,5
1425573716270407,1555200.000000,0
1425573716270720,1555200.000000,1
1425573716271032,1555200.000000,2
1425573716271345,1555200.000000,3
1425573716271657,1555200.000000,4
1425573716271970,1555200.000000,5
1425573716837907,1785600.000000,0
1425573716838480,1785600.000000,1
1425573716838845,1785600.000000,2
1425573716839314,1785600.000000,3
1425573716839782,1785600.000000,4
1425573716840251,1785600.000000,5
1425573716863064,1555200.000000,0
1425573716863532,1555200.000000,1
1425573716864001,1555200.000000,2
1425573716864470,1555200.000000,3
1425573716864939,1555200.000000,4
1425573716865407,1555200.000000,5
1425573720825251,1785600.000000,0
1425573720825668,1785600.000000,1
1425573720826136,1785600.000000,2
1425573720826501,1785600.000000,3
1425573720826970,1785600.000000,4
1425573720827439,1785600.000000,5
1425573728908845,960000.000000,0
1425573728909261,960000.000000,1
1425573728909574,960000.000000,2
1425573728909886,960000.000000,3
1425573728910199,960000.000000,4
1425573728910511,960000.000000,5
1425573742947595,556800.000000,0
1425573742948324,556800.000000,1
1425573742949157,556800.000000,2
1425573742950251,556800.000000,3
1425573742951345,556800.000000,4
1425573742952282,556800.000000,5
1425573747084782,748800.000000,0
1425573747085876,748800.000000,1
1425573747086814,748800.000000,2
1425573747087907,748800.000000,3
1425573747088949,748800.000000,4
1425573747089886,748800.000000,5
1425573748068220,556800.000000,0
1425573748069782,556800.000000,1
1425573748070980,556800.000000,2
1425573748072230,556800.000000,3
1425573748073480,556800.000000,4
1425573748074782,556800.000000,5
1425573748217282,748800.000000,0
1425573748218376,748800.000000,1
1425573748219470,748800.000000,2
1425573748220407,748800.000000,3
1425573748221501,748800.000000,4
1425573748222439,748800.000000,5
1425573755999470,556800.000000,0
1425573756000511,556800.000000,1
1425573756001657,556800.000000,2
1425573756003064,556800.000000,3
1425573756004314,556800.000000,4
1425573756005564,556800.000000,5
1425573761070407,748800.000000,0
1425573761071605,748800.000000,1
1425573761072595,748800.000000,2
1425573761073636,748800.000000,3
1425573761074626,748800.000000,4
1425573761075668,748800.000000,5
1425573777027439,556800.000000,0
1425573777028949,556800.000000,1
1425573777030095,556800.000000,2
1425573777031501,556800.000000,3
1425573777032699,556800.000000,4
1425573777033949,556800.000000,5
1425573781246032,1152000.000000,0
1425573781247282,1152000.000000,1
1425573781248376,1152000.000000,2
1425573781249418,1152000.000000,3
1425573781250407,1152000.000000,4
1425573781251345,1152000.000000,5
1425573808877595,1555200.000000,0
1425573808878220,1555200.000000,1
1425573808878689,1555200.000000,2
1425573808879157,1555200.000000,3
1425573808879730,1555200.000000,4
1425573808880199,1555200.000000,5
1425573824933532,960000.000000,0
1425573824934105,960000.000000,1
1425573824934626,960000.000000,2
1425573824935095,960000.000000,3
1425573824935824,960000.000000,4
1425573824936501,960000.000000,5
1425573840002907,556800.000000,0
1425573840004314,556800.000000,1
1425573840005564,556800.000000,2
1425573840006814,556800.000000,3
1425573840008064,556800.000000,4
1425573840009418,556800.000000,5
1425573848944261,748800.000000,0
1425573848945511,748800.000000,1
1425573848946449,748800.000000,2
1425573848947386,748800.000000,3
1425573848948376,748800.000000,4
1425573848949314,748800.000000,5
1425573856289418,556800.000000,0
1425573856290407,556800.000000,1
1425573856291605,556800.000000,2
1425573856292595,556800.000000,3
1425573856293532,556800.000000,4
1425573856294470,556800.000000,5
1425573881975407,960000.000000,0
1425573881976814,960000.000000,1
1425573881978064,960000.000000,2
1425573881979314,960000.000000,3
1425573881980564,960000.000000,4
1425573881981814,960000.000000,5
1425573888887282,556800.000000,0
1425573888888376,556800.000000,1
1425573888889626,556800.000000,2
1425573888890980,556800.000000,3
1425573888892282,556800.000000,4
1425573888893532,556800.000000,5
1425573902915407,1363200.000000,0
1425573902916501,1363200.000000,1
1425573902917439,1363200.000000,2
1425573902918532,1363200.000000,3
1425573902919574,1363200.000000,4
1425573902920564,1363200.000000,5
1425573903647282,1555200.000000,0
1425573903647595,1555200.000000,1
1425573903648064,1555200.000000,2
1425573903648480,1555200.000000,3
1425573903648845,1555200.000000,4
1425573903649314,1555200.000000,5
1425573904371814,1363200.000000,0
1425573904372230,1363200.000000,1
1425573904372595,1363200.000000,2
1425573904372907,1363200.000000,3
1425573904373324,1363200.000000,4
1425573904373689,1363200.000000,5
1425573916865199,1555200.000000,0
1425573916865564,1555200.000000,1
1425573916866032,1555200.000000,2
1425573916866449,1555200.000000,3
1425573916866814,1555200.000000,4
1425573916867282,1555200.000000,5
1425573936510355,556800.000000,0
1425573936510720,556800.000000,1
1425573936511188,556800.000000,2
1425573936511501,556800.000000,3
1425573936512126,556800.000000,4
1425573936513063,556800.000000,5
1425573950296345,1152000.000000,0
1425573950297438,1152000.000000,1
1425573950298376,1152000.000000,2
1425573950299470,1152000.000000,3
1425573950300407,1152000.000000,4
1425573950301449,1152000.000000,5
1425573950764470,556800.000000,0
1425573950765095,556800.000000,1
1425573950765563,556800.000000,2
1425573950766032,556800.000000,3
1425573950766657,556800.000000,4
1425573950767438,556800.000000,5
1425573981081136,1785600.000000,0
1425573981082230,1785600.000000,1
1425573981083220,1785600.000000,2
1425573981084157,1785600.000000,3
1425573981085251,1785600.000000,4
1425573981086188,1785600.000000,5
1425573984841345,1363200.000000,0
1425573984841813,1363200.000000,1
1425573984842230,1363200.000000,2
1425573984842595,1363200.000000,3
1425573984843011,1363200.000000,4
1425573984843376,1363200.000000,5
1425573998876918,1785600.000000,0
1425573998877282,1785600.000000,1
1425573998877751,1785600.000000,2
1425573998878168,1785600.000000,3
1425573998878532,1785600.000000,4
1425573998878949,1785600.000000,5
1425574000080511,1555200.000000,0
1425574000080824,1555200.000000,1
1425574000081136,1555200.000000,2
1425574000081449,1555200.000000,3
1425574000081761,1555200.000000,4
1425574000081970,1555200.000000,5
1425574000895251,1996800.000000,0
1425574000895668,1996800.000000,1
1425574000896032,1996800.000000,2
1425574000896449,1996800.000000,3
1425574000896813,1996800.000000,4
1425574000897126,1996800.000000,5
1425574006111657,1555200.000000,0
1425574006111970,1555200.000000,1
1425574006112282,1555200.000000,2
1425574006112543,1555200.000000,3
1425574006112855,1555200.000000,4
1425574006113063,1555200.000000,5
1425574012965563,1785600.000000,0
1425574012966032,1785600.000000,1
1425574012966345,1785600.000000,2
1425574012966761,1785600.000000,3
1425574012967074,1785600.000000,4
1425574012967438,1785600.000000,5
1425574016933011,748800.000000,0
1425574016933845,748800.000000,1
1425574016934782,748800.000000,2
1425574016935720,748800.000000,3
1425574016936761,748800.000000,4
1425574016937751,748800.000000,5
1425574044574001,556800.000000,0
1425574044575511,556800.000000,1
1425574044576813,556800.000000,2
1425574044578063,556800.000000,3
1425574044579313,556800.000000,4
1425574044580668,556800.000000,5
1425574062972595,748800.000000,0
1425574062973793,748800.000000,1
1425574062974782,748800.000000,2
1425574062975720,748800.000000,3
1425574062976813,748800.000000,4
1425574062977907,748800.000000,5
1425574063325355,1363200.000000,0
1425574063326293,1363200.000000,1
1425574063327074,1363200.000000,2
1425574063327751,1363200.000000,3
1425574063328532,1363200.000000,4
1425574063329313,1363200.000000,5
1425574072869938,748800.000000,0
1425574072870511,748800.000000,1
1425574072870980,748800.000000,2
1425574072871501,748800.000000,3
1425574072872126,748800.000000,4
1425574072873063,748800.000000,5
1425574080999574,556800.000000,0
1425574081001032,556800.000000,1
1425574081002386,556800.000000,2
1425574081003688,556800.000000,3
1425574081004938,556800.000000,4
1425574081006188,556800.000000,5
1425574081886449,748800.000000,0
1425574081887595,748800.000000,1
1425574081888636,748800.000000,2
1425574081889626,748800.000000,3
1425574081890563,748800.000000,4
1425574081891657,748800.000000,5
1425574094949105,960000.000000,0
1425574094950095,960000.000000,1
1425574094950876,960000.000000,2
1425574094951605,960000.000000,3
1425574094952282,960000.000000,4
1425574094953063,960000.000000,5
1425574111218220,1363200.000000,0
1425574111218949,1363200.000000,1
1425574111219470,1363200.000000,2
1425574111220095,1363200.000000,3
1425574111220720,1363200.000000,4
1425574111221293,1363200.000000,5
1425574124878220,1555200.000000,0
1425574124880095,1555200.000000,1
1425574124880563,1555200.000000,2
1425574124881136,1555200.000000,3
1425574124881657,1555200.000000,4
1425574124882126,1555200.000000,5
1425574132921136,1785600.000000,0
1425574132921605,1785600.000000,1
1425574132921970,1785600.000000,2
1425574132922543,1785600.000000,3
1425574132923011,1785600.000000,4
1425574132923480,1785600.000000,5
1425574132981918,1555200.000000,0
1425574132982282,1555200.000000,1
1425574132982595,1555200.000000,2
1425574132982907,1555200.000000,3
1425574132983220,1555200.000000,4
1425574132983636,1555200.000000,5
1425574139092282,1996800.000000,0
1425574139092699,1996800.000000,1
1425574139093063,1996800.000000,2
1425574139093376,1996800.000000,3
1425574139093793,1996800.000000,4
1425574139094157,1996800.000000,5
1425574139177282,1555200.000000,0
1425574139177595,1555200.000000,1
1425574139177907,1555200.000000,2
1425574139178168,1555200.000000,3
1425574139178376,1555200.000000,4
1425574139178688,1555200.000000,5
1425574140990720,1785600.000000,0
1425574140991188,1785600.000000,1
1425574140991605,1785600.000000,2
1425574140991970,1785600.000000,3
1425574140992282,1785600.000000,4
1425574140992699,1785600.000000,5
1425574147612751,1555200.000000,0
1425574147613168,1555200.000000,1
1425574147613480,1555200.000000,2
1425574147613793,1555200.000000,3
1425574147614105,1555200.000000,4
1425574147614418,1555200.000000,5
1425574147690095,1785600.000000,0
1425574147690511,1785600.000000,1
1425574147690876,1785600.000000,2
1425574147691188,1785600.000000,3
1425574147691501,1785600.000000,4
1425574147691970,1785600.000000,5
1425574148493688,1555200.000000,0
1425574148494001,1555200.000000,1
1425574148494313,1555200.000000,2
1425574148494626,1555200.000000,3
1425574148494938,1555200.000000,4
1425574148495251,1555200.000000,5
1425574148558376,1785600.000000,0
1425574148558688,1785600.000000,1
1425574148559001,1785600.000000,2
1425574148559418,1785600.000000,3
1425574148559730,1785600.000000,4
1425574148560095,1785600.000000,5
1425574160817595,748800.000000,0
1425574160818011,748800.000000,1
1425574160818376,748800.000000,2
1425574160818793,748800.000000,3
1425574160819157,748800.000000,4
1425574160819574,748800.000000,5
1425574177260980,556800.000000,0
1425574177262438,556800.000000,1
1425574177263532,556800.000000,2
1425574177264574,556800.000000,3
1425574177265563,556800.000000,4
1425574177269730,556800.000000,5
1425574181777543,748800.000000,0
1425574181779001,748800.000000,1
1425574181780355,748800.000000,2
1425574181781657,748800.000000,3
1425574181783063,748800.000000,4
1425574181784313,748800.000000,5
1425574192878063,556800.000000,0
1425574192879470,556800.000000,1
1425574192880720,556800.000000,2
1425574192881970,556800.000000,3
1425574192883220,556800.000000,4
1425574192884470,556800.000000,5
1425574200071032,1152000.000000,0
1425574200072282,1152000.000000,1
1425574200073220,1152000.000000,2
1425574200074261,1152000.000000,3
1425574200075251,1152000.000000,4
1425574200076449,1152000.000000,5
1425574200129105,556800.000000,0
1425574200129626,556800.000000,1
1425574200130095,556800.000000,2
1425574200130563,556800.000000,3
1425574200131032,556800.000000,4
1425574200131501,556800.000000,5
1425574202328845,748800.000000,0
1425574202330251,748800.000000,1
1425574202331501,748800.000000,2
1425574202332751,748800.000000,3
1425574202334001,748800.000000,4
1425574202335251,748800.000000,5
1425574206805563,1363200.000000,0
1425574206806345,1363200.000000,1
1425574206807126,1363200.000000,2
1425574206808011,1363200.000000,3
1425574206808688,1363200.000000,4
1425574206809418,1363200.000000,5
1425574209550355,2400000.000000,0
1425574209550720,2400000.000000,1
1425574209551188,2400000.000000,2
1425574209551657,2400000.000000,3
1425574209552074,2400000.000000,4
1425574209552438,2400000.000000,5
1425574222739730,1785600.000000,0
1425574222739938,1785600.000000,1
1425574222740251,1785600.000000,2
1425574222740407,1785600.000000,3
1425574222740720,1785600.000000,4
1425574222740980,1785600.000000,5
1425574232536032,1555200.000000,0
1425574232536345,1555200.000000,1
1425574232536657,1555200.000000,2
1425574232537074,1555200.000000,3
1425574232537438,1555200.000000,4
1425574232537751,1555200.000000,5
1425574254754782,748800.000000,0
1425574254755199,748800.000000,1
1425574254755563,748800.000000,2
1425574254755876,748800.000000,3
1425574254756501,748800.000000,4
1425574254757230,748800.000000,5
1425574268900720,960000.000000,0
1425574268901761,960000.000000,1
1425574268902595,960000.000000,2
1425574268903636,960000.000000,3
1425574268904626,960000.000000,4
1425574268905563,960000.000000,5
1425574270811032,1363200.000000,0
1425574270811918,1363200.000000,1
1425574270812699,1363200.000000,2
1425574270813480,1363200.000000,3
1425574270814157,1363200.000000,4
1425574270814886,1363200.000000,5
1425574281915511,1785600.000000,0
1425574281916032,1785600.000000,1
1425574281916449,1785600.000000,2
1425574281916918,1785600.000000,3
1425574281917282,1785600.000000,4
1425574281917699,1785600.000000,5
1425574288123532,1996800.000000,0
1425574288123845,1996800.000000,1
1425574288124157,1996800.000000,2
1425574288124470,1996800.000000,3
1425574288124782,1996800.000000,4
1425574288125095,1996800.000000,5
1425574289039470,1555200.000000,0
1425574289039782,1555200.000000,1
1425574289040095,1555200.000000,2
1425574289040355,1555200.000000,3
1425574289040668,1555200.000000,4
1425574289040876,1555200.000000,5
1425574289539782,1996800.000000,0
1425574289540199,1996800.000000,1
1425574289540563,1996800.000000,2
1425574289540876,1996800.000000,3
1425574289541293,1996800.000000,4
1425574289541657,1996800.000000,5
1425574291287386,1555200.000000,0
1425574291287699,1555200.000000,1
1425574291287907,1555200.000000,2
1425574291288220,1555200.000000,3
1425574291288532,1555200.000000,4
1425574291288845,1555200.000000,5
1425574292887282,1996800.000000,0
1425574292887751,1996800.000000,1
1425574292888063,1996800.000000,2
1425574292888532,1996800.000000,3
1425574292888845,1996800.000000,4
1425574292889261,1996800.000000,5
1425574292928220,1555200.000000,0
1425574292928532,1555200.000000,1
1425574292928845,1555200.000000,2
1425574292929261,1555200.000000,3
1425574292929626,1555200.000000,4
1425574292929938,1555200.000000,5
1425574292958845,1996800.000000,0
1425574292959157,1996800.000000,1
1425574292959470,1996800.000000,2
1425574292959782,1996800.000000,3
1425574292960199,1996800.000000,4
1425574292960563,1996800.000000,5
1425574292981188,1555200.000000,0
1425574292981657,1555200.000000,1
1425574292982126,1555200.000000,2
1425574292982595,1555200.000000,3
1425574292983063,1555200.000000,4
1425574292983480,1555200.000000,5
1425574299328220,2227200.000000,0
1425574299328688,2227200.000000,1
1425574299329105,2227200.000000,2
1425574299329574,2227200.000000,3
1425574299330043,2227200.000000,4
1425574299330511,2227200.000000,5
1425574299405563,1555200.000000,0
1425574299405876,1555200.000000,1
1425574299406188,1555200.000000,2
1425574299406501,1555200.000000,3
1425574299406813,1555200.000000,4
1425574299407230,1555200.000000,5
1425574299501970,1996800.000000,0
1425574299502438,1996800.000000,1
1425574299502855,1996800.000000,2
1425574299503220,1996800.000000,3
1425574299503532,1996800.000000,4
1425574299503949,1996800.000000,5
1425574299581501,1555200.000000,0
1425574299581813,1555200.000000,1
1425574299582126,1555200.000000,2
1425574299582386,1555200.000000,3
1425574299582699,1555200.000000,4
1425574299582907,1555200.000000,5
1425574299850876,1996800.000000,0
1425574299852126,1996800.000000,1
1425574299852438,1996800.000000,2
1425574299852855,1996800.000000,3
1425574299853220,1996800.000000,4
1425574299853532,1996800.000000,5
1425574302812543,2227200.000000,0
1425574302812855,2227200.000000,1
1425574302813063,2227200.000000,2
1425574302813376,2227200.000000,3
1425574302813688,2227200.000000,4
1425574302814001,2227200.000000,5
1425574318865095,748800.000000,0
1425574318865720,748800.000000,1
1425574318865980,748800.000000,2
1425574318866188,748800.000000,3
1425574318866501,748800.000000,4
1425574318866970,748800.000000,5
1425574336561657,556800.000000,0
1425574336563168,556800.000000,1
1425574336564313,556800.000000,2
1425574336565563,556800.000000,3
1425574336566813,556800.000000,4
1425574336568168,556800.000000,5
1425574368555511,1555200.000000,0
1425574368556970,1555200.000000,1
1425574368558167,1555200.000000,2
1425574368559470,1555200.000000,3
1425574368560720,1555200.000000,4
1425574368562074,1555200.000000,5
1425574368681501,556800.000000,0
1425574368681917,556800.000000,1
1425574368682282,556800.000000,2
1425574368682595,556800.000000,3
1425574368683011,556800.000000,4
1425574368683376,556800.000000,5
1425574400926813,1363200.000000,0
1425574400928011,1363200.000000,1
1425574400929001,1363200.000000,2
1425574400930042,1363200.000000,3
1425574400931032,1363200.000000,4
1425574400932074,1363200.000000,5
1425574416885199,1785600.000000,0
1425574416885876,1785600.000000,1
1425574416886292,1785600.000000,2
1425574416886761,1785600.000000,3
1425574416887126,1785600.000000,4
1425574416887542,1785600.000000,5
1425574425386188,1555200.000000,0
1425574425386657,1555200.000000,1
1425574425387074,1555200.000000,2
1425574425387438,1555200.000000,3
1425574425387907,1555200.000000,4
1425574425388376,1555200.000000,5
1425574432897230,1152000.000000,0
1425574432897751,1152000.000000,1
1425574432898167,1152000.000000,2
1425574432898636,1152000.000000,3
1425574432899105,1152000.000000,4
1425574432899574,1152000.000000,5
1425574448885199,556800.000000,0
1425574448885824,556800.000000,1
1425574448886813,556800.000000,2
1425574448888167,556800.000000,3
1425574448889470,556800.000000,4
1425574448890720,556800.000000,5
1425574464925511,748800.000000,0
1425574464926657,748800.000000,1
1425574464927751,748800.000000,2
1425574464928845,748800.000000,3
1425574464929886,748800.000000,4
1425574464930980,748800.000000,5
1425574468851813,556800.000000,0
1425574468852595,556800.000000,1
1425574468853376,556800.000000,2
1425574468854417,556800.000000,3
1425574468855511,556800.000000,4
1425574468856501,556800.000000,5
1425574496942230,748800.000000,0
1425574496943532,748800.000000,1
1425574496944626,748800.000000,2
1425574496945563,748800.000000,3
1425574496946761,748800.000000,4
1425574496947751,748800.000000,5
1425574510799730,1363200.000000,0
1425574510800720,1363200.000000,1
1425574510801761,1363200.000000,2
1425574510802751,1363200.000000,3
1425574510803792,1363200.000000,4
1425574510804730,1363200.000000,5
1425574528862282,1152000.000000,0
1425574528863011,1152000.000000,1
1425574528863532,1152000.000000,2
1425574528864001,1152000.000000,3
1425574528864574,1152000.000000,4
1425574528865095,1152000.000000,5
1425574544983376,556800.000000,0
1425574544984626,556800.000000,1
1425574544985876,556800.000000,2
1425574544987230,556800.000000,3
1425574544988480,556800.000000,4
1425574544989730,556800.000000,5
1425574562925720,748800.000000,0
1425574562926813,748800.000000,1
1425574562927855,748800.000000,2
1425574562928845,748800.000000,3
1425574562929886,748800.000000,4
1425574562930824,748800.000000,5
1425574574184782,556800.000000,0
1425574574186032,556800.000000,1
1425574574187074,556800.000000,2
1425574574188063,556800.000000,3
1425574574189105,556800.000000,4
1425574574190094,556800.000000,5
1425574574829626,960000.000000,0
1425574574830667,960000.000000,1
1425574574831761,960000.000000,2
1425574574832855,960000.000000,3
1425574574833844,960000.000000,4
1425574574834782,960000.000000,5
1425574581002282,1152000.000000,0
1425574581003011,1152000.000000,1
1425574581003532,1152000.000000,2
1425574581004105,1152000.000000,3
1425574581004626,1152000.000000,4
1425574581005251,1152000.000000,5
1425574590832230,1555200.000000,0
1425574590832855,1555200.000000,1
1425574590833324,1555200.000000,2
1425574590833792,1555200.000000,3
1425574590834261,1555200.000000,4
1425574590834782,1555200.000000,5
1425574595599938,1785600.000000,0
1425574595600407,1785600.000000,1
1425574595600824,1785600.000000,2
1425574595601188,1785600.000000,3
1425574595601501,1785600.000000,4
1425574595601813,1785600.000000,5
1425574595799313,1555200.000000,0
1425574595799626,1555200.000000,1
1425574595799938,1555200.000000,2
1425574595800511,1555200.000000,3
1425574595800824,1555200.000000,4
1425574595801136,1555200.000000,5
1425574595975355,1363200.000000,0
1425574595975719,1363200.000000,1
1425574595976136,1363200.000000,2
1425574595976449,1363200.000000,3
1425574595976813,1363200.000000,4
1425574595977230,1363200.000000,5
1425574604834574,1785600.000000,0
1425574604835199,1785600.000000,1
1425574604835719,1785600.000000,2
1425574604836292,1785600.000000,3
1425574604836813,1785600.000000,4
1425574604837282,1785600.000000,5
1425574607153636,1996800.000000,0
1425574607154001,1996800.000000,1
1425574607154313,1996800.000000,2
1425574607154626,1996800.000000,3
1425574607154938,1996800.000000,4
1425574607155251,1996800.000000,5
1425574608762282,1555200.000000,0
1425574608762594,1555200.000000,1
1425574608762907,1555200.000000,2
1425574608763167,1555200.000000,3
1425574608763480,1555200.000000,4
1425574608763688,1555200.000000,5
1425574608990407,1996800.000000,0
1425574608990876,1996800.000000,1
1425574608991344,1996800.000000,2
1425574608991813,1996800.000000,3
1425574608992282,1996800.000000,4
1425574608992751,1996800.000000,5
1425574617589469,1555200.000000,0
1425574617589782,1555200.000000,1
1425574617590042,1555200.000000,2
1425574617590355,1555200.000000,3
1425574617590667,1555200.000000,4
1425574617590876,1555200.000000,5
1425574620851032,1996800.000000,0
1425574620851501,1996800.000000,1
1425574620851813,1996800.000000,2
1425574620852126,1996800.000000,3
1425574620852542,1996800.000000,4
1425574620852907,1996800.000000,5
1425574623002126,960000.000000,0
1425574623002594,960000.000000,1
1425574623002907,960000.000000,2
1425574623003324,960000.000000,3
1425574623003688,960000.000000,4
1425574623004001,960000.000000,5
1425574639185407,556800.000000,0
1425574639186969,556800.000000,1
1425574639188167,556800.000000,2
1425574639189469,556800.000000,3
1425574639190719,556800.000000,4
1425574639191969,556800.000000,5
1425574656918219,748800.000000,0
1425574656919313,748800.000000,1
1425574656920407,748800.000000,2
1425574656921449,748800.000000,3
1425574656922438,748800.000000,4
1425574656923480,748800.000000,5
1425574687438532,2745600.000000,0
1425574687439626,2745600.000000,1
1425574687440563,2745600.000000,2
1425574687441605,2745600.000000,3
1425574687442438,2745600.000000,4
1425574687443376,2745600.000000,5
1425574688856657,1555200.000000,0
1425574688856813,1555200.000000,1
1425574688857074,1555200.000000,2
1425574688857282,1555200.000000,3
1425574688857438,1555200.000000,4
1425574688857699,1555200.000000,5
1425574688917438,2745600.000000,0
1425574688917907,2745600.000000,1
1425574688918324,2745600.000000,2
1425574688918688,2745600.000000,3
1425574688919001,2745600.000000,4
1425574688919313,2745600.000000,5
1425574689034105,1555200.000000,0
1425574689034313,1555200.000000,1
1425574689034574,1555200.000000,2
1425574689034782,1555200.000000,3
1425574689034938,1555200.000000,4
1425574689035094,1555200.000000,5
1425574689186657,2745600.000000,0
1425574689187074,2745600.000000,1
1425574689187438,2745600.000000,2
1425574689187855,2745600.000000,3
1425574689188167,2745600.000000,4
1425574689188532,2745600.000000,5
1425574689714626,1555200.000000,0
1425574689714938,1555200.000000,1
1425574689715094,1555200.000000,2
1425574689715355,1555200.000000,3
1425574689715563,1555200.000000,4
1425574689715719,1555200.000000,5
1425574689790407,2745600.000000,0
1425574689790876,2745600.000000,1
1425574689791188,2745600.000000,2
1425574689791605,2745600.000000,3
1425574689791969,2745600.000000,4
1425574689792282,2745600.000000,5
1425574690758688,1555200.000000,0
1425574690758844,1555200.000000,1
1425574690759105,1555200.000000,2
1425574690759313,1555200.000000,3
1425574690759574,1555200.000000,4
1425574690759782,1555200.000000,5
1425574691832594,2745600.000000,0
1425574691833063,2745600.000000,1
1425574691833376,2745600.000000,2
1425574691833792,2745600.000000,3
1425574691834157,2745600.000000,4
1425574691834469,2745600.000000,5
1425574701728844,1555200.000000,0
1425574701729157,1555200.000000,1
1425574701729469,1555200.000000,2
1425574701729626,1555200.000000,3
1425574701729938,1555200.000000,4
1425574701730199,1555200.000000,5
1425574703601969,2745600.000000,0
1425574703602386,2745600.000000,1
1425574703603792,2745600.000000,2
1425574703604157,2745600.000000,3
1425574703604574,2745600.000000,4
1425574703604938,2745600.000000,5
1425574705217907,1555200.000000,0
1425574705218063,1555200.000000,1
1425574705218376,1555200.000000,2
1425574705218532,1555200.000000,3
1425574705218792,1555200.000000,4
1425574705218949,1555200.000000,5
1425574706150407,2745600.000000,0
1425574706150876,2745600.000000,1
1425574706151344,2745600.000000,2
1425574706151813,2745600.000000,3
1425574706152282,2745600.000000,4
1425574706152751,2745600.000000,5
1425574708769261,1555200.000000,0
1425574708769469,1555200.000000,1
1425574708769626,1555200.000000,2
1425574708769886,1555200.000000,3
1425574708770094,1555200.000000,4
1425574708770251,1555200.000000,5
1425574708957282,3072000.000000,0
1425574708957699,3072000.000000,1
1425574708958063,3072000.000000,2
1425574708958376,3072000.000000,3
1425574708958792,3072000.000000,4
1425574708959157,3072000.000000,5
1425574708979469,1555200.000000,0
1425574708979938,1555200.000000,1
1425574708980407,1555200.000000,2
1425574708980876,1555200.000000,3
1425574708981344,1555200.000000,4
1425574708981813,1555200.000000,5
1425574709043167,3072000.000000,0
1425574709043532,3072000.000000,1
1425574709043949,3072000.000000,2
1425574709044313,3072000.000000,3
1425574709044730,3072000.000000,4
1425574709045094,3072000.000000,5
1425574709306657,1555200.000000,0
1425574709306917,1555200.000000,1
1425574709307126,1555200.000000,2
1425574709307386,1555200.000000,3
1425574709307594,1555200.000000,4
1425574709307855,1555200.000000,5
1425574712932542,3072000.000000,0
1425574712932907,3072000.000000,1
1425574712933324,3072000.000000,2
1425574712933688,3072000.000000,3
1425574712934105,3072000.000000,4
1425574712934469,3072000.000000,5
1425574718169469,1555200.000000,0
1425574718169730,1555200.000000,1
1425574718169886,1555200.000000,2
1425574718170094,1555200.000000,3
1425574718170251,1555200.000000,4
1425574718170407,1555200.000000,5
1425574718211032,1785600.000000,0
1425574718211449,1785600.000000,1
1425574718211813,1785600.000000,2
1425574718212230,1785600.000000,3
1425574718212594,1785600.000000,4
1425574718212907,1785600.000000,5
1425574718284157,3072000.000000,0
1425574718284626,3072000.000000,1
1425574718285042,3072000.000000,2
1425574718285407,3072000.000000,3
1425574718285824,3072000.000000,4
1425574718286188,3072000.000000,5
1425574725570042,1785600.000000,0
1425574725570251,1785600.000000,1
1425574725570563,1785600.000000,2
1425574725570719,1785600.000000,3
1425574725570980,1785600.000000,4
1425574725571188,1785600.000000,5
1425574725579886,3072000.000000,0
1425574725580251,3072000.000000,1
1425574725580667,3072000.000000,2
1425574725581032,3072000.000000,3
1425574725581449,3072000.000000,4
1425574725581813,3072000.000000,5
1425574732873844,2745600.000000,0
1425574732874001,2745600.000000,1
1425574732874157,2745600.000000,2
1425574732874417,2745600.000000,3
1425574732874574,2745600.000000,4
1425574732874782,2745600.000000,5
1425574734850251,1785600.000000,0
1425574734850511,1785600.000000,1
1425574734850719,1785600.000000,2
1425574734851032,1785600.000000,3
1425574734851188,1785600.000000,4
1425574734851501,1785600.000000,5
1425574750943063,556800.000000,0
1425574750943532,556800.000000,1
1425574750943844,556800.000000,2
1425574750944157,556800.000000,3
1425574750944469,556800.000000,4
1425574750944782,556800.000000,5
1425574781810094,2745600.000000,0
1425574781812699,2745600.000000,1
1425574781813844,2745600.000000,2
1425574781815251,2745600.000000,3
1425574781816501,2745600.000000,4
1425574781817751,2745600.000000,5
1425574784480355,748800.000000,0
1425574784480563,748800.000000,1
1425574784480824,748800.000000,2
1425574784481032,748800.000000,3
1425574784481188,748800.000000,4
1425574784481344,748800.000000,5
1425574800904938,1363200.000000,0
1425574800905980,1363200.000000,1
1425574800906917,1363200.000000,2
1425574800907855,1363200.000000,3
1425574800908792,1363200.000000,4
1425574800909626,1363200.000000,5
1425574812026969,1555200.000000,0
1425574812027542,1555200.000000,1
1425574812028011,1555200.000000,2
1425574812028376,1555200.000000,3
1425574812028844,1555200.000000,4
1425574812029261,1555200.000000,5
1425574812838532,1363200.000000,0
1425574812838949,1363200.000000,1
1425574812839313,1363200.000000,2
1425574812839626,1363200.000000,3
1425574812840042,1363200.000000,4
1425574812840407,1363200.000000,5
1425574815118063,1785600.000000,0
1425574815118532,1785600.000000,1
1425574815119001,1785600.000000,2
1425574815119417,1785600.000000,3
1425574815119782,1785600.000000,4
1425574815120251,1785600.000000,5
1425574820206761,1555200.000000,0
1425574820207126,1555200.000000,1
1425574820207594,1555200.000000,2
1425574820208011,1555200.000000,3
1425574820208376,1555200.000000,4
1425574820208792,1555200.000000,5
1425574820894469,1785600.000000,0
1425574820894938,1785600.000000,1
1425574820895251,1785600.000000,2
1425574820895667,1785600.000000,3
1425574820895980,1785600.000000,4
1425574820896344,1785600.000000,5
1425574825755251,1555200.000000,0
1425574825755719,1555200.000000,1
1425574825756032,1555200.000000,2
1425574825756501,1555200.000000,3
1425574825756917,1555200.000000,4
1425574825757282,1555200.000000,5
1425574828049938,1785600.000000,0
1425574828050407,1785600.000000,1
1425574828050876,1785600.000000,2
1425574828051344,1785600.000000,3
1425574828051813,1785600.000000,4
1425574828052230,1785600.000000,5
1425574832943376,556800.000000,0
1425574832943844,556800.000000,1
1425574832944261,556800.000000,2
1425574832944626,556800.000000,3
1425574832945042,556800.000000,4
1425574832945876,556800.000000,5
1425574880945094,748800.000000,0
1425574880946344,748800.000000,1
1425574880947438,748800.000000,2
1425574880948376,748800.000000,3
1425574880949469,748800.000000,4
1425574880950511,748800.000000,5
1425574894797282,1363200.000000,0
1425574894798063,1363200.000000,1
1425574894798792,1363200.000000,2
1425574894799469,1363200.000000,3
1425574894800251,1363200.000000,4
1425574894800876,1363200.000000,5
1425574894818532,1555200.000000,0
1425574894819417,1555200.000000,1
1425574894820199,1555200.000000,2
1425574894820876,1555200.000000,3
1425574894821657,1555200.000000,4
1425574894822386,1555200.000000,5
1425574909339313,1785600.000000,0
1425574909339782,1785600.000000,1
1425574909340094,1785600.000000,2
1425574909340511,1785600.000000,3
1425574909340876,1785600.000000,4
1425574909341292,1785600.000000,5
1425574910925094,1996800.000000,0
1425574910925563,1996800.000000,1
1425574910925876,1996800.000000,2
1425574910926188,1996800.000000,3
1425574910926501,1996800.000000,4
1425574910926813,1996800.000000,5
1425574912979469,1785600.000000,0
1425574912979782,1785600.000000,1
1425574912980094,1785600.000000,2
1425574912980355,1785600.000000,3
1425574912980667,1785600.000000,4
1425574912980980,1785600.000000,5
1425574913002751,1996800.000000,0
1425574913003167,1996800.000000,1
1425574913003480,1996800.000000,2
1425574913003792,1996800.000000,3
1425574913004105,1996800.000000,4
1425574913004417,1996800.000000,5
1425574913015563,1785600.000000,0
1425574913015876,1785600.000000,1
1425574913016292,1785600.000000,2
1425574913016605,1785600.000000,3
1425574913016917,1785600.000000,4
1425574913017230,1785600.000000,5
1425574913088844,1996800.000000,0
1425574913089157,1996800.000000,1
1425574913089469,1996800.000000,2
1425574913089782,1996800.000000,3
1425574913090094,1996800.000000,4
1425574913090407,1996800.000000,5
1425574916158792,1555200.000000,0
1425574916159105,1555200.000000,1
1425574916159417,1555200.000000,2
1425574916159626,1555200.000000,3
1425574916159938,1555200.000000,4
1425574916160251,1555200.000000,5
1425574916835511,1996800.000000,0
1425574916835876,1996800.000000,1
1425574916836188,1996800.000000,2
1425574916836605,1996800.000000,3
1425574916836969,1996800.000000,4
1425574916837282,1996800.000000,5
1425574917078688,1555200.000000,0
1425574917079157,1555200.000000,1
1425574917079574,1555200.000000,2
1425574917079886,1555200.000000,3
1425574917080251,1555200.000000,4
1425574917080563,1555200.000000,5
1425574917149313,1996800.000000,0
1425574917149782,1996800.000000,1
1425574917150251,1996800.000000,2
1425574917150667,1996800.000000,3
1425574917151136,1996800.000000,4
1425574917151657,1996800.000000,5
1425574917287751,1555200.000000,0
1425574917288063,1555200.000000,1
1425574917288480,1555200.000000,2
1425574917288844,1555200.000000,3
1425574917289157,1555200.000000,4
1425574917289574,1555200.000000,5
1425574917325251,1996800.000000,0
1425574917325719,1996800.000000,1
1425574917326188,1996800.000000,2
1425574917326657,1996800.000000,3
1425574917327126,1996800.000000,4
1425574917327594,1996800.000000,5
1425574920359157,1555200.000000,0
1425574920359469,1555200.000000,1
1425574920359782,1555200.000000,2
1425574920360094,1555200.000000,3
1425574920360355,1555200.000000,4
1425574920360563,1555200.000000,5
1425574920854626,1785600.000000,0
1425574920855042,1785600.000000,1
1425574920855407,1785600.000000,2
1425574920855719,1785600.000000,3
1425574920856188,1785600.000000,4
1425574920856501,1785600.000000,5
1425574920872751,1996800.000000,0
1425574920873167,1996800.000000,1
1425574920873532,1996800.000000,2
1425574920873844,1996800.000000,3
1425574920874261,1996800.000000,4
1425574920874626,1996800.000000,5
1425574928904105,1555200.000000,0
1425574928904417,1555200.000000,1
1425574928904626,1555200.000000,2
1425574928904938,1555200.000000,3
1425574928905251,1555200.000000,4
1425574928905511,1555200.000000,5
1425574964640355,556800.000000,0
1425574964640719,556800.000000,1
1425574964641136,556800.000000,2
1425574964641449,556800.000000,3
1425574964641813,556800.000000,4
1425574964642594,556800.000000,5
1425574969041136,748800.000000,0
1425574969042438,748800.000000,1
1425574969043688,748800.000000,2
1425574969044938,748800.000000,3
1425574969046292,748800.000000,4
1425574969047594,748800.000000,5
1425574979963324,556800.000000,0
1425574979964782,556800.000000,1
1425574979966292,556800.000000,2
1425574979967542,556800.000000,3
1425574979968844,556800.000000,4
1425574979970199,556800.000000,5
1425575008893844,1363200.000000,0
1425575008895042,1363200.000000,1
1425575008896188,1363200.000000,2
1425575008897282,1363200.000000,3
1425575008898219,1363200.000000,4
1425575008899261,1363200.000000,5
1425575022962907,1555200.000000,0
1425575022963376,1555200.000000,1
1425575022963792,1555200.000000,2
1425575022964157,1555200.000000,3
1425575022964573,1555200.000000,4
1425575022965042,1555200.000000,5
1425575022988532,1785600.000000,0
1425575022988948,1785600.000000,1
1425575022989261,1785600.000000,2
1425575022989626,1785600.000000,3
1425575022990042,1785600.000000,4
1425575022990407,1785600.000000,5
1425575040851969,1555200.000000,0
1425575040852282,1555200.000000,1
1425575040852594,1555200.000000,2
1425575040852907,1555200.000000,3
1425575040853219,1555200.000000,4
1425575040853532,1555200.000000,5
1425575044912907,2227200.000000,0
1425575044913376,2227200.000000,1
1425575044913844,2227200.000000,2
1425575044914313,2227200.000000,3
1425575044914782,2227200.000000,4
1425575044915251,2227200.000000,5
1425575044967907,1555200.000000,0
1425575044968219,1555200.000000,1
1425575044968532,1555200.000000,2
1425575044968792,1555200.000000,3
1425575044969001,1555200.000000,4
1425575044969313,1555200.000000,5
1425575052128688,2227200.000000,0
1425575052129157,2227200.000000,1
1425575052129573,2227200.000000,2
1425575052130094,2227200.000000,3
1425575052130563,2227200.000000,4
1425575052131032,2227200.000000,5
1425575054838948,1996800.000000,0
1425575054839261,1996800.000000,1
1425575054839469,1996800.000000,2
1425575054839782,1996800.000000,3
1425575054840042,1996800.000000,4
1425575054840251,1996800.000000,5
1425575066173167,1785600.000000,0
1425575066173532,1785600.000000,1
1425575066173948,1785600.000000,2
1425575066174261,1785600.000000,3
1425575066174626,1785600.000000,4
1425575066175042,1785600.000000,5
1425575066702438,1555200.000000,0
1425575066702907,1555200.000000,1
1425575066703219,1555200.000000,2
1425575066703688,1555200.000000,3
1425575066704105,1555200.000000,4
1425575066704469,1555200.000000,5
1425575067666657,1785600.000000,0
1425575067667126,1785600.000000,1
1425575067667542,1785600.000000,2
1425575067667907,1785600.000000,3
1425575067668219,1785600.000000,4
1425575067668532,1785600.000000,5
1425575067831969,1996800.000000,0
1425575067832386,1996800.000000,1
1425575067832698,1996800.000000,2
1425575067833063,1996800.000000,3
1425575067833376,1996800.000000,4
1425575067833688,1996800.000000,5
1425575068445719,1785600.000000,0
1425575068446032,1785600.000000,1
1425575068446344,1785600.000000,2
1425575068446605,1785600.000000,3
1425575068446813,1785600.000000,4
1425575068447126,1785600.000000,5
1425575068494938,1996800.000000,0
1425575068495251,1996800.000000,1
1425575068495563,1996800.000000,2
1425575068495980,1996800.000000,3
1425575068496292,1996800.000000,4
1425575068496605,1996800.000000,5
1425575068685511,1785600.000000,0
1425575068685876,1785600.000000,1
1425575068686188,1785600.000000,2
1425575068686605,1785600.000000,3
1425575068686969,1785600.000000,4
1425575068687282,1785600.000000,5
1425575068882438,1996800.000000,0
1425575068882751,1996800.000000,1
1425575068883063,1996800.000000,2
1425575068883480,1996800.000000,3
1425575068883792,1996800.000000,4
1425575068885251,1996800.000000,5
1425575071213532,748800.000000,0
1425575071213844,748800.000000,1
1425575071214105,748800.000000,2
1425575071214417,748800.000000,3
1425575071214730,748800.000000,4
1425575071214938,748800.000000,5
1425575088877907,556800.000000,0
1425575088879417,556800.000000,1
1425575088880407,556800.000000,2
1425575088881501,556800.000000,3
1425575088882438,556800.000000,4
1425575088883376,556800.000000,5
1425575103510094,1363200.000000,0
1425575103511292,1363200.000000,1
1425575103512282,1363200.000000,2
1425575103513219,1363200.000000,3
1425575103514313,1363200.000000,4
1425575103515355,1363200.000000,5
1425575118852282,1555200.000000,0
1425575118852751,1555200.000000,1
1425575118853167,1555200.000000,2
1425575118853532,1555200.000000,3
1425575118854001,1555200.000000,4
1425575118854417,1555200.000000,5
1425575136862907,556800.000000,0
1425575136863532,556800.000000,1
1425575136863948,556800.000000,2
1425575136864938,556800.000000,3
1425575136866188,556800.000000,4
1425575136867594,556800.000000,5
1425575181418844,1555200.000000,0
1425575181420042,1555200.000000,1
1425575181421032,1555200.000000,2
1425575181422126,1555200.000000,3
1425575181423219,1555200.000000,4
1425575181424157,1555200.000000,5
1425575182767751,748800.000000,0
1425575182768063,748800.000000,1
1425575182768480,748800.000000,2
1425575182768792,748800.000000,3
1425575182769157,748800.000000,4
1425575182769626,748800.000000,5
1425575200927855,1363200.000000,0
1425575200928948,1363200.000000,1
1425575200929626,1363200.000000,2
1425575200930407,1363200.000000,3
1425575200931188,1363200.000000,4
1425575200931969,1363200.000000,5
1425575216865251,1555200.000000,0
1425575216866136,1555200.000000,1
1425575216866501,1555200.000000,2
1425575216866969,1555200.000000,3
1425575216867386,1555200.000000,4
1425575216867751,1555200.000000,5
1425575234330823,1996800.000000,0
1425575234331188,1996800.000000,1
1425575234331500,1996800.000000,2
1425575234331917,1996800.000000,3
1425575234332282,1996800.000000,4
1425575234332594,1996800.000000,5
1425575236781344,2227200.000000,0
1425575236781761,2227200.000000,1
1425575236781969,2227200.000000,2
1425575236782282,2227200.000000,3
1425575236782594,2227200.000000,4
1425575236782855,2227200.000000,5
1425575236789625,1996800.000000,0
1425575236790094,1996800.000000,1
1425575236790407,1996800.000000,2
1425575236790875,1996800.000000,3
1425575236791188,1996800.000000,4
1425575236791500,1996800.000000,5
1425575237354730,1555200.000000,0
1425575237354938,1555200.000000,1
1425575237355250,1555200.000000,2
1425575237355563,1555200.000000,3
1425575237355823,1555200.000000,4
1425575237356136,1555200.000000,5
1425575238363375,1996800.000000,0
1425575238363844,1996800.000000,1
1425575238364261,1996800.000000,2
1425575238364625,1996800.000000,3
1425575238364938,1996800.000000,4
1425575238365250,1996800.000000,5
1425575239100094,1555200.000000,0
1425575239100511,1555200.000000,1
1425575239100875,1555200.000000,2
1425575239101292,1555200.000000,3
1425575239101657,1555200.000000,4
1425575239101969,1555200.000000,5
1425575239152594,1996800.000000,0
1425575239152907,1996800.000000,1
1425575239153323,1996800.000000,2
1425575239153688,1996800.000000,3
1425575239154000,1996800.000000,4
1425575239154313,1996800.000000,5
1425575239333688,1555200.000000,0
1425575239334000,1555200.000000,1
1425575239334313,1555200.000000,2
1425575239334625,1555200.000000,3
1425575239334938,1555200.000000,4
1425575239335198,1555200.000000,5
1425575242519000,1996800.000000,0
1425575242519417,1996800.000000,1
1425575242519782,1996800.000000,2
1425575242520094,1996800.000000,3
1425575242520511,1996800.000000,4
1425575242520875,1996800.000000,5
1425575242554313,1555200.000000,0
1425575242554782,1555200.000000,1
1425575242555094,1555200.000000,2
1425575242555407,1555200.000000,3
1425575242555823,1555200.000000,4
1425575242556188,1555200.000000,5
1425575242847594,1996800.000000,0
1425575242848011,1996800.000000,1
1425575242848323,1996800.000000,2
1425575242848688,1996800.000000,3
1425575242849000,1996800.000000,4
1425575242849417,1996800.000000,5
1425575248946761,1363200.000000,0
1425575248947073,1363200.000000,1
1425575248947386,1363200.000000,2
1425575248947698,1363200.000000,3
1425575248947907,1363200.000000,4
1425575248948219,1363200.000000,5
1425575267494886,556800.000000,0
1425575267495355,556800.000000,1
1425575267495719,556800.000000,2
1425575267496292,556800.000000,3
1425575267497230,556800.000000,4
1425575267498219,556800.000000,5
1425575281086136,1555200.000000,0
1425575281087282,1555200.000000,1
1425575281088323,1555200.000000,2
1425575281089313,1555200.000000,3
1425575281090407,1555200.000000,4
1425575281091344,1555200.000000,5
1425575296849417,1785600.000000,0
1425575296849782,1785600.000000,1
1425575296850198,1785600.000000,2
1425575296850511,1785600.000000,3
1425575296850875,1785600.000000,4
1425575296851188,1785600.000000,5
1425575312932594,1152000.000000,0
1425575312933011,1152000.000000,1
1425575312933323,1152000.000000,2
1425575312933688,1152000.000000,3
1425575312934000,1152000.000000,4
1425575312934469,1152000.000000,5
1425575332053688,556800.000000,0
1425575332054313,556800.000000,1
1425575332054938,556800.000000,2
1425575332055875,556800.000000,3
1425575332056917,556800.000000,4
1425575332057907,556800.000000,5
1425575340329938,748800.000000,0
1425575340331344,748800.000000,1
1425575340332698,748800.000000,2
1425575340334105,748800.000000,3
1425575340335250,748800.000000,4
1425575340336657,748800.000000,5
1425575342793532,556800.000000,0
1425575342794625,556800.000000,1
1425575342795823,556800.000000,2
1425575342796813,556800.000000,3
1425575342797907,556800.000000,4
1425575342798844,556800.000000,5
1425575376882594,1363200.000000,0
1425575376883844,1363200.000000,1
1425575376884886,1363200.000000,2
1425575376885875,1363200.000000,3
1425575376886917,1363200.000000,4
1425575376887907,1363200.000000,5
1425575389777698,1785600.000000,0
1425575389778219,1785600.000000,1
1425575389778532,1785600.000000,2
1425575389780407,1785600.000000,3
1425575389781032,1785600.000000,4
1425575389781448,1785600.000000,5
1425575390775250,1555200.000000,0
1425575390775667,1555200.000000,1
1425575390775980,1555200.000000,2
1425575390776292,1555200.000000,3
1425575390776657,1555200.000000,4
1425575390776969,1555200.000000,5
1425575437920719,556800.000000,0
1425575437921136,556800.000000,1
1425575437921500,556800.000000,2
1425575437922125,556800.000000,3
1425575437923063,556800.000000,4
1425575437924105,556800.000000,5
1425575457074625,1152000.000000,0
1425575457076136,1152000.000000,1
1425575457077386,1152000.000000,2
1425575457078532,1152000.000000,3
1425575457079886,1152000.000000,4
1425575457081188,1152000.000000,5
1425575457213063,556800.000000,0
1425575457213688,556800.000000,1
1425575457214313,556800.000000,2
1425575457215250,556800.000000,3
1425575457216188,556800.000000,4
1425575457217230,556800.000000,5
1425575481087230,1555200.000000,0
1425575481088375,1555200.000000,1
1425575481089313,1555200.000000,2
1425575481090355,1555200.000000,3
1425575481091344,1555200.000000,4
1425575481092386,1555200.000000,5
1425575486808688,748800.000000,0
1425575486809157,748800.000000,1
1425575486809469,748800.000000,2
1425575486809938,748800.000000,3
1425575486810667,748800.000000,4
1425575486811344,748800.000000,5
1425575502881344,1363200.000000,0
1425575502882386,1363200.000000,1
1425575502883167,1363200.000000,2
1425575502883948,1363200.000000,3
1425575502884625,1363200.000000,4
1425575502885407,1363200.000000,5
1425575520860250,1152000.000000,0
1425575520860875,1152000.000000,1
1425575520861448,1152000.000000,2
1425575520862073,1152000.000000,3
1425575520862698,1152000.000000,4
1425575520863323,1152000.000000,5
1425575538468532,556800.000000,0
1425575538469886,556800.000000,1
1425575538471032,556800.000000,2
1425575538472282,556800.000000,3
1425575538473688,556800.000000,4
1425575538474886,556800.000000,5
1425575581493375,1152000.000000,0
1425575581494573,1152000.000000,1
1425575581495667,1152000.000000,2
1425575581496657,1152000.000000,3
1425575581497750,1152000.000000,4
1425575581498792,1152000.000000,5
1425575584933688,556800.000000,0
1425575584934313,556800.000000,1
1425575584934782,556800.000000,2
1425575584935250,556800.000000,3
1425575584935875,556800.000000,4
1425575584936813,556800.000000,5
1425575600952750,1363200.000000,0
1425575600953792,1363200.000000,1
1425575600954782,1363200.000000,2
1425575600955875,1363200.000000,3
1425575600956917,1363200.000000,4
1425575600957855,1363200.000000,5
1425575615837438,1785600.000000,0
1425575615837907,1785600.000000,1
1425575615838323,1785600.000000,2
1425575615838792,1785600.000000,3
1425575615839157,1785600.000000,4
1425575615839573,1785600.000000,5
1425575638920719,556800.000000,0
1425575638921032,556800.000000,1
1425575638921657,556800.000000,2
1425575638922698,556800.000000,3
1425575638923688,556800.000000,4
1425575638924625,556800.000000,5
1425575642918219,748800.000000,0
1425575642919730,748800.000000,1
1425575642920980,748800.000000,2
1425575642922230,748800.000000,3
1425575642923532,748800.000000,4
1425575642924938,748800.000000,5
1425575646764157,556800.000000,0
1425575646765198,556800.000000,1
1425575646766657,556800.000000,2
1425575646767907,556800.000000,3
1425575646769157,556800.000000,4
1425575646770511,556800.000000,5
1425575680015667,1363200.000000,0
1425575680017125,1363200.000000,1
1425575680018532,1363200.000000,2
1425575680019782,1363200.000000,3
1425575680021032,1363200.000000,4
1425575680022282,1363200.000000,5
1425575695070875,1555200.000000,0
1425575695071344,1555200.000000,1
1425575695071813,1555200.000000,2
1425575695072229,1555200.000000,3
1425575695072594,1555200.000000,4
1425575695073063,1555200.000000,5
1425575710788375,1152000.000000,0
1425575710788844,1152000.000000,1
1425575710789157,1152000.000000,2
1425575710789625,1152000.000000,3
1425575710789938,1152000.000000,4
1425575710790354,1152000.000000,5
1425575740468167,556800.000000,0
1425575740469625,556800.000000,1
1425575740470875,556800.000000,2
1425575740472125,556800.000000,3
1425575740473375,556800.000000,4
1425575740474729,556800.000000,5
1425575759575042,1152000.000000,0
1425575759576032,1152000.000000,1
1425575759577282,1152000.000000,2
1425575759578323,1152000.000000,3
1425575759579313,1152000.000000,4
1425575759580407,1152000.000000,5
1425575760847438,556800.000000,0
1425575760847907,556800.000000,1
1425575760848479,556800.000000,2
1425575760848948,556800.000000,3
1425575760849625,556800.000000,4
1425575760850563,556800.000000,5
1425575781448323,1152000.000000,0
1425575781449469,1152000.000000,1
1425575781450407,1152000.000000,2
1425575781451344,1152000.000000,3
1425575781452386,1152000.000000,4
1425575781453375,1152000.000000,5
1425575808295875,1555200.000000,0
1425575808296500,1555200.000000,1
1425575808296969,1555200.000000,2
1425575808297438,1555200.000000,3
1425575808297907,1555200.000000,4
1425575808298375,1555200.000000,5
1425575826887282,2227200.000000,0
1425575826887750,2227200.000000,1
1425575826888219,2227200.000000,2
1425575826888532,2227200.000000,3
1425575826888948,2227200.000000,4
1425575826889313,2227200.000000,5
1425575826954469,1555200.000000,0
1425575826954782,1555200.000000,1
1425575826955094,1555200.000000,2
1425575826955354,1555200.000000,3
1425575826955563,1555200.000000,4
1425575826955875,1555200.000000,5
1425575827180875,1996800.000000,0
1425575827181188,1996800.000000,1
1425575827181604,1996800.000000,2
1425575827181969,1996800.000000,3
1425575827182386,1996800.000000,4
1425575827182750,1996800.000000,5
1425575840924938,960000.000000,0
1425575840925719,960000.000000,1
1425575840926500,960000.000000,2
1425575840927229,960000.000000,3
1425575840928011,960000.000000,4
1425575840928688,960000.000000,5
1425575856872750,556800.000000,0
1425575856873532,556800.000000,1
1425575856874729,556800.000000,2
1425575856875979,556800.000000,3
1425575856877229,556800.000000,4
1425575856878479,556800.000000,5
1425575877873688,748800.000000,0
1425575877874782,748800.000000,1
1425575877875875,748800.000000,2
1425575877876917,748800.000000,3
1425575877878063,748800.000000,4
1425575877879104,748800.000000,5
1425575888928479,556800.000000,0
1425575888929781,556800.000000,1
1425575888930823,556800.000000,2
1425575888931761,556800.000000,3
1425575888932750,556800.000000,4
1425575888933792,556800.000000,5
1425575899651604,748800.000000,0
1425575899653011,748800.000000,1
1425575899654313,748800.000000,2
1425575899655667,748800.000000,3
1425575899656813,748800.000000,4
1425575899658167,748800.000000,5
1425575904925094,1363200.000000,0
1425575904926031,1363200.000000,1
1425575904929156,1363200.000000,2
1425575904930094,1363200.000000,3
1425575904931136,1363200.000000,4
1425575904931969,1363200.000000,5
1425575917574938,1555200.000000,0
1425575917575406,1555200.000000,1
1425575917575719,1555200.000000,2
1425575917576188,1555200.000000,3
1425575917576500,1555200.000000,4
1425575917576969,1555200.000000,5
1425575938326656,556800.000000,0
1425575938327229,556800.000000,1
1425575938328219,556800.000000,2
1425575938329417,556800.000000,3
1425575938330667,556800.000000,4
1425575938331969,556800.000000,5
1425575966835042,1363200.000000,0
1425575966836448,1363200.000000,1
1425575966837698,1363200.000000,2
1425575966839000,1363200.000000,3
1425575966840250,1363200.000000,4
1425575966841604,1363200.000000,5
1425575980358219,1555200.000000,0
1425575980358844,1555200.000000,1
1425575980359313,1555200.000000,2
1425575980359886,1555200.000000,3
1425575980360406,1555200.000000,4
1425575980360875,1555200.000000,5
1425576000199886,1996800.000000,0
1425576000200354,1996800.000000,1
1425576000200823,1996800.000000,2
1425576000201292,1996800.000000,3
1425576000201656,1996800.000000,4
1425576000202125,1996800.000000,5
1425576016949261,748800.000000,0
1425576016949625,748800.000000,1
1425576016949886,748800.000000,2
1425576016950198,748800.000000,3
1425576016950406,748800.000000,4
1425576016950719,748800.000000,5
1425576047519469,556800.000000,0
1425576047520667,556800.000000,1
1425576047521656,556800.000000,2
1425576047522594,556800.000000,3
1425576047523636,556800.000000,4
1425576047524625,556800.000000,5
1425576054088167,748800.000000,0
1425576054089313,748800.000000,1
1425576054090406,748800.000000,2
1425576054091344,748800.000000,3
1425576054092281,748800.000000,4
1425576054093219,748800.000000,5
1425576054712281,556800.000000,0
1425576054713167,556800.000000,1
1425576054713844,556800.000000,2
1425576054714938,556800.000000,3
1425576054716031,556800.000000,4
1425576054716969,556800.000000,5
1425576094792750,748800.000000,0
1425576094794261,748800.000000,1
1425576094795406,748800.000000,2
1425576094796656,748800.000000,3
1425576094798011,748800.000000,4
1425576094799156,748800.000000,5
1425576111366292,1363200.000000,0
1425576111367229,1363200.000000,1
1425576111368011,1363200.000000,2
1425576111368688,1363200.000000,3
1425576111369417,1363200.000000,4
1425576111370198,1363200.000000,5
1425576128865094,1555200.000000,0
1425576128865563,1555200.000000,1
1425576128865979,1555200.000000,2
1425576128866344,1555200.000000,3
1425576128866813,1555200.000000,4
1425576128867125,1555200.000000,5
1425576133920406,1785600.000000,0
1425576133920979,1785600.000000,1
1425576133921344,1785600.000000,2
1425576133921813,1785600.000000,3
1425576133922281,1785600.000000,4
1425576133922750,1785600.000000,5
1425576133990979,1555200.000000,0
1425576133991344,1555200.000000,1
1425576133991813,1555200.000000,2
1425576133992229,1555200.000000,3
1425576133992594,1555200.000000,4
1425576133993011,1555200.000000,5
1425576134126500,1996800.000000,0
1425576134126969,1996800.000000,1
1425576134127386,1996800.000000,2
1425576134127750,1996800.000000,3
1425576134128063,1996800.000000,4
1425576134128479,1996800.000000,5
1425576134167906,1555200.000000,0
1425576134168479,1555200.000000,1
1425576134168844,1555200.000000,2
1425576134169313,1555200.000000,3
1425576134169781,1555200.000000,4
1425576134170250,1555200.000000,5
1425576134256813,1363200.000000,0
1425576134257229,1363200.000000,1
1425576134257542,1363200.000000,2
1425576134257906,1363200.000000,3
1425576134258219,1363200.000000,4
1425576134258688,1363200.000000,5
1425576142746292,1152000.000000,0
1425576142746813,1152000.000000,1
1425576142747125,1152000.000000,2
1425576142747594,1152000.000000,3
1425576142748011,1152000.000000,4
1425576142748375,1152000.000000,5
1425576159017698,748800.000000,0
1425576159018219,748800.000000,1
1425576159019000,748800.000000,2
1425576159019781,748800.000000,3
1425576159020511,748800.000000,4
1425576159021188,748800.000000,5
1425576175134625,556800.000000,0
1425576175135719,556800.000000,1
1425576175136761,556800.000000,2
1425576175137854,556800.000000,3
1425576175138844,556800.000000,4
1425576175139886,556800.000000,5
1425576181572125,960000.000000,0
1425576181573219,960000.000000,1
1425576181574417,960000.000000,2
1425576181575354,960000.000000,3
1425576181576344,960000.000000,4
1425576181577386,960000.000000,5
1425576190764000,1363200.000000,0
1425576190764729,1363200.000000,1
1425576190765250,1363200.000000,2
1425576190765875,1363200.000000,3
1425576190766500,1363200.000000,4
1425576190767125,1363200.000000,5
1425576206851292,1785600.000000,0
1425576206851969,1785600.000000,1
1425576206852542,1785600.000000,2
1425576206853063,1785600.000000,3
1425576206853531,1785600.000000,4
1425576206854104,1785600.000000,5
1425576223238479,748800.000000,0
1425576223238844,748800.000000,1
1425576223239313,748800.000000,2
1425576223239625,748800.000000,3
1425576223240094,748800.000000,4
1425576223240511,748800.000000,5
1425576238764781,556800.000000,0
1425576238765719,556800.000000,1
1425576238768636,556800.000000,2
1425576238769781,556800.000000,3
1425576238771031,556800.000000,4
1425576238772438,556800.000000,5
1425576251785042,960000.000000,0
1425576251786344,960000.000000,1
1425576251787542,960000.000000,2
1425576251788792,960000.000000,3
1425576251790042,960000.000000,4
1425576251791188,960000.000000,5
1425576254782438,748800.000000,0
1425576254783063,748800.000000,1
1425576254783688,748800.000000,2
1425576254784417,748800.000000,3
1425576254785198,748800.000000,4
1425576254785875,748800.000000,5
1425576288855094,1363200.000000,0
1425576288856031,1363200.000000,1
1425576288856656,1363200.000000,2
1425576288857438,1363200.000000,3
1425576288858219,1363200.000000,4
1425576288858948,1363200.000000,5
1425576303164417,1785600.000000,0
1425576303164781,1785600.000000,1
1425576303165250,1785600.000000,2
1425576303165719,1785600.000000,3
1425576303166136,1785600.000000,4
1425576303166500,1785600.000000,5
1425576319477281,748800.000000,0
1425576319477594,748800.000000,1
1425576319477906,748800.000000,2
1425576319478219,748800.000000,3
1425576319478688,748800.000000,4
1425576319479313,748800.000000,5
1425576349499938,556800.000000,0
1425576349501188,556800.000000,1
1425576349502281,556800.000000,2
1425576349503375,556800.000000,3
1425576349504417,556800.000000,4
1425576349505406,556800.000000,5
1425576384929000,748800.000000,0
1425576384931031,748800.000000,1
1425576384932281,748800.000000,2
1425576384933688,748800.000000,3
1425576384934938,748800.000000,4
1425576384936188,748800.000000,5
1425576400926135,1363200.000000,0
1425576400927125,1363200.000000,1
1425576400928063,1363200.000000,2
1425576400929000,1363200.000000,3
1425576400929938,1363200.000000,4
1425576400930875,1363200.000000,5
1425576414171500,1555200.000000,0
1425576414173219,1555200.000000,1
1425576414173844,1555200.000000,2
1425576414174313,1555200.000000,3
1425576414174938,1555200.000000,4
1425576414175510,1555200.000000,5
1425576416869625,1785600.000000,0
1425576416870094,1785600.000000,1
1425576416870563,1785600.000000,2
1425576416870875,1785600.000000,3
1425576416871292,1785600.000000,4
1425576416871656,1785600.000000,5
1425576423518531,1555200.000000,0
1425576423518844,1555200.000000,1
1425576423519156,1555200.000000,2
1425576423519469,1555200.000000,3
1425576423519885,1555200.000000,4
1425576423520094,1555200.000000,5
1425576423701344,1785600.000000,0
1425576423701813,1785600.000000,1
1425576423702229,1785600.000000,2
1425576423702594,1785600.000000,3
1425576423702906,1785600.000000,4
1425576423703219,1785600.000000,5
1425576423746500,1555200.000000,0
1425576423747073,1555200.000000,1
1425576423747594,1555200.000000,2
1425576423748063,1555200.000000,3
1425576423748479,1555200.000000,4
1425576423748948,1555200.000000,5
1425576423797125,1785600.000000,0
1425576423797698,1785600.000000,1
1425576423798063,1785600.000000,2
1425576423798531,1785600.000000,3
1425576423799000,1785600.000000,4
1425576423799469,1785600.000000,5
1425576432913063,1363200.000000,0
1425576432913479,1363200.000000,1
1425576432913792,1363200.000000,2
1425576432914000,1363200.000000,3
1425576432914313,1363200.000000,4
1425576432914625,1363200.000000,5
1425576452966813,556800.000000,0
1425576452967281,556800.000000,1
1425576452967750,556800.000000,2
1425576452968479,556800.000000,3
1425576452969625,556800.000000,4
1425576452970563,556800.000000,5
1425576481291188,1555200.000000,0
1425576481292594,1555200.000000,1
1425576481293792,1555200.000000,2
1425576481295250,1555200.000000,3
1425576481296656,1555200.000000,4
1425576481297906,1555200.000000,5
1425576496849469,1785600.000000,0
1425576496850042,1785600.000000,1
1425576496850406,1785600.000000,2
1425576496851969,1785600.000000,3
1425576496852438,1785600.000000,4
1425576496852906,1785600.000000,5
1425576504499625,1555200.000000,0
1425576504500094,1555200.000000,1
1425576504500510,1555200.000000,2
1425576504500875,1555200.000000,3
1425576504501344,1555200.000000,4
1425576504501760,1555200.000000,5
1425576504566188,1785600.000000,0
1425576504566656,1785600.000000,1
1425576504566969,1785600.000000,2
1425576504567281,1785600.000000,3
1425576504567698,1785600.000000,4
1425576504568063,1785600.000000,5
1425576504588688,1555200.000000,0
1425576504589104,1555200.000000,1
1425576504589469,1555200.000000,2
1425576504589885,1555200.000000,3
1425576504590250,1555200.000000,4
1425576504590563,1555200.000000,5
1425576504600823,1785600.000000,0
1425576504601188,1785600.000000,1
1425576504601656,1785600.000000,2
1425576504602073,1785600.000000,3
1425576504602438,1785600.000000,4
1425576504602906,1785600.000000,5
1425576504692125,1555200.000000,0
1425576504692542,1555200.000000,1
1425576504692906,1555200.000000,2
1425576504693375,1555200.000000,3
1425576504693688,1555200.000000,4
1425576504694156,1555200.000000,5
1425576504837385,1785600.000000,0
1425576504837854,1785600.000000,1
1425576504838323,1785600.000000,2
1425576504838688,1785600.000000,3
1425576504839156,1785600.000000,4
1425576504839625,1785600.000000,5
1425576504857385,1555200.000000,0
1425576504857854,1555200.000000,1
1425576504858219,1555200.000000,2
1425576504858688,1555200.000000,3
1425576504859156,1555200.000000,4
1425576504859625,1555200.000000,5
1425576504941292,1785600.000000,0
1425576504941656,1785600.000000,1
1425576504941969,1785600.000000,2
1425576504942438,1785600.000000,3
1425576504942750,1785600.000000,4
1425576504943219,1785600.000000,5
1425576504993844,1555200.000000,0
1425576504994313,1555200.000000,1
1425576504994625,1555200.000000,2
1425576504994938,1555200.000000,3
1425576504995250,1555200.000000,4
1425576504995563,1555200.000000,5
1425576506160719,1785600.000000,0
1425576506161188,1785600.000000,1
1425576506161500,1785600.000000,2
1425576506161917,1785600.000000,3
1425576506162229,1785600.000000,4
1425576506162594,1785600.000000,5
1425576509647438,1555200.000000,0
1425576509647750,1555200.000000,1
1425576509648063,1555200.000000,2
1425576509648479,1555200.000000,3
1425576509648792,1555200.000000,4
1425576509649156,1555200.000000,5
1425576510840875,1363200.000000,0
1425576510841188,1363200.000000,1
1425576510841604,1363200.000000,2
1425576510841969,1363200.000000,3
1425576510842281,1363200.000000,4
1425576510842698,1363200.000000,5
1425576530178479,556800.000000,0
1425576530179156,556800.000000,1
1425576530180250,556800.000000,2
1425576530181604,556800.000000,3
1425576530182854,556800.000000,4
1425576530184156,556800.000000,5
1425576581184781,1152000.000000,0
1425576581186187,1152000.000000,1
1425576581187542,1152000.000000,2
1425576581188687,1152000.000000,3
1425576581190094,1152000.000000,4
1425576581191292,1152000.000000,5
1425576592918479,1363200.000000,0
1425576592919312,1363200.000000,1
1425576592919781,1363200.000000,2
1425576592920250,1363200.000000,3
1425576592920719,1363200.000000,4
1425576592921187,1363200.000000,5
1425576603626969,1555200.000000,0
1425576603627437,1555200.000000,1
1425576603627854,1555200.000000,2
1425576603628219,1555200.000000,3
1425576603628687,1555200.000000,4
1425576603629104,1555200.000000,5
1425576605871969,1363200.000000,0
1425576605872385,1363200.000000,1
1425576605872698,1363200.000000,2
1425576605873062,1363200.000000,3
1425576605873375,1363200.000000,4
1425576605873687,1363200.000000,5
1425576606757073,1785600.000000,0
1425576606757594,1785600.000000,1
1425576606758167,1785600.000000,2
1425576606758687,1785600.000000,3
1425576606759260,1785600.000000,4
1425576606759781,1785600.000000,5
1425576619017594,1555200.000000,0
1425576619018062,1555200.000000,1
1425576619018375,1555200.000000,2
1425576619018792,1555200.000000,3
1425576619019156,1555200.000000,4
1425576619019573,1555200.000000,5
1425576619119781,1785600.000000,0
1425576619120250,1785600.000000,1
1425576619120562,1785600.000000,2
1425576619120875,1785600.000000,3
1425576619121292,1785600.000000,4
1425576619121656,1785600.000000,5
1425576624222594,960000.000000,0
1425576624223062,960000.000000,1
1425576624223479,960000.000000,2
1425576624225250,960000.000000,3
1425576624226031,960000.000000,4
1425576624226812,960000.000000,5
1425576644508219,556800.000000,0
1425576644509104,556800.000000,1
1425576644510094,556800.000000,2
1425576644511031,556800.000000,3
1425576644512125,556800.000000,4
1425576644513167,556800.000000,5
1425576674039885,1363200.000000,0
1425576674040875,1363200.000000,1
1425576674041969,1363200.000000,2
1425576674043219,1363200.000000,3
1425576674044156,1363200.000000,4
1425576674045198,1363200.000000,5
1425576674180979,556800.000000,0
1425576674181656,556800.000000,1
1425576674182698,556800.000000,2
1425576674184000,556800.000000,3
1425576674185250,556800.000000,4
1425576674186604,556800.000000,5
1425576681474000,1785600.000000,0
1425576681475250,1785600.000000,1
1425576681476187,1785600.000000,2
1425576681477281,1785600.000000,3
1425576681478323,1785600.000000,4
1425576681479260,1785600.000000,5
1425576688912437,960000.000000,0
1425576688912906,960000.000000,1
1425576688913219,960000.000000,2
1425576688913531,960000.000000,3
1425576688913844,960000.000000,4
1425576688914156,960000.000000,5
1425576704876448,1363200.000000,0
1425576704877125,1363200.000000,1
1425576704877750,1363200.000000,2
1425576704878323,1363200.000000,3
1425576704878844,1363200.000000,4
1425576704879469,1363200.000000,5
1425576736884000,1555200.000000,0
1425576736884573,1555200.000000,1
1425576736885042,1555200.000000,2
1425576736885406,1555200.000000,3
1425576736885875,1555200.000000,4
1425576736886344,1555200.000000,5
1425576744864937,1785600.000000,0
1425576744865406,1785600.000000,1
1425576744865875,1785600.000000,2
1425576744866344,1785600.000000,3
1425576744866812,1785600.000000,4
1425576744867281,1785600.000000,5
1425576746425667,1996800.000000,0
1425576746425979,1996800.000000,1
1425576746426344,1996800.000000,2
1425576746426656,1996800.000000,3
1425576746426969,1996800.000000,4
1425576746427385,1996800.000000,5
1425576746494573,1555200.000000,0
1425576746494937,1555200.000000,1
1425576746495198,1555200.000000,2
1425576746495510,1555200.000000,3
1425576746495719,1555200.000000,4
1425576746496031,1555200.000000,5
1425576746607281,1785600.000000,0
1425576746607750,1785600.000000,1
1425576746608167,1785600.000000,2
1425576746608531,1785600.000000,3
1425576746608948,1785600.000000,4
1425576746609312,1785600.000000,5
1425576759036500,1555200.000000,0
1425576759036917,1555200.000000,1
1425576759037281,1555200.000000,2
1425576759037594,1555200.000000,3
1425576759037906,1555200.000000,4
1425576759038219,1555200.000000,5
1425576760931344,1785600.000000,0
1425576760931812,1785600.000000,1
1425576760932281,1785600.000000,2
1425576760932750,1785600.000000,3
1425576760933219,1785600.000000,4
1425576760933687,1785600.000000,5
1425576763565406,1555200.000000,0
1425576763565719,1555200.000000,1
1425576763566031,1555200.000000,2
1425576763566448,1555200.000000,3
1425576763566760,1555200.000000,4
1425576763567073,1555200.000000,5
1425576763729156,1785600.000000,0
1425576763729625,1785600.000000,1
1425576763729937,1785600.000000,2
1425576763730406,1785600.000000,3
1425576763730875,1785600.000000,4
1425576763731187,1785600.000000,5
1425576764007542,1555200.000000,0
1425576764007906,1555200.000000,1
1425576764008219,1555200.000000,2
1425576764008531,1555200.000000,3
1425576764008844,1555200.000000,4
1425576764009260,1555200.000000,5
1425576764326344,1785600.000000,0
1425576764326656,1785600.000000,1
1425576764327073,1785600.000000,2
1425576764327437,1785600.000000,3
1425576764327750,1785600.000000,4
1425576764328062,1785600.000000,5
1425576764634625,1555200.000000,0
1425576764635042,1555200.000000,1
1425576764636656,1555200.000000,2
1425576764636969,1555200.000000,3
1425576764637281,1555200.000000,4
1425576764637594,1555200.000000,5
1425576764694729,1785600.000000,0
1425576764695094,1785600.000000,1
1425576764695510,1785600.000000,2
1425576764695823,1785600.000000,3
1425576764696187,1785600.000000,4
1425576764696500,1785600.000000,5
1425576764915875,1555200.000000,0
1425576764916187,1555200.000000,1
1425576764916500,1555200.000000,2
1425576764916812,1555200.000000,3
1425576764917229,1555200.000000,4
1425576764917542,1555200.000000,5
1425576773042906,2227200.000000,0
1425576773043375,2227200.000000,1
1425576773043687,2227200.000000,2
1425576773044104,2227200.000000,3
1425576773044469,2227200.000000,4
1425576773044781,2227200.000000,5
1425576773057542,1555200.000000,0
1425576773058010,1555200.000000,1
1425576773058375,1555200.000000,2
1425576773058687,1555200.000000,3
1425576773059104,1555200.000000,4
1425576773059469,1555200.000000,5
1425576778780979,2227200.000000,0
1425576778781448,2227200.000000,1
1425576778781812,2227200.000000,2
1425576778782281,2227200.000000,3
1425576778782750,2227200.000000,4
1425576778783219,2227200.000000,5
1425576784871448,1555200.000000,0
1425576784871760,1555200.000000,1
1425576784872073,1555200.000000,2
1425576784872281,1555200.000000,3
1425576784872542,1555200.000000,4
1425576784872750,1555200.000000,5
1425576800410875,2227200.000000,0
1425576800411344,2227200.000000,1
1425576800411812,2227200.000000,2
1425576800412281,2227200.000000,3
1425576800412854,2227200.000000,4
1425576800413323,2227200.000000,5
1425576803647437,1555200.000000,0
1425576803647698,1555200.000000,1
1425576803647906,1555200.000000,2
1425576803648219,1555200.000000,3
1425576803648375,1555200.000000,4
1425576803648687,1555200.000000,5
1425576807520250,2227200.000000,0
1425576807520719,2227200.000000,1
1425576807521031,2227200.000000,2
1425576807521500,2227200.000000,3
1425576807521812,2227200.000000,4
1425576807522229,2227200.000000,5
1425576807992542,1555200.000000,0
1425576807992854,1555200.000000,1
1425576807993167,1555200.000000,2
1425576807993479,1555200.000000,3
1425576807993792,1555200.000000,4
1425576807994104,1555200.000000,5
1425576809081031,2227200.000000,0
1425576809081500,2227200.000000,1
1425576809081917,2227200.000000,2
1425576809082281,2227200.000000,3
1425576809082594,2227200.000000,4
1425576809083010,2227200.000000,5
1425576816881656,748800.000000,0
1425576816881969,748800.000000,1
1425576816882229,748800.000000,2
1425576816882437,748800.000000,3
1425576816882698,748800.000000,4
1425576816882906,748800.000000,5
1425576831614156,556800.000000,0
1425576831615667,556800.000000,1
1425576831616969,556800.000000,2
1425576831618323,556800.000000,3
1425576831619729,556800.000000,4
1425576831620979,556800.000000,5
1425576881209729,748800.000000,0
1425576881210875,748800.000000,1
1425576881211812,748800.000000,2
1425576881212906,748800.000000,3
1425576881213948,748800.000000,4
1425576881214937,748800.000000,5
1425576896944469,1363200.000000,0
1425576896945719,1363200.000000,1
1425576896946500,1363200.000000,2
1425576896947281,1363200.000000,3
1425576896948219,1363200.000000,4
1425576896948948,1363200.000000,5
1425576911943375,1555200.000000,0
1425576911943844,1555200.000000,1
1425576911945198,1555200.000000,2
1425576911945667,1555200.000000,3
1425576911946031,1555200.000000,4
1425576911946500,1555200.000000,5
1425576911971812,1785600.000000,0
1425576911972229,1785600.000000,1
1425576911972594,1785600.000000,2
1425576911972906,1785600.000000,3
1425576911973323,1785600.000000,4
1425576911973687,1785600.000000,5
1425576925071031,1555200.000000,0
1425576925071448,1555200.000000,1
1425576925071760,1555200.000000,2
1425576925072073,1555200.000000,3
1425576925072385,1555200.000000,4
1425576925072698,1555200.000000,5
1425576925185875,1996800.000000,0
1425576925186292,1996800.000000,1
1425576925186604,1996800.000000,2
1425576925186969,1996800.000000,3
1425576925187281,1996800.000000,4
1425576925187698,1996800.000000,5
1425576926845354,1555200.000000,0
1425576926845719,1555200.000000,1
1425576926845979,1555200.000000,2
1425576926846292,1555200.000000,3
1425576926846604,1555200.000000,4
1425576926846812,1555200.000000,5
1425576928595406,1996800.000000,0
1425576928595875,1996800.000000,1
1425576928596448,1996800.000000,2
1425576928596812,1996800.000000,3
1425576928597281,1996800.000000,4
1425576928597750,1996800.000000,5
1425576944947906,748800.000000,0
1425576944948323,748800.000000,1
1425576944948687,748800.000000,2
1425576944949000,748800.000000,3
1425576944949417,748800.000000,4
1425576944949937,748800.000000,5
1425576964607229,556800.000000,0
1425576964608635,556800.000000,1
1425576964609781,556800.000000,2
1425576964611031,556800.000000,3
1425576964612281,556800.000000,4
1425576964613531,556800.000000,5
1425576994523375,2227200.000000,0
1425576994524573,2227200.000000,1
1425576994525510,2227200.000000,2
1425576994526656,2227200.000000,3
1425576994527750,2227200.000000,4
1425576994528687,2227200.000000,5
1425577007293062,2400000.000000,0
1425577007293375,2400000.000000,1
1425577007293635,2400000.000000,2
1425577007293948,2400000.000000,3
1425577007294156,2400000.000000,4
1425577007294416,2400000.000000,5
1425577027303687,556800.000000,0
1425577027304000,556800.000000,1
1425577027304260,556800.000000,2
1425577027304469,556800.000000,3
1425577027304729,556800.000000,4
1425577027304937,556800.000000,5
1425577031438635,748800.000000,0
1425577031439885,748800.000000,1
1425577031440979,748800.000000,2
1425577031441916,748800.000000,3
1425577031442906,748800.000000,4
1425577031443844,748800.000000,5
1425577040871812,556800.000000,0
1425577040873062,556800.000000,1
1425577040874156,556800.000000,2
1425577040875094,556800.000000,3
1425577040876187,556800.000000,4
1425577040877125,556800.000000,5
1425577042216656,748800.000000,0
1425577042217906,748800.000000,1
1425577042218948,748800.000000,2
1425577042219937,748800.000000,3
1425577042220979,748800.000000,4
1425577042221969,748800.000000,5
1425577043431500,556800.000000,0
1425577043434937,556800.000000,1
1425577043436031,556800.000000,2
1425577043436969,556800.000000,3
1425577043438010,556800.000000,4
1425577043439104,556800.000000,5
1425577056880666,1363200.000000,0
1425577056881760,1363200.000000,1
1425577056882750,1363200.000000,2
1425577056883844,1363200.000000,3
1425577056884781,1363200.000000,4
1425577056885875,1363200.000000,5
1425577072838375,1152000.000000,0
1425577072839000,1152000.000000,1
1425577072839469,1152000.000000,2
1425577072840041,1152000.000000,3
1425577072840666,1152000.000000,4
1425577072841291,1152000.000000,5
1425577086771031,556800.000000,0
1425577086771656,556800.000000,1
1425577086772125,556800.000000,2
1425577086773219,556800.000000,3
1425577086774156,556800.000000,4
1425577086775094,556800.000000,5
1425577102895510,1363200.000000,0
1425577102896656,1363200.000000,1
1425577102897698,1363200.000000,2
1425577102898687,1363200.000000,3
1425577102899625,1363200.000000,4
1425577102900562,1363200.000000,5
1425577136118166,748800.000000,0
1425577136118635,748800.000000,1
1425577136119000,748800.000000,2
1425577136119469,748800.000000,3
1425577136119885,748800.000000,4
1425577136120354,748800.000000,5
1425577136357437,1152000.000000,0
1425577136358635,1152000.000000,1
1425577136359573,1152000.000000,2
1425577136360510,1152000.000000,3
1425577136361448,1152000.000000,4
1425577136362385,1152000.000000,5
1425577136867750,748800.000000,0
1425577136868219,748800.000000,1
1425577136868791,748800.000000,2
1425577136869312,748800.000000,3
1425577136869937,748800.000000,4
1425577136870719,748800.000000,5
1425577137026135,1152000.000000,0
1425577137027073,1152000.000000,1
1425577137027854,1152000.000000,2
1425577137028687,1152000.000000,3
1425577137029416,1152000.000000,4
1425577137030094,1152000.000000,5
1425577137136291,1363200.000000,0
1425577137136812,1363200.000000,1
1425577137137281,1363200.000000,2
1425577137137854,1363200.000000,3
1425577137138375,1363200.000000,4
1425577137138844,1363200.000000,5
1425577137432854,748800.000000,0
1425577137433323,748800.000000,1
1425577137433791,748800.000000,2
1425577137434156,748800.000000,3
1425577137434625,748800.000000,4
1425577137435041,748800.000000,5
1425577150754625,556800.000000,0
1425577150755510,556800.000000,1
1425577150756604,556800.000000,2
1425577150757541,556800.000000,3
1425577150758531,556800.000000,4
1425577150759469,556800.000000,5
1425577181967385,1363200.000000,0
1425577181968531,1363200.000000,1
1425577181969625,1363200.000000,2
1425577181970719,1363200.000000,3
1425577181971812,1363200.000000,4
1425577181973010,1363200.000000,5
1425577183026656,556800.000000,0
1425577183027281,556800.000000,1
1425577183027698,556800.000000,2
1425577183028166,556800.000000,3
1425577183028531,556800.000000,4
1425577183029312,556800.000000,5
1425577200918375,1363200.000000,0
1425577200919781,1363200.000000,1
1425577200920718,1363200.000000,2
1425577200921760,1363200.000000,3
1425577200922698,1363200.000000,4
1425577200923687,1363200.000000,5
1425577214735823,1555200.000000,0
1425577214736291,1555200.000000,1
1425577214736656,1555200.000000,2
1425577214737125,1555200.000000,3
1425577214737541,1555200.000000,4
1425577214738010,1555200.000000,5
1425577214762281,1785600.000000,0
1425577214762750,1785600.000000,1
1425577214763166,1785600.000000,2
1425577214763531,1785600.000000,3
1425577214763843,1785600.000000,4
1425577214764156,1785600.000000,5
1425577230745250,748800.000000,0
1425577230745666,748800.000000,1
1425577230745875,748800.000000,2
1425577230746291,748800.000000,3
1425577230746656,748800.000000,4
1425577230746968,748800.000000,5
1425577248874885,556800.000000,0
1425577248876343,556800.000000,1
1425577248877698,556800.000000,2
1425577248878948,556800.000000,3
1425577248880250,556800.000000,4
1425577248881604,556800.000000,5
1425577295772593,748800.000000,0
1425577295774104,748800.000000,1
1425577295775354,748800.000000,2
1425577295776656,748800.000000,3
1425577295777906,748800.000000,4
1425577295779260,748800.000000,5
1425577312909000,1363200.000000,0
1425577312910093,1363200.000000,1
1425577312910823,1363200.000000,2
1425577312911656,1363200.000000,3
1425577312912385,1363200.000000,4
1425577312913166,1363200.000000,5
1425577328926812,960000.000000,0
1425577328927698,960000.000000,1
1425577328928375,960000.000000,2
1425577328929104,960000.000000,3
1425577328929885,960000.000000,4
1425577328930666,960000.000000,5
1425577344920718,748800.000000,0
1425577344921500,748800.000000,1
1425577344922125,748800.000000,2
1425577344922906,748800.000000,3
1425577344923635,748800.000000,4
1425577344924468,748800.000000,5
1425577360917750,1363200.000000,0
1425577360918531,1363200.000000,1
1425577360919260,1363200.000000,2
1425577360920041,1363200.000000,3
1425577360920718,1363200.000000,4
1425577360921500,1363200.000000,5
1425577376088531,748800.000000,0
1425577376089156,748800.000000,1
1425577376089625,748800.000000,2
1425577376090406,748800.000000,3
1425577376091448,748800.000000,4
1425577376092385,748800.000000,5
1425577391712073,556800.000000,0
1425577391712906,556800.000000,1
1425577391713687,556800.000000,2
1425577391714468,556800.000000,3
1425577391715250,556800.000000,4
1425577391715979,556800.000000,5
1425577408939729,1363200.000000,0
1425577408941500,1363200.000000,1
1425577408942437,1363200.000000,2
1425577408943375,1363200.000000,3
1425577408944312,1363200.000000,4
1425577408945250,1363200.000000,5
1425577424594156,1152000.000000,0
1425577424594781,1152000.000000,1
1425577424595354,1152000.000000,2
1425577424595875,1152000.000000,3
1425577424596500,1152000.000000,4
1425577424597125,1152000.000000,5
1425577439894729,1363200.000000,0
1425577439895250,1363200.000000,1
1425577439895718,1363200.000000,2
1425577439896187,1363200.000000,3
1425577439896656,1363200.000000,4
1425577439897229,1363200.000000,5
1425577456382750,1152000.000000,0
1425577456383323,1152000.000000,1
1425577456383843,1152000.000000,2
1425577456384312,1152000.000000,3
1425577456384937,1152000.000000,4
1425577456385666,1152000.000000,5
1425577470829000,556800.000000,0
1425577470830093,556800.000000,1
1425577470831291,556800.000000,2
1425577470832593,556800.000000,3
1425577470834000,556800.000000,4
1425577470835354,556800.000000,5
1425577481901031,1152000.000000,0
1425577481902281,1152000.000000,1
1425577481903323,1152000.000000,2
1425577481904312,1152000.000000,3
1425577481905354,1152000.000000,4
1425577481906448,1152000.000000,5
1425577486764625,556800.000000,0
1425577486765406,556800.000000,1
1425577486766500,556800.000000,2
1425577486767437,556800.000000,3
1425577486768375,556800.000000,4
1425577486769416,556800.000000,5
1425577502930406,1363200.000000,0
1425577502931656,1363200.000000,1
1425577502932750,1363200.000000,2
1425577502933791,1363200.000000,3
1425577502934781,1363200.000000,4
1425577502935823,1363200.000000,5
1425577520849625,1555200.000000,0
1425577520850250,1555200.000000,1
1425577520850823,1555200.000000,2
1425577520851343,1555200.000000,3
1425577520851812,1555200.000000,4
1425577520852385,1555200.000000,5
1425577525750250,1785600.000000,0
1425577525750718,1785600.000000,1
1425577525751031,1785600.000000,2
1425577525751448,1785600.000000,3
1425577525751812,1785600.000000,4
1425577525752125,1785600.000000,5
1425577532597281,1555200.000000,0
1425577532597750,1555200.000000,1
1425577532598166,1555200.000000,2
1425577532598531,1555200.000000,3
1425577532599000,1555200.000000,4
1425577532599312,1555200.000000,5
1425577533178531,1785600.000000,0
1425577533179000,1785600.000000,1
1425577533179312,1785600.000000,2
1425577533179729,1785600.000000,3
1425577533180093,1785600.000000,4
1425577533180406,1785600.000000,5
1425577533461916,1555200.000000,0
1425577533462385,1555200.000000,1
1425577533462750,1555200.000000,2
1425577533463218,1555200.000000,3
1425577533463531,1555200.000000,4
1425577533463948,1555200.000000,5
1425577533505250,1785600.000000,0
1425577533505666,1785600.000000,1
1425577533505979,1785600.000000,2
1425577533506343,1785600.000000,3
1425577533506656,1785600.000000,4
1425577533507073,1785600.000000,5
1425577536246656,1363200.000000,0
1425577536247073,1363200.000000,1
1425577536247385,1363200.000000,2
1425577536247698,1363200.000000,3
1425577536248062,1363200.000000,4
1425577536248375,1363200.000000,5
1425577552846968,556800.000000,0
1425577552847385,556800.000000,1
1425577552847750,556800.000000,2
1425577552848218,556800.000000,3
1425577552848635,556800.000000,4
1425577552849000,556800.000000,5
1425577581900562,1555200.000000,0
1425577581901760,1555200.000000,1
1425577581902750,1555200.000000,2
1425577581903791,1555200.000000,3
1425577581904781,1555200.000000,4
1425577581905875,1555200.000000,5
1425577582743166,556800.000000,0
1425577582743687,556800.000000,1
1425577582744104,556800.000000,2
1425577582744573,556800.000000,3
1425577582744937,556800.000000,4
1425577582745406,556800.000000,5
1425577586974468,1363200.000000,0
1425577586975875,1363200.000000,1
1425577586977281,1363200.000000,2
1425577586978687,1363200.000000,3
1425577586979937,1363200.000000,4
1425577586981187,1363200.000000,5
1425577590015718,960000.000000,0
1425577590016187,960000.000000,1
1425577590016604,960000.000000,2
1425577590016968,960000.000000,3
1425577590017437,960000.000000,4
1425577590017906,960000.000000,5
1425577600865041,1363200.000000,0
1425577600866187,1363200.000000,1
1425577600866812,1363200.000000,2
1425577600867281,1363200.000000,3
1425577600867906,1363200.000000,4
1425577600868531,1363200.000000,5
1425577631095406,556800.000000,0
1425577631095875,556800.000000,1
1425577631096343,556800.000000,2
1425577631097072,556800.000000,3
1425577631098062,556800.000000,4
1425577631099104,556800.000000,5
1425577635755250,748800.000000,0
1425577635756291,748800.000000,1
1425577635757229,748800.000000,2
1425577635758166,748800.000000,3
1425577635759156,748800.000000,4
1425577635760197,748800.000000,5
1425577668172437,556800.000000,0
1425577668173947,556800.000000,1
1425577668175197,556800.000000,2
1425577668176500,556800.000000,3
1425577668177750,556800.000000,4
1425577668179000,556800.000000,5
1425577681998062,1363200.000000,0
1425577681999260,1363200.000000,1
1425577682000250,1363200.000000,2
1425577682001343,1363200.000000,3
1425577682002281,1363200.000000,4
1425577682003375,1363200.000000,5
1425577728842437,556800.000000,0
1425577728843062,556800.000000,1
1425577728843531,556800.000000,2
1425577728844260,556800.000000,3
1425577728845406,556800.000000,4
1425577728846812,556800.000000,5
1425577748384156,748800.000000,0
1425577748385250,748800.000000,1
1425577748386291,748800.000000,2
1425577748387281,748800.000000,3
1425577748388218,748800.000000,4
1425577748389260,748800.000000,5
1425577760849468,556800.000000,0
1425577760850718,556800.000000,1
1425577760852072,556800.000000,2
1425577760853322,556800.000000,3
1425577760854572,556800.000000,4
1425577760855875,556800.000000,5
1425577781576343,1363200.000000,0
1425577781577437,1363200.000000,1
1425577781578531,1363200.000000,2
1425577781579572,1363200.000000,3
1425577781580562,1363200.000000,4
1425577781581656,1363200.000000,5
1425577790929468,1152000.000000,0
1425577790930093,1152000.000000,1
1425577790930718,1152000.000000,2
1425577790931343,1152000.000000,3
1425577790931968,1152000.000000,4
1425577790932593,1152000.000000,5
1425577807716031,1555200.000000,0
1425577807716656,1555200.000000,1
1425577807717125,1555200.000000,2
1425577807717593,1555200.000000,3
1425577807718062,1555200.000000,4
1425577807718531,1555200.000000,5
1425577830292437,556800.000000,0
1425577830292906,556800.000000,1
1425577830293375,556800.000000,2
1425577830294260,556800.000000,3
1425577830295250,556800.000000,4
1425577830296343,556800.000000,5
1425577888532437,748800.000000,0
1425577888533947,748800.000000,1
1425577888535197,748800.000000,2
1425577888536343,748800.000000,3
1425577888537593,748800.000000,4
1425577888538947,748800.000000,5
1425577892946499,556800.000000,0
1425577892947697,556800.000000,1
1425577892948687,556800.000000,2
1425577892949781,556800.000000,3
1425577892950874,556800.000000,4
1425577892951812,556800.000000,5
1425577892973999,748800.000000,0
1425577892975093,748800.000000,1
1425577892976135,748800.000000,2
1425577892977124,748800.000000,3
1425577892978322,748800.000000,4
1425577892979416,748800.000000,5
1425577893030510,556800.000000,0
1425577893031760,556800.000000,1
1425577893032749,556800.000000,2
1425577893033947,556800.000000,3
1425577893034937,556800.000000,4
1425577893035874,556800.000000,5
1425577903175718,1363200.000000,0
1425577903176968,1363200.000000,1
1425577903178010,1363200.000000,2
1425577903179104,1363200.000000,3
1425577903180093,1363200.000000,4
1425577903181031,1363200.000000,5
1425577920847072,1555200.000000,0
1425577920847593,1555200.000000,1
1425577920848166,1555200.000000,2
1425577920848687,1555200.000000,3
1425577920849260,1555200.000000,4
1425577920849729,1555200.000000,5
1425577934845718,748800.000000,0
1425577934846187,748800.000000,1
1425577934846499,748800.000000,2
1425577934846916,748800.000000,3
1425577934847281,748800.000000,4
1425577934847697,748800.000000,5
1425577943241604,1555200.000000,0
1425577943242749,1555200.000000,1
1425577943243791,1555200.000000,2
1425577943244729,1555200.000000,3
1425577943245562,1555200.000000,4
1425577943246604,1555200.000000,5
1425577944058322,748800.000000,0
1425577944058687,748800.000000,1
1425577944059156,748800.000000,2
1425577944059624,748800.000000,3
1425577944060093,748800.000000,4
1425577944060562,748800.000000,5
1425577952885197,556800.000000,0
1425577952886499,556800.000000,1
1425577952887749,556800.000000,2
1425577952889104,556800.000000,3
1425577952890249,556800.000000,4
1425577952891656,556800.000000,5
1425577981573218,1555200.000000,0
1425577981574312,1555200.000000,1
1425577981575354,1555200.000000,2
1425577981576447,1555200.000000,3
1425577981577437,1555200.000000,4
1425577981578374,1555200.000000,5
1425577982897229,556800.000000,0
1425577982897749,556800.000000,1
1425577982898218,556800.000000,2
1425577982898687,556800.000000,3
1425577982899156,556800.000000,4
1425577982900249,556800.000000,5
1425577990083687,748800.000000,0
1425577990084781,748800.000000,1
1425577990085822,748800.000000,2
1425577990086812,748800.000000,3
1425577990087854,748800.000000,4
1425577990088947,748800.000000,5
1425577990838999,556800.000000,0
1425577990840249,556800.000000,1
1425577990841604,556800.000000,2
1425577990845406,556800.000000,3
1425577990846656,556800.000000,4
1425577990847906,556800.000000,5
1425577990970562,748800.000000,0
1425577990971604,748800.000000,1
1425577990972593,748800.000000,2
1425577990973531,748800.000000,3
1425577990974468,748800.000000,4
1425577990975562,748800.000000,5
1425577994376499,556800.000000,0
1425577994377437,556800.000000,1
1425577994378791,556800.000000,2
1425577994380093,556800.000000,3
1425577994381447,556800.000000,4
1425577994382749,556800.000000,5
1425577998870406,748800.000000,0
1425577998874156,748800.000000,1
1425577998875249,748800.000000,2
1425577998876187,748800.000000,3
1425577998877281,748800.000000,4
1425577998878322,748800.000000,5
1425577998928687,1363200.000000,0
1425577998929468,1363200.000000,1
1425577998930249,1363200.000000,2
1425577998930979,1363200.000000,3
1425577998931760,1363200.000000,4
1425577998932593,1363200.000000,5
1425578013537072,1555200.000000,0
1425578013537437,1555200.000000,1
1425578013537906,1555200.000000,2
1425578013538322,1555200.000000,3
1425578013538687,1555200.000000,4
1425578013539156,1555200.000000,5
1425578014784260,1785600.000000,0
1425578014784624,1785600.000000,1
1425578014784937,1785600.000000,2
1425578014785354,1785600.000000,3
1425578014785718,1785600.000000,4
1425578014786031,1785600.000000,5
1425578033131812,556800.000000,0
1425578033132124,556800.000000,1
1425578033132541,556800.000000,2
1425578033132854,556800.000000,3
1425578033133166,556800.000000,4
1425578033133531,556800.000000,5
1425578082003218,1785600.000000,0
1425578082004572,1785600.000000,1
1425578082005562,1785600.000000,2
1425578082006604,1785600.000000,3
1425578082007593,1785600.000000,4
1425578082008687,1785600.000000,5
1425578110954416,960000.000000,0
1425578110954885,960000.000000,1
1425578110955354,960000.000000,2
1425578110956031,960000.000000,3
1425578110956760,960000.000000,4
1425578110957437,960000.000000,5
1425578127349937,556800.000000,0
1425578127351343,556800.000000,1
1425578127352593,556800.000000,2
1425578127353999,556800.000000,3
1425578127355406,556800.000000,4
1425578127356604,556800.000000,5
1425578140407593,748800.000000,0
1425578140409104,748800.000000,1
1425578140410406,748800.000000,2
1425578140411656,748800.000000,3
1425578140412906,748800.000000,4
1425578140414156,748800.000000,5
1425578143140406,556800.000000,0
1425578143141447,556800.000000,1
1425578143142593,556800.000000,2
1425578143143531,556800.000000,3
1425578143144468,556800.000000,4
1425578143145562,556800.000000,5
1425578150229937,748800.000000,0
1425578150231031,748800.000000,1
1425578150232124,748800.000000,2
1425578150233166,748800.000000,3
1425578150234312,748800.000000,4
1425578150235249,748800.000000,5
1425578159179156,556800.000000,0
1425578159180197,556800.000000,1
1425578159181499,556800.000000,2
1425578159182749,556800.000000,3
1425578159183999,556800.000000,4
1425578159185249,556800.000000,5
1425578181906604,960000.000000,0
1425578181907749,960000.000000,1
1425578181908791,960000.000000,2
1425578181909781,960000.000000,3
1425578181912906,960000.000000,4
1425578181913999,960000.000000,5
1425578190778843,748800.000000,0
1425578190779624,748800.000000,1
1425578190780406,748800.000000,2
1425578190781187,748800.000000,3
1425578190781968,748800.000000,4
1425578190782749,748800.000000,5
1425578208926916,1363200.000000,0
1425578208927906,1363200.000000,1
1425578208928687,1363200.000000,2
1425578208929468,1363200.000000,3
1425578208930249,1363200.000000,4
1425578208930979,1363200.000000,5
1425578223989312,960000.000000,0
1425578223990041,960000.000000,1
1425578223990718,960000.000000,2
1425578223991447,960000.000000,3
1425578223992124,960000.000000,4
1425578223992906,960000.000000,5
1425578238802593,556800.000000,0
1425578238803531,556800.000000,1
1425578238804572,556800.000000,2
1425578238805562,556800.000000,3
1425578238806499,556800.000000,4
1425578238807593,556800.000000,5
1425578281090093,960000.000000,0
1425578281091291,960000.000000,1
1425578281092385,960000.000000,2
1425578281093374,960000.000000,3
1425578281094468,960000.000000,4
1425578281095406,960000.000000,5
1425578287190874,556800.000000,0
1425578287192124,556800.000000,1
1425578287193374,556800.000000,2
1425578287194728,556800.000000,3
1425578287196031,556800.000000,4
1425578287197281,556800.000000,5
1425578300953843,748800.000000,0
1425578300954885,748800.000000,1
1425578300955874,748800.000000,2
1425578300956812,748800.000000,3
1425578300958010,748800.000000,4
1425578300958999,748800.000000,5
1425578301007124,556800.000000,0
1425578301008062,556800.000000,1
1425578301009312,556800.000000,2
1425578301010406,556800.000000,3
1425578301011343,556800.000000,4
1425578301012385,556800.000000,5
1425578302861812,1363200.000000,0
1425578302862906,1363200.000000,1
1425578302863843,1363200.000000,2
1425578302864885,1363200.000000,3
1425578302865874,1363200.000000,4
1425578302866812,1363200.000000,5
1425578334776968,556800.000000,0
1425578334777853,556800.000000,1
1425578334778791,556800.000000,2
1425578334779781,556800.000000,3
1425578334780822,556800.000000,4
1425578334781812,556800.000000,5
1425578343454937,748800.000000,0
1425578343456187,748800.000000,1
1425578343457228,748800.000000,2
1425578343458218,748800.000000,3
1425578343459156,748800.000000,4
1425578343460197,748800.000000,5
1425578351078531,556800.000000,0
1425578351079312,556800.000000,1
1425578351080249,556800.000000,2
1425578351081291,556800.000000,3
1425578351082281,556800.000000,4
1425578351083218,556800.000000,5
1425578381191135,1363200.000000,0
1425578381192281,1363200.000000,1
1425578381193374,1363200.000000,2
1425578381194416,1363200.000000,3
1425578381195510,1363200.000000,4
1425578381196499,1363200.000000,5
1425578384926343,556800.000000,0
1425578384926812,556800.000000,1
1425578384927228,556800.000000,2
1425578384927697,556800.000000,3
1425578384928062,556800.000000,4
1425578384928791,556800.000000,5
1425578400964103,1363200.000000,0
1425578400965406,1363200.000000,1
1425578400966447,1363200.000000,2
1425578400967437,1363200.000000,3
1425578400968478,1363200.000000,4
1425578400969468,1363200.000000,5
1425578413560510,1555200.000000,0
1425578413560978,1555200.000000,1
1425578413561343,1555200.000000,2
1425578413561812,1555200.000000,3
1425578413562124,1555200.000000,4
1425578413562593,1555200.000000,5
1425578435404103,556800.000000,0
1425578435404572,556800.000000,1
1425578435404937,556800.000000,2
1425578435405249,556800.000000,3
1425578435405874,556800.000000,4
1425578435406812,556800.000000,5
1425578481960978,1555200.000000,0
1425578481962124,1555200.000000,1
1425578481963218,1555200.000000,2
1425578481964156,1555200.000000,3
1425578481965197,1555200.000000,4
1425578481966187,1555200.000000,5
1425578512939155,960000.000000,0
1425578512939937,960000.000000,1
1425578512940718,960000.000000,2
1425578512941499,960000.000000,3
1425578512942280,960000.000000,4
1425578512943010,960000.000000,5
1425578531334937,556800.000000,0
1425578531336447,556800.000000,1
1425578531337697,556800.000000,2
1425578531338843,556800.000000,3
1425578531340249,556800.000000,4
1425578531341603,556800.000000,5
1425578581748999,960000.000000,0
1425578581750249,960000.000000,1
1425578581751343,960000.000000,2
1425578581752280,960000.000000,3
1425578581753322,960000.000000,4
1425578581754312,960000.000000,5
1425578590831968,748800.000000,0
1425578590833062,748800.000000,1
1425578590834155,748800.000000,2
1425578590835093,748800.000000,3
1425578590836135,748800.000000,4
1425578590837124,748800.000000,5
1425578608923530,1363200.000000,0
1425578608924780,1363200.000000,1
1425578608925562,1363200.000000,2
1425578608926447,1363200.000000,3
1425578608927124,1363200.000000,4
1425578608927905,1363200.000000,5
1425578624236603,960000.000000,0
1425578624237228,960000.000000,1
1425578624237749,960000.000000,2
1425578624238530,960000.000000,3
1425578624239260,960000.000000,4
1425578624239937,960000.000000,5
1425578638843999,556800.000000,0
1425578638844624,556800.000000,1
1425578638845353,556800.000000,2
1425578638846499,556800.000000,3
1425578638847541,556800.000000,4
1425578638848530,556800.000000,5
1425578681116187,960000.000000,0
1425578681117541,960000.000000,1
1425578681118530,960000.000000,2
1425578681119572,960000.000000,3
1425578681120562,960000.000000,4
1425578681121499,960000.000000,5
1425578686803843,556800.000000,0
1425578686805093,556800.000000,1
1425578686806187,556800.000000,2
1425578686807280,556800.000000,3
1425578686808374,556800.000000,4
1425578686809312,556800.000000,5
1425578692146760,748800.000000,0
1425578692148218,748800.000000,1
1425578692149468,748800.000000,2
1425578692150718,748800.000000,3
1425578692152072,748800.000000,4
1425578692153374,748800.000000,5
1425578701295405,556800.000000,0
1425578701296499,556800.000000,1
1425578701297593,556800.000000,2
1425578701298635,556800.000000,3
1425578701299624,556800.000000,4
1425578701300718,556800.000000,5
1425578702931760,1363200.000000,0
1425578702932905,1363200.000000,1
1425578702933843,1363200.000000,2
1425578702934780,1363200.000000,3
1425578702935874,1363200.000000,4
1425578702936812,1363200.000000,5
1425578720865874,1152000.000000,0
1425578720866343,1152000.000000,1
1425578720866916,1152000.000000,2
1425578720867437,1152000.000000,3
1425578720868062,1152000.000000,4
1425578720868635,1152000.000000,5
1425578737023322,556800.000000,0
1425578737023843,556800.000000,1
1425578737024780,556800.000000,2
1425578737025718,556800.000000,3
1425578737026760,556800.000000,4
1425578737027749,556800.000000,5
1425578740866447,748800.000000,0
1425578740867905,748800.000000,1
1425578740869155,748800.000000,2
1425578740870405,748800.000000,3
1425578740871655,748800.000000,4
1425578740872853,748800.000000,5
1425578742281812,556800.000000,0
1425578742282905,556800.000000,1
1425578742284103,556800.000000,2
1425578742285093,556800.000000,3
1425578742286187,556800.000000,4
1425578742287124,556800.000000,5
1425578742404624,748800.000000,0
1425578742405978,748800.000000,1
1425578742406968,748800.000000,2
1425578742407905,748800.000000,3
1425578742408999,748800.000000,4
1425578742409937,748800.000000,5
1425578743279312,556800.000000,0
1425578743280353,556800.000000,1
1425578743281343,556800.000000,2
1425578743282437,556800.000000,3
1425578743283530,556800.000000,4
1425578743284468,556800.000000,5
1425578744455666,748800.000000,0
1425578744456812,748800.000000,1
1425578744457905,748800.000000,2
1425578744458843,748800.000000,3
1425578744459937,748800.000000,4
1425578744460978,748800.000000,5
1425578744990197,556800.000000,0
1425578744991187,556800.000000,1
1425578744992593,556800.000000,2
1425578744993947,556800.000000,3
1425578744995197,556800.000000,4
1425578744996499,556800.000000,5
1425578753568791,748800.000000,0
1425578753569780,748800.000000,1
1425578753570874,748800.000000,2
1425578753571968,748800.000000,3
1425578753573010,748800.000000,4
1425578753573999,748800.000000,5
1425578769000249,556800.000000,0
1425578769001760,556800.000000,1
1425578769003062,556800.000000,2
1425578769004312,556800.000000,3
1425578769005562,556800.000000,4
1425578769006812,556800.000000,5
1425578781768062,1152000.000000,0
1425578781769260,1152000.000000,1
1425578781770249,1152000.000000,2
1425578781771343,1152000.000000,3
1425578781772385,1152000.000000,4
1425578781773322,1152000.000000,5
1425578784944937,556800.000000,0
1425578784945562,556800.000000,1
1425578784948322,556800.000000,2
1425578784949416,556800.000000,3
1425578784950562,556800.000000,4
1425578784951499,556800.000000,5
1425578800942280,1363200.000000,0
1425578800943791,1363200.000000,1
1425578800944728,1363200.000000,2
1425578800945718,1363200.000000,3
1425578800946655,1363200.000000,4
1425578800947593,1363200.000000,5
1425578814514155,1555200.000000,0
1425578814514780,1555200.000000,1
1425578814515249,1555200.000000,2
1425578814515874,1555200.000000,3
1425578814516447,1555200.000000,4
1425578814516968,1555200.000000,5
1425578837731187,556800.000000,0
1425578837731655,556800.000000,1
1425578837731968,556800.000000,2
1425578837732385,556800.000000,3
1425578837732749,556800.000000,4
1425578837733062,556800.000000,5
1425578881781187,1555200.000000,0
1425578881782697,1555200.000000,1
1425578881783843,1555200.000000,2
1425578881785249,1555200.000000,3
1425578881786655,1555200.000000,4
1425578881787853,1555200.000000,5
1425578894754416,1785600.000000,0
1425578894754780,1785600.000000,1
1425578894755249,1785600.000000,2
1425578894755562,1785600.000000,3
1425578894755978,1785600.000000,4
1425578894756343,1785600.000000,5
1425578912951499,1152000.000000,0
1425578912951968,1152000.000000,1
1425578912952280,1152000.000000,2
1425578912952593,1152000.000000,3
1425578912952905,1152000.000000,4
1425578912953374,1152000.000000,5
1425578938326030,556800.000000,0
1425578938326603,556800.000000,1
1425578938327437,556800.000000,2
1425578938328530,556800.000000,3
1425578938329468,556800.000000,4
1425578938330405,556800.000000,5
1425578958790718,748800.000000,0
1425578958791916,748800.000000,1
1425578958792905,748800.000000,2
1425578958793947,748800.000000,3
1425578958794937,748800.000000,4
1425578958795874,748800.000000,5
1425578975903530,556800.000000,0
1425578975904780,556800.000000,1
1425578975905718,556800.000000,2
1425578975906759,556800.000000,3
1425578975907749,556800.000000,4
1425578975908687,556800.000000,5
1425578981862437,960000.000000,0
1425578981863947,960000.000000,1
1425578981865197,960000.000000,2
1425578981866499,960000.000000,3
1425578981867749,960000.000000,4
1425578981869155,960000.000000,5
1425578991158218,748800.000000,0
1425578991158843,748800.000000,1
1425578991159468,748800.000000,2
1425578991160249,748800.000000,3
1425578991161030,748800.000000,4
1425578991161759,748800.000000,5
1425579008923009,1363200.000000,0
1425579008924312,1363200.000000,1
1425579008925249,1363200.000000,2
1425579008926187,1363200.000000,3
1425579008927124,1363200.000000,4
1425579008928062,1363200.000000,5
1425579023145093,960000.000000,0
1425579023145666,960000.000000,1
1425579023146187,960000.000000,2
1425579023146759,960000.000000,3
1425579023147280,960000.000000,4
1425579023147749,960000.000000,5
1425579038996499,556800.000000,0
1425579038997384,556800.000000,1
1425579038998374,556800.000000,2
1425579038999416,556800.000000,3
1425579039000353,556800.000000,4
1425579039001291,556800.000000,5
1425579055373062,748800.000000,0
1425579055374259,748800.000000,1
1425579055375249,748800.000000,2
1425579055376291,748800.000000,3
1425579055377280,748800.000000,4
1425579055378322,748800.000000,5
1425579070780874,556800.000000,0
1425579070782280,556800.000000,1
1425579070783530,556800.000000,2
1425579070784937,556800.000000,3
1425579070786187,556800.000000,4
1425579070787437,556800.000000,5
1425579088873218,748800.000000,0
1425579088874468,748800.000000,1
1425579088875562,748800.000000,2
1425579088876499,748800.000000,3
1425579088877437,748800.000000,4
1425579088878374,748800.000000,5
1425579102751291,1363200.000000,0
1425579102752124,1363200.000000,1
1425579102752905,1363200.000000,2
1425579102753687,1363200.000000,3
1425579102754416,1363200.000000,4
1425579102755197,1363200.000000,5
1425579120860562,1152000.000000,0
1425579120861030,1152000.000000,1
1425579120861655,1152000.000000,2
1425579120862124,1152000.000000,3
1425579120862749,1152000.000000,4
1425579120863374,1152000.000000,5
1425579139518999,748800.000000,0
1425579139520041,748800.000000,1
1425579139520978,748800.000000,2
1425579139521812,748800.000000,3
1425579139522853,748800.000000,4
1425579139523687,748800.000000,5
1425579141426603,556800.000000,0
1425579141428218,556800.000000,1
1425579141429468,556800.000000,2
1425579141430718,556800.000000,3
1425579141432124,556800.000000,4
1425579141433374,556800.000000,5
1425579141539624,960000.000000,0
1425579141540874,960000.000000,1
1425579141541812,960000.000000,2
1425579141542905,960000.000000,3
1425579141543843,960000.000000,4
1425579141544937,960000.000000,5
1425579142601499,556800.000000,0
1425579142602280,556800.000000,1
1425579142603218,556800.000000,2
1425579142604468,556800.000000,3
1425579142605718,556800.000000,4
1425579142606968,556800.000000,5
1425579144715041,748800.000000,0
1425579144716187,748800.000000,1
1425579144717280,748800.000000,2
1425579144718374,748800.000000,3
1425579144719468,748800.000000,4
1425579144720405,748800.000000,5
1425579145029624,556800.000000,0
1425579145030509,556800.000000,1
1425579145031187,556800.000000,2
1425579145032437,556800.000000,3
1425579145033374,556800.000000,4
1425579145034312,556800.000000,5
1425579181708530,1363200.000000,0
1425579181709780,1363200.000000,1
1425579181710718,1363200.000000,2
1425579181711811,1363200.000000,3
1425579181712749,1363200.000000,4
1425579181713999,1363200.000000,5
1425579182325718,1555200.000000,0
1425579182326186,1555200.000000,1
1425579182326655,1555200.000000,2
1425579182327124,1555200.000000,3
1425579182327436,1555200.000000,4
1425579182327905,1555200.000000,5
1425579182758009,556800.000000,0
1425579182758530,556800.000000,1
1425579182758947,556800.000000,2
1425579182759416,556800.000000,3
1425579182760093,556800.000000,4
1425579182761343,556800.000000,5
1425579190908478,960000.000000,0
1425579190909572,960000.000000,1
1425579190912384,960000.000000,2
1425579190913374,960000.000000,3
1425579190914311,960000.000000,4
1425579190915353,960000.000000,5
1425579194881343,556800.000000,0
1425579194882853,556800.000000,1
1425579194884259,556800.000000,2
1425579194885561,556800.000000,3
1425579194886811,556800.000000,4
1425579194888061,556800.000000,5
1425579198779936,1363200.000000,0
1425579198781186,1363200.000000,1
1425579198782436,1363200.000000,2
1425579198783791,1363200.000000,3
1425579198785041,1363200.000000,4
1425579198786291,1363200.000000,5
1425579215351655,1785600.000000,0
1425579215352124,1785600.000000,1
1425579215352541,1785600.000000,2
1425579215353009,1785600.000000,3
1425579215353374,1785600.000000,4
1425579215353843,1785600.000000,5
1425579231134780,556800.000000,0
1425579231135093,556800.000000,1
1425579231135405,556800.000000,2
1425579231135718,556800.000000,3
1425579231136030,556800.000000,4
1425579231136343,556800.000000,5
1425579249280405,960000.000000,0
1425579249281603,960000.000000,1
1425579249282541,960000.000000,2
1425579249283634,960000.000000,3
1425579249284624,960000.000000,4
1425579249285666,960000.000000,5
1425579249464780,556800.000000,0
1425579249465822,556800.000000,1
1425579249467072,556800.000000,2
1425579249468322,556800.000000,3
1425579249469624,556800.000000,4
1425579249470978,556800.000000,5
1425579275917749,748800.000000,0
1425579275919103,748800.000000,1
1425579275920405,748800.000000,2
1425579275921811,748800.000000,3
1425579275923061,748800.000000,4
1425579275924155,748800.000000,5
1425579295191291,960000.000000,0
1425579295192228,960000.000000,1
1425579295193009,960000.000000,2
1425579295193843,960000.000000,3
1425579295194624,960000.000000,4
1425579295195353,960000.000000,5
1425579312861655,1363200.000000,0
1425579312862436,1363200.000000,1
1425579312863166,1363200.000000,2
1425579312863843,1363200.000000,3
1425579312864624,1363200.000000,4
1425579312865405,1363200.000000,5
1425579328864416,960000.000000,0
1425579328864936,960000.000000,1
1425579328865405,960000.000000,2
1425579328865978,960000.000000,3
1425579328866603,960000.000000,4
1425579328867280,960000.000000,5
1425579342812541,556800.000000,0
1425579342813530,556800.000000,1
1425579342814780,556800.000000,2
1425579342815718,556800.000000,3
1425579342816811,556800.000000,4
1425579342817749,556800.000000,5
1425579349115561,748800.000000,0
1425579349116811,748800.000000,1
1425579349117853,748800.000000,2
1425579349118947,748800.000000,3
1425579349119936,748800.000000,4
1425579349121030,748800.000000,5
1425579360886916,556800.000000,0
1425579360888374,556800.000000,1
1425579360889624,556800.000000,2
1425579360891030,556800.000000,3
1425579360892280,556800.000000,4
1425579360893634,556800.000000,5
1425579381726186,960000.000000,0
1425579381727280,960000.000000,1
1425579381728374,960000.000000,2
1425579381729311,960000.000000,3
1425579381730405,960000.000000,4
1425579381731343,960000.000000,5
1425579390991655,748800.000000,0
1425579390992541,748800.000000,1
1425579390993322,748800.000000,2
1425579390993999,748800.000000,3
1425579390994780,748800.000000,4
1425579390995509,748800.000000,5
1425579404799728,1152000.000000,0
1425579404800822,1152000.000000,1
1425579404801759,1152000.000000,2
1425579404802593,1152000.000000,3
1425579404803686,1152000.000000,4
1425579404804624,1152000.000000,5
1425579405060822,748800.000000,0
1425579405061343,748800.000000,1
1425579405061811,748800.000000,2
1425579405062280,748800.000000,3
1425579405062749,748800.000000,4
1425579405063374,748800.000000,5
1425579406850353,1363200.000000,0
1425579406851186,1363200.000000,1
1425579406851916,1363200.000000,2
1425579406852593,1363200.000000,3
1425579406853374,1363200.000000,4
1425579406854155,1363200.000000,5
1425579422353009,1555200.000000,0
1425579422353478,1555200.000000,1
1425579422353843,1555200.000000,2
1425579422354259,1555200.000000,3
1425579422354728,1555200.000000,4
1425579422355093,1555200.000000,5
1425579422401811,1785600.000000,0
1425579422402124,1785600.000000,1
1425579422402541,1785600.000000,2
1425579422402853,1785600.000000,3
1425579422403218,1785600.000000,4
1425579422403530,1785600.000000,5
1425579422465353,1555200.000000,0
1425579422465718,1555200.000000,1
1425579422466030,1555200.000000,2
1425579422466343,1555200.000000,3
1425579422466655,1555200.000000,4
1425579422466968,1555200.000000,5
1425579422683999,1363200.000000,0
1425579422684572,1363200.000000,1
1425579422684936,1363200.000000,2
1425579422685509,1363200.000000,3
1425579422685874,1363200.000000,4
1425579422686343,1363200.000000,5
1425579422805718,1785600.000000,0
1425579422806186,1785600.000000,1
1425579422806759,1785600.000000,2
1425579422807280,1785600.000000,3
1425579422807853,1785600.000000,4
1425579422808374,1785600.000000,5
1425579439475353,556800.000000,0
1425579439475718,556800.000000,1
1425579439476186,556800.000000,2
1425579439476603,556800.000000,3
1425579439477593,556800.000000,4
1425579439478843,556800.000000,5
1425579481101186,960000.000000,0
1425579481102436,960000.000000,1
1425579481103374,960000.000000,2
1425579481104468,960000.000000,3
1425579481105405,960000.000000,4
1425579481106499,960000.000000,5
1425579488871499,556800.000000,0
1425579488872280,556800.000000,1
1425579488873374,556800.000000,2
1425579488874468,556800.000000,3
1425579488875561,556800.000000,4
1425579488876499,556800.000000,5
1425579497706343,748800.000000,0
1425579497708009,748800.000000,1
1425579497709259,748800.000000,2
1425579497710405,748800.000000,3
1425579497711811,748800.000000,4
1425579497713061,748800.000000,5
1425579504873634,1363200.000000,0
1425579504874624,1363200.000000,1
1425579504875405,1363200.000000,2
1425579504876134,1363200.000000,3
1425579504876811,1363200.000000,4
1425579504877593,1363200.000000,5
1425579505986499,1555200.000000,0
1425579505986968,1555200.000000,1
1425579505987436,1555200.000000,2
1425579505987853,1555200.000000,3
1425579505988218,1555200.000000,4
1425579505988634,1555200.000000,5
1425579506089936,1363200.000000,0
1425579506090405,1363200.000000,1
1425579506090978,1363200.000000,2
1425579506091447,1363200.000000,3
1425579506091811,1363200.000000,4
1425579506092280,1363200.000000,5
1425579541893947,556800.000000,0
1425579541894468,556800.000000,1
1425579541894884,556800.000000,2
1425579541895249,556800.000000,3
1425579541896030,556800.000000,4
1425579541896968,556800.000000,5
1425579561149624,748800.000000,0
1425579561151186,748800.000000,1
1425579561152541,748800.000000,2
1425579561153791,748800.000000,3
1425579561155041,748800.000000,4
1425579561156291,748800.000000,5
1425579568868686,556800.000000,0
1425579568869936,556800.000000,1
1425579568871030,556800.000000,2
1425579568872072,556800.000000,3
1425579568873061,556800.000000,4
1425579568874103,556800.000000,5
1425579581882593,1363200.000000,0
1425579581883791,1363200.000000,1
1425579581884728,1363200.000000,2
1425579581885666,1363200.000000,3
1425579581886759,1363200.000000,4
1425579581887697,1363200.000000,5
1425579597848843,1555200.000000,0
1425579597849311,1555200.000000,1
1425579597849728,1555200.000000,2
1425579597850093,1555200.000000,3
1425579597850561,1555200.000000,4
1425579597851030,1555200.000000,5
1425579598015405,1785600.000000,0
1425579598015874,1785600.000000,1
1425579598016186,1785600.000000,2
1425579598016603,1785600.000000,3
1425579598016968,1785600.000000,4
1425579598017384,1785600.000000,5
1425579616952853,960000.000000,0
1425579616953322,960000.000000,1
1425579616953686,960000.000000,2
1425579616954311,960000.000000,3
1425579616955093,960000.000000,4
1425579616955874,960000.000000,5
1425579649450093,556800.000000,0
1425579649451499,556800.000000,1
1425579649452905,556800.000000,2
1425579649454259,556800.000000,3
1425579649455509,556800.000000,4
1425579649456759,556800.000000,5
1425579666610874,1555200.000000,0
1425579666612280,1555200.000000,1
1425579666613530,1555200.000000,2
1425579666614780,1555200.000000,3
1425579666616134,1555200.000000,4
1425579666617384,1555200.000000,5
1425579667203322,556800.000000,0
1425579667203686,556800.000000,1
1425579667203999,556800.000000,2
1425579667204415,556800.000000,3
1425579667204780,556800.000000,4
1425579667205249,556800.000000,5
1425579681347280,960000.000000,0
1425579681348478,960000.000000,1
1425579681349415,960000.000000,2
1425579681350353,960000.000000,3
1425579681351290,960000.000000,4
1425579681352436,960000.000000,5
1425579696869155,1152000.000000,0
1425579696869936,1152000.000000,1
1425579696870561,1152000.000000,2
1425579696871134,1152000.000000,3
1425579696871655,1152000.000000,4
1425579696872280,1152000.000000,5
1425579711292905,1555200.000000,0
1425579711293530,1555200.000000,1
1425579711293947,1555200.000000,2
1425579711294415,1555200.000000,3
1425579711294936,1555200.000000,4
1425579711295405,1555200.000000,5
1425579733135249,1996800.000000,0
1425579733135718,1996800.000000,1
1425579733136134,1996800.000000,2
1425579733136499,1996800.000000,3
1425579733136811,1996800.000000,4
1425579733137124,1996800.000000,5
1425579733148530,1555200.000000,0
1425579733148947,1555200.000000,1
1425579733149259,1555200.000000,2
1425579733149624,1555200.000000,3
1425579733150040,1555200.000000,4
1425579733150405,1555200.000000,5
1425579740516811,1996800.000000,0
1425579740517384,1996800.000000,1
1425579740517853,1996800.000000,2
1425579740518322,1996800.000000,3
1425579740518790,1996800.000000,4
1425579740519155,1996800.000000,5
1425579743079311,1785600.000000,0
1425579743079624,1785600.000000,1
1425579743079884,1785600.000000,2
1425579743080197,1785600.000000,3
1425579743080509,1785600.000000,4
1425579743080718,1785600.000000,5
1425579752078165,1555200.000000,0
1425579752078530,1555200.000000,1
1425579752078843,1555200.000000,2
1425579752079155,1555200.000000,3
1425579752079415,1555200.000000,4
1425579752079780,1555200.000000,5
1425579752308999,1785600.000000,0
1425579752309468,1785600.000000,1
1425579752309936,1785600.000000,2
1425579752310405,1785600.000000,3
1425579752310874,1785600.000000,4
1425579752311343,1785600.000000,5
1425579760929259,748800.000000,0
1425579760929624,748800.000000,1
1425579760929936,748800.000000,2
1425579760930249,748800.000000,3
1425579760930561,748800.000000,4
1425579760930874,748800.000000,5
1425579781525822,1555200.000000,0
1425579781526759,1555200.000000,1
1425579781527436,1555200.000000,2
1425579781528374,1555200.000000,3
1425579781529103,1555200.000000,4
1425579781529884,1555200.000000,5
1425579825958842,556800.000000,0
1425579825960561,556800.000000,1
1425579825961811,556800.000000,2
1425579825963165,556800.000000,3
1425579825964572,556800.000000,4
1425579825965822,556800.000000,5
1425579881446186,1555200.000000,0
1425579881447436,1555200.000000,1
1425579881448374,1555200.000000,2
1425579881449415,1555200.000000,3
1425579881450405,1555200.000000,4
1425579881451342,1555200.000000,5
1425579887700040,1363200.000000,0
1425579887700509,1363200.000000,1
1425579887700822,1363200.000000,2
1425579887701186,1363200.000000,3
1425579887701499,1363200.000000,4
1425579887701915,1363200.000000,5
1425579903527592,1785600.000000,0
1425579903528322,1785600.000000,1
1425579903528842,1785600.000000,2
1425579903529311,1785600.000000,3
1425579903529884,1785600.000000,4
1425579903530405,1785600.000000,5
1425579904537853,1555200.000000,0
1425579904538165,1555200.000000,1
1425579904538478,1555200.000000,2
1425579904538790,1555200.000000,3
1425579904539155,1555200.000000,4
1425579904539467,1555200.000000,5
1425579904597228,1785600.000000,0
1425579904597592,1785600.000000,1
1425579904598217,1785600.000000,2
1425579904598530,1785600.000000,3
1425579904598947,1785600.000000,4
1425579904599624,1785600.000000,5
1425579942368217,556800.000000,0
1425579942368634,556800.000000,1
1425579942368947,556800.000000,2
1425579942369259,556800.000000,3
1425579942369467,556800.000000,4
1425579942370092,556800.000000,5
1425579967672592,748800.000000,0
1425579967673999,748800.000000,1
1425579967675249,748800.000000,2
1425579967676499,748800.000000,3
1425579967677749,748800.000000,4
1425579967679103,748800.000000,5
1425580000926655,1363200.000000,0
1425580000927436,1363200.000000,1
1425580000928217,1363200.000000,2
1425580000928999,1363200.000000,3
1425580000929780,1363200.000000,4
1425580000930561,1363200.000000,5
1425580048877749,1555200.000000,0
1425580048878322,1555200.000000,1
1425580048878842,1555200.000000,2
1425580048879311,1555200.000000,3
1425580048879884,1555200.000000,4
1425580048880405,1555200.000000,5
1425580081479467,1363200.000000,0
1425580081480040,1363200.000000,1
1425580081480405,1363200.000000,2
1425580081480874,1363200.000000,3
1425580081481290,1363200.000000,4
1425580081481655,1363200.000000,5
1425580096839936,1555200.000000,0
1425580096840509,1555200.000000,1
1425580096841030,1555200.000000,2
1425580096841603,1555200.000000,3
1425580096842124,1555200.000000,4
1425580096842592,1555200.000000,5
1425580110764155,1363200.000000,0
1425580110764624,1363200.000000,1
1425580110764936,1363200.000000,2
1425580110765353,1363200.000000,3
1425580110765665,1363200.000000,4
1425580110766030,1363200.000000,5
1425580130051811,556800.000000,0
1425580130052853,556800.000000,1
1425580130054155,556800.000000,2
1425580130055561,556800.000000,3
1425580130056759,556800.000000,4
1425580130058061,556800.000000,5
1425580155164936,748800.000000,0
1425580155166134,748800.000000,1
1425580155167124,748800.000000,2
1425580155168165,748800.000000,3
1425580155169155,748800.000000,4
1425580155170249,748800.000000,5
1425580159367280,556800.000000,0
1425580159368374,556800.000000,1
1425580159369467,556800.000000,2
1425580159370561,556800.000000,3
1425580159371603,556800.000000,4
1425580159372592,556800.000000,5
1425580176884884,1363200.000000,0
1425580176886134,1363200.000000,1
1425580176887124,1363200.000000,2
1425580176888165,1363200.000000,3
1425580176889103,1363200.000000,4
1425580176890040,1363200.000000,5
1425580190913634,1152000.000000,0
1425580190914259,1152000.000000,1
1425580190914780,1152000.000000,2
1425580190915405,1152000.000000,3
1425580190916030,1152000.000000,4
1425580190916655,1152000.000000,5
1425580207468322,1555200.000000,0
1425580207468947,1555200.000000,1
1425580207469415,1555200.000000,2
1425580207469780,1555200.000000,3
1425580207470353,1555200.000000,4
1425580207470822,1555200.000000,5
1425580223980092,960000.000000,0
1425580223980874,960000.000000,1
1425580223981655,960000.000000,2
1425580223982436,960000.000000,3
1425580223983217,960000.000000,4
1425580223983842,960000.000000,5
1425580224032384,748800.000000,0
1425580224033061,748800.000000,1
1425580224033790,748800.000000,2
1425580224034572,748800.000000,3
1425580224035405,748800.000000,4
1425580224036342,748800.000000,5
1425580249078322,556800.000000,0
1425580249079780,556800.000000,1
1425580249081030,556800.000000,2
1425580249082280,556800.000000,3
1425580249083530,556800.000000,4
1425580249084780,556800.000000,5
1425580270354467,960000.000000,0
1425580270355717,960000.000000,1
1425580270356655,960000.000000,2
1425580270357696,960000.000000,3
1425580270358790,960000.000000,4
1425580270359936,960000.000000,5
1425580270917905,748800.000000,0
1425580270918686,748800.000000,1
1425580270919780,748800.000000,2
1425580270920717,748800.000000,3
1425580270921603,748800.000000,4
1425580270922540,748800.000000,5
1425580288918217,556800.000000,0
1425580288919884,556800.000000,1
1425580288921186,556800.000000,2
1425580288922436,556800.000000,3
1425580288923634,556800.000000,4
1425580288924884,556800.000000,5
1425580303810249,1363200.000000,0
1425580303811446,1363200.000000,1
1425580303812436,1363200.000000,2
1425580303813530,1363200.000000,3
1425580303814467,1363200.000000,4
1425580303815509,1363200.000000,5
1425580316834624,1555200.000000,0
1425580316835196,1555200.000000,1
1425580316835717,1555200.000000,2
1425580316836290,1555200.000000,3
1425580316836811,1555200.000000,4
1425580316837384,1555200.000000,5
1425580351198009,556800.000000,0
1425580351198478,556800.000000,1
1425580351198842,556800.000000,2
1425580351199259,556800.000000,3
1425580351199624,556800.000000,4
1425580351200405,556800.000000,5
1425580381358165,1555200.000000,0
1425580381359624,1555200.000000,1
1425580381360717,1555200.000000,2
1425580381361967,1555200.000000,3
1425580381363321,1555200.000000,4
1425580381364624,1555200.000000,5
1425580384931655,556800.000000,0
1425580384932228,556800.000000,1
1425580384932696,556800.000000,2
1425580384933165,556800.000000,3
1425580384933686,556800.000000,4
1425580384934936,556800.000000,5
1425580400913061,1363200.000000,0
1425580400914467,1363200.000000,1
1425580400917280,1363200.000000,2
1425580400918530,1363200.000000,3
1425580400919780,1363200.000000,4
1425580400921030,1363200.000000,5
1425580410870874,1555200.000000,0
1425580410871342,1555200.000000,1
1425580410871759,1555200.000000,2
1425580410872124,1555200.000000,3
1425580410872592,1555200.000000,4
1425580410873061,1555200.000000,5
1425580410958790,1363200.000000,0
1425580410959155,1363200.000000,1
1425580410960717,1363200.000000,2
1425580410961030,1363200.000000,3
1425580410961446,1363200.000000,4
1425580410961811,1363200.000000,5
1425580416862853,1555200.000000,0
1425580416863374,1555200.000000,1
1425580416863946,1555200.000000,2
1425580416864467,1555200.000000,3
1425580416864936,1555200.000000,4
1425580416865509,1555200.000000,5
1425580439488217,556800.000000,0
1425580439488686,556800.000000,1
1425580439489311,556800.000000,2
1425580439490561,556800.000000,3
1425580439491811,556800.000000,4
1425580439493061,556800.000000,5
1425580457081759,748800.000000,0
1425580457082905,748800.000000,1
1425580457083946,748800.000000,2
1425580457085040,748800.000000,3
1425580457086030,748800.000000,4
1425580457087228,748800.000000,5
1425580464921186,556800.000000,0
1425580464922592,556800.000000,1
1425580464923634,556800.000000,2
1425580464924571,556800.000000,3
1425580464925665,556800.000000,4
1425580464926655,556800.000000,5
1425580481189936,1555200.000000,0
1425580481191342,1555200.000000,1
1425580481192696,1555200.000000,2
1425580481193998,1555200.000000,3
1425580481195353,1555200.000000,4
1425580481196498,1555200.000000,5
1425580496859936,1785600.000000,0
1425580496860561,1785600.000000,1
1425580496860978,1785600.000000,2
1425580496861342,1785600.000000,3
1425580496861759,1785600.000000,4
1425580496862123,1785600.000000,5
1425580502371967,1996800.000000,0
1425580502372384,1996800.000000,1
1425580502372696,1996800.000000,2
1425580502373061,1996800.000000,3
1425580502373373,1996800.000000,4
1425580502373686,1996800.000000,5
1425580502433686,1785600.000000,0
1425580502433998,1785600.000000,1
1425580502434259,1785600.000000,2
1425580502434571,1785600.000000,3
1425580502434780,1785600.000000,4
1425580502435092,1785600.000000,5
1425580510895873,1555200.000000,0
1425580510896342,1555200.000000,1
1425580510896655,1555200.000000,2
1425580510896967,1555200.000000,3
1425580510898686,1555200.000000,4
1425580510899103,1555200.000000,5
1425580536984571,556800.000000,0
1425580536984936,556800.000000,1
1425580536985405,556800.000000,2
1425580536985873,556800.000000,3
1425580536986915,556800.000000,4
1425580536987853,556800.000000,5
1425580571479103,1152000.000000,0
1425580571480561,1152000.000000,1
1425580571481811,1152000.000000,2
1425580571483061,1152000.000000,3
1425580571484415,1152000.000000,4
1425580571485717,1152000.000000,5
1425580574819884,748800.000000,0
1425580574820405,748800.000000,1
1425580574820873,748800.000000,2
1425580574821446,748800.000000,3
1425580574821915,748800.000000,4
1425580574822592,748800.000000,5
1425580580989623,960000.000000,0
1425580580990509,960000.000000,1
1425580580991290,960000.000000,2
1425580580991967,960000.000000,3
1425580580992853,960000.000000,4
1425580580993634,960000.000000,5
1425580606788946,1363200.000000,0
1425580606789780,1363200.000000,1
1425580606790561,1363200.000000,2
1425580606791186,1363200.000000,3
1425580606791967,1363200.000000,4
1425580606792853,1363200.000000,5
1425580622807384,960000.000000,0
1425580622807905,960000.000000,1
1425580622808217,960000.000000,2
1425580622808790,960000.000000,3
1425580622809311,960000.000000,4
1425580622809936,960000.000000,5
1425580640866134,1555200.000000,0
1425580640866811,1555200.000000,1
1425580640867384,1555200.000000,2
1425580640868009,1555200.000000,3
1425580640868634,1555200.000000,4
1425580640869155,1555200.000000,5
1425580657441290,1996800.000000,0
1425580657441655,1996800.000000,1
1425580657441967,1996800.000000,2
1425580657442436,1996800.000000,3
1425580657442748,1996800.000000,4
1425580657443061,1996800.000000,5
1425580657751342,1555200.000000,0
1425580657751759,1555200.000000,1
1425580657751967,1555200.000000,2
1425580657752384,1555200.000000,3
1425580657752592,1555200.000000,4
1425580657752905,1555200.000000,5
1425580659573061,1996800.000000,0
1425580659573634,1996800.000000,1
1425580659573998,1996800.000000,2
1425580659574571,1996800.000000,3
1425580659574936,1996800.000000,4
1425580659575509,1996800.000000,5
1425580659734780,1555200.000000,0
1425580659735196,1555200.000000,1
1425580659735405,1555200.000000,2
1425580659735717,1555200.000000,3
1425580659736030,1555200.000000,4
1425580659736342,1555200.000000,5
1425580659868998,1996800.000000,0
1425580659869415,1996800.000000,1
1425580659869780,1996800.000000,2
1425580659870248,1996800.000000,3
1425580659870561,1996800.000000,4
1425580659870873,1996800.000000,5
1425580661326446,1555200.000000,0
1425580661326811,1555200.000000,1
1425580661327071,1555200.000000,2
1425580661327384,1555200.000000,3
1425580661327592,1555200.000000,4
1425580661327905,1555200.000000,5
1425580661382592,1996800.000000,0
1425580661382905,1996800.000000,1
1425580661383373,1996800.000000,2
1425580661383790,1996800.000000,3
1425580661384155,1996800.000000,4
1425580661384467,1996800.000000,5
1425580661988998,1555200.000000,0
1425580661989311,1555200.000000,1
1425580661989571,1555200.000000,2
1425580661989884,1555200.000000,3
1425580661990092,1555200.000000,4
1425580661990405,1555200.000000,5
1425580662024467,1996800.000000,0
1425580662024884,1996800.000000,1
1425580662025196,1996800.000000,2
1425580662025561,1996800.000000,3
1425580662025873,1996800.000000,4
1425580662026186,1996800.000000,5
1425580662210353,1555200.000000,0
1425580662210561,1555200.000000,1
1425580662210873,1555200.000000,2
1425580662211186,1555200.000000,3
1425580662211498,1555200.000000,4
1425580662211759,1555200.000000,5
1425580665323321,1996800.000000,0
1425580665323686,1996800.000000,1
1425580665323998,1996800.000000,2
1425580665324415,1996800.000000,3
1425580665324780,1996800.000000,4
1425580665325092,1996800.000000,5
1425580665358842,1555200.000000,0
1425580665359155,1555200.000000,1
1425580665359623,1555200.000000,2
1425580665359936,1555200.000000,3
1425580665360353,1555200.000000,4
1425580665360717,1555200.000000,5
1425580665646811,1996800.000000,0
1425580665647280,1996800.000000,1
1425580665647592,1996800.000000,2
1425580665648061,1996800.000000,3
1425580665648373,1996800.000000,4
1425580665648686,1996800.000000,5
1425580670858998,1363200.000000,0
1425580670859311,1363200.000000,1
1425580670859623,1363200.000000,2
1425580670859936,1363200.000000,3
1425580670860196,1363200.000000,4
1425580670860509,1363200.000000,5
1425580704848842,1785600.000000,0
1425580704849415,1785600.000000,1
1425580704849780,1785600.000000,2
1425580704850196,1785600.000000,3
1425580704850561,1785600.000000,4
1425580704850978,1785600.000000,5
1425580711796759,1555200.000000,0
1425580711797123,1555200.000000,1
1425580711797436,1555200.000000,2
1425580711797748,1555200.000000,3
1425580711798061,1555200.000000,4
1425580711798373,1555200.000000,5
1425580712222905,1785600.000000,0
1425580712223373,1785600.000000,1
1425580712223842,1785600.000000,2
1425580712224259,1785600.000000,3
1425580712224571,1785600.000000,4
1425580712224936,1785600.000000,5
1425580715815196,1555200.000000,0
1425580715815509,1555200.000000,1
1425580715815821,1555200.000000,2
1425580715816134,1555200.000000,3
1425580715816498,1555200.000000,4
1425580715816811,1555200.000000,5
1425580716895405,1785600.000000,0
1425580716895873,1785600.000000,1
1425580716896342,1785600.000000,2
1425580716896811,1785600.000000,3
1425580716897280,1785600.000000,4
1425580716897748,1785600.000000,5
1425580716990405,1555200.000000,0
1425580716990821,1555200.000000,1
1425580716991134,1555200.000000,2
1425580716991446,1555200.000000,3
1425580716991759,1555200.000000,4
1425580716992071,1555200.000000,5
1425580720863217,748800.000000,0
1425580720863686,748800.000000,1
1425580720864155,748800.000000,2
1425580720864623,748800.000000,3
1425580720865092,748800.000000,4
1425580720865717,748800.000000,5
1425580737517592,556800.000000,0
1425580737518634,556800.000000,1
1425580737519780,556800.000000,2
1425580737521030,556800.000000,3
1425580737522280,556800.000000,4
1425580737523530,556800.000000,5
1425580800957748,1363200.000000,0
1425580800959103,1363200.000000,1
1425580800960196,1363200.000000,2
1425580800961290,1363200.000000,3
1425580800962280,1363200.000000,4
1425580800963217,1363200.000000,5
1425580814977280,1785600.000000,0
1425580814977748,1785600.000000,1
1425580814978165,1785600.000000,2
1425580814978530,1785600.000000,3
1425580814978998,1785600.000000,4
1425580814979415,1785600.000000,5
1425580829732592,1555200.000000,0
1425580829733061,1555200.000000,1
1425580829733478,1555200.000000,2
1425580829733842,1555200.000000,3
1425580829734259,1555200.000000,4
1425580829734623,1555200.000000,5
1425580830861030,556800.000000,0
1425580830861446,556800.000000,1
1425580830861811,556800.000000,2
1425580830862123,556800.000000,3
1425580830862592,556800.000000,4
1425580830863217,556800.000000,5
1425580877394936,748800.000000,0
1425580877396498,748800.000000,1
1425580877397853,748800.000000,2
1425580877398998,748800.000000,3
1425580877400248,748800.000000,4
1425580877401498,748800.000000,5
1425580878969467,556800.000000,0
1425580878970717,556800.000000,1
1425580878972071,556800.000000,2
1425580878973373,556800.000000,3
1425580878974728,556800.000000,4
1425580878975978,556800.000000,5
1425580896888373,748800.000000,0
1425580896889623,748800.000000,1
1425580896890561,748800.000000,2
1425580896891603,748800.000000,3
1425580896892540,748800.000000,4
1425580896893530,748800.000000,5
1425580910876342,1363200.000000,0
1425580910877436,1363200.000000,1
1425580910878321,1363200.000000,2
1425580910879311,1363200.000000,3
1425580910880196,1363200.000000,4
1425580910881030,1363200.000000,5
1425580926785352,1785600.000000,0
1425580926785821,1785600.000000,1
1425580926786186,1785600.000000,2
1425580926786655,1785600.000000,3
1425580926787071,1785600.000000,4
1425580926787436,1785600.000000,5
1425580942828842,1363200.000000,0
1425580942829259,1363200.000000,1
1425580942829623,1363200.000000,2
1425580942830040,1363200.000000,3
1425580942830405,1363200.000000,4
1425580942830873,1363200.000000,5
1425580960189571,556800.000000,0
1425580960190873,556800.000000,1
1425580960192227,556800.000000,2
1425580960193634,556800.000000,3
1425580960194936,556800.000000,4
1425580960196134,556800.000000,5
1425580981293165,960000.000000,0
1425580981294311,960000.000000,1
1425580981295248,960000.000000,2
1425580981296186,960000.000000,3
1425580981297280,960000.000000,4
1425580981298217,960000.000000,5
1425581008919155,1363200.000000,0
1425581008920352,1363200.000000,1
1425581008920977,1363200.000000,2
1425581008921602,1363200.000000,3
1425581008922123,1363200.000000,4
1425581008922748,1363200.000000,5
1425581024888477,1152000.000000,0
1425581024888998,1152000.000000,1
1425581024889571,1152000.000000,2
1425581024890092,1152000.000000,3
1425581024890873,1152000.000000,4
1425581024891498,1152000.000000,5
1425581058566498,556800.000000,0
1425581058567905,556800.000000,1
1425581058569155,556800.000000,2
1425581058570405,556800.000000,3
1425581058571655,556800.000000,4
1425581058572905,556800.000000,5
1425581064943530,748800.000000,0
1425581064944727,748800.000000,1
1425581064945821,748800.000000,2
1425581064946811,748800.000000,3
1425581064947905,748800.000000,4
1425581064948842,748800.000000,5
1425581068898946,960000.000000,0
1425581068899780,960000.000000,1
1425581068900561,960000.000000,2
1425581068901342,960000.000000,3
1425581068902123,960000.000000,4
1425581068902748,960000.000000,5
1425581074767905,748800.000000,0
1425581074768530,748800.000000,1
1425581074769155,748800.000000,2
1425581074769884,748800.000000,3
1425581074770561,748800.000000,4
1425581074771342,748800.000000,5
1425581088877384,960000.000000,0
1425581088878217,960000.000000,1
1425581088878998,960000.000000,2
1425581088879623,960000.000000,3
1425581088880405,960000.000000,4
1425581088881186,960000.000000,5
1425581098346030,1152000.000000,0
1425581098346655,1152000.000000,1
1425581098347280,1152000.000000,2
1425581098347905,1152000.000000,3
1425581098348530,1152000.000000,4
1425581098349155,1152000.000000,5
1425581098779884,960000.000000,0
1425581098780405,960000.000000,1
1425581098780873,960000.000000,2
1425581098781498,960000.000000,3
1425581098782071,960000.000000,4
1425581098782696,960000.000000,5
1425581103383998,1363200.000000,0
1425581103384780,1363200.000000,1
1425581103385248,1363200.000000,2
1425581103385873,1363200.000000,3
1425581103386498,1363200.000000,4
1425581103387123,1363200.000000,5
1425581119111290,1152000.000000,0
1425581119111967,1152000.000000,1
1425581119112592,1152000.000000,2
1425581119113217,1152000.000000,3
1425581119113842,1152000.000000,4
1425581119114467,1152000.000000,5
1425581136872227,556800.000000,0
1425581136872904,556800.000000,1
1425581136873842,556800.000000,2
1425581136875092,556800.000000,3
1425581136876446,556800.000000,4
1425581136877748,556800.000000,5
1425581179436602,1152000.000000,0
1425581179437696,1152000.000000,1
1425581179438634,1152000.000000,2
1425581179439884,1152000.000000,3
1425581179440873,1152000.000000,4
1425581179441915,1152000.000000,5
1425581183101029,556800.000000,0
1425581183102540,556800.000000,1
1425581183103686,556800.000000,2
1425581183104936,556800.000000,3
1425581183106290,556800.000000,4
1425581183107540,556800.000000,5
1425581200888842,1363200.000000,0
1425581200890040,1363200.000000,1
1425581200891029,1363200.000000,2
1425581200892071,1363200.000000,3
1425581200893061,1363200.000000,4
1425581200894102,1363200.000000,5
1425581214874102,1785600.000000,0
1425581214874571,1785600.000000,1
1425581214875040,1785600.000000,2
1425581214875404,1785600.000000,3
1425581214875821,1785600.000000,4
1425581214876186,1785600.000000,5
1425581218059102,1555200.000000,0
1425581218059467,1555200.000000,1
1425581218059936,1555200.000000,2
1425581218060352,1555200.000000,3
1425581218060717,1555200.000000,4
1425581218061029,1555200.000000,5
1425581218368217,1785600.000000,0
1425581218368634,1785600.000000,1
1425581218368998,1785600.000000,2
1425581218369311,1785600.000000,3
1425581218369727,1785600.000000,4
1425581218370092,1785600.000000,5
1425581232839154,1555200.000000,0
1425581232839571,1555200.000000,1
1425581232839936,1555200.000000,2
1425581232840404,1555200.000000,3
1425581232840821,1555200.000000,4
1425581232841186,1555200.000000,5
1425581237735404,2227200.000000,0
1425581237735873,2227200.000000,1
1425581237736342,2227200.000000,2
1425581237736811,2227200.000000,3
1425581237737279,2227200.000000,4
1425581237737748,2227200.000000,5
1425581248923529,1363200.000000,0
1425581248923842,1363200.000000,1
1425581248923998,1363200.000000,2
1425581248924311,1363200.000000,3
1425581248924571,1363200.000000,4
1425581248924779,1363200.000000,5
1425581262752384,960000.000000,0
1425581262752904,960000.000000,1
1425581262753477,960000.000000,2
1425581262753998,960000.000000,3
1425581262754779,960000.000000,4
1425581262755509,960000.000000,5
1425581262805404,556800.000000,0
1425581262806186,556800.000000,1
1425581262807123,556800.000000,2
1425581262808477,556800.000000,3
1425581262809623,556800.000000,4
1425581262810873,556800.000000,5
1425581277677904,748800.000000,0
1425581277678998,748800.000000,1
1425581277680092,748800.000000,2
1425581277681029,748800.000000,3
1425581277682071,748800.000000,4
1425581277683009,748800.000000,5
1425581278019884,556800.000000,0
1425581278020665,556800.000000,1
1425581278021446,556800.000000,2
1425581278022227,556800.000000,3
1425581278023373,556800.000000,4
1425581278024311,556800.000000,5
1425581295542279,1363200.000000,0
1425581295543529,1363200.000000,1
1425581295544571,1363200.000000,2
1425581295545665,1363200.000000,3
1425581295546602,1363200.000000,4
1425581295547592,1363200.000000,5
1425581311643686,1785600.000000,0
1425581311644154,1785600.000000,1
1425581311644571,1785600.000000,2
1425581311644936,1785600.000000,3
1425581311645404,1785600.000000,4
1425581311645717,1785600.000000,5
1425581328953373,748800.000000,0
1425581328953790,748800.000000,1
1425581328953998,748800.000000,2
1425581328954311,748800.000000,3
1425581328954623,748800.000000,4
1425581328954936,748800.000000,5
1425581355501029,556800.000000,0
1425581355502592,556800.000000,1
1425581355503842,556800.000000,2
1425581355505248,556800.000000,3
1425581355506498,556800.000000,4
1425581355507748,556800.000000,5
1425581407023477,1363200.000000,0
1425581407024571,1363200.000000,1
1425581407025717,1363200.000000,2
1425581407026811,1363200.000000,3
1425581407027748,1363200.000000,4
1425581407028790,1363200.000000,5
1425581420863634,2745600.000000,0
1425581420864154,2745600.000000,1
1425581420864727,2745600.000000,2
1425581420865248,2745600.000000,3
1425581420865821,2745600.000000,4
1425581420866342,2745600.000000,5
1425581424823946,3532800.000000,0
1425581424824154,3532800.000000,1
1425581424824415,3532800.000000,2
1425581424824623,3532800.000000,3
1425581424824779,3532800.000000,4
1425581424825040,3532800.000000,5
1425581432817748,2745600.000000,0
1425581432818009,2745600.000000,1
1425581432818165,2745600.000000,2
1425581432818321,2745600.000000,3
1425581432818477,2745600.000000,4
1425581432818634,2745600.000000,5
1425581485703321,1555200.000000,0
1425581485703634,1555200.000000,1
1425581485703842,1555200.000000,2
1425581485704154,1555200.000000,3
1425581485704415,1555200.000000,4
1425581485704623,1555200.000000,5
1425581485711029,2745600.000000,0
1425581485711498,2745600.000000,1
1425581485712071,2745600.000000,2
1425581485712436,2745600.000000,3
1425581485713009,2745600.000000,4
1425581485713373,2745600.000000,5
1425581504890873,1996800.000000,0
1425581504891186,1996800.000000,1
1425581504891446,1996800.000000,2
1425581504891654,1996800.000000,3
1425581504891967,1996800.000000,4
1425581504892279,1996800.000000,5
1425581524903477,556800.000000,0
1425581524903842,556800.000000,1
1425581524904259,556800.000000,2
1425581524904779,556800.000000,3
1425581524905873,556800.000000,4
1425581524907123,556800.000000,5
1425581536383998,748800.000000,0
1425581536385248,748800.000000,1
1425581536386186,748800.000000,2
1425581536387123,748800.000000,3
1425581536388061,748800.000000,4
1425581536389102,748800.000000,5
1425581552863373,960000.000000,0
1425581552864623,960000.000000,1
1425581552865561,960000.000000,2
1425581552866498,960000.000000,3
1425581552867436,960000.000000,4
1425581552868373,960000.000000,5
1425581566763998,1555200.000000,0
1425581566764727,1555200.000000,1
1425581566765352,1555200.000000,2
1425581566765873,1555200.000000,3
1425581566766498,1555200.000000,4
1425581566767123,1555200.000000,5
1425581581269415,1996800.000000,0
1425581581269779,1996800.000000,1
1425581581270196,1996800.000000,2
1425581581270561,1996800.000000,3
1425581581270977,1996800.000000,4
1425581581271342,1996800.000000,5
1425581582820561,1555200.000000,0
1425581582820873,1555200.000000,1
1425581582821133,1555200.000000,2
1425581582821446,1555200.000000,3
1425581582821654,1555200.000000,4
1425581582821967,1555200.000000,5
1425581592005821,2227200.000000,0
1425581592006290,2227200.000000,1
1425581592006654,2227200.000000,2
1425581592007123,2227200.000000,3
1425581592007592,2227200.000000,4
1425581592008061,2227200.000000,5
1425581592051498,1555200.000000,0
1425581592052071,1555200.000000,1
1425581592052540,1555200.000000,2
1425581592053008,1555200.000000,3
1425581592053529,1555200.000000,4
1425581592053946,1555200.000000,5
1425581592238061,1996800.000000,0
1425581592238529,1996800.000000,1
1425581592238842,1996800.000000,2
1425581592239154,1996800.000000,3
1425581592239571,1996800.000000,4
1425581592239883,1996800.000000,5
1425581595522123,1555200.000000,0
1425581595522540,1555200.000000,1
1425581595522852,1555200.000000,2
1425581595523061,1555200.000000,3
1425581595523373,1555200.000000,4
1425581595523686,1555200.000000,5
1425581595577592,1996800.000000,0
1425581595578061,1996800.000000,1
1425581595578529,1996800.000000,2
1425581595578998,1996800.000000,3
1425581595579467,1996800.000000,4
1425581595579883,1996800.000000,5
1425581598778217,2227200.000000,0
1425581598778529,2227200.000000,1
1425581598778842,2227200.000000,2
1425581598779102,2227200.000000,3
1425581598779311,2227200.000000,4
1425581598779623,2227200.000000,5
1425581616920977,556800.000000,0
1425581616921186,556800.000000,1
1425581616921498,556800.000000,2
1425581616921758,556800.000000,3
1425581616921967,556800.000000,4
1425581616922436,556800.000000,5
1425581662308061,1152000.000000,0
1425581662309154,1152000.000000,1
1425581662310196,1152000.000000,2
1425581662311342,1152000.000000,3
1425581662312383,1152000.000000,4
1425581662313373,1152000.000000,5
1425581662451446,556800.000000,0
1425581662452123,556800.000000,1
1425581662452592,556800.000000,2
1425581662453633,556800.000000,3
1425581662454623,556800.000000,4
1425581662455717,556800.000000,5
1425581662889154,748800.000000,0
1425581662890404,748800.000000,1
1425581662891446,748800.000000,2
1425581662892436,748800.000000,3
1425581662893373,748800.000000,4
1425581662894415,748800.000000,5
1425581681490717,556800.000000,0
1425581681491967,556800.000000,1
1425581681493061,556800.000000,2
1425581681493998,556800.000000,3
1425581681495040,556800.000000,4
1425581681496029,556800.000000,5
1425581695112904,748800.000000,0
1425581695114311,748800.000000,1
1425581695115561,748800.000000,2
1425581695116758,748800.000000,3
1425581695118008,748800.000000,4
1425581695119311,748800.000000,5
1425581710950092,1363200.000000,0
1425581710950873,1363200.000000,1
1425581710951654,1363200.000000,2
1425581710952436,1363200.000000,3
1425581710953217,1363200.000000,4
1425581710954102,1363200.000000,5
1425581726011498,1555200.000000,0
1425581726011967,1555200.000000,1
1425581726012383,1555200.000000,2
1425581726012748,1555200.000000,3
1425581726013217,1555200.000000,4
1425581726013633,1555200.000000,5
1425581726187279,2227200.000000,0
1425581726187592,2227200.000000,1
1425581726187904,2227200.000000,2
1425581726188321,2227200.000000,3
1425581726188686,2227200.000000,4
1425581726189102,2227200.000000,5
1425581726425248,1555200.000000,0
1425581726425561,1555200.000000,1
1425581726425873,1555200.000000,2
1425581726426133,1555200.000000,3
1425581726426342,1555200.000000,4
1425581726426654,1555200.000000,5
1425581726455092,1363200.000000,0
1425581726455561,1363200.000000,1
1425581726455977,1363200.000000,2
1425581726456342,1363200.000000,3
1425581726456654,1363200.000000,4
1425581726457071,1363200.000000,5
1425581726878373,1785600.000000,0
1425581726878998,1785600.000000,1
1425581726879467,1785600.000000,2
1425581726880040,1785600.000000,3
1425581726880561,1785600.000000,4
1425581726881133,1785600.000000,5
1425581744050821,556800.000000,0
1425581744051290,556800.000000,1
1425581744051654,556800.000000,2
1425581744052436,556800.000000,3
1425581744053686,556800.000000,4
1425581744055040,556800.000000,5
1425581753568061,748800.000000,0
1425581753569467,748800.000000,1
1425581753570873,748800.000000,2
1425581753572227,748800.000000,3
1425581753573477,748800.000000,4
1425581753574779,748800.000000,5
1425581753957436,556800.000000,0
1425581753958477,556800.000000,1
1425581753959779,556800.000000,2
1425581753960821,556800.000000,3
1425581753961811,556800.000000,4
1425581753962852,556800.000000,5
1425581781086498,960000.000000,0
1425581781087592,960000.000000,1
1425581781088633,960000.000000,2
1425581781089623,960000.000000,3
1425581781090665,960000.000000,4
1425581781091654,960000.000000,5
1425581791101029,748800.000000,0
1425581791101915,748800.000000,1
1425581791102852,748800.000000,2
1425581791103842,748800.000000,3
1425581791104883,748800.000000,4
1425581791105821,748800.000000,5
1425581808255665,1363200.000000,0
1425581808256654,1363200.000000,1
1425581808257592,1363200.000000,2
1425581808258529,1363200.000000,3
1425581808259571,1363200.000000,4
1425581808260508,1363200.000000,5
1425581808428685,1555200.000000,0
1425581808429310,1555200.000000,1
1425581808429779,1555200.000000,2
1425581808430404,1555200.000000,3
1425581808430873,1555200.000000,4
1425581808431342,1555200.000000,5
1425581809033998,1363200.000000,0
1425581809034310,1363200.000000,1
1425581809034727,1363200.000000,2
1425581809035092,1363200.000000,3
1425581809035508,1363200.000000,4
1425581809035873,1363200.000000,5
1425581809094467,2227200.000000,0
1425581809094935,2227200.000000,1
1425581809095508,2227200.000000,2
1425581809096029,2227200.000000,3
1425581809096498,2227200.000000,4
1425581809097071,2227200.000000,5
1425581823641810,960000.000000,0
1425581823642123,960000.000000,1
1425581823642383,960000.000000,2
1425581823642592,960000.000000,3
1425581823642904,960000.000000,4
1425581823643165,960000.000000,5
1425581844686498,556800.000000,0
1425581844687279,556800.000000,1
1425581844688008,556800.000000,2
1425581844688998,556800.000000,3
1425581844690092,556800.000000,4
1425581844691185,556800.000000,5
1425581849126498,748800.000000,0
1425581849127540,748800.000000,1
1425581849128633,748800.000000,2
1425581849129571,748800.000000,3
1425581849130665,748800.000000,4
1425581849131654,748800.000000,5
1425581856887592,556800.000000,0
1425581856888842,556800.000000,1
1425581856889883,556800.000000,2
1425581856890873,556800.000000,3
1425581856891915,556800.000000,4
1425581856893008,556800.000000,5
1425581881120665,960000.000000,0
1425581881121967,960000.000000,1
1425581881123008,960000.000000,2
1425581881123998,960000.000000,3
1425581881125040,960000.000000,4
1425581881126133,960000.000000,5
1425581886817592,1363200.000000,0
1425581886818321,1363200.000000,1
1425581886818998,1363200.000000,2
1425581886819571,1363200.000000,3
1425581886820092,1363200.000000,4
1425581886820717,1363200.000000,5
1425581902746810,1785600.000000,0
1425581902747435,1785600.000000,1
1425581902748060,1785600.000000,2
1425581902748529,1785600.000000,3
1425581902748998,1785600.000000,4
1425581902749571,1785600.000000,5
1425581920930196,556800.000000,0
1425581920930873,556800.000000,1
1425581920932123,556800.000000,2
1425581920933373,556800.000000,3
1425581920934623,556800.000000,4
1425581920935873,556800.000000,5
1425581950137123,748800.000000,0
1425581950138217,748800.000000,1
1425581950139310,748800.000000,2
1425581950140352,748800.000000,3
1425581950141446,748800.000000,4
1425581950142383,748800.000000,5
1425581951442435,556800.000000,0
1425581951443529,556800.000000,1
1425581951444571,556800.000000,2
1425581951445560,556800.000000,3
1425581951446498,556800.000000,4
1425581951447435,556800.000000,5
1425581952936915,748800.000000,0
1425581952937904,748800.000000,1
1425581952938998,748800.000000,2
1425581952940092,748800.000000,3
1425581952941185,748800.000000,4
1425581952942227,748800.000000,5
1425581953598060,556800.000000,0
1425581953598842,556800.000000,1
1425581953599623,556800.000000,2
1425581953600404,556800.000000,3
1425581953601498,556800.000000,4
1425581953602540,556800.000000,5
1425581962789727,748800.000000,0
1425581962791290,748800.000000,1
1425581962792435,748800.000000,2
1425581962793685,748800.000000,3
1425581962794935,748800.000000,4
1425581962796290,748800.000000,5
1425581968901290,556800.000000,0
1425581968902279,556800.000000,1
1425581968903685,556800.000000,2
1425581968904935,556800.000000,3
1425581968906185,556800.000000,4
1425581968907540,556800.000000,5
1425581998828633,1363200.000000,0
1425581998830092,1363200.000000,1
1425581998831342,1363200.000000,2
1425581998832592,1363200.000000,3
1425581998833790,1363200.000000,4
1425581998834935,1363200.000000,5
1425582006103477,1555200.000000,0
1425582006103946,1555200.000000,1
1425582006104310,1555200.000000,2
1425582006104779,1555200.000000,3
1425582006105092,1555200.000000,4
1425582006105560,1555200.000000,5
1425582014237592,1785600.000000,0
1425582014238008,1785600.000000,1
1425582014238321,1785600.000000,2
1425582014238685,1785600.000000,3
1425582014238998,1785600.000000,4
1425582014239310,1785600.000000,5
1425582032869154,2745600.000000,0
1425582032869467,2745600.000000,1
1425582032869779,2745600.000000,2
1425582032870092,2745600.000000,3
1425582032870404,2745600.000000,4
1425582032870717,2745600.000000,5
1425582046806185,1555200.000000,0
1425582046806446,1555200.000000,1
1425582046806654,1555200.000000,2
1425582046806810,1555200.000000,3
1425582046807071,1555200.000000,4
1425582046807279,1555200.000000,5
1425582064851029,1363200.000000,0
1425582064851654,1363200.000000,1
1425582064852227,1363200.000000,2
1425582064852748,1363200.000000,3
1425582064853321,1363200.000000,4
1425582064853842,1363200.000000,5
1425582081395092,1785600.000000,0
1425582081395560,1785600.000000,1
1425582081396029,1785600.000000,2
1425582081396446,1785600.000000,3
1425582081396810,1785600.000000,4
1425582081397227,1785600.000000,5
1425582096005040,1996800.000000,0
1425582096005508,1996800.000000,1
1425582096005873,1996800.000000,2
1425582096006290,1996800.000000,3
1425582096006758,1996800.000000,4
1425582096007123,1996800.000000,5
1425582107559779,1555200.000000,0
1425582107560248,1555200.000000,1
1425582107560560,1555200.000000,2
1425582107560977,1555200.000000,3
1425582107561342,1555200.000000,4
1425582107561758,1555200.000000,5
1425582107977540,1996800.000000,0
1425582107977904,1996800.000000,1
1425582107978373,1996800.000000,2
1425582107978685,1996800.000000,3
1425582107979102,1996800.000000,4
1425582107979467,1996800.000000,5
1425582108361133,1555200.000000,0
1425582108361342,1555200.000000,1
1425582108361654,1555200.000000,2
1425582108361967,1555200.000000,3
1425582108362279,1555200.000000,4
1425582108362540,1555200.000000,5
1425582112838790,1363200.000000,0
1425582112839258,1363200.000000,1
1425582112839727,1363200.000000,2
1425582112840196,1363200.000000,3
1425582112840665,1363200.000000,4
1425582112841185,1363200.000000,5
1425582128918842,556800.000000,0
1425582128919467,556800.000000,1
1425582128920717,556800.000000,2
1425582128921967,556800.000000,3
1425582128923217,556800.000000,4
1425582128924467,556800.000000,5
1425582180451185,1363200.000000,0
1425582180452592,1363200.000000,1
1425582180453998,1363200.000000,2
1425582180455248,1363200.000000,3
1425582180456602,1363200.000000,4
1425582180457904,1363200.000000,5
1425582183050821,960000.000000,0
1425582183051342,960000.000000,1
1425582183051810,960000.000000,2
1425582183052279,960000.000000,3
1425582183052852,960000.000000,4
1425582183053373,960000.000000,5
1425582189616758,1363200.000000,0
1425582189617435,1363200.000000,1
1425582189618060,1363200.000000,2
1425582189618685,1363200.000000,3
1425582189619310,1363200.000000,4
1425582189619883,1363200.000000,5
1425582204945560,1555200.000000,0
1425582204946029,1555200.000000,1
1425582204946446,1555200.000000,2
1425582204946810,1555200.000000,3
1425582204947279,1555200.000000,4
1425582204947748,1555200.000000,5
1425582205288060,1363200.000000,0
1425582205288529,1363200.000000,1
1425582205288842,1363200.000000,2
1425582205289154,1363200.000000,3
1425582205289623,1363200.000000,4
1425582205289935,1363200.000000,5
1425582205405717,1555200.000000,0
1425582205406185,1555200.000000,1
1425582205406654,1555200.000000,2
1425582205407071,1555200.000000,3
1425582205407435,1555200.000000,4
1425582205407904,1555200.000000,5
1425582205578217,1363200.000000,0
1425582205578529,1363200.000000,1
1425582205578946,1363200.000000,2
1425582205579310,1363200.000000,3
1425582205579623,1363200.000000,4
1425582205579935,1363200.000000,5
1425582206786602,1785600.000000,0
1425582206787123,1785600.000000,1
1425582206787696,1785600.000000,2
1425582206788217,1785600.000000,3
1425582206788685,1785600.000000,4
1425582206789154,1785600.000000,5
1425582209432435,2400000.000000,0
1425582209433008,2400000.000000,1
1425582209433321,2400000.000000,2
1425582209433529,2400000.000000,3
1425582209433842,2400000.000000,4
1425582209434258,2400000.000000,5
1425582209674154,1785600.000000,0
1425582209674415,1785600.000000,1
1425582209674623,1785600.000000,2
1425582209674935,1785600.000000,3
1425582209675092,1785600.000000,4
1425582209675404,1785600.000000,5
1425582210258165,1996800.000000,0
1425582210258529,1996800.000000,1
1425582210258946,1996800.000000,2
1425582210259310,1996800.000000,3
1425582210259727,1996800.000000,4
1425582210260092,1996800.000000,5
1425582214373321,1785600.000000,0
1425582214373633,1785600.000000,1
1425582214373842,1785600.000000,2
1425582214374154,1785600.000000,3
1425582214374415,1785600.000000,4
1425582214374727,1785600.000000,5
1425582222800873,1363200.000000,0
1425582222801289,1363200.000000,1
1425582222801602,1363200.000000,2
1425582222801914,1363200.000000,3
1425582222802227,1363200.000000,4
1425582222802592,1363200.000000,5
1425582239377227,556800.000000,0
1425582239377696,556800.000000,1
1425582239378217,556800.000000,2
1425582239378842,556800.000000,3
1425582239380196,556800.000000,4
1425582239381602,556800.000000,5
1425582259013164,748800.000000,0
1425582259014310,748800.000000,1
1425582259015404,748800.000000,2
1425582259016446,748800.000000,3
1425582259017435,748800.000000,4
1425582259018529,748800.000000,5
1425582259847227,556800.000000,0
1425582259848060,556800.000000,1
1425582259848946,556800.000000,2
1425582259850039,556800.000000,3
1425582259851029,556800.000000,4
1425582259851967,556800.000000,5
1425582275497123,1555200.000000,0
1425582275501029,1555200.000000,1
1425582275502279,1555200.000000,2
1425582275503529,1555200.000000,3
1425582275504779,1555200.000000,4
1425582275506133,1555200.000000,5
1425582276053842,556800.000000,0
1425582276054310,556800.000000,1
1425582276054779,556800.000000,2
1425582276055248,556800.000000,3
1425582276055717,556800.000000,4
1425582276056185,556800.000000,5
1425582276216029,748800.000000,0
1425582276217279,748800.000000,1
1425582276218321,748800.000000,2
1425582276219414,748800.000000,3
1425582276220404,748800.000000,4
1425582276221342,748800.000000,5
1425582281870404,960000.000000,0
1425582281871342,960000.000000,1
1425582281872123,960000.000000,2
1425582281872904,960000.000000,3
1425582281873633,960000.000000,4
1425582281874467,960000.000000,5
1425582288875248,556800.000000,0
1425582288875873,556800.000000,1
1425582288876498,556800.000000,2
1425582288877383,556800.000000,3
1425582288878373,556800.000000,4
1425582288879310,556800.000000,5
1425582304881654,1363200.000000,0
1425582304882852,1363200.000000,1
1425582304883842,1363200.000000,2
1425582304884779,1363200.000000,3
1425582304885873,1363200.000000,4
1425582304886810,1363200.000000,5
1425582320852435,1785600.000000,0
1425582320853008,1785600.000000,1
1425582320853373,1785600.000000,2
1425582320853842,1785600.000000,3
1425582320854310,1785600.000000,4
1425582320854623,1785600.000000,5
1425582336859467,1555200.000000,0
1425582336859779,1555200.000000,1
1425582336860092,1555200.000000,2
1425582336860508,1555200.000000,3
1425582336860821,1555200.000000,4
1425582336861185,1555200.000000,5
1425582347887071,2227200.000000,0
1425582347887435,2227200.000000,1
1425582347887748,2227200.000000,2
1425582347888164,2227200.000000,3
1425582347888529,2227200.000000,4
1425582347888842,2227200.000000,5
1425582347953060,1555200.000000,0
1425582347953477,1555200.000000,1
1425582347953685,1555200.000000,2
1425582347953946,1555200.000000,3
1425582347954154,1555200.000000,4
1425582347954467,1555200.000000,5
1425582348970873,2227200.000000,0
1425582348971289,2227200.000000,1
1425582348971654,2227200.000000,2
1425582348971967,2227200.000000,3
1425582348972383,2227200.000000,4
1425582348972748,2227200.000000,5
1425582352839779,1785600.000000,0
1425582352840196,1785600.000000,1
1425582352840508,1785600.000000,2
1425582352840821,1785600.000000,3
1425582352841133,1785600.000000,4
1425582352841446,1785600.000000,5
1425582363546185,1555200.000000,0
1425582363546602,1555200.000000,1
1425582363546914,1555200.000000,2
1425582363547227,1555200.000000,3
1425582363547539,1555200.000000,4
1425582363547852,1555200.000000,5
1425582363727435,1785600.000000,0
1425582363727852,1785600.000000,1
1425582363728217,1785600.000000,2
1425582363728529,1785600.000000,3
1425582363728842,1785600.000000,4
1425582363729310,1785600.000000,5
1425582367278685,748800.000000,0
1425582367279102,748800.000000,1
1425582367279467,748800.000000,2
1425582367279883,748800.000000,3
1425582367280248,748800.000000,4
1425582367280717,748800.000000,5
1425582384893529,556800.000000,0
1425582384894779,556800.000000,1
1425582384895717,556800.000000,2
1425582384896758,556800.000000,3
1425582384897748,556800.000000,4
1425582384898789,556800.000000,5
1425582400882279,1363200.000000,0
1425582400883373,1363200.000000,1
1425582400884414,1363200.000000,2
1425582400885404,1363200.000000,3
1425582400886342,1363200.000000,4
1425582400887383,1363200.000000,5
1425582415995717,1785600.000000,0
1425582415996133,1785600.000000,1
1425582415996602,1785600.000000,2
1425582415996967,1785600.000000,3
1425582415997383,1785600.000000,4
1425582415997748,1785600.000000,5
1425582422989779,1555200.000000,0
1425582422990092,1555200.000000,1
1425582422990508,1555200.000000,2
1425582422990821,1555200.000000,3
1425582422991133,1555200.000000,4
1425582422991446,1555200.000000,5
1425582430936602,960000.000000,0
1425582430936967,960000.000000,1
1425582430937592,960000.000000,2
1425582430938217,960000.000000,3
1425582430938789,960000.000000,4
1425582430939310,960000.000000,5
1425582463267748,748800.000000,0
1425582463268633,748800.000000,1
1425582463269414,748800.000000,2
1425582463270196,748800.000000,3
1425582463270977,748800.000000,4
1425582463271758,748800.000000,5
1425582463318529,556800.000000,0
1425582463319310,556800.000000,1
1425582463320091,556800.000000,2
1425582463320821,556800.000000,3
1425582463321966,556800.000000,4
1425582463322904,556800.000000,5
1425582495009883,1363200.000000,0
1425582495011029,1363200.000000,1
1425582495012071,1363200.000000,2
1425582495013060,1363200.000000,3
1425582495013998,1363200.000000,4
1425582495014935,1363200.000000,5
1425582506176185,1785600.000000,0
1425582506176758,1785600.000000,1
1425582506177279,1785600.000000,2
1425582506177852,1785600.000000,3
1425582506178321,1785600.000000,4
1425582506178841,1785600.000000,5
1425582506183789,1363200.000000,0
1425582506184310,1363200.000000,1
1425582506184779,1363200.000000,2
1425582506185352,1363200.000000,3
1425582506185873,1363200.000000,4
1425582506186341,1363200.000000,5
1425582506239466,1555200.000000,0
1425582506239935,1555200.000000,1
1425582506240560,1555200.000000,2
1425582506241029,1555200.000000,3
1425582506241654,1555200.000000,4
1425582506242123,1555200.000000,5
1425582506515196,1363200.000000,0
1425582506515560,1363200.000000,1
1425582506515977,1363200.000000,2
1425582506516341,1363200.000000,3
1425582506516654,1363200.000000,4
1425582506517071,1363200.000000,5
1425582511121029,1555200.000000,0
1425582511121498,1555200.000000,1
1425582511121966,1555200.000000,2
1425582511122435,1555200.000000,3
1425582511122852,1555200.000000,4
1425582511123321,1555200.000000,5
1425582511148529,1785600.000000,0
1425582511148946,1785600.000000,1
1425582511149310,1785600.000000,2
1425582511149623,1785600.000000,3
1425582511150039,1785600.000000,4
1425582511150404,1785600.000000,5
1425582528871185,748800.000000,0
1425582528871654,748800.000000,1
1425582528872071,748800.000000,2
1425582528872435,748800.000000,3
1425582528872904,748800.000000,4
1425582528873373,748800.000000,5
1425582542847279,556800.000000,0
1425582542848373,556800.000000,1
1425582542849414,556800.000000,2
1425582542850404,556800.000000,3
1425582542851341,556800.000000,4
1425582542852279,556800.000000,5
1425582577575716,1555200.000000,0
1425582577576810,1555200.000000,1
1425582577577904,1555200.000000,2
1425582577578998,1555200.000000,3
1425582577580196,1555200.000000,4
1425582577581185,1555200.000000,5
1425582592866810,1363200.000000,0
1425582592867591,1363200.000000,1
1425582592868008,1363200.000000,2
1425582592868373,1363200.000000,3
1425582592868685,1363200.000000,4
1425582592869154,1363200.000000,5
1425582608610352,1555200.000000,0
1425582608610821,1555200.000000,1
1425582608611185,1555200.000000,2
1425582608611654,1555200.000000,3
1425582608612071,1555200.000000,4
1425582608612435,1555200.000000,5
1425582624198946,960000.000000,0
1425582624199466,960000.000000,1
1425582624199935,960000.000000,2
1425582624200664,960000.000000,3
1425582624201446,960000.000000,4
1425582624202227,960000.000000,5
1425582658838060,556800.000000,0
1425582658839571,556800.000000,1
1425582658840716,556800.000000,2
1425582658842071,556800.000000,3
1425582658843321,556800.000000,4
1425582658844571,556800.000000,5
1425582681110821,1555200.000000,0
1425582681112071,1555200.000000,1
1425582681113060,1555200.000000,2
1425582681114102,1555200.000000,3
1425582681115091,1555200.000000,4
1425582681116185,1555200.000000,5
1425582688858321,748800.000000,0
1425582688858789,748800.000000,1
1425582688859154,748800.000000,2
1425582688859466,748800.000000,3
1425582688859779,748800.000000,4
1425582688860196,748800.000000,5
1425582704871498,1363200.000000,0
1425582704872279,1363200.000000,1
1425582704873216,1363200.000000,2
1425582704873998,1363200.000000,3
1425582704874779,1363200.000000,4
1425582704875508,1363200.000000,5
1425582719577748,960000.000000,0
1425582719578477,960000.000000,1
1425582719579102,960000.000000,2
1425582719579779,960000.000000,3
1425582719580664,960000.000000,4
1425582719581341,960000.000000,5
1425582749481498,556800.000000,0
1425582749482696,556800.000000,1
1425582749483685,556800.000000,2
1425582749484779,556800.000000,3
1425582749485873,556800.000000,4
1425582749486966,556800.000000,5
1425582768945664,748800.000000,0
1425582768946810,748800.000000,1
1425582768947904,748800.000000,2
1425582768948998,748800.000000,3
1425582768949935,748800.000000,4
1425582768950977,748800.000000,5
1425582769002696,556800.000000,0
1425582769003946,556800.000000,1
1425582769004935,556800.000000,2
1425582769005873,556800.000000,3
1425582769006914,556800.000000,4
1425582769007904,556800.000000,5
1425582778140560,748800.000000,0
1425582778141498,748800.000000,1
1425582778142591,748800.000000,2
1425582778143633,748800.000000,3
1425582778144727,748800.000000,4
1425582778145716,748800.000000,5
1425582778503216,556800.000000,0
1425582778504154,556800.000000,1
1425582778505248,556800.000000,2
1425582778506498,556800.000000,3
1425582778507539,556800.000000,4
1425582778508477,556800.000000,5
1425582781405977,960000.000000,0
1425582781407123,960000.000000,1
1425582781408164,960000.000000,2
1425582781409154,960000.000000,3
1425582781410196,960000.000000,4
1425582781411185,960000.000000,5
1425582784909779,556800.000000,0
1425582784911133,556800.000000,1
1425582784914102,556800.000000,2
1425582784915352,556800.000000,3
1425582784916654,556800.000000,4
1425582784917904,556800.000000,5
1425582800943946,1363200.000000,0
1425582800945091,1363200.000000,1
1425582800946185,1363200.000000,2
1425582800947227,1363200.000000,3
1425582800948216,1363200.000000,4
1425582800949310,1363200.000000,5
1425582814836810,1785600.000000,0
1425582814837279,1785600.000000,1
1425582814837748,1785600.000000,2
1425582814838164,1785600.000000,3
1425582814838529,1785600.000000,4
1425582814838946,1785600.000000,5
1425582832910716,556800.000000,0
1425582832911185,556800.000000,1
1425582832911602,556800.000000,2
1425582832911966,556800.000000,3
1425582832913008,556800.000000,4
1425582832914258,556800.000000,5
1425582896893216,748800.000000,0
1425582896894466,748800.000000,1
1425582896895404,748800.000000,2
1425582896896498,748800.000000,3
1425582896897539,748800.000000,4
1425582896898529,748800.000000,5
1425582910871498,1363200.000000,0
1425582910872695,1363200.000000,1
1425582910873633,1363200.000000,2
1425582910874466,1363200.000000,3
1425582910875404,1363200.000000,4
1425582910876289,1363200.000000,5
1425582928878685,1152000.000000,0
1425582928879414,1152000.000000,1
1425582928880039,1152000.000000,2
1425582928880560,1152000.000000,3
1425582928881185,1152000.000000,4
1425582928881966,1152000.000000,5
1425582943307279,1555200.000000,0
1425582943307904,1555200.000000,1
1425582943308529,1555200.000000,2
1425582943309154,1555200.000000,3
1425582943309779,1555200.000000,4
1425582943310404,1555200.000000,5
1425582943367748,1785600.000000,0
1425582943368216,1785600.000000,1
1425582943368685,1785600.000000,2
1425582943369154,1785600.000000,3
1425582943369623,1785600.000000,4
1425582943370091,1785600.000000,5
1425582943434258,1555200.000000,0
1425582943434623,1555200.000000,1
1425582943435039,1555200.000000,2
1425582943435404,1555200.000000,3
1425582943435873,1555200.000000,4
1425582943436289,1555200.000000,5
1425582960154154,556800.000000,0
1425582960154623,556800.000000,1
1425582960155039,556800.000000,2
1425582960155404,556800.000000,3
1425582960155873,556800.000000,4
1425582960156758,556800.000000,5
1425582981386029,960000.000000,0
1425582981387383,960000.000000,1
1425582981388320,960000.000000,2
1425582981389310,960000.000000,3
1425582981390248,960000.000000,4
1425582981391498,960000.000000,5
1425583008957070,1363200.000000,0
1425583008957695,1363200.000000,1
1425583008958216,1363200.000000,2
1425583008958789,1363200.000000,3
1425583008959310,1363200.000000,4
1425583008959935,1363200.000000,5
1425583024888685,748800.000000,0
1425583024889310,748800.000000,1
1425583024890039,748800.000000,2
1425583024891029,748800.000000,3
1425583024891966,748800.000000,4
1425583024893008,748800.000000,5
1425583043842748,556800.000000,0
1425583043843685,556800.000000,1
1425583043844623,556800.000000,2
1425583043845977,556800.000000,3
1425583043847227,556800.000000,4
1425583043848477,556800.000000,5
1425583064901029,748800.000000,0
1425583064902227,748800.000000,1
1425583064903164,748800.000000,2
1425583064904310,748800.000000,3
1425583064905352,748800.000000,4
1425583064906341,748800.000000,5
1425583071079570,556800.000000,0
1425583071081029,556800.000000,1
1425583071082279,556800.000000,2
1425583071083633,556800.000000,3
1425583071084935,556800.000000,4
1425583071086185,556800.000000,5
1425583103517122,1363200.000000,0
1425583103518320,1363200.000000,1
1425583103519310,1363200.000000,2
1425583103520247,1363200.000000,3
1425583103521341,1363200.000000,4
1425583103522435,1363200.000000,5
1425583116858633,1785600.000000,0
1425583116858997,1785600.000000,1
1425583116859466,1785600.000000,2
1425583116859935,1785600.000000,3
1425583116860352,1785600.000000,4
1425583116860716,1785600.000000,5
1425583116892383,1363200.000000,0
1425583116892747,1363200.000000,1
1425583116893216,1363200.000000,2
1425583116893529,1363200.000000,3
1425583116893997,1363200.000000,4
1425583116894414,1363200.000000,5
1425583116903372,1555200.000000,0
1425583116903997,1555200.000000,1
1425583116904466,1555200.000000,2
1425583116904935,1555200.000000,3
1425583116905404,1555200.000000,4
1425583116906029,1555200.000000,5
1425583124421497,1785600.000000,0
1425583124421966,1785600.000000,1
1425583124422383,1785600.000000,2
1425583124422747,1785600.000000,3
1425583124423060,1785600.000000,4
1425583124423529,1785600.000000,5
1425583124628789,1555200.000000,0
1425583124629154,1555200.000000,1
1425583124629466,1555200.000000,2
1425583124629779,1555200.000000,3
1425583124630091,1555200.000000,4
1425583124630508,1555200.000000,5
1425583124868529,1785600.000000,0
1425583124868997,1785600.000000,1
1425583124869466,1785600.000000,2
1425583124869935,1785600.000000,3
1425583124870404,1785600.000000,4
1425583124870977,1785600.000000,5
1425583136868529,960000.000000,0
1425583136868997,960000.000000,1
1425583136869310,960000.000000,2
1425583136869727,960000.000000,3
1425583136870247,960000.000000,4
1425583136870872,960000.000000,5
1425583152938372,556800.000000,0
1425583152939935,556800.000000,1
1425583152941185,556800.000000,2
1425583152942539,556800.000000,3
1425583152943685,556800.000000,4
1425583152944883,556800.000000,5
1425583181170352,1555200.000000,0
1425583181171497,1555200.000000,1
1425583181172591,1555200.000000,2
1425583181173685,1555200.000000,3
1425583181174622,1555200.000000,4
1425583181175716,1555200.000000,5
1425583183202747,556800.000000,0
1425583183203216,556800.000000,1
1425583183203685,556800.000000,2
1425583183204154,556800.000000,3
1425583183205195,556800.000000,4
1425583183206497,556800.000000,5
1425583190294883,748800.000000,0
1425583190296133,748800.000000,1
1425583190297122,748800.000000,2
1425583190298216,748800.000000,3
1425583190299258,748800.000000,4
1425583190300247,748800.000000,5
1425583190959935,556800.000000,0
1425583190960820,556800.000000,1
1425583190961497,556800.000000,2
1425583190962279,556800.000000,3
1425583190963372,556800.000000,4
1425583190964414,556800.000000,5
1425583198882852,1363200.000000,0
1425583198883997,1363200.000000,1
1425583198885039,1363200.000000,2
1425583198886029,1363200.000000,3
1425583198887070,1363200.000000,4
1425583198888060,1363200.000000,5
1425583214781497,1555200.000000,0
1425583214782122,1555200.000000,1
1425583214782591,1555200.000000,2
1425583214783164,1555200.000000,3
1425583214783633,1555200.000000,4
1425583214784154,1555200.000000,5
1425583231730247,748800.000000,0
1425583231730664,748800.000000,1
1425583231731029,748800.000000,2
1425583231731341,748800.000000,3
1425583231731758,748800.000000,4
1425583231732122,748800.000000,5
1425583248889570,556800.000000,0
1425583248890820,556800.000000,1
1425583248891810,556800.000000,2
1425583248892747,556800.000000,3
1425583248893841,556800.000000,4
1425583248894779,556800.000000,5
1425583264875091,1363200.000000,0
1425583264876185,1363200.000000,1
1425583264877227,1363200.000000,2
1425583264878216,1363200.000000,3
1425583264879258,1363200.000000,4
1425583264880247,1363200.000000,5
1425583280854935,1555200.000000,0
1425583280855352,1555200.000000,1
1425583280855716,1555200.000000,2
1425583280856185,1555200.000000,3
1425583280856602,1555200.000000,4
1425583280856966,1555200.000000,5
1425583292205404,1785600.000000,0
1425583292205820,1785600.000000,1
1425583292206185,1785600.000000,2
1425583292206602,1785600.000000,3
1425583292206966,1785600.000000,4
1425583292207279,1785600.000000,5
1425583292521654,1555200.000000,0
1425583292522070,1555200.000000,1
1425583292522383,1555200.000000,2
1425583292522695,1555200.000000,3
1425583292523008,1555200.000000,4
1425583292523372,1555200.000000,5
1425583292545508,1785600.000000,0
1425583292545872,1785600.000000,1
1425583292546341,1785600.000000,2
1425583292546654,1785600.000000,3
1425583292546966,1785600.000000,4
1425583292547383,1785600.000000,5
1425583294742695,1996800.000000,0
1425583294743164,1996800.000000,1
1425583294743529,1996800.000000,2
1425583294743841,1996800.000000,3
1425583294744310,1996800.000000,4
1425583294744622,1996800.000000,5
1425583294955872,1785600.000000,0
1425583294956289,1785600.000000,1
1425583294956497,1785600.000000,2
1425583294956810,1785600.000000,3
1425583294957122,1785600.000000,4
1425583294957435,1785600.000000,5
1425583295643060,1996800.000000,0
1425583295643477,1996800.000000,1
1425583295643789,1996800.000000,2
1425583295644102,1996800.000000,3
1425583295644414,1996800.000000,4
1425583295644779,1996800.000000,5
1425583295925247,1785600.000000,0
1425583295925560,1785600.000000,1
1425583295925872,1785600.000000,2
1425583295926133,1785600.000000,3
1425583295926445,1785600.000000,4
1425583295926654,1785600.000000,5
1425583296060404,1996800.000000,0
1425583296060716,1996800.000000,1
1425583296060977,1996800.000000,2
1425583296061289,1996800.000000,3
1425583296061602,1996800.000000,4
1425583296061966,1996800.000000,5
1425583296362435,1785600.000000,0
1425583296362852,1785600.000000,1
1425583296363216,1785600.000000,2
1425583296363529,1785600.000000,3
1425583296363945,1785600.000000,4
1425583296364258,1785600.000000,5
1425583296405872,1996800.000000,0
1425583296406185,1996800.000000,1
1425583296406497,1996800.000000,2
1425583296406810,1996800.000000,3
1425583296407122,1996800.000000,4
1425583296407435,1996800.000000,5
1425583298876445,1785600.000000,0
1425583298876810,1785600.000000,1
1425583298877227,1785600.000000,2
1425583298877591,1785600.000000,3
1425583298877904,1785600.000000,4
1425583298878216,1785600.000000,5
1425583299273997,1996800.000000,0
1425583299274310,1996800.000000,1
1425583299274622,1996800.000000,2
1425583299274935,1996800.000000,3
1425583299275247,1996800.000000,4
1425583299275560,1996800.000000,5
1425583299575247,1785600.000000,0
1425583299575560,1785600.000000,1
1425583299575872,1785600.000000,2
1425583299576185,1785600.000000,3
1425583299576445,1785600.000000,4
1425583299576654,1785600.000000,5
1425583299668529,1996800.000000,0
1425583299668945,1996800.000000,1
1425583299669258,1996800.000000,2
1425583299669570,1996800.000000,3
1425583299669883,1996800.000000,4
1425583299670195,1996800.000000,5
1425583312944883,1152000.000000,0
1425583312945247,1152000.000000,1
1425583312945664,1152000.000000,2
1425583312946185,1152000.000000,3
1425583312946810,1152000.000000,4
1425583312947435,1152000.000000,5
1425583328870560,556800.000000,0
1425583328871341,556800.000000,1
1425583328871966,556800.000000,2
1425583328873216,556800.000000,3
1425583328874466,556800.000000,4
1425583328875664,556800.000000,5
1425583348485560,748800.000000,0
1425583348486654,748800.000000,1
1425583348487695,748800.000000,2
1425583348488633,748800.000000,3
1425583348489622,748800.000000,4
1425583348490664,748800.000000,5
1425583359165560,1555200.000000,0
1425583359166654,1555200.000000,1
1425583359167591,1555200.000000,2
1425583359168477,1555200.000000,3
1425583359169414,1555200.000000,4
1425583359170352,1555200.000000,5
1425583359276810,748800.000000,0
1425583359277279,748800.000000,1
1425583359277747,748800.000000,2
1425583359278060,748800.000000,3
1425583359278477,748800.000000,4
1425583359278789,748800.000000,5
1425583359906185,556800.000000,0
1425583359907070,556800.000000,1
1425583359907904,556800.000000,2
1425583359908997,556800.000000,3
1425583359909935,556800.000000,4
1425583359910977,556800.000000,5
1425583381787122,1152000.000000,0
1425583381788372,1152000.000000,1
1425583381789414,1152000.000000,2
1425583381790560,1152000.000000,3
1425583381791602,1152000.000000,4
1425583381792591,1152000.000000,5
1425583391390247,960000.000000,0
1425583391390872,960000.000000,1
1425583391391341,960000.000000,2
1425583391391810,960000.000000,3
1425583391392435,960000.000000,4
1425583391393060,960000.000000,5
1425583406966758,1363200.000000,0
1425583406967383,1363200.000000,1
1425583406968008,1363200.000000,2
1425583406968685,1363200.000000,3
1425583406969154,1363200.000000,4
1425583406969779,1363200.000000,5
1425583420321654,1785600.000000,0
1425583420322227,1785600.000000,1
1425583420322591,1785600.000000,2
1425583420323008,1785600.000000,3
1425583420323372,1785600.000000,4
1425583420323841,1785600.000000,5
1425583420600404,1555200.000000,0
1425583420600716,1555200.000000,1
1425583420601029,1555200.000000,2
1425583420601341,1555200.000000,3
1425583420601654,1555200.000000,4
1425583420601966,1555200.000000,5
1425583420622122,1363200.000000,0
1425583420622539,1363200.000000,1
1425583420622904,1363200.000000,2
1425583420624570,1363200.000000,3
1425583420625247,1363200.000000,4
1425583420625560,1363200.000000,5
1425583424891654,1555200.000000,0
1425583424892279,1555200.000000,1
1425583424892852,1555200.000000,2
1425583424893372,1555200.000000,3
1425583424893841,1555200.000000,4
1425583424894414,1555200.000000,5
1425583439504935,556800.000000,0
1425583439505352,556800.000000,1
1425583439505716,556800.000000,2
1425583439506029,556800.000000,3
1425583439506341,556800.000000,4
1425583439507227,556800.000000,5
1425583448512122,748800.000000,0
1425583448513529,748800.000000,1
1425583448514779,748800.000000,2
1425583448516185,748800.000000,3
1425583448517435,748800.000000,4
1425583448518685,748800.000000,5
1425583481422122,556800.000000,0
1425583481423320,556800.000000,1
1425583481424310,556800.000000,2
1425583481425352,556800.000000,3
1425583481426341,556800.000000,4
1425583481427383,556800.000000,5
1425583502982695,1363200.000000,0
1425583502983841,1363200.000000,1
1425583502984935,1363200.000000,2
1425583502985872,1363200.000000,3
1425583502986810,1363200.000000,4
1425583502987904,1363200.000000,5
1425583507340560,1555200.000000,0
1425583507341185,1555200.000000,1
1425583507341654,1555200.000000,2
1425583507342279,1555200.000000,3
1425583507342747,1555200.000000,4
1425583507343320,1555200.000000,5
1425583507476133,1785600.000000,0
1425583507476497,1785600.000000,1
1425583507476914,1785600.000000,2
1425583507477279,1785600.000000,3
1425583507477695,1785600.000000,4
1425583507478008,1785600.000000,5
1425583536929414,556800.000000,0
1425583536929935,556800.000000,1
1425583536930716,556800.000000,2
1425583536931966,556800.000000,3
1425583536933216,556800.000000,4
1425583536934570,556800.000000,5
1425583581006601,748800.000000,0
1425583581008060,748800.000000,1
1425583581009466,748800.000000,2
1425583581010820,748800.000000,3
1425583581012070,748800.000000,4
1425583581013372,748800.000000,5
1425583581151445,1785600.000000,0
1425583581152279,1785600.000000,1
1425583581153060,1785600.000000,2
1425583581153789,1785600.000000,3
1425583581154570,1785600.000000,4
1425583581155247,1785600.000000,5
1425583584888372,1363200.000000,0
1425583584888841,1363200.000000,1
1425583584889310,1363200.000000,2
1425583584889726,1363200.000000,3
1425583584890091,1363200.000000,4
1425583584890664,1363200.000000,5
1425583598814779,1785600.000000,0
1425583598815247,1785600.000000,1
1425583598815716,1785600.000000,2
1425583598816133,1785600.000000,3
1425583598816497,1785600.000000,4
1425583598816914,1785600.000000,5
1425583616931133,960000.000000,0
1425583616931966,960000.000000,1
1425583616932695,960000.000000,2
1425583616933372,960000.000000,3
1425583616934101,960000.000000,4
1425583616934779,960000.000000,5
1425583634204101,556800.000000,0
1425583634205560,556800.000000,1
1425583634206810,556800.000000,2
1425583634208164,556800.000000,3
1425583634209310,556800.000000,4
1425583634210560,556800.000000,5
1425583664331185,1152000.000000,0
1425583664332747,1152000.000000,1
1425583664334101,1152000.000000,2
1425583664335404,1152000.000000,3
1425583664336601,1152000.000000,4
1425583664337904,1152000.000000,5
1425583664911914,556800.000000,0
1425583664912539,556800.000000,1
1425583664913164,556800.000000,2
1425583664914310,556800.000000,3
1425583664915247,556800.000000,4
1425583664916185,556800.000000,5
1425583681860872,960000.000000,0
1425583681861966,960000.000000,1
1425583681863008,960000.000000,2
1425583681864101,960000.000000,3
1425583681865091,960000.000000,4
1425583681866029,960000.000000,5
1425583695659258,1363200.000000,0
1425583695660091,1363200.000000,1
1425583695660872,1363200.000000,2
1425583695661497,1363200.000000,3
1425583695662279,1363200.000000,4
1425583695663060,1363200.000000,5
1425583710796185,1785600.000000,0
1425583710796654,1785600.000000,1
1425583710797226,1785600.000000,2
1425583710797747,1785600.000000,3
1425583710798216,1785600.000000,4
1425583710798685,1785600.000000,5
1425583727212383,1363200.000000,0
1425583727212747,1363200.000000,1
1425583727213060,1363200.000000,2
1425583727213372,1363200.000000,3
1425583727213685,1363200.000000,4
1425583727213997,1363200.000000,5
1425583742960351,556800.000000,0
1425583742960976,556800.000000,1
1425583742961497,556800.000000,2
1425583742962226,556800.000000,3
1425583742963372,556800.000000,4
1425583742964622,556800.000000,5
1425583750162122,960000.000000,0
1425583750163320,960000.000000,1
1425583750164310,960000.000000,2
1425583750165351,960000.000000,3
1425583750166341,960000.000000,4
1425583750167383,960000.000000,5
1425583750209622,748800.000000,0
1425583750210247,748800.000000,1
1425583750210872,748800.000000,2
1425583750211445,748800.000000,3
1425583750212070,748800.000000,4
1425583750212747,748800.000000,5
1425583758816758,1363200.000000,0
1425583758817747,1363200.000000,1
1425583758818685,1363200.000000,2
1425583758819622,1363200.000000,3
1425583758820664,1363200.000000,4
1425583758821653,1363200.000000,5
1425583775275195,960000.000000,0
1425583775275716,960000.000000,1
1425583775276289,960000.000000,2
1425583775276758,960000.000000,3
1425583775277278,960000.000000,4
1425583775277903,960000.000000,5
1425583781409935,1785600.000000,0
1425583781410716,1785600.000000,1
1425583781411289,1785600.000000,2
1425583781411810,1785600.000000,3
1425583781412435,1785600.000000,4
1425583781413060,1785600.000000,5
1425583792860039,1363200.000000,0
1425583792860716,1363200.000000,1
1425583792861028,1363200.000000,2
1425583792861341,1363200.000000,3
1425583792861653,1363200.000000,4
1425583792861966,1363200.000000,5
1425583807184883,1996800.000000,0
1425583807185403,1996800.000000,1
1425583807185820,1996800.000000,2
1425583807186289,1996800.000000,3
1425583807186653,1996800.000000,4
1425583807187122,1996800.000000,5
1425583807242435,1785600.000000,0
1425583807242903,1785600.000000,1
1425583807243372,1785600.000000,2
1425583807243685,1785600.000000,3
1425583807244153,1785600.000000,4
1425583807244570,1785600.000000,5
1425583825827278,556800.000000,0
1425583825827591,556800.000000,1
1425583825827903,556800.000000,2
1425583825828216,556800.000000,3
1425583825828633,556800.000000,4
1425583825828997,556800.000000,5
1425583850786289,748800.000000,0
1425583850787539,748800.000000,1
1425583850788476,748800.000000,2
1425583850789466,748800.000000,3
1425583850790403,748800.000000,4
1425583850791497,748800.000000,5
1425583855164883,556800.000000,0
1425583855165716,556800.000000,1
1425583855166445,556800.000000,2
1425583855167539,556800.000000,3
1425583855168476,556800.000000,4
1425583855169466,556800.000000,5
1425583873544310,1363200.000000,0
1425583873545403,1363200.000000,1
1425583873546445,1363200.000000,2
1425583873547435,1363200.000000,3
1425583873548372,1363200.000000,4
1425583873549414,1363200.000000,5
1425583879827278,556800.000000,0
1425583879828372,556800.000000,1
1425583879829414,556800.000000,2
1425583879830403,556800.000000,3
1425583879831445,556800.000000,4
1425583879832435,556800.000000,5
1425583879940247,1363200.000000,0
1425583879941341,1363200.000000,1
1425583879942435,1363200.000000,2
1425583879943528,1363200.000000,3
1425583879944466,1363200.000000,4
1425583879945508,1363200.000000,5
1425583887669101,1555200.000000,0
1425583887669466,1555200.000000,1
1425583887669935,1555200.000000,2
1425583887670351,1555200.000000,3
1425583887670716,1555200.000000,4
1425583887671185,1555200.000000,5
1425583900977278,1785600.000000,0
1425583900977695,1785600.000000,1
1425583900978060,1785600.000000,2
1425583900978372,1785600.000000,3
1425583900978841,1785600.000000,4
1425583900979153,1785600.000000,5
1425583901446445,1555200.000000,0
1425583901447591,1555200.000000,1
1425583901447903,1555200.000000,2
1425583901448216,1555200.000000,3
1425583901448528,1555200.000000,4
1425583901448945,1555200.000000,5
1425583902847903,1996800.000000,0
1425583902848320,1996800.000000,1
1425583902848685,1996800.000000,2
1425583902849101,1996800.000000,3
1425583902849414,1996800.000000,4
1425583902849778,1996800.000000,5
1425583905754466,1555200.000000,0
1425583905754778,1555200.000000,1
1425583905755039,1555200.000000,2
1425583905755247,1555200.000000,3
1425583905755560,1555200.000000,4
1425583905755820,1555200.000000,5
1425583905861653,1785600.000000,0
1425583905862226,1785600.000000,1
1425583905862591,1785600.000000,2
1425583905862903,1785600.000000,3
1425583905863320,1785600.000000,4
1425583905863685,1785600.000000,5
1425583906847383,1555200.000000,0
1425583906847747,1555200.000000,1
1425583906848164,1555200.000000,2
1425583906848476,1555200.000000,3
1425583906848789,1555200.000000,4
1425583906849101,1555200.000000,5
1425583906872435,1785600.000000,0
1425583906872747,1785600.000000,1
1425583906873164,1785600.000000,2
1425583906873528,1785600.000000,3
1425583906873841,1785600.000000,4
1425583906874258,1785600.000000,5
1425583907042903,1555200.000000,0
1425583907043216,1555200.000000,1
1425583907043633,1555200.000000,2
1425583907043945,1555200.000000,3
1425583907044258,1555200.000000,4
1425583907044570,1555200.000000,5
1425583908835039,1996800.000000,0
1425583908835403,1996800.000000,1
1425583908835820,1996800.000000,2
1425583908836185,1996800.000000,3
1425583908836497,1996800.000000,4
1425583908836914,1996800.000000,5
1425583920889622,960000.000000,0
1425583920890039,960000.000000,1
1425583920890403,960000.000000,2
1425583920890716,960000.000000,3
1425583920891133,960000.000000,4
1425583920891497,960000.000000,5
1425583936997851,556800.000000,0
1425583936999414,556800.000000,1
1425583937000664,556800.000000,2
1425583937001966,556800.000000,3
1425583937003216,556800.000000,4
1425583937004622,556800.000000,5
1425583970845716,1555200.000000,0
1425583970846758,1555200.000000,1
1425583970847851,1555200.000000,2
1425583970848997,1555200.000000,3
1425583970850039,1555200.000000,4
1425583970851028,1555200.000000,5
1425583970996653,556800.000000,0
1425583970997122,556800.000000,1
1425583970997539,556800.000000,2
1425583970997903,556800.000000,3
1425583970998216,556800.000000,4
1425583970998997,556800.000000,5
1425583999425872,1363200.000000,0
1425583999427122,1363200.000000,1
1425583999428164,1363200.000000,2
1425583999429153,1363200.000000,3
1425583999430195,1363200.000000,4
1425583999431133,1363200.000000,5
1425584016845872,1785600.000000,0
1425584016846497,1785600.000000,1
1425584016846966,1785600.000000,2
1425584016847383,1785600.000000,3
1425584016847747,1785600.000000,4
1425584016848164,1785600.000000,5
1425584029666497,1555200.000000,0
1425584029666966,1555200.000000,1
1425584029667383,1555200.000000,2
1425584029667747,1555200.000000,3
1425584029668164,1555200.000000,4
1425584029668528,1555200.000000,5
1425584029863060,1785600.000000,0
1425584029863528,1785600.000000,1
1425584029863841,1785600.000000,2
1425584029864310,1785600.000000,3
1425584029864622,1785600.000000,4
1425584029865039,1785600.000000,5
1425584030929622,1555200.000000,0
1425584030929935,1555200.000000,1
1425584030930247,1555200.000000,2
1425584030930560,1555200.000000,3
1425584030930872,1555200.000000,4
1425584030931185,1555200.000000,5
1425584032873320,2227200.000000,0
1425584032873789,2227200.000000,1
1425584032874258,2227200.000000,2
1425584032874726,2227200.000000,3
1425584032875091,2227200.000000,4
1425584032875560,2227200.000000,5
1425584032900091,1555200.000000,0
1425584032900403,1555200.000000,1
1425584032900820,1555200.000000,2
1425584032901185,1555200.000000,3
1425584032901497,1555200.000000,4
1425584032901914,1555200.000000,5
1425584040877903,2227200.000000,0
1425584040878372,2227200.000000,1
1425584040878841,2227200.000000,2
1425584040879414,2227200.000000,3
1425584040879778,2227200.000000,4
1425584040880247,2227200.000000,5
1425584040900872,1555200.000000,0
1425584040901289,1555200.000000,1
1425584040901653,1555200.000000,2
1425584040901966,1555200.000000,3
1425584040902383,1555200.000000,4
1425584040902747,1555200.000000,5
1425584041458060,2745600.000000,0
1425584041458476,2745600.000000,1
1425584041458841,2745600.000000,2
1425584041459258,2745600.000000,3
1425584041459570,2745600.000000,4
1425584041459935,2745600.000000,5
1425584041530872,1555200.000000,0
1425584041531133,1555200.000000,1
1425584041531341,1555200.000000,2
1425584041531497,1555200.000000,3
1425584041531758,1555200.000000,4
1425584041531966,1555200.000000,5
1425584041680247,2227200.000000,0
1425584041680664,2227200.000000,1
1425584041681028,2227200.000000,2
1425584041681341,2227200.000000,3
1425584041681758,2227200.000000,4
1425584041682122,2227200.000000,5
1425584041738633,1555200.000000,0
1425584041738945,1555200.000000,1
1425584041739153,1555200.000000,2
1425584041739414,1555200.000000,3
1425584041739622,1555200.000000,4
1425584041739935,1555200.000000,5
1425584041872539,2227200.000000,0
1425584041872903,2227200.000000,1
1425584041873216,2227200.000000,2
1425584041873685,2227200.000000,3
1425584041873997,2227200.000000,4
1425584041874310,2227200.000000,5
1425584043109778,1555200.000000,0
1425584043110091,1555200.000000,1
1425584043110351,1555200.000000,2
1425584043110560,1555200.000000,3
1425584043110820,1555200.000000,4
1425584043111028,1555200.000000,5
1425584043136028,2227200.000000,0
1425584043136497,2227200.000000,1
1425584043136810,2227200.000000,2
1425584043137226,2227200.000000,3
1425584043137591,2227200.000000,4
1425584043137903,2227200.000000,5
1425584045732903,1555200.000000,0
1425584045733216,1555200.000000,1
1425584045733528,1555200.000000,2
1425584045733841,1555200.000000,3
1425584045734153,1555200.000000,4
1425584045734466,1555200.000000,5
1425584045882070,2227200.000000,0
1425584045882435,2227200.000000,1
1425584045882903,2227200.000000,2
1425584045883320,2227200.000000,3
1425584045883685,2227200.000000,4
1425584045883997,2227200.000000,5
1425584046987122,1785600.000000,0
1425584046987278,1785600.000000,1
1425584046987591,1785600.000000,2
1425584046987851,1785600.000000,3
1425584046988060,1785600.000000,4
1425584046988320,1785600.000000,5
1425584047693997,1555200.000000,0
1425584047694414,1555200.000000,1
1425584047694726,1555200.000000,2
1425584047695039,1555200.000000,3
1425584047695351,1555200.000000,4
1425584047695664,1555200.000000,5
1425584049211341,1785600.000000,0
1425584049211810,1785600.000000,1
1425584049212278,1785600.000000,2
1425584049212747,1785600.000000,3
1425584049213216,1785600.000000,4
1425584049213633,1785600.000000,5
1425584049417903,1555200.000000,0
1425584049418216,1555200.000000,1
1425584049418528,1555200.000000,2
1425584049418841,1555200.000000,3
1425584049419153,1555200.000000,4
1425584049419466,1555200.000000,5
1425584052883060,1785600.000000,0
1425584052883528,1785600.000000,1
1425584052883997,1785600.000000,2
1425584052884466,1785600.000000,3
1425584052884935,1785600.000000,4
1425584052885403,1785600.000000,5
1425584054583945,1555200.000000,0
1425584054584310,1555200.000000,1
1425584054584622,1555200.000000,2
1425584054584935,1555200.000000,3
1425584054585560,1555200.000000,4
1425584054585872,1555200.000000,5
1425584056628528,1785600.000000,0
1425584056628997,1785600.000000,1
1425584056629414,1785600.000000,2
1425584056629778,1785600.000000,3
1425584056630195,1785600.000000,4
1425584056630560,1785600.000000,5
1425584057120247,1555200.000000,0
1425584057120716,1555200.000000,1
1425584057121028,1555200.000000,2
1425584057121341,1555200.000000,3
1425584057121653,1555200.000000,4
1425584057121966,1555200.000000,5
1425584060242539,1785600.000000,0
1425584060242903,1785600.000000,1
1425584060243320,1785600.000000,2
1425584060243633,1785600.000000,3
1425584060243997,1785600.000000,4
1425584060244310,1785600.000000,5
1425584060920508,1555200.000000,0
1425584060920820,1555200.000000,1
1425584060921133,1555200.000000,2
1425584060921445,1555200.000000,3
1425584060921758,1555200.000000,4
1425584060922070,1555200.000000,5
1425584061038216,1785600.000000,0
1425584061038633,1785600.000000,1
1425584061038997,1785600.000000,2
1425584061039310,1785600.000000,3
1425584061039622,1785600.000000,4
1425584061040091,1785600.000000,5
1425584062866445,960000.000000,0
1425584062866810,960000.000000,1
1425584062867122,960000.000000,2
1425584062867435,960000.000000,3
1425584062867747,960000.000000,4
1425584062868164,960000.000000,5
1425584081714622,556800.000000,0
1425584081715351,556800.000000,1
1425584081715872,556800.000000,2
1425584081716653,556800.000000,3
1425584081717591,556800.000000,4
1425584081718528,556800.000000,5
1425584096886445,748800.000000,0
1425584096887435,748800.000000,1
1425584096888476,748800.000000,2
1425584096889466,748800.000000,3
1425584096890508,748800.000000,4
1425584096891601,748800.000000,5
1425584110833372,1363200.000000,0
1425584110834310,1363200.000000,1
1425584110835091,1363200.000000,2
1425584110835872,1363200.000000,3
1425584110836653,1363200.000000,4
1425584110837383,1363200.000000,5
1425584153429622,556800.000000,0
1425584153430820,556800.000000,1
1425584153431758,556800.000000,2
1425584153432747,556800.000000,3
1425584153433685,556800.000000,4
1425584153434726,556800.000000,5
1425584157544414,748800.000000,0
1425584157545560,748800.000000,1
1425584157546497,748800.000000,2
1425584157547591,748800.000000,3
1425584157548528,748800.000000,4
1425584157549570,748800.000000,5
1425584159324466,556800.000000,0
1425584159326028,556800.000000,1
1425584159327122,556800.000000,2
1425584159328164,556800.000000,3
1425584159329153,556800.000000,4
1425584159330091,556800.000000,5
1425584181743841,1363200.000000,0
1425584181745091,1363200.000000,1
1425584181746133,1363200.000000,2
1425584181747122,1363200.000000,3
1425584181748060,1363200.000000,4
1425584181749101,1363200.000000,5
1425584208836966,1555200.000000,0
1425584208837435,1555200.000000,1
1425584208837851,1555200.000000,2
1425584208838216,1555200.000000,3
1425584208838685,1555200.000000,4
1425584208839101,1555200.000000,5
1425584216852226,1785600.000000,0
1425584216852695,1785600.000000,1
1425584216853164,1785600.000000,2
1425584216853632,1785600.000000,3
1425584216854101,1785600.000000,4
1425584216854570,1785600.000000,5
1425584216887591,1555200.000000,0
1425584216888007,1555200.000000,1
1425584216888320,1555200.000000,2
1425584216888632,1555200.000000,3
1425584216888945,1555200.000000,4
1425584216889257,1555200.000000,5
1425584222008685,1996800.000000,0
1425584222009101,1996800.000000,1
1425584222009466,1996800.000000,2
1425584222009778,1996800.000000,3
1425584222010195,1996800.000000,4
1425584222010560,1996800.000000,5
1425584240946289,748800.000000,0
1425584240946653,748800.000000,1
1425584240946966,748800.000000,2
1425584240947382,748800.000000,3
1425584240948007,748800.000000,4
1425584240948841,748800.000000,5
1425584254799466,556800.000000,0
1425584254800820,556800.000000,1
1425584254801810,556800.000000,2
1425584254802851,556800.000000,3
1425584254803841,556800.000000,4
1425584254804935,556800.000000,5
1425584281613216,1785600.000000,0
1425584281614466,1785600.000000,1
1425584281615403,1785600.000000,2
1425584281616601,1785600.000000,3
1425584281617591,1785600.000000,4
1425584281618528,1785600.000000,5
1425584281815091,1555200.000000,0
1425584281815560,1555200.000000,1
1425584281815872,1555200.000000,2
1425584281816185,1555200.000000,3
1425584281816497,1555200.000000,4
1425584281816914,1555200.000000,5
1425584286787278,960000.000000,0
1425584286787747,960000.000000,1
1425584286788320,960000.000000,2
1425584286789101,960000.000000,3
1425584286789778,960000.000000,4
1425584286790507,960000.000000,5
1425584304871653,1363200.000000,0
1425584304872278,1363200.000000,1
1425584304872851,1363200.000000,2
1425584304873476,1363200.000000,3
1425584304873997,1363200.000000,4
1425584304874570,1363200.000000,5
1425584319095195,960000.000000,0
1425584319095716,960000.000000,1
1425584319096185,960000.000000,2
1425584319096914,960000.000000,3
1425584319097591,960000.000000,4
1425584319098372,960000.000000,5
1425584334849257,748800.000000,0
1425584334849935,748800.000000,1
1425584334850560,748800.000000,2
1425584334851341,748800.000000,3
1425584334852070,748800.000000,4
1425584334852747,748800.000000,5
1425584336082591,556800.000000,0
1425584336083841,556800.000000,1
1425584336084882,556800.000000,2
1425584336085872,556800.000000,3
1425584336086966,556800.000000,4
1425584336088060,556800.000000,5
1425584350814778,1363200.000000,0
1425584350815976,1363200.000000,1
1425584350816966,1363200.000000,2
1425584350818060,1363200.000000,3
1425584350818997,1363200.000000,4
1425584350820091,1363200.000000,5
1425584367598216,1555200.000000,0
1425584367598789,1555200.000000,1
1425584367599257,1555200.000000,2
1425584367599778,1555200.000000,3
1425584367600247,1555200.000000,4
1425584367600820,1555200.000000,5
1425584382893632,960000.000000,0
1425584382894101,960000.000000,1
1425584382894466,960000.000000,2
1425584382894778,960000.000000,3
1425584382895247,960000.000000,4
1425584382895872,960000.000000,5
1425584399340403,1363200.000000,0
1425584399341028,1363200.000000,1
1425584399341653,1363200.000000,2
1425584399342278,1363200.000000,3
1425584399342851,1363200.000000,4
1425584399343372,1363200.000000,5
1425584431936601,556800.000000,0
1425584431936966,556800.000000,1
1425584431937851,556800.000000,2
1425584431938841,556800.000000,3
1425584431939778,556800.000000,4
1425584431940716,556800.000000,5
1425584432322122,1363200.000000,0
1425584432323632,1363200.000000,1
1425584432324934,1363200.000000,2
1425584432326184,1363200.000000,3
1425584432327434,1363200.000000,4
1425584432328684,1363200.000000,5
1425584432444934,556800.000000,0
1425584432445403,556800.000000,1
1425584432445820,556800.000000,2
1425584432446184,556800.000000,3
1425584432446601,556800.000000,4
1425584432447070,556800.000000,5
1425584479247747,748800.000000,0
1425584479249309,748800.000000,1
1425584479250664,748800.000000,2
1425584479251966,748800.000000,3
1425584479253216,748800.000000,4
1425584479254570,748800.000000,5
1425584481483789,1363200.000000,0
1425584481484778,1363200.000000,1
1425584481485716,1363200.000000,2
1425584481486809,1363200.000000,3
1425584481487747,1363200.000000,4
1425584481488789,1363200.000000,5
1425584495975559,1555200.000000,0
1425584495976028,1555200.000000,1
1425584495976445,1555200.000000,2
1425584495976809,1555200.000000,3
1425584495977278,1555200.000000,4
1425584495977695,1555200.000000,5
1425584526992903,748800.000000,0
1425584526993684,748800.000000,1
1425584526994466,748800.000000,2
1425584526995195,748800.000000,3
1425584526995976,748800.000000,4
1425584526996653,748800.000000,5
1425584544880976,556800.000000,0
1425584544882434,556800.000000,1
1425584544883684,556800.000000,2
1425584544885091,556800.000000,3
1425584544886497,556800.000000,4
1425584544887851,556800.000000,5
1425584581804309,1363200.000000,0
1425584581805820,1363200.000000,1
1425584581807226,1363200.000000,2
1425584581808632,1363200.000000,3
1425584581809934,1363200.000000,4
1425584581811184,1363200.000000,5
1425584604874153,1555200.000000,0
1425584604874622,1555200.000000,1
1425584604875195,1555200.000000,2
1425584604875716,1555200.000000,3
1425584604876184,1555200.000000,4
1425584604876757,1555200.000000,5
1425584608843684,1785600.000000,0
1425584608844153,1785600.000000,1
1425584608844622,1785600.000000,2
1425584608845091,1785600.000000,3
1425584608845507,1785600.000000,4
1425584608845976,1785600.000000,5
1425584624222539,960000.000000,0
1425584624223007,960000.000000,1
1425584624223372,960000.000000,2
1425584624223841,960000.000000,3
1425584624224570,960000.000000,4
1425584624225351,960000.000000,5
1425584624273059,556800.000000,0
1425584624273841,556800.000000,1
1425584624274570,556800.000000,2
1425584624275247,556800.000000,3
1425584624276028,556800.000000,4
1425584624276809,556800.000000,5
1425584632884934,748800.000000,0
1425584632886184,748800.000000,1
1425584632887122,748800.000000,2
1425584632888059,748800.000000,3
1425584632889153,748800.000000,4
1425584632890195,748800.000000,5
1425584634138372,556800.000000,0
1425584634139309,556800.000000,1
1425584634140559,556800.000000,2
1425584634141653,556800.000000,3
1425584634142591,556800.000000,4
1425584634143632,556800.000000,5
1425584643140872,748800.000000,0
1425584643141966,748800.000000,1
1425584643143007,748800.000000,2
1425584643143945,748800.000000,3
1425584643144934,748800.000000,4
1425584643145976,748800.000000,5
1425584643438632,556800.000000,0
1425584643440091,556800.000000,1
1425584643441341,556800.000000,2
1425584643442591,556800.000000,3
1425584643443841,556800.000000,4
1425584643445091,556800.000000,5
1425584671290091,1363200.000000,0
1425584671291341,1363200.000000,1
1425584671292434,1363200.000000,2
1425584671293528,1363200.000000,3
1425584671294466,1363200.000000,4
1425584671295403,1363200.000000,5
1425584681657903,1785600.000000,0
1425584681658372,1785600.000000,1
1425584681658997,1785600.000000,2
1425584681659466,1785600.000000,3
1425584681659934,1785600.000000,4
1425584681660507,1785600.000000,5
1425584686970403,1555200.000000,0
1425584686970872,1555200.000000,1
1425584686971184,1555200.000000,2
1425584686971653,1555200.000000,3
1425584686972070,1555200.000000,4
1425584686972434,1555200.000000,5
1425584704843059,1785600.000000,0
1425584704843528,1785600.000000,1
1425584704843997,1785600.000000,2
1425584704844466,1785600.000000,3
1425584704844882,1785600.000000,4
1425584704845351,1785600.000000,5
1425584730383164,556800.000000,0
1425584730383632,556800.000000,1
1425584730383997,556800.000000,2
1425584730384414,556800.000000,3
1425584730385403,556800.000000,4
1425584730386653,556800.000000,5
1425584739567122,748800.000000,0
1425584739568216,748800.000000,1
1425584739569257,748800.000000,2
1425584739570247,748800.000000,3
1425584739571184,748800.000000,4
1425584739572122,748800.000000,5
1425584746464309,960000.000000,0
1425584746465091,960000.000000,1
1425584746465872,960000.000000,2
1425584746466809,960000.000000,3
1425584746467591,960000.000000,4
1425584746468320,960000.000000,5
1425584746797747,748800.000000,0
1425584746798632,748800.000000,1
1425584746799570,748800.000000,2
1425584746800403,748800.000000,3
1425584746801341,748800.000000,4
1425584746802382,748800.000000,5
1425584769000247,556800.000000,0
1425584769001653,556800.000000,1
1425584769003059,556800.000000,2
1425584769004309,556800.000000,3
1425584769007851,556800.000000,4
1425584769009153,556800.000000,5
1425584781761028,1785600.000000,0
1425584781762278,1785600.000000,1
1425584781763372,1785600.000000,2
1425584781764309,1785600.000000,3
1425584781765247,1785600.000000,4
1425584781766184,1785600.000000,5
1425584782771028,748800.000000,0
1425584782771497,748800.000000,1
1425584782771809,748800.000000,2
1425584782772122,748800.000000,3
1425584782772382,748800.000000,4
1425584782772695,748800.000000,5
1425584783489153,1363200.000000,0
1425584783490403,1363200.000000,1
1425584783491184,1363200.000000,2
1425584783491914,1363200.000000,3
1425584783492747,1363200.000000,4
1425584783493528,1363200.000000,5
1425584783533684,748800.000000,0
1425584783534570,748800.000000,1
1425584783535351,748800.000000,2
1425584783536132,748800.000000,3
1425584783536757,748800.000000,4
1425584783537122,748800.000000,5
1425584800881289,1363200.000000,0
1425584800882278,1363200.000000,1
1425584800883320,1363200.000000,2
1425584800884257,1363200.000000,3
1425584800885195,1363200.000000,4
1425584800886132,1363200.000000,5
1425584816849934,1555200.000000,0
1425584816850507,1555200.000000,1
1425584816850872,1555200.000000,2
1425584816851289,1555200.000000,3
1425584816851757,1555200.000000,4
1425584816852122,1555200.000000,5
1425584824693320,1785600.000000,0
1425584824693684,1785600.000000,1
1425584824694101,1785600.000000,2
1425584824694466,1785600.000000,3
1425584824694778,1785600.000000,4
1425584824695091,1785600.000000,5
1425584830820403,1555200.000000,0
1425584830820716,1555200.000000,1
1425584830821184,1555200.000000,2
1425584830821497,1555200.000000,3
1425584830821809,1555200.000000,4
1425584830822122,1555200.000000,5
1425584846982903,748800.000000,0
1425584846983372,748800.000000,1
1425584846983841,748800.000000,2
1425584846984309,748800.000000,3
1425584846984778,748800.000000,4
1425584846985247,748800.000000,5
1425584881128841,1555200.000000,0
1425584881129934,1555200.000000,1
1425584881131028,1555200.000000,2
1425584881132122,1555200.000000,3
1425584881133059,1555200.000000,4
1425584881133997,1555200.000000,5
1425584896845872,1785600.000000,0
1425584896846341,1785600.000000,1
1425584896846809,1785600.000000,2
1425584896847278,1785600.000000,3
1425584896847695,1785600.000000,4
1425584896848059,1785600.000000,5
1425584912928163,960000.000000,0
1425584912928528,960000.000000,1
1425584912928841,960000.000000,2
1425584912929153,960000.000000,3
1425584912929466,960000.000000,4
1425584912929882,960000.000000,5
1425584931558841,556800.000000,0
1425584931560091,556800.000000,1
1425584931561132,556800.000000,2
1425584931562122,556800.000000,3
1425584931563059,556800.000000,4
1425584931564153,556800.000000,5
1425584935585247,748800.000000,0
1425584935586653,748800.000000,1
1425584935587747,748800.000000,2
1425584935591757,748800.000000,3
1425584935593059,748800.000000,4
1425584935594309,748800.000000,5
1425584946294778,556800.000000,0
1425584946296028,556800.000000,1
1425584946296966,556800.000000,2
1425584946297903,556800.000000,3
1425584946298945,556800.000000,4
1425584946299882,556800.000000,5
1425584976883945,1363200.000000,0
1425584976884934,1363200.000000,1
1425584976885976,1363200.000000,2
1425584976887070,1363200.000000,3
1425584976888059,1363200.000000,4
1425584976889101,1363200.000000,5
1425584991304257,1555200.000000,0
1425584991304726,1555200.000000,1
1425584991305091,1555200.000000,2
1425584991305559,1555200.000000,3
1425584991305872,1555200.000000,4
1425584991306341,1555200.000000,5
1425584996931966,1785600.000000,0
1425584996932434,1785600.000000,1
1425584996932903,1785600.000000,2
1425584996933372,1785600.000000,3
1425584996933841,1785600.000000,4
1425584996934257,1785600.000000,5
1425584998340091,1555200.000000,0
1425584998340403,1555200.000000,1
1425584998340716,1555200.000000,2
1425584998341132,1555200.000000,3
1425584998341341,1555200.000000,4
1425584998341653,1555200.000000,5
1425585001058841,1785600.000000,0
1425585001059153,1785600.000000,1
1425585001059570,1785600.000000,2
1425585001059934,1785600.000000,3
1425585001060247,1785600.000000,4
1425585001060663,1785600.000000,5
1425585001108841,1555200.000000,0
1425585001109257,1555200.000000,1
1425585001109570,1555200.000000,2
1425585001109882,1555200.000000,3
1425585001110195,1555200.000000,4
1425585001110507,1555200.000000,5
1425585001488684,1785600.000000,0
1425585001489101,1785600.000000,1
1425585001489570,1785600.000000,2
1425585001489934,1785600.000000,3
1425585001490247,1785600.000000,4
1425585001490663,1785600.000000,5
1425585003994309,1555200.000000,0
1425585003994622,1555200.000000,1
1425585003994934,1555200.000000,2
1425585003995247,1555200.000000,3
1425585003995559,1555200.000000,4
1425585003995872,1555200.000000,5
1425585004779934,1785600.000000,0
1425585004780351,1785600.000000,1
1425585004780716,1785600.000000,2
1425585004781132,1785600.000000,3
1425585004781445,1785600.000000,4
1425585004781809,1785600.000000,5
1425585005568216,1555200.000000,0
1425585005568528,1555200.000000,1
1425585005568841,1555200.000000,2
1425585005569153,1555200.000000,3
1425585005569466,1555200.000000,4
1425585005569882,1555200.000000,5
1425585005602538,1785600.000000,0
1425585005602903,1785600.000000,1
1425585005603320,1785600.000000,2
1425585005603684,1785600.000000,3
1425585005603997,1785600.000000,4
1425585005604309,1785600.000000,5
1425585005764622,1555200.000000,0
1425585005764934,1555200.000000,1
1425585005765351,1555200.000000,2
1425585005765663,1555200.000000,3
1425585005765976,1555200.000000,4
1425585005766341,1555200.000000,5
1425585006798216,1785600.000000,0
1425585006798632,1785600.000000,1
1425585006798997,1785600.000000,2
1425585006799309,1785600.000000,3
1425585006799726,1785600.000000,4
1425585006800091,1785600.000000,5
1425585024929726,556800.000000,0
1425585024930247,556800.000000,1
1425585024931028,556800.000000,2
1425585024932382,556800.000000,3
1425585024933684,556800.000000,4
1425585024934934,556800.000000,5
1425585070142122,748800.000000,0
1425585070143684,748800.000000,1
1425585070144934,748800.000000,2
1425585070146184,748800.000000,3
1425585070147538,748800.000000,4
1425585070148840,748800.000000,5
1425585070525090,1555200.000000,0
1425585070525872,1555200.000000,1
1425585070526653,1555200.000000,2
1425585070527434,1555200.000000,3
1425585070528163,1555200.000000,4
1425585070528997,1555200.000000,5
1425585070674622,748800.000000,0
1425585070675090,748800.000000,1
1425585070675403,748800.000000,2
1425585070675872,748800.000000,3
1425585070676184,748800.000000,4
1425585070676601,748800.000000,5
1425585071016653,556800.000000,0
1425585071017538,556800.000000,1
1425585071018320,556800.000000,2
1425585071019413,556800.000000,3
1425585071023684,556800.000000,4
1425585071024726,556800.000000,5
1425585081165090,1785600.000000,0
1425585081166184,1785600.000000,1
1425585081167278,1785600.000000,2
1425585081168215,1785600.000000,3
1425585081169309,1785600.000000,4
1425585081170247,1785600.000000,5
1425585088864622,960000.000000,0
1425585088865195,960000.000000,1
1425585088865559,960000.000000,2
1425585088865872,960000.000000,3
1425585088866184,960000.000000,4
1425585088866757,960000.000000,5
1425585102839101,1363200.000000,0
1425585102839778,1363200.000000,1
1425585102840351,1363200.000000,2
1425585102840872,1363200.000000,3
1425585102841445,1363200.000000,4
1425585102841965,1363200.000000,5
1425585120861132,1152000.000000,0
1425585120861653,1152000.000000,1
1425585120862070,1152000.000000,2
1425585120862434,1152000.000000,3
1425585120862903,1152000.000000,4
1425585120863476,1152000.000000,5
1425585133653684,1555200.000000,0
1425585133654153,1555200.000000,1
1425585133654622,1555200.000000,2
1425585133655195,1555200.000000,3
1425585133655663,1555200.000000,4
1425585133656184,1555200.000000,5
1425585133958684,1152000.000000,0
1425585133959153,1152000.000000,1
1425585133959570,1152000.000000,2
1425585133959882,1152000.000000,3
1425585133960247,1152000.000000,4
1425585133960663,1152000.000000,5
1425585135074622,1555200.000000,0
1425585135075195,1555200.000000,1
1425585135075715,1555200.000000,2
1425585135076184,1555200.000000,3
1425585135076757,1555200.000000,4
1425585135077226,1555200.000000,5
1425585152952382,556800.000000,0
1425585152952903,556800.000000,1
1425585152953372,556800.000000,2
1425585152954309,556800.000000,3
1425585152955559,556800.000000,4
1425585152956809,556800.000000,5
1425585158905403,748800.000000,0
1425585158906653,748800.000000,1
1425585158907747,748800.000000,2
1425585158908997,748800.000000,3
1425585158909934,748800.000000,4
1425585158910976,748800.000000,5
1425585159780872,556800.000000,0
1425585159781913,556800.000000,1
1425585159782903,556800.000000,2
1425585159783840,556800.000000,3
1425585159784934,556800.000000,4
1425585159785872,556800.000000,5
1425585161353632,748800.000000,0
1425585161354726,748800.000000,1
1425585161355715,748800.000000,2
1425585161356653,748800.000000,3
1425585161357590,748800.000000,4
1425585161358684,748800.000000,5
1425585167993528,556800.000000,0
1425585167994465,556800.000000,1
1425585167995247,556800.000000,2
1425585167996288,556800.000000,3
1425585167997278,556800.000000,4
1425585167998372,556800.000000,5
1425585199476184,1363200.000000,0
1425585199477382,1363200.000000,1
1425585199478372,1363200.000000,2
1425585199479309,1363200.000000,3
1425585199480351,1363200.000000,4
1425585199481340,1363200.000000,5
1425585211253007,1555200.000000,0
1425585211253476,1555200.000000,1
1425585211253840,1555200.000000,2
1425585211254309,1555200.000000,3
1425585211254778,1555200.000000,4
1425585211255195,1555200.000000,5
1425585211356965,1363200.000000,0
1425585211357538,1363200.000000,1
1425585211357903,1363200.000000,2
1425585211358372,1363200.000000,3
1425585211358840,1363200.000000,4
1425585211359413,1363200.000000,5
1425585215282695,1555200.000000,0
1425585215283215,1555200.000000,1
1425585215283528,1555200.000000,2
1425585215283997,1555200.000000,3
1425585215284465,1555200.000000,4
1425585215284882,1555200.000000,5
1425585215308528,1785600.000000,0
1425585215308945,1785600.000000,1
1425585215309309,1785600.000000,2
1425585215309622,1785600.000000,3
1425585215310038,1785600.000000,4
1425585215310351,1785600.000000,5
1425585232860403,556800.000000,0
1425585232860872,556800.000000,1
1425585232861288,556800.000000,2
1425585232861653,556800.000000,3
1425585232862070,556800.000000,4
1425585232862434,556800.000000,5
1425585257447747,748800.000000,0
1425585257448840,748800.000000,1
1425585257449934,748800.000000,2
1425585257450976,748800.000000,3
1425585257451965,748800.000000,4
1425585257452903,748800.000000,5
1425585257613372,556800.000000,0
1425585257614309,556800.000000,1
1425585257615403,556800.000000,2
1425585257616497,556800.000000,3
1425585257617590,556800.000000,4
1425585257618632,556800.000000,5
1425585259445038,748800.000000,0
1425585259446028,748800.000000,1
1425585259447278,748800.000000,2
1425585259448320,748800.000000,3
1425585259449465,748800.000000,4
1425585259450403,748800.000000,5
1425585268878528,556800.000000,0
1425585268879726,556800.000000,1
1425585268880715,556800.000000,2
1425585268881757,556800.000000,3
1425585268882747,556800.000000,4
1425585268883840,556800.000000,5
1425585296892747,1152000.000000,0
1425585296893788,1152000.000000,1
1425585296894778,1152000.000000,2
1425585296895976,1152000.000000,3
1425585296896965,1152000.000000,4
1425585296898007,1152000.000000,5
1425585296951288,1363200.000000,0
1425585296952590,1363200.000000,1
1425585296953059,1363200.000000,2
1425585296953632,1363200.000000,3
1425585296954101,1363200.000000,4
1425585296954570,1363200.000000,5
1425585310752382,1785600.000000,0
1425585310753007,1785600.000000,1
1425585310753528,1785600.000000,2
1425585310753997,1785600.000000,3
1425585310754622,1785600.000000,4
1425585310755195,1785600.000000,5
1425585327627278,748800.000000,0
1425585327627747,748800.000000,1
1425585327628215,748800.000000,2
1425585327628528,748800.000000,3
1425585327628997,748800.000000,4
1425585327629778,748800.000000,5
1425585346810403,556800.000000,0
1425585346811965,556800.000000,1
1425585346813215,556800.000000,2
1425585346814465,556800.000000,3
1425585346815715,556800.000000,4
1425585346816965,556800.000000,5
1425585356491913,748800.000000,0
1425585356493372,748800.000000,1
1425585356494726,748800.000000,2
1425585356495976,748800.000000,3
1425585356497226,748800.000000,4
1425585356498528,748800.000000,5
1425585357369934,556800.000000,0
1425585357371028,556800.000000,1
1425585357372122,556800.000000,2
1425585357373372,556800.000000,3
1425585357374726,556800.000000,4
1425585357376028,556800.000000,5
1425585372805715,748800.000000,0
1425585372806809,748800.000000,1
1425585372810976,748800.000000,2
1425585372811913,748800.000000,3
1425585372813007,748800.000000,4
1425585372813945,748800.000000,5
1425585373039101,556800.000000,0
1425585373040559,556800.000000,1
1425585373041497,556800.000000,2
1425585373042538,556800.000000,3
1425585373043684,556800.000000,4
1425585373044726,556800.000000,5
1425585374862226,748800.000000,0
1425585374863632,748800.000000,1
1425585374864934,748800.000000,2
1425585374866340,748800.000000,3
1425585374867747,748800.000000,4
1425585374868997,748800.000000,5
1425585406802434,2400000.000000,0
1425585406803528,2400000.000000,1
1425585406804570,2400000.000000,2
1425585406805559,2400000.000000,3
1425585406806497,2400000.000000,4
1425585406807434,2400000.000000,5
1425585422825559,3072000.000000,0
1425585422825820,3072000.000000,1
1425585422826028,3072000.000000,2
1425585422826288,3072000.000000,3
1425585422826497,3072000.000000,4
1425585422826757,3072000.000000,5
1425585432819570,2745600.000000,0
1425585432819778,2745600.000000,1
1425585432820038,2745600.000000,2
1425585432820247,2745600.000000,3
1425585432820559,2745600.000000,4
1425585432820715,2745600.000000,5
1425585460822747,3072000.000000,0
1425585460823059,3072000.000000,1
1425585460823320,3072000.000000,2
1425585460823528,3072000.000000,3
1425585460823840,3072000.000000,4
1425585460824101,3072000.000000,5
1425585464817226,2745600.000000,0
1425585464817434,2745600.000000,1
1425585464817695,2745600.000000,2
1425585464817903,2745600.000000,3
1425585464818215,2745600.000000,4
1425585464818372,2745600.000000,5
1425585539383788,1996800.000000,0
1425585539383997,1996800.000000,1
1425585539384309,1996800.000000,2
1425585539384465,1996800.000000,3
1425585539384778,1996800.000000,4
1425585539385090,1996800.000000,5
1425585539648007,2745600.000000,0
1425585539648319,2745600.000000,1
1425585539648632,2745600.000000,2
1425585539648840,2745600.000000,3
1425585539649153,2745600.000000,4
1425585539649465,2745600.000000,5
1425585539776809,1996800.000000,0
1425585539776965,1996800.000000,1
1425585539777226,1996800.000000,2
1425585539777434,1996800.000000,3
1425585539777590,1996800.000000,4
1425585539777851,1996800.000000,5
1425585540377903,2745600.000000,0
1425585540378215,2745600.000000,1
1425585540378528,2745600.000000,2
1425585540378840,2745600.000000,3
1425585540379101,2745600.000000,4
1425585540379413,2745600.000000,5
1425585552773476,1152000.000000,0
1425585552773684,1152000.000000,1
1425585552773997,1152000.000000,2
1425585552774257,1152000.000000,3
1425585552774465,1152000.000000,4
1425585552774778,1152000.000000,5
1425585567202434,748800.000000,0
1425585567202903,748800.000000,1
1425585567203372,748800.000000,2
1425585567203997,748800.000000,3
1425585567204726,748800.000000,4
1425585567205403,748800.000000,5
1425585581277851,1996800.000000,0
1425585581278684,1996800.000000,1
1425585581279413,1996800.000000,2
1425585581280090,1996800.000000,3
1425585581280872,1996800.000000,4
1425585581281653,1996800.000000,5
1425585582926653,1555200.000000,0
1425585582926965,1555200.000000,1
1425585582927278,1555200.000000,2
1425585582927538,1555200.000000,3
1425585582927851,1555200.000000,4
1425585582928059,1555200.000000,5
1425585593048788,1785600.000000,0
1425585593049153,1785600.000000,1
1425585593049569,1785600.000000,2
1425585593049934,1785600.000000,3
1425585593050247,1785600.000000,4
1425585593050663,1785600.000000,5
1425585593117278,1555200.000000,0
1425585593117590,1555200.000000,1
1425585593117903,1555200.000000,2
1425585593118215,1555200.000000,3
1425585593118528,1555200.000000,4
1425585593118840,1555200.000000,5
1425585593250872,1785600.000000,0
1425585593251288,1785600.000000,1
1425585593251601,1785600.000000,2
1425585593251965,1785600.000000,3
1425585593252382,1785600.000000,4
1425585593252747,1785600.000000,5
1425585593290819,1555200.000000,0
1425585593291184,1555200.000000,1
1425585593291497,1555200.000000,2
1425585593291913,1555200.000000,3
1425585593292122,1555200.000000,4
1425585593292434,1555200.000000,5
1425585593343163,1785600.000000,0
1425585593343528,1785600.000000,1
1425585593343840,1785600.000000,2
1425585593344257,1785600.000000,3
1425585593344622,1785600.000000,4
1425585593344934,1785600.000000,5
1425585593363059,1555200.000000,0
1425585593363372,1555200.000000,1
1425585593363788,1555200.000000,2
1425585593364153,1555200.000000,3
1425585593364569,1555200.000000,4
1425585593364934,1555200.000000,5
1425585593391028,1785600.000000,0
1425585593391497,1785600.000000,1
1425585593391809,1785600.000000,2
1425585593392226,1785600.000000,3
1425585593392590,1785600.000000,4
1425585593392903,1785600.000000,5
1425585593428319,1555200.000000,0
1425585593428684,1555200.000000,1
1425585593429101,1555200.000000,2
1425585593429413,1555200.000000,3
1425585593429778,1555200.000000,4
1425585593430194,1555200.000000,5
1425585593536809,1996800.000000,0
1425585593537278,1996800.000000,1
1425585593537590,1996800.000000,2
1425585593538007,1996800.000000,3
1425585593538372,1996800.000000,4
1425585593538684,1996800.000000,5
1425585593589778,1555200.000000,0
1425585593590194,1555200.000000,1
1425585593590559,1555200.000000,2
1425585593590872,1555200.000000,3
1425585593591288,1555200.000000,4
1425585593591601,1555200.000000,5
1425585596936288,1785600.000000,0
1425585596936653,1785600.000000,1
1425585596937069,1785600.000000,2
1425585596937434,1785600.000000,3
1425585596937851,1785600.000000,4
1425585596938163,1785600.000000,5
1425585596958997,1555200.000000,0
1425585596959309,1555200.000000,1
1425585596959778,1555200.000000,2
1425585596960090,1555200.000000,3
1425585596960403,1555200.000000,4
1425585596960872,1555200.000000,5
1425585596998319,1785600.000000,0
1425585596998788,1785600.000000,1
1425585596999101,1785600.000000,2
1425585596999465,1785600.000000,3
1425585596999778,1785600.000000,4
1425585597000247,1785600.000000,5
1425585600842069,1996800.000000,0
1425585600842694,1996800.000000,1
1425585600843059,1996800.000000,2
1425585600843476,1996800.000000,3
1425585600843840,1996800.000000,4
1425585600844309,1996800.000000,5
1425585604851340,2227200.000000,0
1425585604851809,2227200.000000,1
1425585604852122,2227200.000000,2
1425585604852382,2227200.000000,3
1425585604852590,2227200.000000,4
1425585604852903,2227200.000000,5
1425585610998840,1555200.000000,0
1425585610999309,1555200.000000,1
1425585610999726,1555200.000000,2
1425585611000247,1555200.000000,3
1425585611000715,1555200.000000,4
1425585611001184,1555200.000000,5
1425585611618997,1996800.000000,0
1425585611619465,1996800.000000,1
1425585611619934,1996800.000000,2
1425585611620507,1996800.000000,3
1425585611620872,1996800.000000,4
1425585611621444,1996800.000000,5
1425585611768476,1555200.000000,0
1425585611768840,1555200.000000,1
1425585611769257,1555200.000000,2
1425585611769622,1555200.000000,3
1425585611769934,1555200.000000,4
1425585611770351,1555200.000000,5
1425585611802278,1996800.000000,0
1425585611802747,1996800.000000,1
1425585611803215,1996800.000000,2
1425585611803684,1996800.000000,3
1425585611804101,1996800.000000,4
1425585611804569,1996800.000000,5
1425585615176288,1555200.000000,0
1425585615176653,1555200.000000,1
1425585615176913,1555200.000000,2
1425585615177226,1555200.000000,3
1425585615177434,1555200.000000,4
1425585615177747,1555200.000000,5
1425585628850247,2745600.000000,0
1425585628850872,2745600.000000,1
1425585628851288,2745600.000000,2
1425585628851757,2745600.000000,3
1425585628852122,2745600.000000,4
1425585628852590,2745600.000000,5
1425585629135247,1555200.000000,0
1425585629135507,1555200.000000,1
1425585629135819,1555200.000000,2
1425585629136028,1555200.000000,3
1425585629136340,1555200.000000,4
1425585629136601,1555200.000000,5
1425585632840247,1785600.000000,0
1425585632840715,1785600.000000,1
1425585632841184,1785600.000000,2
1425585632841497,1785600.000000,3
1425585632841913,1785600.000000,4
1425585632842278,1785600.000000,5
1425585648835247,2227200.000000,0
1425585648835715,2227200.000000,1
1425585648836028,2227200.000000,2
1425585648836497,2227200.000000,3
1425585648836913,2227200.000000,4
1425585648837278,2227200.000000,5
1425585663063059,2745600.000000,0
1425585663064465,2745600.000000,1
1425585663064726,2745600.000000,2
1425585663064934,2745600.000000,3
1425585663065247,2745600.000000,4
1425585663065507,2745600.000000,5
1425585680869934,1785600.000000,0
1425585680870194,1785600.000000,1
1425585680870403,1785600.000000,2
1425585680870559,1785600.000000,3
1425585680870819,1785600.000000,4
1425585680871028,1785600.000000,5
1425585683644778,1555200.000000,0
1425585683645194,1555200.000000,1
1425585683646653,1555200.000000,2
1425585683646965,1555200.000000,3
1425585683647278,1555200.000000,4
1425585683647590,1555200.000000,5
1425585684851028,1785600.000000,0
1425585684851497,1785600.000000,1
1425585684851809,1785600.000000,2
1425585684852278,1785600.000000,3
1425585684852590,1785600.000000,4
1425585684853007,1785600.000000,5
1425585696837538,1996800.000000,0
1425585696838059,1996800.000000,1
1425585696838476,1996800.000000,2
1425585696838788,1996800.000000,3
1425585696838997,1996800.000000,4
1425585696839413,1996800.000000,5
1425585707097069,1555200.000000,0
1425585707097434,1555200.000000,1
1425585707097747,1555200.000000,2
1425585707098215,1555200.000000,3
1425585707098632,1555200.000000,4
1425585707099101,1555200.000000,5
1425585708215559,1996800.000000,0
1425585708216028,1996800.000000,1
1425585708216340,1996800.000000,2
1425585708216757,1996800.000000,3
1425585708217122,1996800.000000,4
1425585708217434,1996800.000000,5
1425585709129465,1555200.000000,0
1425585709129882,1555200.000000,1
1425585709130247,1555200.000000,2
1425585709130559,1555200.000000,3
1425585709130872,1555200.000000,4
1425585709131288,1555200.000000,5
1425585709235351,1996800.000000,0
1425585709235715,1996800.000000,1
1425585709236132,1996800.000000,2
1425585709236497,1996800.000000,3
1425585709236913,1996800.000000,4
1425585709237278,1996800.000000,5
1425585709750403,1555200.000000,0
1425585709750715,1555200.000000,1
1425585709750976,1555200.000000,2
1425585709751288,1555200.000000,3
1425585709751601,1555200.000000,4
1425585709751809,1555200.000000,5
1425585741912278,1996800.000000,0
1425585741912746,1996800.000000,1
1425585741913059,1996800.000000,2
1425585741913528,1996800.000000,3
1425585741913840,1996800.000000,4
1425585741914153,1996800.000000,5
1425585741950715,1555200.000000,0
1425585741951184,1555200.000000,1
1425585741951496,1555200.000000,2
1425585741951913,1555200.000000,3
1425585741952278,1555200.000000,4
1425585741952590,1555200.000000,5
1425585756827746,1996800.000000,0
1425585756828371,1996800.000000,1
1425585756828840,1996800.000000,2
1425585756829309,1996800.000000,3
1425585756829882,1996800.000000,4
1425585756830246,1996800.000000,5
1425585757596496,1555200.000000,0
1425585757596809,1555200.000000,1
1425585757597121,1555200.000000,2
1425585757597382,1555200.000000,3
1425585757597590,1555200.000000,4
1425585757597903,1555200.000000,5
1425585758502121,1996800.000000,0
1425585758502590,1996800.000000,1
1425585758502903,1996800.000000,2
1425585758503319,1996800.000000,3
1425585758503684,1996800.000000,4
1425585758503996,1996800.000000,5
1425585758802434,556800.000000,0
1425585758802746,556800.000000,1
1425585758803059,556800.000000,2
1425585758803371,556800.000000,3
1425585758803684,556800.000000,4
1425585758803996,556800.000000,5
1425585781269569,1152000.000000,0
1425585781270715,1152000.000000,1
1425585781271757,1152000.000000,2
1425585781272851,1152000.000000,3
1425585781273840,1152000.000000,4
1425585781274882,1152000.000000,5
1425585791331028,1785600.000000,0
1425585791331653,1785600.000000,1
1425585791332278,1785600.000000,2
1425585791333007,1785600.000000,3
1425585791333632,1785600.000000,4
1425585791334309,1785600.000000,5
1425585806777278,1996800.000000,0
1425585806777746,1996800.000000,1
1425585806778059,1996800.000000,2
1425585806778528,1996800.000000,3
1425585806778944,1996800.000000,4
1425585806779309,1996800.000000,5
1425585808135559,1555200.000000,0
1425585808135871,1555200.000000,1
1425585808136184,1555200.000000,2
1425585808136496,1555200.000000,3
1425585808136809,1555200.000000,4
1425585808137069,1555200.000000,5
1425585813495090,1996800.000000,0
1425585813495507,1996800.000000,1
1425585813495871,1996800.000000,2
1425585813496288,1996800.000000,3
1425585813496653,1996800.000000,4
1425585813496965,1996800.000000,5
1425585822805090,748800.000000,0
1425585822805507,748800.000000,1
1425585822805871,748800.000000,2
1425585822806184,748800.000000,3
1425585822806601,748800.000000,4
1425585822806913,748800.000000,5
1425585841026288,556800.000000,0
1425585841027694,556800.000000,1
1425585841028944,556800.000000,2
1425585841030246,556800.000000,3
1425585841031496,556800.000000,4
1425585841032746,556800.000000,5
1425585860017590,748800.000000,0
1425585860018788,748800.000000,1
1425585860019778,748800.000000,2
1425585860020871,748800.000000,3
1425585860021965,748800.000000,4
1425585860023007,748800.000000,5
1425585870741340,960000.000000,0
1425585870742434,960000.000000,1
1425585870743371,960000.000000,2
1425585870744257,960000.000000,3
1425585870745194,960000.000000,4
1425585870746028,960000.000000,5
1425585870787746,748800.000000,0
1425585870788528,748800.000000,1
1425585870789309,748800.000000,2
1425585870790090,748800.000000,3
1425585870790871,748800.000000,4
1425585870791913,748800.000000,5
1425585870907590,556800.000000,0
1425585870908684,556800.000000,1
1425585870909726,556800.000000,2
1425585870910715,556800.000000,3
1425585870911809,556800.000000,4
1425585870912746,556800.000000,5
1425585881236496,1996800.000000,0
1425585881237694,1996800.000000,1
1425585881238684,1996800.000000,2
1425585881239621,1996800.000000,3
1425585881240559,1996800.000000,4
1425585881241653,1996800.000000,5
1425585887674726,1555200.000000,0
1425585887675090,1555200.000000,1
1425585887675507,1555200.000000,2
1425585887675871,1555200.000000,3
1425585887676184,1555200.000000,4
1425585887676496,1555200.000000,5
1425585888984778,1785600.000000,0
1425585888985246,1785600.000000,1
1425585888985559,1785600.000000,2
1425585888985976,1785600.000000,3
1425585888986340,1785600.000000,4
1425585888986757,1785600.000000,5
1425585889034726,1555200.000000,0
1425585889035038,1555200.000000,1
1425585889035351,1555200.000000,2
1425585889036601,1555200.000000,3
1425585889036913,1555200.000000,4
1425585889037278,1555200.000000,5
1425585896946496,1785600.000000,0
1425585896946965,1785600.000000,1
1425585896947382,1785600.000000,2
1425585896947746,1785600.000000,3
1425585896948059,1785600.000000,4
1425585896948528,1785600.000000,5
1425585896979726,1555200.000000,0
1425585896980090,1555200.000000,1
1425585896980403,1555200.000000,2
1425585896980715,1555200.000000,3
1425585896981028,1555200.000000,4
1425585896981340,1555200.000000,5
1425585903051809,1996800.000000,0
1425585903052226,1996800.000000,1
1425585903052590,1996800.000000,2
1425585903052903,1996800.000000,3
1425585903053319,1996800.000000,4
1425585903053684,1996800.000000,5
1425585903087590,2227200.000000,0
1425585903088059,2227200.000000,1
1425585903088476,2227200.000000,2
1425585903088840,2227200.000000,3
1425585903089153,2227200.000000,4
1425585903089465,2227200.000000,5
1425585913050559,1996800.000000,0
1425585913050871,1996800.000000,1
1425585913051132,1996800.000000,2
1425585913051340,1996800.000000,3
1425585913051653,1996800.000000,4
1425585913051809,1996800.000000,5
1425585918885090,1555200.000000,0
1425585918885507,1555200.000000,1
1425585918885715,1555200.000000,2
1425585918886028,1555200.000000,3
1425585918886340,1555200.000000,4
1425585918886653,1555200.000000,5
1425585919002903,1785600.000000,0
1425585919003371,1785600.000000,1
1425585919003684,1785600.000000,2
1425585919004101,1785600.000000,3
1425585919004413,1785600.000000,4
1425585919004778,1785600.000000,5
1425585940950663,556800.000000,0
1425585940951028,556800.000000,1
1425585940951496,556800.000000,2
1425585940951809,556800.000000,3
1425585940952590,556800.000000,4
1425585940953840,556800.000000,5
1425585966226444,748800.000000,0
1425585966227746,748800.000000,1
1425585966229101,748800.000000,2
1425585966230403,748800.000000,3
1425585966231653,748800.000000,4
1425585966232903,748800.000000,5
1425585967434153,556800.000000,0
1425585967435090,556800.000000,1
1425585967436184,556800.000000,2
1425585967437226,556800.000000,3
1425585967438163,556800.000000,4
1425585967439153,556800.000000,5
1425585967655090,748800.000000,0
1425585967656340,748800.000000,1
1425585967657382,748800.000000,2
1425585967658528,748800.000000,3
1425585967659465,748800.000000,4
1425585967660559,748800.000000,5
1425585967869101,556800.000000,0
1425585967869934,556800.000000,1
1425585967870819,556800.000000,2
1425585967871601,556800.000000,3
1425585967872694,556800.000000,4
1425585967873632,556800.000000,5
1425585967936184,748800.000000,0
1425585967937226,748800.000000,1
1425585967938215,748800.000000,2
1425585967939153,748800.000000,3
1425585967940403,748800.000000,4
1425585967941340,748800.000000,5
1425585976538007,1555200.000000,0
1425585976538684,1555200.000000,1
1425585976539465,1555200.000000,2
1425585976540246,1555200.000000,3
1425585976541132,1555200.000000,4
1425585976541965,1555200.000000,5
1425585976659726,748800.000000,0
1425585976660246,748800.000000,1
1425585976660663,748800.000000,2
1425585976661132,748800.000000,3
1425585976661601,748800.000000,4
1425585976662278,748800.000000,5
1425585998790246,1363200.000000,0
1425585998791184,1363200.000000,1
1425585998792121,1363200.000000,2
1425585998793059,1363200.000000,3
1425585998793996,1363200.000000,4
1425585998794882,1363200.000000,5
1425586014833528,1785600.000000,0
1425586014833996,1785600.000000,1
1425586014834413,1785600.000000,2
1425586014834778,1785600.000000,3
1425586014835246,1785600.000000,4
1425586014835559,1785600.000000,5
1425586015251132,1555200.000000,0
1425586015251601,1555200.000000,1
1425586015251965,1555200.000000,2
1425586015252434,1555200.000000,3
1425586015252851,1555200.000000,4
1425586015253215,1555200.000000,5
1425586015953840,1785600.000000,0
1425586015954153,1785600.000000,1
1425586015954569,1785600.000000,2
1425586015954934,1785600.000000,3
1425586015955246,1785600.000000,4
1425586015955663,1785600.000000,5
1425586019243528,1555200.000000,0
1425586019243996,1555200.000000,1
1425586019244413,1555200.000000,2
1425586019244778,1555200.000000,3
1425586019245194,1555200.000000,4
1425586019245559,1555200.000000,5
1425586019481132,1785600.000000,0
1425586019481496,1785600.000000,1
1425586019481809,1785600.000000,2
1425586019482226,1785600.000000,3
1425586019482590,1785600.000000,4
1425586019482903,1785600.000000,5
1425586031128163,1555200.000000,0
1425586031128528,1555200.000000,1
1425586031128944,1555200.000000,2
1425586031129413,1555200.000000,3
1425586031129778,1555200.000000,4
1425586031130351,1555200.000000,5
1425586031379309,2227200.000000,0
1425586031379726,2227200.000000,1
1425586031380090,2227200.000000,2
1425586031380403,2227200.000000,3
1425586031380819,2227200.000000,4
1425586031381184,2227200.000000,5
1425586031451288,1555200.000000,0
1425586031451496,1555200.000000,1
1425586031451809,1555200.000000,2
1425586031452069,1555200.000000,3
1425586031453215,1555200.000000,4
1425586031453528,1555200.000000,5
1425586031713215,1785600.000000,0
1425586031713684,1785600.000000,1
1425586031714101,1785600.000000,2
1425586031714569,1785600.000000,3
1425586031714934,1785600.000000,4
1425586031715351,1785600.000000,5
1425586048952382,556800.000000,0
1425586048952746,556800.000000,1
1425586048953059,556800.000000,2
1425586048953371,556800.000000,3
1425586048953684,556800.000000,4
1425586048953996,556800.000000,5
1425586066884778,748800.000000,0
1425586066885871,748800.000000,1
1425586066886913,748800.000000,2
1425586066887851,748800.000000,3
1425586066888840,748800.000000,4
1425586066889778,748800.000000,5
1425586069010663,960000.000000,0
1425586069011757,960000.000000,1
1425586069012694,960000.000000,2
1425586069013788,960000.000000,3
1425586069014726,960000.000000,4
1425586069015559,960000.000000,5
1425586069921184,748800.000000,0
1425586069922226,748800.000000,1
1425586069922903,748800.000000,2
1425586069923840,748800.000000,3
1425586069924882,748800.000000,4
1425586069925871,748800.000000,5
1425586078795871,556800.000000,0
1425586078796913,556800.000000,1
1425586078798371,556800.000000,2
1425586078799621,556800.000000,3
1425586078800819,556800.000000,4
1425586078802069,556800.000000,5
1425586096886496,748800.000000,0
1425586096887746,748800.000000,1
1425586096888788,748800.000000,2
1425586096889726,748800.000000,3
1425586096890715,748800.000000,4
1425586096891757,748800.000000,5
1425586110915403,1363200.000000,0
1425586110916444,1363200.000000,1
1425586110917382,1363200.000000,2
1425586110918371,1363200.000000,3
1425586110919309,1363200.000000,4
1425586110920351,1363200.000000,5
1425586128865351,1152000.000000,0
1425586128865871,1152000.000000,1
1425586128866444,1152000.000000,2
1425586128867069,1152000.000000,3
1425586128867590,1152000.000000,4
1425586128868215,1152000.000000,5
1425586144981757,556800.000000,0
1425586144983215,556800.000000,1
1425586144984465,556800.000000,2
1425586144985715,556800.000000,3
1425586144987069,556800.000000,4
1425586144988371,556800.000000,5
1425586181806913,1152000.000000,0
1425586181808059,1152000.000000,1
1425586181808996,1152000.000000,2
1425586181809934,1152000.000000,3
1425586181811028,1152000.000000,4
1425586181812121,1152000.000000,5
1425586204292278,1363200.000000,0
1425586204292850,1363200.000000,1
1425586204293371,1363200.000000,2
1425586204293840,1363200.000000,3
1425586204294309,1363200.000000,4
1425586204294778,1363200.000000,5
1425586204606288,1152000.000000,0
1425586204606757,1152000.000000,1
1425586204607121,1152000.000000,2
1425586204607590,1152000.000000,3
1425586204607903,1152000.000000,4
1425586204608371,1152000.000000,5
1425586204642121,1363200.000000,0
1425586204642746,1363200.000000,1
1425586204643319,1363200.000000,2
1425586204643788,1363200.000000,3
1425586204644257,1363200.000000,4
1425586204644778,1363200.000000,5
1425586206926496,1555200.000000,0
1425586206927121,1555200.000000,1
1425586206927538,1555200.000000,2
1425586206928059,1555200.000000,3
1425586206928475,1555200.000000,4
1425586206928840,1555200.000000,5
1425586222785246,748800.000000,0
1425586222787382,748800.000000,1
1425586222788163,748800.000000,2
1425586222788944,748800.000000,3
1425586222789725,748800.000000,4
1425586222790507,748800.000000,5
1425586239262746,556800.000000,0
1425586239264257,556800.000000,1
1425586239265559,556800.000000,2
1425586239266809,556800.000000,3
1425586239268163,556800.000000,4
1425586239269309,556800.000000,5
1425586254784153,748800.000000,0
1425586254785350,748800.000000,1
1425586254786288,748800.000000,2
1425586254787278,748800.000000,3
1425586254788215,748800.000000,4
1425586254789153,748800.000000,5
1425586256256653,556800.000000,0
1425586256257434,556800.000000,1
1425586256258215,556800.000000,2
1425586256259465,556800.000000,3
1425586256260403,556800.000000,4
1425586256261496,556800.000000,5
1425586280735975,748800.000000,0
1425586280737121,748800.000000,1
1425586280738059,748800.000000,2
1425586280739100,748800.000000,3
1425586280740090,748800.000000,4
1425586280741028,748800.000000,5
1425586280813996,556800.000000,0
1425586280815350,556800.000000,1
1425586280816444,556800.000000,2
1425586280817434,556800.000000,3
1425586280818371,556800.000000,4
1425586280819309,556800.000000,5
1425586281074725,1363200.000000,0
1425586281075871,1363200.000000,1
1425586281079882,1363200.000000,2
1425586281080871,1363200.000000,3
1425586281081809,1363200.000000,4
1425586281083163,1363200.000000,5
1425586281212538,556800.000000,0
1425586281213996,556800.000000,1
1425586281215246,556800.000000,2
1425586281216600,556800.000000,3
1425586281218215,556800.000000,4
1425586281220246,556800.000000,5
1425586303721444,1363200.000000,0
1425586303722590,1363200.000000,1
1425586303723840,1363200.000000,2
1425586303724778,1363200.000000,3
1425586303725819,1363200.000000,4
1425586303726809,1363200.000000,5
1425586318951965,1785600.000000,0
1425586318952538,1785600.000000,1
1425586318952903,1785600.000000,2
1425586318953371,1785600.000000,3
1425586318953788,1785600.000000,4
1425586318954153,1785600.000000,5
1425586334358996,1996800.000000,0
1425586334359309,1996800.000000,1
1425586334359882,1996800.000000,2
1425586334360194,1996800.000000,3
1425586334360403,1996800.000000,4
1425586334360715,1996800.000000,5
1425586334781600,1555200.000000,0
1425586334781965,1555200.000000,1
1425586334782382,1555200.000000,2
1425586334782746,1555200.000000,3
1425586334783215,1555200.000000,4
1425586334783684,1555200.000000,5
1425586336848684,1996800.000000,0
1425586336849100,1996800.000000,1
1425586336849465,1996800.000000,2
1425586336849778,1996800.000000,3
1425586336850090,1996800.000000,4
1425586336850507,1996800.000000,5
1425586350806913,556800.000000,0
1425586350807278,556800.000000,1
1425586350807694,556800.000000,2
1425586350808007,556800.000000,3
1425586350808371,556800.000000,4
1425586350808684,556800.000000,5
1425586370928371,748800.000000,0
1425586370929621,748800.000000,1
1425586370930663,748800.000000,2
1425586370931652,748800.000000,3
1425586370932746,748800.000000,4
1425586370933684,748800.000000,5
1425586371864465,556800.000000,0
1425586371865819,556800.000000,1
1425586371866809,556800.000000,2
1425586371867850,556800.000000,3
1425586371868840,556800.000000,4
1425586371869934,556800.000000,5
1425586372210871,748800.000000,0
1425586372211965,748800.000000,1
1425586372212902,748800.000000,2
1425586372213840,748800.000000,3
1425586372218215,748800.000000,4
1425586372219257,748800.000000,5
1425586399576288,1363200.000000,0
1425586399577382,1363200.000000,1
1425586399578371,1363200.000000,2
1425586399579309,1363200.000000,3
1425586399580246,1363200.000000,4
1425586399581288,1363200.000000,5
1425586412969309,1555200.000000,0
1425586412969777,1555200.000000,1
1425586412970246,1555200.000000,2
1425586412970559,1555200.000000,3
1425586412971027,1555200.000000,4
1425586412971496,1555200.000000,5
1425586415678371,1785600.000000,0
1425586415678840,1785600.000000,1
1425586415679309,1785600.000000,2
1425586415679777,1785600.000000,3
1425586415680246,1785600.000000,4
1425586415680715,1785600.000000,5
1425586416350559,1555200.000000,0
1425586416350975,1555200.000000,1
1425586416351288,1555200.000000,2
1425586416351600,1555200.000000,3
1425586416351965,1555200.000000,4
1425586416352277,1555200.000000,5
1425586416373684,1785600.000000,0
1425586416374152,1785600.000000,1
1425586416374725,1785600.000000,2
1425586416375194,1785600.000000,3
1425586416375663,1785600.000000,4
1425586416376132,1785600.000000,5
1425586416476027,1555200.000000,0
1425586416476444,1555200.000000,1
1425586416476757,1555200.000000,2
1425586416477121,1555200.000000,3
1425586416477434,1555200.000000,4
1425586416477694,1555200.000000,5
1425586416512277,1785600.000000,0
1425586416512590,1785600.000000,1
1425586416513059,1785600.000000,2
1425586416513371,1785600.000000,3
1425586416513840,1785600.000000,4
1425586416514152,1785600.000000,5
1425586417840663,1555200.000000,0
1425586417841027,1555200.000000,1
1425586417841340,1555200.000000,2
1425586417841757,1555200.000000,3
1425586417842069,1555200.000000,4
1425586417842382,1555200.000000,5
1425586417871027,1785600.000000,0
1425586417871444,1785600.000000,1
1425586417871809,1785600.000000,2
1425586417872121,1785600.000000,3
1425586417872590,1785600.000000,4
1425586417872902,1785600.000000,5
1425586418008215,1555200.000000,0
1425586418008527,1555200.000000,1
1425586418008840,1555200.000000,2
1425586418009152,1555200.000000,3
1425586418009465,1555200.000000,4
1425586418009777,1555200.000000,5
1425586418022069,1785600.000000,0
1425586418022434,1785600.000000,1
1425586418022746,1785600.000000,2
1425586418023163,1785600.000000,3
1425586418023527,1785600.000000,4
1425586418023840,1785600.000000,5
1425586418111184,1555200.000000,0
1425586418111652,1555200.000000,1
1425586418111965,1555200.000000,2
1425586418112277,1555200.000000,3
1425586418112590,1555200.000000,4
1425586418112902,1555200.000000,5
1425586421194569,1785600.000000,0
1425586421194934,1785600.000000,1
1425586421195350,1785600.000000,2
1425586421195663,1785600.000000,3
1425586421196027,1785600.000000,4
1425586421196340,1785600.000000,5
1425586421229465,1555200.000000,0
1425586421229777,1555200.000000,1
1425586421230090,1555200.000000,2
1425586421230402,1555200.000000,3
1425586421230819,1555200.000000,4
1425586421231027,1555200.000000,5
1425586421569465,1785600.000000,0
1425586421569882,1785600.000000,1
1425586421570246,1785600.000000,2
1425586421570559,1785600.000000,3
1425586421570871,1785600.000000,4
1425586421571288,1785600.000000,5
1425586432837850,960000.000000,0
1425586432838163,960000.000000,1
1425586432838475,960000.000000,2
1425586432838788,960000.000000,3
1425586432839100,960000.000000,4
1425586432839413,960000.000000,5
1425586446860090,556800.000000,0
1425586446860871,556800.000000,1
1425586446861809,556800.000000,2
1425586446863163,556800.000000,3
1425586446864309,556800.000000,4
1425586446865663,556800.000000,5
1425586467922746,748800.000000,0
1425586467923840,748800.000000,1
1425586467924882,748800.000000,2
1425586467926027,748800.000000,3
1425586467927121,748800.000000,4
1425586467928059,748800.000000,5
1425586478811027,556800.000000,0
1425586478812277,556800.000000,1
1425586478813319,556800.000000,2
1425586478814309,556800.000000,3
1425586478815350,556800.000000,4
1425586478816340,556800.000000,5
1425586481165246,1555200.000000,0
1425586481166184,1555200.000000,1
1425586481167225,1555200.000000,2
1425586481168215,1555200.000000,3
1425586481169257,1555200.000000,4
1425586481170246,1555200.000000,5
1425586496856809,1785600.000000,0
1425586496857277,1785600.000000,1
1425586496857694,1785600.000000,2
1425586496858007,1785600.000000,3
1425586496858371,1785600.000000,4
1425586496858684,1785600.000000,5
1425586512708944,1555200.000000,0
1425586512709413,1555200.000000,1
1425586512709777,1555200.000000,2
1425586512710194,1555200.000000,3
1425586512710559,1555200.000000,4
1425586512711027,1555200.000000,5
1425586528864257,748800.000000,0
1425586528864777,748800.000000,1
1425586528865194,748800.000000,2
1425586528865663,748800.000000,3
1425586528866496,748800.000000,4
1425586528867382,748800.000000,5
1425586549026027,556800.000000,0
1425586549027434,556800.000000,1
1425586549028840,556800.000000,2
1425586549030194,556800.000000,3
1425586549031444,556800.000000,4
1425586549032694,556800.000000,5
1425586581325559,1555200.000000,0
1425586581326652,1555200.000000,1
1425586581327746,1555200.000000,2
1425586581328684,1555200.000000,3
1425586581329725,1555200.000000,4
1425586581330715,1555200.000000,5
1425586604458996,1152000.000000,0
1425586604459465,1152000.000000,1
1425586604459882,1152000.000000,2
1425586604460246,1152000.000000,3
1425586604460559,1152000.000000,4
1425586604460871,1152000.000000,5
1425586606965246,1555200.000000,0
1425586606965715,1555200.000000,1
1425586606966184,1555200.000000,2
1425586606966652,1555200.000000,3
1425586606967277,1555200.000000,4
1425586606967746,1555200.000000,5
1425586613035090,1785600.000000,0
1425586613035507,1785600.000000,1
1425586613035871,1785600.000000,2
1425586613036184,1785600.000000,3
1425586613036600,1785600.000000,4
1425586613036965,1785600.000000,5
1425586621732746,1555200.000000,0
1425586621733059,1555200.000000,1
1425586621733371,1555200.000000,2
1425586621733684,1555200.000000,3
1425586621733996,1555200.000000,4
1425586621734309,1555200.000000,5
1425586622093215,1785600.000000,0
1425586622093632,1785600.000000,1
1425586622093996,1785600.000000,2
1425586622094413,1785600.000000,3
1425586622094725,1785600.000000,4
1425586622095090,1785600.000000,5
1425586622561913,1555200.000000,0
1425586622562277,1555200.000000,1
1425586622562590,1555200.000000,2
1425586622562902,1555200.000000,3
1425586622563215,1555200.000000,4
1425586622563527,1555200.000000,5
1425586622710871,1785600.000000,0
1425586622711288,1785600.000000,1
1425586622711652,1785600.000000,2
1425586622712069,1785600.000000,3
1425586622713215,1785600.000000,4
1425586622713684,1785600.000000,5
1425586622795402,748800.000000,0
1425586622795715,748800.000000,1
1425586622796027,748800.000000,2
1425586622796340,748800.000000,3
1425586622796652,748800.000000,4
1425586622796965,748800.000000,5
1425586649027121,556800.000000,0
1425586649028632,556800.000000,1
1425586649029777,556800.000000,2
1425586649031027,556800.000000,3
1425586649032277,556800.000000,4
1425586649033684,556800.000000,5
1425586681004309,1555200.000000,0
1425586681005559,1555200.000000,1
1425586681006496,1555200.000000,2
1425586681007434,1555200.000000,3
1425586681008475,1555200.000000,4
1425586681009413,1555200.000000,5
1425586688858319,748800.000000,0
1425586688859152,748800.000000,1
1425586688859465,748800.000000,2
1425586688859934,748800.000000,3
1425586688860559,748800.000000,4
1425586688861340,748800.000000,5
1425586704886027,1363200.000000,0
1425586704886965,1363200.000000,1
1425586704887746,1363200.000000,2
1425586704888527,1363200.000000,3
1425586704889257,1363200.000000,4
1425586704889934,1363200.000000,5
1425586718765402,748800.000000,0
1425586718765975,748800.000000,1
1425586718766496,748800.000000,2
1425586718766965,748800.000000,3
1425586718767590,748800.000000,4
1425586718768371,748800.000000,5
1425586736716184,556800.000000,0
1425586736717746,556800.000000,1
1425586736718996,556800.000000,2
1425586736720402,556800.000000,3
1425586736721652,556800.000000,4
1425586736722902,556800.000000,5
1425586771451496,748800.000000,0
1425586771453059,748800.000000,1
1425586771454413,748800.000000,2
1425586771455715,748800.000000,3
1425586771456965,748800.000000,4
1425586771458215,748800.000000,5
1425586781777746,1152000.000000,0
1425586781778684,1152000.000000,1
1425586781779465,1152000.000000,2
1425586781780350,1152000.000000,3
1425586781781027,1152000.000000,4
1425586781781809,1152000.000000,5
1425586783003996,748800.000000,0
1425586783004465,748800.000000,1
1425586783005038,748800.000000,2
1425586783005507,748800.000000,3
1425586783005975,748800.000000,4
1425586783006444,748800.000000,5
1425586798999621,1363200.000000,0
1425586799000559,1363200.000000,1
1425586799001184,1363200.000000,2
1425586799001965,1363200.000000,3
1425586799002746,1363200.000000,4
1425586799003475,1363200.000000,5
1425586814786600,1555200.000000,0
1425586814787121,1555200.000000,1
1425586814787538,1555200.000000,2
1425586814787902,1555200.000000,3
1425586814788371,1555200.000000,4
1425586814788840,1555200.000000,5
1425586832888215,1152000.000000,0
1425586832888684,1152000.000000,1
1425586832889152,1152000.000000,2
1425586832889777,1152000.000000,3
1425586832890350,1152000.000000,4
1425586832891027,1152000.000000,5
1425586848983944,556800.000000,0
1425586848985402,556800.000000,1
1425586848986652,556800.000000,2
1425586848987902,556800.000000,3
1425586848989152,556800.000000,4
1425586848990559,556800.000000,5
1425586873325246,748800.000000,0
1425586873326496,748800.000000,1
1425586873327434,748800.000000,2
1425586873328527,748800.000000,3
1425586873329569,748800.000000,4
1425586873330559,748800.000000,5
1425586880781600,556800.000000,0
1425586880782902,556800.000000,1
1425586880783840,556800.000000,2
1425586880784934,556800.000000,3
1425586880786027,556800.000000,4
1425586880787069,556800.000000,5
1425586881504621,1555200.000000,0
1425586881505715,1555200.000000,1
1425586881506652,1555200.000000,2
1425586881507694,1555200.000000,3
1425586881508684,1555200.000000,4
1425586881509777,1555200.000000,5
1425586896868840,1785600.000000,0
1425586896869152,1785600.000000,1
1425586896869569,1785600.000000,2
1425586896869934,1785600.000000,3
1425586896870350,1785600.000000,4
1425586896870715,1785600.000000,5
1425586911123527,1363200.000000,0
1425586911123944,1363200.000000,1
1425586911124152,1363200.000000,2
1425586911124465,1363200.000000,3
1425586911124881,1363200.000000,4
1425586911125090,1363200.000000,5
1425586927303371,960000.000000,0
1425586927303840,960000.000000,1
1425586927304256,960000.000000,2
1425586927304777,960000.000000,3
1425586927305402,960000.000000,4
1425586927306027,960000.000000,5
1425586948998684,556800.000000,0
1425586949000194,556800.000000,1
1425586949001444,556800.000000,2
1425586949002694,556800.000000,3
1425586949003996,556800.000000,4
1425586949005402,556800.000000,5
1425586981411131,1152000.000000,0
1425586981412277,1152000.000000,1
1425586981413319,1152000.000000,2
1425586981414309,1152000.000000,3
1425586981415246,1152000.000000,4
1425586981416288,1152000.000000,5
1425586998943684,960000.000000,0
1425586998944465,960000.000000,1
1425586998945194,960000.000000,2
1425586998945871,960000.000000,3
1425586998946652,960000.000000,4
1425586998947277,960000.000000,5
1425587006820246,1555200.000000,0
1425587006820871,1555200.000000,1
1425587006821496,1555200.000000,2
1425587006822121,1555200.000000,3
1425587006822694,1555200.000000,4
1425587006823215,1555200.000000,5
1425587011183527,960000.000000,0
1425587011183996,960000.000000,1
1425587011184309,960000.000000,2
1425587011184725,960000.000000,3
1425587011185090,960000.000000,4
1425587011185506,960000.000000,5
1425587013051809,1363200.000000,0
1425587013052538,1363200.000000,1
1425587013053059,1363200.000000,2
1425587013053684,1363200.000000,3
1425587013054256,1363200.000000,4
1425587013054777,1363200.000000,5
1425587023083631,960000.000000,0
1425587023084100,960000.000000,1
1425587023084465,960000.000000,2
1425587023084934,960000.000000,3
1425587023085402,960000.000000,4
1425587023086027,960000.000000,5
1425587036175506,1363200.000000,0
1425587036176340,1363200.000000,1
1425587036177121,1363200.000000,2
1425587036177902,1363200.000000,3
1425587036178683,1363200.000000,4
1425587036179413,1363200.000000,5
1425587040885715,556800.000000,0
1425587040886340,556800.000000,1
1425587040886808,556800.000000,2
1425587040887277,556800.000000,3
1425587040888215,556800.000000,4
1425587040889465,556800.000000,5
1425587086978527,748800.000000,0
1425587086979725,748800.000000,1
1425587086980663,748800.000000,2
1425587086981652,748800.000000,3
1425587086982590,748800.000000,4
1425587086983631,748800.000000,5
1425587103278527,556800.000000,0
1425587103279933,556800.000000,1
1425587103281183,556800.000000,2
1425587103282538,556800.000000,3
1425587103283840,556800.000000,4
1425587103285090,556800.000000,5
1425587103343996,1363200.000000,0
1425587103345350,1363200.000000,1
1425587103346496,1363200.000000,2
1425587103347902,1363200.000000,3
1425587103349152,1363200.000000,4
1425587103350506,1363200.000000,5
1425587136950871,556800.000000,0
1425587136952381,556800.000000,1
1425587136953631,556800.000000,2
1425587136954881,556800.000000,3
1425587136956131,556800.000000,4
1425587136957277,556800.000000,5
1425587175451444,748800.000000,0
1425587175453006,748800.000000,1
1425587175454308,748800.000000,2
1425587175455558,748800.000000,3
1425587175456808,748800.000000,4
1425587175458215,748800.000000,5
1425587177850819,556800.000000,0
1425587177851965,556800.000000,1
1425587177853006,556800.000000,2
1425587177853996,556800.000000,3
1425587177855090,556800.000000,4
1425587177856131,556800.000000,5
1425587181507121,1363200.000000,0
1425587181508371,1363200.000000,1
1425587181509308,1363200.000000,2
1425587181510350,1363200.000000,3
1425587181511340,1363200.000000,4
1425587181512277,1363200.000000,5
1425587182755402,556800.000000,0
1425587182755871,556800.000000,1
1425587182756340,556800.000000,2
1425587182756652,556800.000000,3
1425587182757121,556800.000000,4
1425587182757902,556800.000000,5
1425587200916652,1363200.000000,0
1425587200918215,1363200.000000,1
1425587200919621,1363200.000000,2
1425587200921027,1363200.000000,3
1425587200922277,1363200.000000,4
1425587200923527,1363200.000000,5
1425587214879308,1555200.000000,0
1425587214879933,1555200.000000,1
1425587214880402,1555200.000000,2
1425587214881027,1555200.000000,3
1425587214881600,1555200.000000,4
1425587214882121,1555200.000000,5
1425587214904569,1785600.000000,0
1425587214905038,1785600.000000,1
1425587214905506,1785600.000000,2
1425587214905975,1785600.000000,3
1425587214906444,1785600.000000,4
1425587214906913,1785600.000000,5
1425587219678058,1555200.000000,0
1425587219678527,1555200.000000,1
1425587219678840,1555200.000000,2
1425587219679308,1555200.000000,3
1425587219679725,1555200.000000,4
1425587219680090,1555200.000000,5
1425587219716652,1785600.000000,0
1425587219717121,1785600.000000,1
1425587219717538,1785600.000000,2
1425587219717902,1785600.000000,3
1425587219718215,1785600.000000,4
1425587219718631,1785600.000000,5
1425587219736288,1555200.000000,0
1425587219736652,1555200.000000,1
1425587219736965,1555200.000000,2
1425587219737381,1555200.000000,3
1425587219737746,1555200.000000,4
1425587219738058,1555200.000000,5
1425587220853215,1785600.000000,0
1425587220853683,1785600.000000,1
1425587220854100,1785600.000000,2
1425587220854413,1785600.000000,3
1425587220854777,1785600.000000,4
1425587220855090,1785600.000000,5
1425587220870975,1555200.000000,0
1425587220871444,1555200.000000,1
1425587220871913,1555200.000000,2
1425587220872277,1555200.000000,3
1425587220872746,1555200.000000,4
1425587220873215,1555200.000000,5
1425587221216288,1785600.000000,0
1425587221216652,1785600.000000,1
1425587221217069,1785600.000000,2
1425587221217433,1785600.000000,3
1425587221217746,1785600.000000,4
1425587221218215,1785600.000000,5
1425587223900194,1555200.000000,0
1425587223900558,1555200.000000,1
1425587223900975,1555200.000000,2
1425587223901340,1555200.000000,3
1425587223901756,1555200.000000,4
1425587223902121,1555200.000000,5
1425587224931913,1785600.000000,0
1425587224932433,1785600.000000,1
1425587224932902,1785600.000000,2
1425587224933371,1785600.000000,3
1425587224933788,1785600.000000,4
1425587224934256,1785600.000000,5
1425587224961496,1555200.000000,0
1425587224961965,1555200.000000,1
1425587224962381,1555200.000000,2
1425587224962746,1555200.000000,3
1425587224963163,1555200.000000,4
1425587224963527,1555200.000000,5
1425587225113058,1785600.000000,0
1425587225113527,1785600.000000,1
1425587225113996,1785600.000000,2
1425587225114413,1785600.000000,3
1425587225114881,1785600.000000,4
1425587225115350,1785600.000000,5
1425587230895558,556800.000000,0
1425587230895975,556800.000000,1
1425587230896340,556800.000000,2
1425587230896808,556800.000000,3
1425587230897121,556800.000000,4
1425587230897850,556800.000000,5
1425587277100038,748800.000000,0
1425587277101288,748800.000000,1
1425587277102277,748800.000000,2
1425587277103371,748800.000000,3
1425587277104308,748800.000000,4
1425587277105402,748800.000000,5
1425587280924413,556800.000000,0
1425587280925715,556800.000000,1
1425587280926756,556800.000000,2
1425587280927746,556800.000000,3
1425587280928788,556800.000000,4
1425587280929725,556800.000000,5
1425587281036496,748800.000000,0
1425587281037902,748800.000000,1
1425587281039100,748800.000000,2
1425587281040402,748800.000000,3
1425587281041652,748800.000000,4
1425587281043006,748800.000000,5
1425587295143058,960000.000000,0
1425587295144152,960000.000000,1
1425587295145038,960000.000000,2
1425587295146131,960000.000000,3
1425587295147069,960000.000000,4
1425587295148058,960000.000000,5
1425587312898006,1363200.000000,0
1425587312898683,1363200.000000,1
1425587312899308,1363200.000000,2
1425587312899933,1363200.000000,3
1425587312900558,1363200.000000,4
1425587312901027,1363200.000000,5
1425587327270715,748800.000000,0
1425587327271131,748800.000000,1
1425587327271600,748800.000000,2
1425587327271965,748800.000000,3
1425587327272381,748800.000000,4
1425587327272850,748800.000000,5
1425587349028319,556800.000000,0
1425587349029777,556800.000000,1
1425587349031027,556800.000000,2
1425587349032277,556800.000000,3
1425587349033527,556800.000000,4
1425587349034881,556800.000000,5
1425587408900402,1363200.000000,0
1425587408901652,1363200.000000,1
1425587408902590,1363200.000000,2
1425587408903631,1363200.000000,3
1425587408904621,1363200.000000,4
1425587408905558,1363200.000000,5
1425587439491027,556800.000000,0
1425587439492538,556800.000000,1
1425587439493683,556800.000000,2
1425587439495038,556800.000000,3
1425587439496340,556800.000000,4
1425587439497590,556800.000000,5
1425587481840402,1363200.000000,0
1425587481841600,1363200.000000,1
1425587481842537,1363200.000000,2
1425587481843527,1363200.000000,3
1425587481844569,1363200.000000,4
1425587481845558,1363200.000000,5
1425587488909152,748800.000000,0
1425587488909725,748800.000000,1
1425587488910090,748800.000000,2
1425587488910662,748800.000000,3
1425587488911340,748800.000000,4
1425587488912121,748800.000000,5
1425587503328319,1363200.000000,0
1425587503329465,1363200.000000,1
1425587503330350,1363200.000000,2
1425587503331287,1363200.000000,3
1425587503332121,1363200.000000,4
1425587503333058,1363200.000000,5
1425587520095871,960000.000000,0
1425587520096808,960000.000000,1
1425587520097537,960000.000000,2
1425587520098319,960000.000000,3
1425587520099100,960000.000000,4
1425587520099881,960000.000000,5
1425587536893006,556800.000000,0
1425587536893787,556800.000000,1
1425587536895037,556800.000000,2
1425587536896287,556800.000000,3
1425587536897537,556800.000000,4
1425587536898840,556800.000000,5
1425587574126652,748800.000000,0
1425587574127746,748800.000000,1
1425587574128840,748800.000000,2
1425587574129933,748800.000000,3
1425587574130871,748800.000000,4
1425587574131808,748800.000000,5
1425587575732850,556800.000000,0
1425587575733683,556800.000000,1
1425587575734621,556800.000000,2
1425587575738215,556800.000000,3
1425587575739308,556800.000000,4
1425587575740402,556800.000000,5
1425587581591496,1152000.000000,0
1425587581592590,1152000.000000,1
1425587581593631,1152000.000000,2
1425587581594569,1152000.000000,3
1425587581595506,1152000.000000,4
1425587581596496,1152000.000000,5
1425587584067902,556800.000000,0
1425587584068475,556800.000000,1
1425587584068944,556800.000000,2
1425587584069465,556800.000000,3
1425587584069933,556800.000000,4
1425587584070558,556800.000000,5
1425587600891965,1363200.000000,0
1425587600893996,1363200.000000,1
1425587600895402,1363200.000000,2
1425587600896652,1363200.000000,3
1425587600897902,1363200.000000,4
1425587600899100,1363200.000000,5
1425587614884465,1785600.000000,0
1425587614885090,1785600.000000,1
1425587614885662,1785600.000000,2
1425587614886183,1785600.000000,3
1425587614886652,1785600.000000,4
1425587614887225,1785600.000000,5
1425587621915090,1555200.000000,0
1425587621915558,1555200.000000,1
1425587621915871,1555200.000000,2
1425587621916340,1555200.000000,3
1425587621916756,1555200.000000,4
1425587621917121,1555200.000000,5
1425587621955975,1785600.000000,0
1425587621956340,1785600.000000,1
1425587621956652,1785600.000000,2
1425587621957121,1785600.000000,3
1425587621957433,1785600.000000,4
1425587621957850,1785600.000000,5
1425587622497069,1555200.000000,0
1425587622497381,1555200.000000,1
1425587622497746,1555200.000000,2
1425587622498058,1555200.000000,3
1425587622498371,1555200.000000,4
1425587622498683,1555200.000000,5
1425587623353527,1785600.000000,0
1425587623353944,1785600.000000,1
1425587623354412,1785600.000000,2
1425587623354881,1785600.000000,3
1425587623355246,1785600.000000,4
1425587623355715,1785600.000000,5
1425587624414881,1555200.000000,0
1425587624415246,1555200.000000,1
1425587624415558,1555200.000000,2
1425587624415819,1555200.000000,3
1425587624416131,1555200.000000,4
1425587624416444,1555200.000000,5
1425587624476756,1785600.000000,0
1425587624477225,1785600.000000,1
1425587624477746,1785600.000000,2
1425587624478319,1785600.000000,3
1425587624478840,1785600.000000,4
1425587624479308,1785600.000000,5
1425587627351496,1555200.000000,0
1425587627351808,1555200.000000,1
1425587627352121,1555200.000000,2
1425587627352433,1555200.000000,3
1425587627352746,1555200.000000,4
1425587627353058,1555200.000000,5
1425587627537694,1785600.000000,0
1425587627538058,1785600.000000,1
1425587627538475,1785600.000000,2
1425587627538840,1785600.000000,3
1425587627539152,1785600.000000,4
1425587627539569,1785600.000000,5
1425587627565090,1555200.000000,0
1425587627565558,1555200.000000,1
1425587627565975,1555200.000000,2
1425587627566340,1555200.000000,3
1425587627566756,1555200.000000,4
1425587627567121,1555200.000000,5
1425587627668527,1785600.000000,0
1425587627668996,1785600.000000,1
1425587627669465,1785600.000000,2
1425587627669933,1785600.000000,3
1425587627670402,1785600.000000,4
1425587627670871,1785600.000000,5
1425587632838840,748800.000000,0
1425587632839256,748800.000000,1
1425587632839621,748800.000000,2
1425587632840090,748800.000000,3
1425587632840506,748800.000000,4
1425587632840871,748800.000000,5
1425587649025715,556800.000000,0
1425587649027121,556800.000000,1
1425587649028371,556800.000000,2
1425587649029777,556800.000000,3
1425587649031027,556800.000000,4
1425587649032225,556800.000000,5
1425587681749308,1785600.000000,0
1425587681750714,1785600.000000,1
1425587681751912,1785600.000000,2
1425587681753162,1785600.000000,3
1425587681754308,1785600.000000,4
1425587681755662,1785600.000000,5
1425587696857902,1996800.000000,0
1425587696858787,1996800.000000,1
1425587696859152,1996800.000000,2
1425587696859464,1996800.000000,3
1425587696859933,1996800.000000,4
1425587696860246,1996800.000000,5
1425587712945975,748800.000000,0
1425587712946339,748800.000000,1
1425587712946600,748800.000000,2
1425587712946808,748800.000000,3
1425587712947121,748800.000000,4
1425587712947433,748800.000000,5
1425587726841964,556800.000000,0
1425587726843214,556800.000000,1
1425587726844308,556800.000000,2
1425587726845246,556800.000000,3
1425587726846339,556800.000000,4
1425587726847381,556800.000000,5
1425587790863683,748800.000000,0
1425587790864777,748800.000000,1
1425587790865871,748800.000000,2
1425587790866808,748800.000000,3
1425587790867746,748800.000000,4
1425587790868787,748800.000000,5
1425587808918787,1363200.000000,0
1425587808919933,1363200.000000,1
1425587808920871,1363200.000000,2
1425587808921808,1363200.000000,3
1425587808922850,1363200.000000,4
1425587808923683,1363200.000000,5
1425587822742746,1152000.000000,0
1425587822743319,1152000.000000,1
1425587822743839,1152000.000000,2
1425587822744412,1152000.000000,3
1425587822744933,1152000.000000,4
1425587822745558,1152000.000000,5
1425587839826027,748800.000000,0
1425587839826652,748800.000000,1
1425587839827277,748800.000000,2
1425587839828058,748800.000000,3
1425587839828996,748800.000000,4
1425587839829933,748800.000000,5
1425587858042381,556800.000000,0
1425587858043631,556800.000000,1
1425587858044621,556800.000000,2
1425587858045662,556800.000000,3
1425587858046756,556800.000000,4
1425587858047694,556800.000000,5
1425587902971183,1363200.000000,0
1425587902972277,1363200.000000,1
1425587902973319,1363200.000000,2
1425587902974308,1363200.000000,3
1425587902975402,1363200.000000,4
1425587902976339,1363200.000000,5
1425587920866287,1555200.000000,0
1425587920866808,1555200.000000,1
1425587920867381,1555200.000000,2
1425587920867902,1555200.000000,3
1425587920868371,1555200.000000,4
1425587920870037,1555200.000000,5
1425587936886287,748800.000000,0
1425587936886808,748800.000000,1
1425587936887225,748800.000000,2
1425587936887850,748800.000000,3
1425587936888839,748800.000000,4
1425587936889777,748800.000000,5
1425587953535089,556800.000000,0
1425587953536600,556800.000000,1
1425587953537850,556800.000000,2
1425587953539100,556800.000000,3
1425587953540402,556800.000000,4
1425587953541652,556800.000000,5
1425587981181600,1555200.000000,0
1425587981182746,1555200.000000,1
1425587981183839,1555200.000000,2
1425587981184777,1555200.000000,3
1425587981185819,1555200.000000,4
1425587981186808,1555200.000000,5
1425587982756964,556800.000000,0
1425587982757433,556800.000000,1
1425587982757850,556800.000000,2
1425587982758214,556800.000000,3
1425587982758527,556800.000000,4
1425587982758996,556800.000000,5
1425587999517069,1363200.000000,0
1425587999518058,1363200.000000,1
1425587999519100,1363200.000000,2
1425587999520089,1363200.000000,3
1425587999521027,1363200.000000,4
1425587999522069,1363200.000000,5
1425588015083006,1785600.000000,0
1425588015083371,1785600.000000,1
1425588015083839,1785600.000000,2
1425588015084256,1785600.000000,3
1425588015084621,1785600.000000,4
1425588015085037,1785600.000000,5
1425588030835506,748800.000000,0
1425588030835975,748800.000000,1
1425588030836444,748800.000000,2
1425588030837277,748800.000000,3
1425588030838214,748800.000000,4
1425588030839152,748800.000000,5
1425588049026183,556800.000000,0
1425588049027694,556800.000000,1
1425588049029100,556800.000000,2
1425588049030402,556800.000000,3
1425588049031600,556800.000000,4
1425588049032902,556800.000000,5
1425588081286808,1785600.000000,0
1425588081288058,1785600.000000,1
1425588081289100,1785600.000000,2
1425588081290089,1785600.000000,3
1425588081291027,1785600.000000,4
1425588081291964,1785600.000000,5
1425588094957746,1996800.000000,0
1425588094958214,1996800.000000,1
1425588094958527,1996800.000000,2
1425588094958996,1996800.000000,3
1425588094959308,1996800.000000,4
1425588094959777,1996800.000000,5
1425588103142746,1555200.000000,0
1425588103143058,1555200.000000,1
1425588103143371,1555200.000000,2
1425588103143683,1555200.000000,3
1425588103143944,1555200.000000,4
1425588103144152,1555200.000000,5
1425588103515246,1996800.000000,0
1425588103515714,1996800.000000,1
1425588103516183,1996800.000000,2
1425588103516652,1996800.000000,3
1425588103517121,1996800.000000,4
1425588103517589,1996800.000000,5
1425588108262694,2745600.000000,0
1425588108263058,2745600.000000,1
1425588108263371,2745600.000000,2
1425588108263683,2745600.000000,3
1425588108264100,2745600.000000,4
1425588108264464,2745600.000000,5
1425588123180871,2227200.000000,0
1425588123181183,2227200.000000,1
1425588123181496,2227200.000000,2
1425588123181808,2227200.000000,3
1425588123182121,2227200.000000,4
1425588123182433,2227200.000000,5
1425588127588371,2745600.000000,0
1425588127588683,2745600.000000,1
1425588127588996,2745600.000000,2
1425588127589308,2745600.000000,3
1425588127589621,2745600.000000,4
1425588127589933,2745600.000000,5
1425588131807277,1996800.000000,0
1425588131807537,1996800.000000,1
1425588131807693,1996800.000000,2
1425588131807902,1996800.000000,3
1425588131808058,1996800.000000,4
1425588131808318,1996800.000000,5
1425588132221443,2400000.000000,0
1425588132221756,2400000.000000,1
1425588132222068,2400000.000000,2
1425588132222277,2400000.000000,3
1425588132222589,2400000.000000,4
1425588132222850,2400000.000000,5
1425588132924464,2745600.000000,0
1425588132924777,2745600.000000,1
1425588132925089,2745600.000000,2
1425588132925402,2745600.000000,3
1425588132925714,2745600.000000,4
1425588132925975,2745600.000000,5
1425588137015089,2400000.000000,0
1425588137015246,2400000.000000,1
1425588137016027,2400000.000000,2
1425588137016287,2400000.000000,3
1425588137016496,2400000.000000,4
1425588137016652,2400000.000000,5
1425588137024152,1996800.000000,0
1425588137024464,1996800.000000,1
1425588137024725,1996800.000000,2
1425588137024933,1996800.000000,3
1425588137025193,1996800.000000,4
1425588137025402,1996800.000000,5
1425588137045558,2400000.000000,0
1425588137045871,2400000.000000,1
1425588137046027,2400000.000000,2
1425588137046287,2400000.000000,3
1425588137046496,2400000.000000,4
1425588137046756,2400000.000000,5
1425588139587589,1996800.000000,0
1425588139587902,1996800.000000,1
1425588139588162,1996800.000000,2
1425588139588475,1996800.000000,3
1425588139588839,1996800.000000,4
1425588139589152,1996800.000000,5
1425588140848527,2400000.000000,0
1425588140848839,2400000.000000,1
1425588140849256,2400000.000000,2
1425588140849621,2400000.000000,3
1425588140849933,2400000.000000,4
1425588140850350,2400000.000000,5
1425588140921131,2745600.000000,0
1425588140921443,2745600.000000,1
1425588140921652,2745600.000000,2
1425588140921964,2745600.000000,3
1425588140922277,2745600.000000,4
1425588140922589,2745600.000000,5
1425588143141964,1152000.000000,0
1425588143142225,1152000.000000,1
1425588143142381,1152000.000000,2
1425588143142589,1152000.000000,3
1425588143142746,1152000.000000,4
1425588143143006,1152000.000000,5
1425588160841756,556800.000000,0
1425588160842381,556800.000000,1
1425588160842902,556800.000000,2
1425588160843996,556800.000000,3
1425588160845193,556800.000000,4
1425588160846496,556800.000000,5
1425588165013058,1152000.000000,0
1425588165014412,1152000.000000,1
1425588165015714,1152000.000000,2
1425588165017121,1152000.000000,3
1425588165018371,1152000.000000,4
1425588165019621,1152000.000000,5
1425588178265402,556800.000000,0
1425588178266027,556800.000000,1
1425588178266652,556800.000000,2
1425588178267277,556800.000000,3
1425588178268006,556800.000000,4
1425588178269308,556800.000000,5
1425588182049152,960000.000000,0
1425588182050246,960000.000000,1
1425588182051339,960000.000000,2
1425588182052381,960000.000000,3
1425588182053371,960000.000000,4
1425588182054308,960000.000000,5
1425588192928058,748800.000000,0
1425588192928683,748800.000000,1
1425588192929464,748800.000000,2
1425588192930246,748800.000000,3
1425588192931027,748800.000000,4
1425588192931808,748800.000000,5
1425588207873787,1363200.000000,0
1425588207874777,1363200.000000,1
1425588207875714,1363200.000000,2
1425588207876652,1363200.000000,3
1425588207877589,1363200.000000,4
1425588207878631,1363200.000000,5
1425588219391808,1785600.000000,0
1425588219392277,1785600.000000,1
1425588219392693,1785600.000000,2
1425588219393058,1785600.000000,3
1425588219393527,1785600.000000,4
1425588219393943,1785600.000000,5
1425588219403943,1363200.000000,0
1425588219404412,1363200.000000,1
1425588219404777,1363200.000000,2
1425588219405246,1363200.000000,3
1425588219405558,1363200.000000,4
1425588219406027,1363200.000000,5
1425588219689464,1785600.000000,0
1425588219689933,1785600.000000,1
1425588219690350,1785600.000000,2
1425588219690714,1785600.000000,3
1425588219691183,1785600.000000,4
1425588219691496,1785600.000000,5
1425588219705558,1363200.000000,0
1425588219706027,1363200.000000,1
1425588219706443,1363200.000000,2
1425588219706808,1363200.000000,3
1425588219707277,1363200.000000,4
1425588219707746,1363200.000000,5
1425588223146964,1555200.000000,0
1425588223147433,1555200.000000,1
1425588223147902,1555200.000000,2
1425588223148318,1555200.000000,3
1425588223148683,1555200.000000,4
1425588223149100,1555200.000000,5
1425588239592277,1363200.000000,0
1425588239592746,1363200.000000,1
1425588239593214,1363200.000000,2
1425588239593683,1363200.000000,3
1425588239594256,1363200.000000,4
1425588239594777,1363200.000000,5
1425588255143371,2745600.000000,0
1425588255143943,2745600.000000,1
1425588255144308,2745600.000000,2
1425588255144777,2745600.000000,3
1425588255145089,2745600.000000,4
1425588255145558,2745600.000000,5
1425588288904412,1555200.000000,0
1425588288904725,1555200.000000,1
1425588288904933,1555200.000000,2
1425588288905089,1555200.000000,3
1425588288905402,1555200.000000,4
1425588288905662,1555200.000000,5
1425588304866808,1996800.000000,0
1425588304867433,1996800.000000,1
1425588304867902,1996800.000000,2
1425588304868371,1996800.000000,3
1425588304868787,1996800.000000,4
1425588304869256,1996800.000000,5
1425588324343527,556800.000000,0
1425588324343839,556800.000000,1
1425588324344152,556800.000000,2
1425588324344412,556800.000000,3
1425588324344725,556800.000000,4
1425588324344933,556800.000000,5
1425588351187225,2745600.000000,0
1425588351188370,2745600.000000,1
1425588351189412,2745600.000000,2
1425588351190350,2745600.000000,3
1425588351191339,2745600.000000,4
1425588351192381,2745600.000000,5
