"ts","value","cpu"
1426363715504898,4281600.000000,6
1426363715505054,4281600.000000,7
1426363715911200,4473600.000000,6
1426363715911460,4473600.000000,7
1426363731844741,4281600.000000,6
1426363731844898,4281600.000000,7
1426363731897762,4473600.000000,6
1426363731897918,4473600.000000,7
1426363740478491,4281600.000000,6
1426363740478543,4281600.000000,7
1426363740884012,4473600.000000,6
1426363740884168,4473600.000000,7
1426363740899012,4281600.000000,6
1426363740899168,4281600.000000,7
1426363741232293,4473600.000000,6
1426363741232762,4473600.000000,7
1426363753913387,4281600.000000,6
1426363753913648,4281600.000000,7
1426363754772710,4473600.000000,6
1426363754772866,4473600.000000,7
1426363773392554,4281600.000000,6
1426363773392710,4281600.000000,7
1426363773474012,4473600.000000,6
1426363773474168,4473600.000000,7
1426363806748856,4281600.000000,6
1426363806748960,4281600.000000,7
1426363806822710,4473600.000000,6
1426363806822918,4473600.000000,7
1426363815208179,4281600.000000,6
1426363815208387,4281600.000000,7
1426363815401825,4473600.000000,6
1426363815401929,4473600.000000,7
1426363815428543,4281600.000000,6
1426363815428700,4281600.000000,7
1426363815974637,4473600.000000,6
1426363815974898,4473600.000000,7
1426363816010418,4281600.000000,6
1426363816010575,4281600.000000,7
1426363816304585,4473600.000000,6
1426363816304741,4473600.000000,7
1426363816351043,4281600.000000,6
1426363816351200,4281600.000000,7
1426363819842606,4473600.000000,6
1426363819842762,4473600.000000,7
1426363819886668,4281600.000000,6
1426363819886825,4281600.000000,7
1426363820317918,4473600.000000,6
1426363820318075,4473600.000000,7
1426363820379637,4281600.000000,6
1426363820379793,4281600.000000,7
1426363820843543,4473600.000000,6
1426363820843700,4473600.000000,7
1426363820936200,4281600.000000,6
1426363820936304,4281600.000000,7
1426363821469585,4473600.000000,6
1426363821469741,4473600.000000,7
1426363821495366,4281600.000000,6
1426363821495523,4281600.000000,7
1426363822020575,4473600.000000,6
1426363822020731,4473600.000000,7
1426363823541512,4281600.000000,6
1426363823541668,4281600.000000,7
1426363823551148,4473600.000000,6
1426363823551304,4473600.000000,7
1426363823609741,4281600.000000,6
1426363823609793,4281600.000000,7
1426363823649168,4473600.000000,6
1426363823649325,4473600.000000,7
1426363823722762,4281600.000000,6
1426363823722918,4281600.000000,7
1426363824111668,4473600.000000,6
1426363824111825,4473600.000000,7
1426363848169325,4281600.000000,6
1426363848169429,4281600.000000,7
1426363848226200,4473600.000000,6
1426363848226460,4473600.000000,7
1426363856787137,4281600.000000,6
1426363856787241,4281600.000000,7
1426363857262866,4473600.000000,6
1426363857263023,4473600.000000,7
1426363865139168,4281600.000000,6
1426363865139325,4281600.000000,7
1426363865695575,4473600.000000,6
1426363865695731,4473600.000000,7
1426363865729116,4281600.000000,6
1426363865729273,4281600.000000,7
1426363870253387,4473600.000000,6
1426363870253543,4473600.000000,7
1426363870283856,4281600.000000,6
1426363870284012,4281600.000000,7
1426363873161929,4473600.000000,6
1426363873162137,4473600.000000,7
1426363873244950,4281600.000000,6
1426363873245106,4281600.000000,7
1426363873766200,4473600.000000,6
1426363873766356,4473600.000000,7
1426363873831043,4281600.000000,6
1426363873831200,4281600.000000,7
1426363874605887,4473600.000000,6
1426363874606043,4473600.000000,7
1426363874654168,4281600.000000,6
1426363874654325,4281600.000000,7
1426363875172918,4473600.000000,6
1426363875173075,4473600.000000,7
1426363875197450,4281600.000000,6
1426363875197606,4281600.000000,7
1426363878174585,4473600.000000,6
1426363878174741,4473600.000000,7
1426363878203856,4281600.000000,6
1426363878204012,4281600.000000,7
1426363878569481,4473600.000000,6
1426363878570366,4473600.000000,7
1426363878620262,4281600.000000,6
1426363878620366,4281600.000000,7
1426363880614741,4473600.000000,6
1426363880614793,4473600.000000,7
1426363880990418,4281600.000000,6
1426363880990575,4281600.000000,7
1426363881087606,4473600.000000,6
1426363881087866,4473600.000000,7
1426363882405835,4281600.000000,6
1426363882405887,4281600.000000,7
1426363882407554,4473600.000000,6
1426363882407606,4473600.000000,7
1426363882506200,4281600.000000,6
1426363882506356,4281600.000000,7
1426363883130054,4473600.000000,6
1426363883130262,4473600.000000,7
1426363883164637,4281600.000000,6
1426363883164793,4281600.000000,7
1426363883305887,4473600.000000,6
1426363883306043,4473600.000000,7
1426363883356043,4281600.000000,6
1426363883356148,4281600.000000,7
1426363886465106,4473600.000000,6
1426363886465262,4473600.000000,7
1426363886506043,4281600.000000,6
1426363886506148,4281600.000000,7
1426363886511512,4473600.000000,6
1426363886511668,4473600.000000,7
1426363886596512,4281600.000000,6
1426363886596616,4281600.000000,7
1426363890680575,4473600.000000,6
1426363890680835,4473600.000000,7
1426363891030575,4281600.000000,6
1426363891030731,4281600.000000,7
1426363891917918,4473600.000000,6
1426363891918023,4473600.000000,7
1426363891987398,4281600.000000,6
1426363891987606,4281600.000000,7
1426363892160887,4473600.000000,6
1426363892161043,4473600.000000,7
1426363892200575,4281600.000000,6
1426363892200731,4281600.000000,7
1426363892202554,4473600.000000,6
1426363892202606,4473600.000000,7
1426363892206200,4281600.000000,6
1426363892206356,4281600.000000,7
1426363892247137,4473600.000000,6
1426363892247293,4473600.000000,7
1426363915162293,4281600.000000,6
1426363915162450,4281600.000000,7
1426363915424793,4473600.000000,6
1426363915425054,4473600.000000,7
1426363915479429,4281600.000000,6
1426363915479585,4281600.000000,7
1426363915592762,4473600.000000,6
1426363915592918,4473600.000000,7
1426363915640887,4281600.000000,6
1426363915641043,4281600.000000,7
1426363918832293,4473600.000000,6
1426363918832450,4473600.000000,7
1426363920007137,4281600.000000,6
1426363920007293,4281600.000000,7
1426363920245887,4473600.000000,6
1426363920246043,4473600.000000,7
1426363920281200,4281600.000000,6
1426363920281356,4281600.000000,7
1426363920666981,4473600.000000,6
1426363920667137,4473600.000000,7
1426363929969429,4281600.000000,6
1426363929969481,4281600.000000,7
1426363929970991,4473600.000000,6
1426363929971043,4473600.000000,7
1426363929974793,4281600.000000,6
1426363929974950,4281600.000000,7
1426363930013231,4473600.000000,6
1426363930013387,4473600.000000,7
1426363940383543,4281600.000000,6
1426363940383700,4281600.000000,7
1426363940502450,4473600.000000,6
1426363940502606,4473600.000000,7
1426363940573856,4281600.000000,6
1426363940574012,4281600.000000,7
1426363942732762,4473600.000000,6
1426363942733023,4473600.000000,7
1426363958905679,4281600.000000,6
1426363958905731,4281600.000000,7
1426363958914168,4473600.000000,6
1426363958914325,4473600.000000,7
1426363959269950,4281600.000000,6
1426363959270054,4281600.000000,7
1426363959388023,4473600.000000,6
1426363959388179,4473600.000000,7
1426363959419012,4281600.000000,6
1426363959419116,4281600.000000,7
1426363960868231,4473600.000000,6
1426363960868335,4473600.000000,7
1426363961117293,4281600.000000,6
1426363961117554,4281600.000000,7
1426363961919950,4473600.000000,6
1426363961920106,4473600.000000,7
1426363990833960,4281600.000000,6
1426363990834116,4281600.000000,7
1426363990842866,4473600.000000,6
1426363990843023,4473600.000000,7
1426363990872398,4281600.000000,6
1426363990872554,4281600.000000,7
1426363991060262,4473600.000000,6
1426363991060418,4473600.000000,7
1426363991072450,4281600.000000,6
1426363991072554,4281600.000000,7
1426363991169273,4473600.000000,6
1426363991169429,4473600.000000,7
1426363995305575,4281600.000000,6
1426363995305731,4281600.000000,7
1426363995392606,4473600.000000,6
1426363995392762,4473600.000000,7
1426363995407710,4281600.000000,6
1426363995407762,4281600.000000,7
1426363995450366,4473600.000000,6
1426363995450418,4473600.000000,7
1426364005932762,4281600.000000,6
1426364005932918,4281600.000000,7
1426364005980679,4473600.000000,6
1426364005980835,4473600.000000,7
1426364078892762,4281600.000000,6
1426364078893022,4281600.000000,7
1426364078910679,4473600.000000,6
1426364078910887,4473600.000000,7
1426364078979481,4281600.000000,6
1426364078979637,4281600.000000,7
1426364080698075,4473600.000000,6
1426364080698231,4473600.000000,7
1426364080711460,4281600.000000,6
1426364080711616,4281600.000000,7
1426364081803700,4473600.000000,6
1426364081803856,4473600.000000,7
1426364081825679,4281600.000000,6
1426364081825731,4281600.000000,7
1426364081901825,4473600.000000,6
1426364081901981,4473600.000000,7
1426364081939481,4281600.000000,6
1426364081939585,4281600.000000,7
1426364082110418,4473600.000000,6
1426364082110679,4473600.000000,7
1426364082157554,4281600.000000,6
1426364082157710,4281600.000000,7
1426364086484950,4473600.000000,6
1426364086485106,4473600.000000,7
1426364086513647,4281600.000000,6
1426364086513804,4281600.000000,7
1426364086633960,4473600.000000,6
1426364086634012,4473600.000000,7
1426364086649012,4281600.000000,6
1426364086649168,4281600.000000,7
1426364086847137,4473600.000000,6
1426364086847293,4473600.000000,7
1426364086858231,4281600.000000,6
1426364086858387,4281600.000000,7
1426364086926043,4473600.000000,6
1426364086926200,4473600.000000,7
1426364086964116,4281600.000000,6
1426364086964272,4281600.000000,7
1426364087062606,4473600.000000,6
1426364087062762,4473600.000000,7
1426364087074637,4281600.000000,6
1426364087074793,4281600.000000,7
1426364087187137,4473600.000000,6
1426364087187241,4473600.000000,7
1426364087205210,4281600.000000,6
1426364087205262,4281600.000000,7
1426364087262450,4473600.000000,6
1426364087262606,4473600.000000,7
1426364087310887,4281600.000000,6
1426364087310991,4281600.000000,7
1426364087394325,4473600.000000,6
1426364087394481,4473600.000000,7
1426364087460366,4281600.000000,6
1426364087460522,4281600.000000,7
1426364087524168,4473600.000000,6
1426364087524272,4473600.000000,7
1426364087560262,4281600.000000,6
1426364087560418,4281600.000000,7
1426364087629897,4473600.000000,6
1426364087630054,4473600.000000,7
1426364087644168,4281600.000000,6
1426364087644325,4281600.000000,7
1426364087703075,4473600.000000,6
1426364087703231,4473600.000000,7
1426364087718700,4281600.000000,6
1426364087718856,4281600.000000,7
1426364087725575,4473600.000000,6
1426364087725679,4473600.000000,7
1426364087749325,4281600.000000,6
1426364087749481,4281600.000000,7
1426364087807710,4473600.000000,6
1426364087807866,4473600.000000,7
1426364087840054,4281600.000000,6
1426364087840106,4281600.000000,7
1426364088071200,4473600.000000,6
1426364088071356,4473600.000000,7
1426364088140575,4281600.000000,6
1426364088140731,4281600.000000,7
1426364088310522,4473600.000000,6
1426364088310679,4473600.000000,7
1426364088340106,4281600.000000,6
1426364088340262,4281600.000000,7
1426364088462293,4473600.000000,6
1426364088462397,4473600.000000,7
1426364088512762,4281600.000000,6
1426364088512918,4281600.000000,7
1426364088618491,4473600.000000,6
1426364088618647,4473600.000000,7
1426364088678179,4281600.000000,6
1426364088678335,4281600.000000,7
1426364088689585,4473600.000000,6
1426364088689637,4473600.000000,7
1426364088713231,4281600.000000,6
1426364088713387,4281600.000000,7
1426364088777918,4473600.000000,6
1426364088778075,4473600.000000,7
1426364089758075,4281600.000000,6
1426364089758335,4281600.000000,7
1426364089786668,4473600.000000,6
1426364089786772,4473600.000000,7
1426364089806043,4281600.000000,6
1426364089806200,4281600.000000,7
1426364089923543,4473600.000000,6
1426364089923700,4473600.000000,7
1426364089947137,4281600.000000,6
1426364089947293,4281600.000000,7
1426364090031825,4473600.000000,6
1426364090031981,4473600.000000,7
1426364090114897,4281600.000000,6
1426364090115054,4281600.000000,7
1426364090122397,4473600.000000,6
1426364090122554,4473600.000000,7
1426364090269168,4281600.000000,6
1426364090269325,4281600.000000,7
1426364090345887,4473600.000000,6
1426364090346043,4473600.000000,7
1426364090385210,4281600.000000,6
1426364090385366,4281600.000000,7
1426364090513804,4473600.000000,6
1426364090513856,4473600.000000,7
1426364090588804,4281600.000000,6
1426364090588960,4281600.000000,7
1426364090774325,4473600.000000,6
1426364090774481,4473600.000000,7
1426364090853387,4281600.000000,6
1426364090853647,4281600.000000,7
1426364090993700,4473600.000000,6
1426364090993856,4473600.000000,7
1426364091005887,4281600.000000,6
1426364091006043,4281600.000000,7
1426364091095106,4473600.000000,6
1426364091095262,4473600.000000,7
1426364091123075,4281600.000000,6
1426364091123231,4281600.000000,7
1426364091130418,4473600.000000,6
1426364091130522,4473600.000000,7
1426364092316147,4281600.000000,6
1426364092316356,4281600.000000,7
1426364092320418,4473600.000000,6
1426364092320575,4473600.000000,7
1426364092620522,4281600.000000,6
1426364092620679,4281600.000000,7
1426364092737710,4473600.000000,6
1426364092737866,4473600.000000,7
1426364092807450,4281600.000000,6
1426364092807710,4281600.000000,7
1426364092835418,4473600.000000,6
1426364092835731,4473600.000000,7
1426364196810054,4281600.000000,6
1426364196810522,4281600.000000,7
1426364196837137,4473600.000000,6
1426364196837293,4473600.000000,7
1426364196853387,4281600.000000,6
1426364196853543,4281600.000000,7
1426364196977918,4473600.000000,6
1426364196978075,4473600.000000,7
1426364238751043,4281600.000000,6
1426364238751200,4281600.000000,7
1426364239382606,4473600.000000,6
1426364239382918,4473600.000000,7
1426364239400210,4281600.000000,6
1426364239400262,4281600.000000,7
1426364240149585,4473600.000000,6
1426364240149741,4473600.000000,7
1426364240231147,4281600.000000,6
1426364240231304,4281600.000000,7
1426364240234168,4473600.000000,6
1426364240234272,4473600.000000,7
1426364240238804,4281600.000000,6
1426364240238856,4281600.000000,7
1426364240333231,4473600.000000,6
1426364240333387,4473600.000000,7
1426364240407450,4281600.000000,6
1426364240407710,4281600.000000,7
1426364240798022,4473600.000000,6
1426364240798231,4473600.000000,7
1426364240884585,4281600.000000,6
1426364240884741,4281600.000000,7
1426364241050262,4473600.000000,6
1426364241050418,4473600.000000,7
1426364241085418,4281600.000000,6
1426364241085575,4281600.000000,7
1426364244833647,4473600.000000,6
1426364244833804,4473600.000000,7
1426364244853856,4281600.000000,6
1426364244854012,4281600.000000,7
1426364245199950,4473600.000000,6
1426364245200106,4473600.000000,7
1426364245226616,4281600.000000,6
1426364245226668,4281600.000000,7
1426364245644325,4473600.000000,6
1426364245644481,4473600.000000,7
1426364245675991,4281600.000000,6
1426364245676043,4281600.000000,7
1426364253570575,4473600.000000,6
1426364253570731,4473600.000000,7
1426364253606512,4281600.000000,6
1426364253606668,4281600.000000,7
1426364256853179,4473600.000000,6
1426364256853335,4473600.000000,7
1426364256877085,4281600.000000,6
1426364256877241,4281600.000000,7
1426364257286043,4473600.000000,6
1426364257286304,4473600.000000,7
1426364257322918,4281600.000000,6
1426364257323022,4281600.000000,7
1426364257523700,4473600.000000,6
1426364257523856,4473600.000000,7
1426364257555262,4281600.000000,6
1426364257555418,4281600.000000,7
1426364260850835,4473600.000000,6
1426364260850991,4473600.000000,7
1426364260932137,4281600.000000,6
1426364260932293,4281600.000000,7
1426364262282397,4473600.000000,6
1426364262282554,4473600.000000,7
1426364262312554,4281600.000000,6
1426364262312606,4281600.000000,7
1426364262863335,4473600.000000,6
1426364262863491,4473600.000000,7
1426364409746929,4281600.000000,6
1426364409747085,4281600.000000,7
1426364411313543,4473600.000000,6
1426364411313699,4473600.000000,7
1426364411447866,4281600.000000,6
1426364411448074,4281600.000000,7
1426364411808960,4473600.000000,6
1426364411809168,4473600.000000,7
1426364411860731,4281600.000000,6
1426364411860835,4281600.000000,7
1426364412079324,4473600.000000,6
1426364412079481,4473600.000000,7
1426364412190366,3513600.000000,6
1426364412190522,3513600.000000,7
1426364412215418,4473600.000000,6
1426364412215679,4473600.000000,7
1426364412231147,2227200.000000,0
1426364412231304,2227200.000000,1
1426364412231512,2227200.000000,2
1426364412231668,2227200.000000,3
1426364412231824,2227200.000000,4
1426364412231981,2227200.000000,5
1426364412237449,3532800.000000,0
1426364412237710,3532800.000000,1
1426364412237866,3532800.000000,2
1426364412238022,3532800.000000,3
1426364412238179,3532800.000000,4
1426364412238231,3532800.000000,5
1426364413480366,2438400.000000,6
1426364413480418,2438400.000000,7
1426364526739481,3321600.000000,0
1426364526739637,3321600.000000,1
1426364526739793,3321600.000000,2
1426364526739949,3321600.000000,3
1426364526740106,3321600.000000,4
1426364526740262,3321600.000000,5
1426364527661356,3532800.000000,0
1426364527661616,3532800.000000,1
1426364527661772,3532800.000000,2
1426364527661981,3532800.000000,3
1426364527662137,3532800.000000,4
1426364527662293,3532800.000000,5
1426364527670835,3321600.000000,0
1426364527671043,3321600.000000,1
1426364527671199,3321600.000000,2
1426364527671356,3321600.000000,3
1426364527671512,3321600.000000,4
1426364527671668,3321600.000000,5
1426364528868022,3532800.000000,0
1426364528868179,3532800.000000,1
1426364528868387,3532800.000000,2
1426364528868543,3532800.000000,3
1426364528868699,3532800.000000,4
1426364528868856,3532800.000000,5
1426364535413856,3321600.000000,0
1426364535414012,3321600.000000,1
1426364535414168,3321600.000000,2
1426364535414324,3321600.000000,3
1426364535414481,3321600.000000,4
1426364535414637,3321600.000000,5
1426364536409741,3532800.000000,0
1426364536409949,3532800.000000,1
1426364536410210,3532800.000000,2
1426364536410418,3532800.000000,3
1426364536410574,3532800.000000,4
1426364536410835,3532800.000000,5
1426364540674168,3321600.000000,0
1426364540674324,3321600.000000,1
1426364540674481,3321600.000000,2
1426364540674637,3321600.000000,3
1426364540674793,3321600.000000,4
1426364540674949,3321600.000000,5
1426364540725574,3532800.000000,0
1426364540725835,3532800.000000,1
1426364540725991,3532800.000000,2
1426364540726199,3532800.000000,3
1426364540726356,3532800.000000,4
1426364540726512,3532800.000000,5
1426364995044897,3321600.000000,0
1426364995045105,3321600.000000,1
1426364995045262,3321600.000000,2
1426364995045418,3321600.000000,3
1426364995045574,3321600.000000,4
1426364995045835,3321600.000000,5
1426364995087137,3532800.000000,0
1426364995087293,3532800.000000,1
1426364995087449,3532800.000000,2
1426364995087710,3532800.000000,3
1426364995087866,3532800.000000,4
1426364995088022,3532800.000000,5
1426364997925418,3321600.000000,0
1426364997925574,3321600.000000,1
1426364997925730,3321600.000000,2
1426364997925887,3321600.000000,3
1426364997926043,3321600.000000,4
1426364997926199,3321600.000000,5
1426364998719949,3532800.000000,0
1426364998720887,3532800.000000,1
1426364998721043,3532800.000000,2
1426364998721199,3532800.000000,3
1426364998721355,3532800.000000,4
1426364998721616,3532800.000000,5
1426365000420678,3321600.000000,0
1426365000420835,3321600.000000,1
1426365000420991,3321600.000000,2
1426365000421147,3321600.000000,3
1426365000421303,3321600.000000,4
1426365000421460,3321600.000000,5
1426365000669741,3532800.000000,0
1426365000669949,3532800.000000,1
1426365000670105,3532800.000000,2
1426365000670262,3532800.000000,3
1426365000670418,3532800.000000,4
1426365000670574,3532800.000000,5
1426365004974012,3321600.000000,0
1426365004974168,3321600.000000,1
1426365004975210,3321600.000000,2
1426365004975366,3321600.000000,3
1426365004975522,3321600.000000,4
1426365004975678,3321600.000000,5
1426365004998230,3532800.000000,0
1426365004998387,3532800.000000,1
1426365004998647,3532800.000000,2
1426365004998803,3532800.000000,3
1426365004999012,3532800.000000,4
1426365004999168,3532800.000000,5
1426365430081043,3321600.000000,0
1426365430081199,3321600.000000,1
1426365430081355,3321600.000000,2
1426365430081512,3321600.000000,3
1426365430081772,3321600.000000,4
1426365430081928,3321600.000000,5
1426365438735262,3532800.000000,0
1426365438735574,3532800.000000,1
1426365438735730,3532800.000000,2
1426365438735887,3532800.000000,3
1426365438736355,3532800.000000,4
1426365438736512,3532800.000000,5
1426366460978647,3321600.000000,0
1426366460978855,3321600.000000,1
1426366460979011,3321600.000000,2
1426366460979167,3321600.000000,3
1426366460979428,3321600.000000,4
1426366460979584,3321600.000000,5
1426366461129636,3532800.000000,0
1426366461129792,3532800.000000,1
1426366461129949,3532800.000000,2
1426366461130105,3532800.000000,3
1426366461130365,3532800.000000,4
1426366461130522,3532800.000000,5
1426366462186303,3321600.000000,0
1426366462186511,3321600.000000,1
1426366462186667,3321600.000000,2
1426366462186824,3321600.000000,3
1426366462186980,3321600.000000,4
1426366462187136,3321600.000000,5
1426366462193230,3532800.000000,0
1426366462193386,3532800.000000,1
1426366462193542,3532800.000000,2
1426366462193699,3532800.000000,3
1426366462193959,3532800.000000,4
1426366462194167,3532800.000000,5
1426366473273386,3321600.000000,0
1426366473273699,3321600.000000,1
1426366473273855,3321600.000000,2
1426366473274115,3321600.000000,3
1426366473274324,3321600.000000,4
1426366473274480,3321600.000000,5
1426366473370417,3532800.000000,0
1426366473370574,3532800.000000,1
1426366473370730,3532800.000000,2
1426366473371042,3532800.000000,3
1426366473371199,3532800.000000,4
1426366473371355,3532800.000000,5
1426366473390522,3321600.000000,0
1426366473390730,3321600.000000,1
1426366473390886,3321600.000000,2
1426366473391042,3321600.000000,3
1426366473391199,3321600.000000,4
1426366473391355,3321600.000000,5
1426366473460365,3532800.000000,0
1426366473460574,3532800.000000,1
1426366473460730,3532800.000000,2
1426366473460886,3532800.000000,3
1426366473461042,3532800.000000,4
1426366473461199,3532800.000000,5
1426366734748386,3321600.000000,0
1426366734748699,3321600.000000,1
1426366734748855,3321600.000000,2
1426366734749011,3321600.000000,3
1426366734749167,3321600.000000,4
1426366734749324,3321600.000000,5
1426366751162136,3532800.000000,0
1426366751165261,3532800.000000,1
1426366751165417,3532800.000000,2
1426366751165678,3532800.000000,3
1426366751167084,3532800.000000,4
1426366751167292,3532800.000000,5
1426366818036771,3321600.000000,0
1426366818036980,3321600.000000,1
1426366818037136,3321600.000000,2
1426366818037449,3321600.000000,3
1426366818037605,3321600.000000,4
1426366818037865,3321600.000000,5
1426366818373959,3532800.000000,0
1426366818374324,3532800.000000,1
1426366818374480,3532800.000000,2
1426366818374636,3532800.000000,3
1426366818374792,3532800.000000,4
1426366818375105,3532800.000000,5
1426366819886511,3321600.000000,0
1426366819886824,3321600.000000,1
1426366819886980,3321600.000000,2
1426366819887240,3321600.000000,3
1426366819887449,3321600.000000,4
1426366819887605,3321600.000000,5
1426366819894271,3532800.000000,0
1426366819894480,3532800.000000,1
1426366819894636,3532800.000000,2
1426366819894792,3532800.000000,3
1426366819894949,3532800.000000,4
1426366819895105,3532800.000000,5
1426366819906980,3321600.000000,0
1426366819907240,3321600.000000,1
1426366819907449,3321600.000000,2
1426366819907605,3321600.000000,3
1426366819907865,3321600.000000,4
1426366819908074,3321600.000000,5
1426366820151146,3532800.000000,0
1426366820151355,3532800.000000,1
1426366820151511,3532800.000000,2
1426366820151771,3532800.000000,3
1426366820151980,3532800.000000,4
1426366820152136,3532800.000000,5
1426366820274271,3321600.000000,0
1426366820274428,3321600.000000,1
1426366820274584,3321600.000000,2
1426366820274740,3321600.000000,3
1426366820274896,3321600.000000,4
1426366820275053,3321600.000000,5
1426366820811042,3532800.000000,0
1426366820811199,3532800.000000,1
1426366820811355,3532800.000000,2
1426366820811511,3532800.000000,3
1426366820811771,3532800.000000,4
1426366820811928,3532800.000000,5
1426366821944011,3321600.000000,0
1426366821944271,3321600.000000,1
1426366821944480,3321600.000000,2
1426366821944636,3321600.000000,3
1426366821944792,3321600.000000,4
1426366821945053,3321600.000000,5
1426366822050261,3532800.000000,0
1426366822050521,3532800.000000,1
1426366822050730,3532800.000000,2
1426366822050886,3532800.000000,3
1426366822051199,3532800.000000,4
1426366822051355,3532800.000000,5
1426366822837865,3321600.000000,0
1426366822838074,3321600.000000,1
1426366822838230,3321600.000000,2
1426366822838490,3321600.000000,3
1426366822838699,3321600.000000,4
1426366822838855,3321600.000000,5
1426366822897761,3532800.000000,0
1426366822897917,3532800.000000,1
1426366822898178,3532800.000000,2
1426366822898386,3532800.000000,3
1426366822898542,3532800.000000,4
1426366822898803,3532800.000000,5
1426366823871355,3321600.000000,0
1426366823871615,3321600.000000,1
1426366823871824,3321600.000000,2
1426366823871980,3321600.000000,3
1426366823872136,3321600.000000,4
1426366823872396,3321600.000000,5
1426366823958855,3532800.000000,0
1426366823959115,3532800.000000,1
1426366823959271,3532800.000000,2
1426366823959480,3532800.000000,3
1426366823959636,3532800.000000,4
1426366823959792,3532800.000000,5
1426366824091667,3321600.000000,0
1426366824091928,3321600.000000,1
1426366824092084,3321600.000000,2
1426366824092240,3321600.000000,3
1426366824092396,3321600.000000,4
1426366824092553,3321600.000000,5
1426366824108230,3532800.000000,0
1426366824108490,3532800.000000,1
1426366824108646,3532800.000000,2
1426366824108855,3532800.000000,3
1426366824109011,3532800.000000,4
1426366824109167,3532800.000000,5
1426366825059324,3321600.000000,0
1426366825059480,3321600.000000,1
1426366825059740,3321600.000000,2
1426366825059896,3321600.000000,3
1426366825060053,3321600.000000,4
1426366825060209,3321600.000000,5
1426366825105678,3532800.000000,0
1426366825105886,3532800.000000,1
1426366825106042,3532800.000000,2
1426366825106199,3532800.000000,3
1426366825106459,3532800.000000,4
1426366825106615,3532800.000000,5
1426366827738021,3321600.000000,0
1426366827738230,3321600.000000,1
1426366827738386,3321600.000000,2
1426366827738542,3321600.000000,3
1426366827738699,3321600.000000,4
1426366827738855,3321600.000000,5
1426366827793542,3532800.000000,0
1426366827793699,3532800.000000,1
1426366827793855,3532800.000000,2
1426366827794115,3532800.000000,3
1426366827794271,3532800.000000,4
1426366827794428,3532800.000000,5
1426366827822605,3321600.000000,0
1426366827822761,3321600.000000,1
1426366827822917,3321600.000000,2
1426366827823074,3321600.000000,3
1426366827823230,3321600.000000,4
1426366827823490,3321600.000000,5
1426366827873021,3532800.000000,0
1426366827873178,3532800.000000,1
1426366827873386,3532800.000000,2
1426366827873542,3532800.000000,3
1426366827873699,3532800.000000,4
1426366827873855,3532800.000000,5
1426366828644949,3321600.000000,0
1426366828645209,3321600.000000,1
1426366828645365,3321600.000000,2
1426366828645521,3321600.000000,3
1426366828645678,3321600.000000,4
1426366828645834,3321600.000000,5
1426366829790886,3532800.000000,0
1426366829791042,3532800.000000,1
1426366829791199,3532800.000000,2
1426366829791355,3532800.000000,3
1426366829791667,3532800.000000,4
1426366829791824,3532800.000000,5
1426366830046459,3321600.000000,0
1426366830046615,3321600.000000,1
1426366830046771,3321600.000000,2
1426366830046928,3321600.000000,3
1426366830047084,3321600.000000,4
1426366830047240,3321600.000000,5
1426366830739167,3532800.000000,0
1426366830739324,3532800.000000,1
1426366830739584,3532800.000000,2
1426366830739740,3532800.000000,3
1426366830739896,3532800.000000,4
1426366830740053,3532800.000000,5
1426366831913074,3321600.000000,0
1426366831913230,3321600.000000,1
1426366831913386,3321600.000000,2
1426366831913646,3321600.000000,3
1426366831913803,3321600.000000,4
1426366831913959,3321600.000000,5
1426366832005574,3532800.000000,0
1426366832005730,3532800.000000,1
1426366832005886,3532800.000000,2
1426366832006042,3532800.000000,3
1426366832006199,3532800.000000,4
1426366832006511,3532800.000000,5
1426366832016355,3321600.000000,0
1426366832016615,3321600.000000,1
1426366832016771,3321600.000000,2
1426366832017240,3321600.000000,3
1426366832017396,3321600.000000,4
1426366832017553,3321600.000000,5
1426366832084584,3532800.000000,0
1426366832084792,3532800.000000,1
1426366832084949,3532800.000000,2
1426366832085105,3532800.000000,3
1426366832085261,3532800.000000,4
1426366832085417,3532800.000000,5
1426366833116355,3321600.000000,0
1426366833116511,3321600.000000,1
1426366833116667,3321600.000000,2
1426366833116928,3321600.000000,3
1426366833117084,3321600.000000,4
1426366833117136,3321600.000000,5
1426366833188074,3532800.000000,0
1426366833188334,3532800.000000,1
1426366833188490,3532800.000000,2
1426366833188855,3532800.000000,3
1426366833189011,3532800.000000,4
1426366833189167,3532800.000000,5
1426366834307240,3321600.000000,0
1426366834307449,3321600.000000,1
1426366834307605,3321600.000000,2
1426366834307761,3321600.000000,3
1426366834308230,3321600.000000,4
1426366834308386,3321600.000000,5
1426366834388074,3532800.000000,0
1426366834388230,3532800.000000,1
1426366834388386,3532800.000000,2
1426366834388855,3532800.000000,3
1426366834389011,3532800.000000,4
1426366834389167,3532800.000000,5
1426366835538646,3321600.000000,0
1426366835539115,3321600.000000,1
1426366835539271,3321600.000000,2
1426366835539428,3321600.000000,3
1426366835539636,3321600.000000,4
1426366835539792,3321600.000000,5
1426366835627917,3532800.000000,0
1426366835628074,3532800.000000,1
1426366835628334,3532800.000000,2
1426366835628542,3532800.000000,3
1426366835628699,3532800.000000,4
1426366835628855,3532800.000000,5
1426366850294428,3321600.000000,0
1426366850294636,3321600.000000,1
1426366850294792,3321600.000000,2
1426366850294949,3321600.000000,3
1426366850295105,3321600.000000,4
1426366850295261,3321600.000000,5
1426366850313074,3532800.000000,0
1426366850313386,3532800.000000,1
1426366850313542,3532800.000000,2
1426366850313699,3532800.000000,3
1426366850313855,3532800.000000,4
1426366850314011,3532800.000000,5
1426366853312449,3321600.000000,0
1426366853312709,3321600.000000,1
1426366853312865,3321600.000000,2
1426366853313021,3321600.000000,3
1426366853313178,3321600.000000,4
1426366853313334,3321600.000000,5
1426366853451615,3532800.000000,0
1426366853451824,3532800.000000,1
1426366853451980,3532800.000000,2
1426366853452136,3532800.000000,3
1426366853452292,3532800.000000,4
1426366853452449,3532800.000000,5
1426366853774740,3321600.000000,0
1426366853774896,3321600.000000,1
1426366853775053,3321600.000000,2
1426366853775209,3321600.000000,3
1426366853775417,3321600.000000,4
1426366853775521,3321600.000000,5
1426366853834167,3532800.000000,0
1426366853834428,3532800.000000,1
1426366853834584,3532800.000000,2
1426366853834740,3532800.000000,3
1426366853834896,3532800.000000,4
1426366853835053,3532800.000000,5
1426366863278386,3321600.000000,0
1426366863278699,3321600.000000,1
1426366863278855,3321600.000000,2
1426366863279011,3321600.000000,3
1426366863279271,3321600.000000,4
1426366863279428,3321600.000000,5
1426366871046459,3532800.000000,0
1426366871046615,3532800.000000,1
1426366871046771,3532800.000000,2
1426366871046928,3532800.000000,3
1426366871047136,3532800.000000,4
1426366871047292,3532800.000000,5
1426366871608646,3321600.000000,0
1426366871608959,3321600.000000,1
1426366871609167,3321600.000000,2
1426366871609324,3321600.000000,3
1426366871609480,3321600.000000,4
1426366871609636,3321600.000000,5
1426366871719271,3532800.000000,0
1426366871719480,3532800.000000,1
1426366871719636,3532800.000000,2
1426366871719792,3532800.000000,3
1426366871720105,3532800.000000,4
1426366871720261,3532800.000000,5
1426366873050261,3321600.000000,0
1426366873050417,3321600.000000,1
1426366873050574,3321600.000000,2
1426366873050730,3321600.000000,3
1426366873050886,3321600.000000,4
1426366873051042,3321600.000000,5
1426366873122240,3532800.000000,0
1426366873122449,3532800.000000,1
1426366873122605,3532800.000000,2
1426366873122761,3532800.000000,3
1426366873122917,3532800.000000,4
1426366873123074,3532800.000000,5
1426366875216980,3321600.000000,0
1426366875217136,3321600.000000,1
1426366875217292,3321600.000000,2
1426366875217449,3321600.000000,3
1426366875217605,3321600.000000,4
1426366875217761,3321600.000000,5
1426366875252917,3532800.000000,0
1426366875253178,3532800.000000,1
1426366875253334,3532800.000000,2
1426366875253490,3532800.000000,3
1426366875253699,3532800.000000,4
1426366875253855,3532800.000000,5
1426366875431042,3321600.000000,0
1426366875431199,3321600.000000,1
1426366875431355,3321600.000000,2
1426366875431511,3321600.000000,3
1426366875431667,3321600.000000,4
1426366875431824,3321600.000000,5
1426366875437709,3532800.000000,0
1426366875437917,3532800.000000,1
1426366875438178,3532800.000000,2
1426366875438386,3532800.000000,3
1426366875438646,3532800.000000,4
1426366875438855,3532800.000000,5
1426366875453699,3321600.000000,0
1426366875453855,3321600.000000,1
1426366875454011,3321600.000000,2
1426366875454271,3321600.000000,3
1426366875454428,3321600.000000,4
1426366875454584,3321600.000000,5
1426366875502240,3532800.000000,0
1426366875502449,3532800.000000,1
1426366875502605,3532800.000000,2
1426366875502761,3532800.000000,3
1426366875502917,3532800.000000,4
1426366875503074,3532800.000000,5
1426366877450417,3321600.000000,0
1426366877450678,3321600.000000,1
1426366877450834,3321600.000000,2
1426366877450990,3321600.000000,3
1426366877451146,3321600.000000,4
1426366877451303,3321600.000000,5
1426366877548230,3532800.000000,0
1426366877548386,3532800.000000,1
1426366877548542,3532800.000000,2
1426366877548699,3532800.000000,3
1426366877548855,3532800.000000,4
1426366877549115,3532800.000000,5
1426366878979115,3321600.000000,0
1426366878979324,3321600.000000,1
1426366878979480,3321600.000000,2
1426366878979636,3321600.000000,3
1426366878979896,3321600.000000,4
1426366878980105,3321600.000000,5
1426366882230053,3532800.000000,0
1426366882230261,3532800.000000,1
1426366882230417,3532800.000000,2
1426366882230574,3532800.000000,3
1426366882230730,3532800.000000,4
1426366882230886,3532800.000000,5
1426366882241303,3321600.000000,0
1426366882241511,3321600.000000,1
1426366882241667,3321600.000000,2
1426366882241824,3321600.000000,3
1426366882242084,3321600.000000,4
1426366882242240,3321600.000000,5
1426366889680105,3532800.000000,0
1426366889680261,3532800.000000,1
1426366889680574,3532800.000000,2
1426366889680730,3532800.000000,3
1426366889680886,3532800.000000,4
1426366889681303,3532800.000000,5
1426366895541511,3321600.000000,0
1426366895541667,3321600.000000,1
1426366895541824,3321600.000000,2
1426366895541980,3321600.000000,3
1426366895542136,3321600.000000,4
1426366895542292,3321600.000000,5
1426366896027761,3532800.000000,0
1426366896027917,3532800.000000,1
1426366896028074,3532800.000000,2
1426366896028230,3532800.000000,3
1426366896028490,3532800.000000,4
1426366896028646,3532800.000000,5
1426366896658490,3321600.000000,0
1426366896658699,3321600.000000,1
1426366896658855,3321600.000000,2
1426366896659011,3321600.000000,3
1426366896659167,3321600.000000,4
1426366896659324,3321600.000000,5
1426366896731355,3532800.000000,0
1426366896731615,3532800.000000,1
1426366896731771,3532800.000000,2
1426366896731928,3532800.000000,3
1426366896732136,3532800.000000,4
1426366896732292,3532800.000000,5
1426366897066667,3321600.000000,0
1426366897066824,3321600.000000,1
1426366897066980,3321600.000000,2
1426366897067136,3321600.000000,3
1426366897067292,3321600.000000,4
1426366897067449,3321600.000000,5
1426366898114167,3532800.000000,0
1426366898114324,3532800.000000,1
1426366898114480,3532800.000000,2
1426366898114636,3532800.000000,3
1426366898114896,3532800.000000,4
1426366898115678,3532800.000000,5
1426366899034480,3321600.000000,0
1426366899034636,3321600.000000,1
1426366899034792,3321600.000000,2
1426366899034949,3321600.000000,3
1426366899035105,3321600.000000,4
1426366899035261,3321600.000000,5
1426366907195834,3532800.000000,0
1426366907196042,3532800.000000,1
1426366907196198,3532800.000000,2
1426366907196511,3532800.000000,3
1426366907196667,3532800.000000,4
1426366907196823,3532800.000000,5
1426366907553334,3321600.000000,0
1426366907553542,3321600.000000,1
1426366907553698,3321600.000000,2
1426366907553855,3321600.000000,3
1426366907554011,3321600.000000,4
1426366907554167,3321600.000000,5
1426366909849011,3532800.000000,0
1426366909849167,3532800.000000,1
1426366909849323,3532800.000000,2
1426366909849480,3532800.000000,3
1426366909849636,3532800.000000,4
1426366909849896,3532800.000000,5
1426366909901667,3321600.000000,0
1426366909901823,3321600.000000,1
1426366909901980,3321600.000000,2
1426366909902136,3321600.000000,3
1426366909902292,3321600.000000,4
1426366909902448,3321600.000000,5
1426366910125886,3532800.000000,0
1426366910126042,3532800.000000,1
1426366910126198,3532800.000000,2
1426366910126355,3532800.000000,3
1426366910126511,3532800.000000,4
1426366910126667,3532800.000000,5
1426366910201823,3321600.000000,0
1426366910202084,3321600.000000,1
1426366910202240,3321600.000000,2
1426366910202396,3321600.000000,3
1426366910202553,3321600.000000,4
1426366910202709,3321600.000000,5
1426366916830678,3532800.000000,0
1426366916830886,3532800.000000,1
1426366916831146,3532800.000000,2
1426366916831355,3532800.000000,3
1426366916831615,3532800.000000,4
1426366916831823,3532800.000000,5
1426366917727136,3321600.000000,0
1426366917727292,3321600.000000,1
1426366917727605,3321600.000000,2
1426366917727865,3321600.000000,3
1426366917728073,3321600.000000,4
1426366917728386,3321600.000000,5
1426366931699948,3532800.000000,0
1426366931700573,3532800.000000,1
1426366931700834,3532800.000000,2
1426366931701042,3532800.000000,3
1426366931701198,3532800.000000,4
1426366931701459,3532800.000000,5
1426366931716928,3321600.000000,0
1426366931717136,3321600.000000,1
1426366931717292,3321600.000000,2
1426366931717448,3321600.000000,3
1426366931717605,3321600.000000,4
1426366931717761,3321600.000000,5
1426366931743542,3532800.000000,0
1426366931743698,3532800.000000,1
1426366931743959,3532800.000000,2
1426366931744167,3532800.000000,3
1426366931744323,3532800.000000,4
1426366931744584,3532800.000000,5
1426366937406355,3321600.000000,0
1426366937406615,3321600.000000,1
1426366937406823,3321600.000000,2
1426366937406980,3321600.000000,3
1426366937407240,3321600.000000,4
1426366937407448,3321600.000000,5
1426366937416980,3532800.000000,0
1426366937417240,3532800.000000,1
1426366937417448,3532800.000000,2
1426366937417605,3532800.000000,3
1426366937417917,3532800.000000,4
1426366937418073,3532800.000000,5
1426366941518855,3321600.000000,0
1426366941519115,3321600.000000,1
1426366941519323,3321600.000000,2
1426366941519480,3321600.000000,3
1426366941519740,3321600.000000,4
1426366941519948,3321600.000000,5
1426366941654792,3532800.000000,0
1426366941655105,3532800.000000,1
1426366941656355,3532800.000000,2
1426366941656511,3532800.000000,3
1426366941656771,3532800.000000,4
1426366941656980,3532800.000000,5
1426366941667605,3321600.000000,0
1426366941667865,3321600.000000,1
1426366941668021,3321600.000000,2
1426366941668334,3321600.000000,3
1426366941668490,3321600.000000,4
1426366941668646,3321600.000000,5
1426366943608073,3532800.000000,0
1426366943608230,3532800.000000,1
1426366943608490,3532800.000000,2
1426366943608698,3532800.000000,3
1426366943608855,3532800.000000,4
1426366943609011,3532800.000000,5
1426366945229011,3321600.000000,0
1426366945229167,3321600.000000,1
1426366945229323,3321600.000000,2
1426366945229584,3321600.000000,3
1426366945229636,3321600.000000,4
1426366945229896,3321600.000000,5
1426366945237761,3532800.000000,0
1426366945237917,3532800.000000,1
1426366945238178,3532800.000000,2
1426366945238334,3532800.000000,3
1426366945238490,3532800.000000,4
1426366945238698,3532800.000000,5
1426366946638803,3321600.000000,0
1426366946639011,3321600.000000,1
1426366946639167,3321600.000000,2
1426366946639480,3321600.000000,3
1426366946639792,3321600.000000,4
1426366946639948,3321600.000000,5
1426366946734948,3532800.000000,0
1426366946735105,3532800.000000,1
1426366946735417,3532800.000000,2
1426366946735573,3532800.000000,3
1426366946735834,3532800.000000,4
1426366946736042,3532800.000000,5
1426366949445521,3321600.000000,0
1426366949445730,3321600.000000,1
1426366949445886,3321600.000000,2
1426366949446042,3321600.000000,3
1426366949446146,3321600.000000,4
1426366949446303,3321600.000000,5
1426366949544636,3532800.000000,0
1426366949544792,3532800.000000,1
1426366949544948,3532800.000000,2
1426366949545105,3532800.000000,3
1426366949545261,3532800.000000,4
1426366949545573,3532800.000000,5
1426366949839167,3321600.000000,0
1426366949839428,3321600.000000,1
1426366949839636,3321600.000000,2
1426366949839792,3321600.000000,3
1426366949839948,3321600.000000,4
1426366949840209,3321600.000000,5
1426366951946146,3532800.000000,0
1426366951946355,3532800.000000,1
1426366951946511,3532800.000000,2
1426366951946771,3532800.000000,3
1426366951946980,3532800.000000,4
1426366951947136,3532800.000000,5
1426366953227136,3321600.000000,0
1426366953227292,3321600.000000,1
1426366953227448,3321600.000000,2
1426366953227605,3321600.000000,3
1426366953227761,3321600.000000,4
1426366953227917,3321600.000000,5
1426366953319480,3532800.000000,0
1426366953319636,3532800.000000,1
1426366953319792,3532800.000000,2
1426366953319948,3532800.000000,3
1426366953320105,3532800.000000,4
1426366953320261,3532800.000000,5
1426366954168386,3321600.000000,0
1426366954168542,3321600.000000,1
1426366954168698,3321600.000000,2
1426366954168855,3321600.000000,3
1426366954169011,3321600.000000,4
1426366954169167,3321600.000000,5
1426366954224948,3532800.000000,0
1426366954225105,3532800.000000,1
1426366954225261,3532800.000000,2
1426366954225521,3532800.000000,3
1426366954225678,3532800.000000,4
1426366954225834,3532800.000000,5
1426366955460886,3321600.000000,0
1426366955461042,3321600.000000,1
1426366955461303,3321600.000000,2
1426366955461459,3321600.000000,3
1426366955461615,3321600.000000,4
1426366955461771,3321600.000000,5
1426366955519323,3532800.000000,0
1426366955519480,3532800.000000,1
1426366955519740,3532800.000000,2
1426366955519896,3532800.000000,3
1426366955520105,3532800.000000,4
1426366955520261,3532800.000000,5
1426366957652917,3321600.000000,0
1426366957653073,3321600.000000,1
1426366957653230,3321600.000000,2
1426366957653386,3321600.000000,3
1426366957653542,3321600.000000,4
1426366957653698,3321600.000000,5
1426366957711667,3532800.000000,0
1426366957711823,3532800.000000,1
1426366957711980,3532800.000000,2
1426366957712240,3532800.000000,3
1426366957712396,3532800.000000,4
1426366957713334,3532800.000000,5
1426366958836980,3321600.000000,0
1426366958837136,3321600.000000,1
1426366958837292,3321600.000000,2
1426366958837448,3321600.000000,3
1426366958837605,3321600.000000,4
1426366958837761,3321600.000000,5
1426366972840209,3532800.000000,0
1426366972840417,3532800.000000,1
1426366972840573,3532800.000000,2
1426366972840730,3532800.000000,3
1426366972840886,3532800.000000,4
1426366972841042,3532800.000000,5
1426366972878803,3321600.000000,0
1426366972878959,3321600.000000,1
1426366972879115,3321600.000000,2
1426366972879271,3321600.000000,3
1426366972879480,3321600.000000,4
1426366972879636,3321600.000000,5
1426366974844636,3532800.000000,0
1426366974844792,3532800.000000,1
1426366974844948,3532800.000000,2
1426366974845105,3532800.000000,3
1426366974845261,3532800.000000,4
1426366974845417,3532800.000000,5
1426366977566511,3321600.000000,0
1426366977566667,3321600.000000,1
1426366977566823,3321600.000000,2
1426366977566980,3321600.000000,3
1426366977567136,3321600.000000,4
1426366977567292,3321600.000000,5
1426366977679167,3532800.000000,0
1426366977679428,3532800.000000,1
1426366977679584,3532800.000000,2
1426366977679740,3532800.000000,3
1426366977679896,3532800.000000,4
1426366977680105,3532800.000000,5
1426366978492553,3321600.000000,0
1426366978492709,3321600.000000,1
1426366978492865,3321600.000000,2
1426366978493021,3321600.000000,3
1426366978493178,3321600.000000,4
1426366978493334,3321600.000000,5
1426366978565730,3532800.000000,0
1426366978565886,3532800.000000,1
1426366978566042,3532800.000000,2
1426366978566198,3532800.000000,3
1426366978566355,3532800.000000,4
1426366978566615,3532800.000000,5
1426366990881355,3321600.000000,0
1426366990881511,3321600.000000,1
1426366990881667,3321600.000000,2
1426366990881823,3321600.000000,3
1426366990881980,3321600.000000,4
1426366990882136,3321600.000000,5
1426366992884636,3532800.000000,0
1426366992884792,3532800.000000,1
1426366992885053,3532800.000000,2
1426366992885261,3532800.000000,3
1426366992885417,3532800.000000,4
1426366992885678,3532800.000000,5
1426366994406459,3321600.000000,0
1426366994406667,3321600.000000,1
1426366994406823,3321600.000000,2
1426366994406980,3321600.000000,3
1426366994407136,3321600.000000,4
1426366994407292,3321600.000000,5
1426366994453230,3532800.000000,0
1426366994453386,3532800.000000,1
1426366994453542,3532800.000000,2
1426366994453698,3532800.000000,3
1426366994453959,3532800.000000,4
1426366994454115,3532800.000000,5
1426366995020886,3321600.000000,0
1426366995021042,3321600.000000,1
1426366995021198,3321600.000000,2
1426366995021459,3321600.000000,3
1426366995021615,3321600.000000,4
1426366995021771,3321600.000000,5
1426366995063334,3532800.000000,0
1426366995063490,3532800.000000,1
1426366995063698,3532800.000000,2
1426366995063855,3532800.000000,3
1426366995064011,3532800.000000,4
1426366995064167,3532800.000000,5
1426366997417292,3321600.000000,0
1426366997417448,3321600.000000,1
1426366997417605,3321600.000000,2
1426366997417761,3321600.000000,3
1426366997418021,3321600.000000,4
1426366997418073,3321600.000000,5
1426366997499792,3532800.000000,0
1426366997500053,3532800.000000,1
1426366997500209,3532800.000000,2
1426366997500365,3532800.000000,3
1426366997500521,3532800.000000,4
1426366997500730,3532800.000000,5
1426366998871042,3321600.000000,0
1426366998871198,3321600.000000,1
1426366998871355,3321600.000000,2
1426366998871511,3321600.000000,3
1426366998871667,3321600.000000,4
1426366998871823,3321600.000000,5
1426366998884896,3532800.000000,0
1426366998885105,3532800.000000,1
1426366998885261,3532800.000000,2
1426366998885417,3532800.000000,3
1426366998885730,3532800.000000,4
1426366998885886,3532800.000000,5
1426367000129480,3321600.000000,0
1426367000129792,3321600.000000,1
1426367000129948,3321600.000000,2
1426367000130105,3321600.000000,3
1426367000130365,3321600.000000,4
1426367000130573,3321600.000000,5
1426367000864480,3532800.000000,0
1426367000864636,3532800.000000,1
1426367000864896,3532800.000000,2
1426367000865105,3532800.000000,3
1426367000865365,3532800.000000,4
1426367000865573,3532800.000000,5
1426367001949271,3321600.000000,0
1426367001949428,3321600.000000,1
1426367001949584,3321600.000000,2
1426367001949792,3321600.000000,3
1426367001949948,3321600.000000,4
1426367001950105,3321600.000000,5
1426367002140834,3532800.000000,0
1426367002140990,3532800.000000,1
1426367002141198,3532800.000000,2
1426367002141355,3532800.000000,3
1426367002141511,3532800.000000,4
1426367002141667,3532800.000000,5
1426367003109323,3321600.000000,0
1426367003109480,3321600.000000,1
1426367003109636,3321600.000000,2
1426367003109792,3321600.000000,3
1426367003110053,3321600.000000,4
1426367003110209,3321600.000000,5
1426367003291511,3532800.000000,0
1426367003291667,3532800.000000,1
1426367003291823,3532800.000000,2
1426367003291980,3532800.000000,3
1426367003292136,3532800.000000,4
1426367003292396,3532800.000000,5
1426367003337292,3321600.000000,0
1426367003337448,3321600.000000,1
1426367003337605,3321600.000000,2
1426367003337761,3321600.000000,3
1426367003337917,3321600.000000,4
1426367003338073,3321600.000000,5
1426367003373542,3532800.000000,0
1426367003373698,3532800.000000,1
1426367003373855,3532800.000000,2
1426367003374011,3532800.000000,3
1426367003374167,3532800.000000,4
1426367003374323,3532800.000000,5
1426367006735678,3321600.000000,0
1426367006735834,3321600.000000,1
1426367006735990,3321600.000000,2
1426367006736146,3321600.000000,3
1426367006736303,3321600.000000,4
1426367006736459,3321600.000000,5
1426367009671980,3532800.000000,0
1426367009672136,3532800.000000,1
1426367009672292,3532800.000000,2
1426367009672448,3532800.000000,3
1426367009672605,3532800.000000,4
1426367009672761,3532800.000000,5
1426367010943855,3321600.000000,0
1426367010944115,3321600.000000,1
1426367010944271,3321600.000000,2
1426367010944480,3321600.000000,3
1426367010944636,3321600.000000,4
1426367010944896,3321600.000000,5
1426367015780730,3532800.000000,0
1426367015781042,3532800.000000,1
1426367015781198,3532800.000000,2
1426367015781459,3532800.000000,3
1426367015781667,3532800.000000,4
1426367015781928,3532800.000000,5
1426367015815521,3321600.000000,0
1426367015815678,3321600.000000,1
1426367015815886,3321600.000000,2
1426367015816042,3321600.000000,3
1426367015816198,3321600.000000,4
1426367015816355,3321600.000000,5
1426367015819115,3532800.000000,0
1426367015819271,3532800.000000,1
1426367015819480,3532800.000000,2
1426367015819584,3532800.000000,3
1426367015819792,3532800.000000,4
1426367015819896,3532800.000000,5
1426367015824271,3321600.000000,0
1426367015824428,3321600.000000,1
1426367015824584,3321600.000000,2
1426367015824740,3321600.000000,3
1426367015824896,3321600.000000,4
1426367015825105,3321600.000000,5
1426367022713386,3532800.000000,0
1426367022713542,3532800.000000,1
1426367022713803,3532800.000000,2
1426367022714011,3532800.000000,3
1426367022714271,3532800.000000,4
1426367022714480,3532800.000000,5
1426367023634323,3321600.000000,0
1426367023634480,3321600.000000,1
1426367023634636,3321600.000000,2
1426367023634792,3321600.000000,3
1426367023634948,3321600.000000,4
1426367023635105,3321600.000000,5
1426367023687084,3532800.000000,0
1426367023687292,3532800.000000,1
1426367023687448,3532800.000000,2
1426367023687605,3532800.000000,3
1426367023687761,3532800.000000,4
1426367023688021,3532800.000000,5
1426367024930990,3321600.000000,0
1426367024931198,3321600.000000,1
1426367024931355,3321600.000000,2
1426367024931511,3321600.000000,3
1426367024931667,3321600.000000,4
1426367024931823,3321600.000000,5
1426367024974323,3532800.000000,0
1426367024974480,3532800.000000,1
1426367024974636,3532800.000000,2
1426367024974792,3532800.000000,3
1426367024974948,3532800.000000,4
1426367024975105,3532800.000000,5
1426367026989584,3321600.000000,0
1426367026989792,3321600.000000,1
1426367026989948,3321600.000000,2
1426367026990209,3321600.000000,3
1426367026990417,3321600.000000,4
1426367026990573,3321600.000000,5
1426367027641667,3532800.000000,0
1426367027641928,3532800.000000,1
1426367027642136,3532800.000000,2
1426367027642292,3532800.000000,3
1426367027642553,3532800.000000,4
1426367027642761,3532800.000000,5
1426367030396615,3321600.000000,0
1426367030396771,3321600.000000,1
1426367030396928,3321600.000000,2
1426367030397136,3321600.000000,3
1426367030397292,3321600.000000,4
1426367030397448,3321600.000000,5
1426367030460730,3532800.000000,0
1426367030460886,3532800.000000,1
1426367030461146,3532800.000000,2
1426367030461303,3532800.000000,3
1426367030461459,3532800.000000,4
1426367030461667,3532800.000000,5
1426367030586823,3321600.000000,0
1426367030587136,3321600.000000,1
1426367030587396,3321600.000000,2
1426367030587553,3321600.000000,3
1426367030587605,3321600.000000,4
1426367030588021,3321600.000000,5
1426367030602084,3532800.000000,0
1426367030602240,3532800.000000,1
1426367030602448,3532800.000000,2
1426367030602605,3532800.000000,3
1426367030602761,3532800.000000,4
1426367030602917,3532800.000000,5
1426367030608542,3321600.000000,0
1426367030608803,3321600.000000,1
1426367030609011,3321600.000000,2
1426367030609167,3321600.000000,3
1426367030609323,3321600.000000,4
1426367030609480,3321600.000000,5
1426367030791198,3532800.000000,0
1426367030791459,3532800.000000,1
1426367030791667,3532800.000000,2
1426367030791823,3532800.000000,3
1426367030792084,3532800.000000,4
1426367030792292,3532800.000000,5
1426367031772605,3321600.000000,0
1426367031772761,3321600.000000,1
1426367031772917,3321600.000000,2
1426367031773073,3321600.000000,3
1426367031773230,3321600.000000,4
1426367031773386,3321600.000000,5
1426367031822448,3532800.000000,0
1426367031822605,3532800.000000,1
1426367031822761,3532800.000000,2
1426367031822917,3532800.000000,3
1426367031823073,3532800.000000,4
1426367031823230,3532800.000000,5
1426367035245886,3321600.000000,0
1426367035246042,3321600.000000,1
1426367035246198,3321600.000000,2
1426367035246355,3321600.000000,3
1426367035246615,3321600.000000,4
1426367035246771,3321600.000000,5
1426367035307084,3532800.000000,0
1426367035307292,3532800.000000,1
1426367035307448,3532800.000000,2
1426367035307605,3532800.000000,3
1426367035307761,3532800.000000,4
1426367035307917,3532800.000000,5
1426367038726355,3321600.000000,0
1426367038726511,3321600.000000,1
1426367038726667,3321600.000000,2
1426367038726823,3321600.000000,3
1426367038726980,3321600.000000,4
1426367038727136,3321600.000000,5
1426367050674167,3532800.000000,0
1426367050674323,3532800.000000,1
1426367050674480,3532800.000000,2
1426367050674636,3532800.000000,3
1426367050674792,3532800.000000,4
1426367050675053,3532800.000000,5
1426367050724896,3321600.000000,0
1426367050725105,3321600.000000,1
1426367050725261,3321600.000000,2
1426367050725521,3321600.000000,3
1426367050725730,3321600.000000,4
1426367050725886,3321600.000000,5
1426367056249480,3532800.000000,0
1426367056249636,3532800.000000,1
1426367056249792,3532800.000000,2
1426367056249948,3532800.000000,3
1426367056250105,3532800.000000,4
1426367056250261,3532800.000000,5
1426367057773959,3321600.000000,0
1426367057774167,3321600.000000,1
1426367057774323,3321600.000000,2
1426367057774480,3321600.000000,3
1426367057774636,3321600.000000,4
1426367057774792,3321600.000000,5
1426367057952396,3532800.000000,0
1426367057952553,3532800.000000,1
1426367057952709,3532800.000000,2
1426367057952917,3532800.000000,3
1426367057953073,3532800.000000,4
1426367057953230,3532800.000000,5
1426367058160521,3321600.000000,0
1426367058160730,3321600.000000,1
1426367058160886,3321600.000000,2
1426367058161042,3321600.000000,3
1426367058161198,3321600.000000,4
1426367058161355,3321600.000000,5
1426367058215105,3532800.000000,0
1426367058215261,3532800.000000,1
1426367058215730,3532800.000000,2
1426367058215886,3532800.000000,3
1426367058216042,3532800.000000,4
1426367058216355,3532800.000000,5
1426367060417396,3321600.000000,0
1426367060417605,3321600.000000,1
1426367060417761,3321600.000000,2
1426367060417917,3321600.000000,3
1426367060418073,3321600.000000,4
1426367060418230,3321600.000000,5
1426367060463230,3532800.000000,0
1426367060463386,3532800.000000,1
1426367060463646,3532800.000000,2
1426367060463803,3532800.000000,3
1426367060463959,3532800.000000,4
1426367060464167,3532800.000000,5
1426367063317396,3321600.000000,0
1426367063317553,3321600.000000,1
1426367063317761,3321600.000000,2
1426367063317917,3321600.000000,3
1426367063318073,3321600.000000,4
1426367063318230,3321600.000000,5
1426367063371980,3532800.000000,0
1426367063372240,3532800.000000,1
1426367063372396,3532800.000000,2
1426367063372553,3532800.000000,3
1426367063372761,3532800.000000,4
1426367063372917,3532800.000000,5
1426367066003855,3321600.000000,0
1426367066004011,3321600.000000,1
1426367066004167,3321600.000000,2
1426367066004323,3321600.000000,3
1426367066004480,3321600.000000,4
1426367066004636,3321600.000000,5
1426367066073698,3532800.000000,0
1426367066073959,3532800.000000,1
1426367066074115,3532800.000000,2
1426367066074271,3532800.000000,3
1426367066074480,3532800.000000,4
1426367066074636,3532800.000000,5
1426367066874271,3321600.000000,0
1426367066874480,3321600.000000,1
1426367066874636,3321600.000000,2
1426367066874792,3321600.000000,3
1426367066874948,3321600.000000,4
1426367066875105,3321600.000000,5
1426367067255521,3532800.000000,0
1426367067255678,3532800.000000,1
1426367067255834,3532800.000000,2
1426367067256042,3532800.000000,3
1426367067256198,3532800.000000,4
1426367067256355,3532800.000000,5
1426367069659167,3321600.000000,0
1426367069659323,3321600.000000,1
1426367069659584,3321600.000000,2
1426367069659740,3321600.000000,3
1426367069659792,3321600.000000,4
1426367069660053,3321600.000000,5
1426367069670209,3532800.000000,0
1426367069670417,3532800.000000,1
1426367069670886,3532800.000000,2
1426367069671146,3532800.000000,3
1426367069671355,3532800.000000,4
1426367069671928,3532800.000000,5
1426367070710990,3321600.000000,0
1426367070711146,3321600.000000,1
1426367070711355,3321600.000000,2
1426367070711511,3321600.000000,3
1426367070711667,3321600.000000,4
1426367070711823,3321600.000000,5
1426367080907605,3532800.000000,0
1426367080907865,3532800.000000,1
1426367080908073,3532800.000000,2
1426367080908230,3532800.000000,3
1426367080908490,3532800.000000,4
1426367080908698,3532800.000000,5
1426367080961771,3321600.000000,0
1426367080961928,3321600.000000,1
1426367080962084,3321600.000000,2
1426367080962240,3321600.000000,3
1426367080962448,3321600.000000,4
1426367080962605,3321600.000000,5
1426367085886459,3532800.000000,0
1426367085886667,3532800.000000,1
1426367085886823,3532800.000000,2
1426367085886980,3532800.000000,3
1426367085887136,3532800.000000,4
1426367085887292,3532800.000000,5
1426367089454115,3321600.000000,0
1426367089454323,3321600.000000,1
1426367089454480,3321600.000000,2
1426367089454740,3321600.000000,3
1426367089454948,3321600.000000,4
1426367089455105,3321600.000000,5
1426367089496980,3532800.000000,0
1426367089497136,3532800.000000,1
1426367089497396,3532800.000000,2
1426367089497605,3532800.000000,3
1426367089497761,3532800.000000,4
1426367089498021,3532800.000000,5
1426367102741667,3321600.000000,0
1426367102741823,3321600.000000,1
1426367102741980,3321600.000000,2
1426367102742136,3321600.000000,3
1426367102742292,3321600.000000,4
1426367102742448,3321600.000000,5
1426367108882292,3532800.000000,0
1426367108882448,3532800.000000,1
1426367108882709,3532800.000000,2
1426367108882865,3532800.000000,3
1426367108883021,3532800.000000,4
1426367108883178,3532800.000000,5
1426367109873386,3321600.000000,0
1426367109873542,3321600.000000,1
1426367109873698,3321600.000000,2
1426367109873855,3321600.000000,3
1426367109874011,3321600.000000,4
1426367109874167,3321600.000000,5
1426367109944480,3532800.000000,0
1426367109944636,3532800.000000,1
1426367109944792,3532800.000000,2
1426367109944948,3532800.000000,3
1426367109945105,3532800.000000,4
1426367109945365,3532800.000000,5
1426367110960417,3321600.000000,0
1426367110960678,3321600.000000,1
1426367110960834,3321600.000000,2
1426367110960990,3321600.000000,3
1426367110961146,3321600.000000,4
1426367110961303,3321600.000000,5
1426367111010053,3532800.000000,0
1426367111010209,3532800.000000,1
1426367111010417,3532800.000000,2
1426367111010573,3532800.000000,3
1426367111010730,3532800.000000,4
1426367111010886,3532800.000000,5
1426367111022709,3321600.000000,0
1426367111022917,3321600.000000,1
1426367111023073,3321600.000000,2
1426367111023230,3321600.000000,3
1426367111023386,3321600.000000,4
1426367111023542,3321600.000000,5
1426367111041928,3532800.000000,0
1426367111042084,3532800.000000,1
1426367111042240,3532800.000000,2
1426367111042396,3532800.000000,3
1426367111042553,3532800.000000,4
1426367111042709,3532800.000000,5
1426367111992917,3321600.000000,0
1426367111993178,3321600.000000,1
1426367111993386,3321600.000000,2
1426367111993542,3321600.000000,3
1426367111993698,3321600.000000,4
1426367111993959,3321600.000000,5
1426367112043230,3532800.000000,0
1426367112043386,3532800.000000,1
1426367112043542,3532800.000000,2
1426367112043698,3532800.000000,3
1426367112043855,3532800.000000,4
1426367112044011,3532800.000000,5
1426367118243542,3321600.000000,0
1426367118243698,3321600.000000,1
1426367118243959,3321600.000000,2
1426367118244115,3321600.000000,3
1426367118244323,3321600.000000,4
1426367118244480,3321600.000000,5
1426367118269740,3532800.000000,0
1426367118269896,3532800.000000,1
1426367118270105,3532800.000000,2
1426367118270261,3532800.000000,3
1426367118270417,3532800.000000,4
1426367118270573,3532800.000000,5
1426367118924167,3321600.000000,0
1426367118924323,3321600.000000,1
1426367118924584,3321600.000000,2
1426367118924792,3321600.000000,3
1426367118924948,3321600.000000,4
1426367118925209,3321600.000000,5
1426367119880365,3532800.000000,0
1426367119880573,3532800.000000,1
1426367119880730,3532800.000000,2
1426367119880886,3532800.000000,3
1426367119881146,3532800.000000,4
1426367119881303,3532800.000000,5
1426367120101823,3321600.000000,0
1426367120101980,3321600.000000,1
1426367120102136,3321600.000000,2
1426367120102292,3321600.000000,3
1426367120102448,3321600.000000,4
1426367120102605,3321600.000000,5
1426367120106198,3532800.000000,0
1426367120106355,3532800.000000,1
1426367120106511,3532800.000000,2
1426367120106667,3532800.000000,3
1426367120106823,3532800.000000,4
1426367120107084,3532800.000000,5
1426367120150261,3321600.000000,0
1426367120150417,3321600.000000,1
1426367120150573,3321600.000000,2
1426367120150730,3321600.000000,3
1426367120150886,3321600.000000,4
1426367120151042,3321600.000000,5
1426367120234323,3532800.000000,0
1426367120234480,3532800.000000,1
1426367120234636,3532800.000000,2
1426367120234792,3532800.000000,3
1426367120234948,3532800.000000,4
1426367120235105,3532800.000000,5
1426367120461198,3321600.000000,0
1426367120461511,3321600.000000,1
1426367120461667,3321600.000000,2
1426367120461823,3321600.000000,3
1426367120461980,3321600.000000,4
1426367120462136,3321600.000000,5
1426367120851198,3532800.000000,0
1426367120851823,3532800.000000,1
1426367120852292,3532800.000000,2
1426367120852917,3532800.000000,3
1426367120853386,3532800.000000,4
1426367120854011,3532800.000000,5
1426367124604271,3321600.000000,0
1426367124604428,3321600.000000,1
1426367124604636,3321600.000000,2
1426367124604792,3321600.000000,3
1426367124604948,3321600.000000,4
1426367124605105,3321600.000000,5
1426367124678230,3532800.000000,0
1426367124678386,3532800.000000,1
1426367124678646,3532800.000000,2
1426367124678803,3532800.000000,3
1426367124678959,3532800.000000,4
1426367124679115,3532800.000000,5
1426367126730209,3321600.000000,0
1426367126730365,3321600.000000,1
1426367126730521,3321600.000000,2
1426367126730678,3321600.000000,3
1426367126730834,3321600.000000,4
1426367126731042,3321600.000000,5
1426367126780886,3532800.000000,0
1426367126781042,3532800.000000,1
1426367126781303,3532800.000000,2
1426367126781459,3532800.000000,3
1426367126781615,3532800.000000,4
1426367126781771,3532800.000000,5
1426367127383386,3321600.000000,0
1426367127383542,3321600.000000,1
1426367127383803,3321600.000000,2
1426367127383855,3321600.000000,3
1426367127384115,3321600.000000,4
1426367127384271,3321600.000000,5
1426367127421615,3532800.000000,0
1426367127421823,3532800.000000,1
1426367127421980,3532800.000000,2
1426367127422136,3532800.000000,3
1426367127422292,3532800.000000,4
1426367127422448,3532800.000000,5
1426367127555678,3321600.000000,0
1426367127555886,3321600.000000,1
1426367127556042,3321600.000000,2
1426367127556198,3321600.000000,3
1426367127556355,3321600.000000,4
1426367127556511,3321600.000000,5
1426367127651511,3532800.000000,0
1426367127651667,3532800.000000,1
1426367127651823,3532800.000000,2
1426367127651980,3532800.000000,3
1426367127652136,3532800.000000,4
1426367127652292,3532800.000000,5
1426367129667709,3321600.000000,0
1426367129667865,3321600.000000,1
1426367129668021,3321600.000000,2
1426367129668178,3321600.000000,3
1426367129668334,3321600.000000,4
1426367129668490,3321600.000000,5
1426367129711980,3532800.000000,0
1426367129712240,3532800.000000,1
1426367129712396,3532800.000000,2
1426367129712553,3532800.000000,3
1426367129713334,3532800.000000,4
1426367129713490,3532800.000000,5
1426367129727605,3321600.000000,0
1426367129727761,3321600.000000,1
1426367129728021,3321600.000000,2
1426367129728178,3321600.000000,3
1426367129728334,3321600.000000,4
1426367129728542,3321600.000000,5
1426367129761980,3532800.000000,0
1426367129762240,3532800.000000,1
1426367129762396,3532800.000000,2
1426367129762605,3532800.000000,3
1426367129762761,3532800.000000,4
1426367129762917,3532800.000000,5
1426367130959792,3321600.000000,0
1426367130959948,3321600.000000,1
1426367130960105,3321600.000000,2
1426367130960261,3321600.000000,3
1426367130960417,3321600.000000,4
1426367130960573,3321600.000000,5
1426367131023855,3532800.000000,0
1426367131024011,3532800.000000,1
1426367131024167,3532800.000000,2
1426367131024323,3532800.000000,3
1426367131024480,3532800.000000,4
1426367131024792,3532800.000000,5
1426367132032605,3321600.000000,0
1426367132032865,3321600.000000,1
1426367132033073,3321600.000000,2
1426367132033230,3321600.000000,3
1426367132033490,3321600.000000,4
1426367132033698,3321600.000000,5
1426367132039636,3532800.000000,0
1426367132039792,3532800.000000,1
1426367132040053,3532800.000000,2
1426367132040209,3532800.000000,3
1426367132040365,3532800.000000,4
1426367132040521,3532800.000000,5
1426367132501303,3321600.000000,0
1426367132501511,3321600.000000,1
1426367132501667,3321600.000000,2
1426367132501823,3321600.000000,3
1426367132501980,3321600.000000,4
1426367132502136,3321600.000000,5
1426367132641459,3532800.000000,0
1426367132641615,3532800.000000,1
1426367132641823,3532800.000000,2
1426367132641980,3532800.000000,3
1426367132642136,3532800.000000,4
1426367132642292,3532800.000000,5
1426367133359896,3321600.000000,0
1426367133360105,3321600.000000,1
1426367133360261,3321600.000000,2
1426367133360417,3321600.000000,3
1426367133360573,3321600.000000,4
1426367133360730,3321600.000000,5
1426367133426459,3532800.000000,0
1426367133426667,3532800.000000,1
1426367133426823,3532800.000000,2
1426367133426980,3532800.000000,3
1426367133427136,3532800.000000,4
1426367133427292,3532800.000000,5
1426367134926511,3321600.000000,0
1426367134926667,3321600.000000,1
1426367134926823,3321600.000000,2
1426367134926980,3321600.000000,3
1426367134927136,3321600.000000,4
1426367134927292,3321600.000000,5
1426367149856198,3532800.000000,0
1426367149856355,3532800.000000,1
1426367149856615,3532800.000000,2
1426367149856823,3532800.000000,3
1426367149856980,3532800.000000,4
1426367149857240,3532800.000000,5
1426367150463542,3321600.000000,0
1426367150463698,3321600.000000,1
1426367150463855,3321600.000000,2
1426367150464011,3321600.000000,3
1426367150464167,3321600.000000,4
1426367150464323,3321600.000000,5
1426367150928230,3532800.000000,0
1426367150928490,3532800.000000,1
1426367150928698,3532800.000000,2
1426367150928855,3532800.000000,3
1426367150929115,3532800.000000,4
1426367150929323,3532800.000000,5
1426367151255521,3321600.000000,0
1426367151255730,3321600.000000,1
1426367151255886,3321600.000000,2
1426367151256146,3321600.000000,3
1426367151256355,3321600.000000,4
1426367151256511,3321600.000000,5
1426367151305990,3532800.000000,0
1426367151306198,3532800.000000,1
1426367151306355,3532800.000000,2
1426367151306615,3532800.000000,3
1426367151306823,3532800.000000,4
1426367151307084,3532800.000000,5
1426367153539740,3321600.000000,0
1426367153539948,3321600.000000,1
1426367153540105,3321600.000000,2
1426367153540365,3321600.000000,3
1426367153540573,3321600.000000,4
1426367153540730,3321600.000000,5
1426367153591198,3532800.000000,0
1426367153591511,3532800.000000,1
1426367153591667,3532800.000000,2
1426367153591980,3532800.000000,3
1426367153592136,3532800.000000,4
1426367153592396,3532800.000000,5
1426367154711198,3321600.000000,0
1426367154711459,3321600.000000,1
1426367154711667,3321600.000000,2
1426367154711823,3321600.000000,3
1426367154711980,3321600.000000,4
1426367154712240,3321600.000000,5
1426367154748073,3532800.000000,0
1426367154748230,3532800.000000,1
1426367154748490,3532800.000000,2
1426367154748698,3532800.000000,3
1426367154748855,3532800.000000,4
1426367154749115,3532800.000000,5
1426367155249636,3321600.000000,0
1426367155249792,3321600.000000,1
1426367155249948,3321600.000000,2
1426367155250105,3321600.000000,3
1426367155250261,3321600.000000,4
1426367155250417,3321600.000000,5
1426367155256198,3532800.000000,0
1426367155256355,3532800.000000,1
1426367155256511,3532800.000000,2
1426367155256771,3532800.000000,3
1426367155256928,3532800.000000,4
1426367155257084,3532800.000000,5
1426367155271198,3321600.000000,0
1426367155271355,3321600.000000,1
1426367155271511,3321600.000000,2
1426367155271771,3321600.000000,3
1426367155271928,3321600.000000,4
1426367155272136,3321600.000000,5
1426367155288646,3532800.000000,0
1426367155288855,3532800.000000,1
1426367155289011,3532800.000000,2
1426367155289167,3532800.000000,3
1426367155289323,3532800.000000,4
1426367155289480,3532800.000000,5
1426367155465053,3321600.000000,0
1426367155465261,3321600.000000,1
1426367155465417,3321600.000000,2
1426367155465678,3321600.000000,3
1426367155465886,3321600.000000,4
1426367155466042,3321600.000000,5
1426367155470678,3532800.000000,0
1426367155470886,3532800.000000,1
1426367155471042,3532800.000000,2
1426367155471303,3532800.000000,3
1426367155471511,3532800.000000,4
1426367155471771,3532800.000000,5
1426367166730886,3321600.000000,0
1426367166731042,3321600.000000,1
1426367166731198,3321600.000000,2
1426367166731355,3321600.000000,3
1426367166731615,3321600.000000,4
1426367166731667,3321600.000000,5
1426367170666928,3532800.000000,0
1426367170667084,3532800.000000,1
1426367170667240,3532800.000000,2
1426367170667396,3532800.000000,3
1426367170667605,3532800.000000,4
1426367170667761,3532800.000000,5
1426367172360730,3321600.000000,0
1426367172360886,3321600.000000,1
1426367172361042,3321600.000000,2
1426367172361198,3321600.000000,3
1426367172361355,3321600.000000,4
1426367172361511,3321600.000000,5
1426367172437761,3532800.000000,0
1426367172437917,3532800.000000,1
1426367172438073,3532800.000000,2
1426367172438334,3532800.000000,3
1426367172438490,3532800.000000,4
1426367172438646,3532800.000000,5
1426367172608073,3321600.000000,0
1426367172608334,3321600.000000,1
1426367172608490,3321600.000000,2
1426367172609323,3321600.000000,3
1426367172609480,3321600.000000,4
1426367172609636,3321600.000000,5
1426367172767136,3532800.000000,0
1426367172767292,3532800.000000,1
1426367172767448,3532800.000000,2
1426367172767709,3532800.000000,3
1426367172767865,3532800.000000,4
1426367172768021,3532800.000000,5
1426367173643230,3321600.000000,0
1426367173643386,3321600.000000,1
1426367173643542,3321600.000000,2
1426367173643803,3321600.000000,3
1426367173643959,3321600.000000,4
1426367173644115,3321600.000000,5
1426367173706667,3532800.000000,0
1426367173706928,3532800.000000,1
1426367173707084,3532800.000000,2
1426367173707240,3532800.000000,3
1426367173707448,3532800.000000,4
1426367173707605,3532800.000000,5
1426367174176771,3321600.000000,0
1426367174176928,3321600.000000,1
1426367174177084,3321600.000000,2
1426367174177240,3321600.000000,3
1426367174177448,3321600.000000,4
1426367174177605,3321600.000000,5
1426367174189323,3532800.000000,0
1426367174189480,3532800.000000,1
1426367174189740,3532800.000000,2
1426367174189896,3532800.000000,3
1426367174190053,3532800.000000,4
1426367174190261,3532800.000000,5
1426367174245834,3321600.000000,0
1426367174245990,3321600.000000,1
1426367174246146,3321600.000000,2
1426367174246303,3321600.000000,3
1426367174246615,3321600.000000,4
1426367174246771,3321600.000000,5
1426367174329323,3532800.000000,0
1426367174329480,3532800.000000,1
1426367174329740,3532800.000000,2
1426367174329896,3532800.000000,3
1426367174330053,3532800.000000,4
1426367174330261,3532800.000000,5
1426367176559896,3321600.000000,0
1426367176560105,3321600.000000,1
1426367176560209,3321600.000000,2
1426367176560365,3321600.000000,3
1426367176560573,3321600.000000,4
1426367176560730,3321600.000000,5
1426367176612761,3532800.000000,0
1426367176613021,3532800.000000,1
1426367176613178,3532800.000000,2
1426367176614011,3532800.000000,3
1426367176614167,3532800.000000,4
1426367176614323,3532800.000000,5
1426367178134948,3321600.000000,0
1426367178135105,3321600.000000,1
1426367178135365,3321600.000000,2
1426367178135417,3321600.000000,3
1426367178135678,3321600.000000,4
1426367178135834,3321600.000000,5
1426367178419948,3532800.000000,0
1426367178420105,3532800.000000,1
1426367178420261,3532800.000000,2
1426367178420521,3532800.000000,3
1426367178420678,3532800.000000,4
1426367178420834,3532800.000000,5
1426367180164740,3321600.000000,0
1426367180164896,3321600.000000,1
1426367180165105,3321600.000000,2
1426367180165209,3321600.000000,3
1426367180165365,3321600.000000,4
1426367180165573,3321600.000000,5
1426367180349948,3532800.000000,0
1426367180350261,3532800.000000,1
1426367180350417,3532800.000000,2
1426367180350573,3532800.000000,3
1426367180350834,3532800.000000,4
1426367180351146,3532800.000000,5
1426367180371198,3321600.000000,0
1426367180371355,3321600.000000,1
1426367180371511,3321600.000000,2
1426367180371667,3321600.000000,3
1426367180371928,3321600.000000,4
1426367180372084,3321600.000000,5
1426367180391042,3532800.000000,0
1426367180391198,3532800.000000,1
1426367180391355,3532800.000000,2
1426367180391511,3532800.000000,3
1426367180391823,3532800.000000,4
1426367180391980,3532800.000000,5
1426367181063386,3321600.000000,0
1426367181063542,3321600.000000,1
1426367181063698,3321600.000000,2
1426367181063855,3321600.000000,3
1426367181064011,3321600.000000,4
1426367181064167,3321600.000000,5
1426367181101511,3532800.000000,0
1426367181101667,3532800.000000,1
1426367181101823,3532800.000000,2
1426367181102084,3532800.000000,3
1426367181102292,3532800.000000,4
1426367181102448,3532800.000000,5
1426367181115990,3321600.000000,0
1426367181116198,3321600.000000,1
1426367181116355,3321600.000000,2
1426367181116511,3321600.000000,3
1426367181116667,3321600.000000,4
1426367181116823,3321600.000000,5
1426367181148855,3532800.000000,0
1426367181149115,3532800.000000,1
1426367181149271,3532800.000000,2
1426367181149428,3532800.000000,3
1426367181149584,3532800.000000,4
1426367181149740,3532800.000000,5
1426367182096146,3321600.000000,0
1426367182096355,3321600.000000,1
1426367182096459,3321600.000000,2
1426367182096615,3321600.000000,3
1426367182096771,3321600.000000,4
1426367182096928,3321600.000000,5
1426367182214271,3532800.000000,0
1426367182214480,3532800.000000,1
1426367182214636,3532800.000000,2
1426367182214896,3532800.000000,3
1426367182215053,3532800.000000,4
1426367182215209,3532800.000000,5
1426367185737448,3321600.000000,0
1426367185737605,3321600.000000,1
1426367185737761,3321600.000000,2
1426367185737917,3321600.000000,3
1426367185738073,3321600.000000,4
1426367185738230,3321600.000000,5
1426367185847136,3532800.000000,0
1426367185847448,3532800.000000,1
1426367185847709,3532800.000000,2
1426367185847917,3532800.000000,3
1426367185848073,3532800.000000,4
1426367185848334,3532800.000000,5
1426367186621042,3321600.000000,0
1426367186621198,3321600.000000,1
1426367186621355,3321600.000000,2
1426367186621511,3321600.000000,3
1426367186621667,3321600.000000,4
1426367186621823,3321600.000000,5
1426367186733542,3532800.000000,0
1426367186733698,3532800.000000,1
1426367186733855,3532800.000000,2
1426367186734011,3532800.000000,3
1426367186734167,3532800.000000,4
1426367186734428,3532800.000000,5
1426367187029011,3321600.000000,0
1426367187029271,3321600.000000,1
1426367187029480,3321600.000000,2
1426367187029636,3321600.000000,3
1426367187029896,3321600.000000,4
1426367187030105,3321600.000000,5
1426367187071771,3532800.000000,0
1426367187071980,3532800.000000,1
1426367187072136,3532800.000000,2
1426367187072396,3532800.000000,3
1426367187072605,3532800.000000,4
1426367187072865,3532800.000000,5
1426367191092448,3321600.000000,0
1426367191092605,3321600.000000,1
1426367191092865,3321600.000000,2
1426367191093073,3321600.000000,3
1426367191093230,3321600.000000,4
1426367191093386,3321600.000000,5
1426367191184948,3532800.000000,0
1426367191185209,3532800.000000,1
1426367191185417,3532800.000000,2
1426367191185573,3532800.000000,3
1426367191185834,3532800.000000,4
1426367191186042,3532800.000000,5
1426367192416980,3321600.000000,0
1426367192418178,3321600.000000,1
1426367192418334,3321600.000000,2
1426367192418490,3321600.000000,3
1426367192418646,3321600.000000,4
1426367192418803,3321600.000000,5
1426367192486511,3532800.000000,0
1426367192486771,3532800.000000,1
1426367192486928,3532800.000000,2
1426367192487084,3532800.000000,3
1426367192487292,3532800.000000,4
1426367192487448,3532800.000000,5
1426367192585834,3321600.000000,0
1426367192586042,3321600.000000,1
1426367192586198,3321600.000000,2
1426367192586355,3321600.000000,3
1426367192586511,3321600.000000,4
1426367192586667,3321600.000000,5
1426367192588959,3532800.000000,0
1426367192589115,3532800.000000,1
1426367192589271,3532800.000000,2
1426367192589428,3532800.000000,3
1426367192589584,3532800.000000,4
1426367192589740,3532800.000000,5
1426367192640417,3321600.000000,0
1426367192640573,3321600.000000,1
1426367192640730,3321600.000000,2
1426367192640886,3321600.000000,3
1426367192641042,3321600.000000,4
1426367192641303,3321600.000000,5
1426367192642917,3532800.000000,0
1426367192643073,3532800.000000,1
1426367192643230,3532800.000000,2
1426367192643386,3532800.000000,3
1426367192643542,3532800.000000,4
1426367192643855,3532800.000000,5
1426367192733803,3321600.000000,0
1426367192734011,3321600.000000,1
1426367192734167,3321600.000000,2
1426367192734428,3321600.000000,3
1426367192734584,3321600.000000,4
1426367192734792,3321600.000000,5
1426367192847865,3532800.000000,0
1426367192848073,3532800.000000,1
1426367192848230,3532800.000000,2
1426367192848490,3532800.000000,3
1426367192848698,3532800.000000,4
1426367192848959,3532800.000000,5
1426367197125573,3321600.000000,0
1426367197125730,3321600.000000,1
1426367197125886,3321600.000000,2
1426367197126042,3321600.000000,3
1426367197126198,3321600.000000,4
1426367197126355,3321600.000000,5
1426367197143959,3532800.000000,0
1426367197144271,3532800.000000,1
1426367197144584,3532800.000000,2
1426367197144740,3532800.000000,3
1426367197144896,3532800.000000,4
1426367197145261,3532800.000000,5
1426367200043698,3321600.000000,0
1426367200043855,3321600.000000,1
1426367200044011,3321600.000000,2
1426367200044167,3321600.000000,3
1426367200044323,3321600.000000,4
1426367200044480,3321600.000000,5
1426367200855105,3532800.000000,0
1426367200855261,3532800.000000,1
1426367200855417,3532800.000000,2
1426367200855573,3532800.000000,3
1426367200855834,3532800.000000,4
1426367200855990,3532800.000000,5
1426367204924011,3321600.000000,0
1426367204924271,3321600.000000,1
1426367204924428,3321600.000000,2
1426367204924584,3321600.000000,3
1426367204924740,3321600.000000,4
1426367204924896,3321600.000000,5
1426367204931042,3532800.000000,0
1426367204931198,3532800.000000,1
1426367204931355,3532800.000000,2
1426367204931511,3532800.000000,3
1426367204931771,3532800.000000,4
1426367204931928,3532800.000000,5
1426367205378698,3321600.000000,0
1426367205378855,3321600.000000,1
1426367205379011,3321600.000000,2
1426367205379167,3321600.000000,3
1426367205379323,3321600.000000,4
1426367205379480,3321600.000000,5
1426367205423334,3532800.000000,0
1426367205423542,3532800.000000,1
1426367205423698,3532800.000000,2
1426367205423855,3532800.000000,3
1426367205424011,3532800.000000,4
1426367205424167,3532800.000000,5
1426367206993542,3321600.000000,0
1426367206993959,3321600.000000,1
1426367206994115,3321600.000000,2
1426367206994271,3321600.000000,3
1426367206994428,3321600.000000,4
1426367206994584,3321600.000000,5
1426367207155365,3532800.000000,0
1426367207155573,3532800.000000,1
1426367207155730,3532800.000000,2
1426367207155886,3532800.000000,3
1426367207156042,3532800.000000,4
1426367207156198,3532800.000000,5
1426367210079636,3321600.000000,0
1426367210079792,3321600.000000,1
1426367210079948,3321600.000000,2
1426367210080105,3321600.000000,3
1426367210080261,3321600.000000,4
1426367210080417,3321600.000000,5
1426367210085678,3532800.000000,0
1426367210085834,3532800.000000,1
1426367210085990,3532800.000000,2
1426367210086198,3532800.000000,3
1426367210086355,3532800.000000,4
1426367210086511,3532800.000000,5
1426367214186459,3321600.000000,0
1426367214186615,3321600.000000,1
1426367214186771,3321600.000000,2
1426367214186928,3321600.000000,3
1426367214187136,3321600.000000,4
1426367214187292,3321600.000000,5
1426367214191823,3532800.000000,0
1426367214191980,3532800.000000,1
1426367214192240,3532800.000000,2
1426367214192396,3532800.000000,3
1426367214192553,3532800.000000,4
1426367214192709,3532800.000000,5
1426367215041198,3321600.000000,0
1426367215041355,3321600.000000,1
1426367215041511,3321600.000000,2
1426367215041667,3321600.000000,3
1426367215041823,3321600.000000,4
1426367215041980,3321600.000000,5
1426367216863698,3532800.000000,0
1426367216863855,3532800.000000,1
1426367216864011,3532800.000000,2
1426367216864167,3532800.000000,3
1426367216864323,3532800.000000,4
1426367216864584,3532800.000000,5
1426367218289167,3321600.000000,0
1426367218289428,3321600.000000,1
1426367218289636,3321600.000000,2
1426367218289792,3321600.000000,3
1426367218290053,3321600.000000,4
1426367218290261,3321600.000000,5
1426367225008230,3532800.000000,0
1426367225008386,3532800.000000,1
1426367225008646,3532800.000000,2
1426367225008855,3532800.000000,3
1426367225009011,3532800.000000,4
1426367225009480,3532800.000000,5
1426367227207553,3321600.000000,0
1426367227207709,3321600.000000,1
1426367227207865,3321600.000000,2
1426367227208021,3321600.000000,3
1426367227208178,3321600.000000,4
1426367227208386,3321600.000000,5
1426367227213698,3532800.000000,0
1426367227213855,3532800.000000,1
1426367227214011,3532800.000000,2
1426367227214167,3532800.000000,3
1426367227214323,3532800.000000,4
1426367227214480,3532800.000000,5
1426367227284011,3321600.000000,0
1426367227284167,3321600.000000,1
1426367227284323,3321600.000000,2
1426367227284480,3321600.000000,3
1426367227284740,3321600.000000,4
1426367227284896,3321600.000000,5
1426367227287084,3532800.000000,0
1426367227287240,3532800.000000,1
1426367227287396,3532800.000000,2
1426367227287553,3532800.000000,3
1426367227287709,3532800.000000,4
1426367227287865,3532800.000000,5
1426367230994948,3321600.000000,0
1426367230995209,3321600.000000,1
1426367230995365,3321600.000000,2
1426367230995521,3321600.000000,3
1426367230995678,3321600.000000,4
1426367230995834,3321600.000000,5
1426367231039167,3532800.000000,0
1426367231039323,3532800.000000,1
1426367231039480,3532800.000000,2
1426367231039740,3532800.000000,3
1426367231039896,3532800.000000,4
1426367231040053,3532800.000000,5
1426367239325730,3321600.000000,0
1426367239325886,3321600.000000,1
1426367239326042,3321600.000000,2
1426367239326303,3321600.000000,3
1426367239326459,3321600.000000,4
1426367239326615,3321600.000000,5
1426367239468230,3532800.000000,0
1426367239468490,3532800.000000,1
1426367239468646,3532800.000000,2
1426367239468855,3532800.000000,3
1426367239469011,3532800.000000,4
1426367239469167,3532800.000000,5
1426367246757917,3321600.000000,0
1426367246758073,3321600.000000,1
1426367246758230,3321600.000000,2
1426367246758386,3321600.000000,3
1426367246758542,3321600.000000,4
1426367246758698,3321600.000000,5
1426367262085573,3532800.000000,0
1426367262085730,3532800.000000,1
1426367262085886,3532800.000000,2
1426367262086042,3532800.000000,3
1426367262086198,3532800.000000,4
1426367262086355,3532800.000000,5
1426367262177240,3321600.000000,0
1426367262177448,3321600.000000,1
1426367262177605,3321600.000000,2
1426367262177761,3321600.000000,3
1426367262177917,3321600.000000,4
1426367262178073,3321600.000000,5
1426367262180261,3532800.000000,0
1426367262180417,3532800.000000,1
1426367262180573,3532800.000000,2
1426367262180730,3532800.000000,3
1426367262180886,3532800.000000,4
1426367262181042,3532800.000000,5
1426367262186042,3321600.000000,0
1426367262186198,3321600.000000,1
1426367262186355,3321600.000000,2
1426367262186511,3321600.000000,3
1426367262186771,3321600.000000,4
1426367262186928,3321600.000000,5
1426367262447448,3532800.000000,0
1426367262447605,3532800.000000,1
1426367262447761,3532800.000000,2
1426367262447917,3532800.000000,3
1426367262448073,3532800.000000,4
1426367262448334,3532800.000000,5
1426367265218698,3321600.000000,0
1426367265218855,3321600.000000,1
1426367265219011,3321600.000000,2
1426367265219167,3321600.000000,3
1426367265219323,3321600.000000,4
1426367265219584,3321600.000000,5
1426367265288959,3532800.000000,0
1426367265289167,3532800.000000,1
1426367265289323,3532800.000000,2
1426367265289480,3532800.000000,3
1426367265289636,3532800.000000,4
1426367265289792,3532800.000000,5
1426367268827136,3321600.000000,0
1426367268827396,3321600.000000,1
1426367268827553,3321600.000000,2
1426367268827709,3321600.000000,3
1426367268827865,3321600.000000,4
1426367268828021,3321600.000000,5
1426367268870886,3532800.000000,0
1426367268871146,3532800.000000,1
1426367268871303,3532800.000000,2
1426367268871511,3532800.000000,3
1426367268871667,3532800.000000,4
1426367268871823,3532800.000000,5
1426367268884428,3321600.000000,0
1426367268884636,3321600.000000,1
1426367268884792,3321600.000000,2
1426367268884948,3321600.000000,3
1426367268885105,3321600.000000,4
1426367268885261,3321600.000000,5
1426367268896615,3532800.000000,0
1426367268896823,3532800.000000,1
1426367268896980,3532800.000000,2
1426367268897136,3532800.000000,3
1426367268897292,3532800.000000,4
1426367268897553,3532800.000000,5
1426367269897396,3321600.000000,0
1426367269897553,3321600.000000,1
1426367269897709,3321600.000000,2
1426367269897865,3321600.000000,3
1426367269898021,3321600.000000,4
1426367269898178,3321600.000000,5
1426367269956459,3532800.000000,0
1426367269956667,3532800.000000,1
1426367269956823,3532800.000000,2
1426367269956980,3532800.000000,3
1426367269957136,3532800.000000,4
1426367269957292,3532800.000000,5
1426367273261303,3321600.000000,0
1426367273261511,3321600.000000,1
1426367273261771,3321600.000000,2
1426367273261980,3321600.000000,3
1426367273262136,3321600.000000,4
1426367273262396,3321600.000000,5
1426367273441823,3532800.000000,0
1426367273442396,3532800.000000,1
1426367273442605,3532800.000000,2
1426367273442761,3532800.000000,3
1426367273443073,3532800.000000,4
1426367273443230,3532800.000000,5
1426367273624636,3321600.000000,0
1426367273624948,3321600.000000,1
1426367273625105,3321600.000000,2
1426367273625261,3321600.000000,3
1426367273625573,3321600.000000,4
1426367273625730,3321600.000000,5
1426367273647292,3532800.000000,0
1426367273647448,3532800.000000,1
1426367273647605,3532800.000000,2
1426367273647761,3532800.000000,3
1426367273647917,3532800.000000,4
1426367273648073,3532800.000000,5
1426367273824011,3321600.000000,0
1426367273824167,3321600.000000,1
1426367273824323,3321600.000000,2
1426367273824480,3321600.000000,3
1426367273824636,3321600.000000,4
1426367273825053,3321600.000000,5
1426367273833855,3532800.000000,0
1426367273834115,3532800.000000,1
1426367273834271,3532800.000000,2
1426367273834480,3532800.000000,3
1426367273834636,3532800.000000,4
1426367273834792,3532800.000000,5
1426367274701511,3321600.000000,0
1426367274701771,3321600.000000,1
1426367274701928,3321600.000000,2
1426367274702084,3321600.000000,3
1426367274702292,3321600.000000,4
1426367274702448,3321600.000000,5
1426367275420053,3532800.000000,0
1426367275420261,3532800.000000,1
1426367275420521,3532800.000000,2
1426367275420730,3532800.000000,3
1426367275420886,3532800.000000,4
1426367275421146,3532800.000000,5
1426367275649167,3321600.000000,0
1426367275649428,3321600.000000,1
1426367275649584,3321600.000000,2
1426367275649740,3321600.000000,3
1426367275649896,3321600.000000,4
1426367275650053,3321600.000000,5
1426367275688698,3532800.000000,0
1426367275688959,3532800.000000,1
1426367275689115,3532800.000000,2
1426367275689271,3532800.000000,3
1426367275689428,3532800.000000,4
1426367275689584,3532800.000000,5
1426367278034011,3321600.000000,0
1426367278034271,3321600.000000,1
1426367278034428,3321600.000000,2
1426367278034584,3321600.000000,3
1426367278034740,3321600.000000,4
1426367278034896,3321600.000000,5
1426367278069011,3532800.000000,0
1426367278069167,3532800.000000,1
1426367278069323,3532800.000000,2
1426367278069480,3532800.000000,3
1426367278069740,3532800.000000,4
1426367278069896,3532800.000000,5
1426367278782448,3321600.000000,0
1426367278782605,3321600.000000,1
1426367278782761,3321600.000000,2
1426367278782917,3321600.000000,3
1426367278783073,3321600.000000,4
1426367278783230,3321600.000000,5
1426367278788855,3532800.000000,0
1426367278789115,3532800.000000,1
1426367278789323,3532800.000000,2
1426367278789480,3532800.000000,3
1426367278789792,3532800.000000,4
1426367278789948,3532800.000000,5
1426367278900105,3321600.000000,0
1426367278900261,3321600.000000,1
1426367278900521,3321600.000000,2
1426367278900678,3321600.000000,3
1426367278900834,3321600.000000,4
1426367278900990,3321600.000000,5
1426367278915678,3532800.000000,0
1426367278915886,3532800.000000,1
1426367278916146,3532800.000000,2
1426367278916355,3532800.000000,3
1426367278916511,3532800.000000,4
1426367278916771,3532800.000000,5
1426367279041303,3321600.000000,0
1426367279041511,3321600.000000,1
1426367279041667,3321600.000000,2
1426367279041823,3321600.000000,3
1426367279041980,3321600.000000,4
1426367279042136,3321600.000000,5
1426367294997605,3532800.000000,0
1426367294997865,3532800.000000,1
1426367294998073,3532800.000000,2
1426367294998334,3532800.000000,3
1426367294998542,3532800.000000,4
1426367294998698,3532800.000000,5
1426367298307396,3321600.000000,0
1426367298307605,3321600.000000,1
1426367298307761,3321600.000000,2
1426367298307917,3321600.000000,3
1426367298308073,3321600.000000,4
1426367298308230,3321600.000000,5
1426367298514896,3532800.000000,0
1426367298515105,3532800.000000,1
1426367298515261,3532800.000000,2
1426367298515417,3532800.000000,3
1426367298515573,3532800.000000,4
1426367298515730,3532800.000000,5
1426367299035730,3321600.000000,0
1426367299035990,3321600.000000,1
1426367299036198,3321600.000000,2
1426367299036355,3321600.000000,3
1426367299036615,3321600.000000,4
1426367299036823,3321600.000000,5
1426367299161511,3532800.000000,0
1426367299161771,3532800.000000,1
1426367299161928,3532800.000000,2
1426367299162136,3532800.000000,3
1426367299162292,3532800.000000,4
1426367299162448,3532800.000000,5
1426367299994167,3321600.000000,0
1426367299994323,3321600.000000,1
1426367299994480,3321600.000000,2
1426367299994740,3321600.000000,3
1426367299994896,3321600.000000,4
1426367299995053,3321600.000000,5
1426367301558855,3532800.000000,0
1426367301559011,3532800.000000,1
1426367301559271,3532800.000000,2
1426367301559428,3532800.000000,3
1426367301559636,3532800.000000,4
1426367301559792,3532800.000000,5
1426367301711615,3321600.000000,0
1426367301711771,3321600.000000,1
1426367301711928,3321600.000000,2
1426367301712084,3321600.000000,3
1426367301712240,3321600.000000,4
1426367301712448,3321600.000000,5
1426367301761459,3532800.000000,0
1426367301761667,3532800.000000,1
1426367301761823,3532800.000000,2
1426367301761980,3532800.000000,3
1426367301762136,3532800.000000,4
1426367301762292,3532800.000000,5
1426367303846823,3321600.000000,0
1426367303847136,3321600.000000,1
1426367303847292,3321600.000000,2
1426367303847448,3321600.000000,3
1426367303847605,3321600.000000,4
1426367303847761,3321600.000000,5
1426367303901355,3532800.000000,0
1426367303901615,3532800.000000,1
1426367303901771,3532800.000000,2
1426367303901928,3532800.000000,3
1426367303902136,3532800.000000,4
1426367303903073,3532800.000000,5
1426367305265886,3321600.000000,0
1426367305266042,3321600.000000,1
1426367305266303,3321600.000000,2
1426367305266459,3321600.000000,3
1426367305266615,3321600.000000,4
1426367305266771,3321600.000000,5
1426367305312605,3532800.000000,0
1426367305312761,3532800.000000,1
1426367305313073,3532800.000000,2
1426367305313230,3532800.000000,3
1426367305313490,3532800.000000,4
1426367305313698,3532800.000000,5
1426367338319636,3321600.000000,0
1426367338319896,3321600.000000,1
1426367338320053,3321600.000000,2
1426367338320261,3321600.000000,3
1426367338320417,3321600.000000,4
1426367338320573,3321600.000000,5
1426367338912240,3532800.000000,0
1426367338913073,3532800.000000,1
1426367338913230,3532800.000000,2
1426367338913959,3532800.000000,3
1426367338914115,3532800.000000,4
1426367338914271,3532800.000000,5
1426367340275886,3321600.000000,0
1426367340276146,3321600.000000,1
1426367340276302,3321600.000000,2
1426367340276459,3321600.000000,3
1426367340276615,3321600.000000,4
1426367340276771,3321600.000000,5
1426367340417448,3532800.000000,0
1426367340417605,3532800.000000,1
1426367340417761,3532800.000000,2
1426367340417917,3532800.000000,3
1426367340418073,3532800.000000,4
1426367340418230,3532800.000000,5
1426367342141823,3321600.000000,0
1426367342142084,3321600.000000,1
1426367342142240,3321600.000000,2
1426367342142396,3321600.000000,3
1426367342142552,3321600.000000,4
1426367342142709,3321600.000000,5
1426367342187917,3532800.000000,0
1426367342188073,3532800.000000,1
1426367342188334,3532800.000000,2
1426367342188490,3532800.000000,3
1426367342188698,3532800.000000,4
1426367342188855,3532800.000000,5
1426367342754792,3321600.000000,0
1426367342754948,3321600.000000,1
1426367342755209,3321600.000000,2
1426367342755417,3321600.000000,3
1426367342755573,3321600.000000,4
1426367342755834,3321600.000000,5
1426367348590261,3532800.000000,0
1426367348590417,3532800.000000,1
1426367348590573,3532800.000000,2
1426367348590730,3532800.000000,3
1426367348590990,3532800.000000,4
1426367348591146,3532800.000000,5
1426367359058073,3321600.000000,0
1426367359058334,3321600.000000,1
1426367359058542,3321600.000000,2
1426367359058698,3321600.000000,3
1426367359058959,3321600.000000,4
1426367359059167,3321600.000000,5
1426367370967552,3532800.000000,0
1426367370967761,3532800.000000,1
1426367370967917,3532800.000000,2
1426367370968073,3532800.000000,3
1426367370968230,3532800.000000,4
1426367370968386,3532800.000000,5
1426367374754740,3072000.000000,0
1426367374754896,3072000.000000,1
1426367374755052,3072000.000000,2
1426367374755209,3072000.000000,3
1426367374755365,3072000.000000,4
1426367374755521,3072000.000000,5
1426367390745105,3321600.000000,0
1426367390745365,3321600.000000,1
1426367390745521,3321600.000000,2
1426367390745730,3321600.000000,3
1426367390745886,3321600.000000,4
1426367390746042,3321600.000000,5
1426367407120052,3532800.000000,0
1426367407120261,3532800.000000,1
1426367407120417,3532800.000000,2
1426367407120573,3532800.000000,3
1426367407120730,3532800.000000,4
1426367407120886,3532800.000000,5
1426367410763802,3321600.000000,0
1426367410764636,3321600.000000,1
1426367410764792,3321600.000000,2
1426367410764948,3321600.000000,3
1426367410765052,3321600.000000,4
1426367410765521,3321600.000000,5
1426367410920834,3532800.000000,0
1426367410920990,3532800.000000,1
1426367410921146,3532800.000000,2
1426367410921355,3532800.000000,3
1426367410921511,3532800.000000,4
1426367410921667,3532800.000000,5
1426367410936042,3321600.000000,0
1426367410936615,3321600.000000,1
1426367410937136,3321600.000000,2
1426367410937709,3321600.000000,3
1426367410938230,3321600.000000,4
1426367410938802,3321600.000000,5
1426367410952448,3532800.000000,0
1426367410953021,3532800.000000,1
1426367410953542,3532800.000000,2
1426367410953855,3532800.000000,3
1426367410954011,3532800.000000,4
1426367410954167,3532800.000000,5
1426367411022136,3321600.000000,0
1426367411022292,3321600.000000,1
1426367411022448,3321600.000000,2
1426367411022605,3321600.000000,3
1426367411022865,3321600.000000,4
1426367411023021,3321600.000000,5
1426367411501823,3532800.000000,0
1426367411501980,3532800.000000,1
1426367411502136,3532800.000000,2
1426367411502292,3532800.000000,3
1426367411502448,3532800.000000,4
1426367411502709,3532800.000000,5
1426367411549740,3321600.000000,0
1426367411549896,3321600.000000,1
1426367411550052,3321600.000000,2
1426367411550209,3321600.000000,3
1426367411550365,3321600.000000,4
1426367411550521,3321600.000000,5
1426367412058490,3532800.000000,0
1426367412058646,3532800.000000,1
1426367412058855,3532800.000000,2
1426367412059011,3532800.000000,3
1426367412059167,3532800.000000,4
1426367412059323,3532800.000000,5
1426367412082240,3321600.000000,0
1426367412082448,3321600.000000,1
1426367412082605,3321600.000000,2
1426367412082917,3321600.000000,3
1426367412083073,3321600.000000,4
1426367412083230,3321600.000000,5
1426367412921667,3532800.000000,0
1426367412921927,3532800.000000,1
1426367412922084,3532800.000000,2
1426367412922292,3532800.000000,3
1426367412922605,3532800.000000,4
1426367412922761,3532800.000000,5
1426367414995573,3321600.000000,0
1426367414995730,3321600.000000,1
1426367414995886,3321600.000000,2
1426367414996042,3321600.000000,3
1426367414996198,3321600.000000,4
1426367414996355,3321600.000000,5
1426367415186042,3532800.000000,0
1426367415186302,3532800.000000,1
1426367415186459,3532800.000000,2
1426367415186823,3532800.000000,3
1426367415186980,3532800.000000,4
1426367415187136,3532800.000000,5
1426367422733855,3321600.000000,0
1426367422734011,3321600.000000,1
1426367422734167,3321600.000000,2
1426367422734323,3321600.000000,3
1426367422734480,3321600.000000,4
1426367422734636,3321600.000000,5
1426367450936302,3532800.000000,0
1426367450936511,3532800.000000,1
1426367450936667,3532800.000000,2
1426367450936823,3532800.000000,3
1426367450936980,3532800.000000,4
1426367450937136,3532800.000000,5
1426367454756667,3321600.000000,0
1426367454756927,3321600.000000,1
1426367454757084,3321600.000000,2
1426367454757292,3321600.000000,3
1426367454757448,3321600.000000,4
1426367454757709,3321600.000000,5
1426367488931355,3532800.000000,0
1426367488931615,3532800.000000,1
1426367488931823,3532800.000000,2
1426367488932084,3532800.000000,3
1426367488932292,3532800.000000,4
1426367488932448,3532800.000000,5
1426367502749948,3321600.000000,0
1426367502750261,3321600.000000,1
1426367502750417,3321600.000000,2
1426367502750573,3321600.000000,3
1426367502750886,3321600.000000,4
1426367502751042,3321600.000000,5
1426367524987084,3532800.000000,0
1426367524987240,3532800.000000,1
1426367524987448,3532800.000000,2
1426367524987605,3532800.000000,3
1426367524987761,3532800.000000,4
1426367524987917,3532800.000000,5
1426367525103542,3321600.000000,0
1426367525103698,3321600.000000,1
1426367525103959,3321600.000000,2
1426367525104115,3321600.000000,3
1426367525104167,3321600.000000,4
1426367525104427,3321600.000000,5
1426367525107292,3532800.000000,0
1426367525107448,3532800.000000,1
1426367525107605,3532800.000000,2
1426367525107761,3532800.000000,3
1426367525107917,3532800.000000,4
1426367525108073,3532800.000000,5
1426367525114115,3321600.000000,0
1426367525114271,3321600.000000,1
1426367525114480,3321600.000000,2
1426367525114636,3321600.000000,3
1426367525114792,3321600.000000,4
1426367525114948,3321600.000000,5
1426367560481198,3532800.000000,0
1426367560481667,3532800.000000,1
1426367560481823,3532800.000000,2
1426367560481979,3532800.000000,3
1426367560482136,3532800.000000,4
1426367560482292,3532800.000000,5
1426367560556823,3321600.000000,0
1426367560556979,3321600.000000,1
1426367560557136,3321600.000000,2
1426367560557292,3321600.000000,3
1426367560557448,3321600.000000,4
1426367560557604,3321600.000000,5
1426367560613646,3532800.000000,0
1426367560613802,3532800.000000,1
1426367560614011,3532800.000000,2
1426367560614167,3532800.000000,3
1426367560614323,3532800.000000,4
1426367560614479,3532800.000000,5
1426367563932709,3321600.000000,0
1426367563932917,3321600.000000,1
1426367563933073,3321600.000000,2
1426367563933229,3321600.000000,3
1426367563933386,3321600.000000,4
1426367563933542,3321600.000000,5
1426367563986823,3532800.000000,0
1426367563986979,3532800.000000,1
1426367563987240,3532800.000000,2
1426367563987396,3532800.000000,3
1426367563987552,3532800.000000,4
1426367563987761,3532800.000000,5
1426367567307084,3321600.000000,0
1426367567307292,3321600.000000,1
1426367567307396,3321600.000000,2
1426367567307552,3321600.000000,3
1426367567307709,3321600.000000,4
1426367567307865,3321600.000000,5
1426367598852709,3532800.000000,0
1426367598853073,3532800.000000,1
1426367598853386,3532800.000000,2
1426367598853542,3532800.000000,3
1426367598853802,3532800.000000,4
1426367598854115,3532800.000000,5
1426367600501198,3321600.000000,0
1426367600501459,3321600.000000,1
1426367600501615,3321600.000000,2
1426367600501771,3321600.000000,3
1426367600501927,3321600.000000,4
1426367600502136,3321600.000000,5
1426367600890729,3532800.000000,0
1426367600891042,3532800.000000,1
1426367600891198,3532800.000000,2
1426367600891511,3532800.000000,3
1426367600891667,3532800.000000,4
1426367600891927,3532800.000000,5
1426367600962448,3321600.000000,0
1426367600962604,3321600.000000,1
1426367600962761,3321600.000000,2
1426367600962917,3321600.000000,3
1426367600963073,3321600.000000,4
1426367600963229,3321600.000000,5
1426367601018073,3532800.000000,0
1426367601018334,3532800.000000,1
1426367601018542,3532800.000000,2
1426367601018698,3532800.000000,3
1426367601018959,3532800.000000,4
1426367601019167,3532800.000000,5
1426367601151198,3321600.000000,0
1426367601151354,3321600.000000,1
1426367601151615,3321600.000000,2
1426367601151823,3321600.000000,3
1426367601151979,3321600.000000,4
1426367601152240,3321600.000000,5
1426367601155886,3532800.000000,0
1426367601156042,3532800.000000,1
1426367601156302,3532800.000000,2
1426367601156511,3532800.000000,3
1426367601156771,3532800.000000,4
1426367601156979,3532800.000000,5
1426367601703021,3321600.000000,0
1426367601703542,3321600.000000,1
1426367601704011,3321600.000000,2
1426367601704584,3321600.000000,3
1426367601704896,3321600.000000,4
1426367601705104,3321600.000000,5
1426367602806198,3532800.000000,0
1426367602806354,3532800.000000,1
1426367602806511,3532800.000000,2
1426367602806771,3532800.000000,3
1426367602806927,3532800.000000,4
1426367602807084,3532800.000000,5
1426367606184740,3321600.000000,0
1426367606184896,3321600.000000,1
1426367606185052,3321600.000000,2
1426367606185209,3321600.000000,3
1426367606185365,3321600.000000,4
1426367606185521,3321600.000000,5
1426367606257136,3532800.000000,0
1426367606257292,3532800.000000,1
1426367606257448,3532800.000000,2
1426367606257761,3532800.000000,3
1426367606257917,3532800.000000,4
1426367606258073,3532800.000000,5
1426367611569636,3321600.000000,0
1426367611569792,3321600.000000,1
1426367611569948,3321600.000000,2
1426367611570104,3321600.000000,3
1426367611570261,3321600.000000,4
1426367611570417,3321600.000000,5
1426367611675261,3532800.000000,0
1426367611675573,3532800.000000,1
1426367611675729,3532800.000000,2
1426367611675990,3532800.000000,3
1426367611676198,3532800.000000,4
1426367611676459,3532800.000000,5
1426367614988802,3321600.000000,0
1426367614988959,3321600.000000,1
1426367614989115,3321600.000000,2
1426367614989271,3321600.000000,3
1426367614989427,3321600.000000,4
1426367614989584,3321600.000000,5
1426367624883490,3532800.000000,0
1426367624883698,3532800.000000,1
1426367624883959,3532800.000000,2
1426367624884167,3532800.000000,3
1426367624884427,3532800.000000,4
1426367624884636,3532800.000000,5
1426367630702604,3321600.000000,0
1426367630702761,3321600.000000,1
1426367630703021,3321600.000000,2
1426367630703177,3321600.000000,3
1426367630703334,3321600.000000,4
1426367630703490,3321600.000000,5
1426367630741979,3532800.000000,0
1426367630742136,3532800.000000,1
1426367630742292,3532800.000000,2
1426367630742552,3532800.000000,3
1426367630742709,3532800.000000,4
1426367630742917,3532800.000000,5
1426367635216198,3321600.000000,0
1426367635216459,3321600.000000,1
1426367635216615,3321600.000000,2
1426367635216771,3321600.000000,3
1426367635216927,3321600.000000,4
1426367635217084,3321600.000000,5
1426367635447292,3532800.000000,0
1426367635447552,3532800.000000,1
1426367635447761,3532800.000000,2
1426367635447917,3532800.000000,3
1426367635448229,3532800.000000,4
1426367635448386,3532800.000000,5
1426367637931667,3321600.000000,0
1426367637931823,3321600.000000,1
1426367637932084,3321600.000000,2
1426367637932292,3321600.000000,3
1426367637932448,3321600.000000,4
1426367637932709,3321600.000000,5
1426367638713073,3532800.000000,0
1426367638713334,3532800.000000,1
1426367638713542,3532800.000000,2
1426367638713698,3532800.000000,3
1426367638713854,3532800.000000,4
1426367638714011,3532800.000000,5
1426367641083646,3321600.000000,0
1426367641083802,3321600.000000,1
1426367641083959,3321600.000000,2
1426367641084167,3321600.000000,3
1426367641084323,3321600.000000,4
1426367641084479,3321600.000000,5
1426367641125886,3532800.000000,0
1426367641126146,3532800.000000,1
1426367641126302,3532800.000000,2
1426367641126459,3532800.000000,3
1426367641126615,3532800.000000,4
1426367641126771,3532800.000000,5
1426367641223959,3321600.000000,0
1426367641224115,3321600.000000,1
1426367641225261,3321600.000000,2
1426367641225417,3321600.000000,3
1426367641225573,3321600.000000,4
1426367641225729,3321600.000000,5
1426367641228854,3532800.000000,0
1426367641229011,3532800.000000,1
1426367641229167,3532800.000000,2
1426367641229427,3532800.000000,3
1426367641229584,3532800.000000,4
1426367641229740,3532800.000000,5
1426367641235886,3321600.000000,0
1426367641236042,3321600.000000,1
1426367641236198,3321600.000000,2
1426367641236459,3321600.000000,3
1426367641236615,3321600.000000,4
1426367641236823,3321600.000000,5
1426367646127552,3532800.000000,0
1426367646127761,3532800.000000,1
1426367646128021,3532800.000000,2
1426367646128177,3532800.000000,3
1426367646128334,3532800.000000,4
1426367646128542,3532800.000000,5
1426367646584584,3321600.000000,0
1426367646584792,3321600.000000,1
1426367646584948,3321600.000000,2
1426367646585209,3321600.000000,3
1426367646586459,3321600.000000,4
1426367646586667,3321600.000000,5
1426367677004323,3532800.000000,0
1426367677004479,3532800.000000,1
1426367677004740,3532800.000000,2
1426367677004896,3532800.000000,3
1426367677005052,3532800.000000,4
1426367677005261,3532800.000000,5
1426367677057761,3321600.000000,0
1426367677058021,3321600.000000,1
1426367677058073,3321600.000000,2
1426367677058229,3321600.000000,3
1426367677058386,3321600.000000,4
1426367677058542,3321600.000000,5
1426367677334584,3532800.000000,0
1426367677334740,3532800.000000,1
1426367677334896,3532800.000000,2
1426367677335052,3532800.000000,3
1426367677335261,3532800.000000,4
1426367677335417,3532800.000000,5
1426367677390365,3321600.000000,0
1426367677390521,3321600.000000,1
1426367677390677,3321600.000000,2
1426367677390834,3321600.000000,3
1426367677390990,3321600.000000,4
1426367677391146,3321600.000000,5
1426367677396771,3532800.000000,0
1426367677396927,3532800.000000,1
1426367677397084,3532800.000000,2
1426367677397292,3532800.000000,3
1426367677397448,3532800.000000,4
1426367677397604,3532800.000000,5
1426367677497917,3321600.000000,0
1426367677498177,3321600.000000,1
1426367677498334,3321600.000000,2
1426367677498490,3321600.000000,3
1426367677498646,3321600.000000,4
1426367677498802,3321600.000000,5
1426367712922709,3532800.000000,0
1426367712922865,3532800.000000,1
1426367712923021,3532800.000000,2
1426367712923229,3532800.000000,3
1426367712923386,3532800.000000,4
1426367712923542,3532800.000000,5
1426367713203177,3321600.000000,0
1426367713203646,3321600.000000,1
1426367713203802,3321600.000000,2
1426367713203959,3321600.000000,3
1426367713204115,3321600.000000,4
1426367713204323,3321600.000000,5
1426367715387292,3532800.000000,0
1426367715387552,3532800.000000,1
1426367715387709,3532800.000000,2
1426367715387917,3532800.000000,3
1426367715388073,3532800.000000,4
1426367715388229,3532800.000000,5
1426367727034323,3321600.000000,0
1426367727034584,3321600.000000,1
1426367727034792,3321600.000000,2
1426367727034948,3321600.000000,3
1426367727035209,3321600.000000,4
1426367727035417,3321600.000000,5
1426367752378802,3532800.000000,0
1426367752378959,3532800.000000,1
1426367752379115,3532800.000000,2
1426367752379271,3532800.000000,3
1426367752379479,3532800.000000,4
1426367752379636,3532800.000000,5
1426367752450417,3321600.000000,0
1426367752450573,3321600.000000,1
1426367752450729,3321600.000000,2
1426367752450886,3321600.000000,3
1426367752451042,3321600.000000,4
1426367752451198,3321600.000000,5
1426367752456615,3532800.000000,0
1426367752456771,3532800.000000,1
1426367752456927,3532800.000000,2
1426367752457136,3532800.000000,3
1426367752457292,3532800.000000,4
1426367752457448,3532800.000000,5
1426367752466667,3321600.000000,0
1426367752466823,3321600.000000,1
1426367752466979,3321600.000000,2
1426367752467240,3321600.000000,3
1426367752467396,3321600.000000,4
1426367752467552,3321600.000000,5
1426367753199011,3532800.000000,0
1426367753199167,3532800.000000,1
1426367753199323,3532800.000000,2
1426367753199479,3532800.000000,3
1426367753199740,3532800.000000,4
1426367753199896,3532800.000000,5
1426367775487709,3321600.000000,0
1426367775487865,3321600.000000,1
1426367775488021,3321600.000000,2
1426367775488229,3321600.000000,3
1426367775488386,3321600.000000,4
1426367775489584,3321600.000000,5
1426367790644792,3532800.000000,0
1426367790644948,3532800.000000,1
1426367790645261,3532800.000000,2
1426367790645417,3532800.000000,3
1426367790645677,3532800.000000,4
1426367790645886,3532800.000000,5
1426367790960990,3321600.000000,0
1426367790961198,3321600.000000,1
1426367790961354,3321600.000000,2
1426367790961511,3321600.000000,3
1426367790961667,3321600.000000,4
1426367790961823,3321600.000000,5
1426367790987865,3532800.000000,0
1426367790988021,3532800.000000,1
1426367790988229,3532800.000000,2
1426367790988386,3532800.000000,3
1426367790988542,3532800.000000,4
1426367790988698,3532800.000000,5
1426367791064323,3321600.000000,0
1426367791064584,3321600.000000,1
1426367791064740,3321600.000000,2
1426367791064896,3321600.000000,3
1426367791065052,3321600.000000,4
1426367791065209,3321600.000000,5
1426367791067136,3532800.000000,0
1426367791067292,3532800.000000,1
1426367791067552,3532800.000000,2
1426367791067709,3532800.000000,3
1426367791067865,3532800.000000,4
1426367791068021,3532800.000000,5
1426367799310104,3321600.000000,0
1426367799310261,3321600.000000,1
1426367799310417,3321600.000000,2
1426367799310573,3321600.000000,3
1426367799310729,3321600.000000,4
1426367799310886,3321600.000000,5
1426367829975886,3532800.000000,0
1426367829976042,3532800.000000,1
1426367829976302,3532800.000000,2
1426367829976459,3532800.000000,3
1426367829976615,3532800.000000,4
1426367829976771,3532800.000000,5
1426367838790365,3321600.000000,0
1426367838790677,3321600.000000,1
1426367838790834,3321600.000000,2
1426367838790990,3321600.000000,3
1426367838791146,3321600.000000,4
1426367838791302,3321600.000000,5
1426367867253386,3532800.000000,0
1426367867253542,3532800.000000,1
1426367867253802,3532800.000000,2
1426367867253959,3532800.000000,3
1426367867254115,3532800.000000,4
1426367867254271,3532800.000000,5
1426367867370104,3321600.000000,0
1426367867370365,3321600.000000,1
1426367867370521,3321600.000000,2
1426367867370677,3321600.000000,3
1426367867370834,3321600.000000,4
1426367867370990,3321600.000000,5
1426367867373802,3532800.000000,0
1426367867375417,3532800.000000,1
1426367867375573,3532800.000000,2
1426367867375729,3532800.000000,3
1426367867375886,3532800.000000,4
1426367867376146,3532800.000000,5
1426367867381615,3321600.000000,0
1426367867381771,3321600.000000,1
1426367867381927,3321600.000000,2
1426367867382136,3321600.000000,3
1426367867382292,3321600.000000,4
1426367867382448,3321600.000000,5
1426367904350573,3532800.000000,0
1426367904350834,3532800.000000,1
1426367904350990,3532800.000000,2
1426367904351146,3532800.000000,3
1426367904351302,3532800.000000,4
1426367904351511,3532800.000000,5
1426367904444115,3321600.000000,0
1426367904444271,3321600.000000,1
1426367904444427,3321600.000000,2
1426367904444584,3321600.000000,3
1426367904444792,3321600.000000,4
1426367904444948,3321600.000000,5
1426367904451771,3532800.000000,0
1426367904451927,3532800.000000,1
1426367904452084,3532800.000000,2
1426367904452240,3532800.000000,3
1426367904452448,3532800.000000,4
1426367904452604,3532800.000000,5
1426367904466198,3321600.000000,0
1426367904466354,3321600.000000,1
1426367904466511,3321600.000000,2
1426367904466667,3321600.000000,3
1426367904466823,3321600.000000,4
1426367904466979,3321600.000000,5
1426367904645521,3532800.000000,0
1426367904645729,3532800.000000,1
1426367904645990,3532800.000000,2
1426367904646198,3532800.000000,3
1426367904646354,3532800.000000,4
1426367904646615,3532800.000000,5
1426367919212448,3321600.000000,0
1426367919212604,3321600.000000,1
1426367919212761,3321600.000000,2
1426367919212917,3321600.000000,3
1426367919213073,3321600.000000,4
1426367919213229,3321600.000000,5
1426367938979427,3532800.000000,0
1426367938979584,3532800.000000,1
1426367938979740,3532800.000000,2
1426367938979948,3532800.000000,3
1426367938980104,3532800.000000,4
1426367938980261,3532800.000000,5
1426367939002917,3321600.000000,0
1426367939003073,3321600.000000,1
1426367939003229,3321600.000000,2
1426367939003386,3321600.000000,3
1426367939003646,3321600.000000,4
1426367939003802,3321600.000000,5
1426367942565365,3532800.000000,0
1426367942565677,3532800.000000,1
1426367942565834,3532800.000000,2
1426367942565990,3532800.000000,3
1426367942566198,3532800.000000,4
1426367942566354,3532800.000000,5
1426367942663698,3321600.000000,0
1426367942663854,3321600.000000,1
1426367942664011,3321600.000000,2
1426367942664167,3321600.000000,3
1426367942664323,3321600.000000,4
1426367942664479,3321600.000000,5
1426367942729948,1555200.000000,0
1426367942730104,1555200.000000,1
1426367942730365,1555200.000000,2
1426367942730521,1555200.000000,3
1426367942730729,1555200.000000,4
1426367942730886,1555200.000000,5
1426367942739479,3321600.000000,0
1426367942739896,3321600.000000,1
1426367942740261,3321600.000000,2
1426367942740573,3321600.000000,3
1426367942740990,3321600.000000,4
1426367942741354,3321600.000000,5
1426367942780261,3532800.000000,0
1426367942780729,3532800.000000,1
1426367942781042,3532800.000000,2
1426367942781354,3532800.000000,3
1426367942781771,3532800.000000,4
1426367942782136,3532800.000000,5
1426367942870521,3321600.000000,0
1426367942870886,3321600.000000,1
1426367942871354,3321600.000000,2
1426367942871667,3321600.000000,3
1426367942872084,3321600.000000,4
1426367942872448,3321600.000000,5
1426367943056979,3532800.000000,0
1426367943057136,3532800.000000,1
1426367943057292,3532800.000000,2
1426367943057552,3532800.000000,3
1426367943057709,3532800.000000,4
1426367943057865,3532800.000000,5
1426367950994323,3321600.000000,0
1426367950994479,3321600.000000,1
1426367950994740,3321600.000000,2
1426367950994896,3321600.000000,3
1426367950995104,3321600.000000,4
1426367950995261,3321600.000000,5
1426367978733334,3532800.000000,0
1426367978733542,3532800.000000,1
1426367978733698,3532800.000000,2
1426367978733854,3532800.000000,3
1426367978734011,3532800.000000,4
1426367978734167,3532800.000000,5
1426367978863854,3321600.000000,0
1426367978864011,3321600.000000,1
1426367978864167,3321600.000000,2
1426367978864427,3321600.000000,3
1426367978864584,3321600.000000,4
1426367978864636,3321600.000000,5
1426367978867292,3532800.000000,0
1426367978867448,3532800.000000,1
1426367978867604,3532800.000000,2
1426367978867761,3532800.000000,3
1426367978867917,3532800.000000,4
1426367978868073,3532800.000000,5
1426367978874323,3321600.000000,0
1426367978874584,3321600.000000,1
1426367978874740,3321600.000000,2
1426367978874948,3321600.000000,3
1426367978875104,3321600.000000,4
1426367978875261,3321600.000000,5
1426367998801198,3532800.000000,0
1426367998801511,3532800.000000,1
1426367998801771,3532800.000000,2
1426367998801927,3532800.000000,3
1426367998802083,3532800.000000,4
1426367998802292,3532800.000000,5
1426368004199167,3321600.000000,0
1426368004199323,3321600.000000,1
1426368004199479,3321600.000000,2
1426368004199636,3321600.000000,3
1426368004199792,3321600.000000,4
1426368004199948,3321600.000000,5
1426368004540261,3532800.000000,0
1426368004540417,3532800.000000,1
1426368004540573,3532800.000000,2
1426368004540729,3532800.000000,3
1426368004540990,3532800.000000,4
1426368004541146,3532800.000000,5
1426368008395521,3321600.000000,0
1426368008395729,3321600.000000,1
1426368008395886,3321600.000000,2
1426368008396042,3321600.000000,3
1426368008396198,3321600.000000,4
1426368008396354,3321600.000000,5
1426368008811979,3532800.000000,0
1426368008812136,3532800.000000,1
1426368008812292,3532800.000000,2
1426368008812448,3532800.000000,3
1426368008812604,3532800.000000,4
1426368008812761,3532800.000000,5
1426368014734271,3321600.000000,0
1426368014734479,3321600.000000,1
1426368014734636,3321600.000000,2
1426368014734792,3321600.000000,3
1426368014734948,3321600.000000,4
1426368014735104,3321600.000000,5
1426368016619583,3532800.000000,0
1426368016619792,3532800.000000,1
1426368016619948,3532800.000000,2
1426368016620104,3532800.000000,3
1426368016620261,3532800.000000,4
1426368016620417,3532800.000000,5
1426368016690052,3321600.000000,0
1426368016690208,3321600.000000,1
1426368016690365,3321600.000000,2
1426368016690521,3321600.000000,3
1426368016690729,3321600.000000,4
1426368016690886,3321600.000000,5
1426368016693229,3532800.000000,0
1426368016693386,3532800.000000,1
1426368016693542,3532800.000000,2
1426368016693698,3532800.000000,3
1426368016693854,3532800.000000,4
1426368016694011,3532800.000000,5
1426368016770261,1555200.000000,0
1426368016770521,1555200.000000,1
1426368016770677,1555200.000000,2
1426368016770833,1555200.000000,3
1426368016770990,1555200.000000,4
1426368016771198,1555200.000000,5
1426368016780521,2745600.000000,0
1426368016780886,2745600.000000,1
1426368016781198,2745600.000000,2
1426368016781615,2745600.000000,3
1426368016781979,2745600.000000,4
1426368016782292,2745600.000000,5
1426368016829479,3321600.000000,0
1426368016829896,3321600.000000,1
1426368016830208,3321600.000000,2
1426368016830573,3321600.000000,3
1426368016830886,3321600.000000,4
1426368016831302,3321600.000000,5
1426368016890573,3532800.000000,0
1426368016891042,3532800.000000,1
1426368016891354,3532800.000000,2
1426368016891667,3532800.000000,3
1426368016892083,3532800.000000,4
1426368016892448,3532800.000000,5
1426368017050677,3321600.000000,0
1426368017050833,3321600.000000,1
1426368017050990,3321600.000000,2
1426368017051146,3321600.000000,3
1426368017051302,3321600.000000,4
1426368017051511,3321600.000000,5
1426368019715208,3532800.000000,0
1426368019715365,3532800.000000,1
1426368019715573,3532800.000000,2
1426368019715729,3532800.000000,3
1426368019715886,3532800.000000,4
1426368019716042,3532800.000000,5
1426368019824479,3321600.000000,0
1426368019824636,3321600.000000,1
1426368019824792,3321600.000000,2
1426368019824948,3321600.000000,3
1426368019825104,3321600.000000,4
1426368019825261,3321600.000000,5
1426368020097761,3532800.000000,0
1426368020097917,3532800.000000,1
1426368020098073,3532800.000000,2
1426368020098229,3532800.000000,3
1426368020098386,3532800.000000,4
1426368020098646,3532800.000000,5
1426368029229479,3321600.000000,0
1426368029229636,3321600.000000,1
1426368029229948,3321600.000000,2
1426368029230208,3321600.000000,3
1426368029230417,3321600.000000,4
1426368029230573,3321600.000000,5
1426368029271146,3532800.000000,0
1426368029271302,3532800.000000,1
1426368029271458,3532800.000000,2
1426368029271667,3532800.000000,3
1426368029271823,3532800.000000,4
1426368029271979,3532800.000000,5
1426368030894636,3321600.000000,0
1426368030894948,3321600.000000,1
1426368030895104,3321600.000000,2
1426368030896354,3321600.000000,3
1426368030896511,3321600.000000,4
1426368030896667,3321600.000000,5
1426368052553698,3532800.000000,0
1426368052553854,3532800.000000,1
1426368052554011,3532800.000000,2
1426368052554167,3532800.000000,3
1426368052554323,3532800.000000,4
1426368052554583,3532800.000000,5
1426368052742604,3321600.000000,0
1426368052742865,3321600.000000,1
1426368052743021,3321600.000000,2
1426368052743177,3321600.000000,3
1426368052743333,3321600.000000,4
1426368052743490,3321600.000000,5
1426368052747448,3532800.000000,0
1426368052747604,3532800.000000,1
1426368052747865,3532800.000000,2
1426368052748021,3532800.000000,3
1426368052748177,3532800.000000,4
1426368052748333,3532800.000000,5
1426368052756198,3321600.000000,0
1426368052756354,3321600.000000,1
1426368052756615,3321600.000000,2
1426368052756771,3321600.000000,3
1426368052756927,3321600.000000,4
1426368052757136,3321600.000000,5
1426368052882292,3532800.000000,0
1426368052882448,3532800.000000,1
1426368052882604,3532800.000000,2
1426368052882761,3532800.000000,3
1426368052882917,3532800.000000,4
1426368052883073,3532800.000000,5
1426368052978854,3321600.000000,0
1426368052979011,3321600.000000,1
1426368052979167,3321600.000000,2
1426368052979323,3321600.000000,3
1426368052979479,3321600.000000,4
1426368052979636,3321600.000000,5
1426368053093490,3532800.000000,0
1426368053093698,3532800.000000,1
1426368053093854,3532800.000000,2
1426368053094011,3532800.000000,3
1426368053094167,3532800.000000,4
1426368053094323,3532800.000000,5
1426368062757761,3321600.000000,0
1426368062758021,3321600.000000,1
1426368062758177,3321600.000000,2
1426368062758386,3321600.000000,3
1426368062758542,3321600.000000,4
1426368062758698,3321600.000000,5
1426368089219115,3532800.000000,0
1426368089219323,3532800.000000,1
1426368089219479,3532800.000000,2
1426368089219636,3532800.000000,3
1426368089219792,3532800.000000,4
1426368089219948,3532800.000000,5
1426368106976354,3321600.000000,0
1426368106976615,3321600.000000,1
1426368106976771,3321600.000000,2
1426368106976823,3321600.000000,3
1426368106977083,3321600.000000,4
1426368106977240,3321600.000000,5
1426368107234115,3532800.000000,0
1426368107234323,3532800.000000,1
1426368107234479,3532800.000000,2
1426368107234636,3532800.000000,3
1426368107234792,3532800.000000,4
1426368107234948,3532800.000000,5
1426368108265573,3321600.000000,0
1426368108265729,3321600.000000,1
1426368108265886,3321600.000000,2
1426368108266042,3321600.000000,3
1426368108266198,3321600.000000,4
1426368108266354,3321600.000000,5
1426368108685417,3532800.000000,0
1426368108685573,3532800.000000,1
1426368108685729,3532800.000000,2
1426368108685886,3532800.000000,3
1426368108686146,3532800.000000,4
1426368108686302,3532800.000000,5
1426368108730417,3321600.000000,0
1426368108730573,3321600.000000,1
1426368108730729,3321600.000000,2
1426368108730886,3321600.000000,3
1426368108731042,3321600.000000,4
1426368108731198,3321600.000000,5
1426368108737448,3532800.000000,0
1426368108737604,3532800.000000,1
1426368108737761,3532800.000000,2
1426368108737917,3532800.000000,3
1426368108738073,3532800.000000,4
1426368108738229,3532800.000000,5
1426368108746198,3321600.000000,0
1426368108746458,3321600.000000,1
1426368108746615,3321600.000000,2
1426368108746771,3321600.000000,3
1426368108746979,3321600.000000,4
1426368108747136,3321600.000000,5
1426368108831667,3532800.000000,0
1426368108831823,3532800.000000,1
1426368108831979,3532800.000000,2
1426368108832136,3532800.000000,3
1426368108832292,3532800.000000,4
1426368108832448,3532800.000000,5
1426368110764011,3321600.000000,0
1426368110764167,3321600.000000,1
1426368110764323,3321600.000000,2
1426368110764479,3321600.000000,3
1426368110764636,3321600.000000,4
1426368110764792,3321600.000000,5
1426368128969011,3532800.000000,0
1426368128969323,3532800.000000,1
1426368128969479,3532800.000000,2
1426368128969740,3532800.000000,3
1426368128969948,3532800.000000,4
1426368128970208,3532800.000000,5
1426368129135729,3321600.000000,0
1426368129135886,3321600.000000,1
1426368129136146,3321600.000000,2
1426368129136302,3321600.000000,3
1426368129136458,3321600.000000,4
1426368129136615,3321600.000000,5
1426368129426042,3532800.000000,0
1426368129426198,3532800.000000,1
1426368129426458,3532800.000000,2
1426368129426615,3532800.000000,3
1426368129426823,3532800.000000,4
1426368129426979,3532800.000000,5
1426368132188177,3321600.000000,0
1426368132188386,3321600.000000,1
1426368132188542,3321600.000000,2
1426368132188698,3321600.000000,3
1426368132188958,3321600.000000,4
1426368132189167,3321600.000000,5
1426368132340833,3532800.000000,0
1426368132341198,3532800.000000,1
1426368132341354,3532800.000000,2
1426368132341511,3532800.000000,3
1426368132341771,3532800.000000,4
1426368132341927,3532800.000000,5
1426368133687083,3321600.000000,0
1426368133687292,3321600.000000,1
1426368133687448,3321600.000000,2
1426368133687604,3321600.000000,3
1426368133687761,3321600.000000,4
1426368133687917,3321600.000000,5
1426368134691354,3532800.000000,0
1426368134691511,3532800.000000,1
1426368134691771,3532800.000000,2
1426368134691979,3532800.000000,3
1426368134692136,3532800.000000,4
1426368134692396,3532800.000000,5
1426368141201198,3321600.000000,0
1426368141201458,3321600.000000,1
1426368141201615,3321600.000000,2
1426368141201771,3321600.000000,3
1426368141201927,3321600.000000,4
1426368141202083,3321600.000000,5
1426368141355052,3532800.000000,0
1426368141355208,3532800.000000,1
1426368141355365,3532800.000000,2
1426368141355573,3532800.000000,3
1426368141355729,3532800.000000,4
1426368141355886,3532800.000000,5
1426368141832083,3321600.000000,0
1426368141832240,3321600.000000,1
1426368141832396,3321600.000000,2
1426368141832552,3321600.000000,3
1426368141832708,3321600.000000,4
1426368141832865,3321600.000000,5
1426368141860104,3532800.000000,0
1426368141860365,3532800.000000,1
1426368141860573,3532800.000000,2
1426368141860833,3532800.000000,3
1426368141861042,3532800.000000,4
1426368141861198,3532800.000000,5
1426368143043958,3321600.000000,0
1426368143044167,3321600.000000,1
1426368143044323,3321600.000000,2
1426368143044479,3321600.000000,3
1426368143044636,3321600.000000,4
1426368143044792,3321600.000000,5
1426368166524636,3532800.000000,0
1426368166524792,3532800.000000,1
1426368166524948,3532800.000000,2
1426368166525104,3532800.000000,3
1426368166525261,3532800.000000,4
1426368166525417,3532800.000000,5
1426368166660729,3321600.000000,0
1426368166660886,3321600.000000,1
1426368166661042,3321600.000000,2
1426368166661198,3321600.000000,3
1426368166661354,3321600.000000,4
1426368166661511,3321600.000000,5
1426368166665729,3532800.000000,0
1426368166665886,3532800.000000,1
1426368166666042,3532800.000000,2
1426368166666198,3532800.000000,3
1426368166666354,3532800.000000,4
1426368166666511,3532800.000000,5
1426368166672240,3321600.000000,0
1426368166672396,3321600.000000,1
1426368166672604,3321600.000000,2
1426368166672761,3321600.000000,3
1426368166672917,3321600.000000,4
1426368166673073,3321600.000000,5
1426368204443073,3532800.000000,0
1426368204443542,3532800.000000,1
1426368204443698,3532800.000000,2
1426368204443854,3532800.000000,3
1426368204444011,3532800.000000,4
1426368204444323,3532800.000000,5
1426368204505573,3321600.000000,0
1426368204505729,3321600.000000,1
1426368204505886,3321600.000000,2
1426368204506042,3321600.000000,3
1426368204506198,3321600.000000,4
1426368204506458,3321600.000000,5
1426368204512604,3532800.000000,0
1426368204512761,3532800.000000,1
1426368204513021,3532800.000000,2
1426368204513177,3532800.000000,3
1426368204513333,3532800.000000,4
1426368204513490,3532800.000000,5
1426368204540833,3321600.000000,0
1426368204541042,3321600.000000,1
1426368204541198,3321600.000000,2
1426368204541354,3321600.000000,3
1426368204541511,3321600.000000,4
1426368204541667,3321600.000000,5
1426368204582917,3532800.000000,0
1426368204583073,3532800.000000,1
1426368204583229,3532800.000000,2
1426368204583386,3532800.000000,3
1426368204583542,3532800.000000,4
1426368204583698,3532800.000000,5
1426368204658386,3321600.000000,0
1426368204658542,3321600.000000,1
1426368204658698,3321600.000000,2
1426368204658854,3321600.000000,3
1426368204659011,3321600.000000,4
1426368204659167,3321600.000000,5
1426368242698229,3532800.000000,0
1426368242698385,3532800.000000,1
1426368242698542,3532800.000000,2
1426368242698698,3532800.000000,3
1426368242699792,3532800.000000,4
1426368242699948,3532800.000000,5
1426368242758177,3321600.000000,0
1426368242758385,3321600.000000,1
1426368242758542,3321600.000000,2
1426368242758646,3321600.000000,3
1426368242758802,3321600.000000,4
1426368242759010,3321600.000000,5
1426368278711823,3532800.000000,0
1426368278711979,3532800.000000,1
1426368278712240,3532800.000000,2
1426368278712396,3532800.000000,3
1426368278712552,3532800.000000,4
1426368278712708,3532800.000000,5
1426368278765521,3321600.000000,0
1426368278765729,3321600.000000,1
1426368278765885,3321600.000000,2
1426368278765990,3321600.000000,3
1426368278766198,3321600.000000,4
1426368278766354,3321600.000000,5
1426368278770677,3532800.000000,0
1426368278770885,3532800.000000,1
1426368278771042,3532800.000000,2
1426368278771198,3532800.000000,3
1426368278771354,3532800.000000,4
1426368278771510,3532800.000000,5
1426368278781510,3321600.000000,0
1426368278781823,3321600.000000,1
1426368278781979,3321600.000000,2
1426368278782240,3321600.000000,3
1426368278782448,3321600.000000,4
1426368278782708,3321600.000000,5
1426368278836771,3532800.000000,0
1426368278836927,3532800.000000,1
1426368278837083,3532800.000000,2
1426368278837240,3532800.000000,3
1426368278837396,3532800.000000,4
1426368278837552,3532800.000000,5
1426368297618854,3321600.000000,0
1426368297619010,3321600.000000,1
1426368297619167,3321600.000000,2
1426368297619323,3321600.000000,3
1426368297619479,3321600.000000,4
1426368297619740,3321600.000000,5
1426368298486198,3532800.000000,0
1426368298486354,3532800.000000,1
1426368298486510,3532800.000000,2
1426368298486667,3532800.000000,3
1426368298486823,3532800.000000,4
1426368298487083,3532800.000000,5
1426368302769167,3321600.000000,0
1426368302769427,3321600.000000,1
1426368302769479,3321600.000000,2
1426368302769635,3321600.000000,3
1426368302771042,3321600.000000,4
1426368302771302,3321600.000000,5
1426368313678177,3532800.000000,0
1426368313678333,3532800.000000,1
1426368313678490,3532800.000000,2
1426368313678698,3532800.000000,3
1426368313678854,3532800.000000,4
1426368313679010,3532800.000000,5
1426368313713229,3321600.000000,0
1426368313713385,3321600.000000,1
1426368313713542,3321600.000000,2
1426368313713698,3321600.000000,3
1426368313713854,3321600.000000,4
1426368313714010,3321600.000000,5
1426368314030260,3532800.000000,0
1426368314030521,3532800.000000,1
1426368314030677,3532800.000000,2
1426368314030885,3532800.000000,3
1426368314031042,3532800.000000,4
1426368314031198,3532800.000000,5
1426368314325885,3321600.000000,0
1426368314326146,3321600.000000,1
1426368314326302,3321600.000000,2
1426368314326458,3321600.000000,3
1426368314326615,3321600.000000,4
1426368314326771,3321600.000000,5
1426368314330521,3532800.000000,0
1426368314330729,3532800.000000,1
1426368314330885,3532800.000000,2
1426368314331042,3532800.000000,3
1426368314331302,3532800.000000,4
1426368314331458,3532800.000000,5
1426368314337760,3321600.000000,0
1426368314337917,3321600.000000,1
1426368314338177,3321600.000000,2
1426368314338385,3321600.000000,3
1426368314338542,3321600.000000,4
1426368314338698,3321600.000000,5
1426368349748542,3532800.000000,0
1426368349748802,3532800.000000,1
1426368349748958,3532800.000000,2
1426368349749167,3532800.000000,3
1426368349749323,3532800.000000,4
1426368349749479,3532800.000000,5
1426368351001302,3321600.000000,0
1426368351001510,3321600.000000,1
1426368351001667,3321600.000000,2
1426368351001927,3321600.000000,3
1426368351002135,3321600.000000,4
1426368351002292,3321600.000000,5
1426368377056510,1017600.000000,6
1426368377056667,1017600.000000,7
1426368378805677,3532800.000000,0
1426368378805833,3532800.000000,1
1426368378806042,3532800.000000,2
1426368378806198,3532800.000000,3
1426368378806354,3532800.000000,4
1426368378806510,3532800.000000,5
1426368387119167,3840000.000000,6
1426368387119323,3840000.000000,7
1426368391278594,4281600.000000,6
1426368391278750,4281600.000000,7
1426368428834844,4473600.000000,6
1426368428835000,4473600.000000,7
1426368446925990,3840000.000000,6
1426368446926198,3840000.000000,7
1426368483042187,4473600.000000,6
1426368483042344,4473600.000000,7
1426368483552344,4281600.000000,6
1426368483552500,4281600.000000,7
1426368483689010,4473600.000000,6
1426368483689167,4473600.000000,7
1426368484367656,3840000.000000,6
1426368484367812,3840000.000000,7
1426368484391302,4281600.000000,6
1426368484391510,4281600.000000,7
1426368485473333,4473600.000000,6
1426368485473542,4473600.000000,7
1426368486499583,3840000.000000,6
1426368486499792,3840000.000000,7
1426368487156979,4281600.000000,6
1426368487157240,4281600.000000,7
1426368487698125,4473600.000000,6
1426368487698281,4473600.000000,7
1426368488388542,4281600.000000,6
1426368488388698,4281600.000000,7
1426368488601458,4473600.000000,6
1426368488601667,4473600.000000,7
1426368489184427,4281600.000000,6
1426368489184635,4281600.000000,7
1426368489323333,4473600.000000,6
1426368489323542,4473600.000000,7
1426368489356979,4281600.000000,6
1426368489357240,4281600.000000,7
1426368489400677,3840000.000000,6
1426368489400885,3840000.000000,7
1426368489424583,4281600.000000,6
1426368489424740,4281600.000000,7
1426368489431302,4473600.000000,6
1426368489431458,4473600.000000,7
1426368489583802,4281600.000000,6
1426368489584010,4281600.000000,7
1426368489818542,4473600.000000,6
1426368489818698,4473600.000000,7
1426368490165990,4281600.000000,6
1426368490166146,4281600.000000,7
1426368490470000,4473600.000000,6
1426368490470156,4473600.000000,7
1426368490557604,4281600.000000,6
1426368490557760,4281600.000000,7
1426368490879323,3840000.000000,6
1426368490879479,3840000.000000,7
1426368491120417,4281600.000000,6
1426368491120677,4281600.000000,7
1426368491155000,3840000.000000,6
1426368491155156,3840000.000000,7
1426368491204687,4281600.000000,6
1426368491204844,4281600.000000,7
1426368491274844,4473600.000000,6
1426368491274948,4473600.000000,7
1426368491302344,3840000.000000,6
1426368491302500,3840000.000000,7
1426368491409844,4281600.000000,6
1426368491410000,4281600.000000,7
1426368491818229,3840000.000000,6
1426368491818385,3840000.000000,7
1426368491825417,4281600.000000,6
1426368491825469,4281600.000000,7
1426368491865625,4473600.000000,6
1426368491865781,4473600.000000,7
1426368491941198,4281600.000000,6
1426368491941354,4281600.000000,7
1426368491965469,4473600.000000,6
1426368491965625,4473600.000000,7
1426368492018437,4281600.000000,6
1426368492018594,4281600.000000,7
1426368492322604,4473600.000000,6
1426368492322760,4473600.000000,7
1426368492378542,4281600.000000,6
1426368492378698,4281600.000000,7
1426368492637552,3840000.000000,6
1426368492637708,3840000.000000,7
1426368492647917,4281600.000000,6
1426368492648073,4281600.000000,7
1426368493113594,4473600.000000,6
1426368493113750,4473600.000000,7
1426368493196875,4281600.000000,6
1426368493196979,4281600.000000,7
1426368493213177,4473600.000000,6
1426368493213333,4473600.000000,7
1426368493302031,4281600.000000,6
1426368493302135,4281600.000000,7
1426368493832500,4473600.000000,6
1426368493832604,4473600.000000,7
1426368493850312,4281600.000000,6
1426368493850469,4281600.000000,7
1426368494249010,4473600.000000,6
1426368494249167,4473600.000000,7
1426368494612760,3840000.000000,6
1426368494612917,3840000.000000,7
1426368494620885,4281600.000000,6
1426368494621042,4281600.000000,7
1426368494725156,4473600.000000,6
1426368494725312,4473600.000000,7
1426368506150521,4281600.000000,6
1426368506150729,4281600.000000,7
1426368506155573,4473600.000000,6
1426368506155885,4473600.000000,7
1426368542770417,3840000.000000,6
1426368542770573,3840000.000000,7
1426368680838385,4281600.000000,6
1426368680838437,4281600.000000,7
1426368681668385,3840000.000000,6
1426368681668542,3840000.000000,7
1426368681670469,4281600.000000,6
1426368681670625,4281600.000000,7
1426368700817969,4473600.000000,6
1426368700818229,4473600.000000,7
1426368750809010,4281600.000000,6
1426368750809271,4281600.000000,7
1426368769650104,3840000.000000,6
1426368769650364,3840000.000000,7
1426369086729010,4281600.000000,6
1426369086729166,4281600.000000,7
1426369102761823,3840000.000000,6
1426369102761979,3840000.000000,7
1426369172882812,4473600.000000,6
1426369172882968,4473600.000000,7
1426369262804635,3840000.000000,6
1426369262805052,3840000.000000,7
1426369346332656,4281600.000000,6
1426369346332812,4281600.000000,7
1426369346434062,3840000.000000,6
1426369346434218,3840000.000000,7
1426369346503593,4281600.000000,6
1426369346503750,4281600.000000,7
1426369348865104,4473600.000000,6
1426369348865260,4473600.000000,7
1426369349041979,4281600.000000,6
1426369349042135,4281600.000000,7
1426369351742187,4473600.000000,6
1426369351742343,4473600.000000,7
1426369351754218,4281600.000000,6
1426369351754375,4281600.000000,7
1426369351936666,4473600.000000,6
1426369351936718,4473600.000000,7
1426369352390468,4281600.000000,6
1426369352390625,4281600.000000,7
1426369353953750,3840000.000000,6
1426369353953906,3840000.000000,7
1426369355286041,4281600.000000,6
1426369355286250,4281600.000000,7
1426369355364375,3840000.000000,6
1426369355364531,3840000.000000,7
1426369357598437,4281600.000000,6
1426369357598593,4281600.000000,7
1426369358169948,3840000.000000,6
1426369358170104,3840000.000000,7
1426369358681250,4281600.000000,6
1426369358681406,4281600.000000,7
1426369358733541,4473600.000000,6
1426369358733698,4473600.000000,7
1426369423097083,1958400.000000,6
1426369423097239,1958400.000000,7
1426369423106041,3072000.000000,0
1426369423106198,3072000.000000,1
1426369423106354,3072000.000000,2
1426369423106510,3072000.000000,3
1426369423106666,3072000.000000,4
1426369423106823,3072000.000000,5
1426369423226510,2438400.000000,6
1426369423226770,2438400.000000,7
1426369423476562,2649600.000000,6
1426369423476875,2649600.000000,7
1426369424818385,2745600.000000,0
1426369424818802,2745600.000000,1
1426369424819010,2745600.000000,2
1426369424819166,2745600.000000,3
1426369424819323,2745600.000000,4
1426369424819479,2745600.000000,5
1426369425573906,2246400.000000,6
1426369425574166,2246400.000000,7
1426369425755625,2438400.000000,6
1426369425755937,2438400.000000,7
1426369428538698,1958400.000000,6
1426369428538906,1958400.000000,7
1426369428816302,3072000.000000,0
1426369428816614,3072000.000000,1
1426369428816823,3072000.000000,2
1426369428816979,3072000.000000,3
1426369428817239,3072000.000000,4
1426369428817448,3072000.000000,5
1426369429464010,2438400.000000,6
1426369429464270,2438400.000000,7
1426369429499375,1958400.000000,6
1426369429499635,1958400.000000,7
1426369430449270,2438400.000000,6
1426369430449479,2438400.000000,7
1426369432322656,1958400.000000,6
1426369432322916,1958400.000000,7
1426369432926041,2438400.000000,6
1426369432926302,2438400.000000,7
1426369432970625,2649600.000000,6
1426369432970885,2649600.000000,7
1426369433911354,1958400.000000,6
1426369433911562,1958400.000000,7
1426369434079791,2438400.000000,6
1426369434080000,2438400.000000,7
1426369434120729,1958400.000000,6
1426369434120937,1958400.000000,7
1426369434262291,2438400.000000,6
1426369434262500,2438400.000000,7
1426369435033698,1958400.000000,6
1426369435033906,1958400.000000,7
1426369435122343,2438400.000000,6
1426369435122500,2438400.000000,7
1426369435162187,1958400.000000,6
1426369435162448,1958400.000000,7
1426369435293125,2438400.000000,6
1426369435293385,2438400.000000,7
1426369438162812,3283200.000000,6
1426369438163073,3283200.000000,7
1426369438991041,2649600.000000,6
1426369438991198,2649600.000000,7
1426369441008229,2438400.000000,6
1426369441008385,2438400.000000,7
1426369441020729,3072000.000000,6
1426369441020937,3072000.000000,7
1426369443529531,2649600.000000,6
1426369443529687,2649600.000000,7
1426369444821302,3532800.000000,0
1426369444821458,3532800.000000,1
1426369444821666,3532800.000000,2
1426369444821823,3532800.000000,3
1426369444821979,3532800.000000,4
1426369444822135,3532800.000000,5
1426369446629427,2438400.000000,6
1426369446629635,2438400.000000,7
1426369447312812,3072000.000000,6
1426369447312968,3072000.000000,7
1426369447474166,2649600.000000,6
1426369447474375,2649600.000000,7
1426369454732291,1958400.000000,6
1426369454732604,1958400.000000,7
1426369454925677,2745600.000000,0
1426369454925989,2745600.000000,1
1426369454926145,2745600.000000,2
1426369454926302,2745600.000000,3
1426369454926510,2745600.000000,4
1426369454926666,2745600.000000,5
1426369455463333,3532800.000000,0
1426369455463645,3532800.000000,1
1426369455463854,3532800.000000,2
1426369455464010,3532800.000000,3
1426369455464270,3532800.000000,4
1426369455464479,3532800.000000,5
1426369456816666,3072000.000000,0
1426369456817552,3072000.000000,1
1426369456817708,3072000.000000,2
1426369456817864,3072000.000000,3
1426369456818020,3072000.000000,4
1426369456818229,3072000.000000,5
1426369460822395,2745600.000000,0
1426369460822604,2745600.000000,1
1426369460822864,2745600.000000,2
1426369460823073,2745600.000000,3
1426369460823333,2745600.000000,4
1426369460823541,2745600.000000,5
1426369460884948,3532800.000000,0
1426369460885104,3532800.000000,1
1426369460885364,3532800.000000,2
1426369460885573,3532800.000000,3
1426369460885729,3532800.000000,4
1426369460885989,3532800.000000,5
1426369461006979,2745600.000000,0
1426369461007135,2745600.000000,1
1426369461007291,2745600.000000,2
1426369461007448,2745600.000000,3
1426369461007604,2745600.000000,4
1426369461007760,2745600.000000,5
1426369461203854,3532800.000000,0
1426369461204114,3532800.000000,1
1426369461204323,3532800.000000,2
1426369461204479,3532800.000000,3
1426369461204739,3532800.000000,4
1426369461204948,3532800.000000,5
1426369468818541,3072000.000000,0
1426369468818698,3072000.000000,1
1426369468818854,3072000.000000,2
1426369468819010,3072000.000000,3
1426369468819166,3072000.000000,4
1426369468819323,3072000.000000,5
1426369470738177,2227200.000000,0
1426369470738385,2227200.000000,1
1426369470738541,2227200.000000,2
1426369470738802,2227200.000000,3
1426369470739010,2227200.000000,4
1426369470739166,2227200.000000,5
1426369470846979,1996800.000000,0
1426369470847239,1996800.000000,1
1426369470847448,1996800.000000,2
1426369470847760,1996800.000000,3
1426369470847916,1996800.000000,4
1426369470848229,1996800.000000,5
1426369470858802,3072000.000000,0
1426369470859114,3072000.000000,1
1426369470859479,3072000.000000,2
1426369470859948,3072000.000000,3
1426369470860260,3072000.000000,4
1426369470860677,3072000.000000,5
1426369477450416,3283200.000000,6
1426369477450885,3283200.000000,7
1426369478839791,1996800.000000,0
1426369478839948,1996800.000000,1
1426369478840208,1996800.000000,2
1426369478840364,1996800.000000,3
1426369478840573,1996800.000000,4
1426369478840729,1996800.000000,5
1426369478847448,2918400.000000,0
1426369478847760,2918400.000000,1
1426369478848073,2918400.000000,2
1426369478848385,2918400.000000,3
1426369478848698,2918400.000000,4
1426369478848958,2918400.000000,5
1426369478920833,3072000.000000,0
1426369478921145,3072000.000000,1
1426369478921354,3072000.000000,2
1426369478921770,3072000.000000,3
1426369478922083,3072000.000000,4
1426369478922395,3072000.000000,5
1426369480431770,2918400.000000,0
1426369480431979,2918400.000000,1
1426369480432135,2918400.000000,2
1426369480432395,2918400.000000,3
1426369480432604,2918400.000000,4
1426369480432760,2918400.000000,5
1426369480461823,1996800.000000,0
1426369480461979,1996800.000000,1
1426369480462135,1996800.000000,2
1426369480462395,1996800.000000,3
1426369480462604,1996800.000000,4
1426369480462760,1996800.000000,5
1426369480664635,2745600.000000,0
1426369480664948,2745600.000000,1
1426369480665208,2745600.000000,2
1426369480665416,2745600.000000,3
1426369480665729,2745600.000000,4
1426369480666041,2745600.000000,5
1426369481181666,3072000.000000,0
1426369481181927,3072000.000000,1
1426369481182291,3072000.000000,2
1426369481182552,3072000.000000,3
1426369481182760,3072000.000000,4
1426369481183177,3072000.000000,5
1426369482290416,1958400.000000,6
1426369482290573,1958400.000000,7
1426369484822604,2745600.000000,0
1426369484822916,2745600.000000,1
1426369484823229,2745600.000000,2
1426369484823489,2745600.000000,3
1426369484823698,2745600.000000,4
1426369484823958,2745600.000000,5
1426369486760260,3072000.000000,6
1426369486760520,3072000.000000,7
1426369486778177,1996800.000000,0
1426369486778385,1996800.000000,1
1426369486778645,1996800.000000,2
1426369486779010,1996800.000000,3
1426369486779270,1996800.000000,4
1426369486779479,1996800.000000,5
1426369487936354,2841600.000000,6
1426369487936562,2841600.000000,7
1426369488443020,3072000.000000,6
1426369488443385,3072000.000000,7
1426369488535625,2841600.000000,6
1426369488535781,2841600.000000,7
1426369495722916,3072000.000000,6
1426369495723229,3072000.000000,7
1426369496032812,2841600.000000,6
1426369496032968,2841600.000000,7
1426369496613020,3072000.000000,6
1426369496613333,3072000.000000,7
1426369496668906,2841600.000000,6
1426369496669166,2841600.000000,7
1426369496872604,3072000.000000,6
1426369496873073,3072000.000000,7
1426369496937448,2841600.000000,6
1426369496937604,2841600.000000,7
1426369497055208,3072000.000000,6
1426369497055573,3072000.000000,7
1426369497081823,2841600.000000,6
1426369497081979,2841600.000000,7
1426369502796770,2400000.000000,0
1426369502797083,2400000.000000,1
1426369502797291,2400000.000000,2
1426369502797604,2400000.000000,3
1426369502797916,2400000.000000,4
1426369502798177,2400000.000000,5
1426369502801770,1958400.000000,6
1426369502802083,1958400.000000,7
1426369504077448,2745600.000000,0
1426369504077760,2745600.000000,1
1426369504077916,2745600.000000,2
1426369504078229,2745600.000000,3
1426369504078489,2745600.000000,4
1426369504078698,2745600.000000,5
1426369512525833,2400000.000000,0
1426369512526041,2400000.000000,1
1426369512526302,2400000.000000,2
1426369512526510,2400000.000000,3
1426369512526666,2400000.000000,4
1426369512526927,2400000.000000,5
1426369512637135,2227200.000000,0
1426369512637552,2227200.000000,1
1426369512637760,2227200.000000,2
1426369512638073,2227200.000000,3
1426369512638385,2227200.000000,4
1426369512638645,2227200.000000,5
1426369512696770,2400000.000000,0
1426369512696979,2400000.000000,1
1426369512697291,2400000.000000,2
1426369512697552,2400000.000000,3
1426369512697760,2400000.000000,4
1426369512698073,2400000.000000,5
1426369519403854,1996800.000000,0
1426369519404166,1996800.000000,1
1426369519404427,1996800.000000,2
1426369519404635,1996800.000000,3
1426369519404791,1996800.000000,4
1426369519405104,1996800.000000,5
1426369535038958,2745600.000000,0
1426369535039322,2745600.000000,1
1426369535039739,2745600.000000,2
1426369535040052,2745600.000000,3
1426369535040416,2745600.000000,4
1426369535040729,2745600.000000,5
1426369535204322,1996800.000000,0
1426369535204635,1996800.000000,1
1426369535204947,1996800.000000,2
1426369535205104,1996800.000000,3
1426369535205416,1996800.000000,4
1426369535205677,1996800.000000,5
1426369535235416,2400000.000000,0
1426369535235729,2400000.000000,1
1426369535236041,2400000.000000,2
1426369535236302,2400000.000000,3
1426369535236614,2400000.000000,4
1426369535236822,2400000.000000,5
1426369536113697,1996800.000000,0
1426369536113958,1996800.000000,1
1426369536114270,1996800.000000,2
1426369536114583,1996800.000000,3
1426369536114791,1996800.000000,4
1426369536115104,1996800.000000,5
1426369536169166,2400000.000000,0
1426369536169583,2400000.000000,1
1426369536169895,2400000.000000,2
1426369536170260,2400000.000000,3
1426369536170572,2400000.000000,4
1426369536170989,2400000.000000,5
1426369536235416,1996800.000000,0
1426369536235729,1996800.000000,1
1426369536236041,1996800.000000,2
1426369536236354,1996800.000000,3
1426369536236614,1996800.000000,4
1426369536236927,1996800.000000,5
1426369536326770,2400000.000000,0
1426369536327135,2400000.000000,1
1426369536327447,2400000.000000,2
1426369536327864,2400000.000000,3
1426369536328177,2400000.000000,4
1426369536328541,2400000.000000,5
1426369536925729,1996800.000000,0
1426369536925989,1996800.000000,1
1426369536926197,1996800.000000,2
1426369536926458,1996800.000000,3
1426369536926666,1996800.000000,4
1426369536926927,1996800.000000,5
1426369536943541,2400000.000000,0
1426369536943854,2400000.000000,1
1426369536944166,2400000.000000,2
1426369536944583,2400000.000000,3
1426369536944947,2400000.000000,4
1426369536945260,2400000.000000,5
1426369536982864,1996800.000000,0
1426369536983229,1996800.000000,1
1426369536983541,1996800.000000,2
1426369536983958,1996800.000000,3
1426369536984270,1996800.000000,4
1426369536984583,1996800.000000,5
1426369537360572,2400000.000000,0
1426369537360885,2400000.000000,1
1426369537361197,2400000.000000,2
1426369537361510,2400000.000000,3
1426369537361770,2400000.000000,4
1426369537361979,2400000.000000,5
1426369540680989,1996800.000000,0
1426369540681197,1996800.000000,1
1426369540681458,1996800.000000,2
1426369540681666,1996800.000000,3
1426369540681927,1996800.000000,4
1426369540682135,1996800.000000,5
1426369540848697,2400000.000000,0
1426369540849010,2400000.000000,1
1426369540849322,2400000.000000,2
1426369540849635,2400000.000000,3
1426369540849947,2400000.000000,4
1426369540850208,2400000.000000,5
1426369542228854,1996800.000000,0
1426369542229166,1996800.000000,1
1426369542229479,1996800.000000,2
1426369542229791,1996800.000000,3
1426369542230104,1996800.000000,4
1426369542230416,1996800.000000,5
1426369543376822,2400000.000000,0
1426369543377239,2400000.000000,1
1426369543377447,2400000.000000,2
1426369543377760,2400000.000000,3
1426369543378072,2400000.000000,4
1426369543378385,2400000.000000,5
1426369543547291,1996800.000000,0
1426369543547760,1996800.000000,1
1426369543548020,1996800.000000,2
1426369543548229,1996800.000000,3
1426369543548489,1996800.000000,4
1426369543548697,1996800.000000,5
1426369543557447,2400000.000000,0
1426369543557760,2400000.000000,1
1426369543558072,2400000.000000,2
1426369543558333,2400000.000000,3
1426369543559166,2400000.000000,4
1426369543559479,2400000.000000,5
1426369544147760,1996800.000000,0
1426369544148020,1996800.000000,1
1426369544148229,1996800.000000,2
1426369544148489,1996800.000000,3
1426369544148697,1996800.000000,4
1426369544148958,1996800.000000,5
1426369544176458,2400000.000000,0
1426369544176770,2400000.000000,1
1426369544177135,2400000.000000,2
1426369544177447,2400000.000000,3
1426369544177864,2400000.000000,4
1426369544178177,2400000.000000,5
1426369544349947,1996800.000000,0
1426369544350260,1996800.000000,1
1426369544350520,1996800.000000,2
1426369544350729,1996800.000000,3
1426369544350989,1996800.000000,4
1426369544351197,1996800.000000,5
1426369544405364,2400000.000000,0
1426369544405677,2400000.000000,1
1426369544405885,2400000.000000,2
1426369544406197,2400000.000000,3
1426369544406510,2400000.000000,4
1426369544406770,2400000.000000,5
1426369551922135,1996800.000000,0
1426369551922447,1996800.000000,1
1426369551922708,1996800.000000,2
1426369551922916,1996800.000000,3
1426369551923177,1996800.000000,4
1426369551923385,1996800.000000,5
1426369554177916,2227200.000000,0
1426369554178333,2227200.000000,1
1426369554178541,2227200.000000,2
1426369554178854,2227200.000000,3
1426369554179166,2227200.000000,4
1426369554179427,2227200.000000,5
1426369555190572,1996800.000000,0
1426369555190833,1996800.000000,1
1426369555191041,1996800.000000,2
1426369555191354,1996800.000000,3
1426369555191614,1996800.000000,4
1426369555191822,1996800.000000,5
1426369563244166,2400000.000000,0
1426369563244479,2400000.000000,1
1426369563244791,2400000.000000,2
1426369563245104,2400000.000000,3
1426369563245364,2400000.000000,4
1426369563245572,2400000.000000,5
1426369568578072,1996800.000000,0
1426369568578385,1996800.000000,1
1426369568578541,1996800.000000,2
1426369568578854,1996800.000000,3
1426369568579010,1996800.000000,4
1426369568579322,1996800.000000,5
1426369580997083,2745600.000000,0
1426369580997395,2745600.000000,1
1426369580997604,2745600.000000,2
1426369580997916,2745600.000000,3
1426369580998229,2745600.000000,4
1426369580998489,2745600.000000,5
1426369582794947,1996800.000000,0
1426369582795208,1996800.000000,1
1426369582795416,1996800.000000,2
1426369582795572,1996800.000000,3
1426369582795833,1996800.000000,4
1426369582795989,1996800.000000,5
1426369595672135,2745600.000000,0
1426369595672447,2745600.000000,1
1426369595672760,2745600.000000,2
1426369595673072,2745600.000000,3
1426369595673385,2745600.000000,4
1426369595673645,2745600.000000,5
1426369595839166,1996800.000000,0
1426369595839479,1996800.000000,1
1426369595839739,1996800.000000,2
1426369595840052,1996800.000000,3
1426369595840260,1996800.000000,4
1426369595840572,1996800.000000,5
1426369596881197,2400000.000000,0
1426369596881510,2400000.000000,1
1426369596881822,2400000.000000,2
1426369596882135,2400000.000000,3
1426369596882395,2400000.000000,4
1426369596882604,2400000.000000,5
1426369598753541,2745600.000000,0
1426369598753854,2745600.000000,1
1426369598754114,2745600.000000,2
1426369598754427,2745600.000000,3
1426369598754739,2745600.000000,4
1426369598755052,2745600.000000,5
1426369612118385,1996800.000000,0
1426369612118645,1996800.000000,1
1426369612118854,1996800.000000,2
1426369612119010,1996800.000000,3
1426369612119270,1996800.000000,4
1426369612119479,1996800.000000,5
1426369612280572,2745600.000000,0
1426369612280885,2745600.000000,1
1426369612281197,2745600.000000,2
1426369612281666,2745600.000000,3
1426369612281979,2745600.000000,4
1426369612282395,2745600.000000,5
1426369613413385,2400000.000000,0
1426369613413645,2400000.000000,1
1426369613413854,2400000.000000,2
1426369613414114,2400000.000000,3
1426369613414270,2400000.000000,4
1426369613414479,2400000.000000,5
1426369613437239,2745600.000000,0
1426369613437604,2745600.000000,1
1426369613437864,2745600.000000,2
1426369613438177,2745600.000000,3
1426369613438489,2745600.000000,4
1426369613438697,2745600.000000,5
1426369616869479,2841600.000000,6
1426369616869739,2841600.000000,7
1426369616889322,1996800.000000,0
1426369616889479,1996800.000000,1
1426369616889739,1996800.000000,2
1426369616889947,1996800.000000,3
1426369616890104,1996800.000000,4
1426369616890260,1996800.000000,5
1426369620902552,2649600.000000,6
1426369620902760,2649600.000000,7
1426369630956822,1958400.000000,6
1426369630957135,1958400.000000,7
1426369694783697,2400000.000000,0
1426369694784010,2400000.000000,1
1426369694784322,2400000.000000,2
1426369694784635,2400000.000000,3
1426369694784947,2400000.000000,4
1426369694785260,2400000.000000,5
1426369696698072,2745600.000000,0
1426369696698489,2745600.000000,1
1426369696698802,2745600.000000,2
1426369696699010,2745600.000000,3
1426369696699322,2745600.000000,4
1426369696699635,2745600.000000,5
1426369698707552,2400000.000000,0
1426369698707760,2400000.000000,1
1426369698707916,2400000.000000,2
1426369698708177,2400000.000000,3
1426369698708385,2400000.000000,4
1426369698708541,2400000.000000,5
1426369702304427,1996800.000000,0
1426369702304739,1996800.000000,1
1426369702304947,1996800.000000,2
1426369702305208,1996800.000000,3
1426369702305416,1996800.000000,4
1426369702305677,1996800.000000,5
1426369702323385,2400000.000000,0
1426369702323697,2400000.000000,1
1426369702324010,2400000.000000,2
1426369702324322,2400000.000000,3
1426369702324635,2400000.000000,4
1426369702324895,2400000.000000,5
1426369702379322,1996800.000000,0
1426369702379635,1996800.000000,1
1426369702379791,1996800.000000,2
1426369702380052,1996800.000000,3
1426369702380260,1996800.000000,4
1426369702380572,1996800.000000,5
1426369702416770,2400000.000000,0
1426369702417239,2400000.000000,1
1426369702417447,2400000.000000,2
1426369702417760,2400000.000000,3
1426369702418072,2400000.000000,4
1426369702418385,2400000.000000,5
1426369702436979,1996800.000000,0
1426369702437291,1996800.000000,1
1426369702437604,1996800.000000,2
1426369702437916,1996800.000000,3
1426369702438177,1996800.000000,4
1426369702438489,1996800.000000,5
1426369702450885,2400000.000000,0
1426369702451302,2400000.000000,1
1426369702451510,2400000.000000,2
1426369702451822,2400000.000000,3
1426369702452135,2400000.000000,4
1426369702452395,2400000.000000,5
1426369702616770,1996800.000000,0
1426369702616979,1996800.000000,1
1426369702617239,1996800.000000,2
1426369702617447,1996800.000000,3
1426369702617708,1996800.000000,4
1426369702617916,1996800.000000,5
1426369702655052,2400000.000000,0
1426369702655416,2400000.000000,1
1426369702655677,2400000.000000,2
1426369702655989,2400000.000000,3
1426369702656302,2400000.000000,4
1426369702656510,2400000.000000,5
1426369702715260,1996800.000000,0
1426369702715416,1996800.000000,1
1426369702715677,1996800.000000,2
1426369702715885,1996800.000000,3
1426369702716145,1996800.000000,4
1426369702716354,1996800.000000,5
1426369702727395,2400000.000000,0
1426369702727604,2400000.000000,1
1426369702727916,2400000.000000,2
1426369702728229,2400000.000000,3
1426369702728489,2400000.000000,4
1426369702728697,2400000.000000,5
1426369703036510,1996800.000000,0
1426369703036822,1996800.000000,1
1426369703036979,1996800.000000,2
1426369703037291,1996800.000000,3
1426369703037447,1996800.000000,4
1426369703037760,1996800.000000,5
1426369703140052,2400000.000000,0
1426369703140364,2400000.000000,1
1426369703140572,2400000.000000,2
1426369703140885,2400000.000000,3
1426369703141145,2400000.000000,4
1426369703142291,2400000.000000,5
1426369703322239,1996800.000000,0
1426369703322604,1996800.000000,1
1426369703322760,1996800.000000,2
1426369703323072,1996800.000000,3
1426369703323229,1996800.000000,4
1426369703323541,1996800.000000,5
1426369703341354,2400000.000000,0
1426369703341666,2400000.000000,1
1426369703341979,2400000.000000,2
1426369703342239,2400000.000000,3
1426369703342552,2400000.000000,4
1426369703342760,2400000.000000,5
1426369703427552,1996800.000000,0
1426369703427760,1996800.000000,1
1426369703428072,1996800.000000,2
1426369703428229,1996800.000000,3
1426369703428489,1996800.000000,4
1426369703428697,1996800.000000,5
1426369703459010,2400000.000000,0
1426369703459322,2400000.000000,1
1426369703459583,2400000.000000,2
1426369703459791,2400000.000000,3
1426369703460104,2400000.000000,4
1426369703460416,2400000.000000,5
1426369703524947,1996800.000000,0
1426369703525260,1996800.000000,1
1426369703525416,1996800.000000,2
1426369703525729,1996800.000000,3
1426369703525885,1996800.000000,4
1426369703526197,1996800.000000,5
1426369703573020,2400000.000000,0
1426369703573333,2400000.000000,1
1426369703573541,2400000.000000,2
1426369703573854,2400000.000000,3
1426369703574166,2400000.000000,4
1426369703574479,2400000.000000,5
1426369703661041,1996800.000000,0
1426369703661302,1996800.000000,1
1426369703661510,1996800.000000,2
1426369703661770,1996800.000000,3
1426369703661979,1996800.000000,4
1426369703662239,1996800.000000,5
1426369703698854,2400000.000000,0
1426369703699166,2400000.000000,1
1426369703699479,2400000.000000,2
1426369703699791,2400000.000000,3
1426369703700052,2400000.000000,4
1426369703700364,2400000.000000,5
1426369703764947,1996800.000000,0
1426369703765260,1996800.000000,1
1426369703765520,1996800.000000,2
1426369703765729,1996800.000000,3
1426369703765989,1996800.000000,4
1426369703766197,1996800.000000,5
1426369703807291,2400000.000000,0
1426369703807604,2400000.000000,1
1426369703807916,2400000.000000,2
1426369703808177,2400000.000000,3
1426369703808385,2400000.000000,4
1426369703808697,2400000.000000,5
1426369703824791,2745600.000000,0
1426369703825104,2745600.000000,1
1426369703825416,2745600.000000,2
1426369703825729,2745600.000000,3
1426369703825989,2745600.000000,4
1426369703826302,2745600.000000,5
1426369704475520,2400000.000000,0
1426369704475729,2400000.000000,1
1426369704475885,2400000.000000,2
1426369704476145,2400000.000000,3
1426369704476354,2400000.000000,4
1426369704476510,2400000.000000,5
1426369706863072,1996800.000000,0
1426369706863333,1996800.000000,1
1426369706863541,1996800.000000,2
1426369706863802,1996800.000000,3
1426369706864010,1996800.000000,4
1426369706864270,1996800.000000,5
1426369706941041,2400000.000000,0
1426369706941354,2400000.000000,1
1426369706941666,2400000.000000,2
1426369706941979,2400000.000000,3
1426369706942291,2400000.000000,4
1426369706942552,2400000.000000,5
1426369708365729,1996800.000000,0
1426369708366041,1996800.000000,1
1426369708366302,1996800.000000,2
1426369708366510,1996800.000000,3
1426369708366770,1996800.000000,4
1426369708366979,1996800.000000,5
1426369708690729,2400000.000000,0
1426369708690989,2400000.000000,1
1426369708691197,2400000.000000,2
1426369708691510,2400000.000000,3
1426369708691770,2400000.000000,4
1426369708692083,2400000.000000,5
1426369709006354,1996800.000000,0
1426369709006614,1996800.000000,1
1426369709006822,1996800.000000,2
1426369709007083,1996800.000000,3
1426369709007291,1996800.000000,4
1426369709007552,1996800.000000,5
1426369709021302,2400000.000000,0
1426369709021614,2400000.000000,1
1426369709021822,2400000.000000,2
1426369709022135,2400000.000000,3
1426369709022447,2400000.000000,4
1426369709022708,2400000.000000,5
1426369709272760,1996800.000000,0
1426369709273020,1996800.000000,1
1426369709273229,1996800.000000,2
1426369709273489,1996800.000000,3
1426369709273697,1996800.000000,4
1426369709273958,1996800.000000,5
1426369709293177,2400000.000000,0
1426369709293489,2400000.000000,1
1426369709293802,2400000.000000,2
1426369709294010,2400000.000000,3
1426369709294322,2400000.000000,4
1426369709294635,2400000.000000,5
1426369710748385,2745600.000000,0
1426369710748697,2745600.000000,1
1426369710749010,2745600.000000,2
1426369710749322,2745600.000000,3
1426369710749635,2745600.000000,4
1426369710749947,2745600.000000,5
1426369713482604,2246400.000000,6
1426369713482916,2246400.000000,7
1426369715535572,2841600.000000,6
1426369715535833,2841600.000000,7
1426369715924895,2246400.000000,6
1426369715925104,2246400.000000,7
1426369719689687,1958400.000000,6
1426369719689947,1958400.000000,7
1426369720573229,2438400.000000,6
1426369720573489,2438400.000000,7
1426369720720208,2400000.000000,0
1426369720720416,2400000.000000,1
1426369720720572,2400000.000000,2
1426369720720833,2400000.000000,3
1426369720721041,2400000.000000,4
1426369720721197,2400000.000000,5
1426369720741354,2745600.000000,0
1426369720741666,2745600.000000,1
1426369720741822,2745600.000000,2
1426369720742135,2745600.000000,3
1426369720742395,2745600.000000,4
1426369720742604,2745600.000000,5
1426369720984479,2400000.000000,0
1426369720984791,2400000.000000,1
1426369720984947,2400000.000000,2
1426369720985208,2400000.000000,3
1426369720985416,2400000.000000,4
1426369720985572,2400000.000000,5
1426369720998645,2745600.000000,0
1426369720998854,2745600.000000,1
1426369720999166,2745600.000000,2
1426369720999322,2745600.000000,3
1426369720999583,2745600.000000,4
1426369720999791,2745600.000000,5
1426369721226510,1958400.000000,6
1426369721226822,1958400.000000,7
1426369722692604,2400000.000000,0
1426369722692760,2400000.000000,1
1426369722693020,2400000.000000,2
1426369722693229,2400000.000000,3
1426369722693385,2400000.000000,4
1426369722693645,2400000.000000,5
1426369722708697,2745600.000000,0
1426369722708958,2745600.000000,1
1426369722709166,2745600.000000,2
1426369722709427,2745600.000000,3
1426369722709635,2745600.000000,4
1426369722709895,2745600.000000,5
1426369723871197,2438400.000000,6
1426369723871354,2438400.000000,7
1426369724331197,1958400.000000,6
1426369724331458,1958400.000000,7
1426369724923697,2400000.000000,0
1426369724923854,2400000.000000,1
1426369724924114,2400000.000000,2
1426369724924322,2400000.000000,3
1426369724924479,2400000.000000,4
1426369724924739,2400000.000000,5
1426369724929010,2745600.000000,0
1426369724929322,2745600.000000,1
1426369724929479,2745600.000000,2
1426369724929739,2745600.000000,3
1426369724929947,2745600.000000,4
1426369724930208,2745600.000000,5
1426369725828541,2400000.000000,0
1426369725828697,2400000.000000,1
1426369725828958,2400000.000000,2
1426369725829166,2400000.000000,3
1426369725829322,2400000.000000,4
1426369725829583,2400000.000000,5
1426369725860416,2745600.000000,0
1426369725860729,2745600.000000,1
1426369725861041,2745600.000000,2
1426369725861354,2745600.000000,3
1426369725861614,2745600.000000,4
1426369725861927,2745600.000000,5
1426369725896302,2400000.000000,0
1426369725896614,2400000.000000,1
1426369725896927,2400000.000000,2
1426369725897135,2400000.000000,3
1426369725897395,2400000.000000,4
1426369725897604,2400000.000000,5
1426369725905572,2745600.000000,0
1426369725905885,2745600.000000,1
1426369725906145,2745600.000000,2
1426369725906354,2745600.000000,3
1426369725906666,2745600.000000,4
1426369725906979,2745600.000000,5
1426369725945520,2400000.000000,0
1426369725945729,2400000.000000,1
1426369725945989,2400000.000000,2
1426369725946197,2400000.000000,3
1426369725946458,2400000.000000,4
1426369725946666,2400000.000000,5
1426369726591822,2745600.000000,0
1426369726592083,2745600.000000,1
1426369726592291,2745600.000000,2
1426369726592552,2745600.000000,3
1426369726592760,2745600.000000,4
1426369726593072,2745600.000000,5
1426369726671145,1996800.000000,0
1426369726671354,1996800.000000,1
1426369726671510,1996800.000000,2
1426369726671770,1996800.000000,3
1426369726671979,1996800.000000,4
1426369726672135,1996800.000000,5
1426369726683333,2400000.000000,0
1426369726683645,2400000.000000,1
1426369726683854,2400000.000000,2
1426369726684166,2400000.000000,3
1426369726684427,2400000.000000,4
1426369726684739,2400000.000000,5
1426369726714479,2745600.000000,0
1426369726714895,2745600.000000,1
1426369726715208,2745600.000000,2
1426369726715416,2745600.000000,3
1426369726715729,2745600.000000,4
1426369726716041,2745600.000000,5
1426369742875520,1996800.000000,0
1426369742875729,1996800.000000,1
1426369742875885,1996800.000000,2
1426369742876145,1996800.000000,3
1426369742876354,1996800.000000,4
1426369742876510,1996800.000000,5
1426369887900833,2400000.000000,0
1426369887901145,2400000.000000,1
1426369887901458,2400000.000000,2
1426369887901666,2400000.000000,3
1426369887901979,2400000.000000,4
1426369887902291,2400000.000000,5
1426369888290416,1996800.000000,0
1426369888290572,1996800.000000,1
1426369888290885,1996800.000000,2
1426369888291041,1996800.000000,3
1426369888291354,1996800.000000,4
1426369888291510,1996800.000000,5
1426369888386614,2227200.000000,0
1426369888386822,2227200.000000,1
1426369888387135,2227200.000000,2
1426369888387447,2227200.000000,3
1426369888387760,2227200.000000,4
1426369888388020,2227200.000000,5
1426369888593333,2745600.000000,0
1426369888593697,2745600.000000,1
1426369888594010,2745600.000000,2
1426369888594270,2745600.000000,3
1426369888594635,2745600.000000,4
1426369888594947,2745600.000000,5
1426369892952395,1996800.000000,0
1426369892952604,1996800.000000,1
1426369892952916,1996800.000000,2
1426369892953229,1996800.000000,3
1426369892953385,1996800.000000,4
1426369892954739,1996800.000000,5
1426369894353697,2745600.000000,0
1426369894354010,2745600.000000,1
1426369894354479,2745600.000000,2
1426369894354739,2745600.000000,3
1426369894355052,2745600.000000,4
1426369894355260,2745600.000000,5
1426369899467760,2400000.000000,0
1426369899468072,2400000.000000,1
1426369899468229,2400000.000000,2
1426369899468489,2400000.000000,3
1426369899468697,2400000.000000,4
1426369899468854,2400000.000000,5
1426369901106770,1996800.000000,0
1426369901107135,1996800.000000,1
1426369901107447,1996800.000000,2
1426369901107708,1996800.000000,3
1426369901108020,1996800.000000,4
1426369901108229,1996800.000000,5
1426369902798541,2745600.000000,0
1426369902798854,2745600.000000,1
1426369902799166,2745600.000000,2
1426369902799583,2745600.000000,3
1426369902799947,2745600.000000,4
1426369902800260,2745600.000000,5
1426369904602864,1996800.000000,0
1426369904603072,1996800.000000,1
1426369904603229,1996800.000000,2
1426369904603489,1996800.000000,3
1426369904603697,1996800.000000,4
1426369904603854,1996800.000000,5
1426369904825989,2400000.000000,0
1426369904826302,2400000.000000,1
1426369904826510,2400000.000000,2
1426369904826822,2400000.000000,3
1426369904827135,2400000.000000,4
1426369904827395,2400000.000000,5
1426369905298541,2745600.000000,0
1426369905298854,2745600.000000,1
1426369905299114,2745600.000000,2
1426369905299322,2745600.000000,3
1426369905299583,2745600.000000,4
1426369905299791,2745600.000000,5
1426369905556458,1996800.000000,0
1426369905556666,1996800.000000,1
1426369905556822,1996800.000000,2
1426369905557083,1996800.000000,3
1426369905557291,1996800.000000,4
1426369905557447,1996800.000000,5
1426369905652552,2745600.000000,0
1426369905652760,2745600.000000,1
1426369905653072,2745600.000000,2
1426369905653385,2745600.000000,3
1426369905653645,2745600.000000,4
1426369905653958,2745600.000000,5
1426369905714479,1996800.000000,0
1426369905714739,1996800.000000,1
1426369905714947,1996800.000000,2
1426369905715104,1996800.000000,3
1426369905715364,1996800.000000,4
1426369905715572,1996800.000000,5
1426369906879479,2400000.000000,0
1426369906879791,2400000.000000,1
1426369906880052,2400000.000000,2
1426369906880260,2400000.000000,3
1426369906880572,2400000.000000,4
1426369906880885,2400000.000000,5
1426369906890729,2745600.000000,0
1426369906891145,2745600.000000,1
1426369906891458,2745600.000000,2
1426369906891666,2745600.000000,3
1426369906891979,2745600.000000,4
1426369906892291,2745600.000000,5
1426369910338072,1996800.000000,0
1426369910338385,1996800.000000,1
1426369910338541,1996800.000000,2
1426369910338697,1996800.000000,3
1426369910338958,1996800.000000,4
1426369910339166,1996800.000000,5
1426369910347395,2745600.000000,0
1426369910347708,2745600.000000,1
1426369910347916,2745600.000000,2
1426369910348229,2745600.000000,3
1426369910348541,2745600.000000,4
1426369910348854,2745600.000000,5
1426369910831666,1996800.000000,0
1426369910831927,1996800.000000,1
1426369910832135,1996800.000000,2
1426369910832447,1996800.000000,3
1426369910832708,1996800.000000,4
1426369910832916,1996800.000000,5
1426369910838854,2745600.000000,0
1426369910839166,2745600.000000,1
1426369910839479,2745600.000000,2
1426369910839947,2745600.000000,3
1426369910840260,2745600.000000,4
1426369910840572,2745600.000000,5
1426369911906927,2400000.000000,0
1426369911907135,2400000.000000,1
1426369911907395,2400000.000000,2
1426369911907552,2400000.000000,3
1426369911907760,2400000.000000,4
1426369911907916,2400000.000000,5
1426369911940885,2745600.000000,0
1426369911941197,2745600.000000,1
1426369911941354,2745600.000000,2
1426369911941666,2745600.000000,3
1426369911941822,2745600.000000,4
1426369911942083,2745600.000000,5
1426369911945416,2400000.000000,0
1426369911945729,2400000.000000,1
1426369911945885,2400000.000000,2
1426369911946197,2400000.000000,3
1426369911946458,2400000.000000,4
1426369911946666,2400000.000000,5
1426369911952083,2745600.000000,0
1426369911952291,2745600.000000,1
1426369911952604,2745600.000000,2
1426369911952760,2745600.000000,3
1426369911953020,2745600.000000,4
1426369911953229,2745600.000000,5
1426369913304739,2400000.000000,0
1426369913304947,2400000.000000,1
1426369913305260,2400000.000000,2
1426369913305520,2400000.000000,3
1426369913305729,2400000.000000,4
1426369913306041,2400000.000000,5
1426369913308229,2745600.000000,0
1426369913308489,2745600.000000,1
1426369913308697,2745600.000000,2
1426369913308958,2745600.000000,3
1426369913309166,2745600.000000,4
1426369913309427,2745600.000000,5
1426369913350677,2400000.000000,0
1426369913350989,2400000.000000,1
1426369913351197,2400000.000000,2
1426369913351510,2400000.000000,3
1426369913351822,2400000.000000,4
1426369913352135,2400000.000000,5
1426369913369114,2745600.000000,0
1426369913369322,2745600.000000,1
1426369913369635,2745600.000000,2
1426369913369895,2745600.000000,3
1426369913370104,2745600.000000,4
1426369913370364,2745600.000000,5
1426369913673854,2400000.000000,0
1426369913674166,2400000.000000,1
1426369913674427,2400000.000000,2
1426369913674635,2400000.000000,3
1426369913674895,2400000.000000,4
1426369913675208,2400000.000000,5
1426369913693072,2745600.000000,0
1426369913693333,2745600.000000,1
1426369913693541,2745600.000000,2
1426369913693802,2745600.000000,3
1426369913694010,2745600.000000,4
1426369913694270,2745600.000000,5
1426369918684479,2400000.000000,0
1426369918684791,2400000.000000,1
1426369918684947,2400000.000000,2
1426369918685208,2400000.000000,3
1426369918685364,2400000.000000,4
1426369918685572,2400000.000000,5
1426369918710572,2745600.000000,0
1426369918710833,2745600.000000,1
1426369918711041,2745600.000000,2
1426369918711354,2745600.000000,3
1426369918711510,2745600.000000,4
1426369918711822,2745600.000000,5
1426369931353489,1996800.000000,0
1426369931353697,1996800.000000,1
1426369931353854,1996800.000000,2
1426369931354166,1996800.000000,3
1426369931354322,1996800.000000,4
1426369931354635,1996800.000000,5
1426369931383489,2745600.000000,0
1426369931383854,2745600.000000,1
1426369931384114,2745600.000000,2
1426369931384427,2745600.000000,3
1426369931385260,2745600.000000,4
1426369931385572,2745600.000000,5
1426369933394166,1996800.000000,0
1426369933394479,1996800.000000,1
1426369933394635,1996800.000000,2
1426369933394895,1996800.000000,3
1426369933395104,1996800.000000,4
1426369933395260,1996800.000000,5
1426369933529635,2745600.000000,0
1426369933529947,2745600.000000,1
1426369933530260,2745600.000000,2
1426369933530572,2745600.000000,3
1426369933530885,2745600.000000,4
1426369933531197,2745600.000000,5
1426369934746197,2400000.000000,0
1426369934746510,2400000.000000,1
1426369934746770,2400000.000000,2
1426369934747083,2400000.000000,3
1426369934747291,2400000.000000,4
1426369934747604,2400000.000000,5
1426370126755260,1996800.000000,0
1426370126755676,1996800.000000,1
1426370126755885,1996800.000000,2
1426370126756197,1996800.000000,3
1426370126756458,1996800.000000,4
1426370126756666,1996800.000000,5
1426370214038801,1363200.000000,0
1426370214039270,1363200.000000,1
1426370214039635,1363200.000000,2
1426370214040051,1363200.000000,3
1426370214040520,1363200.000000,4
1426370214040885,1363200.000000,5
1426370222915572,1017600.000000,6
1426370222916041,1017600.000000,7
1426370280998020,1555200.000000,0
1426370280998489,1555200.000000,1
1426370280998853,1555200.000000,2
1426370280999322,1555200.000000,3
1426370280999739,1555200.000000,4
1426370281000103,1555200.000000,5
1426370287345364,1363200.000000,0
1426370287345728,1363200.000000,1
1426370287346145,1363200.000000,2
1426370287346458,1363200.000000,3
1426370287346822,1363200.000000,4
1426370287347135,1363200.000000,5
1426370302803385,1785600.000000,0
1426370302803853,1785600.000000,1
1426370302804322,1785600.000000,2
1426370302804739,1785600.000000,3
1426370302805103,1785600.000000,4
1426370302805572,1785600.000000,5
1426370306426666,1555200.000000,0
1426370306427135,1555200.000000,1
1426370306427551,1555200.000000,2
1426370306427916,1555200.000000,3
1426370306428333,1555200.000000,4
1426370306428697,1555200.000000,5
1426370307282551,1785600.000000,0
1426370307282916,1785600.000000,1
1426370307283333,1785600.000000,2
1426370307283697,1785600.000000,3
1426370307284010,1785600.000000,4
1426370307284322,1785600.000000,5
1426370314233801,1555200.000000,0
1426370314234166,1555200.000000,1
1426370314234635,1555200.000000,2
1426370314234947,1555200.000000,3
1426370314235416,1555200.000000,4
1426370314235833,1555200.000000,5
1426370314706978,1785600.000000,0
1426370314707447,1785600.000000,1
1426370314707916,1785600.000000,2
1426370314708385,1785600.000000,3
1426370314708853,1785600.000000,4
1426370314709322,1785600.000000,5
1426370318995520,1363200.000000,0
1426370318995989,1363200.000000,1
1426370318996353,1363200.000000,2
1426370318996770,1363200.000000,3
1426370318997135,1363200.000000,4
1426370318997551,1363200.000000,5
1426370399364322,1785600.000000,0
1426370399364791,1785600.000000,1
1426370399365260,1785600.000000,2
1426370399365676,1785600.000000,3
1426370399366041,1785600.000000,4
1426370399366458,1785600.000000,5
1426370414801666,1363200.000000,0
1426370414802083,1363200.000000,1
1426370414802395,1363200.000000,2
1426370414802708,1363200.000000,3
1426370414803020,1363200.000000,4
1426370414803333,1363200.000000,5
1426370443384947,1785600.000000,0
1426370443385416,1785600.000000,1
1426370443385833,1785600.000000,2
1426370443386197,1785600.000000,3
1426370443386666,1785600.000000,4
1426370443387135,1785600.000000,5
1426370444563541,1363200.000000,0
1426370444563958,1363200.000000,1
1426370444564322,1363200.000000,2
1426370444564791,1363200.000000,3
1426370444565103,1363200.000000,4
1426370444565572,1363200.000000,5
1426370444727395,1785600.000000,0
1426370444727760,1785600.000000,1
1426370444728228,1785600.000000,2
1426370444728541,1785600.000000,3
1426370444729010,1785600.000000,4
1426370444729426,1785600.000000,5
1426370444902864,1555200.000000,0
1426370444903228,1555200.000000,1
1426370444903541,1555200.000000,2
1426370444903853,1555200.000000,3
1426370444904166,1555200.000000,4
1426370444904478,1555200.000000,5
1426370445381666,1363200.000000,0
1426370445382135,1363200.000000,1
1426370445382447,1363200.000000,2
1426370445382864,1363200.000000,3
1426370445383228,1363200.000000,4
1426370445383541,1363200.000000,5
1426370445766510,1996800.000000,0
1426370445766978,1996800.000000,1
1426370445767447,1996800.000000,2
1426370445767864,1996800.000000,3
1426370445768228,1996800.000000,4
1426370445768645,1996800.000000,5
1426370446169270,2400000.000000,0
1426370446169583,2400000.000000,1
1426370446169895,2400000.000000,2
1426370446170103,2400000.000000,3
1426370446170416,2400000.000000,4
1426370446170728,2400000.000000,5
1426370446726458,1555200.000000,0
1426370446726770,1555200.000000,1
1426370446727083,1555200.000000,2
1426370446727291,1555200.000000,3
1426370446727603,1555200.000000,4
1426370446727916,1555200.000000,5
1426370446751614,1785600.000000,0
1426370446752083,1785600.000000,1
1426370446752551,1785600.000000,2
1426370446753020,1785600.000000,3
1426370446753489,1785600.000000,4
1426370446753958,1785600.000000,5
1426370449017916,1555200.000000,0
1426370449018228,1555200.000000,1
1426370449018541,1555200.000000,2
1426370449018853,1555200.000000,3
1426370449019166,1555200.000000,4
1426370449019478,1555200.000000,5
1426370449022447,1785600.000000,0
1426370449022760,1785600.000000,1
1426370449023176,1785600.000000,2
1426370449023541,1785600.000000,3
1426370449023853,1785600.000000,4
1426370449024166,1785600.000000,5
1426370449089426,1555200.000000,0
1426370449089739,1555200.000000,1
1426370449090051,1555200.000000,2
1426370449090364,1555200.000000,3
1426370449090676,1555200.000000,4
1426370449090989,1555200.000000,5
1426370449093853,1785600.000000,0
1426370449094166,1785600.000000,1
1426370449094478,1785600.000000,2
1426370449094791,1785600.000000,3
1426370449095103,1785600.000000,4
1426370449095416,1785600.000000,5
1426370449329010,1555200.000000,0
1426370449329478,1555200.000000,1
1426370449329791,1555200.000000,2
1426370449330260,1555200.000000,3
1426370449330572,1555200.000000,4
1426370449331041,1555200.000000,5
1426370449347760,1785600.000000,0
1426370449348228,1785600.000000,1
1426370449348541,1785600.000000,2
1426370449348958,1785600.000000,3
1426370449349322,1785600.000000,4
1426370449349635,1785600.000000,5
1426370449468541,2227200.000000,0
1426370449468853,2227200.000000,1
1426370449469166,2227200.000000,2
1426370449470416,2227200.000000,3
1426370449470728,2227200.000000,4
1426370449471041,2227200.000000,5
1426370452139322,1785600.000000,0
1426370452139635,1785600.000000,1
1426370452139895,1785600.000000,2
1426370452140103,1785600.000000,3
1426370452140416,1785600.000000,4
1426370452140572,1785600.000000,5
1426370452165364,1555200.000000,0
1426370452165989,1555200.000000,1
1426370452166197,1555200.000000,2
1426370452166510,1555200.000000,3
1426370452166822,1555200.000000,4
1426370452167135,1555200.000000,5
1426370452173385,1785600.000000,0
1426370452173853,1785600.000000,1
1426370452174270,1785600.000000,2
1426370452174635,1785600.000000,3
1426370452175103,1785600.000000,4
1426370452175520,1785600.000000,5
1426370452205572,1555200.000000,0
1426370452205989,1555200.000000,1
1426370452206301,1555200.000000,2
1426370452206666,1555200.000000,3
1426370452206978,1555200.000000,4
1426370452207395,1555200.000000,5
1426370452230103,1785600.000000,0
1426370452230416,1785600.000000,1
1426370452230833,1785600.000000,2
1426370452231197,1785600.000000,3
1426370452231510,1785600.000000,4
1426370452231926,1785600.000000,5
1426370452297135,1555200.000000,0
1426370452297447,1555200.000000,1
1426370452297760,1555200.000000,2
1426370452298072,1555200.000000,3
1426370452298385,1555200.000000,4
1426370452298697,1555200.000000,5
1426370452363801,1785600.000000,0
1426370452364270,1785600.000000,1
1426370452364739,1785600.000000,2
1426370452365208,1785600.000000,3
1426370452365676,1785600.000000,4
1426370452366041,1785600.000000,5
1426370452412239,1555200.000000,0
1426370452412603,1555200.000000,1
1426370452412916,1555200.000000,2
1426370452413176,1555200.000000,3
1426370452413489,1555200.000000,4
1426370452413801,1555200.000000,5
1426370452449010,1785600.000000,0
1426370452449426,1785600.000000,1
1426370452449791,1785600.000000,2
1426370452450260,1785600.000000,3
1426370452450572,1785600.000000,4
1426370452450885,1785600.000000,5
1426370453084478,1555200.000000,0
1426370453084947,1555200.000000,1
1426370453085260,1555200.000000,2
1426370453085728,1555200.000000,3
1426370453086041,1555200.000000,4
1426370453086510,1555200.000000,5
1426370453092864,1785600.000000,0
1426370453093228,1785600.000000,1
1426370453093645,1785600.000000,2
1426370453093958,1785600.000000,3
1426370453094322,1785600.000000,4
1426370453094635,1785600.000000,5
1426370453100676,1555200.000000,0
1426370453101041,1555200.000000,1
1426370453101353,1555200.000000,2
1426370453101770,1555200.000000,3
1426370453102135,1555200.000000,4
1426370453102551,1555200.000000,5
1426370453533541,1785600.000000,0
1426370453533958,1785600.000000,1
1426370453534322,1785600.000000,2
1426370453534635,1785600.000000,3
1426370453535051,1785600.000000,4
1426370453535416,1785600.000000,5
1426370458073385,1555200.000000,0
1426370458073697,1555200.000000,1
1426370458074010,1555200.000000,2
1426370458074322,1555200.000000,3
1426370458074635,1555200.000000,4
1426370458074947,1555200.000000,5
1426370458141978,1785600.000000,0
1426370458142447,1785600.000000,1
1426370458142916,1785600.000000,2
1426370458143385,1785600.000000,3
1426370458143853,1785600.000000,4
1426370458144270,1785600.000000,5
1426370458224270,1555200.000000,0
1426370458224635,1555200.000000,1
1426370458224947,1555200.000000,2
1426370458225260,1555200.000000,3
1426370458225572,1555200.000000,4
1426370458225885,1555200.000000,5
1426370461558853,1785600.000000,0
1426370461559322,1785600.000000,1
1426370461559791,1785600.000000,2
1426370461560260,1785600.000000,3
1426370461560728,1785600.000000,4
1426370461561197,1785600.000000,5
1426370462753697,1363200.000000,0
1426370462754166,1363200.000000,1
1426370462754635,1363200.000000,2
1426370462754947,1363200.000000,3
1426370462755416,1363200.000000,4
1426370462755728,1363200.000000,5
1426370494755572,1555200.000000,0
1426370494756041,1555200.000000,1
1426370494756458,1555200.000000,2
1426370494756822,1555200.000000,3
1426370494757291,1555200.000000,4
1426370494757708,1555200.000000,5
1426370511395728,1363200.000000,0
1426370511396197,1363200.000000,1
1426370511396666,1363200.000000,2
1426370511397135,1363200.000000,3
1426370511397603,1363200.000000,4
1426370511398228,1363200.000000,5
1426370551306301,1555200.000000,0
1426370551306770,1555200.000000,1
1426370551307135,1555200.000000,2
1426370551307603,1555200.000000,3
1426370551307916,1555200.000000,4
1426370551308385,1555200.000000,5
1426370551921614,2400000.000000,0
1426370551921978,2400000.000000,1
1426370551922291,2400000.000000,2
1426370551922708,2400000.000000,3
1426370551923072,2400000.000000,4
1426370551923385,2400000.000000,5
1426370559028385,1785600.000000,0
1426370559028697,1785600.000000,1
1426370559028853,1785600.000000,2
1426370559029166,1785600.000000,3
1426370559029426,1785600.000000,4
1426370559029635,1785600.000000,5
1426370565496145,1555200.000000,0
1426370565496510,1555200.000000,1
1426370565496978,1555200.000000,2
1426370565497395,1555200.000000,3
1426370565497760,1555200.000000,4
1426370565498176,1555200.000000,5
1426370572129270,1785600.000000,0
1426370572129739,1785600.000000,1
1426370572130103,1785600.000000,2
1426370572130572,1785600.000000,3
1426370572131041,1785600.000000,4
1426370572131510,1785600.000000,5
1426370572446978,1555200.000000,0
1426370572447395,1555200.000000,1
1426370572447760,1555200.000000,2
1426370572448228,1555200.000000,3
1426370572448645,1555200.000000,4
1426370572449010,1555200.000000,5
1426370574741614,1363200.000000,0
1426370574742083,1363200.000000,1
1426370574742551,1363200.000000,2
1426370574743020,1363200.000000,3
1426370574743385,1363200.000000,4
1426370574743853,1363200.000000,5
1426370601704739,1555200.000000,0
1426370601705260,1555200.000000,1
1426370601705833,1555200.000000,2
1426370601706353,1555200.000000,3
1426370601706822,1555200.000000,4
1426370601707395,1555200.000000,5
1426370601858541,2400000.000000,0
1426370601859010,2400000.000000,1
1426370601859426,2400000.000000,2
1426370601859791,2400000.000000,3
1426370601860103,2400000.000000,4
1426370601860416,2400000.000000,5
1426370601999583,1555200.000000,0
1426370601999791,1555200.000000,1
1426370602000051,1555200.000000,2
1426370602000260,1555200.000000,3
1426370602000520,1555200.000000,4
1426370602000728,1555200.000000,5
1426370602055728,2400000.000000,0
1426370602056145,2400000.000000,1
1426370602056510,2400000.000000,2
1426370602056822,2400000.000000,3
1426370602057239,2400000.000000,4
1426370602057603,2400000.000000,5
1426370606910728,1785600.000000,0
1426370606911041,1785600.000000,1
1426370606911353,1785600.000000,2
1426370606911666,1785600.000000,3
1426370606911926,1785600.000000,4
1426370606912239,1785600.000000,5
1426370612284426,2400000.000000,0
1426370612284791,2400000.000000,1
1426370612285208,2400000.000000,2
1426370612285572,2400000.000000,3
1426370612286041,2400000.000000,4
1426370612286458,2400000.000000,5
1426370612470416,1785600.000000,0
1426370612470728,1785600.000000,1
1426370612471041,1785600.000000,2
1426370612471301,1785600.000000,3
1426370612471614,1785600.000000,4
1426370612471926,1785600.000000,5
1426370622959791,1363200.000000,0
1426370622960260,1363200.000000,1
1426370622960728,1363200.000000,2
1426370622961301,1363200.000000,3
1426370622961822,1363200.000000,4
1426370622962291,1363200.000000,5
1426370671182603,1555200.000000,0
1426370671183228,1555200.000000,1
1426370671183697,1555200.000000,2
1426370671184270,1555200.000000,3
1426370671184791,1555200.000000,4
1426370671185260,1555200.000000,5
1426370676620103,2400000.000000,0
1426370676620572,2400000.000000,1
1426370676621041,2400000.000000,2
1426370676621510,2400000.000000,3
1426370676621978,2400000.000000,4
1426370676622395,2400000.000000,5
1426370677132291,1785600.000000,0
1426370677132603,1785600.000000,1
1426370677132864,1785600.000000,2
1426370677133072,1785600.000000,3
1426370677133228,1785600.000000,4
1426370677133541,1785600.000000,5
1426370677179791,2400000.000000,0
1426370677180103,2400000.000000,1
1426370677180416,2400000.000000,2
1426370677180728,2400000.000000,3
1426370677181041,2400000.000000,4
1426370677181353,2400000.000000,5
1426370677240103,1785600.000000,0
1426370677240416,1785600.000000,1
1426370677240572,1785600.000000,2
1426370677241614,1785600.000000,3
1426370677241926,1785600.000000,4
1426370677242135,1785600.000000,5
1426370687104478,1363200.000000,0
1426370687104895,1363200.000000,1
1426370687105207,1363200.000000,2
1426370687105520,1363200.000000,3
1426370687105832,1363200.000000,4
1426370687106145,1363200.000000,5
1426370703244322,1785600.000000,0
1426370703244947,1785600.000000,1
1426370703245416,1785600.000000,2
1426370703245885,1785600.000000,3
1426370703246457,1785600.000000,4
1426370703246978,1785600.000000,5
1426370708995989,1555200.000000,0
1426370708996353,1555200.000000,1
1426370708996666,1555200.000000,2
1426370708996978,1555200.000000,3
1426370708997291,1555200.000000,4
1426370708997603,1555200.000000,5
1426370732031822,2400000.000000,0
1426370732032291,2400000.000000,1
1426370732032864,2400000.000000,2
1426370732033228,2400000.000000,3
1426370732033697,2400000.000000,4
1426370732034166,2400000.000000,5
1426370732282082,1555200.000000,0
1426370732282395,1555200.000000,1
1426370732282603,1555200.000000,2
1426370732282916,1555200.000000,3
1426370732283072,1555200.000000,4
1426370732283385,1555200.000000,5
1426370732306041,2227200.000000,0
1426370732306510,2227200.000000,1
1426370732306978,2227200.000000,2
1426370732307447,2227200.000000,3
1426370732307916,2227200.000000,4
1426370732308385,2227200.000000,5
1426370735319478,1785600.000000,0
1426370735319791,1785600.000000,1
1426370735320051,1785600.000000,2
1426370735320260,1785600.000000,3
1426370735320520,1785600.000000,4
1426370735320728,1785600.000000,5
1426370747662551,1555200.000000,0
1426370747662916,1555200.000000,1
1426370747663228,1555200.000000,2
1426370747663541,1555200.000000,3
1426370747663853,1555200.000000,4
1426370747664270,1555200.000000,5
1426370750411510,1785600.000000,0
1426370750411926,1785600.000000,1
1426370750412291,1785600.000000,2
1426370750412603,1785600.000000,3
1426370750413072,1785600.000000,4
1426370750413385,1785600.000000,5
1426370750614322,1555200.000000,0
1426370750614791,1555200.000000,1
1426370750615103,1555200.000000,2
1426370750615416,1555200.000000,3
1426370750615728,1555200.000000,4
1426370750616041,1555200.000000,5
1426370750641510,1785600.000000,0
1426370750641926,1785600.000000,1
1426370750642291,1785600.000000,2
1426370750642603,1785600.000000,3
1426370750643020,1785600.000000,4
1426370750643332,1785600.000000,5
1426370750773801,1363200.000000,0
1426370750774166,1363200.000000,1
1426370750774478,1363200.000000,2
1426370750774791,1363200.000000,3
1426370750775103,1363200.000000,4
1426370750775520,1363200.000000,5
1426370762709166,1555200.000000,0
1426370762709582,1555200.000000,1
1426370762710051,1555200.000000,2
1426370762710416,1555200.000000,3
1426370762710885,1555200.000000,4
1426370762711301,1555200.000000,5
1426370762770885,1363200.000000,0
1426370762771510,1363200.000000,1
1426370762771926,1363200.000000,2
1426370762772395,1363200.000000,3
1426370762772760,1363200.000000,4
1426370762773228,1363200.000000,5
1426370798955728,1785600.000000,0
1426370798956301,1785600.000000,1
1426370798956822,1785600.000000,2
1426370798957291,1785600.000000,3
1426370798959166,1785600.000000,4
1426370798959739,1785600.000000,5
1426370815011822,1555200.000000,0
1426370815012135,1555200.000000,1
1426370815012447,1555200.000000,2
1426370815012760,1555200.000000,3
1426370815013072,1555200.000000,4
1426370815014166,1555200.000000,5
1426370815972760,1996800.000000,0
1426370815973176,1996800.000000,1
1426370815973541,1996800.000000,2
1426370815973957,1996800.000000,3
1426370815974322,1996800.000000,4
1426370815974635,1996800.000000,5
1426370832906614,1363200.000000,0
1426370832906926,1363200.000000,1
1426370832907239,1363200.000000,2
1426370832907447,1363200.000000,3
1426370832907760,1363200.000000,4
1426370832908072,1363200.000000,5
1426370852157134,1555200.000000,0
1426370852157707,1555200.000000,1
1426370852158176,1555200.000000,2
1426370852158697,1555200.000000,3
1426370852159166,1555200.000000,4
1426370852159739,1555200.000000,5
1426370852316457,1785600.000000,0
1426370852316822,1785600.000000,1
1426370852317134,1785600.000000,2
1426370852317551,1785600.000000,3
1426370852317916,1785600.000000,4
1426370852318228,1785600.000000,5
1426370852469322,1555200.000000,0
1426370852469634,1555200.000000,1
1426370852469947,1555200.000000,2
1426370852470259,1555200.000000,3
1426370852470676,1555200.000000,4
1426370852470989,1555200.000000,5
1426370852537916,1785600.000000,0
1426370852538384,1785600.000000,1
1426370852538697,1785600.000000,2
1426370852539009,1785600.000000,3
1426370852539426,1785600.000000,4
1426370852539791,1785600.000000,5
1426370860879322,1555200.000000,0
1426370860879739,1555200.000000,1
1426370860880051,1555200.000000,2
1426370860880364,1555200.000000,3
1426370860880676,1555200.000000,4
1426370860880989,1555200.000000,5
1426370860920051,1363200.000000,0
1426370860920416,1363200.000000,1
1426370860920728,1363200.000000,2
1426370860921145,1363200.000000,3
1426370860921509,1363200.000000,4
1426370860921926,1363200.000000,5
1426370926897603,1555200.000000,0
1426370926898228,1555200.000000,1
1426370926898697,1555200.000000,2
1426370926899270,1555200.000000,3
1426370926899791,1555200.000000,4
1426370926900259,1555200.000000,5
1426370944857864,1363200.000000,0
1426370944858384,1363200.000000,1
1426370944858801,1363200.000000,2
1426370944859270,1363200.000000,3
1426370944859739,1363200.000000,4
1426370944860259,1363200.000000,5
1426370949486926,1555200.000000,0
1426370949487395,1555200.000000,1
1426370949487864,1555200.000000,2
1426370949488228,1555200.000000,3
1426370949488697,1555200.000000,4
1426370949489009,1555200.000000,5
1426370950604478,1363200.000000,0
1426370950604791,1363200.000000,1
1426370950605207,1363200.000000,2
1426370950605572,1363200.000000,3
1426370950605884,1363200.000000,4
1426370950606301,1363200.000000,5
1426370952321822,1555200.000000,0
1426370952322291,1555200.000000,1
1426370952322707,1555200.000000,2
1426370952323176,1555200.000000,3
1426370952323541,1555200.000000,4
1426370952324009,1555200.000000,5
1426370952640676,1363200.000000,0
1426370952641041,1363200.000000,1
1426370952641509,1363200.000000,2
1426370952641926,1363200.000000,3
1426370952642291,1363200.000000,4
1426370952642603,1363200.000000,5
1426370956823853,1555200.000000,0
1426370956824322,1555200.000000,1
1426370956824791,1555200.000000,2
1426370956825364,1555200.000000,3
1426370956825884,1555200.000000,4
1426370956826509,1555200.000000,5
1426370957132447,1785600.000000,0
1426370957133020,1785600.000000,1
1426370957133489,1785600.000000,2
1426370957133957,1785600.000000,3
1426370957134426,1785600.000000,4
1426370957134895,1785600.000000,5
1426370957492551,1555200.000000,0
1426370957492916,1555200.000000,1
1426370957493332,1555200.000000,2
1426370957493697,1555200.000000,3
1426370957494114,1555200.000000,4
1426370957494478,1555200.000000,5
1426370958170572,1785600.000000,0
1426370958171041,1785600.000000,1
1426370958171509,1785600.000000,2
1426370958171978,1785600.000000,3
1426370958172447,1785600.000000,4
1426370958172916,1785600.000000,5
1426370958280884,1555200.000000,0
1426370958281353,1555200.000000,1
1426370958281770,1555200.000000,2
1426370958282134,1555200.000000,3
1426370958282551,1555200.000000,4
1426370958282916,1555200.000000,5
1426370958326666,1785600.000000,0
1426370958327239,1785600.000000,1
1426370958327707,1785600.000000,2
1426370958328176,1785600.000000,3
1426370958328541,1785600.000000,4
1426370958329114,1785600.000000,5
1426370960854009,1363200.000000,0
1426370960854478,1363200.000000,1
1426370960854791,1363200.000000,2
1426370960855207,1363200.000000,3
1426370960855520,1363200.000000,4
1426370960855832,1363200.000000,5
1426370976853853,1555200.000000,0
1426370976854270,1555200.000000,1
1426370976854739,1555200.000000,2
1426370976855103,1555200.000000,3
1426370976855572,1555200.000000,4
1426370976855989,1555200.000000,5
1426370980510884,1785600.000000,0
1426370980511353,1785600.000000,1
1426370980511770,1785600.000000,2
1426370980512082,1785600.000000,3
1426370980512447,1785600.000000,4
1426370980512759,1785600.000000,5
1426370991034739,2227200.000000,0
1426370991035207,2227200.000000,1
1426370991035572,2227200.000000,2
1426370991035989,2227200.000000,3
1426370991036353,2227200.000000,4
1426370991036770,2227200.000000,5
1426370993312291,1555200.000000,0
1426370993312603,1555200.000000,1
1426370993312864,1555200.000000,2
1426370993313072,1555200.000000,3
1426370993313332,1555200.000000,4
1426370993313541,1555200.000000,5
1426370993391197,2227200.000000,0
1426370993391509,2227200.000000,1
1426370993391978,2227200.000000,2
1426370993392291,2227200.000000,3
1426370993392603,2227200.000000,4
1426370993393020,2227200.000000,5
1426370995607134,1555200.000000,0
1426370995607447,1555200.000000,1
1426370995607603,1555200.000000,2
1426370995607916,1555200.000000,3
1426370995608176,1555200.000000,4
1426370995608384,1555200.000000,5
1426370995695051,2227200.000000,0
1426370995695416,2227200.000000,1
1426370995695832,2227200.000000,2
1426370995696197,2227200.000000,3
1426370995696509,2227200.000000,4
1426370995696926,2227200.000000,5
1426370998298072,1555200.000000,0
1426370998298384,1555200.000000,1
1426370998298645,1555200.000000,2
1426370998298853,1555200.000000,3
1426370998299166,1555200.000000,4
1426370998299322,1555200.000000,5
1426370999208020,2227200.000000,0
1426370999208489,2227200.000000,1
1426370999208801,2227200.000000,2
1426370999209166,2227200.000000,3
1426370999209478,2227200.000000,4
1426370999209895,2227200.000000,5
1426370999329009,1555200.000000,0
1426370999329270,1555200.000000,1
1426370999329478,1555200.000000,2
1426370999329791,1555200.000000,3
1426370999330051,1555200.000000,4
1426370999330259,1555200.000000,5
1426370999356666,2227200.000000,0
1426370999357134,2227200.000000,1
1426370999357447,2227200.000000,2
1426370999357916,2227200.000000,3
1426370999358228,2227200.000000,4
1426370999358645,2227200.000000,5
1426370999530884,1555200.000000,0
1426370999531197,1555200.000000,1
1426370999531509,1555200.000000,2
1426370999531666,1555200.000000,3
1426370999531978,1555200.000000,4
1426370999532239,1555200.000000,5
1426370999696353,2227200.000000,0
1426370999696770,2227200.000000,1
1426370999697134,2227200.000000,2
1426370999697447,2227200.000000,3
1426370999697759,2227200.000000,4
1426370999698176,2227200.000000,5
1426370999957759,1555200.000000,0
1426370999958072,1555200.000000,1
1426370999958228,1555200.000000,2
1426370999958541,1555200.000000,3
1426370999958801,1555200.000000,4
1426370999959009,1555200.000000,5
1426371000004322,2227200.000000,0
1426371000004791,2227200.000000,1
1426371000005103,2227200.000000,2
1426371000005416,2227200.000000,3
1426371000005832,2227200.000000,4
1426371000006197,2227200.000000,5
1426371002292759,1785600.000000,0
1426371002293072,1785600.000000,1
1426371002293332,1785600.000000,2
1426371002293541,1785600.000000,3
1426371002293801,1785600.000000,4
1426371002294009,1785600.000000,5
1426371002576926,2227200.000000,0
1426371002577239,2227200.000000,1
1426371002577447,2227200.000000,2
1426371002577759,2227200.000000,3
1426371002578072,2227200.000000,4
1426371002578384,2227200.000000,5
1426371006770728,1555200.000000,0
1426371006771041,1555200.000000,1
1426371006771353,1555200.000000,2
1426371006771666,1555200.000000,3
1426371006772082,1555200.000000,4
1426371006772395,1555200.000000,5
1426371006789478,2400000.000000,0
1426371006789947,2400000.000000,1
1426371006790364,2400000.000000,2
1426371006790728,2400000.000000,3
1426371006791145,2400000.000000,4
1426371006791509,2400000.000000,5
1426371007167759,1555200.000000,0
1426371007168072,1555200.000000,1
1426371007168384,1555200.000000,2
1426371007168697,1555200.000000,3
1426371007169009,1555200.000000,4
1426371007169322,1555200.000000,5
1426371008929166,2400000.000000,0
1426371008929634,2400000.000000,1
1426371008929947,2400000.000000,2
1426371008930364,2400000.000000,3
1426371008930676,2400000.000000,4
1426371008931041,2400000.000000,5
1426371008950207,1555200.000000,0
1426371008950572,1555200.000000,1
1426371008950884,1555200.000000,2
1426371008951301,1555200.000000,3
1426371008951666,1555200.000000,4
1426371008951978,1555200.000000,5
1426371016867447,2400000.000000,0
1426371016867759,2400000.000000,1
1426371016868228,2400000.000000,2
1426371016868541,2400000.000000,3
1426371016868957,2400000.000000,4
1426371016869322,2400000.000000,5
1426371024883384,1785600.000000,0
1426371024883853,1785600.000000,1
1426371024884166,1785600.000000,2
1426371024884478,1785600.000000,3
1426371024884739,1785600.000000,4
1426371024885051,1785600.000000,5
1426371024971353,2400000.000000,0
1426371024971666,2400000.000000,1
1426371024971978,2400000.000000,2
1426371024972291,2400000.000000,3
1426371024972603,2400000.000000,4
1426371024972916,2400000.000000,5
1426371024996353,1785600.000000,0
1426371024996770,1785600.000000,1
1426371024997082,1785600.000000,2
1426371024997395,1785600.000000,3
1426371024997707,1785600.000000,4
1426371024998020,1785600.000000,5
1426371028653384,1555200.000000,0
1426371028653801,1555200.000000,1
1426371028654114,1555200.000000,2
1426371028654322,1555200.000000,3
1426371028654634,1555200.000000,4
1426371028654947,1555200.000000,5
1426371028832864,1785600.000000,0
1426371028833228,1785600.000000,1
1426371028833541,1785600.000000,2
1426371028833957,1785600.000000,3
1426371028834322,1785600.000000,4
1426371028834634,1785600.000000,5
1426371034223072,2400000.000000,0
1426371034223489,2400000.000000,1
1426371034223697,2400000.000000,2
1426371034224166,2400000.000000,3
1426371034224478,2400000.000000,4
1426371034224739,2400000.000000,5
1426371034292447,1785600.000000,0
1426371034292759,1785600.000000,1
1426371034293072,1785600.000000,2
1426371034293228,1785600.000000,3
1426371034293541,1785600.000000,4
1426371034293697,1785600.000000,5
1426371034490884,1996800.000000,0
1426371034491197,1996800.000000,1
1426371034491509,1996800.000000,2
1426371034491822,1996800.000000,3
1426371034492134,1996800.000000,4
1426371034492447,1996800.000000,5
1426371036736041,2400000.000000,0
1426371036736509,2400000.000000,1
1426371036736926,2400000.000000,2
1426371036737291,2400000.000000,3
1426371036737603,2400000.000000,4
1426371036738020,2400000.000000,5
1426371038849322,2227200.000000,0
1426371038849634,2227200.000000,1
1426371038849947,2227200.000000,2
1426371038850259,2227200.000000,3
1426371038850572,2227200.000000,4
1426371038850884,2227200.000000,5
1426371042825259,1996800.000000,0
1426371042825520,1996800.000000,1
1426371042825728,1996800.000000,2
1426371042825989,1996800.000000,3
1426371042826197,1996800.000000,4
1426371042826509,1996800.000000,5
1426371044832603,2227200.000000,0
1426371044833020,2227200.000000,1
1426371044833228,2227200.000000,2
1426371044833541,2227200.000000,3
1426371044833801,2227200.000000,4
1426371044834114,2227200.000000,5
1426371046531041,1996800.000000,0
1426371046531353,1996800.000000,1
1426371046531509,1996800.000000,2
1426371046531822,1996800.000000,3
1426371046532082,1996800.000000,4
1426371046532291,1996800.000000,5
1426371047332759,2227200.000000,0
1426371047333228,2227200.000000,1
1426371047333541,2227200.000000,2
1426371047333957,2227200.000000,3
1426371047334322,2227200.000000,4
1426371047334634,2227200.000000,5
1426371050797134,1996800.000000,0
1426371050797447,1996800.000000,1
1426371050797707,1996800.000000,2
1426371050797916,1996800.000000,3
1426371050798228,1996800.000000,4
1426371050798489,1996800.000000,5
1426371050835884,2227200.000000,0
1426371050836301,2227200.000000,1
1426371050836666,2227200.000000,2
1426371050836978,2227200.000000,3
1426371050837395,2227200.000000,4
1426371050837759,2227200.000000,5
1426371056844791,1363200.000000,0
1426371056845103,1363200.000000,1
1426371056845416,1363200.000000,2
1426371056845676,1363200.000000,3
1426371056845884,1363200.000000,4
1426371056846145,1363200.000000,5
1426371072172134,1555200.000000,0
1426371072172603,1555200.000000,1
1426371072172916,1555200.000000,2
1426371072173384,1555200.000000,3
1426371072173801,1555200.000000,4
1426371072174270,1555200.000000,5
1426371081405728,2400000.000000,0
1426371081406197,2400000.000000,1
1426371081406509,2400000.000000,2
1426371081406926,2400000.000000,3
1426371081407291,2400000.000000,4
1426371081407603,2400000.000000,5
1426371096997134,1555200.000000,0
1426371096997447,1555200.000000,1
1426371096997707,1555200.000000,2
1426371096997916,1555200.000000,3
1426371096998176,1555200.000000,4
1426371096998384,1555200.000000,5
1426371098134426,2400000.000000,0
1426371098134791,2400000.000000,1
1426371098135259,2400000.000000,2
1426371098135676,2400000.000000,3
1426371098136041,2400000.000000,4
1426371098136457,2400000.000000,5
1426371098913176,1555200.000000,0
1426371098913489,1555200.000000,1
1426371098913801,1555200.000000,2
1426371098914114,1555200.000000,3
1426371098914322,1555200.000000,4
1426371098914739,1555200.000000,5
1426371098935989,2400000.000000,0
1426371098936353,2400000.000000,1
1426371098936666,2400000.000000,2
1426371098937082,2400000.000000,3
1426371098937447,2400000.000000,4
1426371098937759,2400000.000000,5
1426371099091822,1555200.000000,0
1426371099092134,1555200.000000,1
1426371099092395,1555200.000000,2
1426371099092603,1555200.000000,3
1426371099092864,1555200.000000,4
1426371099093072,1555200.000000,5
1426371099221353,1996800.000000,0
1426371099221666,1996800.000000,1
1426371099222082,1996800.000000,2
1426371099222395,1996800.000000,3
1426371099222759,1996800.000000,4
1426371099223072,1996800.000000,5
1426371101530103,2400000.000000,0
1426371101530416,2400000.000000,1
1426371101530728,2400000.000000,2
1426371101531041,2400000.000000,3
1426371101531301,2400000.000000,4
1426371101531509,2400000.000000,5
1426371101842291,1996800.000000,0
1426371101842603,1996800.000000,1
1426371101842864,1996800.000000,2
1426371101843176,1996800.000000,3
1426371101843489,1996800.000000,4
1426371101843801,1996800.000000,5
1426371101864739,2400000.000000,0
1426371101865051,2400000.000000,1
1426371101865364,2400000.000000,2
1426371101865676,2400000.000000,3
1426371101865884,2400000.000000,4
1426371101866197,2400000.000000,5
1426371120359426,1996800.000000,0
1426371120359634,1996800.000000,1
1426371120359947,1996800.000000,2
1426371120360259,1996800.000000,3
1426371120360572,1996800.000000,4
1426371120360884,1996800.000000,5
1426371136914270,1363200.000000,0
1426371136914582,1363200.000000,1
1426371136914895,1363200.000000,2
1426371136915103,1363200.000000,3
1426371136915416,1363200.000000,4
1426371136915728,1363200.000000,5
1426371154131457,1555200.000000,0
1426371154131978,1555200.000000,1
1426371154132395,1555200.000000,2
1426371154132759,1555200.000000,3
1426371154133228,1555200.000000,4
1426371154133541,1555200.000000,5
1426371154455364,1785600.000000,0
1426371154455728,1785600.000000,1
1426371154456145,1785600.000000,2
1426371154456509,1785600.000000,3
1426371154456822,1785600.000000,4
1426371154457239,1785600.000000,5
1426371154703489,1555200.000000,0
1426371154703853,1555200.000000,1
1426371154704166,1555200.000000,2
1426371154704478,1555200.000000,3
1426371154704791,1555200.000000,4
1426371154705103,1555200.000000,5
1426371154735520,1785600.000000,0
1426371154736041,1785600.000000,1
1426371154736509,1785600.000000,2
1426371154736978,1785600.000000,3
1426371154737447,1785600.000000,4
1426371154737916,1785600.000000,5
1426371166752134,2227200.000000,0
1426371166752447,2227200.000000,1
1426371166752864,2227200.000000,2
1426371166753228,2227200.000000,3
1426371166753541,2227200.000000,4
1426371166753853,2227200.000000,5
1426371181336926,2400000.000000,0
1426371181337239,2400000.000000,1
1426371181337447,2400000.000000,2
1426371181337707,2400000.000000,3
1426371181337916,2400000.000000,4
1426371181338228,2400000.000000,5
1426371183080884,1363200.000000,0
1426371183081145,1363200.000000,1
1426371183081353,1363200.000000,2
1426371183081666,1363200.000000,3
1426371183081822,1363200.000000,4
1426371183082134,1363200.000000,5
1426371198750520,1785600.000000,0
1426371198751041,1785600.000000,1
1426371198751509,1785600.000000,2
1426371198751822,1785600.000000,3
1426371198752291,1785600.000000,4
1426371198752603,1785600.000000,5
1426371216858228,1555200.000000,0
1426371216858697,1555200.000000,1
1426371216859009,1555200.000000,2
1426371216859322,1555200.000000,3
1426371216859634,1555200.000000,4
1426371216859947,1555200.000000,5
1426371221453645,1996800.000000,0
1426371221454009,1996800.000000,1
1426371221454426,1996800.000000,2
1426371221454791,1996800.000000,3
1426371221455103,1996800.000000,4
1426371221455416,1996800.000000,5
1426371221723853,1785600.000000,0
1426371221724166,1785600.000000,1
1426371221724478,1785600.000000,2
1426371221724791,1785600.000000,3
1426371221725051,1785600.000000,4
1426371221725364,1785600.000000,5
1426371222049634,1996800.000000,0
1426371222050103,1996800.000000,1
1426371222050572,1996800.000000,2
1426371222050884,1996800.000000,3
1426371222051353,1996800.000000,4
1426371222051666,1996800.000000,5
1426371232944739,1363200.000000,0
1426371232945103,1363200.000000,1
1426371232945520,1363200.000000,2
1426371232945832,1363200.000000,3
1426371232946197,1363200.000000,4
1426371232946509,1363200.000000,5
1426371254175728,1555200.000000,0
1426371254176197,1555200.000000,1
1426371254176666,1555200.000000,2
1426371254177082,1555200.000000,3
1426371254177447,1555200.000000,4
1426371254177916,1555200.000000,5
1426371254438853,1785600.000000,0
1426371254439166,1785600.000000,1
1426371254439582,1785600.000000,2
1426371254439947,1785600.000000,3
1426371254440364,1785600.000000,4
1426371254440728,1785600.000000,5
1426371255260728,1555200.000000,0
1426371255261041,1555200.000000,1
1426371255261353,1555200.000000,2
1426371255261666,1555200.000000,3
1426371255261978,1555200.000000,4
1426371255262291,1555200.000000,5
1426371264860207,1363200.000000,0
1426371264860676,1363200.000000,1
1426371264861041,1363200.000000,2
1426371264861353,1363200.000000,3
1426371264861770,1363200.000000,4
1426371264862134,1363200.000000,5
1426371280855103,1555200.000000,0
1426371280855572,1555200.000000,1
1426371280855988,1555200.000000,2
1426371280856353,1555200.000000,3
1426371280856822,1555200.000000,4
1426371280857238,1555200.000000,5
1426371286138384,1785600.000000,0
1426371286138801,1785600.000000,1
1426371286139166,1785600.000000,2
1426371286139582,1785600.000000,3
1426371286139947,1785600.000000,4
1426371286140363,1785600.000000,5
1426371286181145,1555200.000000,0
1426371286181457,1555200.000000,1
1426371286181770,1555200.000000,2
1426371286182082,1555200.000000,3
1426371286182395,1555200.000000,4
1426371286182707,1555200.000000,5
1426371295742238,1785600.000000,0
1426371295742603,1785600.000000,1
1426371295743020,1785600.000000,2
1426371295743384,1785600.000000,3
1426371295743697,1785600.000000,4
1426371295744009,1785600.000000,5
1426371312849478,1555200.000000,0
1426371312849947,1555200.000000,1
1426371312850259,1555200.000000,2
1426371312850572,1555200.000000,3
1426371312850884,1555200.000000,4
1426371312851197,1555200.000000,5
1426371338084582,2400000.000000,0
1426371338085051,2400000.000000,1
1426371338085363,2400000.000000,2
1426371338085728,2400000.000000,3
1426371338086041,2400000.000000,4
1426371338086353,2400000.000000,5
1426371342239791,1996800.000000,0
1426371342240103,1996800.000000,1
1426371342240259,1996800.000000,2
1426371342240572,1996800.000000,3
1426371342240728,1996800.000000,4
1426371342241041,1996800.000000,5
1426371342898228,2227200.000000,0
1426371342898541,2227200.000000,1
1426371342898853,2227200.000000,2
1426371342899166,2227200.000000,3
1426371342899426,2227200.000000,4
1426371342899738,2227200.000000,5
1426371344257134,1555200.000000,0
1426371344257447,1555200.000000,1
1426371344257759,1555200.000000,2
1426371344258020,1555200.000000,3
1426371344258228,1555200.000000,4
1426371344258488,1555200.000000,5
1426371344397447,2227200.000000,0
1426371344397916,2227200.000000,1
1426371344398384,2227200.000000,2
1426371344398853,2227200.000000,3
1426371344399426,2227200.000000,4
1426371344399895,2227200.000000,5
1426371348512238,1555200.000000,0
1426371348512551,1555200.000000,1
1426371348512759,1555200.000000,2
1426371348513020,1555200.000000,3
1426371348513228,1555200.000000,4
1426371348513541,1555200.000000,5
1426371349211978,2227200.000000,0
1426371349212447,2227200.000000,1
1426371349212759,2227200.000000,2
1426371349213176,2227200.000000,3
1426371349213541,2227200.000000,4
1426371349213853,2227200.000000,5
1426371350686666,1555200.000000,0
1426371350686978,1555200.000000,1
1426371350687291,1555200.000000,2
1426371350687707,1555200.000000,3
1426371350688020,1555200.000000,4
1426371350688332,1555200.000000,5
1426371350741822,2227200.000000,0
1426371350742291,2227200.000000,1
1426371350742707,2227200.000000,2
1426371350743072,2227200.000000,3
1426371350743384,2227200.000000,4
1426371350743801,2227200.000000,5
1426371352936822,1555200.000000,0
1426371352937134,1555200.000000,1
1426371352937395,1555200.000000,2
1426371352937603,1555200.000000,3
1426371352937916,1555200.000000,4
1426371352938176,1555200.000000,5
1426371353035520,2227200.000000,0
1426371353035884,2227200.000000,1
1426371353036197,2227200.000000,2
1426371353036613,2227200.000000,3
1426371353036978,2227200.000000,4
1426371353037291,2227200.000000,5
1426371353375832,1555200.000000,0
1426371353376041,1555200.000000,1
1426371353376353,1555200.000000,2
1426371353376613,1555200.000000,3
1426371353376822,1555200.000000,4
1426371353377082,1555200.000000,5
1426371353652551,2227200.000000,0
1426371353652916,2227200.000000,1
1426371353653332,2227200.000000,2
1426371353653645,2227200.000000,3
1426371353654009,2227200.000000,4
1426371353654322,2227200.000000,5
1426371353798332,1555200.000000,0
1426371353798541,1555200.000000,1
1426371353798853,1555200.000000,2
1426371353799166,1555200.000000,3
1426371353799478,1555200.000000,4
1426371353799791,1555200.000000,5
1426371360845103,1785600.000000,0
1426371360845572,1785600.000000,1
1426371360846041,1785600.000000,2
1426371360846509,1785600.000000,3
1426371360846978,1785600.000000,4
1426371360847447,1785600.000000,5
1426371376895988,1363200.000000,0
1426371376896353,1363200.000000,1
1426371376896666,1363200.000000,2
1426371376896978,1363200.000000,3
1426371376897291,1363200.000000,4
1426371376897603,1363200.000000,5
1426371405034947,1555200.000000,0
1426371405035520,1555200.000000,1
1426371405035988,1555200.000000,2
1426371405036509,1555200.000000,3
1426371405037082,1555200.000000,4
1426371405037603,1555200.000000,5
1426371407143697,1785600.000000,0
1426371407144166,1785600.000000,1
1426371407144478,1785600.000000,2
1426371407144895,1785600.000000,3
1426371407145207,1785600.000000,4
1426371407145572,1785600.000000,5
1426371419382134,1555200.000000,0
1426371419382551,1555200.000000,1
1426371419382863,1555200.000000,2
1426371419383176,1555200.000000,3
1426371419383488,1555200.000000,4
1426371419383697,1555200.000000,5
1426371419548384,1785600.000000,0
1426371419548801,1785600.000000,1
1426371419549113,1785600.000000,2
1426371419549478,1785600.000000,3
1426371419549791,1785600.000000,4
1426371419550207,1785600.000000,5
1426371424843697,1363200.000000,0
1426371424844166,1363200.000000,1
1426371424844582,1363200.000000,2
1426371424844947,1363200.000000,3
1426371424845416,1363200.000000,4
1426371424845832,1363200.000000,5
1426371504853020,1785600.000000,0
1426371504853697,1785600.000000,1
1426371504854165,1785600.000000,2
1426371504854582,1785600.000000,3
1426371504854947,1785600.000000,4
1426371504855363,1785600.000000,5
1426371520930728,1363200.000000,0
1426371520931040,1363200.000000,1
1426371520931353,1363200.000000,2
1426371520931665,1363200.000000,3
1426371520932134,1363200.000000,4
1426371520932551,1363200.000000,5
1426371598765676,1785600.000000,0
1426371598766353,1785600.000000,1
1426371598766822,1785600.000000,2
1426371598767290,1785600.000000,3
1426371598767863,1785600.000000,4
1426371598768384,1785600.000000,5
1426371603628072,1555200.000000,0
1426371603628488,1555200.000000,1
1426371603628801,1555200.000000,2
1426371603629113,1555200.000000,3
1426371603629426,1555200.000000,4
1426371603629738,1555200.000000,5
1426371603978332,1785600.000000,0
1426371603978697,1785600.000000,1
1426371603979113,1785600.000000,2
1426371603979478,1785600.000000,3
1426371603979790,1785600.000000,4
1426371603980207,1785600.000000,5
1426371604226665,1555200.000000,0
1426371604226978,1555200.000000,1
1426371604227290,1555200.000000,2
1426371604227707,1555200.000000,3
1426371604227915,1555200.000000,4
1426371604228228,1555200.000000,5
1426371612872447,1785600.000000,0
1426371612872915,1785600.000000,1
1426371612873384,1785600.000000,2
1426371612873801,1785600.000000,3
1426371612874270,1785600.000000,4
1426371612874738,1785600.000000,5
1426371616890103,1996800.000000,0
1426371616890572,1996800.000000,1
1426371616891040,1996800.000000,2
1426371616891457,1996800.000000,3
1426371616891822,1996800.000000,4
1426371616892238,1996800.000000,5
1426371617585415,1555200.000000,0
1426371617585728,1555200.000000,1
1426371617586040,1555200.000000,2
1426371617586457,1555200.000000,3
1426371617586822,1555200.000000,4
1426371617587134,1555200.000000,5
1426371624917082,1996800.000000,0
1426371624917603,1996800.000000,1
1426371624918072,1996800.000000,2
1426371624918488,1996800.000000,3
1426371624918957,1996800.000000,4
1426371624919322,1996800.000000,5
1426371632854270,1363200.000000,0
1426371632854634,1363200.000000,1
1426371632854947,1363200.000000,2
1426371632855259,1363200.000000,3
1426371632855676,1363200.000000,4
1426371632856040,1363200.000000,5
1426371696861665,1555200.000000,0
1426371696862290,1555200.000000,1
1426371696862759,1555200.000000,2
1426371696863384,1555200.000000,3
1426371696863853,1555200.000000,4
1426371696864426,1555200.000000,5
1426371729665832,1363200.000000,0
1426371729666457,1363200.000000,1
1426371729666978,1363200.000000,2
1426371729667551,1363200.000000,3
1426371729668072,1363200.000000,4
1426371729668645,1363200.000000,5
1426371776861040,1555200.000000,0
1426371776861613,1555200.000000,1
1426371776861978,1555200.000000,2
1426371776862447,1555200.000000,3
1426371776862863,1555200.000000,4
1426371776863228,1555200.000000,5
1426371781387290,1785600.000000,0
1426371781387707,1785600.000000,1
1426371781388072,1785600.000000,2
1426371781388384,1785600.000000,3
1426371781388697,1785600.000000,4
1426371781389113,1785600.000000,5
1426371781669947,1555200.000000,0
1426371781670363,1555200.000000,1
1426371781670676,1555200.000000,2
1426371781671040,1555200.000000,3
1426371781671353,1555200.000000,4
1426371781671665,1555200.000000,5
1426371781700884,1785600.000000,0
1426371781701353,1785600.000000,1
1426371781701822,1785600.000000,2
1426371781702134,1785600.000000,3
1426371781702603,1785600.000000,4
1426371781703020,1785600.000000,5
1426371791107603,1555200.000000,0
1426371791108020,1555200.000000,1
1426371791108384,1555200.000000,2
1426371791108697,1555200.000000,3
1426371791109009,1555200.000000,4
1426371791109322,1555200.000000,5
1426371791137082,1363200.000000,0
1426371791137447,1363200.000000,1
1426371791137863,1363200.000000,2
1426371791138176,1363200.000000,3
1426371791138540,1363200.000000,4
1426371791138853,1363200.000000,5
1426371806919478,1785600.000000,0
1426371806920051,1785600.000000,1
1426371806920415,1785600.000000,2
1426371806920884,1785600.000000,3
1426371806921301,1785600.000000,4
1426371806921665,1785600.000000,5
1426371831355728,1363200.000000,0
1426371831356040,1363200.000000,1
1426371831356353,1363200.000000,2
1426371831356770,1363200.000000,3
1426371831356978,1363200.000000,4
1426371831357290,1363200.000000,5
1426371841368540,1555200.000000,0
1426371841369113,1555200.000000,1
1426371841369634,1555200.000000,2
1426371841370103,1555200.000000,3
1426371841370676,1555200.000000,4
1426371841371197,1555200.000000,5
1426371842254738,1363200.000000,0
1426371842255207,1363200.000000,1
1426371842255676,1363200.000000,2
1426371842256040,1363200.000000,3
1426371842256509,1363200.000000,4
1426371842256978,1363200.000000,5
1426371896751040,1152000.000000,0
1426371896751665,1152000.000000,1
1426371896752238,1152000.000000,2
1426371896752863,1152000.000000,3
1426371896753488,1152000.000000,4
1426371896754009,1152000.000000,5
1426371902814165,1785600.000000,0
1426371902814738,1785600.000000,1
1426371902815259,1785600.000000,2
1426371902815728,1785600.000000,3
1426371902816301,1785600.000000,4
1426371902816665,1785600.000000,5
1426371905739009,1555200.000000,0
1426371905739322,1555200.000000,1
1426371905739634,1555200.000000,2
1426371905739947,1555200.000000,3
1426371905740259,1555200.000000,4
1426371905740572,1555200.000000,5
1426371905877134,1785600.000000,0
1426371905877447,1785600.000000,1
1426371905877915,1785600.000000,2
1426371905878228,1785600.000000,3
1426371905878540,1785600.000000,4
1426371905879009,1785600.000000,5
1426371906204009,1555200.000000,0
1426371906204322,1555200.000000,1
1426371906204634,1555200.000000,2
1426371906204947,1555200.000000,3
1426371906205259,1555200.000000,4
1426371906205572,1555200.000000,5
1426371906256978,1785600.000000,0
1426371906257395,1785600.000000,1
1426371906257707,1785600.000000,2
1426371906258072,1785600.000000,3
1426371906258488,1785600.000000,4
1426371906258853,1785600.000000,5
1426371918094790,1555200.000000,0
1426371918095259,1555200.000000,1
1426371918095728,1555200.000000,2
1426371918096040,1555200.000000,3
1426371918096457,1555200.000000,4
1426371918096822,1555200.000000,5
1426371932406769,1785600.000000,0
1426371932407134,1785600.000000,1
1426371932407603,1785600.000000,2
1426371932407915,1785600.000000,3
1426371932408332,1785600.000000,4
1426371932408697,1785600.000000,5
1426371934784165,1555200.000000,0
1426371934784582,1555200.000000,1
1426371934784894,1555200.000000,2
1426371934785207,1555200.000000,3
1426371934785572,1555200.000000,4
1426371934785884,1555200.000000,5
1426371934847603,2400000.000000,0
1426371934848072,2400000.000000,1
1426371934848384,2400000.000000,2
1426371934848801,2400000.000000,3
1426371934849113,2400000.000000,4
1426371934849478,2400000.000000,5
1426371934933488,1555200.000000,0
1426371934933697,1555200.000000,1
1426371934934009,1555200.000000,2
1426371934934269,1555200.000000,3
1426371934934478,1555200.000000,4
1426371934934634,1555200.000000,5
1426371935105884,1996800.000000,0
1426371935106301,1996800.000000,1
1426371935106665,1996800.000000,2
1426371935106978,1996800.000000,3
1426371935107394,1996800.000000,4
1426371935107707,1996800.000000,5
1426371950851509,556800.000000,0
1426371950851769,556800.000000,1
1426371950852082,556800.000000,2
1426371950852394,556800.000000,3
1426371950852707,556800.000000,4
1426371950853072,556800.000000,5
1426371998955259,1363200.000000,0
1426371998956457,1363200.000000,1
1426371998957447,1363200.000000,2
1426371998958488,1363200.000000,3
1426371998959634,1363200.000000,4
1426371998960676,1363200.000000,5
1426372016090103,1785600.000000,0
1426372016090572,1785600.000000,1
1426372016090988,1785600.000000,2
1426372016091353,1785600.000000,3
1426372016091769,1785600.000000,4
1426372016092134,1785600.000000,5
1426372032254894,556800.000000,0
1426372032255415,556800.000000,1
1426372032256144,556800.000000,2
1426372032257551,556800.000000,3
1426372032258801,556800.000000,4
1426372032263176,556800.000000,5
1426372058216040,748800.000000,0
1426372058217238,748800.000000,1
1426372058218228,748800.000000,2
1426372058219269,748800.000000,3
1426372058220207,748800.000000,4
1426372058221197,748800.000000,5
1426372064716509,556800.000000,0
1426372064720207,556800.000000,1
1426372064721457,556800.000000,2
1426372064722759,556800.000000,3
1426372064724165,556800.000000,4
1426372064725415,556800.000000,5
1426372095148384,1363200.000000,0
1426372095149582,1363200.000000,1
1426372095150572,1363200.000000,2
1426372095151509,1363200.000000,3
1426372095152551,1363200.000000,4
1426372095153488,1363200.000000,5
1426372112574478,1555200.000000,0
1426372112574947,1555200.000000,1
1426372112575415,1555200.000000,2
1426372112575832,1555200.000000,3
1426372112576197,1555200.000000,4
1426372112576665,1555200.000000,5
1426372112602082,1785600.000000,0
1426372112602447,1785600.000000,1
1426372112602863,1785600.000000,2
1426372112603176,1785600.000000,3
1426372112603540,1785600.000000,4
1426372112603957,1785600.000000,5
1426372128659947,556800.000000,0
1426372128660415,556800.000000,1
1426372128661353,556800.000000,2
1426372128662603,556800.000000,3
1426372128663853,556800.000000,4
1426372128665207,556800.000000,5
1426372157403488,748800.000000,0
1426372157404790,748800.000000,1
1426372157405884,748800.000000,2
1426372157406821,748800.000000,3
1426372157407915,748800.000000,4
1426372157408853,748800.000000,5
1426372158204321,556800.000000,0
1426372158205728,556800.000000,1
1426372158207082,556800.000000,2
1426372158208332,556800.000000,3
1426372158209634,556800.000000,4
1426372158210988,556800.000000,5
1426372167568696,748800.000000,0
1426372167569790,748800.000000,1
1426372167570728,748800.000000,2
1426372167571665,748800.000000,3
1426372167572759,748800.000000,4
1426372167573696,748800.000000,5
1426372168851301,556800.000000,0
1426372168852394,556800.000000,1
1426372168853696,556800.000000,2
1426372168855051,556800.000000,3
1426372168856301,556800.000000,4
1426372168857551,556800.000000,5
1426372192891353,748800.000000,0
1426372192892603,748800.000000,1
1426372192893540,748800.000000,2
1426372192894634,748800.000000,3
1426372192895676,748800.000000,4
1426372192896665,748800.000000,5
1426372207704165,1363200.000000,0
1426372207705103,1363200.000000,1
1426372207705884,1363200.000000,2
1426372207706665,1363200.000000,3
1426372207707394,1363200.000000,4
1426372207708176,1363200.000000,5
1426372220861457,1785600.000000,0
1426372220861978,1785600.000000,1
1426372220862551,1785600.000000,2
1426372220863071,1785600.000000,3
1426372220863644,1785600.000000,4
1426372220864165,1785600.000000,5
1426372220892446,1363200.000000,0
1426372220892915,1363200.000000,1
1426372220893384,1363200.000000,2
1426372220893696,1363200.000000,3
1426372220894165,1363200.000000,4
1426372220894582,1363200.000000,5
1426372220912238,1555200.000000,0
1426372220912759,1555200.000000,1
1426372220913228,1555200.000000,2
1426372220913853,1555200.000000,3
1426372220914321,1555200.000000,4
1426372220914894,1555200.000000,5
1426372226804790,1785600.000000,0
1426372226805259,1785600.000000,1
1426372226805728,1785600.000000,2
1426372226806196,1785600.000000,3
1426372226806665,1785600.000000,4
1426372226807082,1785600.000000,5
1426372226867603,1555200.000000,0
1426372226868071,1555200.000000,1
1426372226868488,1555200.000000,2
1426372226868853,1555200.000000,3
1426372226869321,1555200.000000,4
1426372226869738,1555200.000000,5
1426372240529009,748800.000000,0
1426372240529582,748800.000000,1
1426372240530051,748800.000000,2
1426372240530415,748800.000000,3
1426372240530884,748800.000000,4
1426372240531457,748800.000000,5
1426372254888228,556800.000000,0
1426372254889790,556800.000000,1
1426372254890884,556800.000000,2
1426372254891926,556800.000000,3
1426372254892915,556800.000000,4
1426372254893853,556800.000000,5
1426372270788540,748800.000000,0
1426372270789946,748800.000000,1
1426372270791196,748800.000000,2
1426372270792446,748800.000000,3
1426372270793644,748800.000000,4
1426372270794790,748800.000000,5
1426372281438228,1152000.000000,0
1426372281439113,1152000.000000,1
1426372281439894,1152000.000000,2
1426372281440571,1152000.000000,3
1426372281441353,1152000.000000,4
1426372281442134,1152000.000000,5
1426372288930832,556800.000000,0
1426372288931509,556800.000000,1
1426372288931978,556800.000000,2
1426372288932707,556800.000000,3
1426372288933696,556800.000000,4
1426372288934634,556800.000000,5
1426372302843540,1363200.000000,0
1426372302845103,1363200.000000,1
1426372302846457,1363200.000000,2
1426372302847759,1363200.000000,3
1426372302851353,1363200.000000,4
1426372302852707,1363200.000000,5
1426372320859790,1555200.000000,0
1426372320860363,1555200.000000,1
1426372320860884,1555200.000000,2
1426372320861353,1555200.000000,3
1426372320861821,1555200.000000,4
1426372320862394,1555200.000000,5
1426372348985988,556800.000000,0
1426372348986978,556800.000000,1
1426372348988176,556800.000000,2
1426372348989426,556800.000000,3
1426372348990728,556800.000000,4
1426372348991978,556800.000000,5
1426372357364790,748800.000000,0
1426372357365884,748800.000000,1
1426372357367134,748800.000000,2
1426372357368071,748800.000000,3
1426372357369113,748800.000000,4
1426372357370103,748800.000000,5
1426372358278696,556800.000000,0
1426372358279946,556800.000000,1
1426372358280884,556800.000000,2
1426372358281926,556800.000000,3
1426372358282915,556800.000000,4
1426372358283957,556800.000000,5
1426372381716978,1555200.000000,0
1426372381718176,1555200.000000,1
1426372381719165,1555200.000000,2
1426372381720103,1555200.000000,3
1426372381721301,1555200.000000,4
1426372381722290,1555200.000000,5
1426372384872603,748800.000000,0
1426372384873019,748800.000000,1
1426372384873384,748800.000000,2
1426372384873696,748800.000000,3
1426372384874113,748800.000000,4
1426372384874478,748800.000000,5
1426372400872603,1363200.000000,0
1426372400873384,1363200.000000,1
1426372400874165,1363200.000000,2
1426372400874894,1363200.000000,3
1426372400875571,1363200.000000,4
1426372400876353,1363200.000000,5
1426372414932446,1555200.000000,0
1426372414932915,1555200.000000,1
1426372414933384,1555200.000000,2
1426372414933801,1555200.000000,3
1426372414934165,1555200.000000,4
1426372414934634,1555200.000000,5
1426372417903384,2400000.000000,0
1426372417903801,2400000.000000,1
1426372417904165,2400000.000000,2
1426372417904478,2400000.000000,3
1426372417904790,2400000.000000,4
1426372417905259,2400000.000000,5
1426372431178228,556800.000000,0
1426372431178540,556800.000000,1
1426372431178853,556800.000000,2
1426372431179165,556800.000000,3
1426372431179790,556800.000000,4
1426372431180884,556800.000000,5
1426372434605051,960000.000000,0
1426372434606196,960000.000000,1
1426372434607238,960000.000000,2
1426372434608228,960000.000000,3
1426372434609321,960000.000000,4
1426372434610259,960000.000000,5
1426372434977134,556800.000000,0
1426372434978488,556800.000000,1
1426372434979738,556800.000000,2
1426372434981040,556800.000000,3
1426372434982290,556800.000000,4
1426372434983540,556800.000000,5
1426372461442290,1785600.000000,0
1426372461443540,1785600.000000,1
1426372461444634,1785600.000000,2
1426372461445728,1785600.000000,3
1426372461446665,1785600.000000,4
1426372461447603,1785600.000000,5
1426372461547759,556800.000000,0
1426372461548071,556800.000000,1
1426372461548488,556800.000000,2
1426372461548801,556800.000000,3
1426372461549165,556800.000000,4
1426372461549478,556800.000000,5
1426372473064113,960000.000000,0
1426372473065103,960000.000000,1
1426372473066196,960000.000000,2
1426372473067134,960000.000000,3
1426372473068071,960000.000000,4
1426372473069165,960000.000000,5
1426372480894790,556800.000000,0
1426372480895571,556800.000000,1
1426372480896665,556800.000000,2
1426372480897915,556800.000000,3
1426372480899269,556800.000000,4
1426372480900415,556800.000000,5
1426372482040728,1363200.000000,0
1426372482041926,1363200.000000,1
1426372482042915,1363200.000000,2
1426372482043957,1363200.000000,3
1426372482044946,1363200.000000,4
1426372482045988,1363200.000000,5
1426372520755988,1555200.000000,0
1426372520756353,1555200.000000,1
1426372520756821,1555200.000000,2
1426372520757290,1555200.000000,3
1426372520757707,1555200.000000,4
1426372520758071,1555200.000000,5
1426372528933019,1996800.000000,0
1426372528933540,1996800.000000,1
1426372528934009,1996800.000000,2
1426372528934426,1996800.000000,3
1426372528934894,1996800.000000,4
1426372528935363,1996800.000000,5
1426372528984634,1555200.000000,0
1426372528984946,1555200.000000,1
1426372528985259,1555200.000000,2
1426372528985571,1555200.000000,3
1426372528985884,1555200.000000,4
1426372528986144,1555200.000000,5
1426372533380415,1785600.000000,0
1426372533380832,1785600.000000,1
1426372533381196,1785600.000000,2
1426372533381613,1785600.000000,3
1426372533381978,1785600.000000,4
1426372533382290,1785600.000000,5
1426372533459009,1555200.000000,0
1426372533459426,1555200.000000,1
1426372533459738,1555200.000000,2
1426372533460103,1555200.000000,3
1426372533460415,1555200.000000,4
1426372533460728,1555200.000000,5
1426372553741196,1785600.000000,0
1426372553741769,1785600.000000,1
1426372553742134,1785600.000000,2
1426372553742603,1785600.000000,3
1426372553743071,1785600.000000,4
1426372553743540,1785600.000000,5
1426372556304894,1555200.000000,0
1426372556305259,1555200.000000,1
1426372556305571,1555200.000000,2
1426372556308228,1555200.000000,3
1426372556308644,1555200.000000,4
1426372556309009,1555200.000000,5
1426372556487551,1785600.000000,0
1426372556487915,1785600.000000,1
1426372556488228,1785600.000000,2
1426372556488644,1785600.000000,3
1426372556489009,1785600.000000,4
1426372556489321,1785600.000000,5
1426372556716821,1555200.000000,0
1426372556717238,1555200.000000,1
1426372556717603,1555200.000000,2
1426372556717915,1555200.000000,3
1426372556718228,1555200.000000,4
1426372556718540,1555200.000000,5
1426372558759009,748800.000000,0
1426372558759478,748800.000000,1
1426372558759790,748800.000000,2
1426372558760207,748800.000000,3
1426372558760832,748800.000000,4
1426372558761509,748800.000000,5
1426372574754582,556800.000000,0
1426372574755415,556800.000000,1
1426372574756613,556800.000000,2
1426372574757603,556800.000000,3
1426372574758644,556800.000000,4
1426372574759634,556800.000000,5
1426372581175676,1363200.000000,0
1426372581176821,1363200.000000,1
1426372581179790,1363200.000000,2
1426372581180728,1363200.000000,3
1426372581181821,1363200.000000,4
1426372581182759,1363200.000000,5
1426372592887290,1152000.000000,0
1426372592888228,1152000.000000,1
1426372592888696,1152000.000000,2
1426372592889165,1152000.000000,3
1426372592889634,1152000.000000,4
1426372592890103,1152000.000000,5
1426372607669738,1555200.000000,0
1426372607670259,1555200.000000,1
1426372607670728,1555200.000000,2
1426372607671300,1555200.000000,3
1426372607671769,1555200.000000,4
1426372607672290,1555200.000000,5
1426372624262915,556800.000000,0
1426372624264582,556800.000000,1
1426372624265884,556800.000000,2
1426372624267134,556800.000000,3
1426372624268488,556800.000000,4
1426372624269738,556800.000000,5
1426372670784165,748800.000000,0
1426372670785728,748800.000000,1
1426372670787134,748800.000000,2
1426372670788384,748800.000000,3
1426372670789634,748800.000000,4
1426372670790832,748800.000000,5
1426372670960832,556800.000000,0
1426372670962082,556800.000000,1
1426372670963071,556800.000000,2
1426372670964009,556800.000000,3
1426372670965050,556800.000000,4
1426372670966040,556800.000000,5
1426372688942603,1363200.000000,0
1426372688943800,1363200.000000,1
1426372688944738,1363200.000000,2
1426372688945728,1363200.000000,3
1426372688946665,1363200.000000,4
1426372688947759,1363200.000000,5
1426372704880675,1785600.000000,0
1426372704881821,1785600.000000,1
1426372704882290,1785600.000000,2
1426372704882707,1785600.000000,3
1426372704883071,1785600.000000,4
1426372704883540,1785600.000000,5
1426372709674321,1555200.000000,0
1426372709674738,1555200.000000,1
1426372709675050,1555200.000000,2
1426372709675259,1555200.000000,3
1426372709675571,1555200.000000,4
1426372709675884,1555200.000000,5
1426372710285050,1785600.000000,0
1426372710285519,1785600.000000,1
1426372710285884,1785600.000000,2
1426372710286300,1785600.000000,3
1426372710286613,1785600.000000,4
1426372710286978,1785600.000000,5
1426372710704165,1555200.000000,0
1426372710704478,1555200.000000,1
1426372710704790,1555200.000000,2
1426372710705103,1555200.000000,3
1426372710705415,1555200.000000,4
1426372710705728,1555200.000000,5
1426372710990884,1785600.000000,0
1426372710991353,1785600.000000,1
1426372710991665,1785600.000000,2
1426372710991978,1785600.000000,3
1426372710992290,1785600.000000,4
1426372710992759,1785600.000000,5
1426372715927707,1555200.000000,0
1426372715928071,1555200.000000,1
1426372715928384,1555200.000000,2
1426372715928696,1555200.000000,3
1426372715929009,1555200.000000,4
1426372715929321,1555200.000000,5
1426372716832759,1785600.000000,0
1426372716833228,1785600.000000,1
1426372716833540,1785600.000000,2
1426372716833853,1785600.000000,3
1426372716834269,1785600.000000,4
1426372716834634,1785600.000000,5
1426372736863540,556800.000000,0
1426372736864009,556800.000000,1
1426372736864478,556800.000000,2
1426372736865519,556800.000000,3
1426372736866925,556800.000000,4
1426372736868071,556800.000000,5
1426372764020103,748800.000000,0
1426372764021353,748800.000000,1
1426372764022446,748800.000000,2
1426372764023488,748800.000000,3
1426372764024478,748800.000000,4
1426372764025415,748800.000000,5
1426372766873228,556800.000000,0
1426372766874009,556800.000000,1
1426372766874946,556800.000000,2
1426372766876144,556800.000000,3
1426372766877134,556800.000000,4
1426372766878071,556800.000000,5
1426372779154321,1555200.000000,0
1426372779155675,1555200.000000,1
1426372779156925,1555200.000000,2
1426372779158228,1555200.000000,3
1426372779159478,1555200.000000,4
1426372779160832,1555200.000000,5
1426372779769790,556800.000000,0
1426372779770259,556800.000000,1
1426372779770571,556800.000000,2
1426372779770988,556800.000000,3
1426372779771353,556800.000000,4
1426372779771665,556800.000000,5
1426372800883071,1363200.000000,0
1426372800884321,1363200.000000,1
1426372800885259,1363200.000000,2
1426372800886196,1363200.000000,3
1426372800887238,1363200.000000,4
1426372800888175,1363200.000000,5
1426372815524113,1785600.000000,0
1426372815524790,1785600.000000,1
1426372815525259,1785600.000000,2
1426372815525832,1785600.000000,3
1426372815526352,1785600.000000,4
1426372815526821,1785600.000000,5
1426372819479009,1555200.000000,0
1426372819479425,1555200.000000,1
1426372819479634,1555200.000000,2
1426372819480050,1555200.000000,3
1426372819480259,1555200.000000,4
1426372819480675,1555200.000000,5
1426372854552134,2400000.000000,0
1426372854552446,2400000.000000,1
1426372854552863,2400000.000000,2
1426372854553227,2400000.000000,3
1426372854553696,2400000.000000,4
1426372854554009,2400000.000000,5
1426372854615363,1555200.000000,0
1426372854615571,1555200.000000,1
1426372854615832,1555200.000000,2
1426372854616040,1555200.000000,3
1426372854616300,1555200.000000,4
1426372854616509,1555200.000000,5
1426372854767446,1996800.000000,0
1426372854767863,1996800.000000,1
1426372854768227,1996800.000000,2
1426372854768540,1996800.000000,3
1426372854768957,1996800.000000,4
1426372854769269,1996800.000000,5
1426372854821352,1555200.000000,0
1426372854821665,1555200.000000,1
1426372854821977,1555200.000000,2
1426372854822238,1555200.000000,3
1426372854822550,1555200.000000,4
1426372854822759,1555200.000000,5
1426372854845363,1996800.000000,0
1426372854845727,1996800.000000,1
1426372854846144,1996800.000000,2
1426372854846509,1996800.000000,3
1426372854846821,1996800.000000,4
1426372854847238,1996800.000000,5
1426372859995102,1555200.000000,0
1426372859995415,1555200.000000,1
1426372859995832,1555200.000000,2
1426372859996196,1555200.000000,3
1426372859996509,1555200.000000,4
1426372859996925,1555200.000000,5
1426372860856665,1996800.000000,0
1426372860857134,1996800.000000,1
1426372860857550,1996800.000000,2
1426372860858019,1996800.000000,3
1426372860858384,1996800.000000,4
1426372860858852,1996800.000000,5
1426372862965675,1152000.000000,0
1426372862965988,1152000.000000,1
1426372862966196,1152000.000000,2
1426372862966509,1152000.000000,3
1426372862966769,1152000.000000,4
1426372862966977,1152000.000000,5
1426372879656040,748800.000000,0
1426372879656665,748800.000000,1
1426372879657446,748800.000000,2
1426372879658384,748800.000000,3
1426372879659425,748800.000000,4
1426372879660363,748800.000000,5
1426372896875884,960000.000000,0
1426372896876821,960000.000000,1
1426372896877550,960000.000000,2
1426372896878227,960000.000000,3
1426372896879113,960000.000000,4
1426372896879790,960000.000000,5
1426372912716352,1363200.000000,0
1426372912717082,1363200.000000,1
1426372912717602,1363200.000000,2
1426372912718227,1363200.000000,3
1426372912718800,1363200.000000,4
1426372912719321,1363200.000000,5
1426372926994634,556800.000000,0
1426372926995259,556800.000000,1
1426372926996352,556800.000000,2
1426372926997550,556800.000000,3
1426372926998852,556800.000000,4
1426372927000050,556800.000000,5
1426372992862446,1363200.000000,0
1426372992863696,1363200.000000,1
1426372992864634,1363200.000000,2
1426372992865675,1363200.000000,3
1426372992866665,1363200.000000,4
1426372992867707,1363200.000000,5
1426373008842602,1785600.000000,0
1426373008843175,1785600.000000,1
1426373008843540,1785600.000000,2
1426373008843957,1785600.000000,3
1426373008844321,1785600.000000,4
1426373008844738,1785600.000000,5
1426373024837082,556800.000000,0
1426373024837394,556800.000000,1
1426373024837759,556800.000000,2
1426373024838071,556800.000000,3
1426373024838384,556800.000000,4
1426373024838696,556800.000000,5
1426373081019321,1152000.000000,0
1426373081020884,1152000.000000,1
1426373081022134,1152000.000000,2
1426373081023384,1152000.000000,3
1426373081024634,1152000.000000,4
1426373081025884,1152000.000000,5
1426373081535727,556800.000000,0
1426373081536196,556800.000000,1
1426373081536665,556800.000000,2
1426373081537134,556800.000000,3
1426373081538175,556800.000000,4
1426373081539269,556800.000000,5
1426373088938852,748800.000000,0
1426373088940050,748800.000000,1
1426373088941040,748800.000000,2
1426373088941977,748800.000000,3
1426373088943019,748800.000000,4
1426373088944009,748800.000000,5
1426373103319009,1363200.000000,0
1426373103320050,1363200.000000,1
1426373103320988,1363200.000000,2
1426373103321977,1363200.000000,3
1426373103322863,1363200.000000,4
1426373103323800,1363200.000000,5
1426373136905884,1555200.000000,0
1426373136906352,1555200.000000,1
1426373136906821,1555200.000000,2
1426373136907238,1555200.000000,3
1426373136907602,1555200.000000,4
1426373136908071,1555200.000000,5
1426373138458696,1785600.000000,0
1426373138459165,1785600.000000,1
1426373138459477,1785600.000000,2
1426373138459894,1785600.000000,3
1426373138460259,1785600.000000,4
1426373138460571,1785600.000000,5
1426373152974790,556800.000000,0
1426373152975259,556800.000000,1
1426373152975675,556800.000000,2
1426373152976665,556800.000000,3
1426373152977915,556800.000000,4
1426373152979165,556800.000000,5
1426373181255415,1363200.000000,0
1426373181256613,1363200.000000,1
1426373181257602,1363200.000000,2
1426373181258644,1363200.000000,3
1426373181259738,1363200.000000,4
1426373181260727,1363200.000000,5
1426373183101352,556800.000000,0
1426373183101925,556800.000000,1
1426373183102446,556800.000000,2
1426373183103227,556800.000000,3
1426373183104477,556800.000000,4
1426373183105832,556800.000000,5
1426373198995102,1363200.000000,0
1426373198996196,1363200.000000,1
1426373198997134,1363200.000000,2
1426373198998227,1363200.000000,3
1426373198999165,1363200.000000,4
1426373199000259,1363200.000000,5
1426373214098227,1555200.000000,0
1426373214098696,1555200.000000,1
1426373214099113,1555200.000000,2
1426373214099477,1555200.000000,3
1426373214099946,1555200.000000,4
1426373214100363,1555200.000000,5
1426373214736300,1785600.000000,0
1426373214736769,1785600.000000,1
1426373214737238,1785600.000000,2
1426373214737602,1785600.000000,3
1426373214738071,1785600.000000,4
1426373214738540,1785600.000000,5
1426373219949582,1555200.000000,0
1426373219950050,1555200.000000,1
1426373219950415,1555200.000000,2
1426373219950832,1555200.000000,3
1426373219951196,1555200.000000,4
1426373219951665,1555200.000000,5
1426373220399269,1785600.000000,0
1426373220399634,1785600.000000,1
1426373220400050,1785600.000000,2
1426373220400415,1785600.000000,3
1426373220400727,1785600.000000,4
1426373220401144,1785600.000000,5
1426373232913852,748800.000000,0
1426373232914321,748800.000000,1
1426373232914738,748800.000000,2
1426373232915102,748800.000000,3
1426373232915571,748800.000000,4
1426373232916300,748800.000000,5
1426373252958852,556800.000000,0
1426373252960259,556800.000000,1
1426373252961613,556800.000000,2
1426373252962915,556800.000000,3
1426373252964165,556800.000000,4
1426373252965415,556800.000000,5
1426373271165884,748800.000000,0
1426373271167081,748800.000000,1
1426373271168071,748800.000000,2
1426373271169113,748800.000000,3
1426373271170102,748800.000000,4
1426373271171040,748800.000000,5
1426373272384321,556800.000000,0
1426373272385363,556800.000000,1
1426373272386352,556800.000000,2
1426373272387446,556800.000000,3
1426373272388540,556800.000000,4
1426373272389581,556800.000000,5
1426373272485519,748800.000000,0
1426373272486665,748800.000000,1
1426373272487602,748800.000000,2
1426373272488540,748800.000000,3
1426373272489581,748800.000000,4
1426373272490571,748800.000000,5
1426373279070415,556800.000000,0
1426373279071509,556800.000000,1
1426373279072602,556800.000000,2
1426373279073800,556800.000000,3
1426373279074946,556800.000000,4
1426373279076040,556800.000000,5
1426373281379790,1785600.000000,0
1426373281381040,1785600.000000,1
1426373281382081,1785600.000000,2
1426373281383019,1785600.000000,3
1426373281384009,1785600.000000,4
1426373281384946,1785600.000000,5
1426373296864477,1996800.000000,0
1426373296864790,1996800.000000,1
1426373296865102,1996800.000000,2
1426373296865415,1996800.000000,3
1426373296865727,1996800.000000,4
1426373296866040,1996800.000000,5
1426373314849009,748800.000000,0
1426373314849321,748800.000000,1
1426373314849581,748800.000000,2
1426373314850519,748800.000000,3
1426373314850884,748800.000000,4
1426373314851509,748800.000000,5
1426373326942550,556800.000000,0
1426373326943800,556800.000000,1
1426373326944790,556800.000000,2
1426373326945831,556800.000000,3
1426373326946821,556800.000000,4
1426373326947915,556800.000000,5
1426373329419321,748800.000000,0
1426373329420831,748800.000000,1
1426373329422081,748800.000000,2
1426373329423331,748800.000000,3
1426373329424634,748800.000000,4
1426373329426196,748800.000000,5
1426373342898540,556800.000000,0
1426373342899946,556800.000000,1
1426373342901196,556800.000000,2
1426373342902550,556800.000000,3
1426373342903696,556800.000000,4
1426373342905050,556800.000000,5
1426373381729946,748800.000000,0
1426373381731196,748800.000000,1
1426373381732290,748800.000000,2
1426373381733227,748800.000000,3
1426373381734165,748800.000000,4
1426373381735206,748800.000000,5
1426373382503019,1555200.000000,0
1426373382504009,1555200.000000,1
1426373382505050,1555200.000000,2
1426373382505884,1555200.000000,3
1426373382506925,1555200.000000,4
1426373382507915,1555200.000000,5
1426373382619946,748800.000000,0
1426373382620415,748800.000000,1
1426373382620831,748800.000000,2
1426373382621196,748800.000000,3
1426373382621509,748800.000000,4
1426373382621925,748800.000000,5
1426373408906144,1363200.000000,0
1426373408907446,1363200.000000,1
1426373408908227,1363200.000000,2
1426373408909009,1363200.000000,3
1426373408909738,1363200.000000,4
1426373408910415,1363200.000000,5
1426373422735259,960000.000000,0
1426373422735727,960000.000000,1
1426373422736196,960000.000000,2
1426373422736613,960000.000000,3
1426373422736977,960000.000000,4
1426373422737446,960000.000000,5
1426373438752550,1555200.000000,0
1426373438753384,1555200.000000,1
1426373438754165,1555200.000000,2
1426373438754790,1555200.000000,3
1426373438755571,1555200.000000,4
1426373438756300,1555200.000000,5
1426373450136300,1363200.000000,0
1426373450136665,1363200.000000,1
1426373450137081,1363200.000000,2
1426373450137446,1363200.000000,3
1426373450137863,1363200.000000,4
1426373450138175,1363200.000000,5
1426373450150363,1555200.000000,0
1426373450150727,1555200.000000,1
1426373450151196,1555200.000000,2
1426373450151613,1555200.000000,3
1426373450151977,1555200.000000,4
1426373450152446,1555200.000000,5
1426373451425259,1363200.000000,0
1426373451425884,1363200.000000,1
1426373451426196,1363200.000000,2
1426373451426613,1363200.000000,3
1426373451426977,1363200.000000,4
1426373451427290,1363200.000000,5
1426373454741040,1785600.000000,0
1426373454741613,1785600.000000,1
1426373454741977,1785600.000000,2
1426373454742394,1785600.000000,3
1426373454742759,1785600.000000,4
1426373454743227,1785600.000000,5
1426373462345571,1555200.000000,0
1426373462345988,1555200.000000,1
1426373462346196,1555200.000000,2
1426373462346508,1555200.000000,3
1426373462346821,1555200.000000,4
1426373462347133,1555200.000000,5
1426373470976508,556800.000000,0
1426373470977081,556800.000000,1
1426373470977446,556800.000000,2
1426373470977915,556800.000000,3
1426373470979008,556800.000000,4
1426373470980258,556800.000000,5
1426373481605519,960000.000000,0
1426373481606665,960000.000000,1
1426373481607706,960000.000000,2
1426373481608696,960000.000000,3
1426373481609790,960000.000000,4
1426373481610831,960000.000000,5
1426373488861665,556800.000000,0
1426373488863071,556800.000000,1
1426373488863956,556800.000000,2
1426373488864894,556800.000000,3
1426373488865883,556800.000000,4
1426373488866977,556800.000000,5
1426373502902758,1363200.000000,0
1426373502903852,1363200.000000,1
1426373502904894,1363200.000000,2
1426373502905988,1363200.000000,3
1426373502907081,1363200.000000,4
1426373502908071,1363200.000000,5
1426373523140050,1555200.000000,0
1426373523140675,1555200.000000,1
1426373523141196,1555200.000000,2
1426373523141665,1555200.000000,3
1426373523142133,1555200.000000,4
1426373523142706,1555200.000000,5
1426373536844894,556800.000000,0
1426373536845258,556800.000000,1
1426373536845571,556800.000000,2
1426373536845988,556800.000000,3
1426373536846300,556800.000000,4
1426373536846665,556800.000000,5
1426373581438696,1363200.000000,0
1426373581439946,1363200.000000,1
1426373581440883,1363200.000000,2
1426373581441821,1363200.000000,3
1426373581442863,1363200.000000,4
1426373581443852,1363200.000000,5
1426373582757446,556800.000000,0
1426373582758019,556800.000000,1
1426373582758383,556800.000000,2
1426373582758852,556800.000000,3
1426373582759321,556800.000000,4
1426373582760258,556800.000000,5
1426373599469008,1363200.000000,0
1426373599470415,1363200.000000,1
1426373599474477,1363200.000000,2
1426373599475727,1363200.000000,3
1426373599476977,1363200.000000,4
1426373599478227,1363200.000000,5
1426373614764008,1555200.000000,0
1426373614764425,1555200.000000,1
1426373614764790,1555200.000000,2
1426373614765258,1555200.000000,3
1426373614765675,1555200.000000,4
1426373614766040,1555200.000000,5
1426373614789946,1785600.000000,0
1426373614790363,1785600.000000,1
1426373614790727,1785600.000000,2
1426373614791040,1785600.000000,3
1426373614791456,1785600.000000,4
1426373614791821,1785600.000000,5
1426373627375258,1555200.000000,0
1426373627375571,1555200.000000,1
1426373627375883,1555200.000000,2
1426373627376196,1555200.000000,3
1426373627376508,1555200.000000,4
1426373627376821,1555200.000000,5
1426373627445571,1785600.000000,0
1426373627446040,1785600.000000,1
1426373627446352,1785600.000000,2
1426373627446769,1785600.000000,3
1426373627447081,1785600.000000,4
1426373627447446,1785600.000000,5
1426373646833227,556800.000000,0
1426373646834165,556800.000000,1
1426373646835519,556800.000000,2
1426373646836769,556800.000000,3
1426373646838071,556800.000000,4
1426373646839321,556800.000000,5
1426373681082446,1363200.000000,0
1426373681083540,1363200.000000,1
1426373681084581,1363200.000000,2
1426373681085675,1363200.000000,3
1426373681086665,1363200.000000,4
1426373681087706,1363200.000000,5
1426373682389113,748800.000000,0
1426373682389581,748800.000000,1
1426373682390102,748800.000000,2
1426373682390571,748800.000000,3
1426373682391144,748800.000000,4
1426373682391821,748800.000000,5
1426373688966821,1363200.000000,0
1426373688967602,1363200.000000,1
1426373688968383,1363200.000000,2
1426373688969113,1363200.000000,3
1426373688969894,1363200.000000,4
1426373688970675,1363200.000000,5
1426373689096613,1555200.000000,0
1426373689097081,1555200.000000,1
1426373689097446,1555200.000000,2
1426373689097915,1555200.000000,3
1426373689098331,1555200.000000,4
1426373689098696,1555200.000000,5
1426373689162290,1785600.000000,0
1426373689162706,1785600.000000,1
1426373689163071,1785600.000000,2
1426373689163383,1785600.000000,3
1426373689163696,1785600.000000,4
1426373689164113,1785600.000000,5
1426373690855258,960000.000000,0
1426373690855571,960000.000000,1
1426373690855883,960000.000000,2
1426373690856196,960000.000000,3
1426373690856508,960000.000000,4
1426373690856925,960000.000000,5
1426373696888227,1363200.000000,0
1426373696888852,1363200.000000,1
1426373696889477,1363200.000000,2
1426373696890050,1363200.000000,3
1426373696890571,1363200.000000,4
1426373696891196,1363200.000000,5
1426373710786977,1555200.000000,0
1426373710787446,1555200.000000,1
1426373710787915,1555200.000000,2
1426373710788227,1555200.000000,3
1426373710788696,1555200.000000,4
1426373710789165,1555200.000000,5
1426373726774633,556800.000000,0
1426373726775102,556800.000000,1
1426373726775571,556800.000000,2
1426373726776508,556800.000000,3
1426373726777758,556800.000000,4
1426373726779008,556800.000000,5
1426373728016769,748800.000000,0
1426373728018019,748800.000000,1
1426373728019008,748800.000000,2
1426373728020102,748800.000000,3
1426373728021040,748800.000000,4
1426373728022133,748800.000000,5
1426373729060363,1363200.000000,0
1426373729061144,1363200.000000,1
1426373729061821,1363200.000000,2
1426373729062602,1363200.000000,3
1426373729063383,1363200.000000,4
1426373729064008,1363200.000000,5
1426373731442863,748800.000000,0
1426373731443383,748800.000000,1
1426373731443800,748800.000000,2
1426373731444165,748800.000000,3
1426373731444633,748800.000000,4
1426373731445415,748800.000000,5
1426373739621821,960000.000000,0
1426373739622758,960000.000000,1
1426373739623540,960000.000000,2
1426373739624269,960000.000000,3
1426373739624946,960000.000000,4
1426373739625727,960000.000000,5
1426373739805102,2400000.000000,0
1426373739805727,2400000.000000,1
1426373739806196,2400000.000000,2
1426373739806665,2400000.000000,3
1426373739807133,2400000.000000,4
1426373739807602,2400000.000000,5
1426373742415519,748800.000000,0
1426373742415831,748800.000000,1
1426373742416144,748800.000000,2
1426373742416352,748800.000000,3
1426373742416665,748800.000000,4
1426373742416977,748800.000000,5
1426373744900102,960000.000000,0
1426373744900883,960000.000000,1
1426373744901665,960000.000000,2
1426373744902446,960000.000000,3
1426373744903175,960000.000000,4
1426373744903852,960000.000000,5
1426373752506352,1152000.000000,0
1426373752507133,1152000.000000,1
1426373752507758,1152000.000000,2
1426373752508383,1152000.000000,3
1426373752509008,1152000.000000,4
1426373752509581,1152000.000000,5
1426373756103227,960000.000000,0
1426373756103852,960000.000000,1
1426373756104321,960000.000000,2
1426373756104894,960000.000000,3
1426373756105415,960000.000000,4
1426373756105988,960000.000000,5
1426373758739165,1363200.000000,0
1426373758739738,1363200.000000,1
1426373758740258,1363200.000000,2
1426373758740883,1363200.000000,3
1426373758741508,1363200.000000,4
1426373758742133,1363200.000000,5
1426373776835675,1555200.000000,0
1426373776836040,1555200.000000,1
1426373776836508,1555200.000000,2
1426373776836925,1555200.000000,3
1426373776837290,1555200.000000,4
1426373776837758,1555200.000000,5
1426373784664477,1785600.000000,0
1426373784664894,1785600.000000,1
1426373784665258,1785600.000000,2
1426373784665571,1785600.000000,3
1426373784665988,1785600.000000,4
1426373784666300,1785600.000000,5
1426373784716352,1555200.000000,0
1426373784716665,1555200.000000,1
1426373784716977,1555200.000000,2
1426373784717290,1555200.000000,3
1426373784717602,1555200.000000,4
1426373784717915,1555200.000000,5
1426373784939633,1785600.000000,0
1426373784940102,1785600.000000,1
1426373784940571,1785600.000000,2
1426373784941040,1785600.000000,3
1426373784941456,1785600.000000,4
1426373784941925,1785600.000000,5
1426373784979581,1555200.000000,0
1426373784979946,1555200.000000,1
1426373784980258,1555200.000000,2
1426373784980571,1555200.000000,3
1426373784980883,1555200.000000,4
1426373784981196,1555200.000000,5
1426373785118071,1785600.000000,0
1426373785118488,1785600.000000,1
1426373785118852,1785600.000000,2
1426373785119269,1785600.000000,3
1426373785119581,1785600.000000,4
1426373785120050,1785600.000000,5
1426373785154581,1555200.000000,0
1426373785154946,1555200.000000,1
1426373785155258,1555200.000000,2
1426373785155571,1555200.000000,3
1426373785155883,1555200.000000,4
1426373785156196,1555200.000000,5
1426373785182081,1785600.000000,0
1426373785182446,1785600.000000,1
1426373785182915,1785600.000000,2
1426373785183331,1785600.000000,3
1426373785183696,1785600.000000,4
1426373785184008,1785600.000000,5
1426373787888800,1555200.000000,0
1426373787889269,1555200.000000,1
1426373787889633,1555200.000000,2
1426373787889946,1555200.000000,3
1426373787890415,1555200.000000,4
1426373787890831,1555200.000000,5
1426373788066196,1785600.000000,0
1426373788066508,1785600.000000,1
1426373788066977,1785600.000000,2
1426373788067394,1785600.000000,3
1426373788067758,1785600.000000,4
1426373788068071,1785600.000000,5
1426373791436613,1555200.000000,0
1426373791436977,1555200.000000,1
1426373791437446,1555200.000000,2
1426373791437863,1555200.000000,3
1426373791438227,1555200.000000,4
1426373791438644,1555200.000000,5
1426373836141508,556800.000000,0
1426373836142602,556800.000000,1
1426373836143696,556800.000000,2
1426373836144738,556800.000000,3
1426373836145675,556800.000000,4
1426373836146665,556800.000000,5
1426373855698227,1363200.000000,0
1426373855699790,1363200.000000,1
1426373855701040,1363200.000000,2
1426373855702238,1363200.000000,3
1426373855703488,1363200.000000,4
1426373855704946,1363200.000000,5
1426373856092081,1555200.000000,0
1426373856092550,1555200.000000,1
1426373856092915,1555200.000000,2
1426373856093383,1555200.000000,3
1426373856093800,1555200.000000,4
1426373856095102,1555200.000000,5
1426373856375519,556800.000000,0
1426373856375883,556800.000000,1
1426373856376196,556800.000000,2
1426373856376613,556800.000000,3
1426373856376977,556800.000000,4
1426373856377290,556800.000000,5
1426373882046040,1555200.000000,0
1426373882047238,1555200.000000,1
1426373882048227,1555200.000000,2
1426373882049165,1555200.000000,3
1426373882050258,1555200.000000,4
1426373882051352,1555200.000000,5
1426373887013383,748800.000000,0
1426373887013852,748800.000000,1
1426373887014321,748800.000000,2
1426373887014790,748800.000000,3
1426373887015727,748800.000000,4
1426373887016769,748800.000000,5
1426373904891612,1363200.000000,0
1426373904892446,1363200.000000,1
1426373904893227,1363200.000000,2
1426373904894008,1363200.000000,3
1426373904894737,1363200.000000,4
1426373904895415,1363200.000000,5
1426373916868383,1555200.000000,0
1426373916869008,1555200.000000,1
1426373916869477,1555200.000000,2
1426373916870050,1555200.000000,3
1426373916870571,1555200.000000,4
1426373916871144,1555200.000000,5
1426373918823019,1785600.000000,0
1426373918823383,1785600.000000,1
1426373918823800,1785600.000000,2
1426373918824165,1785600.000000,3
1426373918824581,1785600.000000,4
1426373918824946,1785600.000000,5
1426373918910258,1555200.000000,0
1426373918910571,1555200.000000,1
1426373918910883,1555200.000000,2
1426373918911196,1555200.000000,3
1426373918911508,1555200.000000,4
1426373918911821,1555200.000000,5
1426373919113383,1785600.000000,0
1426373919113800,1785600.000000,1
1426373919114165,1785600.000000,2
1426373919114477,1785600.000000,3
1426373919114790,1785600.000000,4
1426373919115206,1785600.000000,5
1426373921164321,1555200.000000,0
1426373921164737,1555200.000000,1
1426373921165102,1555200.000000,2
1426373921165571,1555200.000000,3
1426373921165987,1555200.000000,4
1426373921166352,1555200.000000,5
1426373924857602,1785600.000000,0
1426373924858071,1785600.000000,1
1426373924858540,1785600.000000,2
1426373924859008,1785600.000000,3
1426373924859477,1785600.000000,4
1426373924859946,1785600.000000,5
1426373934918540,556800.000000,0
1426373934919008,556800.000000,1
1426373934919425,556800.000000,2
1426373934919894,556800.000000,3
1426373934920883,556800.000000,4
1426373934922133,556800.000000,5
1426373943523540,748800.000000,0
1426373943525050,748800.000000,1
1426373943526508,748800.000000,2
1426373943527758,748800.000000,3
1426373943529008,748800.000000,4
1426373943530258,748800.000000,5
1426373945583852,556800.000000,0
1426373945584790,556800.000000,1
1426373945585883,556800.000000,2
1426373945586821,556800.000000,3
1426373945587862,556800.000000,4
1426373945588956,556800.000000,5
1426373945649112,748800.000000,0
1426373945650415,748800.000000,1
1426373945651769,748800.000000,2
1426373945653019,748800.000000,3
1426373945654321,748800.000000,4
1426373945655519,748800.000000,5
1426373969126144,556800.000000,0
1426373969127550,556800.000000,1
1426373969128852,556800.000000,2
1426373969130102,556800.000000,3
1426373969131456,556800.000000,4
1426373969132602,556800.000000,5
1426373981307133,1152000.000000,0
1426373981308487,1152000.000000,1
1426373981309477,1152000.000000,2
1426373981310571,1152000.000000,3
1426373981311612,1152000.000000,4
1426373981312602,1152000.000000,5
1426373983037758,556800.000000,0
1426373983038383,556800.000000,1
1426373983038852,556800.000000,2
1426373983039321,556800.000000,3
1426373983040102,556800.000000,4
1426373983041196,556800.000000,5
1426373999075675,1363200.000000,0
1426373999076925,1363200.000000,1
1426373999077915,1363200.000000,2
1426373999078956,1363200.000000,3
1426373999079946,1363200.000000,4
1426373999081040,1363200.000000,5
1426374015810883,1555200.000000,0
1426374015811300,1555200.000000,1
1426374015811665,1555200.000000,2
1426374015812133,1555200.000000,3
1426374015812550,1555200.000000,4
1426374015812915,1555200.000000,5
1426374015837758,1785600.000000,0
1426374015838227,1785600.000000,1
1426374015838540,1785600.000000,2
1426374015838956,1785600.000000,3
1426374015839321,1785600.000000,4
1426374015839633,1785600.000000,5
1426374020151040,1555200.000000,0
1426374020151352,1555200.000000,1
1426374020151665,1555200.000000,2
1426374020151977,1555200.000000,3
1426374020152290,1555200.000000,4
1426374020152602,1555200.000000,5
1426374022208071,1785600.000000,0
1426374022208540,1785600.000000,1
1426374022208852,1785600.000000,2
1426374022209269,1785600.000000,3
1426374022209633,1785600.000000,4
1426374022209946,1785600.000000,5
1426374024230831,1555200.000000,0
1426374024231196,1555200.000000,1
1426374024231665,1555200.000000,2
1426374024232081,1555200.000000,3
1426374024232446,1555200.000000,4
1426374024232862,1555200.000000,5
1426374032713644,556800.000000,0
1426374032714165,556800.000000,1
1426374032714633,556800.000000,2
1426374032715102,556800.000000,3
1426374032715519,556800.000000,4
1426374032716300,556800.000000,5
1426374064925258,1363200.000000,0
1426374064926977,1363200.000000,1
1426374064928227,1363200.000000,2
1426374064929477,1363200.000000,3
1426374064930727,1363200.000000,4
1426374064932081,1363200.000000,5
1426374078766612,748800.000000,0
1426374078767133,748800.000000,1
1426374078767602,748800.000000,2
1426374078768175,748800.000000,3
1426374078768696,748800.000000,4
1426374078769477,748800.000000,5
1426374095213852,960000.000000,0
1426374095214790,960000.000000,1
1426374095215519,960000.000000,2
1426374095216196,960000.000000,3
1426374095216977,960000.000000,4
1426374095217758,960000.000000,5
1426374112937133,1363200.000000,0
1426374112938539,1363200.000000,1
1426374112939112,1363200.000000,2
1426374112939633,1363200.000000,3
1426374112940362,1363200.000000,4
1426374112940883,1363200.000000,5
1426374130892446,748800.000000,0
1426374130893539,748800.000000,1
1426374130894477,748800.000000,2
1426374130895571,748800.000000,3
1426374130896508,748800.000000,4
1426374130897550,748800.000000,5
1426374160872133,556800.000000,0
1426374160873539,556800.000000,1
1426374160874789,556800.000000,2
1426374160876039,556800.000000,3
1426374160877289,556800.000000,4
1426374160878539,556800.000000,5
1426374206807394,1363200.000000,0
1426374206808487,1363200.000000,1
1426374206809633,1363200.000000,2
1426374206810727,1363200.000000,3
1426374206811821,1363200.000000,4
1426374206812862,1363200.000000,5
1426374224245519,1555200.000000,0
1426374224245987,1555200.000000,1
1426374224246352,1555200.000000,2
1426374224246769,1555200.000000,3
1426374224247133,1555200.000000,4
1426374224247602,1555200.000000,5
1426374224421352,1785600.000000,0
1426374224421821,1785600.000000,1
1426374224422133,1785600.000000,2
1426374224422550,1785600.000000,3
1426374224422914,1785600.000000,4
1426374224423227,1785600.000000,5
1426374224618956,1555200.000000,0
1426374224619321,1555200.000000,1
1426374224619737,1555200.000000,2
1426374224620050,1555200.000000,3
1426374224620362,1555200.000000,4
1426374224620727,1555200.000000,5
1426374224645883,1785600.000000,0
1426374224646300,1785600.000000,1
1426374224646664,1785600.000000,2
1426374224647081,1785600.000000,3
1426374224647446,1785600.000000,4
1426374224647758,1785600.000000,5
1426374238829633,556800.000000,0
1426374238829946,556800.000000,1
1426374238830258,556800.000000,2
1426374238830571,556800.000000,3
1426374238830883,556800.000000,4
1426374238831196,556800.000000,5
1426374281057133,1363200.000000,0
1426374281058331,1363200.000000,1
1426374281059321,1363200.000000,2
1426374281060258,1363200.000000,3
1426374281061352,1363200.000000,4
1426374281062289,1363200.000000,5
1426374288435050,748800.000000,0
1426374288435571,748800.000000,1
1426374288436144,748800.000000,2
1426374288436664,748800.000000,3
1426374288437550,748800.000000,4
1426374288438383,748800.000000,5
1426374302952289,1363200.000000,0
1426374302953175,1363200.000000,1
1426374302953852,1363200.000000,2
1426374302954737,1363200.000000,3
1426374302955519,1363200.000000,4
1426374302956300,1363200.000000,5
1426374320950414,960000.000000,0
1426374320951300,960000.000000,1
1426374320952081,960000.000000,2
1426374320952862,960000.000000,3
1426374320953644,960000.000000,4
1426374320954321,960000.000000,5
1426374338755727,556800.000000,0
1426374338756664,556800.000000,1
1426374338757706,556800.000000,2
1426374338758696,556800.000000,3
1426374338759633,556800.000000,4
1426374338760571,556800.000000,5
1426374347827081,1555200.000000,0
1426374347828539,1555200.000000,1
1426374347829789,1555200.000000,2
1426374347831196,1555200.000000,3
1426374347832446,1555200.000000,4
1426374347833696,1555200.000000,5
1426374350852706,748800.000000,0
1426374350853071,748800.000000,1
1426374350853539,748800.000000,2
1426374350853956,748800.000000,3
1426374350854321,748800.000000,4
1426374350854633,748800.000000,5
1426374364954581,1996800.000000,0
1426374364955571,1996800.000000,1
1426374364956508,1996800.000000,2
1426374364957550,1996800.000000,3
1426374364958487,1996800.000000,4
1426374364959477,1996800.000000,5
1426374365020258,1555200.000000,0
1426374365021196,1555200.000000,1
1426374365021977,1555200.000000,2
1426374365022758,1555200.000000,3
1426374365023487,1555200.000000,4
1426374365024269,1555200.000000,5
1426374380867289,1996800.000000,0
1426374380867758,1996800.000000,1
1426374380868227,1996800.000000,2
1426374380868696,1996800.000000,3
1426374380869112,1996800.000000,4
1426374380869581,1996800.000000,5
1426374380948539,1555200.000000,0
1426374380948852,1555200.000000,1
1426374380949164,1555200.000000,2
1426374380949425,1555200.000000,3
1426374380949737,1555200.000000,4
1426374380949946,1555200.000000,5
1426374382728175,1996800.000000,0
1426374382728539,1996800.000000,1
1426374382729008,1996800.000000,2
1426374382729321,1996800.000000,3
1426374382729633,1996800.000000,4
1426374382730102,1996800.000000,5
1426374382752914,2400000.000000,0
1426374382753227,2400000.000000,1
1426374382753644,2400000.000000,2
1426374382754008,2400000.000000,3
1426374382754321,2400000.000000,4
1426374382754737,2400000.000000,5
1426374382764789,1996800.000000,0
1426374382765102,1996800.000000,1
1426374382765519,1996800.000000,2
1426374382765883,1996800.000000,3
1426374382766196,1996800.000000,4
1426374382766612,1996800.000000,5
1426374382819008,1555200.000000,0
1426374382819321,1555200.000000,1
1426374382819581,1555200.000000,2
1426374382819789,1555200.000000,3
1426374382819946,1555200.000000,4
1426374382820258,1555200.000000,5
1426374382832862,1996800.000000,0
1426374382833175,1996800.000000,1
1426374382833539,1996800.000000,2
1426374382833800,1996800.000000,3
1426374382834112,1996800.000000,4
1426374382834425,1996800.000000,5
1426374382845727,1555200.000000,0
1426374382846039,1555200.000000,1
1426374382846352,1555200.000000,2
1426374382846612,1555200.000000,3
1426374382846925,1555200.000000,4
1426374382847133,1555200.000000,5
1426374382855414,1996800.000000,0
1426374382855727,1996800.000000,1
1426374382856196,1996800.000000,2
1426374382856508,1996800.000000,3
1426374382856821,1996800.000000,4
1426374382857289,1996800.000000,5
1426374382895727,1555200.000000,0
1426374382896196,1555200.000000,1
1426374382896612,1555200.000000,2
1426374382897081,1555200.000000,3
1426374382897446,1555200.000000,4
1426374382897914,1555200.000000,5
1426374382906300,1996800.000000,0
1426374382906977,1996800.000000,1
1426374382907446,1996800.000000,2
1426374382907862,1996800.000000,3
1426374382908331,1996800.000000,4
1426374382908800,1996800.000000,5
1426374392465258,1555200.000000,0
1426374392465675,1555200.000000,1
1426374392466039,1555200.000000,2
1426374392466352,1555200.000000,3
1426374392466769,1555200.000000,4
1426374392467081,1555200.000000,5
1426374392824946,1996800.000000,0
1426374392825362,1996800.000000,1
1426374392825831,1996800.000000,2
1426374392826300,1996800.000000,3
1426374392826769,1996800.000000,4
1426374392827237,1996800.000000,5
1426374394565883,1555200.000000,0
1426374394566196,1555200.000000,1
1426374394566612,1555200.000000,2
1426374394566925,1555200.000000,3
1426374394568071,1555200.000000,4
1426374394568331,1555200.000000,5
1426374395748644,1996800.000000,0
1426374395749008,1996800.000000,1
1426374395749425,1996800.000000,2
1426374395749789,1996800.000000,3
1426374395750206,1996800.000000,4
1426374395750519,1996800.000000,5
1426374395892706,1555200.000000,0
1426374395893071,1555200.000000,1
1426374395893331,1555200.000000,2
1426374395893644,1555200.000000,3
1426374395893852,1555200.000000,4
1426374395894164,1555200.000000,5
1426374395925102,1996800.000000,0
1426374395925519,1996800.000000,1
1426374395925883,1996800.000000,2
1426374395926300,1996800.000000,3
1426374395926664,1996800.000000,4
1426374395926977,1996800.000000,5
1426374399131300,2400000.000000,0
1426374399131664,2400000.000000,1
1426374399132081,2400000.000000,2
1426374399132446,2400000.000000,3
1426374399132758,2400000.000000,4
1426374399133175,2400000.000000,5
1426374399816925,1555200.000000,0
1426374399817237,1555200.000000,1
1426374399817446,1555200.000000,2
1426374399817706,1555200.000000,3
1426374399817914,1555200.000000,4
1426374399818227,1555200.000000,5
1426374404856925,2400000.000000,0
1426374404857394,2400000.000000,1
1426374404857862,2400000.000000,2
1426374404858331,2400000.000000,3
1426374404858800,2400000.000000,4
1426374404859269,2400000.000000,5
1426374416875831,1996800.000000,0
1426374416876039,1996800.000000,1
1426374416876352,1996800.000000,2
1426374416876508,1996800.000000,3
1426374416876821,1996800.000000,4
1426374416876977,1996800.000000,5
1426374432834008,556800.000000,0
1426374432834321,556800.000000,1
1426374432834633,556800.000000,2
1426374432834946,556800.000000,3
1426374432835258,556800.000000,4
1426374432835519,556800.000000,5
1426374510822550,1363200.000000,0
1426374510823644,1363200.000000,1
1426374510824633,1363200.000000,2
1426374510825675,1363200.000000,3
1426374510826664,1363200.000000,4
1426374510827706,1363200.000000,5
1426374526772914,1555200.000000,0
1426374526773383,1555200.000000,1
1426374526773852,1555200.000000,2
1426374526774321,1555200.000000,3
1426374526774737,1555200.000000,4
1426374526775102,1555200.000000,5
1426374545084112,2400000.000000,0
1426374545084581,2400000.000000,1
1426374545084894,2400000.000000,2
1426374545085258,2400000.000000,3
1426374545085675,2400000.000000,4
1426374545086039,2400000.000000,5
1426374548497914,1555200.000000,0
1426374548498175,1555200.000000,1
1426374548498383,1555200.000000,2
1426374548498696,1555200.000000,3
1426374548498852,1555200.000000,4
1426374548499164,1555200.000000,5
1426374548558487,1996800.000000,0
1426374548559112,1996800.000000,1
1426374548559477,1996800.000000,2
1426374548559789,1996800.000000,3
1426374548560206,1996800.000000,4
1426374548560571,1996800.000000,5
1426374549283800,1555200.000000,0
1426374549284008,1555200.000000,1
1426374549284321,1555200.000000,2
1426374549284633,1555200.000000,3
1426374549284946,1555200.000000,4
1426374549285258,1555200.000000,5
1426374549335258,1996800.000000,0
1426374549335571,1996800.000000,1
1426374549335987,1996800.000000,2
1426374549336352,1996800.000000,3
1426374549336664,1996800.000000,4
1426374549336977,1996800.000000,5
1426374549519008,1555200.000000,0
1426374549519321,1555200.000000,1
1426374549519633,1555200.000000,2
1426374549519946,1555200.000000,3
1426374549520258,1555200.000000,4
1426374549520571,1555200.000000,5
1426374552579477,1996800.000000,0
1426374552579946,1996800.000000,1
1426374552580362,1996800.000000,2
1426374552580727,1996800.000000,3
1426374552581039,1996800.000000,4
1426374552581456,1996800.000000,5
1426374552613018,1555200.000000,0
1426374552613383,1555200.000000,1
1426374552613800,1555200.000000,2
1426374552614164,1555200.000000,3
1426374552614477,1555200.000000,4
1426374552614789,1555200.000000,5
1426374552912758,1996800.000000,0
1426374552913227,1996800.000000,1
1426374552913539,1996800.000000,2
1426374552913852,1996800.000000,3
1426374552914164,1996800.000000,4
1426374552914633,1996800.000000,5
1426374560860258,1152000.000000,0
1426374560860571,1152000.000000,1
1426374560860987,1152000.000000,2
1426374560861352,1152000.000000,3
1426374560861664,1152000.000000,4
1426374560862133,1152000.000000,5
1426374575318956,556800.000000,0
1426374575320050,556800.000000,1
1426374575321300,556800.000000,2
1426374575322706,556800.000000,3
1426374575323852,556800.000000,4
1426374575325102,556800.000000,5
1426374581514789,1555200.000000,0
1426374581516039,1555200.000000,1
1426374581517081,1555200.000000,2
1426374581518175,1555200.000000,3
1426374581519164,1555200.000000,4
1426374581520206,1555200.000000,5
1426374603687446,1152000.000000,0
1426374603687914,1152000.000000,1
1426374603688227,1152000.000000,2
1426374603688643,1152000.000000,3
1426374603689008,1152000.000000,4
1426374603689321,1152000.000000,5
1426374608862133,1555200.000000,0
1426374608862758,1555200.000000,1
1426374608863383,1555200.000000,2
1426374608864008,1555200.000000,3
1426374608864633,1555200.000000,4
1426374608865258,1555200.000000,5
1426374624263071,556800.000000,0
1426374624263539,556800.000000,1
1426374624264164,556800.000000,2
1426374624265258,556800.000000,3
1426374624266664,556800.000000,4
1426374624267914,556800.000000,5
1426374681932446,1785600.000000,0
1426374681933696,1785600.000000,1
1426374681934633,1785600.000000,2
1426374681935727,1785600.000000,3
1426374681936664,1785600.000000,4
1426374681937758,1785600.000000,5
1426374686757289,1555200.000000,0
1426374686757758,1555200.000000,1
1426374686758175,1555200.000000,2
1426374686758539,1555200.000000,3
1426374686758956,1555200.000000,4
1426374686759425,1555200.000000,5
1426374690988487,1785600.000000,0
1426374690988852,1785600.000000,1
1426374690989164,1785600.000000,2
1426374690989633,1785600.000000,3
1426374690989946,1785600.000000,4
1426374690990362,1785600.000000,5
1426374691062914,1555200.000000,0
1426374691063227,1555200.000000,1
1426374691063539,1555200.000000,2
1426374691063956,1555200.000000,3
1426374691064268,1555200.000000,4
1426374691064581,1555200.000000,5
1426374691118487,1363200.000000,0
1426374691118956,1363200.000000,1
1426374691119425,1363200.000000,2
1426374691119893,1363200.000000,3
1426374691120258,1363200.000000,4
1426374691120727,1363200.000000,5
1426374703301925,1785600.000000,0
1426374703302393,1785600.000000,1
1426374703302758,1785600.000000,2
1426374703303227,1785600.000000,3
1426374703303643,1785600.000000,4
1426374703304008,1785600.000000,5
1426374703328852,1996800.000000,0
1426374703329321,1996800.000000,1
1426374703329737,1996800.000000,2
1426374703330050,1996800.000000,3
1426374703330883,1996800.000000,4
1426374703331196,1996800.000000,5
1426374720893852,748800.000000,0
1426374720894164,748800.000000,1
1426374720894425,748800.000000,2
1426374720894737,748800.000000,3
1426374720894946,748800.000000,4
1426374720895258,748800.000000,5
1426374736961977,556800.000000,0
1426374736963487,556800.000000,1
1426374736964789,556800.000000,2
1426374736966143,556800.000000,3
1426374736967393,556800.000000,4
1426374736968696,556800.000000,5
1426374781610050,748800.000000,0
1426374781611300,748800.000000,1
1426374781612289,748800.000000,2
1426374781613331,748800.000000,3
1426374781614320,748800.000000,4
1426374781615362,748800.000000,5
1426374798926352,1363200.000000,0
1426374798927445,1363200.000000,1
1426374798928487,1363200.000000,2
1426374798929320,1363200.000000,3
1426374798930258,1363200.000000,4
1426374798931195,1363200.000000,5
1426374806208643,1555200.000000,0
1426374806209164,1555200.000000,1
1426374806209633,1555200.000000,2
1426374806210206,1555200.000000,3
1426374806210727,1555200.000000,4
1426374806211300,1555200.000000,5
1426374832922550,960000.000000,0
1426374832923070,960000.000000,1
1426374832923539,960000.000000,2
1426374832924164,960000.000000,3
1426374832924945,960000.000000,4
1426374832925727,960000.000000,5
1426374847686300,556800.000000,0
1426374847687081,556800.000000,1
1426374847687602,556800.000000,2
1426374847688175,556800.000000,3
1426374847688800,556800.000000,4
1426374847689320,556800.000000,5
1426374881469477,1555200.000000,0
1426374881470727,1555200.000000,1
1426374881471664,1555200.000000,2
1426374881472602,1555200.000000,3
1426374881473695,1555200.000000,4
1426374881474633,1555200.000000,5
1426374896440570,1785600.000000,0
1426374896441039,1785600.000000,1
1426374896441508,1785600.000000,2
1426374896441820,1785600.000000,3
1426374896442133,1785600.000000,4
1426374896442550,1785600.000000,5
1426374912661820,1152000.000000,0
1426374912662289,1152000.000000,1
1426374912662758,1152000.000000,2
1426374912663227,1152000.000000,3
1426374912663852,1152000.000000,4
1426374912664477,1152000.000000,5
1426374927281195,556800.000000,0
1426374927282602,556800.000000,1
1426374927284008,556800.000000,2
1426374927285414,556800.000000,3
1426374927286664,556800.000000,4
1426374927288070,556800.000000,5
1426374952113956,748800.000000,0
1426374952115414,748800.000000,1
1426374952116612,748800.000000,2
1426374952117862,748800.000000,3
1426374952119112,748800.000000,4
1426374952120518,748800.000000,5
1426374962775414,556800.000000,0
1426374962776664,556800.000000,1
1426374962777706,556800.000000,2
1426374962778695,556800.000000,3
1426374962779789,556800.000000,4
1426374962780727,556800.000000,5
1426374981480206,1152000.000000,0
1426374981481300,1152000.000000,1
1426374981482445,1152000.000000,2
1426374981483487,1152000.000000,3
1426374981484633,1152000.000000,4
1426374981485675,1152000.000000,5
1426374990806768,1363200.000000,0
1426374990807289,1363200.000000,1
1426374990807758,1363200.000000,2
1426374990808227,1363200.000000,3
1426374990808800,1363200.000000,4
1426374990809268,1363200.000000,5
1426375006800206,1785600.000000,0
1426375006800727,1785600.000000,1
1426375006801195,1785600.000000,2
1426375006801768,1785600.000000,3
1426375006802289,1785600.000000,4
1426375006802758,1785600.000000,5
1426375022791352,556800.000000,0
1426375022791768,556800.000000,1
1426375022792081,556800.000000,2
1426375022792393,556800.000000,3
1426375022792706,556800.000000,4
1426375022793018,556800.000000,5
1426375066945102,960000.000000,0
1426375066946508,960000.000000,1
1426375066947862,960000.000000,2
1426375066949320,960000.000000,3
1426375066950570,960000.000000,4
1426375066951820,960000.000000,5
1426375072897758,556800.000000,0
1426375072898643,556800.000000,1
1426375072899477,556800.000000,2
1426375072900727,556800.000000,3
1426375072901977,556800.000000,4
1426375072903331,556800.000000,5
1426375081132550,1785600.000000,0
1426375081133695,1785600.000000,1
1426375081134737,1785600.000000,2
1426375081135727,1785600.000000,3
1426375081136768,1785600.000000,4
1426375081137758,1785600.000000,5
1426375086936664,960000.000000,0
1426375086937133,960000.000000,1
1426375086937550,960000.000000,2
1426375086937914,960000.000000,3
1426375086938331,960000.000000,4
1426375086938695,960000.000000,5
1426375102811664,1363200.000000,0
1426375102812602,1363200.000000,1
1426375102813331,1363200.000000,2
1426375102814164,1363200.000000,3
1426375102814893,1363200.000000,4
1426375102815570,1363200.000000,5
1426375130303227,1785600.000000,0
1426375130303852,1785600.000000,1
1426375130304320,1785600.000000,2
1426375130304893,1785600.000000,3
1426375130305414,1785600.000000,4
1426375130306039,1785600.000000,5
1426375136949893,1555200.000000,0
1426375136950258,1555200.000000,1
1426375136950570,1555200.000000,2
1426375136950883,1555200.000000,3
1426375136951195,1555200.000000,4
1426375136951508,1555200.000000,5
1426375150849477,556800.000000,0
1426375150849945,556800.000000,1
1426375150850414,556800.000000,2
1426375150850883,556800.000000,3
1426375150852133,556800.000000,4
1426375150853383,556800.000000,5
1426375199270414,1363200.000000,0
1426375199271925,1363200.000000,1
1426375199273070,1363200.000000,2
1426375199274477,1363200.000000,3
1426375199275883,1363200.000000,4
1426375199277289,1363200.000000,5
1426375207259633,1785600.000000,0
1426375207260258,1785600.000000,1
1426375207260727,1785600.000000,2
1426375207261299,1785600.000000,3
1426375207261924,1785600.000000,4
1426375207262445,1785600.000000,5
1426375207347758,1555200.000000,0
1426375207348070,1555200.000000,1
1426375207348383,1555200.000000,2
1426375207348695,1555200.000000,3
1426375207349008,1555200.000000,4
1426375207349320,1555200.000000,5
1426375207824112,1363200.000000,0
1426375207824477,1363200.000000,1
1426375207824789,1363200.000000,2
1426375207825206,1363200.000000,3
1426375207825570,1363200.000000,4
1426375207825883,1363200.000000,5
1426375215411820,1785600.000000,0
1426375215412289,1785600.000000,1
1426375215412758,1785600.000000,2
1426375215413174,1785600.000000,3
1426375215413643,1785600.000000,4
1426375215414008,1785600.000000,5
1426375236723070,556800.000000,0
1426375236723539,556800.000000,1
1426375236724008,556800.000000,2
1426375236725049,556800.000000,3
1426375236726352,556800.000000,4
1426375236727549,556800.000000,5
1426375296927289,1363200.000000,0
1426375296928383,1363200.000000,1
1426375296929477,1363200.000000,2
1426375296930414,1363200.000000,3
1426375296931352,1363200.000000,4
1426375296932289,1363200.000000,5
1426375312894737,1785600.000000,0
1426375312895414,1785600.000000,1
1426375312895883,1785600.000000,2
1426375312896352,1785600.000000,3
1426375312896768,1785600.000000,4
1426375312897133,1785600.000000,5
1426375319194112,1555200.000000,0
1426375319194633,1555200.000000,1
1426375319194945,1555200.000000,2
1426375319195414,1555200.000000,3
1426375319195727,1555200.000000,4
1426375319196195,1555200.000000,5
1426375319244320,1785600.000000,0
1426375319244789,1785600.000000,1
1426375319245102,1785600.000000,2
1426375319245518,1785600.000000,3
1426375319245883,1785600.000000,4
1426375319246299,1785600.000000,5
1426375328869008,1555200.000000,0
1426375328869424,1555200.000000,1
1426375328869633,1555200.000000,2
1426375328869945,1555200.000000,3
1426375328870258,1555200.000000,4
1426375328870570,1555200.000000,5
1426375351464737,556800.000000,0
1426375351465414,556800.000000,1
1426375351466768,556800.000000,2
1426375351467914,556800.000000,3
1426375351469164,556800.000000,4
1426375351470570,556800.000000,5
1426375369220362,748800.000000,0
1426375369221924,748800.000000,1
1426375369223227,748800.000000,2
1426375369224424,748800.000000,3
1426375369225727,748800.000000,4
1426375369226977,748800.000000,5
1426375369277706,556800.000000,0
1426375369279008,556800.000000,1
1426375369280049,556800.000000,2
1426375369280987,556800.000000,3
1426375369281977,556800.000000,4
1426375369283018,556800.000000,5
1426375383974320,748800.000000,0
1426375383975727,748800.000000,1
1426375383976977,748800.000000,2
1426375383978331,748800.000000,3
1426375383979633,748800.000000,4
1426375383980883,748800.000000,5
1426375384149164,556800.000000,0
1426375384150414,556800.000000,1
1426375384151456,556800.000000,2
1426375384152445,556800.000000,3
1426375384153487,556800.000000,4
1426375384154477,556800.000000,5
1426375408888174,1363200.000000,0
1426375408889477,1363200.000000,1
1426375408890414,1363200.000000,2
1426375408891664,1363200.000000,3
1426375408892602,1363200.000000,4
1426375408893695,1363200.000000,5
1426375422787081,1555200.000000,0
1426375422787549,1555200.000000,1
1426375422787914,1555200.000000,2
1426375422788331,1555200.000000,3
1426375422788695,1555200.000000,4
1426375422789268,1555200.000000,5
1426375444912289,1785600.000000,0
1426375444912758,1785600.000000,1
1426375444913226,1785600.000000,2
1426375444913695,1785600.000000,3
1426375444914164,1785600.000000,4
1426375444914633,1785600.000000,5
1426375444952393,1555200.000000,0
1426375444952706,1555200.000000,1
1426375444953018,1555200.000000,2
1426375444953331,1555200.000000,3
1426375444953643,1555200.000000,4
1426375444953956,1555200.000000,5
1426375461604737,1996800.000000,0
1426375461605101,1996800.000000,1
1426375461605570,1996800.000000,2
1426375461605883,1996800.000000,3
1426375461606195,1996800.000000,4
1426375461606612,1996800.000000,5
1426375469932601,1555200.000000,0
1426375469933018,1555200.000000,1
1426375469933383,1555200.000000,2
1426375469933695,1555200.000000,3
1426375469934112,1555200.000000,4
1426375469934424,1555200.000000,5
1426375469997445,1996800.000000,0
1426375469997914,1996800.000000,1
1426375469998331,1996800.000000,2
1426375469998695,1996800.000000,3
1426375469999112,1996800.000000,4
1426375469999476,1996800.000000,5
1426375470799268,1152000.000000,0
1426375470799633,1152000.000000,1
1426375470799893,1152000.000000,2
1426375470800206,1152000.000000,3
1426375470800414,1152000.000000,4
1426375470800726,1152000.000000,5
1426375488863799,556800.000000,0
1426375488865049,556800.000000,1
1426375488866039,556800.000000,2
1426375488867081,556800.000000,3
1426375488868070,556800.000000,4
1426375488869112,556800.000000,5
1426375504773331,1363200.000000,0
1426375504774633,1363200.000000,1
1426375504775883,1363200.000000,2
1426375504777133,1363200.000000,3
1426375504778383,1363200.000000,4
1426375504779633,1363200.000000,5
1426375518754008,1152000.000000,0
1426375518754633,1152000.000000,1
1426375518755101,1152000.000000,2
1426375518755570,1152000.000000,3
1426375518756195,1152000.000000,4
1426375518756820,1152000.000000,5
1426375526300726,1555200.000000,0
1426375526301351,1555200.000000,1
1426375526301820,1555200.000000,2
1426375526302393,1555200.000000,3
1426375526302862,1555200.000000,4
1426375526303383,1555200.000000,5
1426375535354164,748800.000000,0
1426375535354737,748800.000000,1
1426375535355101,748800.000000,2
1426375535355674,748800.000000,3
1426375535356143,748800.000000,4
1426375535356664,748800.000000,5
1426375550956508,556800.000000,0
1426375550957914,556800.000000,1
1426375550959164,556800.000000,2
1426375550960518,556800.000000,3
1426375550961820,556800.000000,4
1426375550963226,556800.000000,5
1426375565816768,960000.000000,0
1426375565818070,960000.000000,1
1426375565819633,960000.000000,2
1426375565820883,960000.000000,3
1426375565822133,960000.000000,4
1426375565823383,960000.000000,5
1426375566766820,1363200.000000,0
1426375566767445,1363200.000000,1
1426375566768070,1363200.000000,2
1426375566768695,1363200.000000,3
1426375566769268,1363200.000000,4
1426375566769893,1363200.000000,5
1426375583705987,1152000.000000,0
1426375583706508,1152000.000000,1
1426375583706820,1152000.000000,2
1426375583707289,1152000.000000,3
1426375583707758,1152000.000000,4
1426375583708174,1152000.000000,5
1426375600872914,1555200.000000,0
1426375600873695,1555200.000000,1
1426375600874164,1555200.000000,2
1426375600874633,1555200.000000,3
1426375600875101,1555200.000000,4
1426375600875570,1555200.000000,5
1426375632408539,748800.000000,0
1426375632409268,748800.000000,1
1426375632410206,748800.000000,2
1426375632411039,748800.000000,3
1426375632412081,748800.000000,4
1426375632413070,748800.000000,5
1426375646774164,556800.000000,0
1426375646775570,556800.000000,1
1426375646776768,556800.000000,2
1426375646778070,556800.000000,3
1426375646779424,556800.000000,4
1426375646780570,556800.000000,5
1426375681294476,1555200.000000,0
1426375681295674,1555200.000000,1
1426375681296664,1555200.000000,2
1426375681297601,1555200.000000,3
1426375681298539,1555200.000000,4
1426375681299633,1555200.000000,5
1426375696845726,1785600.000000,0
1426375696846508,1785600.000000,1
1426375696846820,1785600.000000,2
1426375696847237,1785600.000000,3
1426375696847601,1785600.000000,4
1426375696847914,1785600.000000,5
1426375712933383,1152000.000000,0
1426375712933851,1152000.000000,1
1426375712934424,1152000.000000,2
1426375712935049,1152000.000000,3
1426375712935674,1152000.000000,4
1426375712936351,1152000.000000,5
1426375727660101,556800.000000,0
1426375727660726,556800.000000,1
1426375727661195,556800.000000,2
1426375727661768,556800.000000,3
1426375727662758,556800.000000,4
1426375727663695,556800.000000,5
1426375744904789,1363200.000000,0
1426375744906299,1363200.000000,1
1426375744907758,1363200.000000,2
1426375744909112,1363200.000000,3
1426375744910414,1363200.000000,4
1426375744911664,1363200.000000,5
1426375755901768,1785600.000000,0
1426375755902133,1785600.000000,1
1426375755902601,1785600.000000,2
1426375755903070,1785600.000000,3
1426375755903539,1785600.000000,4
1426375755903956,1785600.000000,5
1426375755909789,1363200.000000,0
1426375755910206,1363200.000000,1
1426375755910570,1363200.000000,2
1426375755910987,1363200.000000,3
1426375755911456,1363200.000000,4
1426375755911820,1363200.000000,5
1426375755959945,1555200.000000,0
1426375755960362,1555200.000000,1
1426375755960831,1555200.000000,2
1426375755961195,1555200.000000,3
1426375755961664,1555200.000000,4
1426375755962081,1555200.000000,5
1426375760871299,1363200.000000,0
1426375760871768,1363200.000000,1
1426375760872289,1363200.000000,2
1426375760872706,1363200.000000,3
1426375760873174,1363200.000000,4
1426375760873539,1363200.000000,5
1426375774929789,556800.000000,0
1426375774930258,556800.000000,1
1426375774930726,556800.000000,2
1426375774931195,556800.000000,3
1426375774932133,556800.000000,4
1426375774933174,556800.000000,5
1426375781180362,1152000.000000,0
1426375781181508,1152000.000000,1
1426375781182601,1152000.000000,2
1426375781183643,1152000.000000,3
1426375781184633,1152000.000000,4
1426375781185570,1152000.000000,5
1426375807871039,1555200.000000,0
1426375807871664,1555200.000000,1
1426375807872133,1555200.000000,2
1426375807872601,1555200.000000,3
1426375807873070,1555200.000000,4
1426375807873539,1555200.000000,5
1426375822887549,556800.000000,0
1426375822888018,556800.000000,1
1426375822888383,556800.000000,2
1426375822888695,556800.000000,3
1426375822889320,556800.000000,4
1426375822890362,556800.000000,5
1426375824062914,748800.000000,0
1426375824064112,748800.000000,1
1426375824065101,748800.000000,2
1426375824066195,748800.000000,3
1426375824067133,748800.000000,4
1426375824068174,748800.000000,5
1426375824742862,556800.000000,0
1426375824744008,556800.000000,1
1426375824744945,556800.000000,2
1426375824746039,556800.000000,3
1426375824746976,556800.000000,4
1426375824748018,556800.000000,5
1426375828921976,748800.000000,0
1426375828923070,748800.000000,1
1426375828924112,748800.000000,2
1426375828925101,748800.000000,3
1426375828926143,748800.000000,4
1426375828927237,748800.000000,5
1426375833444893,1555200.000000,0
1426375833445726,1555200.000000,1
1426375833446456,1555200.000000,2
1426375833447237,1555200.000000,3
1426375833448070,1555200.000000,4
1426375833448799,1555200.000000,5
1426375840864320,748800.000000,0
1426375840864893,748800.000000,1
1426375840865414,748800.000000,2
1426375840865831,748800.000000,3
1426375840866351,748800.000000,4
1426375840867289,748800.000000,5
1426375862365726,556800.000000,0
1426375862367133,556800.000000,1
1426375862368383,556800.000000,2
1426375862369633,556800.000000,3
1426375862370883,556800.000000,4
1426375862372133,556800.000000,5
1426375886834268,748800.000000,0
1426375886835726,748800.000000,1
1426375886837080,748800.000000,2
1426375886838330,748800.000000,3
1426375886839580,748800.000000,4
1426375886840883,748800.000000,5
1426375903556039,1363200.000000,0
1426375903557133,1363200.000000,1
1426375903558174,1363200.000000,2
1426375903559112,1363200.000000,3
1426375903560049,1363200.000000,4
1426375903560987,1363200.000000,5
1426375936890570,748800.000000,0
1426375936891195,748800.000000,1
1426375936892133,748800.000000,2
1426375936893070,748800.000000,3
1426375936894008,748800.000000,4
1426375936894945,748800.000000,5
1426375950820883,556800.000000,0
1426375950822237,556800.000000,1
1426375950823539,556800.000000,2
1426375950824633,556800.000000,3
1426375950825987,556800.000000,4
1426375950827289,556800.000000,5
1426375976358643,748800.000000,0
1426375976359945,748800.000000,1
1426375976361143,748800.000000,2
1426375976362133,748800.000000,3
1426375976363070,748800.000000,4
1426375976364112,748800.000000,5
1426375976922133,1152000.000000,0
1426375976922914,1152000.000000,1
1426375976923643,1152000.000000,2
1426375976924424,1152000.000000,3
1426375976925101,1152000.000000,4
1426375976925883,1152000.000000,5
1426375977825726,748800.000000,0
1426375977826195,748800.000000,1
1426375977826664,748800.000000,2
1426375977827237,748800.000000,3
1426375977827705,748800.000000,4
1426375977828174,748800.000000,5
1426375981838851,1363200.000000,0
1426375981839789,1363200.000000,1
1426375981840518,1363200.000000,2
1426375981841299,1363200.000000,3
1426375981841976,1363200.000000,4
1426375981842758,1363200.000000,5
1426375983409945,556800.000000,0
1426375983410414,556800.000000,1
1426375983410830,556800.000000,2
1426375983411299,556800.000000,3
1426375983411664,556800.000000,4
1426375983412133,556800.000000,5
1426375983745518,960000.000000,0
1426375983746820,960000.000000,1
1426375983748070,960000.000000,2
1426375983749424,960000.000000,3
1426375983750726,960000.000000,4
1426375983751924,960000.000000,5
1426375983915883,556800.000000,0
1426375983916508,556800.000000,1
1426375983917237,556800.000000,2
1426375983917862,556800.000000,3
1426375983918799,556800.000000,4
1426375983919789,556800.000000,5
1426376000940205,1363200.000000,0
1426376000941351,1363200.000000,1
1426376000942289,1363200.000000,2
1426376000943330,1363200.000000,3
1426376000944320,1363200.000000,4
1426376000945258,1363200.000000,5
1426376016797914,1785600.000000,0
1426376016798487,1785600.000000,1
1426376016798955,1785600.000000,2
1426376016799476,1785600.000000,3
1426376016801351,1785600.000000,4
1426376016801820,1785600.000000,5
1426376026133070,1555200.000000,0
1426376026133383,1555200.000000,1
1426376026133695,1555200.000000,2
1426376026134112,1555200.000000,3
1426376026134424,1555200.000000,4
1426376026134737,1555200.000000,5
1426376026436039,1785600.000000,0
1426376026436508,1785600.000000,1
1426376026436976,1785600.000000,2
1426376026437289,1785600.000000,3
1426376026437705,1785600.000000,4
1426376026438070,1785600.000000,5
1426376032910883,1363200.000000,0
1426376032911299,1363200.000000,1
1426376032911664,1363200.000000,2
1426376032911976,1363200.000000,3
1426376032912289,1363200.000000,4
1426376032912601,1363200.000000,5
1426376048919945,1555200.000000,0
1426376048920414,1555200.000000,1
1426376048920883,1555200.000000,2
1426376048921299,1555200.000000,3
1426376048921768,1555200.000000,4
1426376048922133,1555200.000000,5
1426376050871976,1996800.000000,0
1426376050872445,1996800.000000,1
1426376050872758,1996800.000000,2
1426376050873174,1996800.000000,3
1426376050873539,1996800.000000,4
1426376050873955,1996800.000000,5
1426376050928383,1555200.000000,0
1426376050928695,1555200.000000,1
1426376050929008,1555200.000000,2
1426376050929320,1555200.000000,3
1426376050929580,1555200.000000,4
1426376050929893,1555200.000000,5
1426376051102289,1785600.000000,0
1426376051102705,1785600.000000,1
1426376051103070,1785600.000000,2
1426376051103383,1785600.000000,3
1426376051103695,1785600.000000,4
1426376051104112,1785600.000000,5
1426376051202393,1555200.000000,0
1426376051202758,1555200.000000,1
1426376051203018,1555200.000000,2
1426376051203383,1555200.000000,3
1426376051203799,1555200.000000,4
1426376051204164,1555200.000000,5
1426376051218851,1785600.000000,0
1426376051219268,1785600.000000,1
1426376051219633,1785600.000000,2
1426376051219945,1785600.000000,3
1426376051220362,1785600.000000,4
1426376051220726,1785600.000000,5
1426376053112445,1996800.000000,0
1426376053113018,1996800.000000,1
1426376053113383,1996800.000000,2
1426376053113799,1996800.000000,3
1426376053114164,1996800.000000,4
1426376053114633,1996800.000000,5
1426376055776351,1785600.000000,0
1426376055776768,1785600.000000,1
1426376055777133,1785600.000000,2
1426376055777445,1785600.000000,3
1426376055777862,1785600.000000,4
1426376055778226,1785600.000000,5
1426376057143383,1996800.000000,0
1426376057143799,1996800.000000,1
1426376057144112,1996800.000000,2
1426376057144424,1996800.000000,3
1426376057144737,1996800.000000,4
1426376057145049,1996800.000000,5
1426376064869893,1555200.000000,0
1426376064870570,1555200.000000,1
1426376064870830,1555200.000000,2
1426376064871143,1555200.000000,3
1426376064871351,1555200.000000,4
1426376064871820,1555200.000000,5
1426376079217757,1996800.000000,0
1426376079218382,1996800.000000,1
1426376079218851,1996800.000000,2
1426376079219320,1996800.000000,3
1426376079219789,1996800.000000,4
1426376079220362,1996800.000000,5
1426376096845882,2227200.000000,0
1426376096846195,2227200.000000,1
1426376096846455,2227200.000000,2
1426376096846768,2227200.000000,3
1426376096846976,2227200.000000,4
1426376096847393,2227200.000000,5
1426376112629268,960000.000000,0
1426376112629476,960000.000000,1
1426376112629789,960000.000000,2
1426376112630049,960000.000000,3
1426376112630257,960000.000000,4
1426376112631612,960000.000000,5
1426376126854164,556800.000000,0
1426376126855257,556800.000000,1
1426376126856299,556800.000000,2
1426376126857289,556800.000000,3
1426376126858226,556800.000000,4
1426376126859268,556800.000000,5
1426376191479893,748800.000000,0
1426376191481143,748800.000000,1
1426376191482132,748800.000000,2
1426376191483070,748800.000000,3
1426376191484007,748800.000000,4
1426376191485049,748800.000000,5
1426376208876039,1363200.000000,0
1426376208876976,1363200.000000,1
1426376208877705,1363200.000000,2
1426376208878382,1363200.000000,3
1426376208879164,1363200.000000,4
1426376208880049,1363200.000000,5
1426376224857757,1555200.000000,0
1426376224858174,1555200.000000,1
1426376224858539,1555200.000000,2
1426376224859007,1555200.000000,3
1426376224859424,1555200.000000,4
1426376224859789,1555200.000000,5
1426376233302393,1785600.000000,0
1426376233302757,1785600.000000,1
1426376233303174,1785600.000000,2
1426376233303539,1785600.000000,3
1426376233303955,1785600.000000,4
1426376233304268,1785600.000000,5
1426376233610362,1555200.000000,0
1426376233610726,1555200.000000,1
1426376233611039,1555200.000000,2
1426376233611351,1555200.000000,3
1426376233611664,1555200.000000,4
1426376233611976,1555200.000000,5
1426376233810518,1785600.000000,0
1426376233810882,1785600.000000,1
1426376233811195,1785600.000000,2
1426376233811612,1785600.000000,3
1426376233811976,1785600.000000,4
1426376233812289,1785600.000000,5
1426376236424320,1555200.000000,0
1426376236424632,1555200.000000,1
1426376236424945,1555200.000000,2
1426376236425257,1555200.000000,3
1426376236425570,1555200.000000,4
1426376236425987,1555200.000000,5
1426376237614632,1785600.000000,0
1426376237615101,1785600.000000,1
1426376237615414,1785600.000000,2
1426376237615830,1785600.000000,3
1426376237616195,1785600.000000,4
1426376237616507,1785600.000000,5
1426376239434789,1555200.000000,0
1426376239435101,1555200.000000,1
1426376239435518,1555200.000000,2
1426376239435726,1555200.000000,3
1426376239436143,1555200.000000,4
1426376239436351,1555200.000000,5
1426376256866351,556800.000000,0
1426376256867705,556800.000000,1
1426376256868955,556800.000000,2
1426376256870257,556800.000000,3
1426376256871507,556800.000000,4
1426376256872757,556800.000000,5
1426376282019424,1152000.000000,0
1426376282020570,1152000.000000,1
1426376282021664,1152000.000000,2
1426376282022601,1152000.000000,3
1426376282023851,1152000.000000,4
1426376282024789,1152000.000000,5
1426376286853382,556800.000000,0
1426376286853851,556800.000000,1
1426376286854424,556800.000000,2
1426376286855205,556800.000000,3
1426376286856195,556800.000000,4
1426376286857132,556800.000000,5
1426376301491299,1555200.000000,0
1426376301492757,1555200.000000,1
1426376301494007,1555200.000000,2
1426376301495414,1555200.000000,3
1426376301499737,1555200.000000,4
1426376301500882,1555200.000000,5
1426376301816924,556800.000000,0
1426376301817289,556800.000000,1
1426376301817705,556800.000000,2
1426376301818070,556800.000000,3
1426376301818487,556800.000000,4
1426376301818851,556800.000000,5
1426376303030882,1363200.000000,0
1426376303031976,1363200.000000,1
1426376303033070,1363200.000000,2
1426376303034112,1363200.000000,3
1426376303035049,1363200.000000,4
1426376303036143,1363200.000000,5
1426376334770414,556800.000000,0
1426376334771143,556800.000000,1
1426376334772237,556800.000000,2
1426376334773382,556800.000000,3
1426376334774789,556800.000000,4
1426376334776039,556800.000000,5
1426376339016768,748800.000000,0
1426376339018070,748800.000000,1
1426376339019424,748800.000000,2
1426376339020726,748800.000000,3
1426376339022132,748800.000000,4
1426376339023226,748800.000000,5
1426376350516768,556800.000000,0
1426376350517914,556800.000000,1
1426376350518851,556800.000000,2
1426376350519945,556800.000000,3
1426376350520882,556800.000000,4
1426376350521976,556800.000000,5
1426376350782445,748800.000000,0
1426376350783643,748800.000000,1
1426376350784632,748800.000000,2
1426376350785674,748800.000000,3
1426376350786768,748800.000000,4
1426376350787757,748800.000000,5
1426376368938851,1363200.000000,0
1426376368939737,1363200.000000,1
1426376368940518,1363200.000000,2
1426376368941195,1363200.000000,3
1426376368941924,1363200.000000,4
1426376368942705,1363200.000000,5
1426376383291820,1555200.000000,0
1426376383292289,1555200.000000,1
1426376383292705,1555200.000000,2
1426376383293070,1555200.000000,3
1426376383293487,1555200.000000,4
1426376383293851,1555200.000000,5
1426376400857914,1996800.000000,0
1426376400858487,1996800.000000,1
1426376400858851,1996800.000000,2
1426376400859268,1996800.000000,3
1426376400859632,1996800.000000,4
1426376400859945,1996800.000000,5
1426376400948330,1555200.000000,0
1426376400948695,1555200.000000,1
1426376400949007,1555200.000000,2
1426376400949320,1555200.000000,3
1426376400949737,1555200.000000,4
1426376400950101,1555200.000000,5
1426376401384893,1996800.000000,0
1426376401385362,1996800.000000,1
1426376401385830,1996800.000000,2
1426376401386195,1996800.000000,3
1426376401386664,1996800.000000,4
1426376401387132,1996800.000000,5
1426376401677393,1555200.000000,0
1426376401677601,1555200.000000,1
1426376401677914,1555200.000000,2
1426376401678226,1555200.000000,3
1426376401678539,1555200.000000,4
1426376401678799,1555200.000000,5
1426376401715101,1996800.000000,0
1426376401715518,1996800.000000,1
1426376401715882,1996800.000000,2
1426376401716195,1996800.000000,3
1426376401716664,1996800.000000,4
1426376401717080,1996800.000000,5
1426376416853695,1363200.000000,0
1426376416854112,1363200.000000,1
1426376416854476,1363200.000000,2
1426376416854789,1363200.000000,3
1426376416855101,1363200.000000,4
1426376416855518,1363200.000000,5
1426376435634320,556800.000000,0
1426376435634945,556800.000000,1
1426376435635674,556800.000000,2
1426376435636924,556800.000000,3
1426376435638226,556800.000000,4
1426376435639476,556800.000000,5
1426376461989007,748800.000000,0
1426376461990101,748800.000000,1
1426376461991143,748800.000000,2
1426376461992132,748800.000000,3
1426376461993070,748800.000000,4
1426376461994112,748800.000000,5
1426376463452445,556800.000000,0
1426376463453539,556800.000000,1
1426376463454476,556800.000000,2
1426376463455414,556800.000000,3
1426376463456455,556800.000000,4
1426376463457393,556800.000000,5
1426376470501039,748800.000000,0
1426376470502289,748800.000000,1
1426376470503487,748800.000000,2
1426376470504580,748800.000000,3
1426376470505570,748800.000000,4
1426376470506612,748800.000000,5
1426376476778643,556800.000000,0
1426376476779789,556800.000000,1
1426376476780882,556800.000000,2
1426376476781976,556800.000000,3
1426376476782914,556800.000000,4
1426376476783955,556800.000000,5
1426376494805414,748800.000000,0
1426376494806924,748800.000000,1
1426376494807914,748800.000000,2
1426376494808851,748800.000000,3
1426376494809945,748800.000000,4
1426376494810987,748800.000000,5
1426376511177132,1363200.000000,0
1426376511178018,1363200.000000,1
1426376511178799,1363200.000000,2
1426376511179580,1363200.000000,3
1426376511180257,1363200.000000,4
1426376511181143,1363200.000000,5
1426376526877914,1555200.000000,0
1426376526878539,1555200.000000,1
1426376526879007,1555200.000000,2
1426376526879632,1555200.000000,3
1426376526880205,1555200.000000,4
1426376526880726,1555200.000000,5
1426376532417289,1785600.000000,0
1426376532417705,1785600.000000,1
1426376532418070,1785600.000000,2
1426376532418382,1785600.000000,3
1426376532418799,1785600.000000,4
1426376532419164,1785600.000000,5
1426376532679164,1555200.000000,0
1426376532679632,1555200.000000,1
1426376532679945,1555200.000000,2
1426376532680361,1555200.000000,3
1426376532680674,1555200.000000,4
1426376532680986,1555200.000000,5
1426376544940049,960000.000000,0
1426376544940570,960000.000000,1
1426376544941039,960000.000000,2
1426376544941768,960000.000000,3
1426376544942445,960000.000000,4
1426376544943174,960000.000000,5
1426376558786820,748800.000000,0
1426376558787757,748800.000000,1
1426376558788643,748800.000000,2
1426376558789632,748800.000000,3
1426376558790570,748800.000000,4
1426376558791455,748800.000000,5
1426376558838539,556800.000000,0
1426376558839632,556800.000000,1
1426376558840570,556800.000000,2
1426376558841976,556800.000000,3
1426376558843226,556800.000000,4
1426376558844632,556800.000000,5
1426376572436351,748800.000000,0
1426376572437549,748800.000000,1
1426376572438539,748800.000000,2
1426376572439580,748800.000000,3
1426376572440570,748800.000000,4
1426376572441664,748800.000000,5
1426376573594789,960000.000000,0
1426376573595830,960000.000000,1
1426376573596664,960000.000000,2
1426376573597601,960000.000000,3
1426376573598643,960000.000000,4
1426376573599632,960000.000000,5
1426376574986611,748800.000000,0
1426376574987393,748800.000000,1
1426376574988070,748800.000000,2
1426376574988851,748800.000000,3
1426376574989789,748800.000000,4
1426376574990674,748800.000000,5
1426376607194268,1363200.000000,0
1426376607195205,1363200.000000,1
1426376607195986,1363200.000000,2
1426376607196768,1363200.000000,3
1426376607197445,1363200.000000,4
1426376607198226,1363200.000000,5
1426376624174007,1152000.000000,0
1426376624174580,1152000.000000,1
1426376624175101,1152000.000000,2
1426376624175726,1152000.000000,3
1426376624176351,1152000.000000,4
1426376624176924,1152000.000000,5
1426376646691351,556800.000000,0
1426376646692861,556800.000000,1
1426376646694111,556800.000000,2
1426376646695361,556800.000000,3
1426376646696768,556800.000000,4
1426376646698018,556800.000000,5
1426376671811976,748800.000000,0
1426376671813486,748800.000000,1
1426376671814736,748800.000000,2
1426376671815986,748800.000000,3
1426376671817236,748800.000000,4
1426376671818539,748800.000000,5
1426376687429111,960000.000000,0
1426376687429945,960000.000000,1
1426376687430726,960000.000000,2
1426376687431351,960000.000000,3
1426376687432132,960000.000000,4
1426376687432914,960000.000000,5
1426376704585986,1363200.000000,0
1426376704586664,1363200.000000,1
1426376704587289,1363200.000000,2
1426376704587861,1363200.000000,3
1426376704588382,1363200.000000,4
1426376704589007,1363200.000000,5
1426376720866611,960000.000000,0
1426376720867132,960000.000000,1
1426376720867705,960000.000000,2
1426376720868382,960000.000000,3
1426376720869164,960000.000000,4
1426376720869893,960000.000000,5
1426376736100413,748800.000000,0
1426376736101143,748800.000000,1
1426376736101924,748800.000000,2
1426376736102705,748800.000000,3
1426376736103486,748800.000000,4
1426376736104163,748800.000000,5
1426376736159424,556800.000000,0
1426376736160205,556800.000000,1
1426376736160986,556800.000000,2
1426376736161820,556800.000000,3
1426376736162913,556800.000000,4
1426376736163851,556800.000000,5
1426376758413382,748800.000000,0
1426376758414476,748800.000000,1
1426376758415413,748800.000000,2
1426376758416455,748800.000000,3
1426376758417445,748800.000000,4
1426376758418382,748800.000000,5
1426376777151976,556800.000000,0
1426376777153486,556800.000000,1
1426376777154788,556800.000000,2
1426376777156143,556800.000000,3
1426376777157288,556800.000000,4
1426376777158538,556800.000000,5
1426376781696507,960000.000000,0
1426376781697757,960000.000000,1
1426376781699163,960000.000000,2
1426376781700413,960000.000000,3
1426376781701820,960000.000000,4
1426376781703070,960000.000000,5
1426376784586195,748800.000000,0
1426376784586976,748800.000000,1
1426376784587601,748800.000000,2
1426376784588382,748800.000000,3
1426376784589268,748800.000000,4
1426376784590101,748800.000000,5
1426376800858226,1363200.000000,0
1426376800859007,1363200.000000,1
1426376800859788,1363200.000000,2
1426376800860570,1363200.000000,3
1426376800861351,1363200.000000,4
1426376800862132,1363200.000000,5
1426376816077288,1555200.000000,0
1426376816077861,1555200.000000,1
1426376816078382,1555200.000000,2
1426376816078955,1555200.000000,3
1426376816079476,1555200.000000,4
1426376816079945,1555200.000000,5
1426376829256768,1785600.000000,0
1426376829257132,1785600.000000,1
1426376829257601,1785600.000000,2
1426376829257913,1785600.000000,3
1426376829258330,1785600.000000,4
1426376829258695,1785600.000000,5
1426376848947705,556800.000000,0
1426376848948070,556800.000000,1
1426376848948382,556800.000000,2
1426376848948695,556800.000000,3
1426376848949007,556800.000000,4
1426376848949476,556800.000000,5
1426376872272445,748800.000000,0
1426376872273643,748800.000000,1
1426376872274788,748800.000000,2
1426376872275726,748800.000000,3
1426376872276820,748800.000000,4
1426376872277757,748800.000000,5
1426376872346663,556800.000000,0
1426376872347601,556800.000000,1
1426376872348330,556800.000000,2
1426376872349320,556800.000000,3
1426376872350361,556800.000000,4
1426376872351351,556800.000000,5
1426376881259320,1363200.000000,0
1426376881260726,1363200.000000,1
1426376881261976,1363200.000000,2
1426376881263382,1363200.000000,3
1426376881264632,1363200.000000,4
1426376881265830,1363200.000000,5
1426376896854111,1555200.000000,0
1426376896854736,1555200.000000,1
1426376896855257,1555200.000000,2
1426376896855726,1555200.000000,3
1426376896856299,1555200.000000,4
1426376896856820,1555200.000000,5
1426376928943955,556800.000000,0
1426376928945570,556800.000000,1
1426376928946768,556800.000000,2
1426376928948070,556800.000000,3
1426376928949320,556800.000000,4
1426376928950570,556800.000000,5
1426376981872705,1555200.000000,0
1426376981874320,1555200.000000,1
1426376981875674,1555200.000000,2
1426376981876976,1555200.000000,3
1426376981878330,1555200.000000,4
1426376981879632,1555200.000000,5
1426376994663382,1996800.000000,0
1426376994663851,1996800.000000,1
1426376994664163,1996800.000000,2
1426376994664476,1996800.000000,3
1426376994665361,1996800.000000,4
1426376994665726,1996800.000000,5
1426376994753382,1555200.000000,0
1426376994753695,1555200.000000,1
1426376994754163,1555200.000000,2
1426376994754476,1555200.000000,3
1426376994754893,1555200.000000,4
1426376994755257,1555200.000000,5
1426377003923538,1785600.000000,0
1426377003924007,1785600.000000,1
1426377003924424,1785600.000000,2
1426377003924788,1785600.000000,3
1426377003925205,1785600.000000,4
1426377003925570,1785600.000000,5
1426377003972445,1555200.000000,0
1426377003972861,1555200.000000,1
1426377003973174,1555200.000000,2
1426377003973538,1555200.000000,3
1426377003973851,1555200.000000,4
1426377003974163,1555200.000000,5
1426377006742445,1785600.000000,0
1426377006743018,1785600.000000,1
1426377006743486,1785600.000000,2
1426377006743955,1785600.000000,3
1426377006744424,1785600.000000,4
1426377006744893,1785600.000000,5
1426377007197288,1555200.000000,0
1426377007197601,1555200.000000,1
1426377007197913,1555200.000000,2
1426377007198330,1555200.000000,3
1426377007198643,1555200.000000,4
1426377007198955,1555200.000000,5
1426377008028070,1785600.000000,0
1426377008028538,1785600.000000,1
1426377008028851,1785600.000000,2
1426377008029163,1785600.000000,3
1426377008029580,1785600.000000,4
1426377008029945,1785600.000000,5
1426377024974632,556800.000000,0
1426377024974945,556800.000000,1
1426377024975257,556800.000000,2
1426377024976455,556800.000000,3
1426377024977393,556800.000000,4
1426377024978382,556800.000000,5
1426377073920518,1555200.000000,0
1426377073922132,1555200.000000,1
1426377073923330,1555200.000000,2
1426377073924476,1555200.000000,3
1426377073925830,1555200.000000,4
1426377073927132,1555200.000000,5
1426377074308955,556800.000000,0
1426377074309320,556800.000000,1
1426377074309632,556800.000000,2
1426377074310049,556800.000000,3
1426377074310413,556800.000000,4
1426377074310726,556800.000000,5
1426377074505413,1555200.000000,0
1426377074506507,1555200.000000,1
1426377074507601,1555200.000000,2
1426377074508643,1555200.000000,3
1426377074509632,1555200.000000,4
1426377074510570,1555200.000000,5
1426377074740726,556800.000000,0
1426377074741195,556800.000000,1
1426377074741507,556800.000000,2
1426377074741820,556800.000000,3
1426377074742236,556800.000000,4
1426377074742601,556800.000000,5
1426377081408538,1785600.000000,0
1426377081409736,1785600.000000,1
1426377081410726,1785600.000000,2
1426377081411768,1785600.000000,3
1426377081412913,1785600.000000,4
1426377081413955,1785600.000000,5
1426377088866195,960000.000000,0
1426377088866611,960000.000000,1
1426377088866924,960000.000000,2
1426377088867236,960000.000000,3
1426377088867549,960000.000000,4
1426377088867913,960000.000000,5
1426377103309580,1363200.000000,0
1426377103310361,1363200.000000,1
1426377103311038,1363200.000000,2
1426377103311820,1363200.000000,3
1426377103312549,1363200.000000,4
1426377103313226,1363200.000000,5
1426377120860830,960000.000000,0
1426377120861299,960000.000000,1
1426377120861663,960000.000000,2
1426377120862236,960000.000000,3
1426377120862757,960000.000000,4
1426377120863382,960000.000000,5
1426377136865830,1363200.000000,0
1426377136866507,1363200.000000,1
1426377136867080,1363200.000000,2
1426377136867601,1363200.000000,3
1426377136868226,1363200.000000,4
1426377136868851,1363200.000000,5
1426377152854424,1555200.000000,0
1426377152854788,1555200.000000,1
1426377152855257,1555200.000000,2
1426377152855726,1555200.000000,3
1426377152856143,1555200.000000,4
1426377152856507,1555200.000000,5
1426377156951976,1785600.000000,0
1426377156952445,1785600.000000,1
1426377156952913,1785600.000000,2
1426377156953382,1785600.000000,3
1426377156953851,1785600.000000,4
1426377156954320,1785600.000000,5
1426377157004007,1555200.000000,0
1426377157004424,1555200.000000,1
1426377157004788,1555200.000000,2
1426377157005257,1555200.000000,3
1426377157005570,1555200.000000,4
1426377157006038,1555200.000000,5
1426377157084007,1785600.000000,0
1426377157084424,1785600.000000,1
1426377157084788,1785600.000000,2
1426377157085101,1785600.000000,3
1426377157085413,1785600.000000,4
1426377157085830,1785600.000000,5
1426377167160049,1363200.000000,0
1426377167160413,1363200.000000,1
1426377167160726,1363200.000000,2
1426377167161038,1363200.000000,3
1426377167161351,1363200.000000,4
1426377167161663,1363200.000000,5
1426377183113538,748800.000000,0
1426377183114163,748800.000000,1
1426377183114632,748800.000000,2
1426377183115101,748800.000000,3
1426377183115830,748800.000000,4
1426377183116663,748800.000000,5
1426377183166455,556800.000000,0
1426377183167288,556800.000000,1
1426377183168226,556800.000000,2
1426377183169580,556800.000000,3
1426377183170726,556800.000000,4
1426377183172132,556800.000000,5
1426377199062757,1363200.000000,0
1426377199064007,1363200.000000,1
1426377199065257,1363200.000000,2
1426377199066507,1363200.000000,3
1426377199067757,1363200.000000,4
1426377199069163,1363200.000000,5
1426377214936351,1785600.000000,0
1426377214936820,1785600.000000,1
1426377214937288,1785600.000000,2
1426377214937861,1785600.000000,3
1426377214938382,1785600.000000,4
1426377214938851,1785600.000000,5
1426377215449580,1555200.000000,0
1426377215449945,1555200.000000,1
1426377215450257,1555200.000000,2
1426377215450570,1555200.000000,3
1426377215450882,1555200.000000,4
1426377215451195,1555200.000000,5
1426377215656142,1785600.000000,0
1426377215656611,1785600.000000,1
1426377215656976,1785600.000000,2
1426377215657288,1785600.000000,3
1426377215657705,1785600.000000,4
1426377215658070,1785600.000000,5
1426377215689632,1555200.000000,0
1426377215690101,1555200.000000,1
1426377215690413,1555200.000000,2
1426377215690726,1555200.000000,3
1426377215690986,1555200.000000,4
1426377215691299,1555200.000000,5
1426377217216351,1785600.000000,0
1426377217216767,1785600.000000,1
1426377217217132,1785600.000000,2
1426377217217445,1785600.000000,3
1426377217217861,1785600.000000,4
1426377217218226,1785600.000000,5
1426377218835101,1555200.000000,0
1426377218835413,1555200.000000,1
1426377218835726,1555200.000000,2
1426377218836038,1555200.000000,3
1426377218836351,1555200.000000,4
1426377218836663,1555200.000000,5
1426377218884476,1785600.000000,0
1426377218884945,1785600.000000,1
1426377218885257,1785600.000000,2
1426377218885570,1785600.000000,3
1426377218885986,1785600.000000,4
1426377218886351,1785600.000000,5
1426377218931142,1555200.000000,0
1426377218931455,1555200.000000,1
1426377218931767,1555200.000000,2
1426377218932080,1555200.000000,3
1426377218932392,1555200.000000,4
1426377218932705,1555200.000000,5
1426377218960726,1785600.000000,0
1426377218961142,1785600.000000,1
1426377218961507,1785600.000000,2
1426377218961924,1785600.000000,3
1426377218962236,1785600.000000,4
1426377218962601,1785600.000000,5
1426377219145101,1555200.000000,0
1426377219145570,1555200.000000,1
1426377219145830,1555200.000000,2
1426377219146142,1555200.000000,3
1426377219146507,1555200.000000,4
1426377219146767,1555200.000000,5
1426377219164736,1785600.000000,0
1426377219165101,1785600.000000,1
1426377219165570,1785600.000000,2
1426377219165882,1785600.000000,3
1426377219166299,1785600.000000,4
1426377219166611,1785600.000000,5
1426377219181820,1555200.000000,0
1426377219182236,1555200.000000,1
1426377219182601,1555200.000000,2
1426377219182913,1555200.000000,3
1426377219183330,1555200.000000,4
1426377219183695,1555200.000000,5
1426377219222288,1785600.000000,0
1426377219222705,1785600.000000,1
1426377219223017,1785600.000000,2
1426377219223330,1785600.000000,3
1426377219223642,1785600.000000,4
1426377219223955,1785600.000000,5
1426377219336507,1555200.000000,0
1426377219336976,1555200.000000,1
1426377219337288,1555200.000000,2
1426377219337757,1555200.000000,3
1426377219338174,1555200.000000,4
1426377219338538,1555200.000000,5
1426377219904163,1785600.000000,0
1426377219904580,1785600.000000,1
1426377219904945,1785600.000000,2
1426377219905257,1785600.000000,3
1426377219905674,1785600.000000,4
1426377219906038,1785600.000000,5
1426377219937757,1555200.000000,0
1426377219938174,1555200.000000,1
1426377219938538,1555200.000000,2
1426377219938955,1555200.000000,3
1426377219939320,1555200.000000,4
1426377219939736,1555200.000000,5
1426377219945570,1785600.000000,0
1426377219945882,1785600.000000,1
1426377219946195,1785600.000000,2
1426377219946507,1785600.000000,3
1426377219946820,1785600.000000,4
1426377219947132,1785600.000000,5
1426377219978538,1555200.000000,0
1426377219979111,1555200.000000,1
1426377219979476,1555200.000000,2
1426377219979945,1555200.000000,3
1426377219980413,1555200.000000,4
1426377219980882,1555200.000000,5
1426377220005101,1785600.000000,0
1426377220005413,1785600.000000,1
1426377220005830,1785600.000000,2
1426377220006195,1785600.000000,3
1426377220006611,1785600.000000,4
1426377220006976,1785600.000000,5
1426377221098017,1555200.000000,0
1426377221098382,1555200.000000,1
1426377221098695,1555200.000000,2
1426377221099007,1555200.000000,3
1426377221099320,1555200.000000,4
1426377221099632,1555200.000000,5
1426377221124320,1785600.000000,0
1426377221124736,1785600.000000,1
1426377221125101,1785600.000000,2
1426377221125413,1785600.000000,3
1426377221125830,1785600.000000,4
1426377221126195,1785600.000000,5
1426377221249476,1555200.000000,0
1426377221249788,1555200.000000,1
1426377221250205,1555200.000000,2
1426377221250517,1555200.000000,3
1426377221250830,1555200.000000,4
1426377221251195,1555200.000000,5
1426377221523017,1785600.000000,0
1426377221523538,1785600.000000,1
1426377221524007,1785600.000000,2
1426377221524424,1785600.000000,3
1426377221524892,1785600.000000,4
1426377221525413,1785600.000000,5
1426377222271820,1555200.000000,0
1426377222272132,1555200.000000,1
1426377222272445,1555200.000000,2
1426377222272757,1555200.000000,3
1426377222273070,1555200.000000,4
1426377222273382,1555200.000000,5
1426377222807757,1785600.000000,0
1426377222808174,1785600.000000,1
1426377222808538,1785600.000000,2
1426377222808955,1785600.000000,3
1426377222809267,1785600.000000,4
1426377222809632,1785600.000000,5
1426377222857392,1555200.000000,0
1426377222857705,1555200.000000,1
1426377222858017,1555200.000000,2
1426377222858330,1555200.000000,3
1426377222858642,1555200.000000,4
1426377222860205,1555200.000000,5
1426377224377445,1785600.000000,0
1426377224377861,1785600.000000,1
1426377224378226,1785600.000000,2
1426377224378538,1785600.000000,3
1426377224378955,1785600.000000,4
1426377224379320,1785600.000000,5
1426377227070830,1555200.000000,0
1426377227071195,1555200.000000,1
1426377227071663,1555200.000000,2
1426377227072080,1555200.000000,3
1426377227072445,1555200.000000,4
1426377227072913,1555200.000000,5
1426377227677861,1785600.000000,0
1426377227678226,1785600.000000,1
1426377227678538,1785600.000000,2
1426377227678955,1785600.000000,3
1426377227679320,1785600.000000,4
1426377227679632,1785600.000000,5
1426377231316663,1152000.000000,0
1426377231316976,1152000.000000,1
1426377231317288,1152000.000000,2
1426377231317601,1152000.000000,3
1426377231317913,1152000.000000,4
1426377231318382,1152000.000000,5
1426377246941767,556800.000000,0
1426377246942757,556800.000000,1
1426377246943955,556800.000000,2
1426377246945257,556800.000000,3
1426377246946611,556800.000000,4
1426377246947913,556800.000000,5
1426377252263382,748800.000000,0
1426377252264736,748800.000000,1
1426377252265882,748800.000000,2
1426377252267288,748800.000000,3
1426377252268642,748800.000000,4
1426377252269788,748800.000000,5
1426377263589736,556800.000000,0
1426377263590830,556800.000000,1
1426377263591924,556800.000000,2
1426377263592861,556800.000000,3
1426377263593851,556800.000000,4
1426377263594892,556800.000000,5
1426377281319476,1785600.000000,0
1426377281320570,1785600.000000,1
1426377281321663,1785600.000000,2
1426377281322705,1785600.000000,3
1426377281323799,1785600.000000,4
1426377281324788,1785600.000000,5
1426377295483486,1996800.000000,0
1426377295483799,1996800.000000,1
1426377295484111,1996800.000000,2
1426377295484476,1996800.000000,3
1426377295484788,1996800.000000,4
1426377295485101,1996800.000000,5
1426377295529163,2227200.000000,0
1426377295529476,2227200.000000,1
1426377295529788,2227200.000000,2
1426377295530101,2227200.000000,3
1426377295530413,2227200.000000,4
1426377295530726,2227200.000000,5
1426377295949736,1996800.000000,0
1426377295950101,1996800.000000,1
1426377295950413,1996800.000000,2
1426377295950726,1996800.000000,3
1426377295951038,1996800.000000,4
1426377295951455,1996800.000000,5
1426377296004424,2227200.000000,0
1426377296004736,2227200.000000,1
1426377296004945,2227200.000000,2
1426377296005257,2227200.000000,3
1426377296005570,2227200.000000,4
1426377296005882,2227200.000000,5
1426377296097132,1996800.000000,0
1426377296097601,1996800.000000,1
1426377296097861,1996800.000000,2
1426377296098070,1996800.000000,3
1426377296098382,1996800.000000,4
1426377296098642,1996800.000000,5
1426377310869945,1363200.000000,0
1426377310870257,1363200.000000,1
1426377310870570,1363200.000000,2
1426377310870882,1363200.000000,3
1426377310871195,1363200.000000,4
1426377310871455,1363200.000000,5
1426377328950049,960000.000000,0
1426377328950882,960000.000000,1
1426377328951611,960000.000000,2
1426377328952288,960000.000000,3
1426377328953017,960000.000000,4
1426377328953695,960000.000000,5
1426377345128486,556800.000000,0
1426377345129580,556800.000000,1
1426377345130882,556800.000000,2
1426377345132132,556800.000000,3
1426377345133382,556800.000000,4
1426377345134632,556800.000000,5
1426377381276507,1363200.000000,0
1426377381277601,1363200.000000,1
1426377381278642,1363200.000000,2
1426377381279632,1363200.000000,3
1426377381280674,1363200.000000,4
1426377381281663,1363200.000000,5
1426377391652601,1152000.000000,0
1426377391653069,1152000.000000,1
1426377391653538,1152000.000000,2
1426377391654007,1152000.000000,3
1426377391654424,1152000.000000,4
1426377391654892,1152000.000000,5
1426377407314424,1555200.000000,0
1426377407314944,1555200.000000,1
1426377407315413,1555200.000000,2
1426377407315882,1555200.000000,3
1426377407316351,1555200.000000,4
1426377407316819,1555200.000000,5
1426377430963226,1996800.000000,0
1426377430963694,1996800.000000,1
1426377430964007,1996800.000000,2
1426377430964424,1996800.000000,3
1426377430964788,1996800.000000,4
1426377430965101,1996800.000000,5
1426377431024111,1555200.000000,0
1426377431024424,1555200.000000,1
1426377431024736,1555200.000000,2
1426377431024944,1555200.000000,3
1426377431025257,1555200.000000,4
1426377431025569,1555200.000000,5
1426377431075361,960000.000000,0
1426377431075882,960000.000000,1
1426377431076351,960000.000000,2
1426377431076819,960000.000000,3
1426377431077549,960000.000000,4
1426377431078226,960000.000000,5
1426377439424632,1152000.000000,0
1426377439425413,1152000.000000,1
1426377439426194,1152000.000000,2
1426377439426976,1152000.000000,3
1426377439427601,1152000.000000,4
1426377439428486,1152000.000000,5
1426377459343538,556800.000000,0
1426377459344163,556800.000000,1
1426377459344632,556800.000000,2
1426377459345674,556800.000000,3
1426377459346611,556800.000000,4
1426377459347601,556800.000000,5
1426377504884476,1363200.000000,0
1426377504885882,1363200.000000,1
1426377504886924,1363200.000000,2
1426377504887913,1363200.000000,3
1426377504888851,1363200.000000,4
1426377504889944,1363200.000000,5
1426377518134632,1555200.000000,0
1426377518135049,1555200.000000,1
1426377518135413,1555200.000000,2
1426377518135882,1555200.000000,3
1426377518136351,1555200.000000,4
1426377518136819,1555200.000000,5
1426377534752861,556800.000000,0
1426377534753382,556800.000000,1
1426377534753799,556800.000000,2
1426377534754632,556800.000000,3
1426377534755882,556800.000000,4
1426377534757132,556800.000000,5
1426377541222236,1555200.000000,0
1426377541223382,1555200.000000,1
1426377541224424,1555200.000000,2
1426377541225413,1555200.000000,3
1426377541226455,1555200.000000,4
1426377541227444,1555200.000000,5
1426377543427757,556800.000000,0
1426377543428226,556800.000000,1
1426377543428694,556800.000000,2
1426377543429163,556800.000000,3
1426377543429632,556800.000000,4
1426377543430726,556800.000000,5
1426377546263226,748800.000000,0
1426377546264319,748800.000000,1
1426377546265361,748800.000000,2
1426377546266351,748800.000000,3
1426377546267444,748800.000000,4
1426377546268486,748800.000000,5
1426377546368330,556800.000000,0
1426377546369319,556800.000000,1
1426377546370569,556800.000000,2
1426377546371819,556800.000000,3
1426377546373069,556800.000000,4
1426377546374319,556800.000000,5
1426377564185413,748800.000000,0
1426377564186507,748800.000000,1
1426377564187549,748800.000000,2
1426377564188538,748800.000000,3
1426377564189632,748800.000000,4
1426377564190726,748800.000000,5
1426377566902601,556800.000000,0
1426377566903694,556800.000000,1
1426377566904736,556800.000000,2
1426377566905674,556800.000000,3
1426377566906663,556800.000000,4
1426377566907757,556800.000000,5
1426377581380413,1555200.000000,0
1426377581381507,1555200.000000,1
1426377581382549,1555200.000000,2
1426377581383538,1555200.000000,3
1426377581384476,1555200.000000,4
1426377581385569,1555200.000000,5
1426377584943226,556800.000000,0
1426377584943642,556800.000000,1
1426377584944007,556800.000000,2
1426377584944319,556800.000000,3
1426377584944632,556800.000000,4
1426377584945101,556800.000000,5
1426377593006767,748800.000000,0
1426377593008330,748800.000000,1
1426377593009632,748800.000000,2
1426377593011038,748800.000000,3
1426377593012392,748800.000000,4
1426377593013694,748800.000000,5
1426377600955101,1363200.000000,0
1426377600955986,1363200.000000,1
1426377600956819,1363200.000000,2
1426377600957601,1363200.000000,3
1426377600958382,1363200.000000,4
1426377600959111,1363200.000000,5
1426377614853069,1555200.000000,0
1426377614853538,1555200.000000,1
1426377614853955,1555200.000000,2
1426377614854319,1555200.000000,3
1426377614854788,1555200.000000,4
1426377614855257,1555200.000000,5
1426377632963382,556800.000000,0
1426377632964892,556800.000000,1
1426377632966142,556800.000000,2
1426377632967444,556800.000000,3
1426377632968851,556800.000000,4
1426377632970101,556800.000000,5
1426377668294007,748800.000000,0
1426377668295101,748800.000000,1
1426377668296142,748800.000000,2
1426377668297080,748800.000000,3
1426377668298017,748800.000000,4
1426377668299007,748800.000000,5
1426377669124632,556800.000000,0
1426377669126299,556800.000000,1
1426377669127549,556800.000000,2
1426377669128851,556800.000000,3
1426377669130101,556800.000000,4
1426377669131455,556800.000000,5
1426377677878799,748800.000000,0
1426377677880205,748800.000000,1
1426377677881507,748800.000000,2
1426377677882913,748800.000000,3
1426377677884111,748800.000000,4
1426377677885413,748800.000000,5
1426377678767913,556800.000000,0
1426377678768851,556800.000000,1
1426377678769944,556800.000000,2
1426377678770882,556800.000000,3
1426377678771924,556800.000000,4
1426377678772861,556800.000000,5
1426377681050882,1555200.000000,0
1426377681052132,1555200.000000,1
1426377681053069,1555200.000000,2
1426377681054111,1555200.000000,3
1426377681055049,1555200.000000,4
1426377681056038,1555200.000000,5
1426377696846611,1785600.000000,0
1426377696847132,1785600.000000,1
1426377696847444,1785600.000000,2
1426377696847913,1785600.000000,3
1426377696848226,1785600.000000,4
1426377696848642,1785600.000000,5
1426377710978226,960000.000000,0
1426377710978538,960000.000000,1
1426377710978955,960000.000000,2
1426377710979267,960000.000000,3
1426377710979632,960000.000000,4
1426377710980101,960000.000000,5
1426377744863851,1555200.000000,0
1426377744864476,1555200.000000,1
1426377744865101,1555200.000000,2
1426377744865726,1555200.000000,3
1426377744866299,1555200.000000,4
1426377744866819,1555200.000000,5
1426377750796663,1996800.000000,0
1426377750797080,1996800.000000,1
1426377750797444,1996800.000000,2
1426377750797861,1996800.000000,3
1426377750798226,1996800.000000,4
1426377750798538,1996800.000000,5
1426377750854580,1555200.000000,0
1426377750854892,1555200.000000,1
1426377750855205,1555200.000000,2
1426377750855413,1555200.000000,3
1426377750855726,1555200.000000,4
1426377750856038,1555200.000000,5
1426377750929267,1363200.000000,0
1426377750929788,1363200.000000,1
1426377750930257,1363200.000000,2
1426377750930726,1363200.000000,3
1426377750931194,1363200.000000,4
1426377750931819,1363200.000000,5
1426377760390674,1152000.000000,0
1426377760391194,1152000.000000,1
1426377760391663,1152000.000000,2
1426377760392236,1152000.000000,3
1426377760392861,1152000.000000,4
1426377760393382,1152000.000000,5
1426377776869007,556800.000000,0
1426377776869580,556800.000000,1
1426377776870257,556800.000000,2
1426377776871611,556800.000000,3
1426377776872913,556800.000000,4
1426377776874267,556800.000000,5
1426377808663851,1363200.000000,0
1426377808665413,1363200.000000,1
1426377808666663,1363200.000000,2
1426377808667913,1363200.000000,3
1426377808669267,1363200.000000,4
1426377808670569,1363200.000000,5
1426377821295205,1555200.000000,0
1426377821295882,1555200.000000,1
1426377821296455,1555200.000000,2
1426377821296976,1555200.000000,3
1426377821297444,1555200.000000,4
1426377821298069,1555200.000000,5
1426377822197288,1363200.000000,0
1426377822197757,1363200.000000,1
1426377822198069,1363200.000000,2
1426377822198486,1363200.000000,3
1426377822198851,1363200.000000,4
1426377822199163,1363200.000000,5
1426377824914424,1555200.000000,0
1426377824914892,1555200.000000,1
1426377824915361,1555200.000000,2
1426377824915726,1555200.000000,3
1426377824916194,1555200.000000,4
1426377824916611,1555200.000000,5
1426377838799580,556800.000000,0
1426377838799944,556800.000000,1
1426377838800413,556800.000000,2
1426377838800726,556800.000000,3
1426377838801142,556800.000000,4
1426377838801455,556800.000000,5
1426377881591194,1555200.000000,0
1426377881592601,1555200.000000,1
1426377881594007,1555200.000000,2
1426377881595361,1555200.000000,3
1426377881596663,1555200.000000,4
1426377881598017,1555200.000000,5
1426377888920986,1363200.000000,0
1426377888922132,1363200.000000,1
1426377888922601,1363200.000000,2
1426377888923017,1363200.000000,3
1426377888923382,1363200.000000,4
1426377888923851,1363200.000000,5
1426377902744163,1785600.000000,0
1426377902744788,1785600.000000,1
1426377902745257,1785600.000000,2
1426377902745830,1785600.000000,3
1426377902746351,1785600.000000,4
1426377902746923,1785600.000000,5
1426377910503226,1996800.000000,0
1426377910503694,1996800.000000,1
1426377910504111,1996800.000000,2
1426377910504476,1996800.000000,3
1426377910504892,1996800.000000,4
1426377910505257,1996800.000000,5
1426377910559267,1785600.000000,0
1426377910559632,1785600.000000,1
1426377910559944,1785600.000000,2
1426377910560257,1785600.000000,3
1426377910560673,1785600.000000,4
1426377910561038,1785600.000000,5
1426377919986767,1555200.000000,0
1426377919987132,1555200.000000,1
1426377919987444,1555200.000000,2
1426377919987757,1555200.000000,3
1426377919988069,1555200.000000,4
1426377919988382,1555200.000000,5
1426377920932757,1996800.000000,0
1426377920933226,1996800.000000,1
1426377920933538,1996800.000000,2
1426377920933955,1996800.000000,3
1426377920934319,1996800.000000,4
1426377920934736,1996800.000000,5
1426377921190882,1555200.000000,0
1426377921191194,1555200.000000,1
1426377921191455,1555200.000000,2
1426377921191663,1555200.000000,3
1426377921191976,1555200.000000,4
1426377921192288,1555200.000000,5
1426377921928486,1996800.000000,0
1426377921928955,1996800.000000,1
1426377921929319,1996800.000000,2
1426377921929788,1996800.000000,3
1426377921930257,1996800.000000,4
1426377921930726,1996800.000000,5
1426377922276767,1555200.000000,0
1426377922277132,1555200.000000,1
1426377922277548,1555200.000000,2
1426377922277913,1555200.000000,3
1426377922278226,1555200.000000,4
1426377922278642,1555200.000000,5
1426377922422392,1996800.000000,0
1426377922422861,1996800.000000,1
1426377922423330,1996800.000000,2
1426377922423694,1996800.000000,3
1426377922424163,1996800.000000,4
1426377922424632,1996800.000000,5
1426377936862132,1555200.000000,0
1426377936862444,1555200.000000,1
1426377936862757,1555200.000000,2
1426377936863017,1555200.000000,3
1426377936863330,1555200.000000,4
1426377936863538,1555200.000000,5
1426377952856819,960000.000000,0
1426377952857288,960000.000000,1
1426377952857757,960000.000000,2
1426377952858330,960000.000000,3
1426377952858955,960000.000000,4
1426377952859632,960000.000000,5
1426377966853226,556800.000000,0
1426377966854788,556800.000000,1
1426377966856194,556800.000000,2
1426377966857392,556800.000000,3
1426377966858642,556800.000000,4
1426377966859944,556800.000000,5
1426377978265986,1555200.000000,0
1426377978267132,1555200.000000,1
1426377978268226,1555200.000000,2
1426377978269319,1555200.000000,3
1426377978270257,1555200.000000,4
1426377978271351,1555200.000000,5
1426377978458798,556800.000000,0
1426377978459267,556800.000000,1
1426377978459632,556800.000000,2
1426377978459944,556800.000000,3
1426377978460257,556800.000000,4
1426377978460673,556800.000000,5
1426377980896976,748800.000000,0
1426377980898069,748800.000000,1
1426377980899163,748800.000000,2
1426377980900257,748800.000000,3
1426377980901298,748800.000000,4
1426377980902236,748800.000000,5
1426378000865205,1363200.000000,0
1426378000866351,1363200.000000,1
1426378000867236,1363200.000000,2
1426378000868173,1363200.000000,3
1426378000869111,1363200.000000,4
1426378000869944,1363200.000000,5
1426378014875413,1555200.000000,0
1426378014875986,1555200.000000,1
1426378014876351,1555200.000000,2
1426378014876767,1555200.000000,3
1426378014877236,1555200.000000,4
1426378014877601,1555200.000000,5
1426378015289632,1785600.000000,0
1426378015290101,1785600.000000,1
1426378015290569,1785600.000000,2
1426378015291038,1785600.000000,3
1426378015291507,1785600.000000,4
1426378015291976,1785600.000000,5
1426378016038017,1555200.000000,0
1426378016038382,1555200.000000,1
1426378016039944,1555200.000000,2
1426378016040257,1555200.000000,3
1426378016040569,1555200.000000,4
1426378016040882,1555200.000000,5
1426378016066194,1785600.000000,0
1426378016066663,1785600.000000,1
1426378016067080,1785600.000000,2
1426378016067548,1785600.000000,3
1426378016067913,1785600.000000,4
1426378016068382,1785600.000000,5
1426378016229944,1555200.000000,0
1426378016230257,1555200.000000,1
1426378016230673,1555200.000000,2
1426378016230986,1555200.000000,3
1426378016231298,1555200.000000,4
1426378016231611,1555200.000000,5
1426378019286298,1785600.000000,0
1426378019286663,1785600.000000,1
1426378019287132,1785600.000000,2
1426378019287548,1785600.000000,3
1426378019288017,1785600.000000,4
1426378019288486,1785600.000000,5
1426378019808382,1555200.000000,0
1426378019808851,1555200.000000,1
1426378019809267,1555200.000000,2
1426378019809632,1555200.000000,3
1426378019810101,1555200.000000,4
1426378019810413,1555200.000000,5
1426378019905413,1785600.000000,0
1426378019905726,1785600.000000,1
1426378019906194,1785600.000000,2
1426378019906507,1785600.000000,3
1426378019906819,1785600.000000,4
1426378019907288,1785600.000000,5
1426378020053538,1555200.000000,0
1426378020053851,1555200.000000,1
1426378020054163,1555200.000000,2
1426378020054476,1555200.000000,3
1426378020054788,1555200.000000,4
1426378020055101,1555200.000000,5
1426378020098330,1785600.000000,0
1426378020098798,1785600.000000,1
1426378020099319,1785600.000000,2
1426378020099788,1785600.000000,3
1426378020100257,1785600.000000,4
1426378020100726,1785600.000000,5
1426378023346194,1555200.000000,0
1426378023346507,1555200.000000,1
1426378023346819,1555200.000000,2
1426378023347132,1555200.000000,3
1426378023347548,1555200.000000,4
1426378023347861,1555200.000000,5
1426378024921455,1785600.000000,0
1426378024921819,1785600.000000,1
1426378024922288,1785600.000000,2
1426378024922601,1785600.000000,3
1426378024922913,1785600.000000,4
1426378024923330,1785600.000000,5
1426378032836663,1555200.000000,0
1426378032837080,1555200.000000,1
1426378032837444,1555200.000000,2
1426378032837757,1555200.000000,3
1426378032838069,1555200.000000,4
1426378032838382,1555200.000000,5
1426378056359944,2227200.000000,0
1426378056360361,2227200.000000,1
1426378056360725,2227200.000000,2
1426378056361038,2227200.000000,3
1426378056361455,2227200.000000,4
1426378056361819,2227200.000000,5
1426378056669007,1555200.000000,0
1426378056669319,1555200.000000,1
1426378056669632,1555200.000000,2
1426378056669944,1555200.000000,3
1426378056670205,1555200.000000,4
1426378056670413,1555200.000000,5
1426378056938382,1996800.000000,0
1426378056938694,1996800.000000,1
1426378056939111,1996800.000000,2
1426378056939475,1996800.000000,3
1426378056939788,1996800.000000,4
1426378056940100,1996800.000000,5
1426378062881975,1363200.000000,0
1426378062882288,1363200.000000,1
1426378062882600,1363200.000000,2
1426378062882913,1363200.000000,3
1426378062883225,1363200.000000,4
1426378062883486,1363200.000000,5
1426378080950725,748800.000000,0
1426378080951819,748800.000000,1
1426378080952757,748800.000000,2
1426378080953694,748800.000000,3
1426378080954632,748800.000000,4
1426378080955569,748800.000000,5
1426378081277600,1555200.000000,0
1426378081278538,1555200.000000,1
1426378081279475,1555200.000000,2
1426378081280205,1555200.000000,3
1426378081280882,1555200.000000,4
1426378081281767,1555200.000000,5
1426378096844319,1785600.000000,0
1426378096844788,1785600.000000,1
1426378096845100,1785600.000000,2
1426378096845517,1785600.000000,3
1426378096845882,1785600.000000,4
1426378096846194,1785600.000000,5
1426378112537444,1152000.000000,0
1426378112537757,1152000.000000,1
1426378112538069,1152000.000000,2
1426378112538538,1152000.000000,3
1426378112538955,1152000.000000,4
1426378112539423,1152000.000000,5
1426378122343225,1363200.000000,0
1426378122343850,1363200.000000,1
1426378122344319,1363200.000000,2
1426378122344788,1363200.000000,3
1426378122345257,1363200.000000,4
1426378122345725,1363200.000000,5
1426378128865882,748800.000000,0
1426378128866507,748800.000000,1
1426378128867132,748800.000000,2
1426378128867705,748800.000000,3
1426378128868538,748800.000000,4
1426378128869475,748800.000000,5
1426378143852861,556800.000000,0
1426378143854319,556800.000000,1
1426378143855517,556800.000000,2
1426378143856767,556800.000000,3
1426378143858069,556800.000000,4
1426378143859267,556800.000000,5
1426378180845882,748800.000000,0
1426378180847080,748800.000000,1
1426378180848069,748800.000000,2
1426378180849163,748800.000000,3
1426378180850205,748800.000000,4
1426378180851194,748800.000000,5
1426378181284944,556800.000000,0
1426378181285725,556800.000000,1
1426378181286507,556800.000000,2
1426378181287392,556800.000000,3
1426378181288486,556800.000000,4
1426378181289475,556800.000000,5
1426378181486507,1152000.000000,0
1426378181487757,1152000.000000,1
1426378181488694,1152000.000000,2
1426378181489632,1152000.000000,3
1426378181490725,1152000.000000,4
1426378181491819,1152000.000000,5
1426378192846975,960000.000000,0
1426378192847600,960000.000000,1
1426378192848173,960000.000000,2
1426378192848642,960000.000000,3
1426378192849163,960000.000000,4
1426378192849736,960000.000000,5
1426378208885205,1363200.000000,0
1426378208886038,1363200.000000,1
1426378208886507,1363200.000000,2
1426378208887132,1363200.000000,3
1426378208887705,1363200.000000,4
1426378208888225,1363200.000000,5
1426378224336194,960000.000000,0
1426378224336767,960000.000000,1
1426378224337288,960000.000000,2
1426378224337913,960000.000000,3
1426378224338486,960000.000000,4
1426378224339007,960000.000000,5
1426378240974111,556800.000000,0
1426378240975569,556800.000000,1
1426378240976923,556800.000000,2
1426378240978225,556800.000000,3
1426378240979580,556800.000000,4
1426378240980882,556800.000000,5
1426378281328225,960000.000000,0
1426378281329632,960000.000000,1
1426378281330882,960000.000000,2
1426378281332080,960000.000000,3
1426378281333330,960000.000000,4
1426378281334632,960000.000000,5
1426378281460100,556800.000000,0
1426378281460882,556800.000000,1
1426378281461350,556800.000000,2
1426378281462548,556800.000000,3
1426378281463486,556800.000000,4
1426378281464475,556800.000000,5
1426378304970986,1363200.000000,0
1426378304972236,1363200.000000,1
1426378304973225,1363200.000000,2
1426378304974267,1363200.000000,3
1426378304975257,1363200.000000,4
1426378304976298,1363200.000000,5
1426378317313017,1555200.000000,0
1426378317313486,1555200.000000,1
1426378317313850,1555200.000000,2
1426378317314319,1555200.000000,3
1426378317314632,1555200.000000,4
1426378317315100,1555200.000000,5
1426378337492132,1785600.000000,0
1426378337492600,1785600.000000,1
1426378337492913,1785600.000000,2
1426378337493330,1785600.000000,3
1426378337493694,1785600.000000,4
1426378337494007,1785600.000000,5
1426378337759475,1555200.000000,0
1426378337759892,1555200.000000,1
1426378337760205,1555200.000000,2
1426378337760517,1555200.000000,3
1426378337760830,1555200.000000,4
1426378337761142,1555200.000000,5
1426378337779736,1785600.000000,0
1426378337780100,1785600.000000,1
1426378337780413,1785600.000000,2
1426378337780882,1785600.000000,3
1426378337781194,1785600.000000,4
1426378337781611,1785600.000000,5
1426378352922132,556800.000000,0
1426378352922600,556800.000000,1
1426378352922913,556800.000000,2
1426378352923225,556800.000000,3
1426378352923538,556800.000000,4
1426378352923850,556800.000000,5
1426378381656298,1555200.000000,0
1426378381657444,1555200.000000,1
1426378381658486,1555200.000000,2
1426378381659580,1555200.000000,3
1426378381660569,1555200.000000,4
1426378381661507,1555200.000000,5
1426378382801819,556800.000000,0
1426378382802392,556800.000000,1
1426378382802757,556800.000000,2
1426378382803225,556800.000000,3
1426378382804163,556800.000000,4
1426378382805413,556800.000000,5
1426378400887444,1363200.000000,0
1426378400888694,1363200.000000,1
1426378400889632,1363200.000000,2
1426378400890569,1363200.000000,3
1426378400891611,1363200.000000,4
1426378400892600,1363200.000000,5
1426378414741663,1785600.000000,0
1426378414742288,1785600.000000,1
1426378414742861,1785600.000000,2
1426378414743382,1785600.000000,3
1426378414743955,1785600.000000,4
1426378414744475,1785600.000000,5
1426378417054007,1555200.000000,0
1426378417054319,1555200.000000,1
1426378417054632,1555200.000000,2
1426378417055048,1555200.000000,3
1426378417055361,1555200.000000,4
1426378417055673,1555200.000000,5
1426378417094007,1785600.000000,0
1426378417094423,1785600.000000,1
1426378417094788,1785600.000000,2
1426378417095100,1785600.000000,3
1426378417095517,1785600.000000,4
1426378417095882,1785600.000000,5
1426378432500205,556800.000000,0
1426378432500569,556800.000000,1
1426378432500882,556800.000000,2
1426378432501194,556800.000000,3
1426378432501507,556800.000000,4
1426378432501819,556800.000000,5
1426378469831975,748800.000000,0
1426378469833225,748800.000000,1
1426378469834163,748800.000000,2
1426378469835100,748800.000000,3
1426378469836142,748800.000000,4
1426378469837132,748800.000000,5
1426378479956038,556800.000000,0
1426378479957080,556800.000000,1
1426378479958069,556800.000000,2
1426378479959007,556800.000000,3
1426378479960205,556800.000000,4
1426378479961194,556800.000000,5
1426378496891819,748800.000000,0
1426378496893173,748800.000000,1
1426378496894111,748800.000000,2
1426378496895100,748800.000000,3
1426378496896142,748800.000000,4
1426378496897132,748800.000000,5
1426378512872913,1363200.000000,0
1426378512873850,1363200.000000,1
1426378512874579,1363200.000000,2
1426378512875257,1363200.000000,3
1426378512876038,1363200.000000,4
1426378512876819,1363200.000000,5
1426378528869788,960000.000000,0
1426378528870569,960000.000000,1
1426378528871298,960000.000000,2
1426378528871975,960000.000000,3
1426378528872704,960000.000000,4
1426378528873382,960000.000000,5
1426378545485517,556800.000000,0
1426378545486975,556800.000000,1
1426378545488225,556800.000000,2
1426378545489579,556800.000000,3
1426378545490829,556800.000000,4
1426378545492079,556800.000000,5
1426378567368694,748800.000000,0
1426378567372288,748800.000000,1
1426378567373538,748800.000000,2
1426378567374892,748800.000000,3
1426378567376194,748800.000000,4
1426378567377444,748800.000000,5
1426378568129788,556800.000000,0
1426378568130725,556800.000000,1
1426378568131923,556800.000000,2
1426378568133173,556800.000000,3
1426378568134423,556800.000000,4
1426378568135725,556800.000000,5
1426378581800569,960000.000000,0
1426378581801663,960000.000000,1
1426378581802757,960000.000000,2
1426378581803850,960000.000000,3
1426378581804788,960000.000000,4
1426378581805725,960000.000000,5
1426378592861507,748800.000000,0
1426378592862288,748800.000000,1
1426378592862913,748800.000000,2
1426378592863694,748800.000000,3
1426378592864423,748800.000000,4
1426378592865100,748800.000000,5
1426378608924007,1363200.000000,0
1426378608925569,1363200.000000,1
1426378608926350,1363200.000000,2
1426378608927079,1363200.000000,3
1426378608927757,1363200.000000,4
1426378608928538,1363200.000000,5
1426378623963069,748800.000000,0
1426378623963694,748800.000000,1
1426378623964319,748800.000000,2
1426378623965204,748800.000000,3
1426378623966194,748800.000000,4
1426378623967236,748800.000000,5
1426378640924319,960000.000000,0
1426378640925100,960000.000000,1
1426378640925882,960000.000000,2
1426378640926611,960000.000000,3
1426378640927288,960000.000000,4
1426378640928069,960000.000000,5
1426378656928382,1555200.000000,0
1426378656928954,1555200.000000,1
1426378656929579,1555200.000000,2
1426378656930204,1555200.000000,3
1426378656930829,1555200.000000,4
1426378656931350,1555200.000000,5
1426378662626975,1785600.000000,0
1426378662627444,1785600.000000,1
1426378662627757,1785600.000000,2
1426378662628173,1785600.000000,3
1426378662628538,1785600.000000,4
1426378662628850,1785600.000000,5
1426378662686923,1555200.000000,0
1426378662687236,1555200.000000,1
1426378662687600,1555200.000000,2
1426378662687913,1555200.000000,3
1426378662688225,1555200.000000,4
1426378662688538,1555200.000000,5
1426378662763538,1363200.000000,0
1426378662764007,1363200.000000,1
1426378662764475,1363200.000000,2
1426378662764944,1363200.000000,3
1426378662765413,1363200.000000,4
1426378662765882,1363200.000000,5
1426378671076194,1152000.000000,0
1426378671076663,1152000.000000,1
1426378671077132,1152000.000000,2
1426378671077548,1152000.000000,3
1426378671078017,1152000.000000,4
1426378671078486,1152000.000000,5
1426378688929007,556800.000000,0
1426378688930257,556800.000000,1
1426378688931298,556800.000000,2
1426378688932236,556800.000000,3
1426378688933225,556800.000000,4
1426378688934267,556800.000000,5
1426378704933173,1363200.000000,0
1426378704934423,1363200.000000,1
1426378704935517,1363200.000000,2
1426378704936611,1363200.000000,3
1426378704937756,1363200.000000,4
1426378704938694,1363200.000000,5
1426378719170829,1152000.000000,0
1426378719171454,1152000.000000,1
1426378719171819,1152000.000000,2
1426378719172288,1152000.000000,3
1426378719172704,1152000.000000,4
1426378719173069,1152000.000000,5
1426378736982288,556800.000000,0
1426378736983642,556800.000000,1
1426378736984944,556800.000000,2
1426378736986194,556800.000000,3
1426378736987444,556800.000000,4
1426378736988694,556800.000000,5
1426378761610725,748800.000000,0
1426378761611819,748800.000000,1
1426378761612861,748800.000000,2
1426378761613850,748800.000000,3
1426378761614892,748800.000000,4
1426378761615881,748800.000000,5
1426378781693486,1152000.000000,0
1426378781694423,1152000.000000,1
1426378781695100,1152000.000000,2
1426378781695881,1152000.000000,3
1426378781696663,1152000.000000,4
1426378781697444,1152000.000000,5
1426378783038069,556800.000000,0
1426378783038694,556800.000000,1
1426378783039163,556800.000000,2
1426378783040100,556800.000000,3
1426378783041038,556800.000000,4
1426378783041975,556800.000000,5
1426378800922444,1363200.000000,0
1426378800923954,1363200.000000,1
1426378800925256,1363200.000000,2
1426378800926506,1363200.000000,3
1426378800927861,1363200.000000,4
1426378800929111,1363200.000000,5
1426378815287913,1785600.000000,0
1426378815288381,1785600.000000,1
1426378815288850,1785600.000000,2
1426378815289319,1785600.000000,3
1426378815289631,1785600.000000,4
1426378815290100,1785600.000000,5
1426378818156767,1555200.000000,0
1426378818157131,1555200.000000,1
1426378818157444,1555200.000000,2
1426378818157756,1555200.000000,3
1426378818158069,1555200.000000,4
1426378818158381,1555200.000000,5
1426378819548538,1785600.000000,0
1426378819548850,1785600.000000,1
1426378819549267,1785600.000000,2
1426378819549631,1785600.000000,3
1426378819549944,1785600.000000,4
1426378819550256,1785600.000000,5
1426378819998329,1555200.000000,0
1426378819998798,1555200.000000,1
1426378819999006,1555200.000000,2
1426378819999319,1555200.000000,3
1426378819999736,1555200.000000,4
1426378820000048,1555200.000000,5
1426378820033798,1785600.000000,0
1426378820034267,1785600.000000,1
1426378820034736,1785600.000000,2
1426378820035100,1785600.000000,3
1426378820035569,1785600.000000,4
1426378820036038,1785600.000000,5
1426378822919163,1555200.000000,0
1426378822919579,1555200.000000,1
1426378822919892,1555200.000000,2
1426378822921819,1555200.000000,3
1426378822922131,1555200.000000,4
1426378822922444,1555200.000000,5
1426378823291975,1785600.000000,0
1426378823292548,1785600.000000,1
1426378823293017,1785600.000000,2
1426378823293381,1785600.000000,3
1426378823293954,1785600.000000,4
1426378823294423,1785600.000000,5
1426378832232444,748800.000000,0
1426378832232861,748800.000000,1
1426378832233225,748800.000000,2
1426378832233694,748800.000000,3
1426378832234006,748800.000000,4
1426378832234475,748800.000000,5
1426378848382756,556800.000000,0
1426378848384163,556800.000000,1
1426378848385413,556800.000000,2
1426378848386767,556800.000000,3
1426378848388017,556800.000000,4
1426378848389267,556800.000000,5
1426378896901663,748800.000000,0
1426378896903069,748800.000000,1
1426378896904319,748800.000000,2
1426378896905569,748800.000000,3
1426378896906819,748800.000000,4
1426378896908225,748800.000000,5
1426378912914475,1363200.000000,0
1426378912915725,1363200.000000,1
1426378912916663,1363200.000000,2
1426378912917600,1363200.000000,3
1426378912918538,1363200.000000,4
1426378912919475,1363200.000000,5
1426378926852600,960000.000000,0
1426378926853069,960000.000000,1
1426378926853538,960000.000000,2
1426378926854006,960000.000000,3
1426378926854579,960000.000000,4
1426378926855100,960000.000000,5
1426378948355569,748800.000000,0
1426378948356194,748800.000000,1
1426378948356923,748800.000000,2
1426378948357704,748800.000000,3
1426378948358381,748800.000000,4
1426378948359163,748800.000000,5
1426378948414111,556800.000000,0
1426378948414892,556800.000000,1
1426378948415569,556800.000000,2
1426378948416350,556800.000000,3
1426378948417444,556800.000000,4
1426378948418381,556800.000000,5
1426378980943069,960000.000000,0
1426378980944579,960000.000000,1
1426378980945986,960000.000000,2
1426378980947288,960000.000000,3
1426378980948642,960000.000000,4
1426378980949944,960000.000000,5
1426379008914788,1363200.000000,0
1426379008915413,1363200.000000,1
1426379008916038,1363200.000000,2
1426379008916663,1363200.000000,3
1426379008917236,1363200.000000,4
1426379008917861,1363200.000000,5
1426379023234267,556800.000000,0
1426379023234631,556800.000000,1
1426379023235100,556800.000000,2
1426379023235725,556800.000000,3
1426379023236767,556800.000000,4
1426379023237704,556800.000000,5
1426379029263538,748800.000000,0
1426379029264736,748800.000000,1
1426379029265673,748800.000000,2
1426379029266663,748800.000000,3
1426379029267600,748800.000000,4
1426379029268850,748800.000000,5
1426379029524579,556800.000000,0
1426379029525881,556800.000000,1
1426379029527131,556800.000000,2
1426379029528538,556800.000000,3
1426379029529788,556800.000000,4
1426379029531038,556800.000000,5
1426379086819006,748800.000000,0
1426379086820517,748800.000000,1
1426379086821819,748800.000000,2
1426379086823069,748800.000000,3
1426379086824319,748800.000000,4
1426379086825569,748800.000000,5
1426379102899736,1363200.000000,0
1426379102900517,1363200.000000,1
1426379102901298,1363200.000000,2
1426379102902079,1363200.000000,3
1426379102902756,1363200.000000,4
1426379102903694,1363200.000000,5
1426379136554319,748800.000000,0
1426379136555256,748800.000000,1
1426379136555985,748800.000000,2
1426379136556819,748800.000000,3
1426379136557548,748800.000000,4
1426379136558329,748800.000000,5
1426379138262444,2227200.000000,0
1426379138263225,2227200.000000,1
1426379138264006,2227200.000000,2
1426379138264788,2227200.000000,3
1426379138265517,2227200.000000,4
1426379138266298,2227200.000000,5
1426379138443381,748800.000000,0
1426379138443694,748800.000000,1
1426379138443954,748800.000000,2
1426379138444163,748800.000000,3
1426379138444423,748800.000000,4
1426379138444631,748800.000000,5
1426379168221454,556800.000000,0
1426379168222600,556800.000000,1
1426379168223694,556800.000000,2
1426379168224735,556800.000000,3
1426379168225725,556800.000000,4
1426379168226819,556800.000000,5
1426379173924110,748800.000000,0
1426379173925256,748800.000000,1
1426379173926350,748800.000000,2
1426379173927444,748800.000000,3
1426379173928381,748800.000000,4
1426379173929579,748800.000000,5
1426379174550517,556800.000000,0
1426379174551298,556800.000000,1
1426379174552079,556800.000000,2
1426379174552913,556800.000000,3
1426379174553954,556800.000000,4
1426379174554944,556800.000000,5
1426379174910204,748800.000000,0
1426379174911194,748800.000000,1
1426379174912288,748800.000000,2
1426379174913225,748800.000000,3
1426379174914319,748800.000000,4
1426379174915413,748800.000000,5
1426379181470413,1363200.000000,0
1426379181471298,1363200.000000,1
1426379181472079,1363200.000000,2
1426379181472860,1363200.000000,3
1426379181473694,1363200.000000,4
1426379181474423,1363200.000000,5
1426379182739735,556800.000000,0
1426379182740256,556800.000000,1
1426379182740673,556800.000000,2
1426379182741038,556800.000000,3
1426379182741454,556800.000000,4
1426379182741819,556800.000000,5
1426379198845204,1363200.000000,0
1426379198846610,1363200.000000,1
1426379198847860,1363200.000000,2
1426379198849110,1363200.000000,3
1426379198850413,1363200.000000,4
1426379198851767,1363200.000000,5
1426379214457288,1555200.000000,0
1426379214457756,1555200.000000,1
1426379214458225,1555200.000000,2
1426379214458642,1555200.000000,3
1426379214459006,1555200.000000,4
1426379214459423,1555200.000000,5
1426379215723017,2400000.000000,0
1426379215723381,2400000.000000,1
1426379215723798,2400000.000000,2
1426379215724163,2400000.000000,3
1426379215724579,2400000.000000,4
1426379215724944,2400000.000000,5
1426379231958642,1996800.000000,0
1426379231958954,1996800.000000,1
1426379231959267,1996800.000000,2
1426379231959475,1996800.000000,3
1426379231959788,1996800.000000,4
1426379231960100,1996800.000000,5
1426379249711194,556800.000000,0
1426379249711610,556800.000000,1
1426379249711975,556800.000000,2
1426379249712288,556800.000000,3
1426379249712704,556800.000000,4
1426379249713069,556800.000000,5
1426379281588069,1785600.000000,0
1426379281589267,1785600.000000,1
1426379281590204,1785600.000000,2
1426379281591194,1785600.000000,3
1426379281592288,1785600.000000,4
1426379281593225,1785600.000000,5
1426379294759475,1996800.000000,0
1426379294759944,1996800.000000,1
1426379294760413,1996800.000000,2
1426379294760829,1996800.000000,3
1426379294761194,1996800.000000,4
1426379294761610,1996800.000000,5
1426379311088694,960000.000000,0
1426379311089110,960000.000000,1
1426379311089423,960000.000000,2
1426379311089788,960000.000000,3
1426379311090413,960000.000000,4
1426379311090985,960000.000000,5
1426379328932913,556800.000000,0
1426379328933850,556800.000000,1
1426379328934892,556800.000000,2
1426379328935881,556800.000000,3
1426379328936819,556800.000000,4
1426379328937756,556800.000000,5
1426379330572288,748800.000000,0
1426379330573538,748800.000000,1
1426379330574475,748800.000000,2
1426379330575517,748800.000000,3
1426379330576454,748800.000000,4
1426379330577444,748800.000000,5
1426379330918485,556800.000000,0
1426379330919944,556800.000000,1
1426379330921194,556800.000000,2
1426379330922392,556800.000000,3
1426379330923642,556800.000000,4
1426379330924892,556800.000000,5
1426379381219475,960000.000000,0
1426379381221037,960000.000000,1
1426379381222392,960000.000000,2
1426379381223694,960000.000000,3
1426379381224944,960000.000000,4
1426379381226298,960000.000000,5
1426379390798225,748800.000000,0
1426379390799006,748800.000000,1
1426379390799944,748800.000000,2
1426379390800881,748800.000000,3
1426379390801819,748800.000000,4
1426379390802756,748800.000000,5
1426379408935517,1363200.000000,0
1426379408936506,1363200.000000,1
1426379408937287,1363200.000000,2
1426379408938017,1363200.000000,3
1426379408938850,1363200.000000,4
1426379408939631,1363200.000000,5
1426379422763225,960000.000000,0
1426379422763694,960000.000000,1
1426379422764162,960000.000000,2
1426379422764631,960000.000000,3
1426379422765048,960000.000000,4
1426379422765517,960000.000000,5
1426379454827860,556800.000000,0
1426379454829162,556800.000000,1
1426379454830412,556800.000000,2
1426379454831767,556800.000000,3
1426379454833225,556800.000000,4
1426379454834475,556800.000000,5
1426379474085204,748800.000000,0
1426379474086350,748800.000000,1
1426379474087392,748800.000000,2
1426379474088381,748800.000000,3
1426379474089267,748800.000000,4
1426379474090256,748800.000000,5
1426379475748537,556800.000000,0
1426379475749319,556800.000000,1
1426379475750100,556800.000000,2
1426379475750881,556800.000000,3
1426379475751923,556800.000000,4
1426379475752912,556800.000000,5
1426379477024475,1152000.000000,0
1426379477025412,1152000.000000,1
1426379477026506,1152000.000000,2
1426379477027548,1152000.000000,3
1426379477028537,1152000.000000,4
1426379477029579,1152000.000000,5
1426379481124267,748800.000000,0
1426379481124787,748800.000000,1
1426379481125256,748800.000000,2
1426379481125725,748800.000000,3
1426379481126194,748800.000000,4
1426379481126975,748800.000000,5
1426379481352600,556800.000000,0
1426379481353642,556800.000000,1
1426379481354631,556800.000000,2
1426379481355725,556800.000000,3
1426379481356767,556800.000000,4
1426379481357756,556800.000000,5
1426379481669631,1152000.000000,0
1426379481670725,1152000.000000,1
1426379481671662,1152000.000000,2
1426379481672704,1152000.000000,3
1426379481673694,1152000.000000,4
1426379481674735,1152000.000000,5
1426379481861819,960000.000000,0
1426379481862444,960000.000000,1
1426379481862912,960000.000000,2
1426379481863381,960000.000000,3
1426379481863850,960000.000000,4
1426379481864319,960000.000000,5
1426379504856975,1363200.000000,0
1426379504857860,1363200.000000,1
1426379504858642,1363200.000000,2
1426379504859319,1363200.000000,3
1426379504860100,1363200.000000,4
1426379504860881,1363200.000000,5
1426379519688225,960000.000000,0
1426379519688694,960000.000000,1
1426379519689162,960000.000000,2
1426379519689579,960000.000000,3
1426379519689944,960000.000000,4
1426379519690412,960000.000000,5
1426379536859162,748800.000000,0
1426379536859944,748800.000000,1
1426379536860985,748800.000000,2
1426379536861923,748800.000000,3
1426379536862860,748800.000000,4
1426379536863798,748800.000000,5
1426379551696662,556800.000000,0
1426379551697600,556800.000000,1
1426379551698537,556800.000000,2
1426379551699631,556800.000000,3
1426379551701037,556800.000000,4
1426379551702287,556800.000000,5
1426379565721298,748800.000000,0
1426379565722392,748800.000000,1
1426379565723381,748800.000000,2
1426379565724475,748800.000000,3
1426379565725517,748800.000000,4
1426379565726454,748800.000000,5
1426379565845100,1363200.000000,0
1426379565845881,1363200.000000,1
1426379565846662,1363200.000000,2
1426379565847392,1363200.000000,3
1426379565848069,1363200.000000,4
1426379565848850,1363200.000000,5
1426379565872287,748800.000000,0
1426379565873381,748800.000000,1
1426379565874267,748800.000000,2
1426379565875204,748800.000000,3
1426379565876194,748800.000000,4
1426379565877131,748800.000000,5
1426379565909631,556800.000000,0
1426379565910412,556800.000000,1
1426379565911194,556800.000000,2
1426379565911975,556800.000000,3
1426379565912704,556800.000000,4
1426379565913381,556800.000000,5
1426379565945673,748800.000000,0
1426379565946662,748800.000000,1
1426379565947600,748800.000000,2
1426379565948485,748800.000000,3
1426379565949475,748800.000000,4
1426379565950985,748800.000000,5
1426379566917235,556800.000000,0
1426379566918069,556800.000000,1
1426379566918850,556800.000000,2
1426379566920048,556800.000000,3
1426379566921037,556800.000000,4
1426379566922131,556800.000000,5
1426379577625725,748800.000000,0
1426379577626975,748800.000000,1
1426379577627912,748800.000000,2
1426379577628850,748800.000000,3
1426379577629944,748800.000000,4
1426379577630881,748800.000000,5
1426379578409006,556800.000000,0
1426379578410256,556800.000000,1
1426379578411610,556800.000000,2
1426379578412860,556800.000000,3
1426379578414110,556800.000000,4
1426379578415412,556800.000000,5
1426379578561350,748800.000000,0
1426379578562392,748800.000000,1
1426379578563485,748800.000000,2
1426379578564475,748800.000000,3
1426379578565569,748800.000000,4
1426379578566506,748800.000000,5
1426379579015256,556800.000000,0
1426379579016194,556800.000000,1
1426379579017287,556800.000000,2
1426379579018381,556800.000000,3
1426379579019423,556800.000000,4
1426379579020360,556800.000000,5
1426379581168694,960000.000000,0
1426379581169787,960000.000000,1
1426379581170725,960000.000000,2
1426379581171819,960000.000000,3
1426379581172756,960000.000000,4
1426379581173694,960000.000000,5
1426379581291350,556800.000000,0
1426379581291975,556800.000000,1
1426379581292912,556800.000000,2
1426379581294110,556800.000000,3
1426379581295100,556800.000000,4
1426379581296194,556800.000000,5
1426379587248537,748800.000000,0
1426379587249631,748800.000000,1
1426379587250881,748800.000000,2
1426379587251923,748800.000000,3
1426379587252912,748800.000000,4
1426379587253850,748800.000000,5
1426379599907548,1363200.000000,0
1426379599908537,1363200.000000,1
1426379599909475,1363200.000000,2
1426379599910412,1363200.000000,3
1426379599911350,1363200.000000,4
1426379599912444,1363200.000000,5
1426379614917444,1555200.000000,0
1426379614917860,1555200.000000,1
1426379614918225,1555200.000000,2
1426379614918694,1555200.000000,3
1426379614919162,1555200.000000,4
1426379614919579,1555200.000000,5
1426379614943485,1785600.000000,0
1426379614943850,1785600.000000,1
1426379614944162,1785600.000000,2
1426379614944475,1785600.000000,3
1426379614944892,1785600.000000,4
1426379614945256,1785600.000000,5
1426379632010881,960000.000000,0
1426379632011194,960000.000000,1
1426379632011662,960000.000000,2
1426379632011975,960000.000000,3
1426379632012444,960000.000000,4
1426379632012860,960000.000000,5
1426379646878642,556800.000000,0
1426379646879423,556800.000000,1
1426379646880673,556800.000000,2
1426379646881975,556800.000000,3
1426379646883329,556800.000000,4
1426379646884579,556800.000000,5
1426379696887756,748800.000000,0
1426379696889162,748800.000000,1
1426379696890360,748800.000000,2
1426379696891350,748800.000000,3
1426379696892392,748800.000000,4
1426379696893381,748800.000000,5
1426379712364787,1363200.000000,0
1426379712365881,1363200.000000,1
1426379712366819,1363200.000000,2
1426379712367756,1363200.000000,3
1426379712368694,1363200.000000,4
1426379712369579,1363200.000000,5
1426379728272235,960000.000000,0
1426379728272756,960000.000000,1
1426379728273173,960000.000000,2
1426379728273537,960000.000000,3
1426379728274110,960000.000000,4
1426379728274735,960000.000000,5
1426379744873850,556800.000000,0
1426379744875048,556800.000000,1
1426379744876350,556800.000000,2
1426379744877600,556800.000000,3
1426379744878954,556800.000000,4
1426379744880360,556800.000000,5
1426379773065881,748800.000000,0
1426379773067235,748800.000000,1
1426379773068485,748800.000000,2
1426379773069787,748800.000000,3
1426379773071194,748800.000000,4
1426379773072287,748800.000000,5
1426379774840256,556800.000000,0
1426379774841454,556800.000000,1
1426379774842444,556800.000000,2
1426379774843381,556800.000000,3
1426379774844423,556800.000000,4
1426379774845412,556800.000000,5
1426379781534423,748800.000000,0
1426379781535829,748800.000000,1
1426379781537131,748800.000000,2
1426379781538537,748800.000000,3
1426379781539787,748800.000000,4
1426379781541142,748800.000000,5
1426379808889735,1363200.000000,0
1426379808890725,1363200.000000,1
1426379808891454,1363200.000000,2
1426379808892235,1363200.000000,3
1426379808892912,1363200.000000,4
1426379808893694,1363200.000000,5
1426379840868069,556800.000000,0
1426379840869631,556800.000000,1
1426379840870829,556800.000000,2
1426379840872131,556800.000000,3
1426379840873381,556800.000000,4
1426379840874631,556800.000000,5
1426379880977235,1363200.000000,0
1426379880978485,1363200.000000,1
1426379880979475,1363200.000000,2
1426379880980569,1363200.000000,3
1426379880981662,1363200.000000,4
1426379880982704,1363200.000000,5
1426379886781454,748800.000000,0
1426379886781923,748800.000000,1
1426379886782287,748800.000000,2
1426379886782756,748800.000000,3
1426379886783537,748800.000000,4
1426379886784266,748800.000000,5
1426379904881819,2400000.000000,0
1426379904882704,2400000.000000,1
1426379904883381,2400000.000000,2
1426379904884162,2400000.000000,3
1426379904884891,2400000.000000,4
1426379904885673,2400000.000000,5
1426379920919110,1363200.000000,0
1426379920919423,1363200.000000,1
1426379920919631,1363200.000000,2
1426379920919891,1363200.000000,3
1426379920920100,1363200.000000,4
1426379920920256,1363200.000000,5
1426379935138537,748800.000000,0
1426379935139006,748800.000000,1
1426379935139631,748800.000000,2
1426379935140412,748800.000000,3
1426379935141141,748800.000000,4
1426379935141819,748800.000000,5
1426379950847131,556800.000000,0
1426379950848381,556800.000000,1
1426379950849319,556800.000000,2
1426379950850360,556800.000000,3
1426379950851350,556800.000000,4
1426379950852391,556800.000000,5
1426379980008069,748800.000000,0
1426379980009319,748800.000000,1
1426379980010412,748800.000000,2
1426379980011350,748800.000000,3
1426379980012287,748800.000000,4
1426379980013329,748800.000000,5
1426379980299891,556800.000000,0
1426379980300673,556800.000000,1
1426379980301350,556800.000000,2
1426379980302444,556800.000000,3
1426379980303641,556800.000000,4
1426379980304579,556800.000000,5
1426379981036454,1363200.000000,0
1426379981037391,1363200.000000,1
1426379981038381,1363200.000000,2
1426379981039475,1363200.000000,3
1426379981040516,1363200.000000,4
1426379981041506,1363200.000000,5
1426379982890412,556800.000000,0
1426379982890881,556800.000000,1
1426379982891350,556800.000000,2
1426379982891662,556800.000000,3
1426379982892131,556800.000000,4
1426379982893069,556800.000000,5
1426379989475569,748800.000000,0
1426379989476662,748800.000000,1
1426379989477912,748800.000000,2
1426379989479006,748800.000000,3
1426379989479944,748800.000000,4
1426379989480985,748800.000000,5
1426379998808069,1363200.000000,0
1426379998808850,1363200.000000,1
1426379998809631,1363200.000000,2
1426379998810412,1363200.000000,3
1426379998811194,1363200.000000,4
1426379998811975,1363200.000000,5
1426380015273381,1555200.000000,0
1426380015273850,1555200.000000,1
1426380015274266,1555200.000000,2
1426380015274631,1555200.000000,3
1426380015275100,1555200.000000,4
1426380015275516,1555200.000000,5
1426380015299631,1785600.000000,0
1426380015300048,1785600.000000,1
1426380015300360,1785600.000000,2
1426380015300725,1785600.000000,3
1426380015301037,1785600.000000,4
1426380015301454,1785600.000000,5
1426380027243850,1555200.000000,0
1426380027244318,1555200.000000,1
1426380027244631,1555200.000000,2
1426380027245100,1555200.000000,3
1426380027245568,1555200.000000,4
1426380027246037,1555200.000000,5
1426380031942287,748800.000000,0
1426380031942704,748800.000000,1
1426380031943068,748800.000000,2
1426380031943381,748800.000000,3
1426380031943693,748800.000000,4
1426380031944110,748800.000000,5
1426380032579891,556800.000000,0
1426380032580725,556800.000000,1
1426380032581454,556800.000000,2
1426380032582548,556800.000000,3
1426380032583537,556800.000000,4
1426380032584475,556800.000000,5
1426380094786193,1363200.000000,0
1426380094787287,1363200.000000,1
1426380094788381,1363200.000000,2
1426380094789318,1363200.000000,3
1426380094790256,1363200.000000,4
1426380094791193,1363200.000000,5
1426380110761975,1785600.000000,0
1426380110762443,1785600.000000,1
1426380110762860,1785600.000000,2
1426380110763225,1785600.000000,3
1426380110763641,1785600.000000,4
1426380110764006,1785600.000000,5
1426380112331818,1555200.000000,0
1426380112332391,1555200.000000,1
1426380112332704,1555200.000000,2
1426380112333016,1555200.000000,3
1426380112333329,1555200.000000,4
1426380112333641,1555200.000000,5
1426380126764423,748800.000000,0
1426380126764943,748800.000000,1
1426380126765412,748800.000000,2
1426380126766037,748800.000000,3
1426380126766975,748800.000000,4
1426380126767912,748800.000000,5
1426380144879787,556800.000000,0
1426380144881193,556800.000000,1
1426380144882391,556800.000000,2
1426380144883641,556800.000000,3
1426380144884891,556800.000000,4
1426380144886141,556800.000000,5
1426380179016193,748800.000000,0
1426380179017443,748800.000000,1
1426380179018381,748800.000000,2
1426380179019475,748800.000000,3
1426380179020568,748800.000000,4
1426380179021506,748800.000000,5
1426380208887704,1363200.000000,0
1426380208888537,1363200.000000,1
1426380208889318,1363200.000000,2
1426380208890100,1363200.000000,3
1426380208890725,1363200.000000,4
1426380208891506,1363200.000000,5
1426380224867860,1152000.000000,0
1426380224868485,1152000.000000,1
1426380224869110,1152000.000000,2
1426380224869735,1152000.000000,3
1426380224870360,1152000.000000,4
1426380224870985,1152000.000000,5
1426380256083641,748800.000000,0
1426380256084475,748800.000000,1
1426380256085568,748800.000000,2
1426380256086506,748800.000000,3
1426380256087548,748800.000000,4
1426380256088485,748800.000000,5
1426380272082756,556800.000000,0
1426380272084110,556800.000000,1
1426380272085100,556800.000000,2
1426380272086037,556800.000000,3
1426380272087131,556800.000000,4
1426380272088068,556800.000000,5
1426380275895725,748800.000000,0
1426380275897287,748800.000000,1
1426380275898485,748800.000000,2
1426380275899787,748800.000000,3
1426380275901141,748800.000000,4
1426380275902391,748800.000000,5
1426380278814579,556800.000000,0
1426380278815829,556800.000000,1
1426380278817079,556800.000000,2
1426380278818381,556800.000000,3
1426380278819735,556800.000000,4
1426380278821037,556800.000000,5
1426380281422912,1152000.000000,0
1426380281424006,1152000.000000,1
1426380281425048,1152000.000000,2
1426380281426141,1152000.000000,3
1426380281427131,1152000.000000,4
1426380281428173,1152000.000000,5
1426380287471923,748800.000000,0
1426380287472443,748800.000000,1
1426380287473016,748800.000000,2
1426380287473537,748800.000000,3
1426380287474318,748800.000000,4
1426380287475048,748800.000000,5
1426380302877912,1363200.000000,0
1426380302878850,1363200.000000,1
1426380302879579,1363200.000000,2
1426380302880360,1363200.000000,3
1426380302881141,1363200.000000,4
1426380302881818,1363200.000000,5
1426380334771298,748800.000000,0
1426380334771818,748800.000000,1
1426380334772235,748800.000000,2
1426380334772860,748800.000000,3
1426380334773537,748800.000000,4
1426380334774318,748800.000000,5
1426380353000516,556800.000000,0
1426380353001975,556800.000000,1
1426380353003329,556800.000000,2
1426380353004579,556800.000000,3
1426380353005829,556800.000000,4
1426380353007131,556800.000000,5
1426380376439891,748800.000000,0
1426380376441037,748800.000000,1
1426380376441975,748800.000000,2
1426380376443068,748800.000000,3
1426380376444110,748800.000000,4
1426380376445100,748800.000000,5
1426380378681141,556800.000000,0
1426380378682704,556800.000000,1
1426380378683850,556800.000000,2
1426380378685100,556800.000000,3
1426380378686350,556800.000000,4
1426380378687600,556800.000000,5
1426380381296923,1363200.000000,0
1426380381298329,1363200.000000,1
1426380381299579,1363200.000000,2
1426380381300829,1363200.000000,3
1426380381302079,1363200.000000,4
1426380381303381,1363200.000000,5
1426380382762912,556800.000000,0
1426380382763381,556800.000000,1
1426380382763954,556800.000000,2
1426380382764423,556800.000000,3
1426380382765360,556800.000000,4
1426380382766350,556800.000000,5
1426380400923016,1363200.000000,0
1426380400924162,1363200.000000,1
1426380400925412,1363200.000000,2
1426380400926766,1363200.000000,3
1426380400927912,1363200.000000,4
1426380400929318,1363200.000000,5
1426380415061193,1785600.000000,0
1426380415061766,1785600.000000,1
1426380415062131,1785600.000000,2
1426380415062600,1785600.000000,3
1426380415062912,1785600.000000,4
1426380415063381,1785600.000000,5
1426380429977131,1555200.000000,0
1426380429977548,1555200.000000,1
1426380429977912,1555200.000000,2
1426380429978225,1555200.000000,3
1426380429978537,1555200.000000,4
1426380429978954,1555200.000000,5
1426380430800516,748800.000000,0
1426380430800881,748800.000000,1
1426380430801298,748800.000000,2
1426380430801662,748800.000000,3
1426380430802131,748800.000000,4
1426380430802443,748800.000000,5
1426380449025985,556800.000000,0
1426380449027443,556800.000000,1
1426380449028641,556800.000000,2
1426380449029787,556800.000000,3
1426380449031037,556800.000000,4
1426380449032287,556800.000000,5
1426380484030412,748800.000000,0
1426380484031506,748800.000000,1
1426380484032443,748800.000000,2
1426380484033485,748800.000000,3
1426380484034422,748800.000000,4
1426380484035412,748800.000000,5
1426380495068485,960000.000000,0
1426380495069318,960000.000000,1
1426380495070100,960000.000000,2
1426380495070829,960000.000000,3
1426380495071506,960000.000000,4
1426380495072287,960000.000000,5
1426380512554110,1363200.000000,0
1426380512554943,1363200.000000,1
1426380512555672,1363200.000000,2
1426380512556350,1363200.000000,3
1426380512557131,1363200.000000,4
1426380512557912,1363200.000000,5
1426380527395516,556800.000000,0
1426380527395985,556800.000000,1
1426380527396350,556800.000000,2
1426380527396922,556800.000000,3
1426380527397912,556800.000000,4
1426380527398954,556800.000000,5
1426380536480412,748800.000000,0
1426380536481818,748800.000000,1
1426380536483225,748800.000000,2
1426380536484735,748800.000000,3
1426380536486037,748800.000000,4
1426380536487287,748800.000000,5
1426380543196662,556800.000000,0
1426380543197756,556800.000000,1
1426380543198693,556800.000000,2
1426380543199787,556800.000000,3
1426380543200881,556800.000000,4
1426380543201818,556800.000000,5
1426380560934318,748800.000000,0
1426380560935412,748800.000000,1
1426380560936454,748800.000000,2
1426380560937391,748800.000000,3
1426380560938537,748800.000000,4
1426380560939579,748800.000000,5
1426380575414318,1363200.000000,0
1426380575415256,1363200.000000,1
1426380575416193,1363200.000000,2
1426380575417079,1363200.000000,3
1426380575418068,1363200.000000,4
1426380575418954,1363200.000000,5
1426380608858641,1555200.000000,0
1426380608859162,1555200.000000,1
1426380608859631,1555200.000000,2
1426380608860204,1555200.000000,3
1426380608860725,1555200.000000,4
1426380608861193,1555200.000000,5
1426380623881454,556800.000000,0
1426380623881975,556800.000000,1
1426380623882600,556800.000000,2
1426380623883850,556800.000000,3
1426380623885204,556800.000000,4
1426380623886454,556800.000000,5
1426380634653381,748800.000000,0
1426380634654891,748800.000000,1
1426380634656141,748800.000000,2
1426380634657443,748800.000000,3
1426380634658797,748800.000000,4
1426380634660100,748800.000000,5
1426380635631818,556800.000000,0
1426380635632704,556800.000000,1
1426380635633797,556800.000000,2
1426380635634787,556800.000000,3
1426380635635881,556800.000000,4
1426380635636922,556800.000000,5
1426380636026193,748800.000000,0
1426380636027443,748800.000000,1
1426380636028797,748800.000000,2
1426380636030100,748800.000000,3
1426380636031350,748800.000000,4
1426380636032547,748800.000000,5
1426380640872443,556800.000000,0
1426380640873329,556800.000000,1
1426380640874006,556800.000000,2
1426380640875100,556800.000000,3
1426380640876193,556800.000000,4
1426380640877235,556800.000000,5
1426380681377131,1555200.000000,0
1426380681378224,1555200.000000,1
1426380681379318,1555200.000000,2
1426380681380256,1555200.000000,3
1426380681381193,1555200.000000,4
1426380681382443,1555200.000000,5
1426380687194318,748800.000000,0
1426380687194735,748800.000000,1
1426380687195099,748800.000000,2
1426380687195412,748800.000000,3
1426380687195829,748800.000000,4
1426380687196349,748800.000000,5
1426380704958485,1363200.000000,0
1426380704959422,1363200.000000,1
1426380704960099,1363200.000000,2
1426380704960881,1363200.000000,3
1426380704961610,1363200.000000,4
1426380704962391,1363200.000000,5
1426380720865360,1555200.000000,0
1426380720865724,1555200.000000,1
1426380720866141,1555200.000000,2
1426380720866506,1555200.000000,3
1426380720866974,1555200.000000,4
1426380720867443,1555200.000000,5
1426380720917756,1785600.000000,0
1426380720918224,1785600.000000,1
1426380720918693,1785600.000000,2
1426380720919162,1785600.000000,3
1426380720919631,1785600.000000,4
1426380720920099,1785600.000000,5
1426380735079735,748800.000000,0
1426380735080099,748800.000000,1
1426380735080568,748800.000000,2
1426380735080881,748800.000000,3
1426380735081349,748800.000000,4
1426380735082079,748800.000000,5
1426380751819735,556800.000000,0
1426380751821141,556800.000000,1
1426380751822287,556800.000000,2
1426380751823537,556800.000000,3
1426380751824943,556800.000000,4
1426380751826193,556800.000000,5
1426380781331193,1152000.000000,0
1426380781332391,1152000.000000,1
1426380781333381,1152000.000000,2
1426380781334579,1152000.000000,3
1426380781335516,1152000.000000,4
1426380781336506,1152000.000000,5
1426380782769631,556800.000000,0
1426380782770204,556800.000000,1
1426380782770672,556800.000000,2
1426380782771349,556800.000000,3
1426380782772443,556800.000000,4
1426380782773485,556800.000000,5
1426380800899474,1363200.000000,0
1426380800901193,1363200.000000,1
1426380800902287,1363200.000000,2
1426380800903329,1363200.000000,3
1426380800904318,1363200.000000,4
1426380800905256,1363200.000000,5
1426380815433849,1555200.000000,0
1426380815434318,1555200.000000,1
1426380815434787,1555200.000000,2
1426380815435724,1555200.000000,3
1426380815436193,1555200.000000,4
1426380815436610,1555200.000000,5
1426380815460829,1785600.000000,0
1426380815461193,1785600.000000,1
1426380815461610,1785600.000000,2
1426380815461974,1785600.000000,3
1426380815462391,1785600.000000,4
1426380815462704,1785600.000000,5
1426380830820985,556800.000000,0
1426380830821454,556800.000000,1
1426380830822131,556800.000000,2
1426380830823381,556800.000000,3
1426380830824631,556800.000000,4
1426380830825881,556800.000000,5
1426380833779318,748800.000000,0
1426380833780881,748800.000000,1
1426380833782131,748800.000000,2
1426380833783329,748800.000000,3
1426380833784631,748800.000000,4
1426380833786037,748800.000000,5
1426380848849162,556800.000000,0
1426380848850204,556800.000000,1
1426380848851662,556800.000000,2
1426380848852912,556800.000000,3
1426380848854266,556800.000000,4
1426380848855672,556800.000000,5
1426380864884422,1363200.000000,0
1426380864885568,1363200.000000,1
1426380864886506,1363200.000000,2
1426380864887599,1363200.000000,3
1426380864888537,1363200.000000,4
1426380864889579,1363200.000000,5
1426380879819943,1555200.000000,0
1426380879820412,1555200.000000,1
1426380879820985,1555200.000000,2
1426380879821454,1555200.000000,3
1426380879821974,1555200.000000,4
1426380879822547,1555200.000000,5
1426380888783381,1785600.000000,0
1426380888783849,1785600.000000,1
1426380888784266,1785600.000000,2
1426380888784631,1785600.000000,3
1426380888784943,1785600.000000,4
1426380888785256,1785600.000000,5
1426380888867547,1555200.000000,0
1426380888867912,1555200.000000,1
1426380888868224,1555200.000000,2
1426380888868537,1555200.000000,3
1426380888868954,1555200.000000,4
1426380888869266,1555200.000000,5
1426380888960360,1785600.000000,0
1426380888960724,1785600.000000,1
1426380888961141,1785600.000000,2
1426380888961506,1785600.000000,3
1426380888961818,1785600.000000,4
1426380888962235,1785600.000000,5
1426380891758485,1555200.000000,0
1426380891758849,1555200.000000,1
1426380891759162,1555200.000000,2
1426380891759474,1555200.000000,3
1426380891759787,1555200.000000,4
1426380891760099,1555200.000000,5
1426380892588224,1785600.000000,0
1426380892588693,1785600.000000,1
1426380892589006,1785600.000000,2
1426380892589422,1785600.000000,3
1426380892589787,1785600.000000,4
1426380892590099,1785600.000000,5
1426380896355360,1996800.000000,0
1426380896355881,1996800.000000,1
1426380896356193,1996800.000000,2
1426380896356506,1996800.000000,3
1426380896356818,1996800.000000,4
1426380896357287,1996800.000000,5
1426380912892756,1152000.000000,0
1426380912893224,1152000.000000,1
1426380912893537,1152000.000000,2
1426380912893954,1152000.000000,3
1426380912894318,1152000.000000,4
1426380912894891,1152000.000000,5
1426380940353381,556800.000000,0
1426380940354422,556800.000000,1
1426380940355412,556800.000000,2
1426380940356454,556800.000000,3
1426380940357443,556800.000000,4
1426380940358485,556800.000000,5
1426380945191141,748800.000000,0
1426380945192235,748800.000000,1
1426380945193224,748800.000000,2
1426380945194318,748800.000000,3
1426380945195256,748800.000000,4
1426380945196349,748800.000000,5
1426380945238068,556800.000000,0
1426380945238849,556800.000000,1
1426380945239579,556800.000000,2
1426380945240256,556800.000000,3
1426380945241349,556800.000000,4
1426380945242443,556800.000000,5
1426380958810099,1555200.000000,0
1426380958811506,1555200.000000,1
1426380958812756,1555200.000000,2
1426380958814006,1555200.000000,3
1426380958815256,1555200.000000,4
1426380958816610,1555200.000000,5
1426380958951922,556800.000000,0
1426380958952443,556800.000000,1
1426380958952756,556800.000000,2
1426380958953172,556800.000000,3
1426380958953485,556800.000000,4
1426380958954318,556800.000000,5
1426380981771766,960000.000000,0
1426380981773224,960000.000000,1
1426380981774474,960000.000000,2
1426380981775724,960000.000000,3
1426380981776974,960000.000000,4
1426380981778485,960000.000000,5
1426380990821141,748800.000000,0
1426380990821922,748800.000000,1
1426380990822860,748800.000000,2
1426380990823849,748800.000000,3
1426380990824787,748800.000000,4
1426380990825672,748800.000000,5
1426381006960568,1363200.000000,0
1426381006961349,1363200.000000,1
1426381006962131,1363200.000000,2
1426381006962912,1363200.000000,3
1426381006963693,1363200.000000,4
1426381006964474,1363200.000000,5
1426381041239943,556800.000000,0
1426381041241506,556800.000000,1
1426381041242704,556800.000000,2
1426381041244006,556800.000000,3
1426381041245256,556800.000000,4
1426381041246506,556800.000000,5
1426381081715047,960000.000000,0
1426381081716297,960000.000000,1
1426381081717287,960000.000000,2
1426381081718381,960000.000000,3
1426381081719422,960000.000000,4
1426381081720360,960000.000000,5
1426381088868693,748800.000000,0
1426381088869318,748800.000000,1
1426381088869943,748800.000000,2
1426381088870672,748800.000000,3
1426381088871454,748800.000000,4
1426381088872287,748800.000000,5
1426381103324266,1363200.000000,0
1426381103325412,1363200.000000,1
1426381103326297,1363200.000000,2
1426381103327287,1363200.000000,3
1426381103328328,1363200.000000,4
1426381103329266,1363200.000000,5
1426381120866610,1152000.000000,0
1426381120867131,1152000.000000,1
1426381120867599,1152000.000000,2
1426381120868224,1152000.000000,3
1426381120868849,1152000.000000,4
1426381120869578,1152000.000000,5
1426381135799891,556800.000000,0
1426381135801297,556800.000000,1
1426381135802599,556800.000000,2
1426381135803849,556800.000000,3
1426381135805203,556800.000000,4
1426381135806506,556800.000000,5
1426381156892599,748800.000000,0
1426381156894110,748800.000000,1
1426381156895412,748800.000000,2
1426381156896662,748800.000000,3
1426381156897912,748800.000000,4
1426381156899162,748800.000000,5
1426381156969318,556800.000000,0
1426381156970412,556800.000000,1
1426381156971349,556800.000000,2
1426381156972703,556800.000000,3
1426381156974110,556800.000000,4
1426381156975412,556800.000000,5
1426381179717235,1555200.000000,0
1426381179718224,1555200.000000,1
1426381179719318,1555200.000000,2
1426381179720256,1555200.000000,3
1426381179721297,1555200.000000,4
1426381179722287,1555200.000000,5
1426381182896037,1363200.000000,0
1426381182896453,1363200.000000,1
1426381182897547,1363200.000000,2
1426381182897912,1363200.000000,3
1426381182898381,1363200.000000,4
1426381182898797,1363200.000000,5
1426381199316818,1785600.000000,0
1426381199317547,1785600.000000,1
1426381199317912,1785600.000000,2
1426381199318641,1785600.000000,3
1426381199319006,1785600.000000,4
1426381199319474,1785600.000000,5
1426381216855881,1996800.000000,0
1426381216856506,1996800.000000,1
1426381216856922,1996800.000000,2
1426381216857287,1996800.000000,3
1426381216857703,1996800.000000,4
1426381216858068,1996800.000000,5
1426381239970828,556800.000000,0
1426381239971193,556800.000000,1
1426381239971610,556800.000000,2
1426381239971974,556800.000000,3
1426381239972287,556800.000000,4
1426381239973016,556800.000000,5
1426381249609943,748800.000000,0
1426381249611193,748800.000000,1
1426381249612443,748800.000000,2
1426381249613485,748800.000000,3
1426381249614474,748800.000000,4
1426381249615412,748800.000000,5
1426381258574422,556800.000000,0
1426381258575568,556800.000000,1
1426381258576662,556800.000000,2
1426381258577599,556800.000000,3
1426381258578693,556800.000000,4
1426381258579631,556800.000000,5
1426381281531662,1152000.000000,0
1426381281532756,1152000.000000,1
1426381281533797,1152000.000000,2
1426381281534787,1152000.000000,3
1426381281535828,1152000.000000,4
1426381281536818,1152000.000000,5
1426381294741349,1363200.000000,0
1426381294742078,1363200.000000,1
1426381294742756,1363200.000000,2
1426381294743381,1363200.000000,3
1426381294744006,1363200.000000,4
1426381294744631,1363200.000000,5
1426381311789891,1555200.000000,0
1426381311790360,1555200.000000,1
1426381311790724,1555200.000000,2
1426381311791193,1555200.000000,3
1426381311791506,1555200.000000,4
1426381311791974,1555200.000000,5
1426381328939578,556800.000000,0
1426381328941037,556800.000000,1
1426381328942287,556800.000000,2
1426381328943537,556800.000000,3
1426381328944787,556800.000000,4
1426381328946037,556800.000000,5
1426381356855360,748800.000000,0
1426381356856922,748800.000000,1
1426381356858224,748800.000000,2
1426381356859630,748800.000000,3
1426381356860880,748800.000000,4
1426381356862130,748800.000000,5
1426381356896193,556800.000000,0
1426381356897130,556800.000000,1
1426381356898172,556800.000000,2
1426381356899422,556800.000000,3
1426381356900724,556800.000000,4
1426381356902078,556800.000000,5
1426381360631818,748800.000000,0
1426381360633068,748800.000000,1
1426381360634474,748800.000000,2
1426381360635724,748800.000000,3
1426381360636974,748800.000000,4
1426381360638328,748800.000000,5
1426381377026349,556800.000000,0
1426381377027912,556800.000000,1
1426381377029162,556800.000000,2
1426381377030412,556800.000000,3
1426381377031662,556800.000000,4
1426381377033016,556800.000000,5
1426381381506766,1555200.000000,0
1426381381507912,1555200.000000,1
1426381381509005,1555200.000000,2
1426381381510099,1555200.000000,3
1426381381511141,1555200.000000,4
1426381381512235,1555200.000000,5
1426381391651974,1363200.000000,0
1426381391652443,1363200.000000,1
1426381391652755,1363200.000000,2
1426381391653172,1363200.000000,3
1426381391653537,1363200.000000,4
1426381391654005,1363200.000000,5
1426381408868016,1555200.000000,0
1426381408868537,1555200.000000,1
1426381408869162,1555200.000000,2
1426381408869735,1555200.000000,3
1426381408870255,1555200.000000,4
1426381408870724,1555200.000000,5
1426381432561141,556800.000000,0
1426381432561662,556800.000000,1
1426381432562287,556800.000000,2
1426381432566193,556800.000000,3
1426381432567443,556800.000000,4
1426381432568797,556800.000000,5
1426381481402287,1555200.000000,0
1426381481403380,1555200.000000,1
1426381481404318,1555200.000000,2
1426381481405412,1555200.000000,3
1426381481406349,1555200.000000,4
1426381481407443,1555200.000000,5
1426381485259787,1785600.000000,0
1426381485260203,1785600.000000,1
1426381485260568,1785600.000000,2
1426381485260880,1785600.000000,3
1426381485261297,1785600.000000,4
1426381485261662,1785600.000000,5
1426381485971974,1152000.000000,0
1426381485972443,1152000.000000,1
1426381485972912,1152000.000000,2
1426381485973380,1152000.000000,3
1426381485973797,1152000.000000,4
1426381485974318,1152000.000000,5
1426381486824735,1363200.000000,0
1426381486825360,1363200.000000,1
1426381486825985,1363200.000000,2
1426381486826610,1363200.000000,3
1426381486827235,1363200.000000,4
1426381486827755,1363200.000000,5
1426381502802755,1785600.000000,0
1426381502803380,1785600.000000,1
1426381502804005,1785600.000000,2
1426381502804474,1785600.000000,3
1426381502805047,1785600.000000,4
1426381502805516,1785600.000000,5
1426381519143537,556800.000000,0
1426381519144005,556800.000000,1
1426381519145099,556800.000000,2
1426381519146662,556800.000000,3
1426381519147912,556800.000000,4
1426381519149162,556800.000000,5
1426381544333328,960000.000000,0
1426381544334630,960000.000000,1
1426381544335880,960000.000000,2
1426381544337130,960000.000000,3
1426381544338380,960000.000000,4
1426381544339630,960000.000000,5
1426381550383485,556800.000000,0
1426381550384787,556800.000000,1
1426381550385724,556800.000000,2
1426381550386766,556800.000000,3
1426381550387755,556800.000000,4
1426381550388693,556800.000000,5
1426381551713328,960000.000000,0
1426381551714474,960000.000000,1
1426381551715412,960000.000000,2
1426381551716453,960000.000000,3
1426381551717391,960000.000000,4
1426381551718380,960000.000000,5
1426381559024318,1152000.000000,0
1426381559025203,1152000.000000,1
1426381559025880,1152000.000000,2
1426381559026610,1152000.000000,3
1426381559027287,1152000.000000,4
1426381559028016,1152000.000000,5
1426381562182287,960000.000000,0
1426381562183068,960000.000000,1
1426381562183693,960000.000000,2
1426381562184266,960000.000000,3
1426381562184787,960000.000000,4
1426381562185412,960000.000000,5
1426381567186193,1363200.000000,0
1426381567186922,1363200.000000,1
1426381567187443,1363200.000000,2
1426381567188068,1363200.000000,3
1426381567188693,1363200.000000,4
1426381567189318,1363200.000000,5
1426381582756297,1785600.000000,0
1426381582756818,1785600.000000,1
1426381582757287,1785600.000000,2
1426381582757860,1785600.000000,3
1426381582758380,1785600.000000,4
1426381582758953,1785600.000000,5
1426381598780880,2400000.000000,0
1426381598781297,2400000.000000,1
1426381598781610,2400000.000000,2
1426381598781922,2400000.000000,3
1426381598782287,2400000.000000,4
1426381598782599,2400000.000000,5
1426381792837912,1996800.000000,0
1426381792838380,1996800.000000,1
1426381792838641,1996800.000000,2
1426381792838849,1996800.000000,3
1426381792839162,1996800.000000,4
1426381792839474,1996800.000000,5
1426381807515880,1363200.000000,0
1426381807516193,1363200.000000,1
1426381807516505,1363200.000000,2
1426381807516818,1363200.000000,3
1426381807517130,1363200.000000,4
1426381807517443,1363200.000000,5
1426381846103849,556800.000000,0
1426381846104318,556800.000000,1
1426381846104787,556800.000000,2
1426381846105255,556800.000000,3
1426381846106141,556800.000000,4
1426381846107130,556800.000000,5
1426381881311141,1363200.000000,0
1426381881312391,1363200.000000,1
1426381881313380,1363200.000000,2
1426381881314318,1363200.000000,3
1426381881315412,1363200.000000,4
1426381881316505,1363200.000000,5
1426381887983693,748800.000000,0
1426381887984318,748800.000000,1
1426381887985203,748800.000000,2
1426381887986193,748800.000000,3
1426381887987130,748800.000000,4
1426381887988068,748800.000000,5
1426381902812755,1363200.000000,0
1426381902813537,1363200.000000,1
1426381902814318,1363200.000000,2
1426381902815099,1363200.000000,3
1426381902815880,1363200.000000,4
1426381902816662,1363200.000000,5
1426381943775255,556800.000000,0
1426381943776818,556800.000000,1
1426381943778068,556800.000000,2
1426381943779422,556800.000000,3
1426381943780724,556800.000000,4
1426381943781974,556800.000000,5
1426381955254630,748800.000000,0
1426381955255880,748800.000000,1
1426381955256818,748800.000000,2
1426381955257912,748800.000000,3
1426381955259005,748800.000000,4
1426381955259943,748800.000000,5
1426381968278537,556800.000000,0
1426381968279734,556800.000000,1
1426381968281037,556800.000000,2
1426381968282287,556800.000000,3
1426381968283537,556800.000000,4
1426381968284943,556800.000000,5
1426381981615099,1152000.000000,0
1426381981616349,1152000.000000,1
1426381981617286,1152000.000000,2
1426381981618380,1152000.000000,3
1426381981619422,1152000.000000,4
1426381981620568,1152000.000000,5
1426381982773536,556800.000000,0
1426381982774005,556800.000000,1
1426381982774474,556800.000000,2
1426381982775047,556800.000000,3
1426381982775516,556800.000000,4
1426381982776036,556800.000000,5
1426381998804005,1363200.000000,0
1426381998805568,1363200.000000,1
1426381998806818,1363200.000000,2
1426381998808068,1363200.000000,3
1426381998809422,1363200.000000,4
1426381998810672,1363200.000000,5
1426382015737443,1555200.000000,0
1426382015737911,1555200.000000,1
1426382015738224,1555200.000000,2
1426382015738693,1555200.000000,3
1426382015739161,1555200.000000,4
1426382015739630,1555200.000000,5
1426382015763797,1785600.000000,0
1426382015764161,1785600.000000,1
1426382015764474,1785600.000000,2
1426382015764891,1785600.000000,3
1426382015765255,1785600.000000,4
1426382015765568,1785600.000000,5
1426382016636141,1555200.000000,0
1426382016636505,1555200.000000,1
1426382016636974,1555200.000000,2
1426382016637286,1555200.000000,3
1426382016637755,1555200.000000,4
1426382016638068,1555200.000000,5
1426382016854474,1785600.000000,0
1426382016854891,1785600.000000,1
1426382016855359,1785600.000000,2
1426382016855828,1785600.000000,3
1426382016856193,1785600.000000,4
1426382016856661,1785600.000000,5
1426382016949005,1555200.000000,0
1426382016949474,1555200.000000,1
1426382016949891,1555200.000000,2
1426382016950255,1555200.000000,3
1426382016950672,1555200.000000,4
1426382016951036,1555200.000000,5
1426382017258484,1785600.000000,0
1426382017258953,1785600.000000,1
1426382017259422,1785600.000000,2
1426382017259891,1785600.000000,3
1426382017260359,1785600.000000,4
1426382017260828,1785600.000000,5
1426382031413849,960000.000000,0
1426382031414266,960000.000000,1
1426382031414630,960000.000000,2
1426382031415047,960000.000000,3
1426382031415411,960000.000000,4
1426382031415880,960000.000000,5
1426382042304891,1996800.000000,0
1426382042305568,1996800.000000,1
1426382042306193,1996800.000000,2
1426382042306766,1996800.000000,3
1426382042307286,1996800.000000,4
1426382042307911,1996800.000000,5
1426382042327286,2227200.000000,0
1426382042327911,2227200.000000,1
1426382042328536,2227200.000000,2
1426382042329161,2227200.000000,3
1426382042329734,2227200.000000,4
1426382042330359,2227200.000000,5
1426382047127911,960000.000000,0
1426382047128224,960000.000000,1
1426382047128484,960000.000000,2
1426382047128693,960000.000000,3
1426382047128953,960000.000000,4
1426382047129161,960000.000000,5
1426382064847130,748800.000000,0
1426382064848068,748800.000000,1
1426382064849005,748800.000000,2
1426382064849943,748800.000000,3
1426382064850984,748800.000000,4
1426382064851974,748800.000000,5
1426382080872130,1363200.000000,0
1426382080873172,1363200.000000,1
1426382080873849,1363200.000000,2
1426382080874734,1363200.000000,3
1426382080875516,1363200.000000,4
1426382080876193,1363200.000000,5
1426382096845724,1555200.000000,0
1426382096846297,1555200.000000,1
1426382096846661,1555200.000000,2
1426382096847130,1555200.000000,3
1426382096847547,1555200.000000,4
1426382096847911,1555200.000000,5
1426382112844943,1363200.000000,0
1426382112845516,1363200.000000,1
1426382112845880,1363200.000000,2
1426382112846349,1363200.000000,3
1426382112846922,1363200.000000,4
1426382112847391,1363200.000000,5
1426382128806141,556800.000000,0
1426382128806661,556800.000000,1
1426382128807443,556800.000000,2
1426382128808693,556800.000000,3
1426382128810099,556800.000000,4
1426382128811349,556800.000000,5
1426382151589161,748800.000000,0
1426382151590568,748800.000000,1
1426382151591818,748800.000000,2
1426382151593068,748800.000000,3
1426382151594266,748800.000000,4
1426382151595516,748800.000000,5
1426382159279578,556800.000000,0
1426382159280568,556800.000000,1
1426382159281818,556800.000000,2
1426382159283224,556800.000000,3
1426382159284474,556800.000000,4
1426382159285724,556800.000000,5
1426382182007391,1555200.000000,0
1426382182008536,1555200.000000,1
1426382182009578,1555200.000000,2
1426382182010516,1555200.000000,3
1426382182011505,1555200.000000,4
1426382182012599,1555200.000000,5
1426382192866141,1152000.000000,0
1426382192866818,1152000.000000,1
1426382192867286,1152000.000000,2
1426382192867755,1152000.000000,3
1426382192868328,1152000.000000,4
1426382192868953,1152000.000000,5
1426382206785568,1555200.000000,0
1426382206786193,1555200.000000,1
1426382206786661,1555200.000000,2
1426382206787130,1555200.000000,3
1426382206787599,1555200.000000,4
1426382206788172,1555200.000000,5
1426382224894005,1785600.000000,0
1426382224894474,1785600.000000,1
1426382224894943,1785600.000000,2
1426382224895411,1785600.000000,3
1426382224895880,1785600.000000,4
1426382224896349,1785600.000000,5
1426382240233849,556800.000000,0
1426382240234318,556800.000000,1
1426382240234630,556800.000000,2
1426382240235099,556800.000000,3
1426382240236297,556800.000000,4
1426382240237443,556800.000000,5
1426382281903641,1555200.000000,0
1426382281905099,1555200.000000,1
1426382281906297,1555200.000000,2
1426382281907547,1555200.000000,3
1426382281908693,1555200.000000,4
1426382281910047,1555200.000000,5
1426382288864474,748800.000000,0
1426382288864891,748800.000000,1
1426382288866766,748800.000000,2
1426382288867755,748800.000000,3
1426382288868693,748800.000000,4
1426382288869630,748800.000000,5
1426382302951193,1363200.000000,0
1426382302952078,1363200.000000,1
1426382302952859,1363200.000000,2
1426382302953641,1363200.000000,3
1426382302954318,1363200.000000,4
1426382302955047,1363200.000000,5
1426382307855203,1555200.000000,0
1426382307855672,1555200.000000,1
1426382307856036,1555200.000000,2
1426382307856505,1555200.000000,3
1426382307856922,1555200.000000,4
1426382307857286,1555200.000000,5
1426382308902286,1363200.000000,0
1426382308902703,1363200.000000,1
1426382308903068,1363200.000000,2
1426382308903484,1363200.000000,3
1426382308903849,1363200.000000,4
1426382308904266,1363200.000000,5
1426382320865880,960000.000000,0
1426382320866453,960000.000000,1
1426382320866974,960000.000000,2
1426382320867547,960000.000000,3
1426382320868172,960000.000000,4
1426382320868849,960000.000000,5
1426382348377599,748800.000000,0
1426382348378484,748800.000000,1
1426382348379161,748800.000000,2
1426382348379943,748800.000000,3
1426382348380724,748800.000000,4
1426382348381505,748800.000000,5
1426382348436349,556800.000000,0
1426382348437130,556800.000000,1
1426382348437911,556800.000000,2
1426382348438641,556800.000000,3
1426382348439786,556800.000000,4
1426382348440828,556800.000000,5
1426382357565880,748800.000000,0
1426382357567078,748800.000000,1
1426382357568016,748800.000000,2
1426382357569005,748800.000000,3
1426382357569943,748800.000000,4
1426382357570984,748800.000000,5
1426382365247599,556800.000000,0
1426382365248641,556800.000000,1
1426382365249630,556800.000000,2
1426382365250568,556800.000000,3
1426382365251661,556800.000000,4
1426382365252755,556800.000000,5
1426382367054630,748800.000000,0
1426382367055568,748800.000000,1
1426382367056609,748800.000000,2
1426382367057599,748800.000000,3
1426382367058641,748800.000000,4
1426382367059630,748800.000000,5
1426382381133068,1152000.000000,0
1426382381134161,1152000.000000,1
1426382381135099,1152000.000000,2
1426382381136141,1152000.000000,3
1426382381136974,1152000.000000,4
1426382381137911,1152000.000000,5
1426382384873016,1363200.000000,0
1426382384873536,1363200.000000,1
1426382384874005,1363200.000000,2
1426382384874474,1363200.000000,3
1426382384875047,1363200.000000,4
1426382384875516,1363200.000000,5
1426382396830255,1555200.000000,0
1426382396830828,1555200.000000,1
1426382396831193,1555200.000000,2
1426382396831661,1555200.000000,3
1426382396832130,1555200.000000,4
1426382396832443,1555200.000000,5
1426382399159161,1785600.000000,0
1426382399159734,1785600.000000,1
1426382399160099,1785600.000000,2
1426382399160568,1785600.000000,3
1426382399161036,1785600.000000,4
1426382399161453,1785600.000000,5
1426382400875672,1555200.000000,0
1426382400876036,1555200.000000,1
1426382400876349,1555200.000000,2
1426382400876661,1555200.000000,3
1426382400876974,1555200.000000,4
1426382400877286,1555200.000000,5
1426382400978849,1785600.000000,0
1426382400979161,1785600.000000,1
1426382400979578,1785600.000000,2
1426382400979943,1785600.000000,3
1426382400980255,1785600.000000,4
1426382400980672,1785600.000000,5
1426382401057130,1555200.000000,0
1426382401057443,1555200.000000,1
1426382401057755,1555200.000000,2
1426382401058068,1555200.000000,3
1426382401058380,1555200.000000,4
1426382401058693,1555200.000000,5
1426382402300359,1785600.000000,0
1426382402300724,1785600.000000,1
1426382402301141,1785600.000000,2
1426382402301609,1785600.000000,3
1426382402301974,1785600.000000,4
1426382402302286,1785600.000000,5
1426382402821661,1555200.000000,0
1426382402821974,1555200.000000,1
1426382402822286,1555200.000000,2
1426382402822703,1555200.000000,3
1426382402823016,1555200.000000,4
1426382402823328,1555200.000000,5
1426382402856193,1785600.000000,0
1426382402856609,1785600.000000,1
1426382402856974,1785600.000000,2
1426382402857286,1785600.000000,3
1426382402857703,1785600.000000,4
1426382402858849,1785600.000000,5
1426382403031609,1555200.000000,0
1426382403031974,1555200.000000,1
1426382403032443,1555200.000000,2
1426382403032755,1555200.000000,3
1426382403033224,1555200.000000,4
1426382403033536,1555200.000000,5
1426382406127911,1785600.000000,0
1426382406128380,1785600.000000,1
1426382406128797,1785600.000000,2
1426382406129161,1785600.000000,3
1426382406129474,1785600.000000,4
1426382406129891,1785600.000000,5
1426382406161661,1555200.000000,0
1426382406161974,1555200.000000,1
1426382406162391,1555200.000000,2
1426382406162703,1555200.000000,3
1426382406163068,1555200.000000,4
1426382406163380,1555200.000000,5
1426382406510516,1785600.000000,0
1426382406510880,1785600.000000,1
1426382406511193,1785600.000000,2
1426382406511609,1785600.000000,3
1426382406511974,1785600.000000,4
1426382406512391,1785600.000000,5
1426382415199890,960000.000000,0
1426382415200359,960000.000000,1
1426382415200724,960000.000000,2
1426382415201140,960000.000000,3
1426382415201505,960000.000000,4
1426382415201922,960000.000000,5
1426382439524890,556800.000000,0
1426382439526349,556800.000000,1
1426382439527599,556800.000000,2
1426382439528953,556800.000000,3
1426382439530255,556800.000000,4
1426382439531609,556800.000000,5
1426382457584265,748800.000000,0
1426382457585411,748800.000000,1
1426382457586349,748800.000000,2
1426382457587443,748800.000000,3
1426382457588380,748800.000000,4
1426382457589318,748800.000000,5
1426382458538797,556800.000000,0
1426382458539943,556800.000000,1
1426382458541036,556800.000000,2
1426382458541974,556800.000000,3
1426382458543068,556800.000000,4
1426382458544109,556800.000000,5
1426382467370359,1555200.000000,0
1426382467371661,1555200.000000,1
1426382467372859,1555200.000000,2
1426382467374161,1555200.000000,3
1426382467375411,1555200.000000,4
1426382467376661,1555200.000000,5
1426382480939734,556800.000000,0
1426382480940255,556800.000000,1
1426382480940724,556800.000000,2
1426382480941818,556800.000000,3
1426382480943172,556800.000000,4
1426382480944318,556800.000000,5
1426382481454943,748800.000000,0
1426382481456193,748800.000000,1
1426382481457234,748800.000000,2
1426382481458224,748800.000000,3
1426382481459318,748800.000000,4
1426382481460255,748800.000000,5
1426382496874578,960000.000000,0
1426382496875411,960000.000000,1
1426382496876193,960000.000000,2
1426382496876974,960000.000000,3
1426382496877755,960000.000000,4
1426382496878536,960000.000000,5
1426382511084109,1363200.000000,0
1426382511084786,1363200.000000,1
1426382511085359,1363200.000000,2
1426382511085984,1363200.000000,3
1426382511086609,1363200.000000,4
1426382511087130,1363200.000000,5
1426382528857911,1555200.000000,0
1426382528858380,1555200.000000,1
1426382528858797,1555200.000000,2
1426382528859161,1555200.000000,3
1426382528859630,1555200.000000,4
1426382528860047,1555200.000000,5
1426382532914005,1785600.000000,0
1426382532914630,1785600.000000,1
1426382532915099,1785600.000000,2
1426382532915568,1785600.000000,3
1426382532916036,1785600.000000,4
1426382532916453,1785600.000000,5
1426382532975047,1555200.000000,0
1426382532975359,1555200.000000,1
1426382532975672,1555200.000000,2
1426382532975984,1555200.000000,3
1426382532976349,1555200.000000,4
1426382532976661,1555200.000000,5
1426382543402911,1996800.000000,0
1426382543403380,1996800.000000,1
1426382543403693,1996800.000000,2
1426382543404005,1996800.000000,3
1426382543404422,1996800.000000,4
1426382543404786,1996800.000000,5
1426382543460515,1555200.000000,0
1426382543460880,1555200.000000,1
1426382543461140,1555200.000000,2
1426382543461453,1555200.000000,3
1426382543461661,1555200.000000,4
1426382543461974,1555200.000000,5
1426382543613380,1996800.000000,0
1426382543613797,1996800.000000,1
1426382543614161,1996800.000000,2
1426382543614474,1996800.000000,3
1426382543614786,1996800.000000,4
1426382543615203,1996800.000000,5
1426382543655724,1555200.000000,0
1426382543656193,1555200.000000,1
1426382543656505,1555200.000000,2
1426382543656818,1555200.000000,3
1426382543657234,1555200.000000,4
1426382543657599,1555200.000000,5
1426382543729161,1996800.000000,0
1426382543729630,1996800.000000,1
1426382543730047,1996800.000000,2
1426382543730411,1996800.000000,3
1426382543730724,1996800.000000,4
1426382543731036,1996800.000000,5
1426382551995672,1555200.000000,0
1426382551996036,1555200.000000,1
1426382551996349,1555200.000000,2
1426382551996765,1555200.000000,3
1426382551997130,1555200.000000,4
1426382551997443,1555200.000000,5
1426382552819890,1996800.000000,0
1426382552820255,1996800.000000,1
1426382552820724,1996800.000000,2
1426382552821193,1996800.000000,3
1426382552821661,1996800.000000,4
1426382552822130,1996800.000000,5
1426382552866349,1555200.000000,0
1426382552866765,1555200.000000,1
1426382552867130,1555200.000000,2
1426382552867443,1555200.000000,3
1426382552867859,1555200.000000,4
1426382552868224,1555200.000000,5
1426382552875255,1996800.000000,0
1426382552875568,1996800.000000,1
1426382552875880,1996800.000000,2
1426382552876140,1996800.000000,3
1426382552876349,1996800.000000,4
1426382552876661,1996800.000000,5
1426382553068693,1555200.000000,0
1426382553068953,1555200.000000,1
1426382553069265,1555200.000000,2
1426382553069578,1555200.000000,3
1426382553069786,1555200.000000,4
1426382553070099,1555200.000000,5
1426382553101818,1996800.000000,0
1426382553102234,1996800.000000,1
1426382553102703,1996800.000000,2
1426382553103015,1996800.000000,3
1426382553103380,1996800.000000,4
1426382553103693,1996800.000000,5
1426382558743068,748800.000000,0
1426382558743380,748800.000000,1
1426382558743693,748800.000000,2
1426382558743953,748800.000000,3
1426382558744161,748800.000000,4
1426382558744474,748800.000000,5
1426382574898484,556800.000000,0
1426382574899630,556800.000000,1
1426382574900568,556800.000000,2
1426382574901661,556800.000000,3
1426382574902703,556800.000000,4
1426382574903640,556800.000000,5
1426382581311661,748800.000000,0
1426382581312755,748800.000000,1
1426382581313849,748800.000000,2
1426382581316453,748800.000000,3
1426382581317443,748800.000000,4
1426382581318380,748800.000000,5
1426382606817443,1363200.000000,0
1426382606818380,1363200.000000,1
1426382606819109,1363200.000000,2
1426382606819890,1363200.000000,3
1426382606820568,1363200.000000,4
1426382606821297,1363200.000000,5
1426382624286661,1152000.000000,0
1426382624287130,1152000.000000,1
1426382624287547,1152000.000000,2
1426382624288015,1152000.000000,3
1426382624288484,1152000.000000,4
1426382624289005,1152000.000000,5
1426382642507286,556800.000000,0
1426382642508849,556800.000000,1
1426382642510099,556800.000000,2
1426382642511505,556800.000000,3
1426382642512911,556800.000000,4
1426382642514161,556800.000000,5
1426382670793797,748800.000000,0
1426382670795047,748800.000000,1
1426382670796036,748800.000000,2
1426382670797130,748800.000000,3
1426382670798328,748800.000000,4
1426382670799317,748800.000000,5
1426382681837130,1152000.000000,0
1426382681838067,1152000.000000,1
1426382681838849,1152000.000000,2
1426382681839578,1152000.000000,3
1426382681840359,1152000.000000,4
1426382681841192,1152000.000000,5
1426382686834161,1363200.000000,0
1426382686834786,1363200.000000,1
1426382686835255,1363200.000000,2
1426382686835724,1363200.000000,3
1426382686836192,1363200.000000,4
1426382686836765,1363200.000000,5
1426382704871036,1785600.000000,0
1426382704871453,1785600.000000,1
1426382704871817,1785600.000000,2
1426382704872286,1785600.000000,3
1426382704872703,1785600.000000,4
1426382704873067,1785600.000000,5
1426382716511817,1996800.000000,0
1426382716512130,1996800.000000,1
1426382716512442,1996800.000000,2
1426382716512755,1996800.000000,3
1426382716513067,1996800.000000,4
1426382716513380,1996800.000000,5
1426382716797130,1785600.000000,0
1426382716797442,1785600.000000,1
1426382716797755,1785600.000000,2
1426382716798015,1785600.000000,3
1426382716798328,1785600.000000,4
1426382716798536,1785600.000000,5
1426382719782547,1555200.000000,0
1426382719783015,1555200.000000,1
1426382719783380,1555200.000000,2
1426382719783797,1555200.000000,3
1426382719784265,1555200.000000,4
1426382719784630,1555200.000000,5
1426382720050255,1996800.000000,0
1426382720050724,1996800.000000,1
1426382720051140,1996800.000000,2
1426382720051609,1996800.000000,3
1426382720052078,1996800.000000,4
1426382720052599,1996800.000000,5
1426382720365724,1555200.000000,0
1426382720366036,1555200.000000,1
1426382720366349,1555200.000000,2
1426382720366661,1555200.000000,3
1426382720366974,1555200.000000,4
1426382720367286,1555200.000000,5
1426382720414786,1996800.000000,0
1426382720415203,1996800.000000,1
1426382720415515,1996800.000000,2
1426382720415880,1996800.000000,3
1426382720416192,1996800.000000,4
1426382720416609,1996800.000000,5
1426382721830359,1555200.000000,0
1426382721830672,1555200.000000,1
1426382721830984,1555200.000000,2
1426382721831297,1555200.000000,3
1426382721831505,1555200.000000,4
1426382721831817,1555200.000000,5
1426382721887755,1996800.000000,0
1426382721888224,1996800.000000,1
1426382721888640,1996800.000000,2
1426382721889942,1996800.000000,3
1426382721890255,1996800.000000,4
1426382721890672,1996800.000000,5
1426382736946192,748800.000000,0
1426382736946505,748800.000000,1
1426382736946765,748800.000000,2
1426382736947078,748800.000000,3
1426382736947286,748800.000000,4
1426382736947599,748800.000000,5
1426382754139474,556800.000000,0
1426382754141036,556800.000000,1
1426382754142286,556800.000000,2
1426382754143640,556800.000000,3
1426382754144942,556800.000000,4
1426382754146192,556800.000000,5
1426382776392234,748800.000000,0
1426382776393849,748800.000000,1
1426382776395099,748800.000000,2
1426382776396349,748800.000000,3
1426382776397703,748800.000000,4
1426382776399005,748800.000000,5
1426382783699109,1555200.000000,0
1426382783700047,1555200.000000,1
1426382783701036,1555200.000000,2
1426382783701974,1555200.000000,3
1426382783702911,1555200.000000,4
1426382783703953,1555200.000000,5
1426382783827286,556800.000000,0
1426382783827703,556800.000000,1
1426382783828067,556800.000000,2
1426382783828380,556800.000000,3
1426382783828692,556800.000000,4
1426382783829422,556800.000000,5
1426382800938380,1363200.000000,0
1426382800939890,1363200.000000,1
1426382800940880,1363200.000000,2
1426382800941817,1363200.000000,3
1426382800942755,1363200.000000,4
1426382800943797,1363200.000000,5
1426382814747755,1785600.000000,0
1426382814748224,1785600.000000,1
1426382814748692,1785600.000000,2
1426382814749265,1785600.000000,3
1426382814749786,1785600.000000,4
1426382814750255,1785600.000000,5
1426382819615411,1555200.000000,0
1426382819615828,1555200.000000,1
1426382819616192,1555200.000000,2
1426382819616505,1555200.000000,3
1426382819616817,1555200.000000,4
1426382819617130,1555200.000000,5
1426382820482911,1785600.000000,0
1426382820483328,1785600.000000,1
1426382820483692,1785600.000000,2
1426382820484005,1785600.000000,3
1426382820484422,1785600.000000,4
1426382820484786,1785600.000000,5
1426382820804786,1555200.000000,0
1426382820805203,1555200.000000,1
1426382820805567,1555200.000000,2
1426382820805880,1555200.000000,3
1426382820806192,1555200.000000,4
1426382820806505,1555200.000000,5
1426382820969109,1785600.000000,0
1426382820969474,1785600.000000,1
1426382820969890,1785600.000000,2
1426382820970255,1785600.000000,3
1426382820970567,1785600.000000,4
1426382820970984,1785600.000000,5
1426382821390567,1555200.000000,0
1426382821390880,1555200.000000,1
1426382821391192,1555200.000000,2
1426382821391505,1555200.000000,3
1426382821391817,1555200.000000,4
1426382821392130,1555200.000000,5
1426382824435672,1785600.000000,0
1426382824436036,1785600.000000,1
1426382824436349,1785600.000000,2
1426382824436765,1785600.000000,3
1426382824437234,1785600.000000,4
1426382824437547,1785600.000000,5
1426382824878224,1555200.000000,0
1426382824878536,1555200.000000,1
1426382824878849,1555200.000000,2
1426382824879265,1555200.000000,3
1426382824879578,1555200.000000,4
1426382824879786,1555200.000000,5
1426382824947911,1785600.000000,0
1426382824948380,1785600.000000,1
1426382824948692,1785600.000000,2
1426382824949109,1785600.000000,3
1426382824949474,1785600.000000,4
1426382824949786,1785600.000000,5
1426382832859317,960000.000000,0
1426382832859734,960000.000000,1
1426382832860047,960000.000000,2
1426382832860359,960000.000000,3
1426382832860672,960000.000000,4
1426382832860984,960000.000000,5
1426382841863067,1152000.000000,0
1426382841863797,1152000.000000,1
1426382841864317,1152000.000000,2
1426382841864942,1152000.000000,3
1426382841865567,1152000.000000,4
1426382841866192,1152000.000000,5
1426382842217078,960000.000000,0
1426382842217755,960000.000000,1
1426382842218380,960000.000000,2
1426382842220255,960000.000000,3
1426382842221036,960000.000000,4
1426382842221817,960000.000000,5
1426382848892755,1152000.000000,0
1426382848893536,1152000.000000,1
1426382848894265,1152000.000000,2
1426382848894942,1152000.000000,3
1426382848895724,1152000.000000,4
1426382848896349,1152000.000000,5
1426382868425567,556800.000000,0
1426382868426974,556800.000000,1
1426382868428224,556800.000000,2
1426382868429474,556800.000000,3
1426382868430724,556800.000000,4
1426382868432130,556800.000000,5
1426382896882442,748800.000000,0
1426382896883849,748800.000000,1
1426382896884786,748800.000000,2
1426382896885880,748800.000000,3
1426382896886922,748800.000000,4
1426382896887911,748800.000000,5
1426382912873380,1363200.000000,0
1426382912874161,1363200.000000,1
1426382912874890,1363200.000000,2
1426382912875672,1363200.000000,3
1426382912876349,1363200.000000,4
1426382912877130,1363200.000000,5
1426382926844786,1152000.000000,0
1426382926845411,1152000.000000,1
1426382926845880,1152000.000000,2
1426382926846453,1152000.000000,3
1426382926846974,1152000.000000,4
1426382926847599,1152000.000000,5
1426382941730255,1555200.000000,0
1426382941730880,1555200.000000,1
1426382941731349,1555200.000000,2
1426382941731817,1555200.000000,3
1426382941732286,1555200.000000,4
1426382941732859,1555200.000000,5
1426382942571817,1152000.000000,0
1426382942572130,1152000.000000,1
1426382942572599,1152000.000000,2
1426382942572911,1152000.000000,3
1426382942573328,1152000.000000,4
1426382942573640,1152000.000000,5
1426382943617130,556800.000000,0
1426382943617703,556800.000000,1
1426382943618224,556800.000000,2
1426382943618797,556800.000000,3
1426382943619265,556800.000000,4
1426382943619734,556800.000000,5
1426382973578172,748800.000000,0
1426382973579265,748800.000000,1
1426382973580203,748800.000000,2
1426382973581192,748800.000000,3
1426382973582234,748800.000000,4
1426382973583224,748800.000000,5
1426382974985255,556800.000000,0
1426382974986974,556800.000000,1
1426382974988328,556800.000000,2
1426382974989578,556800.000000,3
1426382974990880,556800.000000,4
1426382974992078,556800.000000,5
1426382981211817,960000.000000,0
1426382981213015,960000.000000,1
1426382981213953,960000.000000,2
1426382981214890,960000.000000,3
1426382981215984,960000.000000,4
1426382981216974,960000.000000,5
1426383008864474,1363200.000000,0
1426383008865359,1363200.000000,1
1426383008865880,1363200.000000,2
1426383008866453,1363200.000000,3
1426383008866974,1363200.000000,4
1426383008867599,1363200.000000,5
1426383022816140,556800.000000,0
1426383022816765,556800.000000,1
1426383022817911,556800.000000,2
1426383022819265,556800.000000,3
1426383022820567,556800.000000,4
1426383022821817,556800.000000,5
1426383076588692,748800.000000,0
1426383076589942,748800.000000,1
1426383076590984,748800.000000,2
1426383076592078,748800.000000,3
1426383076593067,748800.000000,4
1426383076594109,748800.000000,5
1426383103277599,556800.000000,0
1426383103279005,556800.000000,1
1426383103280359,556800.000000,2
1426383103281609,556800.000000,3
1426383103282755,556800.000000,4
1426383103284109,556800.000000,5
1426383103340724,1363200.000000,0
1426383103342078,1363200.000000,1
1426383103343328,1363200.000000,2
1426383103344578,1363200.000000,3
1426383103345828,1363200.000000,4
1426383103346974,1363200.000000,5
1426383119626974,1152000.000000,0
1426383119627546,1152000.000000,1
1426383119628067,1152000.000000,2
1426383119628536,1152000.000000,3
1426383119629109,1152000.000000,4
1426383119629630,1152000.000000,5
1426383136916349,1555200.000000,0
1426383136917130,1555200.000000,1
1426383136917599,1555200.000000,2
1426383136918171,1555200.000000,3
1426383136918640,1555200.000000,4
1426383136919109,1555200.000000,5
1426383164841192,1996800.000000,0
1426383164841505,1996800.000000,1
1426383164841974,1996800.000000,2
1426383164842286,1996800.000000,3
1426383164842703,1996800.000000,4
1426383164843067,1996800.000000,5
1426383166775880,2227200.000000,0
1426383166776140,2227200.000000,1
1426383166776349,2227200.000000,2
1426383166776661,2227200.000000,3
1426383166776974,2227200.000000,4
1426383166777234,2227200.000000,5
1426383167624161,1996800.000000,0
1426383167624317,1996800.000000,1
1426383167624630,1996800.000000,2
1426383167624890,1996800.000000,3
1426383167625099,1996800.000000,4
1426383167625411,1996800.000000,5
1426383174825984,1555200.000000,0
1426383174826349,1555200.000000,1
1426383174826661,1555200.000000,2
1426383174826921,1555200.000000,3
1426383174827234,1555200.000000,4
1426383174827546,1555200.000000,5
1426383174982546,1996800.000000,0
1426383174982911,1996800.000000,1
1426383174983380,1996800.000000,2
1426383174983692,1996800.000000,3
1426383174984109,1996800.000000,4
1426383174984474,1996800.000000,5
1426383175220567,1555200.000000,0
1426383175220880,1555200.000000,1
1426383175221192,1555200.000000,2
1426383175221505,1555200.000000,3
1426383175221765,1555200.000000,4
1426383175222078,1555200.000000,5
1426383175511505,1996800.000000,0
1426383175511921,1996800.000000,1
1426383175512286,1996800.000000,2
1426383175512599,1996800.000000,3
1426383175513015,1996800.000000,4
1426383175513380,1996800.000000,5
1426383182886817,1555200.000000,0
1426383182887130,1555200.000000,1
1426383182887442,1555200.000000,2
1426383182887755,1555200.000000,3
1426383182888067,1555200.000000,4
1426383182888484,1555200.000000,5
1426383200850724,1996800.000000,0
1426383200851192,1996800.000000,1
1426383200851661,1996800.000000,2
1426383200852130,1996800.000000,3
1426383200852599,1996800.000000,4
1426383200853067,1996800.000000,5
1426383216889317,1152000.000000,0
1426383216889786,1152000.000000,1
1426383216890046,1152000.000000,2
1426383216890255,1152000.000000,3
1426383216890567,1152000.000000,4
1426383216890880,1152000.000000,5
1426383230005724,1555200.000000,0
1426383230006453,1555200.000000,1
1426383230006974,1555200.000000,2
1426383230007599,1555200.000000,3
1426383230008224,1555200.000000,4
1426383230008849,1555200.000000,5
1426383230248380,1152000.000000,0
1426383230248849,1152000.000000,1
1426383230249265,1152000.000000,2
1426383230249630,1152000.000000,3
1426383230249942,1152000.000000,4
1426383230250359,1152000.000000,5
1426383230954005,748800.000000,0
1426383230954734,748800.000000,1
1426383230955255,748800.000000,2
1426383230956036,748800.000000,3
1426383230956921,748800.000000,4
1426383230957911,748800.000000,5
1426383248873849,556800.000000,0
1426383248875411,556800.000000,1
1426383248876661,556800.000000,2
1426383248878067,556800.000000,3
1426383248879317,556800.000000,4
1426383248880567,556800.000000,5
1426383295737286,748800.000000,0
1426383295738848,748800.000000,1
1426383295740098,748800.000000,2
1426383295741348,748800.000000,3
1426383295742703,748800.000000,4
1426383295744005,748800.000000,5
1426383312867911,1363200.000000,0
1426383312869005,1363200.000000,1
1426383312869786,1363200.000000,2
1426383312870515,1363200.000000,3
1426383312871192,1363200.000000,4
1426383312871973,1363200.000000,5
1426383326732755,1555200.000000,0
1426383326733328,1555200.000000,1
1426383326733848,1555200.000000,2
1426383326734421,1555200.000000,3
1426383326734942,1555200.000000,4
1426383326735411,1555200.000000,5
1426383327377234,2227200.000000,0
1426383327377598,2227200.000000,1
1426383327377911,2227200.000000,2
1426383327378328,2227200.000000,3
1426383327378692,2227200.000000,4
1426383327379005,2227200.000000,5
1426383327453223,1555200.000000,0
1426383327453484,1555200.000000,1
1426383327453692,1555200.000000,2
1426383327454005,1555200.000000,3
1426383327454265,1555200.000000,4
1426383327454473,1555200.000000,5
1426383327614109,1785600.000000,0
1426383327614473,1785600.000000,1
1426383327614786,1785600.000000,2
1426383327615203,1785600.000000,3
1426383327615515,1785600.000000,4
1426383327615880,1785600.000000,5
1426383327641192,1555200.000000,0
1426383327641609,1555200.000000,1
1426383327641973,1555200.000000,2
1426383327642286,1555200.000000,3
1426383327642598,1555200.000000,4
1426383327642911,1555200.000000,5
1426383327651140,1785600.000000,0
1426383327651453,1785600.000000,1
1426383327651765,1785600.000000,2
1426383327651973,1785600.000000,3
1426383327652286,1785600.000000,4
1426383327652598,1785600.000000,5
1426383344959005,748800.000000,0
1426383344959786,748800.000000,1
1426383344960567,748800.000000,2
1426383344961348,748800.000000,3
1426383344962130,748800.000000,4
1426383344962911,748800.000000,5
1426383361028067,556800.000000,0
1426383361029578,556800.000000,1
1426383361030723,556800.000000,2
1426383361031973,556800.000000,3
1426383361033223,556800.000000,4
1426383361037442,556800.000000,5
1426383379947130,748800.000000,0
1426383379948536,748800.000000,1
1426383379949942,748800.000000,2
1426383379951192,748800.000000,3
1426383379952390,748800.000000,4
1426383379953692,748800.000000,5
1426383381082703,1152000.000000,0
1426383381083796,1152000.000000,1
1426383381084630,1152000.000000,2
1426383381085567,1152000.000000,3
1426383381086505,1152000.000000,4
1426383381087442,1152000.000000,5
1426383390921348,960000.000000,0
1426383390921817,960000.000000,1
1426383390922390,960000.000000,2
1426383390922911,960000.000000,3
1426383390923484,960000.000000,4
1426383390924005,960000.000000,5
1426383407577911,1363200.000000,0
1426383407578536,1363200.000000,1
1426383407579161,1363200.000000,2
1426383407579786,1363200.000000,3
1426383407580411,1363200.000000,4
1426383407581036,1363200.000000,5
1426383424850515,1152000.000000,0
1426383424851192,1152000.000000,1
1426383424851817,1152000.000000,2
1426383424852442,1152000.000000,3
1426383424853067,1152000.000000,4
1426383424853692,1152000.000000,5
1426383438770984,556800.000000,0
1426383438772442,556800.000000,1
1426383438773796,556800.000000,2
1426383438775098,556800.000000,3
1426383438776348,556800.000000,4
1426383438777598,556800.000000,5
1426383472872546,1363200.000000,0
1426383472873692,1363200.000000,1
1426383472874630,1363200.000000,2
1426383472875567,1363200.000000,3
1426383472878223,1363200.000000,4
1426383472879265,1363200.000000,5
1426383488859109,1555200.000000,0
1426383488859734,1555200.000000,1
1426383488860203,1555200.000000,2
1426383488860567,1555200.000000,3
1426383488860984,1555200.000000,4
1426383488861348,1555200.000000,5
1426383497847598,1785600.000000,0
1426383497847911,1785600.000000,1
1426383497848328,1785600.000000,2
1426383497848796,1785600.000000,3
1426383497849161,1785600.000000,4
1426383497849473,1785600.000000,5
1426383501515723,1996800.000000,0
1426383501516140,1996800.000000,1
1426383501516453,1996800.000000,2
1426383501516817,1996800.000000,3
1426383501517078,1996800.000000,4
1426383501517390,1996800.000000,5
1426383503478536,2227200.000000,0
1426383503478848,2227200.000000,1
1426383503479109,2227200.000000,2
1426383503479421,2227200.000000,3
1426383503479630,2227200.000000,4
1426383503479942,2227200.000000,5
1426383520889421,748800.000000,0
1426383520889734,748800.000000,1
1426383520889942,748800.000000,2
1426383520890203,748800.000000,3
1426383520890411,748800.000000,4
1426383520890723,748800.000000,5
1426383549079109,556800.000000,0
1426383549080567,556800.000000,1
1426383549081817,556800.000000,2
1426383549083171,556800.000000,3
1426383549084317,556800.000000,4
1426383549085723,556800.000000,5
1426383555460255,748800.000000,0
1426383555461661,748800.000000,1
1426383555463067,748800.000000,2
1426383555464473,748800.000000,3
1426383555465723,748800.000000,4
1426383555466973,748800.000000,5
1426383555664630,556800.000000,0
1426383555665723,556800.000000,1
1426383555666973,556800.000000,2
1426383555668380,556800.000000,3
1426383555669630,556800.000000,4
1426383555671036,556800.000000,5
1426383555755411,748800.000000,0
1426383555756661,748800.000000,1
1426383555758171,748800.000000,2
1426383555759473,748800.000000,3
1426383555760723,748800.000000,4
1426383555762078,748800.000000,5
1426383564403223,1555200.000000,0
1426383564404161,1555200.000000,1
1426383564405203,1555200.000000,2
1426383564406192,1555200.000000,3
1426383564407130,1555200.000000,4
1426383564408067,1555200.000000,5
1426383564523223,748800.000000,0
1426383564523640,748800.000000,1
1426383564524005,748800.000000,2
1426383564524317,748800.000000,3
1426383564524734,748800.000000,4
1426383564525046,748800.000000,5
1426383568904734,556800.000000,0
1426383568905671,556800.000000,1
1426383568906921,556800.000000,2
1426383568908223,556800.000000,3
1426383568909578,556800.000000,4
1426383568910723,556800.000000,5
1426383599350828,1363200.000000,0
1426383599352286,1363200.000000,1
1426383599353536,1363200.000000,2
1426383599354786,1363200.000000,3
1426383599356140,1363200.000000,4
1426383599357286,1363200.000000,5
1426383614789786,1555200.000000,0
1426383614790255,1555200.000000,1
1426383614790723,1555200.000000,2
1426383614791036,1555200.000000,3
1426383614791505,1555200.000000,4
1426383614791921,1555200.000000,5
1426383614815359,1785600.000000,0
1426383614815880,1785600.000000,1
1426383614816348,1785600.000000,2
1426383614816765,1785600.000000,3
1426383614817234,1785600.000000,4
1426383614817703,1785600.000000,5
1426383632401817,1363200.000000,0
1426383632402234,1363200.000000,1
1426383632402598,1363200.000000,2
1426383632403015,1363200.000000,3
1426383632403380,1363200.000000,4
1426383632403848,1363200.000000,5
1426383646786609,556800.000000,0
1426383646787234,556800.000000,1
1426383646787755,556800.000000,2
1426383646788484,556800.000000,3
1426383646789786,556800.000000,4
1426383646791036,556800.000000,5
1426383655997755,748800.000000,0
1426383655999005,748800.000000,1
1426383656000098,748800.000000,2
1426383656001140,748800.000000,3
1426383656002130,748800.000000,4
1426383656003171,748800.000000,5
1426383664124317,556800.000000,0
1426383664125255,556800.000000,1
1426383664126140,556800.000000,2
1426383664127234,556800.000000,3
1426383664128328,556800.000000,4
1426383664129317,556800.000000,5
1426383695108848,748800.000000,0
1426383695110255,748800.000000,1
1426383695111661,748800.000000,2
1426383695113015,748800.000000,3
1426383695114265,748800.000000,4
1426383695115411,748800.000000,5
1426383711316192,1363200.000000,0
1426383711317078,1363200.000000,1
1426383711317859,1363200.000000,2
1426383711318536,1363200.000000,3
1426383711319317,1363200.000000,4
1426383711320098,1363200.000000,5
1426383728956505,748800.000000,0
1426383728957130,748800.000000,1
1426383728957911,748800.000000,2
1426383728958848,748800.000000,3
1426383728959942,748800.000000,4
1426383728960984,748800.000000,5
1426383747359161,556800.000000,0
1426383747360723,556800.000000,1
1426383747361973,556800.000000,2
1426383747363380,556800.000000,3
1426383747364630,556800.000000,4
1426383747365880,556800.000000,5
1426383753838067,748800.000000,0
1426383753839317,748800.000000,1
1426383753840255,748800.000000,2
1426383753841348,748800.000000,3
1426383753842390,748800.000000,4
1426383753843380,748800.000000,5
1426383758890880,556800.000000,0
1426383758891973,556800.000000,1
1426383758892911,556800.000000,2
1426383758893952,556800.000000,3
1426383758894942,556800.000000,4
1426383758895984,556800.000000,5
1426383792874890,1363200.000000,0
1426383792876192,1363200.000000,1
1426383792877130,1363200.000000,2
1426383792878171,1363200.000000,3
1426383792879161,1363200.000000,4
1426383792880202,1363200.000000,5
1426383808097286,1785600.000000,0
1426383808097911,1785600.000000,1
1426383808098484,1785600.000000,2
1426383808099109,1785600.000000,3
1426383808099630,1785600.000000,4
1426383808100202,1785600.000000,5
1426383824928692,748800.000000,0
1426383824929109,748800.000000,1
1426383824929421,748800.000000,2
1426383824929734,748800.000000,3
1426383824930098,748800.000000,4
1426383824930567,748800.000000,5
1426383850349265,556800.000000,0
1426383850350723,556800.000000,1
1426383850351973,556800.000000,2
1426383850353171,556800.000000,3
1426383850354473,556800.000000,4
1426383850355723,556800.000000,5
1426383870923223,748800.000000,0
1426383870924630,748800.000000,1
1426383870925984,748800.000000,2
1426383870927234,748800.000000,3
1426383870928536,748800.000000,4
1426383870929786,748800.000000,5
1426383888877911,556800.000000,0
1426383888879421,556800.000000,1
1426383888880411,556800.000000,2
1426383888881348,556800.000000,3
1426383888882442,556800.000000,4
1426383888883484,556800.000000,5
1426383902793796,1363200.000000,0
1426383902795359,1363200.000000,1
1426383902796609,1363200.000000,2
1426383902797859,1363200.000000,3
1426383902799005,1363200.000000,4
1426383902800255,1363200.000000,5
1426383936317286,556800.000000,0
1426383936318848,556800.000000,1
1426383936320046,556800.000000,2
1426383936321296,556800.000000,3
1426383936322442,556800.000000,4
1426383936323796,556800.000000,5
1426383956621348,748800.000000,0
1426383956622911,748800.000000,1
1426383956624109,748800.000000,2
1426383956625411,748800.000000,3
1426383956626661,748800.000000,4
1426383956627859,748800.000000,5
1426383958641296,556800.000000,0
1426383958642286,556800.000000,1
1426383958643379,556800.000000,2
1426383958644317,556800.000000,3
1426383958645411,556800.000000,4
1426383958646348,556800.000000,5
1426383958706348,748800.000000,0
1426383958707598,748800.000000,1
1426383958709004,748800.000000,2
1426383958710254,748800.000000,3
1426383958711504,748800.000000,4
1426383958712754,748800.000000,5
1426383959064942,556800.000000,0
1426383959065671,556800.000000,1
1426383959066609,556800.000000,2
1426383959067286,556800.000000,3
1426383959068379,556800.000000,4
1426383959069473,556800.000000,5
1426383960916661,748800.000000,0
1426383960919577,748800.000000,1
1426383960920879,748800.000000,2
1426383960922077,748800.000000,3
1426383960923379,748800.000000,4
1426383960924629,748800.000000,5
1426383964885411,556800.000000,0
1426383964886765,556800.000000,1
1426383964887911,556800.000000,2
1426383964889161,556800.000000,3
1426383964890567,556800.000000,4
1426383964891817,556800.000000,5
1426383966350567,748800.000000,0
1426383966351817,748800.000000,1
1426383966353171,748800.000000,2
1426383966354473,748800.000000,3
1426383966355723,748800.000000,4
1426383966356973,748800.000000,5
1426383981373015,1363200.000000,0
1426383981373848,1363200.000000,1
1426383981374629,1363200.000000,2
1426383981375411,1363200.000000,3
1426383981376192,1363200.000000,4
1426383981376973,1363200.000000,5
1426383984933171,556800.000000,0
1426383984933640,556800.000000,1
1426383984934004,556800.000000,2
1426383984934473,556800.000000,3
1426383984934942,556800.000000,4
1426383984935411,556800.000000,5
1426384000934109,1363200.000000,0
1426384000935359,1363200.000000,1
1426384000936348,1363200.000000,2
1426384000937442,1363200.000000,3
1426384000938379,1363200.000000,4
1426384000939421,1363200.000000,5
1426384013810411,1555200.000000,0
1426384013810723,1555200.000000,1
1426384013811192,1555200.000000,2
1426384013811661,1555200.000000,3
1426384013811973,1555200.000000,4
1426384013812442,1555200.000000,5
1426384051359473,556800.000000,0
1426384051359942,556800.000000,1
1426384051360254,556800.000000,2
1426384051360827,556800.000000,3
1426384051361817,556800.000000,4
1426384051362859,556800.000000,5
1426384059686921,748800.000000,0
1426384059688015,748800.000000,1
1426384059689004,748800.000000,2
1426384059690098,748800.000000,3
1426384059691036,748800.000000,4
1426384059692129,748800.000000,5
1426384064870254,556800.000000,0
1426384064871036,556800.000000,1
1426384064871817,556800.000000,2
1426384064872754,556800.000000,3
1426384064873848,556800.000000,4
1426384064874786,556800.000000,5
1426384080879421,1363200.000000,0
1426384080880515,1363200.000000,1
1426384080881452,1363200.000000,2
1426384080882546,1363200.000000,3
1426384080883536,1363200.000000,4
1426384080884473,1363200.000000,5
1426384081068536,1555200.000000,0
1426384081068952,1555200.000000,1
1426384081069317,1555200.000000,2
1426384081069786,1555200.000000,3
1426384081070202,1555200.000000,4
1426384081070567,1555200.000000,5
1426384094876661,1785600.000000,0
1426384094877077,1785600.000000,1
1426384094877442,1785600.000000,2
1426384094877754,1785600.000000,3
1426384094878067,1785600.000000,4
1426384094878484,1785600.000000,5
1426384103110254,1555200.000000,0
1426384103110671,1555200.000000,1
1426384103110984,1555200.000000,2
1426384103111296,1555200.000000,3
1426384103111609,1555200.000000,4
1426384103111921,1555200.000000,5
1426384104055359,1785600.000000,0
1426384104055723,1785600.000000,1
1426384104056192,1785600.000000,2
1426384104056504,1785600.000000,3
1426384104056973,1785600.000000,4
1426384104057286,1785600.000000,5
1426384112895879,1363200.000000,0
1426384112896348,1363200.000000,1
1426384112896661,1363200.000000,2
1426384112896973,1363200.000000,3
1426384112897286,1363200.000000,4
1426384112897598,1363200.000000,5
1426384137300411,556800.000000,0
1426384137301817,556800.000000,1
1426384137303067,556800.000000,2
1426384137304317,556800.000000,3
1426384137305723,556800.000000,4
1426384137307077,556800.000000,5
1426384181723067,960000.000000,0
1426384181724317,960000.000000,1
1426384181725359,960000.000000,2
1426384181726348,960000.000000,3
1426384181727286,960000.000000,4
1426384181728327,960000.000000,5
1426384192901661,748800.000000,0
1426384192902286,748800.000000,1
1426384192902911,748800.000000,2
1426384192903692,748800.000000,3
1426384192904421,748800.000000,4
1426384192905202,748800.000000,5
1426384206801452,1363200.000000,0
1426384206802598,1363200.000000,1
1426384206803640,1363200.000000,2
1426384206804577,1363200.000000,3
1426384206805515,1363200.000000,4
1426384206806452,1363200.000000,5
1426384224921192,1555200.000000,0
1426384224921765,1555200.000000,1
1426384224922234,1555200.000000,2
1426384224922598,1555200.000000,3
1426384224923067,1555200.000000,4
1426384224923536,1555200.000000,5
1426384241894004,1996800.000000,0
1426384241894421,1996800.000000,1
1426384241894786,1996800.000000,2
1426384241895202,1996800.000000,3
1426384241895567,1996800.000000,4
1426384241895879,1996800.000000,5
1426384254798692,748800.000000,0
1426384254799109,748800.000000,1
1426384254799317,748800.000000,2
1426384254799629,748800.000000,3
1426384254799942,748800.000000,4
1426384254800202,748800.000000,5
1426384270881973,556800.000000,0
1426384270883536,556800.000000,1
1426384270884734,556800.000000,2
1426384270886036,556800.000000,3
1426384270887390,556800.000000,4
1426384270888692,556800.000000,5
1426384303614786,1363200.000000,0
1426384303616192,1363200.000000,1
1426384303617598,1363200.000000,2
1426384303619004,1363200.000000,3
1426384303620254,1363200.000000,4
1426384303621609,1363200.000000,5
1426384317205984,1555200.000000,0
1426384317206504,1555200.000000,1
1426384317206921,1555200.000000,2
1426384317207286,1555200.000000,3
1426384317207754,1555200.000000,4
1426384317208067,1555200.000000,5
1426384338276609,556800.000000,0
1426384338278067,556800.000000,1
1426384338279473,556800.000000,2
1426384338280723,556800.000000,3
1426384338281921,556800.000000,4
1426384338283067,556800.000000,5
1426384361725411,748800.000000,0
1426384361726973,748800.000000,1
1426384361728223,748800.000000,2
1426384361729629,748800.000000,3
1426384361730879,748800.000000,4
1426384361732129,748800.000000,5
1426384368423796,556800.000000,0
1426384368424786,556800.000000,1
1426384368425879,556800.000000,2
1426384368427129,556800.000000,3
1426384368428484,556800.000000,4
1426384368429734,556800.000000,5
1426384381455254,1555200.000000,0
1426384381456504,1555200.000000,1
1426384381457546,1555200.000000,2
1426384381458536,1555200.000000,3
1426384381459629,1555200.000000,4
1426384381460567,1555200.000000,5
1426384384897286,748800.000000,0
1426384384897754,748800.000000,1
1426384384898067,748800.000000,2
1426384384898379,748800.000000,3
1426384384898796,748800.000000,4
1426384384899161,748800.000000,5
1426384399943067,1363200.000000,0
1426384399944004,1363200.000000,1
1426384399944942,1363200.000000,2
1426384399945879,1363200.000000,3
1426384399946817,1363200.000000,4
1426384399947858,1363200.000000,5
1426384416860827,1555200.000000,0
1426384416861504,1555200.000000,1
1426384416861921,1555200.000000,2
1426384416862390,1555200.000000,3
1426384416862754,1555200.000000,4
1426384416863223,1555200.000000,5
1426384423181348,1785600.000000,0
1426384423181661,1785600.000000,1
1426384423182077,1785600.000000,2
1426384423182546,1785600.000000,3
1426384423182911,1785600.000000,4
1426384423183223,1785600.000000,5
1426384423265983,1555200.000000,0
1426384423266296,1555200.000000,1
1426384423266608,1555200.000000,2
1426384423266921,1555200.000000,3
1426384423267233,1555200.000000,4
1426384423267442,1555200.000000,5
1426384423450879,1785600.000000,0
1426384423451192,1785600.000000,1
1426384423451608,1785600.000000,2
1426384423451973,1785600.000000,3
1426384423452286,1785600.000000,4
1426384423452598,1785600.000000,5
1426384427320879,1555200.000000,0
1426384427321348,1555200.000000,1
1426384427321661,1555200.000000,2
1426384427322077,1555200.000000,3
1426384427322442,1555200.000000,4
1426384427322911,1555200.000000,5
1426384427379108,1785600.000000,0
1426384427379577,1785600.000000,1
1426384427380046,1785600.000000,2
1426384427380515,1785600.000000,3
1426384427380879,1785600.000000,4
1426384427381348,1785600.000000,5
1426384431109265,1555200.000000,0
1426384431109629,1555200.000000,1
1426384431109942,1555200.000000,2
1426384431110254,1555200.000000,3
1426384431110567,1555200.000000,4
1426384431110879,1555200.000000,5
1426384451041244,556800.000000,0
1426384451041869,556800.000000,1
1426384451042338,556800.000000,2
1426384451042806,556800.000000,3
1426384451043275,556800.000000,4
1426384451043744,556800.000000,5
1426384481601192,1363200.000000,0
1426384481602754,1363200.000000,1
1426384481604161,1363200.000000,2
1426384481605411,1363200.000000,3
1426384481606817,1363200.000000,4
1426384481608067,1363200.000000,5
1426384486445515,1555200.000000,0
1426384486446036,1555200.000000,1
1426384486446504,1555200.000000,2
1426384486447129,1555200.000000,3
1426384486447598,1555200.000000,4
1426384486448067,1555200.000000,5
1426384488838379,1363200.000000,0
1426384488838796,1363200.000000,1
1426384488839161,1363200.000000,2
1426384488839629,1363200.000000,3
1426384488840098,1363200.000000,4
1426384488840567,1363200.000000,5
1426384496845254,1555200.000000,0
1426384496845723,1555200.000000,1
1426384496846140,1555200.000000,2
1426384496846504,1555200.000000,3
1426384496846973,1555200.000000,4
1426384496847390,1555200.000000,5
1426384512843015,1363200.000000,0
1426384512843483,1363200.000000,1
1426384512843952,1363200.000000,2
1426384512844317,1363200.000000,3
1426384512844786,1363200.000000,4
1426384512845254,1363200.000000,5
1426384526882598,556800.000000,0
1426384526883223,556800.000000,1
1426384526883796,556800.000000,2
1426384526884942,556800.000000,3
1426384526886140,556800.000000,4
1426384526887442,556800.000000,5
1426384542171973,748800.000000,0
1426384542173379,748800.000000,1
1426384542174629,748800.000000,2
1426384542175879,748800.000000,3
1426384542177233,748800.000000,4
1426384542178483,748800.000000,5
1426384542772390,556800.000000,0
1426384542773223,556800.000000,1
1426384542774421,556800.000000,2
1426384542775515,556800.000000,3
1426384542776608,556800.000000,4
1426384542777754,556800.000000,5
1426384560910515,1363200.000000,0
1426384560911973,1363200.000000,1
1426384560913379,1363200.000000,2
1426384560914629,1363200.000000,3
1426384560917286,1363200.000000,4
1426384560918536,1363200.000000,5
1426384575441140,1152000.000000,0
1426384575441608,1152000.000000,1
1426384575441973,1152000.000000,2
1426384575442442,1152000.000000,3
1426384575442911,1152000.000000,4
1426384575443379,1152000.000000,5
1426384581277858,1363200.000000,0
1426384581278379,1363200.000000,1
1426384581278848,1363200.000000,2
1426384581279317,1363200.000000,3
1426384581279890,1363200.000000,4
1426384581280358,1363200.000000,5
1426384592928067,1152000.000000,0
1426384592928640,1152000.000000,1
1426384592929108,1152000.000000,2
1426384592929577,1152000.000000,3
1426384592930046,1152000.000000,4
1426384592930515,1152000.000000,5
1426384606813796,1555200.000000,0
1426384606814317,1555200.000000,1
1426384606814785,1555200.000000,2
1426384606815254,1555200.000000,3
1426384606815723,1555200.000000,4
1426384606816140,1555200.000000,5
1426384624261452,556800.000000,0
1426384624262858,556800.000000,1
1426384624264160,556800.000000,2
1426384624265410,556800.000000,3
1426384624266608,556800.000000,4
1426384624267910,556800.000000,5
1426384644062129,1152000.000000,0
1426384644063379,1152000.000000,1
1426384644064317,1152000.000000,2
1426384644065567,1152000.000000,3
1426384644066504,1152000.000000,4
1426384644067546,1152000.000000,5
1426384644347754,556800.000000,0
1426384644348483,556800.000000,1
1426384644349108,556800.000000,2
1426384644350098,556800.000000,3
1426384644351192,556800.000000,4
1426384644352129,556800.000000,5
1426384704885567,1363200.000000,0
1426384704886817,1363200.000000,1
1426384704887754,1363200.000000,2
1426384704888848,1363200.000000,3
1426384704889785,1363200.000000,4
1426384704890827,1363200.000000,5
1426384718172910,1555200.000000,0
1426384718173379,1555200.000000,1
1426384718173848,1555200.000000,2
1426384718174317,1555200.000000,3
1426384718174629,1555200.000000,4
1426384718175098,1555200.000000,5
1426384718292754,1363200.000000,0
1426384718293327,1363200.000000,1
1426384718293692,1363200.000000,2
1426384718294265,1363200.000000,3
1426384718294629,1363200.000000,4
1426384718295098,1363200.000000,5
1426384718854108,1555200.000000,0
1426384718854629,1555200.000000,1
1426384718855098,1555200.000000,2
1426384718855671,1555200.000000,3
1426384718856192,1555200.000000,4
1426384718856660,1555200.000000,5
1426384734858327,748800.000000,0
1426384734858796,748800.000000,1
1426384734859317,748800.000000,2
1426384734859733,748800.000000,3
1426384734860254,748800.000000,4
1426384734860983,748800.000000,5
1426384756788067,556800.000000,0
1426384756789317,556800.000000,1
1426384756790358,556800.000000,2
1426384756791296,556800.000000,3
1426384756792285,556800.000000,4
1426384756793327,556800.000000,5
1426384781000515,1555200.000000,0
1426384781001817,1555200.000000,1
1426384781002858,1555200.000000,2
1426384781003848,1555200.000000,3
1426384781004890,1555200.000000,4
1426384781005879,1555200.000000,5
1426384782769785,556800.000000,0
1426384782770254,556800.000000,1
1426384782770723,556800.000000,2
1426384782771035,556800.000000,3
1426384782771452,556800.000000,4
1426384782772233,556800.000000,5
1426384791976817,1555200.000000,0
1426384791977910,1555200.000000,1
1426384791979004,1555200.000000,2
1426384791979942,1555200.000000,3
1426384791980983,1555200.000000,4
1426384791981973,1555200.000000,5
1426384792104473,556800.000000,0
1426384792104942,556800.000000,1
1426384792105410,556800.000000,2
1426384792105879,556800.000000,3
1426384792106608,556800.000000,4
1426384792107754,556800.000000,5
1426384800922390,1363200.000000,0
1426384800923848,1363200.000000,1
1426384800925098,1363200.000000,2
1426384800926452,1363200.000000,3
1426384800927754,1363200.000000,4
1426384800929160,1363200.000000,5
1426384814068848,1555200.000000,0
1426384814069317,1555200.000000,1
1426384814069733,1555200.000000,2
1426384814070202,1555200.000000,3
1426384814070567,1555200.000000,4
1426384814070983,1555200.000000,5
1426384831596348,556800.000000,0
1426384831596765,556800.000000,1
1426384831597129,556800.000000,2
1426384831597442,556800.000000,3
1426384831597858,556800.000000,4
1426384831598379,556800.000000,5
1426384847782233,1363200.000000,0
1426384847783692,1363200.000000,1
1426384847784785,1363200.000000,2
1426384847785879,1363200.000000,3
1426384847786921,1363200.000000,4
1426384847788015,1363200.000000,5
1426384857068535,1785600.000000,0
1426384857069108,1785600.000000,1
1426384857069577,1785600.000000,2
1426384857069942,1785600.000000,3
1426384857070410,1785600.000000,4
1426384857070827,1785600.000000,5
1426384857577390,1555200.000000,0
1426384857577754,1555200.000000,1
1426384857578171,1555200.000000,2
1426384857578535,1555200.000000,3
1426384857579004,1555200.000000,4
1426384857579421,1555200.000000,5
1426384864303692,1785600.000000,0
1426384864304160,1785600.000000,1
1426384864304473,1785600.000000,2
1426384864304890,1785600.000000,3
1426384864305254,1785600.000000,4
1426384864305723,1785600.000000,5
1426384864407702,1555200.000000,0
1426384864408067,1555200.000000,1
1426384864408379,1555200.000000,2
1426384864408692,1555200.000000,3
1426384864409004,1555200.000000,4
1426384864409317,1555200.000000,5
1426384864456348,1785600.000000,0
1426384864456921,1785600.000000,1
1426384864457285,1785600.000000,2
1426384864457754,1785600.000000,3
1426384864458223,1785600.000000,4
1426384864458692,1785600.000000,5
1426384864525098,1555200.000000,0
1426384864525567,1555200.000000,1
1426384864525983,1555200.000000,2
1426384864526348,1555200.000000,3
1426384864526817,1555200.000000,4
1426384864527233,1555200.000000,5
1426384881019317,1996800.000000,0
1426384881019733,1996800.000000,1
1426384881020098,1996800.000000,2
1426384881020410,1996800.000000,3
1426384881020879,1996800.000000,4
1426384881021192,1996800.000000,5
1426384881465046,1555200.000000,0
1426384881465358,1555200.000000,1
1426384881465671,1555200.000000,2
1426384881465879,1555200.000000,3
1426384881466192,1555200.000000,4
1426384881466504,1555200.000000,5
1426384884481973,1996800.000000,0
1426384884482390,1996800.000000,1
1426384884482754,1996800.000000,2
1426384884483223,1996800.000000,3
1426384884483535,1996800.000000,4
1426384884483848,1996800.000000,5
1426384896846140,2227200.000000,0
1426384896846660,2227200.000000,1
1426384896846973,2227200.000000,2
1426384896847285,2227200.000000,3
1426384896847702,2227200.000000,4
1426384896848067,2227200.000000,5
1426384900614733,1555200.000000,0
1426384900615098,1555200.000000,1
1426384900615358,1555200.000000,2
1426384900615723,1555200.000000,3
1426384900616035,1555200.000000,4
1426384900616348,1555200.000000,5
1426384900888640,2227200.000000,0
1426384900889004,2227200.000000,1
1426384900889421,2227200.000000,2
1426384900889785,2227200.000000,3
1426384900890098,2227200.000000,4
1426384900890515,2227200.000000,5
1426384912290254,960000.000000,0
1426384912290567,960000.000000,1
1426384912290879,960000.000000,2
1426384912291296,960000.000000,3
1426384912291608,960000.000000,4
1426384912291921,960000.000000,5
1426384926980515,556800.000000,0
1426384926981192,556800.000000,1
1426384926982285,556800.000000,2
1426384926983223,556800.000000,3
1426384926984265,556800.000000,4
1426384926985254,556800.000000,5
1426384930443223,748800.000000,0
1426384930444473,748800.000000,1
1426384930445410,748800.000000,2
1426384930446452,748800.000000,3
1426384930447598,748800.000000,4
1426384930448640,748800.000000,5
1426384930602129,556800.000000,0
1426384930602910,556800.000000,1
1426384930603640,556800.000000,2
1426384930604473,556800.000000,3
1426384930605567,556800.000000,4
1426384930606504,556800.000000,5
1426384981383848,748800.000000,0
1426384981385358,748800.000000,1
1426384981386660,748800.000000,2
1426384981387910,748800.000000,3
1426384981389265,748800.000000,4
1426384981390567,748800.000000,5
1426385007028535,1363200.000000,0
1426385007029785,1363200.000000,1
1426385007030567,1363200.000000,2
1426385007031348,1363200.000000,3
1426385007032233,1363200.000000,4
1426385007032910,1363200.000000,5
1426385024560983,1555200.000000,0
1426385024561452,1555200.000000,1
1426385024561817,1555200.000000,2
1426385024562285,1555200.000000,3
1426385024562598,1555200.000000,4
1426385024563067,1555200.000000,5
1426385024814942,1785600.000000,0
1426385024815410,1785600.000000,1
1426385024815723,1785600.000000,2
1426385024816140,1785600.000000,3
1426385024816504,1785600.000000,4
1426385024816817,1785600.000000,5
1426385030450567,1555200.000000,0
1426385030450879,1555200.000000,1
1426385030451192,1555200.000000,2
1426385030451608,1555200.000000,3
1426385030451973,1555200.000000,4
1426385030452285,1555200.000000,5
1426385032865827,1785600.000000,0
1426385032866192,1785600.000000,1
1426385032866504,1785600.000000,2
1426385032866921,1785600.000000,3
1426385032867285,1785600.000000,4
1426385032867598,1785600.000000,5
1426385040931139,1152000.000000,0
1426385040931504,1152000.000000,1
1426385040931817,1152000.000000,2
1426385040932129,1152000.000000,3
1426385040932442,1152000.000000,4
1426385040932858,1152000.000000,5
1426385061677442,556800.000000,0
1426385061678223,556800.000000,1
1426385061678848,556800.000000,2
1426385061679421,556800.000000,3
1426385061680046,556800.000000,4
1426385061680567,556800.000000,5
1426385081267389,1152000.000000,0
1426385081268535,1152000.000000,1
1426385081269473,1152000.000000,2
1426385081270410,1152000.000000,3
1426385081271504,1152000.000000,4
1426385081272442,1152000.000000,5
1426385086793952,556800.000000,0
1426385086795723,556800.000000,1
1426385086796764,556800.000000,2
1426385086797754,556800.000000,3
1426385086798692,556800.000000,4
1426385086799629,556800.000000,5
1426385103332285,1363200.000000,0
1426385103333639,1363200.000000,1
1426385103334942,1363200.000000,2
1426385103336192,1363200.000000,3
1426385103337442,1363200.000000,4
1426385103338692,1363200.000000,5
1426385120857129,1555200.000000,0
1426385120857598,1555200.000000,1
1426385120858171,1555200.000000,2
1426385120858692,1555200.000000,3
1426385120859264,1555200.000000,4
1426385120859733,1555200.000000,5
1426385135633848,748800.000000,0
1426385135634264,748800.000000,1
1426385135634629,748800.000000,2
1426385135634942,748800.000000,3
1426385135635358,748800.000000,4
1426385135635723,748800.000000,5
1426385136205046,556800.000000,0
1426385136205879,556800.000000,1
1426385136206608,556800.000000,2
1426385136207546,556800.000000,3
1426385136208639,556800.000000,4
1426385136209733,556800.000000,5
1426385151638535,748800.000000,0
1426385151639629,748800.000000,1
1426385151640567,748800.000000,2
1426385151641660,748800.000000,3
1426385151642702,748800.000000,4
1426385151643692,748800.000000,5
1426385164847442,960000.000000,0
1426385164848692,960000.000000,1
1426385164849785,960000.000000,2
1426385164850723,960000.000000,3
1426385164851817,960000.000000,4
1426385164852858,960000.000000,5
1426385168893014,1363200.000000,0
1426385168893848,1363200.000000,1
1426385168894629,1363200.000000,2
1426385168895410,1363200.000000,3
1426385168896035,1363200.000000,4
1426385168896817,1363200.000000,5
1426385181335723,1555200.000000,0
1426385181336192,1555200.000000,1
1426385181336660,1555200.000000,2
1426385181337077,1555200.000000,3
1426385181337442,1555200.000000,4
1426385181337754,1555200.000000,5
1426385187541973,1785600.000000,0
1426385187542442,1785600.000000,1
1426385187542858,1785600.000000,2
1426385187543327,1785600.000000,3
1426385187543848,1785600.000000,4
1426385187544317,1785600.000000,5
1426385187618692,1555200.000000,0
1426385187619108,1555200.000000,1
1426385187619473,1555200.000000,2
1426385187619942,1555200.000000,3
1426385187620254,1555200.000000,4
1426385187620723,1555200.000000,5
1426385187737598,1785600.000000,0
1426385187738067,1785600.000000,1
1426385187738483,1785600.000000,2
1426385187738796,1785600.000000,3
1426385187739160,1785600.000000,4
1426385187739473,1785600.000000,5
1426385193101504,1555200.000000,0
1426385193101973,1555200.000000,1
1426385193102389,1555200.000000,2
1426385193102858,1555200.000000,3
1426385193103223,1555200.000000,4
1426385193103692,1555200.000000,5
1426385193109785,1785600.000000,0
1426385193110202,1785600.000000,1
1426385193110567,1785600.000000,2
1426385193110983,1785600.000000,3
1426385193111348,1785600.000000,4
1426385193111660,1785600.000000,5
1426385200873379,2227200.000000,0
1426385200874004,2227200.000000,1
1426385200874421,2227200.000000,2
1426385200874733,2227200.000000,3
1426385200875098,2227200.000000,4
1426385200875410,2227200.000000,5
1426385216940879,556800.000000,0
1426385216941192,556800.000000,1
1426385216941452,556800.000000,2
1426385216941660,556800.000000,3
1426385216941973,556800.000000,4
1426385216942129,556800.000000,5
1426385239035567,748800.000000,0
1426385239036973,748800.000000,1
1426385239038327,748800.000000,2
1426385239039577,748800.000000,3
1426385239040879,748800.000000,4
1426385239042129,748800.000000,5
1426385240644160,556800.000000,0
1426385240645514,556800.000000,1
1426385240646452,556800.000000,2
1426385240647546,556800.000000,3
1426385240648535,556800.000000,4
1426385240649473,556800.000000,5
1426385240799942,748800.000000,0
1426385240800983,748800.000000,1
1426385240801973,748800.000000,2
1426385240802910,748800.000000,3
1426385240804004,748800.000000,4
1426385240805098,748800.000000,5
1426385243872910,556800.000000,0
1426385243874160,556800.000000,1
1426385243875202,556800.000000,2
1426385243876139,556800.000000,3
1426385243877129,556800.000000,4
1426385243878067,556800.000000,5
1426385255484316,748800.000000,0
1426385255485514,748800.000000,1
1426385255486660,748800.000000,2
1426385255487598,748800.000000,3
1426385255488639,748800.000000,4
1426385255489629,748800.000000,5
1426385256678327,556800.000000,0
1426385256679160,556800.000000,1
1426385256679889,556800.000000,2
1426385256680723,556800.000000,3
1426385256681504,556800.000000,4
1426385256682233,556800.000000,5
1426385293284941,748800.000000,0
1426385293286348,748800.000000,1
1426385293287598,748800.000000,2
1426385293288952,748800.000000,3
1426385293290098,748800.000000,4
1426385293291452,748800.000000,5
1426385312878379,1363200.000000,0
1426385312879629,1363200.000000,1
1426385312880410,1363200.000000,2
1426385312881139,1363200.000000,3
1426385312881816,1363200.000000,4
1426385312882598,1363200.000000,5
1426385328859733,1555200.000000,0
1426385328860254,1555200.000000,1
1426385328860723,1555200.000000,2
1426385328861035,1555200.000000,3
1426385328861504,1555200.000000,4
1426385328861921,1555200.000000,5
1426385350505514,2227200.000000,0
1426385350505879,2227200.000000,1
1426385350506296,2227200.000000,2
1426385350506660,2227200.000000,3
1426385350506973,2227200.000000,4
1426385350507285,2227200.000000,5
1426385350567598,1555200.000000,0
1426385350567910,1555200.000000,1
1426385350568171,1555200.000000,2
1426385350568379,1555200.000000,3
1426385350568691,1555200.000000,4
1426385350568952,1555200.000000,5
1426385350741764,1996800.000000,0
1426385350742129,1996800.000000,1
1426385350742441,1996800.000000,2
1426385350742754,1996800.000000,3
1426385350743171,1996800.000000,4
1426385350744785,1996800.000000,5
1426385354305254,1555200.000000,0
1426385354305671,1555200.000000,1
1426385354305983,1555200.000000,2
1426385354306191,1555200.000000,3
1426385354306504,1555200.000000,4
1426385354306816,1555200.000000,5
1426385354368691,1996800.000000,0
1426385354369108,1996800.000000,1
1426385354369473,1996800.000000,2
1426385354369889,1996800.000000,3
1426385354370254,1996800.000000,4
1426385354370566,1996800.000000,5
1426385354380410,1555200.000000,0
1426385354381035,1555200.000000,1
1426385354381504,1555200.000000,2
1426385354381973,1555200.000000,3
1426385354384421,1555200.000000,4
1426385354384889,1555200.000000,5
1426385354399421,1996800.000000,0
1426385354399889,1996800.000000,1
1426385354400358,1996800.000000,2
1426385354400827,1996800.000000,3
1426385354401191,1996800.000000,4
1426385354401660,1996800.000000,5
1426385358870410,1555200.000000,0
1426385358870723,1555200.000000,1
1426385358871035,1555200.000000,2
1426385358871348,1555200.000000,3
1426385358871608,1555200.000000,4
1426385358871816,1555200.000000,5
1426385381635098,960000.000000,0
1426385381635514,960000.000000,1
1426385381635879,960000.000000,2
1426385381636296,960000.000000,3
1426385381636816,960000.000000,4
1426385381637441,960000.000000,5
1426385391567598,748800.000000,0
1426385391568535,748800.000000,1
1426385391569473,748800.000000,2
1426385391570410,748800.000000,3
1426385391571348,748800.000000,4
1426385391572285,748800.000000,5
1426385406912858,1363200.000000,0
1426385406913796,1363200.000000,1
1426385406914473,1363200.000000,2
1426385406915254,1363200.000000,3
1426385406916035,1363200.000000,4
1426385406916764,1363200.000000,5
1426385411842858,1555200.000000,0
1426385411843379,1555200.000000,1
1426385411843952,1555200.000000,2
1426385411844473,1555200.000000,3
1426385411844941,1555200.000000,4
1426385411845410,1555200.000000,5
1426385412841191,1363200.000000,0
1426385412841660,1363200.000000,1
1426385412842129,1363200.000000,2
1426385412842598,1363200.000000,3
1426385412843066,1363200.000000,4
1426385412843535,1363200.000000,5
1426385423403223,960000.000000,0
1426385423403952,960000.000000,1
1426385423404629,960000.000000,2
1426385423405358,960000.000000,3
1426385423406035,960000.000000,4
1426385423406764,960000.000000,5
1426385439518171,556800.000000,0
1426385439519629,556800.000000,1
1426385439520827,556800.000000,2
1426385439521973,556800.000000,3
1426385439523223,556800.000000,4
1426385439524473,556800.000000,5
1426385456431660,748800.000000,0
1426385456433066,748800.000000,1
1426385456434160,748800.000000,2
1426385456435514,748800.000000,3
1426385456436660,748800.000000,4
1426385456438171,748800.000000,5
1426385467565983,556800.000000,0
1426385467567233,556800.000000,1
1426385467568171,556800.000000,2
1426385467569160,556800.000000,3
1426385467570202,556800.000000,4
1426385467571191,556800.000000,5
1426385472878691,748800.000000,0
1426385472879785,748800.000000,1
1426385472880879,748800.000000,2
1426385472881816,748800.000000,3
1426385472882858,748800.000000,4
1426385472883848,748800.000000,5
1426385481158327,960000.000000,0
1426385481159264,960000.000000,1
1426385481159941,960000.000000,2
1426385481160723,960000.000000,3
1426385481161504,960000.000000,4
1426385481162233,960000.000000,5
1426385488862598,1363200.000000,0
1426385488863483,1363200.000000,1
1426385488864108,1363200.000000,2
1426385488864629,1363200.000000,3
1426385488865254,1363200.000000,4
1426385488865879,1363200.000000,5
1426385503071035,1785600.000000,0
1426385503071504,1785600.000000,1
1426385503072077,1785600.000000,2
1426385503072598,1785600.000000,3
1426385503073066,1785600.000000,4
1426385503073639,1785600.000000,5
1426385520933066,748800.000000,0
1426385520933483,748800.000000,1
1426385520933796,748800.000000,2
1426385520934264,748800.000000,3
1426385520935046,748800.000000,4
1426385520935723,748800.000000,5
1426385543955410,556800.000000,0
1426385543956921,556800.000000,1
1426385543958223,556800.000000,2
1426385543959421,556800.000000,3
1426385543960723,556800.000000,4
1426385543961973,556800.000000,5
1426385557232754,748800.000000,0
1426385557233796,748800.000000,1
1426385557234889,748800.000000,2
1426385557235879,748800.000000,3
1426385557236973,748800.000000,4
1426385557238014,748800.000000,5
1426385567873796,960000.000000,0
1426385567874629,960000.000000,1
1426385567875358,960000.000000,2
1426385567876035,960000.000000,3
1426385567876921,960000.000000,4
1426385567877598,960000.000000,5
1426385568986660,748800.000000,0
1426385568987389,748800.000000,1
1426385568988066,748800.000000,2
1426385568988848,748800.000000,3
1426385568989629,748800.000000,4
1426385568990358,748800.000000,5
1426385582766921,556800.000000,0
1426385582768483,556800.000000,1
1426385582769785,556800.000000,2
1426385582771035,556800.000000,3
1426385582772285,556800.000000,4
1426385582773535,556800.000000,5
1426385600935879,1363200.000000,0
1426385600937598,1363200.000000,1
1426385600938535,1363200.000000,2
1426385600939629,1363200.000000,3
1426385600940566,1363200.000000,4
1426385600941660,1363200.000000,5
1426385615612285,1555200.000000,0
1426385615612754,1555200.000000,1
1426385615613171,1555200.000000,2
1426385615613535,1555200.000000,3
1426385615613952,1555200.000000,4
1426385615614316,1555200.000000,5
1426385615638535,1785600.000000,0
1426385615638952,1785600.000000,1
1426385615639316,1785600.000000,2
1426385615639629,1785600.000000,3
1426385615640046,1785600.000000,4
1426385615640410,1785600.000000,5
1426385619811191,1555200.000000,0
1426385619811660,1555200.000000,1
1426385619811973,1555200.000000,2
1426385619812285,1555200.000000,3
1426385619812598,1555200.000000,4
1426385619812910,1555200.000000,5
1426385632962129,748800.000000,0
1426385632962702,748800.000000,1
1426385632963223,748800.000000,2
1426385632964108,748800.000000,3
1426385632965098,748800.000000,4
1426385632966035,748800.000000,5
1426385646776608,556800.000000,0
1426385646778066,556800.000000,1
1426385646779316,556800.000000,2
1426385646780723,556800.000000,3
1426385646781973,556800.000000,4
1426385646783223,556800.000000,5
1426385696876660,748800.000000,0
1426385696878066,748800.000000,1
1426385696879160,748800.000000,2
1426385696880098,748800.000000,3
1426385696881191,748800.000000,4
1426385696882233,748800.000000,5
1426385710770827,1363200.000000,0
1426385710771660,1363200.000000,1
1426385710772441,1363200.000000,2
1426385710773066,1363200.000000,3
1426385710773848,1363200.000000,4
1426385710774577,1363200.000000,5
1426385728927858,960000.000000,0
1426385728928535,960000.000000,1
1426385728929264,960000.000000,2
1426385728930045,960000.000000,3
1426385728930723,960000.000000,4
1426385728931504,960000.000000,5
1426385745287077,556800.000000,0
1426385745288535,556800.000000,1
1426385745289785,556800.000000,2
1426385745291035,556800.000000,3
1426385745292285,556800.000000,4
1426385745293535,556800.000000,5
1426385758481504,748800.000000,0
1426385758482598,748800.000000,1
1426385758483691,748800.000000,2
1426385758484733,748800.000000,3
1426385758485723,748800.000000,4
1426385758486660,748800.000000,5
1426385759588066,556800.000000,0
1426385759589004,556800.000000,1
1426385759589785,556800.000000,2
1426385759590566,556800.000000,3
1426385759591660,556800.000000,4
1426385759592702,556800.000000,5
1426385781753535,960000.000000,0
1426385781754785,960000.000000,1
1426385781755723,960000.000000,2
1426385781756764,960000.000000,3
1426385781757858,960000.000000,4
1426385781758848,960000.000000,5
1426385792873952,1363200.000000,0
1426385792874629,1363200.000000,1
1426385792875202,1363200.000000,2
1426385792875827,1363200.000000,3
1426385792876348,1363200.000000,4
1426385792876973,1363200.000000,5
1426385806792285,1785600.000000,0
1426385806792858,1785600.000000,1
1426385806793223,1785600.000000,2
1426385806793691,1785600.000000,3
1426385806794108,1785600.000000,4
1426385806794473,1785600.000000,5
1426385808707389,1555200.000000,0
1426385808707702,1555200.000000,1
1426385808708066,1555200.000000,2
1426385808708379,1555200.000000,3
1426385808708691,1555200.000000,4
1426385808709004,1555200.000000,5
1426385808778170,1785600.000000,0
1426385808778535,1785600.000000,1
1426385808779004,1785600.000000,2
1426385808779316,1785600.000000,3
1426385808779629,1785600.000000,4
1426385808780045,1785600.000000,5
1426385822746348,748800.000000,0
1426385822746816,748800.000000,1
1426385822747129,748800.000000,2
1426385822747441,748800.000000,3
1426385822747754,748800.000000,4
1426385822748066,748800.000000,5
1426385854843639,556800.000000,0
1426385854845202,556800.000000,1
1426385854846504,556800.000000,2
1426385854847858,556800.000000,3
1426385854849108,556800.000000,4
1426385854850358,556800.000000,5
1426385864626504,748800.000000,0
1426385864627754,748800.000000,1
1426385864628691,748800.000000,2
1426385864629785,748800.000000,3
1426385864630723,748800.000000,4
1426385864631660,748800.000000,5
1426385865449473,556800.000000,0
1426385865450879,556800.000000,1
1426385865452129,556800.000000,2
1426385865453379,556800.000000,3
1426385865454785,556800.000000,4
1426385865456139,556800.000000,5
1426385865575098,748800.000000,0
1426385865576191,748800.000000,1
1426385865577233,748800.000000,2
1426385865578223,748800.000000,3
1426385865579160,748800.000000,4
1426385865580098,748800.000000,5
1426385872093952,556800.000000,0
1426385872094941,556800.000000,1
1426385872096035,556800.000000,2
1426385872096973,556800.000000,3
1426385872098066,556800.000000,4
1426385872099004,556800.000000,5
1426385872436764,1152000.000000,0
1426385872438014,1152000.000000,1
1426385872439264,1152000.000000,2
1426385872440514,1152000.000000,3
1426385872441816,1152000.000000,4
1426385872443066,1152000.000000,5
1426385872586191,556800.000000,0
1426385872586816,556800.000000,1
1426385872587285,556800.000000,2
1426385872587754,556800.000000,3
1426385872588223,556800.000000,4
1426385872588848,556800.000000,5
1426385881771973,748800.000000,0
1426385881773170,748800.000000,1
1426385881774160,748800.000000,2
1426385881775098,748800.000000,3
1426385881776139,748800.000000,4
1426385881777077,748800.000000,5
1426385904213535,1363200.000000,0
1426385904214473,1363200.000000,1
1426385904215254,1363200.000000,2
1426385904216035,1363200.000000,3
1426385904216764,1363200.000000,4
1426385904217545,1363200.000000,5
1426385916924108,1555200.000000,0
1426385916924629,1555200.000000,1
1426385916924941,1555200.000000,2
1426385916925410,1555200.000000,3
1426385916925827,1555200.000000,4
1426385916926191,1555200.000000,5
1426385939344472,2227200.000000,0
1426385939344889,2227200.000000,1
1426385939345358,2227200.000000,2
1426385939345722,2227200.000000,3
1426385939346035,2227200.000000,4
1426385939346452,2227200.000000,5
1426385939407389,1555200.000000,0
1426385939407597,1555200.000000,1
1426385939407910,1555200.000000,2
1426385939408170,1555200.000000,3
1426385939408379,1555200.000000,4
1426385939408691,1555200.000000,5
1426385939575202,1996800.000000,0
1426385939575879,1996800.000000,1
1426385939576295,1996800.000000,2
1426385939576660,1996800.000000,3
1426385939576972,1996800.000000,4
1426385939577389,1996800.000000,5
1426385939644160,1555200.000000,0
1426385939644472,1555200.000000,1
1426385939644785,1555200.000000,2
1426385939645097,1555200.000000,3
1426385939645410,1555200.000000,4
1426385939645722,1555200.000000,5
1426385939796972,1996800.000000,0
1426385939797441,1996800.000000,1
1426385939797754,1996800.000000,2
1426385939798170,1996800.000000,3
1426385939798535,1996800.000000,4
1426385939798847,1996800.000000,5
1426385951386191,748800.000000,0
1426385951386504,748800.000000,1
1426385951386816,748800.000000,2
1426385951387077,748800.000000,3
1426385951387389,748800.000000,4
1426385951387702,748800.000000,5
1426385968212597,556800.000000,0
1426385968214108,556800.000000,1
1426385968215202,556800.000000,2
1426385968216295,556800.000000,3
1426385968217285,556800.000000,4
1426385968218327,556800.000000,5
1426385981341504,1555200.000000,0
1426385981342702,1555200.000000,1
1426385981343691,1555200.000000,2
1426385981344785,1555200.000000,3
1426385981345722,1555200.000000,4
1426385981346764,1555200.000000,5
1426385984931035,556800.000000,0
1426385984931452,556800.000000,1
1426385984931816,556800.000000,2
1426385984932129,556800.000000,3
1426385984932545,556800.000000,4
1426385984933066,556800.000000,5
1426386000929577,1363200.000000,0
1426386000931347,1363200.000000,1
1426386000932285,1363200.000000,2
1426386000933379,1363200.000000,3
1426386000934472,1363200.000000,4
1426386000935410,1363200.000000,5
1426386014744577,1785600.000000,0
1426386014744941,1785600.000000,1
1426386014745410,1785600.000000,2
1426386014745827,1785600.000000,3
1426386014746191,1785600.000000,4
1426386014746660,1785600.000000,5
1426386033521660,556800.000000,0
1426386033522129,556800.000000,1
1426386033522545,556800.000000,2
1426386033522910,556800.000000,3
1426386033523327,556800.000000,4
1426386033524160,556800.000000,5
1426386074630879,748800.000000,0
1426386074632389,748800.000000,1
1426386074633639,748800.000000,2
1426386074634941,748800.000000,3
1426386074636191,748800.000000,4
1426386074637441,748800.000000,5
1426386096926191,1363200.000000,0
1426386096927077,1363200.000000,1
1426386096927754,1363200.000000,2
1426386096928639,1363200.000000,3
1426386096929316,1363200.000000,4
1426386096930097,1363200.000000,5
1426386111698847,1555200.000000,0
1426386111699316,1555200.000000,1
1426386111699785,1555200.000000,2
1426386111700254,1555200.000000,3
1426386111700566,1555200.000000,4
1426386111701035,1555200.000000,5
1426386111725514,1785600.000000,0
1426386111725879,1785600.000000,1
1426386111726347,1785600.000000,2
1426386111726764,1785600.000000,3
1426386111727129,1785600.000000,4
1426386111727597,1785600.000000,5
1426386127023535,1555200.000000,0
1426386127023952,1555200.000000,1
1426386127024316,1555200.000000,2
1426386127024629,1555200.000000,3
1426386127024889,1555200.000000,4
1426386127025254,1555200.000000,5
1426386143495410,556800.000000,0
1426386143496191,556800.000000,1
1426386143497389,556800.000000,2
1426386143498691,556800.000000,3
1426386143499941,556800.000000,4
1426386143501191,556800.000000,5
1426386173737285,748800.000000,0
1426386173738639,748800.000000,1
1426386173739889,748800.000000,2
1426386173741191,748800.000000,3
1426386173742597,748800.000000,4
1426386173743795,748800.000000,5
1426386176025827,556800.000000,0
1426386176026816,556800.000000,1
1426386176027858,556800.000000,2
1426386176028847,556800.000000,3
1426386176029785,556800.000000,4
1426386176030879,556800.000000,5
1426386189506608,1555200.000000,0
1426386189508066,1555200.000000,1
1426386189509472,1555200.000000,2
1426386189510722,1555200.000000,3
1426386189512077,1555200.000000,4
1426386189513327,1555200.000000,5
1426386189662754,556800.000000,0
1426386189663222,556800.000000,1
1426386189663639,556800.000000,2
1426386189664004,556800.000000,3
1426386189664472,556800.000000,4
1426386189665254,556800.000000,5
1426386190024004,748800.000000,0
1426386190025097,748800.000000,1
1426386190026191,748800.000000,2
1426386190027285,748800.000000,3
1426386190028327,748800.000000,4
1426386190029316,748800.000000,5
1426386208503222,1363200.000000,0
1426386208504160,1363200.000000,1
1426386208504941,1363200.000000,2
1426386208507129,1363200.000000,3
1426386208507858,1363200.000000,4
1426386208508535,1363200.000000,5
1426386216842441,1555200.000000,0
1426386216842910,1555200.000000,1
1426386216843379,1555200.000000,2
1426386216843691,1555200.000000,3
1426386216844160,1555200.000000,4
1426386216844629,1555200.000000,5
1426386223271660,1152000.000000,0
1426386223272233,1152000.000000,1
1426386223272702,1152000.000000,2
1426386223273170,1152000.000000,3
1426386223273795,1152000.000000,4
1426386223274316,1152000.000000,5
1426386240865566,748800.000000,0
1426386240866139,748800.000000,1
1426386240866764,748800.000000,2
1426386240867441,748800.000000,3
1426386240868222,748800.000000,4
1426386240869004,748800.000000,5
1426386256866139,1363200.000000,0
1426386256866816,1363200.000000,1
1426386256867597,1363200.000000,2
1426386256868379,1363200.000000,3
1426386256869160,1363200.000000,4
1426386256869941,1363200.000000,5
1426386272866972,748800.000000,0
1426386272867441,748800.000000,1
1426386272867910,748800.000000,2
1426386272868379,748800.000000,3
1426386272869108,748800.000000,4
1426386272869889,748800.000000,5
1426386281938066,1152000.000000,0
1426386281939004,1152000.000000,1
1426386281939785,1152000.000000,2
1426386281940566,1152000.000000,3
1426386281941347,1152000.000000,4
1426386281942129,1152000.000000,5
1426386286766139,556800.000000,0
1426386286766660,556800.000000,1
1426386286767129,556800.000000,2
1426386286767702,556800.000000,3
1426386286768691,556800.000000,4
1426386286769629,556800.000000,5
1426386304889889,1363200.000000,0
1426386304891608,1363200.000000,1
1426386304892754,1363200.000000,2
1426386304894160,1363200.000000,3
1426386304895566,1363200.000000,4
1426386304896816,1363200.000000,5
1426386320847858,1555200.000000,0
1426386320848483,1555200.000000,1
1426386320849004,1555200.000000,2
1426386320849472,1555200.000000,3
1426386320849941,1555200.000000,4
1426386320850514,1555200.000000,5
1426386336864316,556800.000000,0
1426386336864785,556800.000000,1
1426386336865254,556800.000000,2
1426386336866035,556800.000000,3
1426386336867233,556800.000000,4
1426386336868483,556800.000000,5
1426386381793691,1363200.000000,0
1426386381795097,1363200.000000,1
1426386381796451,1363200.000000,2
1426386381797701,1363200.000000,3
1426386381798847,1363200.000000,4
1426386381800045,1363200.000000,5
1426386383171347,556800.000000,0
1426386383171816,556800.000000,1
1426386383172285,556800.000000,2
1426386383172701,556800.000000,3
1426386383173066,556800.000000,4
1426386383173795,556800.000000,5
1426386398863847,1363200.000000,0
1426386398864941,1363200.000000,1
1426386398865879,1363200.000000,2
1426386398866920,1363200.000000,3
1426386398867910,1363200.000000,4
1426386398868951,1363200.000000,5
1426386412079420,1555200.000000,0
1426386412079941,1555200.000000,1
1426386412080254,1555200.000000,2
1426386412080722,1555200.000000,3
1426386412081139,1555200.000000,4
1426386412081504,1555200.000000,5
1426386412913379,1363200.000000,0
1426386412913795,1363200.000000,1
1426386412914108,1363200.000000,2
1426386412914472,1363200.000000,3
1426386412914785,1363200.000000,4
1426386412915201,1363200.000000,5
1426386415243691,1785600.000000,0
1426386415244160,1785600.000000,1
1426386415244629,1785600.000000,2
1426386415245045,1785600.000000,3
1426386415245514,1785600.000000,4
1426386415245879,1785600.000000,5
1426386425312858,1555200.000000,0
1426386425313222,1555200.000000,1
1426386425313535,1555200.000000,2
1426386425313847,1555200.000000,3
1426386425315097,1555200.000000,4
1426386425315410,1555200.000000,5
1426386426531191,1785600.000000,0
1426386426531504,1785600.000000,1
1426386426531920,1785600.000000,2
1426386426532285,1785600.000000,3
1426386426532597,1785600.000000,4
1426386426533014,1785600.000000,5
1426386430333379,1555200.000000,0
1426386430333691,1555200.000000,1
1426386430334004,1555200.000000,2
1426386430334316,1555200.000000,3
1426386430334629,1555200.000000,4
1426386430334941,1555200.000000,5
1426386430503639,1785600.000000,0
1426386430504004,1785600.000000,1
1426386430504316,1785600.000000,2
1426386430504733,1785600.000000,3
1426386430505097,1785600.000000,4
1426386430505410,1785600.000000,5
1426386430873379,748800.000000,0
1426386430873795,748800.000000,1
1426386430874004,748800.000000,2
1426386430874420,748800.000000,3
1426386430874733,748800.000000,4
1426386430875097,748800.000000,5
1426386449027545,556800.000000,0
1426386449029004,556800.000000,1
1426386449030201,556800.000000,2
1426386449031504,556800.000000,3
1426386449032701,556800.000000,4
1426386449033951,556800.000000,5
1426386481292597,1785600.000000,0
1426386481293691,1785600.000000,1
1426386481294733,1785600.000000,2
1426386481295826,1785600.000000,3
1426386481296920,1785600.000000,4
1426386481297910,1785600.000000,5
1426386486924160,556800.000000,0
1426386486924785,556800.000000,1
1426386486925254,556800.000000,2
1426386486926191,556800.000000,3
1426386486927129,556800.000000,4
1426386486928170,556800.000000,5
1426386496889941,1152000.000000,0
1426386496891035,1152000.000000,1
1426386496892129,1152000.000000,2
1426386496893170,1152000.000000,3
1426386496894160,1152000.000000,4
1426386496895201,1152000.000000,5
1426386511611764,1555200.000000,0
1426386511612285,1555200.000000,1
1426386511612754,1555200.000000,2
1426386511613222,1555200.000000,3
1426386511613691,1555200.000000,4
1426386511614160,1555200.000000,5
1426386526760254,556800.000000,0
1426386526760722,556800.000000,1
1426386526761035,556800.000000,2
1426386526761451,556800.000000,3
1426386526761816,556800.000000,4
1426386526762701,556800.000000,5
1426386542802701,748800.000000,0
1426386542803951,748800.000000,1
1426386542804941,748800.000000,2
1426386542805879,748800.000000,3
1426386542806972,748800.000000,4
1426386542808066,748800.000000,5
1426386550030358,1152000.000000,0
1426386550031191,1152000.000000,1
1426386550031972,1152000.000000,2
1426386550032754,1152000.000000,3
1426386550033483,1152000.000000,4
1426386550034264,1152000.000000,5
1426386560853483,1555200.000000,0
1426386560854160,1555200.000000,1
1426386560854733,1555200.000000,2
1426386560855201,1555200.000000,3
1426386560855670,1555200.000000,4
1426386560856139,1555200.000000,5
1426386605124003,1785600.000000,0
1426386605124472,1785600.000000,1
1426386605124785,1785600.000000,2
1426386605125253,1785600.000000,3
1426386605125566,1785600.000000,4
1426386605125983,1785600.000000,5
1426386615279420,1555200.000000,0
1426386615279785,1555200.000000,1
1426386615280201,1555200.000000,2
1426386615281816,1555200.000000,3
1426386615282128,1555200.000000,4
1426386615282545,1555200.000000,5
1426386620848014,1785600.000000,0
1426386620848535,1785600.000000,1
1426386620849003,1785600.000000,2
1426386620849472,1785600.000000,3
1426386620849941,1785600.000000,4
1426386620850410,1785600.000000,5
1426386620863639,1996800.000000,0
1426386620864003,1996800.000000,1
1426386620864472,1996800.000000,2
1426386620864941,1996800.000000,3
1426386620865410,1996800.000000,4
1426386620865878,1996800.000000,5
1426386621718847,1785600.000000,0
1426386621719160,1785600.000000,1
1426386621719420,1785600.000000,2
1426386621719733,1785600.000000,3
1426386621719941,1785600.000000,4
1426386621720253,1785600.000000,5
1426386622742076,1363200.000000,0
1426386622742389,1363200.000000,1
1426386622742753,1363200.000000,2
1426386622743066,1363200.000000,3
1426386622743378,1363200.000000,4
1426386622743691,1363200.000000,5
1426386638766191,1152000.000000,0
1426386638766660,1152000.000000,1
1426386638767128,1152000.000000,2
1426386638767597,1152000.000000,3
1426386638768066,1152000.000000,4
1426386638768535,1152000.000000,5
1426386657120878,556800.000000,0
1426386657122389,556800.000000,1
1426386657123639,556800.000000,2
1426386657124889,556800.000000,3
1426386657126139,556800.000000,4
1426386657127389,556800.000000,5
1426386681575253,1785600.000000,0
1426386681576503,1785600.000000,1
1426386681577545,1785600.000000,2
1426386681578535,1785600.000000,3
1426386681579576,1785600.000000,4
1426386681580566,1785600.000000,5
1426386684914628,1996800.000000,0
1426386684914941,1996800.000000,1
1426386684916608,1996800.000000,2
1426386684916972,1996800.000000,3
1426386684917285,1996800.000000,4
1426386684917597,1996800.000000,5
1426386687259108,1152000.000000,0
1426386687259420,1152000.000000,1
1426386687259733,1152000.000000,2
1426386687260045,1152000.000000,3
1426386687260253,1152000.000000,4
1426386687260566,1152000.000000,5
1426386704850097,1785600.000000,0
1426386704850670,1785600.000000,1
1426386704851139,1785600.000000,2
1426386704851660,1785600.000000,3
1426386704852128,1785600.000000,4
1426386704852597,1785600.000000,5
1426386710038326,1555200.000000,0
1426386710038691,1555200.000000,1
1426386710039003,1555200.000000,2
1426386710039316,1555200.000000,3
1426386710039628,1555200.000000,4
1426386710039941,1555200.000000,5
1426386719139264,960000.000000,0
1426386719139733,960000.000000,1
1426386719140253,960000.000000,2
1426386719140983,960000.000000,3
1426386719141764,960000.000000,4
1426386719142441,960000.000000,5
1426386734863326,748800.000000,0
1426386734864160,748800.000000,1
1426386734864941,748800.000000,2
1426386734865670,748800.000000,3
1426386734866347,748800.000000,4
1426386734867128,748800.000000,5
1426386753000878,556800.000000,0
1426386753002389,556800.000000,1
1426386753003639,556800.000000,2
1426386753004941,556800.000000,3
1426386753006295,556800.000000,4
1426386753007597,556800.000000,5
1426386779121347,2400000.000000,0
1426386779122545,2400000.000000,1
1426386779123483,2400000.000000,2
1426386779124472,2400000.000000,3
1426386779125566,2400000.000000,4
1426386779126503,2400000.000000,5
1426386783129941,748800.000000,0
1426386783130253,748800.000000,1
1426386783130566,748800.000000,2
1426386783130878,748800.000000,3
1426386783131295,748800.000000,4
1426386783131816,748800.000000,5
1426386783612597,960000.000000,0
1426386783613483,960000.000000,1
1426386783614264,960000.000000,2
1426386783614941,960000.000000,3
1426386783615722,960000.000000,4
1426386783616503,960000.000000,5
1426386784843378,748800.000000,0
1426386784844003,748800.000000,1
1426386784844472,748800.000000,2
1426386784845097,748800.000000,3
1426386784845878,748800.000000,4
1426386784846660,748800.000000,5
1426386798815410,1363200.000000,0
1426386798816503,1363200.000000,1
1426386798817441,1363200.000000,2
1426386798818535,1363200.000000,3
1426386798819472,1363200.000000,4
1426386798820410,1363200.000000,5
1426386813555878,1555200.000000,0
1426386813556451,1555200.000000,1
1426386813556920,1555200.000000,2
1426386813557285,1555200.000000,3
1426386813557753,1555200.000000,4
1426386813558170,1555200.000000,5
1426386814973014,1785600.000000,0
1426386814973378,1785600.000000,1
1426386814973691,1785600.000000,2
1426386814974108,1785600.000000,3
1426386814974472,1785600.000000,4
1426386814974785,1785600.000000,5
1426386827896972,1555200.000000,0
1426386827897389,1555200.000000,1
1426386827897701,1555200.000000,2
1426386827898014,1555200.000000,3
1426386827898326,1555200.000000,4
1426386827898639,1555200.000000,5
1426386829114472,1785600.000000,0
1426386829114889,1785600.000000,1
1426386829115253,1785600.000000,2
1426386829115670,1785600.000000,3
1426386829116035,1785600.000000,4
1426386829116451,1785600.000000,5
1426386831061295,556800.000000,0
1426386831061660,556800.000000,1
1426386831061972,556800.000000,2
1426386831062233,556800.000000,3
1426386831062597,556800.000000,4
1426386831062910,556800.000000,5
1426386837475410,748800.000000,0
1426386837476503,748800.000000,1
1426386837477753,748800.000000,2
1426386837478847,748800.000000,3
1426386837479889,748800.000000,4
1426386837480878,748800.000000,5
1426386837727910,556800.000000,0
1426386837729420,556800.000000,1
1426386837730722,556800.000000,2
1426386837731972,556800.000000,3
1426386837733326,556800.000000,4
1426386837734628,556800.000000,5
1426386848935097,1363200.000000,0
1426386848936347,1363200.000000,1
1426386848937441,1363200.000000,2
1426386848938378,1363200.000000,3
1426386848939316,1363200.000000,4
1426386848940358,1363200.000000,5
1426386863325201,1555200.000000,0
1426386863325722,1555200.000000,1
1426386863326139,1555200.000000,2
1426386863326503,1555200.000000,3
1426386863326920,1555200.000000,4
1426386863327285,1555200.000000,5
1426386875886920,1785600.000000,0
1426386875887285,1785600.000000,1
1426386875887701,1785600.000000,2
1426386875888066,1785600.000000,3
1426386875888378,1785600.000000,4
1426386875888795,1785600.000000,5
1426386876178326,1555200.000000,0
1426386876178691,1555200.000000,1
1426386876179108,1555200.000000,2
1426386876179420,1555200.000000,3
1426386876179733,1555200.000000,4
1426386876180045,1555200.000000,5
1426386879991660,1785600.000000,0
1426386879992076,1785600.000000,1
1426386879992441,1785600.000000,2
1426386879992858,1785600.000000,3
1426386879993222,1785600.000000,4
1426386879993639,1785600.000000,5
1426386880597701,1555200.000000,0
1426386880598066,1555200.000000,1
1426386880598378,1555200.000000,2
1426386880598691,1555200.000000,3
1426386880599108,1555200.000000,4
1426386880599420,1555200.000000,5
1426386880634003,1785600.000000,0
1426386880634472,1785600.000000,1
1426386880634785,1785600.000000,2
1426386880635201,1785600.000000,3
1426386880635566,1785600.000000,4
1426386880635878,1785600.000000,5
1426386880908535,1555200.000000,0
1426386880909003,1555200.000000,1
1426386880909316,1555200.000000,2
1426386880909785,1555200.000000,3
1426386880910097,1555200.000000,4
1426386880910514,1555200.000000,5
1426386880919785,1785600.000000,0
1426386880920097,1785600.000000,1
1426386880920514,1785600.000000,2
1426386880920878,1785600.000000,3
1426386880921191,1785600.000000,4
1426386880921503,1785600.000000,5
1426386896858951,1996800.000000,0
1426386896859316,1996800.000000,1
1426386896859628,1996800.000000,2
1426386896860045,1996800.000000,3
1426386896860358,1996800.000000,4
1426386896860670,1996800.000000,5
1426386912391191,1363200.000000,0
1426386912391660,1363200.000000,1
1426386912391972,1363200.000000,2
1426386912392285,1363200.000000,3
1426386912392701,1363200.000000,4
1426386912393014,1363200.000000,5
1426386927479316,556800.000000,0
1426386927479941,556800.000000,1
1426386927481035,556800.000000,2
1426386927482285,556800.000000,3
1426386927483535,556800.000000,4
1426386927484785,556800.000000,5
1426386946658170,1555200.000000,0
1426386946659420,1555200.000000,1
1426386946660722,1555200.000000,2
1426386946661972,1555200.000000,3
1426386946663222,1555200.000000,4
1426386946664472,1555200.000000,5
1426386947264472,556800.000000,0
1426386947264889,556800.000000,1
1426386947265253,556800.000000,2
1426386947265566,556800.000000,3
1426386947266035,556800.000000,4
1426386947266608,556800.000000,5
1426386981111920,1152000.000000,0
1426386981113170,1152000.000000,1
1426386981114264,1152000.000000,2
1426386981115253,1152000.000000,3
1426386981116191,1152000.000000,4
1426386981117285,1152000.000000,5
1426386990763326,960000.000000,0
1426386990763847,960000.000000,1
1426386990764316,960000.000000,2
1426386990764889,960000.000000,3
1426386990765410,960000.000000,4
1426386990766035,960000.000000,5
1426387008868847,1555200.000000,0
1426387008869628,1555200.000000,1
1426387008870253,1555200.000000,2
1426387008870878,1555200.000000,3
1426387008871503,1555200.000000,4
1426387008872128,1555200.000000,5
1426387008908795,1785600.000000,0
1426387008909264,1785600.000000,1
1426387008909732,1785600.000000,2
1426387008910097,1785600.000000,3
1426387008910566,1785600.000000,4
1426387008911035,1785600.000000,5
1426387024860097,1555200.000000,0
1426387024860410,1555200.000000,1
1426387024860722,1555200.000000,2
1426387024861035,1555200.000000,3
1426387024861347,1555200.000000,4
1426387024861660,1555200.000000,5
1426387031936816,2227200.000000,0
1426387031937285,2227200.000000,1
1426387031937597,2227200.000000,2
1426387031937910,2227200.000000,3
1426387031938326,2227200.000000,4
1426387031938691,2227200.000000,5
1426387038805097,1363200.000000,0
1426387038805410,1363200.000000,1
1426387038805722,1363200.000000,2
1426387038806035,1363200.000000,3
1426387038806347,1363200.000000,4
1426387038806660,1363200.000000,5
1426387064994785,556800.000000,0
1426387064995514,556800.000000,1
1426387064996660,556800.000000,2
1426387064997910,556800.000000,3
1426387064999160,556800.000000,4
1426387065000410,556800.000000,5
1426387086928691,748800.000000,0
1426387086929785,748800.000000,1
1426387086930722,748800.000000,2
1426387086931816,748800.000000,3
1426387086932753,748800.000000,4
1426387086933847,748800.000000,5
1426387088874941,960000.000000,0
1426387088875826,960000.000000,1
1426387088876503,960000.000000,2
1426387088877285,960000.000000,3
1426387088878066,960000.000000,4
1426387088878847,960000.000000,5
1426387095609472,1363200.000000,0
1426387095610201,1363200.000000,1
1426387095610722,1363200.000000,2
1426387095611347,1363200.000000,3
1426387095611920,1363200.000000,4
1426387095612545,1363200.000000,5
1426387103286660,1555200.000000,0
1426387103287285,1555200.000000,1
1426387103287753,1555200.000000,2
1426387103288326,1555200.000000,3
1426387103288847,1555200.000000,4
1426387103289316,1555200.000000,5
1426387120948535,960000.000000,0
1426387120949264,960000.000000,1
1426387120949941,960000.000000,2
1426387120950722,960000.000000,3
1426387120951503,960000.000000,4
1426387120952128,960000.000000,5
1426387134763482,556800.000000,0
1426387134764732,556800.000000,1
1426387134765722,556800.000000,2
1426387134766660,556800.000000,3
1426387134767701,556800.000000,4
1426387134768691,556800.000000,5
1426387140726191,748800.000000,0
1426387140727441,748800.000000,1
1426387140728378,748800.000000,2
1426387140729420,748800.000000,3
1426387140730410,748800.000000,4
1426387140731347,748800.000000,5
1426387149245253,556800.000000,0
1426387149246347,556800.000000,1
1426387149247545,556800.000000,2
1426387149248535,556800.000000,3
1426387149249576,556800.000000,4
1426387149252232,556800.000000,5
1426387168937753,1363200.000000,0
1426387168938847,1363200.000000,1
1426387168939889,1363200.000000,2
1426387168940878,1363200.000000,3
1426387168941972,1363200.000000,4
1426387168942910,1363200.000000,5
1426387183099785,960000.000000,0
1426387183100410,960000.000000,1
1426387183100878,960000.000000,2
1426387183101347,960000.000000,3
1426387183102128,960000.000000,4
1426387183102753,960000.000000,5
1426387200900201,1363200.000000,0
1426387200901503,1363200.000000,1
1426387200902076,1363200.000000,2
1426387200902597,1363200.000000,3
1426387200903222,1363200.000000,4
1426387200903847,1363200.000000,5
1426387230839628,556800.000000,0
1426387230840097,556800.000000,1
1426387230840566,556800.000000,2
1426387230840982,556800.000000,3
1426387230841503,556800.000000,4
1426387230842545,556800.000000,5
1426387242476607,748800.000000,0
1426387242477753,748800.000000,1
1426387242478691,748800.000000,2
1426387242479732,748800.000000,3
1426387242480722,748800.000000,4
1426387242481764,748800.000000,5
1426387247017857,556800.000000,0
1426387247019264,556800.000000,1
1426387247020566,556800.000000,2
1426387247021920,556800.000000,3
1426387247023170,556800.000000,4
1426387247024472,556800.000000,5
1426387249457389,748800.000000,0
1426387249458378,748800.000000,1
1426387249459472,748800.000000,2
1426387249460670,748800.000000,3
1426387249461764,748800.000000,4
1426387249462753,748800.000000,5
1426387249764003,960000.000000,0
1426387249764889,960000.000000,1
1426387249765566,960000.000000,2
1426387249766347,960000.000000,3
1426387249767128,960000.000000,4
1426387249767909,960000.000000,5
1426387250096347,748800.000000,0
1426387250097128,748800.000000,1
1426387250097857,748800.000000,2
1426387250098795,748800.000000,3
1426387250099628,748800.000000,4
1426387250100722,748800.000000,5
1426387254905045,556800.000000,0
1426387254906295,556800.000000,1
1426387254907545,556800.000000,2
1426387254908847,556800.000000,3
1426387254910097,556800.000000,4
1426387254911451,556800.000000,5
1426387281349941,1363200.000000,0
1426387281351139,1363200.000000,1
1426387281352128,1363200.000000,2
1426387281353222,1363200.000000,3
1426387281354159,1363200.000000,4
1426387281355253,1363200.000000,5
1426387294813847,1555200.000000,0
1426387294814316,1555200.000000,1
1426387294814732,1555200.000000,2
1426387294815097,1555200.000000,3
1426387294815566,1555200.000000,4
1426387294815982,1555200.000000,5
1426387309574264,1996800.000000,0
1426387309574628,1996800.000000,1
1426387309575045,1996800.000000,2
1426387309575409,1996800.000000,3
1426387309575722,1996800.000000,4
1426387309576034,1996800.000000,5
1426387309780253,1555200.000000,0
1426387309780566,1555200.000000,1
1426387309780826,1555200.000000,2
1426387309781139,1555200.000000,3
1426387309781347,1555200.000000,4
1426387309781659,1555200.000000,5
1426387310871034,1996800.000000,0
1426387310871451,1996800.000000,1
1426387310871816,1996800.000000,2
1426387310872128,1996800.000000,3
1426387310872597,1996800.000000,4
1426387310872909,1996800.000000,5
1426387334410253,556800.000000,0
1426387334410722,556800.000000,1
1426387334411034,556800.000000,2
1426387334411972,556800.000000,3
1426387334413170,556800.000000,4
1426387334414420,556800.000000,5
1426387381848014,1363200.000000,0
1426387381849159,1363200.000000,1
1426387381850201,1363200.000000,2
1426387381851191,1363200.000000,3
1426387381852284,1363200.000000,4
1426387381853222,1363200.000000,5
1426387391561347,960000.000000,0
1426387391561816,960000.000000,1
1426387391562232,960000.000000,2
1426387391562857,960000.000000,3
1426387391563378,960000.000000,4
1426387391564003,960000.000000,5
1426387393453534,1555200.000000,0
1426387393454316,1555200.000000,1
1426387393455097,1555200.000000,2
1426387393455878,1555200.000000,3
1426387393456659,1555200.000000,4
1426387393457284,1555200.000000,5
1426387393554628,960000.000000,0
1426387393555097,960000.000000,1
1426387393555409,960000.000000,2
1426387393555826,960000.000000,3
1426387393556191,960000.000000,4
1426387393556503,960000.000000,5
1426387408917545,1363200.000000,0
1426387408918378,1363200.000000,1
1426387408919003,1363200.000000,2
1426387408919628,1363200.000000,3
1426387408920253,1363200.000000,4
1426387408920722,1363200.000000,5
1426387424970566,556800.000000,0
1426387424972128,556800.000000,1
1426387424973326,556800.000000,2
1426387424974576,556800.000000,3
1426387424975878,556800.000000,4
1426387424977284,556800.000000,5
1426387439113014,748800.000000,0
1426387439114576,748800.000000,1
1426387439115722,748800.000000,2
1426387439116972,748800.000000,3
1426387439118222,748800.000000,4
1426387439119472,748800.000000,5
1426387468886295,960000.000000,0
1426387468887284,960000.000000,1
1426387468888222,960000.000000,2
1426387468889159,960000.000000,3
1426387468890045,960000.000000,4
1426387468890878,960000.000000,5
1426387472908378,1363200.000000,0
1426387472908951,1363200.000000,1
1426387472909576,1363200.000000,2
1426387472910097,1363200.000000,3
1426387472910722,1363200.000000,4
1426387472911191,1363200.000000,5
1426387486809628,748800.000000,0
1426387486810253,748800.000000,1
1426387486810722,748800.000000,2
1426387486811503,748800.000000,3
1426387486812441,748800.000000,4
1426387486813378,748800.000000,5
1426387504259784,1363200.000000,0
1426387504260722,1363200.000000,1
1426387504261764,1363200.000000,2
1426387504262753,1363200.000000,3
1426387504263691,1363200.000000,4
1426387504264628,1363200.000000,5
1426387520926659,1152000.000000,0
1426387520927389,1152000.000000,1
1426387520928014,1152000.000000,2
1426387520928639,1152000.000000,3
1426387520929264,1152000.000000,4
1426387520929889,1152000.000000,5
1426387535577753,556800.000000,0
1426387535579159,556800.000000,1
1426387535580409,556800.000000,2
1426387535581816,556800.000000,3
1426387535583222,556800.000000,4
1426387535584472,556800.000000,5
1426387543025045,748800.000000,0
1426387543026451,748800.000000,1
1426387543027753,748800.000000,2
1426387543029003,748800.000000,3
1426387543030357,748800.000000,4
1426387543031607,748800.000000,5
1426387551806764,556800.000000,0
1426387551808222,556800.000000,1
1426387551809264,556800.000000,2
1426387551810357,556800.000000,3
1426387551811347,556800.000000,4
1426387551812389,556800.000000,5
1426387581924159,1152000.000000,0
1426387581925357,1152000.000000,1
1426387581926295,1152000.000000,2
1426387581927284,1152000.000000,3
1426387581928222,1152000.000000,4
1426387581929316,1152000.000000,5
1426387584925409,556800.000000,0
1426387584925878,556800.000000,1
1426387584926347,556800.000000,2
1426387584926816,556800.000000,3
1426387584927284,556800.000000,4
1426387584928066,556800.000000,5
1426387600925722,1363200.000000,0
1426387600926816,1363200.000000,1
1426387600927857,1363200.000000,2
1426387600928795,1363200.000000,3
1426387600929732,1363200.000000,4
1426387600930722,1363200.000000,5
1426387615531139,1555200.000000,0
1426387615531503,1555200.000000,1
1426387615531972,1555200.000000,2
1426387615532284,1555200.000000,3
1426387615532753,1555200.000000,4
1426387615533170,1555200.000000,5
1426387632861139,1785600.000000,0
1426387632861659,1785600.000000,1
1426387632862128,1785600.000000,2
1426387632862597,1785600.000000,3
1426387632863066,1785600.000000,4
1426387632863482,1785600.000000,5
1426387638883847,1555200.000000,0
1426387638884316,1555200.000000,1
1426387638884732,1555200.000000,2
1426387638885097,1555200.000000,3
1426387638885566,1555200.000000,4
1426387638885878,1555200.000000,5
1426387639172284,1785600.000000,0
1426387639172701,1785600.000000,1
1426387639173066,1785600.000000,2
1426387639173378,1785600.000000,3
1426387639173691,1785600.000000,4
1426387639174159,1785600.000000,5
1426387639546503,1555200.000000,0
1426387639546816,1555200.000000,1
1426387639547128,1555200.000000,2
1426387639547545,1555200.000000,3
1426387639547753,1555200.000000,4
1426387639548066,1555200.000000,5
1426387639610514,1785600.000000,0
1426387639610982,1785600.000000,1
1426387639611295,1785600.000000,2
1426387639611659,1785600.000000,3
1426387639611972,1785600.000000,4
1426387639612441,1785600.000000,5
1426387642479628,1555200.000000,0
1426387642479941,1555200.000000,1
1426387642480357,1555200.000000,2
1426387642480670,1555200.000000,3
1426387642480982,1555200.000000,4
1426387642481347,1555200.000000,5
1426387642778066,1785600.000000,0
1426387642778534,1785600.000000,1
1426387642778847,1785600.000000,2
1426387642779264,1785600.000000,3
1426387642779628,1785600.000000,4
1426387642779941,1785600.000000,5
1426387643096659,1555200.000000,0
1426387643097076,1555200.000000,1
1426387643097441,1555200.000000,2
1426387643097701,1555200.000000,3
1426387643098014,1555200.000000,4
1426387643098378,1555200.000000,5
1426387643199264,1785600.000000,0
1426387643199628,1785600.000000,1
1426387643199941,1785600.000000,2
1426387643200357,1785600.000000,3
1426387643200722,1785600.000000,4
1426387643201034,1785600.000000,5
1426387648953691,748800.000000,0
1426387648954003,748800.000000,1
1426387648954316,748800.000000,2
1426387648954628,748800.000000,3
1426387648954941,748800.000000,4
1426387648955253,748800.000000,5
1426387665024784,556800.000000,0
1426387665026347,556800.000000,1
1426387665027597,556800.000000,2
1426387665029003,556800.000000,3
1426387665030253,556800.000000,4
1426387665031503,556800.000000,5
1426387681545566,1555200.000000,0
1426387681546816,1555200.000000,1
1426387681547753,1555200.000000,2
1426387681548847,1555200.000000,3
1426387681549941,1555200.000000,4
1426387681550982,1555200.000000,5
1426387694785878,1785600.000000,0
1426387694786347,1785600.000000,1
1426387694786763,1785600.000000,2
1426387694787076,1785600.000000,3
1426387694787441,1785600.000000,4
1426387694787753,1785600.000000,5
1426387712431972,960000.000000,0
1426387712432441,960000.000000,1
1426387712432753,960000.000000,2
1426387712433222,960000.000000,3
1426387712433847,960000.000000,4
1426387712434732,960000.000000,5
1426387736441503,556800.000000,0
1426387736442441,556800.000000,1
1426387736443482,556800.000000,2
1426387736444472,556800.000000,3
1426387736445409,556800.000000,4
1426387736446451,556800.000000,5
1426387781685982,960000.000000,0
1426387781687128,960000.000000,1
1426387781688222,960000.000000,2
1426387781689263,960000.000000,3
1426387781690253,960000.000000,4
1426387781691191,960000.000000,5
1426387790821034,748800.000000,0
1426387790821816,748800.000000,1
1426387790822597,748800.000000,2
1426387790823378,748800.000000,3
1426387790824107,748800.000000,4
1426387790824784,748800.000000,5
1426387808925409,1363200.000000,0
1426387808926816,1363200.000000,1
1426387808927545,1363200.000000,2
1426387808928222,1363200.000000,3
1426387808929003,1363200.000000,4
1426387808929784,1363200.000000,5
1426387824926659,748800.000000,0
1426387824927284,748800.000000,1
1426387824927753,748800.000000,2
1426387824928638,748800.000000,3
1426387824929576,748800.000000,4
1426387824930566,748800.000000,5
1426387838811816,556800.000000,0
1426387838813534,556800.000000,1
1426387838814784,556800.000000,2
1426387838816191,556800.000000,3
1426387838817545,556800.000000,4
1426387838818847,556800.000000,5
1426387841243170,748800.000000,0
1426387841244628,748800.000000,1
1426387841245982,748800.000000,2
1426387841247284,748800.000000,3
1426387841248534,748800.000000,4
1426387841249784,748800.000000,5
1426387854908378,556800.000000,0
1426387854909576,556800.000000,1
1426387854910513,556800.000000,2
1426387854911503,556800.000000,3
1426387854912441,556800.000000,4
1426387854913534,556800.000000,5
1426387881663065,748800.000000,0
1426387881664159,748800.000000,1
1426387881665201,748800.000000,2
1426387881666190,748800.000000,3
1426387881667128,748800.000000,4
1426387881668222,748800.000000,5
1426387887216451,556800.000000,0
1426387887218065,556800.000000,1
1426387887219263,556800.000000,2
1426387887220409,556800.000000,3
1426387887221815,556800.000000,4
1426387887223065,556800.000000,5
1426387903349003,1363200.000000,0
1426387903350409,1363200.000000,1
1426387903351659,1363200.000000,2
1426387903352909,1363200.000000,3
1426387903354159,1363200.000000,4
1426387903355409,1363200.000000,5
1426387920889315,1555200.000000,0
1426387920889940,1555200.000000,1
1426387920890409,1555200.000000,2
1426387920890878,1555200.000000,3
1426387920891451,1555200.000000,4
1426387920891972,1555200.000000,5
1426387937529784,556800.000000,0
1426387937530253,556800.000000,1
1426387937530982,556800.000000,2
1426387937531972,556800.000000,3
1426387937532909,556800.000000,4
1426387937533951,556800.000000,5
1426387981338378,1555200.000000,0
1426387981339628,1555200.000000,1
1426387981340670,1555200.000000,2
1426387981341659,1555200.000000,3
1426387981342597,1555200.000000,4
1426387981343534,1555200.000000,5
1426387984917284,556800.000000,0
1426387984917597,556800.000000,1
1426387984918013,556800.000000,2
1426387984918326,556800.000000,3
1426387984918690,556800.000000,4
1426387984919003,556800.000000,5
1426388000963690,1363200.000000,0
1426388000964888,1363200.000000,1
1426388000965878,1363200.000000,2
1426388000966815,1363200.000000,3
1426388000967753,1363200.000000,4
1426388000968690,1363200.000000,5
1426388031056503,556800.000000,0
1426388031056972,556800.000000,1
1426388031057440,556800.000000,2
1426388031057909,556800.000000,3
1426388031058951,556800.000000,4
1426388031059940,556800.000000,5
1426388042221295,748800.000000,0
1426388042222753,748800.000000,1
1426388042224003,748800.000000,2
1426388042225253,748800.000000,3
1426388042226503,748800.000000,4
1426388042227857,748800.000000,5
1426388052724159,556800.000000,0
1426388052725253,556800.000000,1
1426388052726295,556800.000000,2
1426388052727284,556800.000000,3
1426388052728378,556800.000000,4
1426388052729315,556800.000000,5
1426388081813013,1363200.000000,0
1426388081814159,1363200.000000,1
1426388081815201,1363200.000000,2
1426388081816190,1363200.000000,3
1426388081817128,1363200.000000,4
1426388081818170,1363200.000000,5
1426388096321034,1555200.000000,0
1426388096321503,1555200.000000,1
1426388096321972,1555200.000000,2
1426388096322388,1555200.000000,3
1426388096322753,1555200.000000,4
1426388096323170,1555200.000000,5
1426388111883065,1363200.000000,0
1426388111883638,1363200.000000,1
1426388111884107,1363200.000000,2
1426388111884472,1363200.000000,3
1426388111884940,1363200.000000,4
1426388111885513,1363200.000000,5
1426388138701190,556800.000000,0
1426388138701659,556800.000000,1
1426388138702076,556800.000000,2
1426388138702597,556800.000000,3
1426388138703638,556800.000000,4
1426388138704628,556800.000000,5
1426388164613482,1785600.000000,0
1426388164614628,1785600.000000,1
1426388164615722,1785600.000000,2
1426388164616659,1785600.000000,3
1426388164617753,1785600.000000,4
1426388164618795,1785600.000000,5
1426388181518534,1363200.000000,0
1426388181518847,1363200.000000,1
1426388181519159,1363200.000000,2
1426388181519472,1363200.000000,3
1426388181519784,1363200.000000,4
1426388181520097,1363200.000000,5
1426388186330513,1555200.000000,0
1426388186331034,1555200.000000,1
1426388186331451,1555200.000000,2
1426388186331815,1555200.000000,3
1426388186332284,1555200.000000,4
1426388186332701,1555200.000000,5
1426388187147701,1363200.000000,0
1426388187148065,1363200.000000,1
1426388187148378,1363200.000000,2
1426388187148795,1363200.000000,3
1426388187149159,1363200.000000,4
1426388187149472,1363200.000000,5
1426388190845565,1152000.000000,0
1426388190846034,1152000.000000,1
1426388190846451,1152000.000000,2
1426388190846815,1152000.000000,3
1426388190847284,1152000.000000,4
1426388190847857,1152000.000000,5
1426388207216763,1555200.000000,0
1426388207217284,1555200.000000,1
1426388207217753,1555200.000000,2
1426388207218222,1555200.000000,3
1426388207218690,1555200.000000,4
1426388207219263,1555200.000000,5
1426388224960409,556800.000000,0
1426388224960878,556800.000000,1
1426388224961451,556800.000000,2
1426388224962597,556800.000000,3
1426388224963847,556800.000000,4
1426388224965253,556800.000000,5
1426388245048690,748800.000000,0
1426388245049784,748800.000000,1
1426388245051138,748800.000000,2
1426388245052284,748800.000000,3
1426388245053326,748800.000000,4
1426388245054315,748800.000000,5
1426388272121347,556800.000000,0
1426388272122753,556800.000000,1
1426388272124003,556800.000000,2
1426388272125253,556800.000000,3
1426388272126503,556800.000000,4
1426388272127857,556800.000000,5
1426388281294420,1555200.000000,0
1426388281295565,1555200.000000,1
1426388281296607,1555200.000000,2
1426388281297753,1555200.000000,3
1426388281298690,1555200.000000,4
1426388281299732,1555200.000000,5
1426388288906659,748800.000000,0
1426388288907128,748800.000000,1
1426388288907440,748800.000000,2
1426388288907857,748800.000000,3
1426388288908222,748800.000000,4
1426388288908847,748800.000000,5
1426388303165097,1363200.000000,0
1426388303166034,1363200.000000,1
1426388303166763,1363200.000000,2
1426388303167440,1363200.000000,3
1426388303168222,1363200.000000,4
1426388303168951,1363200.000000,5
1426388320928378,960000.000000,0
1426388320929003,960000.000000,1
1426388320929784,960000.000000,2
1426388320930513,960000.000000,3
1426388320931190,960000.000000,4
1426388320931972,960000.000000,5
1426388339746815,556800.000000,0
1426388339748065,556800.000000,1
1426388339749003,556800.000000,2
1426388339750044,556800.000000,3
1426388339751034,556800.000000,4
1426388339752128,556800.000000,5
1426388382030357,1152000.000000,0
1426388382031659,1152000.000000,1
1426388382032701,1152000.000000,2
1426388382033690,1152000.000000,3
1426388382034732,1152000.000000,4
1426388382035669,1152000.000000,5
1426388382763065,748800.000000,0
1426388382764003,748800.000000,1
1426388382764940,748800.000000,2
1426388382765878,748800.000000,3
1426388382766919,748800.000000,4
1426388382767753,748800.000000,5
1426388391787388,556800.000000,0
1426388391788690,556800.000000,1
1426388391789784,556800.000000,2
1426388391790826,556800.000000,3
1426388391791763,556800.000000,4
1426388391792753,556800.000000,5
1426388393020565,748800.000000,0
1426388393021815,748800.000000,1
1426388393022753,748800.000000,2
1426388393023794,748800.000000,3
1426388393024732,748800.000000,4
1426388393025722,748800.000000,5
1426388393466972,556800.000000,0
1426388393467753,556800.000000,1
1426388393468690,556800.000000,2
1426388393469784,556800.000000,3
1426388393470878,556800.000000,4
1426388393471815,556800.000000,5
1426388399173534,1363200.000000,0
1426388399174628,1363200.000000,1
1426388399175669,1363200.000000,2
1426388399176659,1363200.000000,3
1426388399177701,1363200.000000,4
1426388399178690,1363200.000000,5
1426388414958065,1785600.000000,0
1426388414958534,1785600.000000,1
1426388414958951,1785600.000000,2
1426388414959315,1785600.000000,3
1426388414959784,1785600.000000,4
1426388414960097,1785600.000000,5
1426388437108482,556800.000000,0
1426388437108951,556800.000000,1
1426388437109315,556800.000000,2
1426388437110097,556800.000000,3
1426388437111347,556800.000000,4
1426388437112597,556800.000000,5
1426388444492701,748800.000000,0
1426388444493690,748800.000000,1
1426388444494784,748800.000000,2
1426388444495826,748800.000000,3
1426388444496815,748800.000000,4
1426388444497753,748800.000000,5
1426388463829628,556800.000000,0
1426388463831190,556800.000000,1
1426388463832597,556800.000000,2
1426388463833951,556800.000000,3
1426388463835253,556800.000000,4
1426388463836607,556800.000000,5
1426388481166919,1785600.000000,0
1426388481168065,1785600.000000,1
1426388481169159,1785600.000000,2
1426388481170253,1785600.000000,3
1426388481171190,1785600.000000,4
1426388481172232,1785600.000000,5
1426388494876451,1996800.000000,0
1426388494876815,1996800.000000,1
1426388494877128,1996800.000000,2
1426388494877440,1996800.000000,3
1426388494877753,1996800.000000,4
1426388494878065,1996800.000000,5
1426388512923847,960000.000000,0
1426388512924159,960000.000000,1
1426388512924472,960000.000000,2
1426388512924732,960000.000000,3
1426388512927597,960000.000000,4
1426388512928222,960000.000000,5
1426388527830513,556800.000000,0
1426388527831972,556800.000000,1
1426388527833222,556800.000000,2
1426388527834576,556800.000000,3
1426388527835878,556800.000000,4
1426388527837128,556800.000000,5
1426388549627753,748800.000000,0
1426388549628846,748800.000000,1
1426388549629784,748800.000000,2
1426388549630878,748800.000000,3
1426388549631971,748800.000000,4
1426388549633013,748800.000000,5
1426388560907284,556800.000000,0
1426388560908846,556800.000000,1
1426388560910096,556800.000000,2
1426388560911346,556800.000000,3
1426388560912701,556800.000000,4
1426388560914159,556800.000000,5
1426388581200096,960000.000000,0
1426388581201346,960000.000000,1
1426388581202284,960000.000000,2
1426388581203378,960000.000000,3
1426388581204315,960000.000000,4
1426388581205409,960000.000000,5
1426388590873221,748800.000000,0
1426388590874003,748800.000000,1
1426388590874888,748800.000000,2
1426388590875826,748800.000000,3
1426388590876659,748800.000000,4
1426388590877596,748800.000000,5
1426388608875565,1363200.000000,0
1426388608876503,1363200.000000,1
1426388608877284,1363200.000000,2
1426388608878065,1363200.000000,3
1426388608878846,1363200.000000,4
1426388608879576,1363200.000000,5
1426388624271451,748800.000000,0
1426388624272388,748800.000000,1
1426388624273221,748800.000000,2
1426388624274315,748800.000000,3
1426388624275096,748800.000000,4
1426388624276138,748800.000000,5
1426388641202753,556800.000000,0
1426388641204263,556800.000000,1
1426388641205565,556800.000000,2
1426388641206815,556800.000000,3
1426388641208169,556800.000000,4
1426388641209471,556800.000000,5
1426388644804003,748800.000000,0
1426388644805357,748800.000000,1
1426388644806607,748800.000000,2
1426388644810878,748800.000000,3
1426388644812128,748800.000000,4
1426388644813326,748800.000000,5
1426388678604315,556800.000000,0
1426388678605878,556800.000000,1
1426388678607128,556800.000000,2
1426388678608482,556800.000000,3
1426388678609732,556800.000000,4
1426388678610878,556800.000000,5
1426388681405878,748800.000000,0
1426388681407076,748800.000000,1
1426388681408065,748800.000000,2
1426388681409159,748800.000000,3
1426388681410253,748800.000000,4
1426388681411190,748800.000000,5
1426388704510878,1363200.000000,0
1426388704511919,1363200.000000,1
1426388704512701,1363200.000000,2
1426388704513482,1363200.000000,3
1426388704514263,1363200.000000,4
1426388704515044,1363200.000000,5
1426388718826815,1152000.000000,0
1426388718827440,1152000.000000,1
1426388718827909,1152000.000000,2
1426388718828534,1152000.000000,3
1426388718829107,1152000.000000,4
1426388718829784,1152000.000000,5
1426388741656659,556800.000000,0
1426388741658065,556800.000000,1
1426388741659263,556800.000000,2
1426388741660513,556800.000000,3
1426388741661659,556800.000000,4
1426388741662909,556800.000000,5
1426388781649315,1152000.000000,0
1426388781650565,1152000.000000,1
1426388781651659,1152000.000000,2
1426388781652701,1152000.000000,3
1426388781653690,1152000.000000,4
1426388781654732,1152000.000000,5
1426388783940878,748800.000000,0
1426388783941607,748800.000000,1
1426388783942128,748800.000000,2
1426388783943065,748800.000000,3
1426388783944003,748800.000000,4
1426388783945044,748800.000000,5
1426388798886034,1363200.000000,0
1426388798887076,1363200.000000,1
1426388798887857,1363200.000000,2
1426388798888690,1363200.000000,3
1426388798889471,1363200.000000,4
1426388798890253,1363200.000000,5
1426388832849576,556800.000000,0
1426388832850409,556800.000000,1
1426388832851763,556800.000000,2
1426388832853065,556800.000000,3
1426388832854419,556800.000000,4
1426388832855669,556800.000000,5
1426388845947596,748800.000000,0
1426388845948846,748800.000000,1
1426388845949940,748800.000000,2
1426388845951034,748800.000000,3
1426388845951971,748800.000000,4
1426388845953065,748800.000000,5
1426388847047857,556800.000000,0
1426388847048534,556800.000000,1
1426388847049315,556800.000000,2
1426388847050096,556800.000000,3
1426388847051294,556800.000000,4
1426388847052284,556800.000000,5
1426388881888638,1363200.000000,0
1426388881889784,1363200.000000,1
1426388881890878,1363200.000000,2
1426388881891971,1363200.000000,3
1426388881892909,1363200.000000,4
1426388881893951,1363200.000000,5
1426388895055409,1555200.000000,0
1426388895055878,1555200.000000,1
1426388895056346,1555200.000000,2
1426388895056763,1555200.000000,3
1426388895057128,1555200.000000,4
1426388895057596,1555200.000000,5
1426388912847701,1363200.000000,0
1426388912848169,1363200.000000,1
1426388912848534,1363200.000000,2
1426388912849107,1363200.000000,3
1426388912849628,1363200.000000,4
1426388912850201,1363200.000000,5
1426388942572284,556800.000000,0
1426388942573221,556800.000000,1
1426388942574471,556800.000000,2
1426388942575721,556800.000000,3
1426388942576971,556800.000000,4
1426388942578326,556800.000000,5
1426388952687596,748800.000000,0
1426388952688794,748800.000000,1
1426388952689784,748800.000000,2
1426388952690878,748800.000000,3
1426388952691919,748800.000000,4
1426388952692909,748800.000000,5
1426388977029003,556800.000000,0
1426388977030513,556800.000000,1
1426388977031815,556800.000000,2
1426388977033065,556800.000000,3
1426388977034419,556800.000000,4
1426388977035721,556800.000000,5
1426388981795200,1363200.000000,0
1426388981796450,1363200.000000,1
1426388981797440,1363200.000000,2
1426388981798482,1363200.000000,3
1426388981799471,1363200.000000,4
1426388981800409,1363200.000000,5
1426388992814888,1152000.000000,0
1426388992815409,1152000.000000,1
1426388992816034,1152000.000000,2
1426388992816659,1152000.000000,3
1426388992817284,1152000.000000,4
1426388992817909,1152000.000000,5
1426389008005982,1555200.000000,0
1426389008006503,1555200.000000,1
1426389008006971,1555200.000000,2
1426389008007440,1555200.000000,3
1426389008008013,1555200.000000,4
1426389008008482,1555200.000000,5
1426389024986919,556800.000000,0
1426389024988065,556800.000000,1
1426389024989419,556800.000000,2
1426389024990721,556800.000000,3
1426389024991971,556800.000000,4
1426389024993221,556800.000000,5
1426389100953013,960000.000000,0
1426389100954003,960000.000000,1
1426389100955096,960000.000000,2
1426389100956190,960000.000000,3
1426389100957128,960000.000000,4
1426389100958065,960000.000000,5
1426389101720565,556800.000000,0
1426389101721450,556800.000000,1
1426389101722596,556800.000000,2
1426389101723846,556800.000000,3
1426389101725253,556800.000000,4
1426389101726607,556800.000000,5
1426389103101346,1363200.000000,0
1426389103102440,1363200.000000,1
1426389103103482,1363200.000000,2
1426389103104575,1363200.000000,3
1426389103105565,1363200.000000,4
1426389103106503,1363200.000000,5
1426389120759159,1555200.000000,0
1426389120759732,1555200.000000,1
1426389120760253,1555200.000000,2
1426389120760825,1555200.000000,3
1426389120761346,1555200.000000,4
1426389120761815,1555200.000000,5
1426389143630878,556800.000000,0
1426389143631971,556800.000000,1
1426389143633221,556800.000000,2
1426389143634471,556800.000000,3
1426389143635721,556800.000000,4
1426389143636971,556800.000000,5
1426389181334888,1555200.000000,0
1426389181336190,1555200.000000,1
1426389181337128,1555200.000000,2
1426389181338065,1555200.000000,3
1426389181339159,1555200.000000,4
1426389181340096,1555200.000000,5
1426389182788221,556800.000000,0
1426389182788846,556800.000000,1
1426389182789315,556800.000000,2
1426389182789784,556800.000000,3
1426389182790409,556800.000000,4
1426389182791659,556800.000000,5
1426389198911034,1363200.000000,0
1426389198912127,1363200.000000,1
1426389198913169,1363200.000000,2
1426389198914159,1363200.000000,3
1426389198915252,1363200.000000,4
1426389198916190,1363200.000000,5
1426389213997127,1555200.000000,0
1426389213997596,1555200.000000,1
1426389213998013,1555200.000000,2
1426389213998377,1555200.000000,3
1426389213998846,1555200.000000,4
1426389213999263,1555200.000000,5
1426389214754419,1785600.000000,0
1426389214754940,1785600.000000,1
1426389214756502,1785600.000000,2
1426389214756971,1785600.000000,3
1426389214757440,1785600.000000,4
1426389214757909,1785600.000000,5
1426389224899315,1555200.000000,0
1426389224899627,1555200.000000,1
1426389224899940,1555200.000000,2
1426389224900252,1555200.000000,3
1426389224900565,1555200.000000,4
1426389224900877,1555200.000000,5
1426389225099419,1785600.000000,0
1426389225099784,1785600.000000,1
1426389225100096,1785600.000000,2
1426389225100513,1785600.000000,3
1426389225100877,1785600.000000,4
1426389225101294,1785600.000000,5
1426389230972857,2400000.000000,0
1426389230973221,2400000.000000,1
1426389230973534,2400000.000000,2
1426389230973846,2400000.000000,3
1426389230974107,2400000.000000,4
1426389230974419,2400000.000000,5
1426389232152752,1996800.000000,0
1426389232153065,1996800.000000,1
1426389232153377,1996800.000000,2
1426389232153534,1996800.000000,3
1426389232153846,1996800.000000,4
1426389232154002,1996800.000000,5
1426389232592284,2400000.000000,0
1426389232592596,2400000.000000,1
1426389232592909,2400000.000000,2
1426389232593325,2400000.000000,3
1426389232593690,2400000.000000,4
1426389232594002,2400000.000000,5
1426389280850044,748800.000000,0
1426389280850721,748800.000000,1
1426389280851502,748800.000000,2
1426389280852284,748800.000000,3
1426389280853065,748800.000000,4
1426389280853794,748800.000000,5
1426389281108221,1785600.000000,0
1426389281109159,1785600.000000,1
1426389281109888,1785600.000000,2
1426389281110565,1785600.000000,3
1426389281111346,1785600.000000,4
1426389281112127,1785600.000000,5
1426389296085982,1996800.000000,0
1426389296086346,1996800.000000,1
1426389296086815,1996800.000000,2
1426389296087232,1996800.000000,3
1426389296087596,1996800.000000,4
1426389296087909,1996800.000000,5
1426389310779107,1152000.000000,0
1426389310779471,1152000.000000,1
1426389310779784,1152000.000000,2
1426389310780200,1152000.000000,3
1426389310780513,1152000.000000,4
1426389310780877,1152000.000000,5
1426389326988221,556800.000000,0
1426389326988950,556800.000000,1
1426389326989471,556800.000000,2
1426389326990513,556800.000000,3
1426389326991659,556800.000000,4
1426389326992909,556800.000000,5
1426389360723065,2400000.000000,0
1426389360724471,2400000.000000,1
1426389360725721,2400000.000000,2
1426389360726971,2400000.000000,3
1426389360728325,2400000.000000,4
1426389360729575,2400000.000000,5
1426389408841034,1555200.000000,0
1426389408841346,1555200.000000,1
1426389408841659,1555200.000000,2
1426389408841971,1555200.000000,3
1426389408842232,1555200.000000,4
1426389408842544,1555200.000000,5
1426389424843221,556800.000000,0
1426389424843690,556800.000000,1
1426389424844159,556800.000000,2
1426389424844627,556800.000000,3
1426389424845096,556800.000000,4
1426389424845565,556800.000000,5
1426389472896034,2400000.000000,0
1426389472897127,2400000.000000,1
1426389472898169,2400000.000000,2
1426389472899159,2400000.000000,3
1426389472900096,2400000.000000,4
1426389472901190,2400000.000000,5
1426389502753013,1996800.000000,0
1426389502753325,1996800.000000,1
1426389502753638,1996800.000000,2
1426389502753950,1996800.000000,3
1426389502754263,1996800.000000,4
1426389502754627,1996800.000000,5
1426389520838482,556800.000000,0
1426389520838794,556800.000000,1
1426389520839002,556800.000000,2
1426389520839315,556800.000000,3
1426389520839627,556800.000000,4
1426389520839888,556800.000000,5
1426389552718794,960000.000000,0
1426389552720252,960000.000000,1
1426389552721502,960000.000000,2
1426389552722857,960000.000000,3
1426389552724159,960000.000000,4
1426389552725513,960000.000000,5
1426389563451607,1555200.000000,0
1426389563452440,1555200.000000,1
1426389563453169,1555200.000000,2
1426389563453846,1555200.000000,3
1426389563454627,1555200.000000,4
1426389563455357,1555200.000000,5
1426389566780877,2400000.000000,0
1426389566781346,2400000.000000,1
1426389566781815,2400000.000000,2
1426389566782284,2400000.000000,3
1426389566782752,2400000.000000,4
1426389566783221,2400000.000000,5
