"ts","value","name"
1419328515039508,27657.000000,"Heap size (KB)"
1419328530987790,27689.000000,"Heap size (KB)"
1419328534267321,27721.000000,"Heap size (KB)"
1419328542859040,27753.000000,"Heap size (KB)"
1419328551808258,27785.000000,"Heap size (KB)"
1419328552000394,27817.000000,"Heap size (KB)"
1419328552176540,27849.000000,"Heap size (KB)"
1419328589159508,27881.000000,"Heap size (KB)"
1419328590303415,27913.000000,"Heap size (KB)"
1419328602992165,27945.000000,"Heap size (KB)"
1419328603592946,19855618048.000000,"mem.virt"
1419328603592946,0.000000,"mem.locked"
1419328603592946,376901632.000000,"mem.rss.watermark"
1419328603592946,299487232.000000,"mem.rss"
1419328603592946,109527040.000000,"mem.rss.anon"
1419328603592946,158048256.000000,"mem.rss.file"
1419328603592946,31911936.000000,"mem.rss.shmem"
1419328603592946,18501632.000000,"mem.swap"
1419328603592946,0.000000,"oom_score_adj"
1419328604381331,27977.000000,"Heap size (KB)"
1419328614974508,28017.000000,"Heap size (KB)"
1419328616030446,28049.000000,"Heap size (KB)"
1419328620700915,28081.000000,"Heap size (KB)"
1419328623126696,28153.000000,"Heap size (KB)"
1419328629022425,28185.000000,"Heap size (KB)"
1419328640432790,28217.000000,"Heap size (KB)"
1419328644476488,28249.000000,"Heap size (KB)"
1419328658168571,28281.000000,"Heap size (KB)"
1419328669332113,28313.000000,"Heap size (KB)"
1419328670693363,28345.000000,"Heap size (KB)"
1419328681539040,19855618048.000000,"mem.virt"
1419328681539040,0.000000,"mem.locked"
1419328681539040,376901632.000000,"mem.rss.watermark"
1419328681539040,299749376.000000,"mem.rss"
1419328681539040,109789184.000000,"mem.rss.anon"
1419328681539040,158048256.000000,"mem.rss.file"
1419328681539040,31911936.000000,"mem.rss.shmem"
1419328681539040,18501632.000000,"mem.swap"
1419328681539040,0.000000,"oom_score_adj"
1419328686774352,28377.000000,"Heap size (KB)"
1419328687078727,28409.000000,"Heap size (KB)"
1419328688577269,28481.000000,"Heap size (KB)"
1419328691481956,28513.000000,"Heap size (KB)"
1419328707977321,28545.000000,"Heap size (KB)"
1419328709192477,28577.000000,"Heap size (KB)"
1419328723645550,28617.000000,"Heap size (KB)"
1419328724513883,28649.000000,"Heap size (KB)"
1419328725525706,28681.000000,"Heap size (KB)"
1419328726336383,28713.000000,"Heap size (KB)"
1419328727908258,28785.000000,"Heap size (KB)"
1419328743373675,28817.000000,"Heap size (KB)"
1419328747880602,28849.000000,"Heap size (KB)"
1419328765968831,28881.000000,"Heap size (KB)"
1419328766151331,28913.000000,"Heap size (KB)"
1419328779069508,28945.000000,"Heap size (KB)"
1419328779244144,28977.000000,"Heap size (KB)"
1419328781587008,19855618048.000000,"mem.virt"
1419328781587008,0.000000,"mem.locked"
1419328781587008,376901632.000000,"mem.rss.watermark"
1419328781587008,300249088.000000,"mem.rss"
1419328781587008,110288896.000000,"mem.rss.anon"
1419328781587008,158048256.000000,"mem.rss.file"
1419328781587008,31911936.000000,"mem.rss.shmem"
1419328781587008,18501632.000000,"mem.swap"
1419328781587008,0.000000,"oom_score_adj"
1419328783232946,29009.000000,"Heap size (KB)"
1419328785173258,29081.000000,"Heap size (KB)"
1419328798546175,29113.000000,"Heap size (KB)"
1419328807833675,29145.000000,"Heap size (KB)"
1419328812318415,29177.000000,"Heap size (KB)"
1419328828802321,29209.000000,"Heap size (KB)"
1419328829650915,29241.000000,"Heap size (KB)"
1419328833490602,29273.000000,"Heap size (KB)"
1419328840293831,29345.000000,"Heap size (KB)"
1419328849206383,29377.000000,"Heap size (KB)"
1419328854907737,29409.000000,"Heap size (KB)"
1419328863871852,29441.000000,"Heap size (KB)"
1419328881086331,19855618048.000000,"mem.virt"
1419328881086331,0.000000,"mem.locked"
1419328881086331,376901632.000000,"mem.rss.watermark"
1419328881086331,300773376.000000,"mem.rss"
1419328881086331,110813184.000000,"mem.rss.anon"
1419328881086331,158048256.000000,"mem.rss.file"
1419328881086331,31911936.000000,"mem.rss.shmem"
1419328881086331,18501632.000000,"mem.swap"
1419328881086331,0.000000,"oom_score_adj"
1419328883963675,29473.000000,"Heap size (KB)"
1419328888312477,29513.000000,"Heap size (KB)"
1419328890462946,29545.000000,"Heap size (KB)"
1419328899407112,29617.000000,"Heap size (KB)"
1419328906071331,29649.000000,"Heap size (KB)"
1419328906502737,29681.000000,"Heap size (KB)"
1419328906949665,29713.000000,"Heap size (KB)"
1419328916284612,29745.000000,"Heap size (KB)"
1419328938807790,29777.000000,"Heap size (KB)"
1419328938978571,29809.000000,"Heap size (KB)"
1419328939245706,29841.000000,"Heap size (KB)"
1419328940760237,29873.000000,"Heap size (KB)"
1419328941684508,29905.000000,"Heap size (KB)"
1419328942116227,29977.000000,"Heap size (KB)"
1419328970339352,30009.000000,"Heap size (KB)"
1419328981838415,19855618048.000000,"mem.virt"
1419328981838415,0.000000,"mem.locked"
1419328981838415,376901632.000000,"mem.rss.watermark"
1419328981838415,300904448.000000,"mem.rss"
1419328981838415,110944256.000000,"mem.rss.anon"
1419328981838415,158048256.000000,"mem.rss.file"
1419328981838415,31911936.000000,"mem.rss.shmem"
1419328981838415,18501632.000000,"mem.swap"
1419328981838415,0.000000,"oom_score_adj"
1419328984004040,30041.000000,"Heap size (KB)"
1419328985706071,30073.000000,"Heap size (KB)"
1419328990082946,30105.000000,"Heap size (KB)"
1419329005355706,30141.000000,"Heap size (KB)"
1419329006336019,30213.000000,"Heap size (KB)"
1419329011724769,30245.000000,"Heap size (KB)"
1419329026692008,30277.000000,"Heap size (KB)"
1419329040321539,30309.000000,"Heap size (KB)"
1419329041477164,30341.000000,"Heap size (KB)"
1419329042798675,30381.000000,"Heap size (KB)"
1419329045045446,30413.000000,"Heap size (KB)"
1419329045341644,30449.000000,"Heap size (KB)"
1419329046105550,30521.000000,"Heap size (KB)"
1419329069210758,30553.000000,"Heap size (KB)"
1419329081689039,19855618048.000000,"mem.virt"
1419329081689039,0.000000,"mem.locked"
1419329081689039,376901632.000000,"mem.rss.watermark"
1419329081689039,301821952.000000,"mem.rss"
1419329081689039,111861760.000000,"mem.rss.anon"
1419329081689039,158048256.000000,"mem.rss.file"
1419329081689039,31911936.000000,"mem.rss.shmem"
1419329081689039,18501632.000000,"mem.swap"
1419329081689039,0.000000,"oom_score_adj"
1419329093521019,30585.000000,"Heap size (KB)"
1419329093927321,30617.000000,"Heap size (KB)"
1419329094162581,30649.000000,"Heap size (KB)"
1419329097634612,30681.000000,"Heap size (KB)"
1419329106617477,30713.000000,"Heap size (KB)"
1419329107652321,30749.000000,"Heap size (KB)"
1419329108502946,30821.000000,"Heap size (KB)"
1419329127114039,30853.000000,"Heap size (KB)"
1419329140770133,30885.000000,"Heap size (KB)"
1419329148205289,30917.000000,"Heap size (KB)"
1419329161822112,30953.000000,"Heap size (KB)"
1419329162559144,31025.000000,"Heap size (KB)"
1419329162792894,31057.000000,"Heap size (KB)"
1419329163445133,31089.000000,"Heap size (KB)"
1419329181655862,19855618048.000000,"mem.virt"
1419329181655862,0.000000,"mem.locked"
1419329181655862,376901632.000000,"mem.rss.watermark"
1419329181655862,302161920.000000,"mem.rss"
1419329181655862,112201728.000000,"mem.rss.anon"
1419329181655862,158048256.000000,"mem.rss.file"
1419329181655862,31911936.000000,"mem.rss.shmem"
1419329181655862,18501632.000000,"mem.swap"
1419329181655862,0.000000,"oom_score_adj"
1419329198578987,31121.000000,"Heap size (KB)"
1419329198938883,31153.000000,"Heap size (KB)"
1419329201640914,31185.000000,"Heap size (KB)"
1419329201728831,31225.000000,"Heap size (KB)"
1419329217714039,31261.000000,"Heap size (KB)"
1419329218186956,31293.000000,"Heap size (KB)"
1419329218513258,31365.000000,"Heap size (KB)"
1419329225306539,31397.000000,"Heap size (KB)"
1419329239803050,31429.000000,"Heap size (KB)"
1419329249322008,31461.000000,"Heap size (KB)"
1419329252340446,31493.000000,"Heap size (KB)"
1419329255185446,31525.000000,"Heap size (KB)"
1419329256650914,31557.000000,"Heap size (KB)"
1419329257670289,31593.000000,"Heap size (KB)"
1419329258424300,31665.000000,"Heap size (KB)"
1419329274172581,31697.000000,"Heap size (KB)"
1419329275493362,31729.000000,"Heap size (KB)"
1419329281938362,19855618048.000000,"mem.virt"
1419329281938362,0.000000,"mem.locked"
1419329281938362,376901632.000000,"mem.rss.watermark"
1419329281938362,302686208.000000,"mem.rss"
1419329281938362,112726016.000000,"mem.rss.anon"
1419329281938362,158048256.000000,"mem.rss.file"
1419329281938362,31911936.000000,"mem.rss.shmem"
1419329281938362,18501632.000000,"mem.swap"
1419329281938362,0.000000,"oom_score_adj"
1419329286670706,31761.000000,"Heap size (KB)"
1419329289397946,31793.000000,"Heap size (KB)"
1419329310991227,31825.000000,"Heap size (KB)"
1419329312368414,31861.000000,"Heap size (KB)"
1419329313291644,31933.000000,"Heap size (KB)"
1419329315158258,31965.000000,"Heap size (KB)"
1419329339791956,31997.000000,"Heap size (KB)"
1419329350617321,32029.000000,"Heap size (KB)"
1419329355938727,32061.000000,"Heap size (KB)"
1419329359784769,32101.000000,"Heap size (KB)"
1419329360541071,32133.000000,"Heap size (KB)"
1419329361108831,32165.000000,"Heap size (KB)"
1419329380574039,32201.000000,"Heap size (KB)"
1419329381388519,19855618048.000000,"mem.virt"
1419329381388519,0.000000,"mem.locked"
1419329381388519,376901632.000000,"mem.rss.watermark"
1419329381388519,303079424.000000,"mem.rss"
1419329381388519,113119232.000000,"mem.rss.anon"
1419329381388519,158048256.000000,"mem.rss.file"
1419329381388519,31911936.000000,"mem.rss.shmem"
1419329381388519,18501632.000000,"mem.swap"
1419329381388519,0.000000,"oom_score_adj"
1419329381643883,32273.000000,"Heap size (KB)"
1419329390308362,32305.000000,"Heap size (KB)"
1419329407751019,32337.000000,"Heap size (KB)"
1419329411789821,32369.000000,"Heap size (KB)"
1419329416653883,32401.000000,"Heap size (KB)"
1419329417897321,32473.000000,"Heap size (KB)"
1419329419391800,32505.000000,"Heap size (KB)"
1419329420353102,32537.000000,"Heap size (KB)"
1419329421755289,32569.000000,"Heap size (KB)"
1419329440728883,32601.000000,"Heap size (KB)"
1419329465836071,32673.000000,"Heap size (KB)"
1419329468309352,32705.000000,"Heap size (KB)"
1419329471751227,32737.000000,"Heap size (KB)"
1419329478918206,32769.000000,"Heap size (KB)"
1419329481511383,19855618048.000000,"mem.virt"
1419329481511383,0.000000,"mem.locked"
1419329481511383,376901632.000000,"mem.rss.watermark"
1419329481511383,303734784.000000,"mem.rss"
1419329481511383,113774592.000000,"mem.rss.anon"
1419329481511383,158048256.000000,"mem.rss.file"
1419329481511383,31911936.000000,"mem.rss.shmem"
1419329481511383,18501632.000000,"mem.swap"
1419329481511383,0.000000,"oom_score_adj"
1419329481751227,32801.000000,"Heap size (KB)"
1419329493554456,32833.000000,"Heap size (KB)"
1419329498034664,32865.000000,"Heap size (KB)"
1419329513886331,32905.000000,"Heap size (KB)"
1419329521422581,32937.000000,"Heap size (KB)"
1419329522876018,33009.000000,"Heap size (KB)"
1419329525619352,33041.000000,"Heap size (KB)"
1419329534510862,33073.000000,"Heap size (KB)"
1419329539402946,33105.000000,"Heap size (KB)"
1419329540155393,33137.000000,"Heap size (KB)"
1419329548387425,33169.000000,"Heap size (KB)"
1419329570485133,33201.000000,"Heap size (KB)"
1419329575039612,33273.000000,"Heap size (KB)"
1419329577521383,33305.000000,"Heap size (KB)"
1419329578742164,33337.000000,"Heap size (KB)"
1419329581267477,19855618048.000000,"mem.virt"
1419329581267477,0.000000,"mem.locked"
1419329581267477,376901632.000000,"mem.rss.watermark"
1419329581267477,303996928.000000,"mem.rss"
1419329581267477,114036736.000000,"mem.rss.anon"
1419329581267477,158048256.000000,"mem.rss.file"
1419329581267477,31911936.000000,"mem.rss.shmem"
1419329581267477,18501632.000000,"mem.swap"
1419329581267477,0.000000,"oom_score_adj"
1419329599375289,33369.000000,"Heap size (KB)"
1419329601476539,33401.000000,"Heap size (KB)"
1419329614534821,33433.000000,"Heap size (KB)"
1419329618171643,33465.000000,"Heap size (KB)"
1419329638674821,33537.000000,"Heap size (KB)"
1419329642220862,33569.000000,"Heap size (KB)"
1419329643494821,33601.000000,"Heap size (KB)"
1419329655969195,33633.000000,"Heap size (KB)"
1419329660664039,33665.000000,"Heap size (KB)"
1419329663333362,33697.000000,"Heap size (KB)"
1419329664755289,33729.000000,"Heap size (KB)"
1419329672630706,33769.000000,"Heap size (KB)"
1419329678005133,33801.000000,"Heap size (KB)"
1419329679750081,33873.000000,"Heap size (KB)"
1419329681597945,19855618048.000000,"mem.virt"
1419329681597945,0.000000,"mem.locked"
1419329681597945,376901632.000000,"mem.rss.watermark"
1419329681597945,304652288.000000,"mem.rss"
1419329681597945,114692096.000000,"mem.rss.anon"
1419329681597945,158048256.000000,"mem.rss.file"
1419329681597945,31911936.000000,"mem.rss.shmem"
1419329681597945,18501632.000000,"mem.swap"
1419329681597945,0.000000,"oom_score_adj"
1419329682636383,33905.000000,"Heap size (KB)"
1419329689507008,33937.000000,"Heap size (KB)"
1419329701878570,33969.000000,"Heap size (KB)"
1419329718341643,34001.000000,"Heap size (KB)"
1419329727310081,34033.000000,"Heap size (KB)"
1419329729319352,34065.000000,"Heap size (KB)"
1419329731071852,34137.000000,"Heap size (KB)"
1419329733707320,34169.000000,"Heap size (KB)"
1419329739801695,34201.000000,"Heap size (KB)"
1419329743263414,34233.000000,"Heap size (KB)"
1419329756511175,34265.000000,"Heap size (KB)"
1419329781932477,19855618048.000000,"mem.virt"
1419329781932477,0.000000,"mem.locked"
1419329781932477,376901632.000000,"mem.rss.watermark"
1419329781932477,305438720.000000,"mem.rss"
1419329781932477,115347456.000000,"mem.rss.anon"
1419329781932477,158179328.000000,"mem.rss.file"
1419329781932477,31911936.000000,"mem.rss.shmem"
1419329781932477,18501632.000000,"mem.swap"
1419329781932477,0.000000,"oom_score_adj"
1419329784517268,34337.000000,"Heap size (KB)"
1419329786744039,34369.000000,"Heap size (KB)"
1419329786986227,34401.000000,"Heap size (KB)"
1419329787223570,34433.000000,"Heap size (KB)"
1419329791071643,34465.000000,"Heap size (KB)"
1419329807000914,34497.000000,"Heap size (KB)"
1419329807398362,34529.000000,"Heap size (KB)"
1419329835236018,34569.000000,"Heap size (KB)"
1419329846451227,34641.000000,"Heap size (KB)"
1419329846675550,34673.000000,"Heap size (KB)"
1419329847688258,34705.000000,"Heap size (KB)"
1419329860970445,34737.000000,"Heap size (KB)"
1419329865656383,34769.000000,"Heap size (KB)"
1419329881320393,19855618048.000000,"mem.virt"
1419329881320393,0.000000,"mem.locked"
1419329881320393,376901632.000000,"mem.rss.watermark"
1419329881320393,306225152.000000,"mem.rss"
1419329881320393,116133888.000000,"mem.rss.anon"
1419329881320393,158179328.000000,"mem.rss.file"
1419329881320393,31911936.000000,"mem.rss.shmem"
1419329881320393,18501632.000000,"mem.swap"
1419329881320393,0.000000,"oom_score_adj"
1419329881872164,34801.000000,"Heap size (KB)"
1419329890446227,34833.000000,"Heap size (KB)"
1419329898464352,34865.000000,"Heap size (KB)"
1419329900788362,34897.000000,"Heap size (KB)"
1419329901100706,34969.000000,"Heap size (KB)"
1419329921316852,35001.000000,"Heap size (KB)"
1419329921610445,35033.000000,"Heap size (KB)"
1419329926128883,35065.000000,"Heap size (KB)"
1419329947384456,35137.000000,"Heap size (KB)"
1419329948310393,35169.000000,"Heap size (KB)"
1419329981466800,19855618048.000000,"mem.virt"
1419329981466800,0.000000,"mem.locked"
1419329981466800,376901632.000000,"mem.rss.watermark"
1419329981466800,306446336.000000,"mem.rss"
1419329981466800,116355072.000000,"mem.rss.anon"
1419329981466800,158179328.000000,"mem.rss.file"
1419329981466800,31911936.000000,"mem.rss.shmem"
1419329981466800,18501632.000000,"mem.swap"
1419329981466800,0.000000,"oom_score_adj"
1419329982104508,35201.000000,"Heap size (KB)"
1419329983106070,35233.000000,"Heap size (KB)"
1419329984153258,35265.000000,"Heap size (KB)"
1419329985372477,35297.000000,"Heap size (KB)"
1419329995671487,35337.000000,"Heap size (KB)"
1419330003704664,35409.000000,"Heap size (KB)"
1419330005517633,35441.000000,"Heap size (KB)"
1419330038574195,35473.000000,"Heap size (KB)"
1419330041816852,35505.000000,"Heap size (KB)"
1419330045450550,35537.000000,"Heap size (KB)"
1419330049436800,35569.000000,"Heap size (KB)"
1419330056167893,35601.000000,"Heap size (KB)"
1419330059241539,35673.000000,"Heap size (KB)"
1419330063198258,35705.000000,"Heap size (KB)"
1419330063442737,35737.000000,"Heap size (KB)"
1419330066005445,35769.000000,"Heap size (KB)"
1419330081770914,19855618048.000000,"mem.virt"
1419330081770914,0.000000,"mem.locked"
1419330081770914,376901632.000000,"mem.rss.watermark"
1419330081770914,306708480.000000,"mem.rss"
1419330081770914,116617216.000000,"mem.rss.anon"
1419330081770914,158179328.000000,"mem.rss.file"
1419330081770914,31911936.000000,"mem.rss.shmem"
1419330081770914,18501632.000000,"mem.swap"
1419330081770914,0.000000,"oom_score_adj"
1419330089018414,35801.000000,"Heap size (KB)"
1419330089666018,35833.000000,"Heap size (KB)"
1419330108459143,35905.000000,"Heap size (KB)"
1419330109460706,35937.000000,"Heap size (KB)"
1419330110937424,35969.000000,"Heap size (KB)"
1419330130379039,36001.000000,"Heap size (KB)"
1419330139649195,36033.000000,"Heap size (KB)"
1419330150057008,36065.000000,"Heap size (KB)"
1419330153309664,36105.000000,"Heap size (KB)"
1419330166217268,36137.000000,"Heap size (KB)"
1419330167893102,36209.000000,"Heap size (KB)"
1419330171664143,36241.000000,"Heap size (KB)"
1419330181607477,19855618048.000000,"mem.virt"
1419330181607477,0.000000,"mem.locked"
1419330181607477,376901632.000000,"mem.rss.watermark"
1419330181607477,307232768.000000,"mem.rss"
1419330181607477,117141504.000000,"mem.rss.anon"
1419330181607477,158179328.000000,"mem.rss.file"
1419330181607477,31911936.000000,"mem.rss.shmem"
1419330181607477,18501632.000000,"mem.swap"
1419330181607477,0.000000,"oom_score_adj"
1419330185947268,36273.000000,"Heap size (KB)"
1419330190836487,36305.000000,"Heap size (KB)"
1419330205828414,36337.000000,"Heap size (KB)"
1419330208256852,36409.000000,"Heap size (KB)"
1419330210701018,36441.000000,"Heap size (KB)"
1419330210762112,36473.000000,"Heap size (KB)"
1419330224163102,36505.000000,"Heap size (KB)"
1419330225035393,36537.000000,"Heap size (KB)"
1419330247425133,36569.000000,"Heap size (KB)"
1419330260524820,36601.000000,"Heap size (KB)"
1419330266470081,36633.000000,"Heap size (KB)"
1419330267224820,36665.000000,"Heap size (KB)"
1419330267283883,36697.000000,"Heap size (KB)"
1419330268001070,36769.000000,"Heap size (KB)"
1419330281604195,19855618048.000000,"mem.virt"
1419330281604195,0.000000,"mem.locked"
1419330281604195,376901632.000000,"mem.rss.watermark"
1419330281604195,308150272.000000,"mem.rss"
1419330281604195,118059008.000000,"mem.rss.anon"
1419330281604195,158179328.000000,"mem.rss.file"
1419330281604195,31911936.000000,"mem.rss.shmem"
1419330281604195,18501632.000000,"mem.swap"
1419330281604195,0.000000,"oom_score_adj"
1419330287490445,36801.000000,"Heap size (KB)"
1419330298115237,36833.000000,"Heap size (KB)"
1419330313684924,36873.000000,"Heap size (KB)"
1419330318016174,36905.000000,"Heap size (KB)"
1419330318983570,36937.000000,"Heap size (KB)"
1419330320163726,37009.000000,"Heap size (KB)"
1419330322109508,37041.000000,"Heap size (KB)"
1419330327737268,37073.000000,"Heap size (KB)"
1419330328605601,37105.000000,"Heap size (KB)"
1419330345821331,37137.000000,"Heap size (KB)"
1419330348915445,37169.000000,"Heap size (KB)"
1419330363370133,37201.000000,"Heap size (KB)"
1419330366144351,37233.000000,"Heap size (KB)"
1419330366559820,37265.000000,"Heap size (KB)"
1419330368354664,37337.000000,"Heap size (KB)"
1419330381942164,19855618048.000000,"mem.virt"
1419330381942164,0.000000,"mem.locked"
1419330381942164,376901632.000000,"mem.rss.watermark"
1419330381942164,308412416.000000,"mem.rss"
1419330381942164,118321152.000000,"mem.rss.anon"
1419330381942164,158179328.000000,"mem.rss.file"
1419330381942164,31911936.000000,"mem.rss.shmem"
1419330381942164,18501632.000000,"mem.swap"
1419330381942164,0.000000,"oom_score_adj"
1419330386171018,37369.000000,"Heap size (KB)"
1419330386559456,37401.000000,"Heap size (KB)"
1419330397799664,37433.000000,"Heap size (KB)"
1419330406180914,37465.000000,"Heap size (KB)"
1419330417728362,37497.000000,"Heap size (KB)"
1419330420144456,37569.000000,"Heap size (KB)"
1419330428862164,37601.000000,"Heap size (KB)"
1419330439310081,37633.000000,"Heap size (KB)"
1419330439697320,37665.000000,"Heap size (KB)"
1419330449107164,37697.000000,"Heap size (KB)"
1419330460548101,37729.000000,"Heap size (KB)"
1419330467923883,37769.000000,"Heap size (KB)"
1419330469157164,37801.000000,"Heap size (KB)"
1419330469848987,37833.000000,"Heap size (KB)"
1419330471466070,37905.000000,"Heap size (KB)"
1419330480972893,19855618048.000000,"mem.virt"
1419330480972893,0.000000,"mem.locked"
1419330480972893,376901632.000000,"mem.rss.watermark"
1419330480972893,308936704.000000,"mem.rss"
1419330480972893,118845440.000000,"mem.rss.anon"
1419330480972893,158179328.000000,"mem.rss.file"
1419330480972893,31911936.000000,"mem.rss.shmem"
1419330480972893,18501632.000000,"mem.swap"
1419330480972893,0.000000,"oom_score_adj"
1419330489943206,37937.000000,"Heap size (KB)"
1419330490312008,37969.000000,"Heap size (KB)"
1419330493334612,38001.000000,"Heap size (KB)"
1419330507370393,38033.000000,"Heap size (KB)"
1419330508690445,38065.000000,"Heap size (KB)"
1419330521226226,38097.000000,"Heap size (KB)"
1419330524385445,38129.000000,"Heap size (KB)"
1419330525007320,38161.000000,"Heap size (KB)"
1419330526462164,38233.000000,"Heap size (KB)"
1419330539805549,38265.000000,"Heap size (KB)"
1419330547749456,38297.000000,"Heap size (KB)"
1419330548117737,38329.000000,"Heap size (KB)"
1419330561402581,38361.000000,"Heap size (KB)"
1419330567305133,38393.000000,"Heap size (KB)"
1419330571958726,38425.000000,"Heap size (KB)"
1419330581442008,19855618048.000000,"mem.virt"
1419330581442008,0.000000,"mem.locked"
1419330581442008,376901632.000000,"mem.rss.watermark"
1419330581442008,309723136.000000,"mem.rss"
1419330581442008,119631872.000000,"mem.rss.anon"
1419330581442008,158179328.000000,"mem.rss.file"
1419330581442008,31911936.000000,"mem.rss.shmem"
1419330581442008,18501632.000000,"mem.swap"
1419330581442008,0.000000,"oom_score_adj"
1419330581873101,38457.000000,"Heap size (KB)"
1419330583138414,38529.000000,"Heap size (KB)"
1419330597313883,38561.000000,"Heap size (KB)"
1419330600908987,38593.000000,"Heap size (KB)"
1419330613531174,38625.000000,"Heap size (KB)"
1419330613699976,38657.000000,"Heap size (KB)"
1419330626003049,38697.000000,"Heap size (KB)"
1419330631067789,38729.000000,"Heap size (KB)"
1419330631698674,38761.000000,"Heap size (KB)"
1419330632079664,38793.000000,"Heap size (KB)"
1419330633166539,38865.000000,"Heap size (KB)"
1419330648092737,38897.000000,"Heap size (KB)"
1419330673261799,38929.000000,"Heap size (KB)"
1419330681532268,38961.000000,"Heap size (KB)"
1419330681776383,19855618048.000000,"mem.virt"
1419330681776383,0.000000,"mem.locked"
1419330681776383,376901632.000000,"mem.rss.watermark"
1419330681776383,310116352.000000,"mem.rss"
1419330681776383,120025088.000000,"mem.rss.anon"
1419330681776383,158179328.000000,"mem.rss.file"
1419330681776383,31911936.000000,"mem.rss.shmem"
1419330681776383,18501632.000000,"mem.swap"
1419330681776383,0.000000,"oom_score_adj"
1419330687207164,38993.000000,"Heap size (KB)"
1419330687687789,39029.000000,"Heap size (KB)"
1419330688670081,39101.000000,"Heap size (KB)"
1419330693513258,39133.000000,"Heap size (KB)"
1419330698507945,39165.000000,"Heap size (KB)"
1419330705305862,39197.000000,"Heap size (KB)"
1419330726178987,39229.000000,"Heap size (KB)"
1419330739468570,39261.000000,"Heap size (KB)"
1419330741293258,39293.000000,"Heap size (KB)"
1419330741455705,39365.000000,"Heap size (KB)"
1419330742444976,39397.000000,"Heap size (KB)"
1419330746880914,39429.000000,"Heap size (KB)"
1419330748637945,39461.000000,"Heap size (KB)"
1419330781003205,19855618048.000000,"mem.virt"
1419330781003205,0.000000,"mem.locked"
1419330781003205,376901632.000000,"mem.rss.watermark"
1419330781003205,310640640.000000,"mem.rss"
1419330781003205,120549376.000000,"mem.rss.anon"
1419330781003205,158179328.000000,"mem.rss.file"
1419330781003205,31911936.000000,"mem.rss.shmem"
1419330781003205,18501632.000000,"mem.swap"
1419330781003205,0.000000,"oom_score_adj"
1419330783945758,39493.000000,"Heap size (KB)"
1419330785149768,39525.000000,"Heap size (KB)"
1419330788562789,39565.000000,"Heap size (KB)"
1419330798581539,39597.000000,"Heap size (KB)"
1419330798604351,39629.000000,"Heap size (KB)"
1419330799369820,39661.000000,"Heap size (KB)"
1419330799816799,39697.000000,"Heap size (KB)"
1419330801037424,39769.000000,"Heap size (KB)"
1419330805469664,39801.000000,"Heap size (KB)"
1419330835035549,39833.000000,"Heap size (KB)"
1419330839104299,39865.000000,"Heap size (KB)"
1419330839202945,39897.000000,"Heap size (KB)"
1419330844078987,39929.000000,"Heap size (KB)"
1419330846456799,39961.000000,"Heap size (KB)"
1419330847376174,39993.000000,"Heap size (KB)"
1419330847530862,40065.000000,"Heap size (KB)"
1419330849527164,40097.000000,"Heap size (KB)"
1419330873605758,40129.000000,"Heap size (KB)"
1419330881252008,19855618048.000000,"mem.virt"
1419330881252008,0.000000,"mem.locked"
1419330881252008,376901632.000000,"mem.rss.watermark"
1419330881252008,311033856.000000,"mem.rss"
1419330881252008,120942592.000000,"mem.rss.anon"
1419330881252008,158179328.000000,"mem.rss.file"
1419330881252008,31911936.000000,"mem.rss.shmem"
1419330881252008,18501632.000000,"mem.swap"
1419330881252008,0.000000,"oom_score_adj"
1419330888797945,40161.000000,"Heap size (KB)"
1419330889746383,40193.000000,"Heap size (KB)"
1419330893139039,40225.000000,"Heap size (KB)"
1419330905424664,40261.000000,"Heap size (KB)"
1419330906357789,40333.000000,"Heap size (KB)"
1419330907532008,40365.000000,"Heap size (KB)"
1419330925630289,40397.000000,"Heap size (KB)"
1419330937771695,40429.000000,"Heap size (KB)"
1419330940216070,40461.000000,"Heap size (KB)"
1419330943775549,40493.000000,"Heap size (KB)"
1419330953436695,40533.000000,"Heap size (KB)"
1419330961093414,40565.000000,"Heap size (KB)"
1419330962070237,40597.000000,"Heap size (KB)"
1419330962238101,40669.000000,"Heap size (KB)"
1419330972167164,40701.000000,"Heap size (KB)"
1419330981747320,19855618048.000000,"mem.virt"
1419330981747320,0.000000,"mem.locked"
1419330981747320,376901632.000000,"mem.rss.watermark"
1419330981747320,311902208.000000,"mem.rss"
1419330981747320,121810944.000000,"mem.rss.anon"
1419330981747320,158179328.000000,"mem.rss.file"
1419330981747320,31911936.000000,"mem.rss.shmem"
1419330981747320,18501632.000000,"mem.swap"
1419330981747320,0.000000,"oom_score_adj"
1419330995353101,40733.000000,"Heap size (KB)"
1419330995853674,40765.000000,"Heap size (KB)"
1419330997560132,40797.000000,"Heap size (KB)"
1419331006871226,40829.000000,"Heap size (KB)"
1419331012240862,40865.000000,"Heap size (KB)"
1419331013035393,40937.000000,"Heap size (KB)"
1419331015716955,40969.000000,"Heap size (KB)"
1419331015955080,41001.000000,"Heap size (KB)"
1419331040699664,41033.000000,"Heap size (KB)"
1419331045111695,41065.000000,"Heap size (KB)"
1419331047387007,41097.000000,"Heap size (KB)"
1419331060119768,41129.000000,"Heap size (KB)"
1419331060265862,41201.000000,"Heap size (KB)"
1419331081346539,19855618048.000000,"mem.virt"
1419331081346539,0.000000,"mem.locked"
1419331081346539,376901632.000000,"mem.rss.watermark"
1419331081346539,312422400.000000,"mem.rss"
1419331081346539,122331136.000000,"mem.rss.anon"
1419331081346539,158179328.000000,"mem.rss.file"
1419331081346539,31911936.000000,"mem.rss.shmem"
1419331081346539,18501632.000000,"mem.swap"
1419331081346539,0.000000,"oom_score_adj"
1419331087937632,41233.000000,"Heap size (KB)"
1419331091043414,41265.000000,"Heap size (KB)"
1419331093676070,41297.000000,"Heap size (KB)"
1419331098696226,41329.000000,"Heap size (KB)"
1419331111714976,41369.000000,"Heap size (KB)"
1419331118437268,41401.000000,"Heap size (KB)"
1419331120460862,41473.000000,"Heap size (KB)"
1419331123285237,41505.000000,"Heap size (KB)"
1419331148117632,41537.000000,"Heap size (KB)"
1419331148373674,41569.000000,"Heap size (KB)"
1419331149117789,41601.000000,"Heap size (KB)"
1419331150780132,41633.000000,"Heap size (KB)"
1419331152805289,41665.000000,"Heap size (KB)"
1419331167510757,41697.000000,"Heap size (KB)"
1419331171249455,41729.000000,"Heap size (KB)"
1419331173673987,41801.000000,"Heap size (KB)"
1419331176120914,41833.000000,"Heap size (KB)"
1419331181881070,19855618048.000000,"mem.virt"
1419331181881070,0.000000,"mem.locked"
1419331181881070,376901632.000000,"mem.rss.watermark"
1419331181881070,313262080.000000,"mem.rss"
1419331181881070,122908672.000000,"mem.rss.anon"
1419331181881070,158179328.000000,"mem.rss.file"
1419331181881070,32174080.000000,"mem.rss.shmem"
1419331181881070,18501632.000000,"mem.swap"
1419331181881070,0.000000,"oom_score_adj"
1419331189245914,41865.000000,"Heap size (KB)"
1419331207581851,41897.000000,"Heap size (KB)"
1419331208561487,41929.000000,"Heap size (KB)"
1419331211472424,41961.000000,"Heap size (KB)"
1419331229320862,42033.000000,"Heap size (KB)"
1419331231758726,42065.000000,"Heap size (KB)"
1419331231955132,42097.000000,"Heap size (KB)"
1419331239388726,42129.000000,"Heap size (KB)"
1419331262883049,42161.000000,"Heap size (KB)"
1419331269927320,42193.000000,"Heap size (KB)"
1419331270156018,42225.000000,"Heap size (KB)"
1419331275563205,42265.000000,"Heap size (KB)"
1419331281241226,19855618048.000000,"mem.virt"
1419331281241226,0.000000,"mem.locked"
1419331281241226,376901632.000000,"mem.rss.watermark"
1419331281241226,313786368.000000,"mem.rss"
1419331281241226,123432960.000000,"mem.rss.anon"
1419331281241226,158179328.000000,"mem.rss.file"
1419331281241226,32174080.000000,"mem.rss.shmem"
1419331281241226,18501632.000000,"mem.swap"
1419331281241226,0.000000,"oom_score_adj"
1419331285578101,42297.000000,"Heap size (KB)"
1419331286754195,42369.000000,"Heap size (KB)"
1419331289585549,42401.000000,"Heap size (KB)"
1419331289866018,42433.000000,"Heap size (KB)"
1419331314830289,42465.000000,"Heap size (KB)"
1419331329337164,42497.000000,"Heap size (KB)"
1419331334628987,42529.000000,"Heap size (KB)"
1419331336176695,42561.000000,"Heap size (KB)"
1419331336415601,42633.000000,"Heap size (KB)"
1419331337804507,42665.000000,"Heap size (KB)"
1419331338977789,42697.000000,"Heap size (KB)"
1419331346898882,42729.000000,"Heap size (KB)"
1419331370265549,42761.000000,"Heap size (KB)"
1419331381222320,19855618048.000000,"mem.virt"
1419331381222320,0.000000,"mem.locked"
1419331381222320,376901632.000000,"mem.rss.watermark"
1419331381222320,314441728.000000,"mem.rss"
1419331381222320,124088320.000000,"mem.rss.anon"
1419331381222320,158179328.000000,"mem.rss.file"
1419331381222320,32174080.000000,"mem.rss.shmem"
1419331381222320,18501632.000000,"mem.swap"
1419331381222320,0.000000,"oom_score_adj"
1419331386800445,42793.000000,"Heap size (KB)"
1419331388217007,42825.000000,"Heap size (KB)"
1419331388572424,42897.000000,"Heap size (KB)"
1419331389674820,42929.000000,"Heap size (KB)"
1419331391399820,42961.000000,"Heap size (KB)"
1419331397912789,42993.000000,"Heap size (KB)"
1419331408981695,43025.000000,"Heap size (KB)"
1419331423341539,43057.000000,"Heap size (KB)"
1419331434584924,43097.000000,"Heap size (KB)"
1419331438031539,43169.000000,"Heap size (KB)"
1419331440600601,43201.000000,"Heap size (KB)"
1419331443097789,43233.000000,"Heap size (KB)"
1419331443235757,43265.000000,"Heap size (KB)"
1419331448259351,43297.000000,"Heap size (KB)"
1419331453240289,43329.000000,"Heap size (KB)"
1419331474022789,43361.000000,"Heap size (KB)"
1419331481339143,19855618048.000000,"mem.virt"
1419331481339143,0.000000,"mem.locked"
1419331481339143,376901632.000000,"mem.rss.watermark"
1419331481339143,314896384.000000,"mem.rss"
1419331481339143,124542976.000000,"mem.rss.anon"
1419331481339143,158179328.000000,"mem.rss.file"
1419331481339143,32174080.000000,"mem.rss.shmem"
1419331481339143,18501632.000000,"mem.swap"
1419331481339143,0.000000,"oom_score_adj"
1419331489700080,43393.000000,"Heap size (KB)"
1419331494683882,43425.000000,"Heap size (KB)"
1419331495877268,43497.000000,"Heap size (KB)"
1419331497808882,43529.000000,"Heap size (KB)"
1419331498858882,43561.000000,"Heap size (KB)"
1419331500473101,43593.000000,"Heap size (KB)"
1419331500789664,43625.000000,"Heap size (KB)"
1419331506079351,43657.000000,"Heap size (KB)"
1419331531798257,43689.000000,"Heap size (KB)"
1419331535638570,43721.000000,"Heap size (KB)"
1419331547277632,43753.000000,"Heap size (KB)"
1419331548430914,43785.000000,"Heap size (KB)"
1419331548577580,43857.000000,"Heap size (KB)"
1419331563984976,43889.000000,"Heap size (KB)"
1419331581737789,19855618048.000000,"mem.virt"
1419331581737789,0.000000,"mem.locked"
1419331581737789,376901632.000000,"mem.rss.watermark"
1419331581737789,315420672.000000,"mem.rss"
1419331581737789,125067264.000000,"mem.rss.anon"
1419331581737789,158179328.000000,"mem.rss.file"
1419331581737789,32174080.000000,"mem.rss.shmem"
1419331581737789,18501632.000000,"mem.swap"
1419331581737789,0.000000,"oom_score_adj"
1419331585783882,43921.000000,"Heap size (KB)"
1419331589283882,43953.000000,"Heap size (KB)"
1419331592826174,43993.000000,"Heap size (KB)"
1419331603823257,44065.000000,"Heap size (KB)"
1419331620254038,44097.000000,"Heap size (KB)"
1419331621660913,44129.000000,"Heap size (KB)"
1419331628399038,44161.000000,"Heap size (KB)"
1419331639204351,44193.000000,"Heap size (KB)"
1419331645406851,44225.000000,"Heap size (KB)"
1419331647224663,44257.000000,"Heap size (KB)"
1419331649877788,44329.000000,"Heap size (KB)"
1419331668853257,44361.000000,"Heap size (KB)"
1419331670394143,44393.000000,"Heap size (KB)"
1419331681532736,19855618048.000000,"mem.virt"
1419331681532736,0.000000,"mem.locked"
1419331681532736,376901632.000000,"mem.rss.watermark"
1419331681532736,315944960.000000,"mem.rss"
1419331681532736,125591552.000000,"mem.rss.anon"
1419331681532736,158179328.000000,"mem.rss.file"
1419331681532736,32174080.000000,"mem.rss.shmem"
1419331681532736,18501632.000000,"mem.swap"
1419331681532736,0.000000,"oom_score_adj"
1419331687340913,44425.000000,"Heap size (KB)"
1419331689913518,44457.000000,"Heap size (KB)"
1419331707638570,44489.000000,"Heap size (KB)"
1419331708082007,44561.000000,"Heap size (KB)"
1419331728140861,44593.000000,"Heap size (KB)"
1419331731625288,44625.000000,"Heap size (KB)"
1419331746931226,44657.000000,"Heap size (KB)"
1419331747624976,44689.000000,"Heap size (KB)"
1419331756303101,44729.000000,"Heap size (KB)"
1419331766005913,44761.000000,"Heap size (KB)"
1419331766729976,44833.000000,"Heap size (KB)"
1419331781584976,19855618048.000000,"mem.virt"
1419331781584976,0.000000,"mem.locked"
1419331781584976,376901632.000000,"mem.rss.watermark"
1419331781584976,316469248.000000,"mem.rss"
1419331781584976,126115840.000000,"mem.rss.anon"
1419331781584976,158179328.000000,"mem.rss.file"
1419331781584976,32174080.000000,"mem.rss.shmem"
1419331781584976,18501632.000000,"mem.swap"
1419331781584976,0.000000,"oom_score_adj"
1419331786431955,44865.000000,"Heap size (KB)"
1419331795398101,44897.000000,"Heap size (KB)"
1419331797615601,44929.000000,"Heap size (KB)"
1419331809056955,44961.000000,"Heap size (KB)"
1419331815263205,44993.000000,"Heap size (KB)"
1419331815518726,45025.000000,"Heap size (KB)"
1419331815619924,45097.000000,"Heap size (KB)"
1419331835785080,45129.000000,"Heap size (KB)"
1419331847949507,45161.000000,"Heap size (KB)"
1419331848702111,45193.000000,"Heap size (KB)"
1419331868339195,45265.000000,"Heap size (KB)"
1419331870629507,45297.000000,"Heap size (KB)"
1419331877225757,45329.000000,"Heap size (KB)"
1419331878528882,45361.000000,"Heap size (KB)"
1419331881568570,19855618048.000000,"mem.virt"
1419331881568570,0.000000,"mem.locked"
1419331881568570,376901632.000000,"mem.rss.watermark"
1419331881568570,316993536.000000,"mem.rss"
1419331881568570,126640128.000000,"mem.rss.anon"
1419331881568570,158179328.000000,"mem.rss.file"
1419331881568570,32174080.000000,"mem.rss.shmem"
1419331881568570,18501632.000000,"mem.swap"
1419331881568570,0.000000,"oom_score_adj"
1419331893779299,45393.000000,"Heap size (KB)"
1419331897482632,45425.000000,"Heap size (KB)"
1419331901698830,45457.000000,"Heap size (KB)"
1419331918561382,45497.000000,"Heap size (KB)"
1419331923518830,45569.000000,"Heap size (KB)"
1419331928483882,45601.000000,"Heap size (KB)"
1419331938610601,45633.000000,"Heap size (KB)"
1419331942191382,45665.000000,"Heap size (KB)"
1419331960211799,45697.000000,"Heap size (KB)"
1419331961523830,45729.000000,"Heap size (KB)"
1419331970742893,45761.000000,"Heap size (KB)"
1419331971108101,45793.000000,"Heap size (KB)"
1419331978561643,45825.000000,"Heap size (KB)"
1419331980059038,45897.000000,"Heap size (KB)"
1419331981468101,19855618048.000000,"mem.virt"
1419331981468101,0.000000,"mem.locked"
1419331981468101,376901632.000000,"mem.rss.watermark"
1419331981468101,317255680.000000,"mem.rss"
1419331981468101,126902272.000000,"mem.rss.anon"
1419331981468101,158179328.000000,"mem.rss.file"
1419331981468101,32174080.000000,"mem.rss.shmem"
1419331981468101,18501632.000000,"mem.swap"
1419331981468101,0.000000,"oom_score_adj"
1419331989561643,45929.000000,"Heap size (KB)"
1419331998213413,45961.000000,"Heap size (KB)"
1419332011928518,45993.000000,"Heap size (KB)"
1419332034024143,46025.000000,"Heap size (KB)"
1419332036109976,46057.000000,"Heap size (KB)"
1419332036289507,46129.000000,"Heap size (KB)"
1419332039211174,46161.000000,"Heap size (KB)"
1419332039777268,46193.000000,"Heap size (KB)"
1419332056447736,46225.000000,"Heap size (KB)"
1419332074298674,46257.000000,"Heap size (KB)"
1419332075729663,46297.000000,"Heap size (KB)"
1419332076785757,46329.000000,"Heap size (KB)"
1419332078636642,46401.000000,"Heap size (KB)"
1419332081958726,19855618048.000000,"mem.virt"
1419332081958726,0.000000,"mem.locked"
1419332081958726,376901632.000000,"mem.rss.watermark"
1419332081958726,318042112.000000,"mem.rss"
1419332081958726,127688704.000000,"mem.rss.anon"
1419332081958726,158179328.000000,"mem.rss.file"
1419332081958726,32174080.000000,"mem.rss.shmem"
1419332081958726,18501632.000000,"mem.swap"
1419332081958726,0.000000,"oom_score_adj"
1419332085172267,46433.000000,"Heap size (KB)"
1419332096714976,46465.000000,"Heap size (KB)"
1419332105521174,46497.000000,"Heap size (KB)"
1419332124528570,46529.000000,"Heap size (KB)"
1419332125434507,46561.000000,"Heap size (KB)"
1419332130930445,46593.000000,"Heap size (KB)"
1419332140968257,46625.000000,"Heap size (KB)"
1419332142030392,46657.000000,"Heap size (KB)"
1419332143003882,46729.000000,"Heap size (KB)"
1419332147240132,46761.000000,"Heap size (KB)"
1419332156619142,46793.000000,"Heap size (KB)"
1419332176032632,46825.000000,"Heap size (KB)"
1419332181295132,19855618048.000000,"mem.virt"
1419332181295132,0.000000,"mem.locked"
1419332181295132,376901632.000000,"mem.rss.watermark"
1419332181295132,318566400.000000,"mem.rss"
1419332181295132,128212992.000000,"mem.rss.anon"
1419332181295132,158179328.000000,"mem.rss.file"
1419332181295132,32174080.000000,"mem.rss.shmem"
1419332181295132,18501632.000000,"mem.swap"
1419332181295132,0.000000,"oom_score_adj"
1419332183280288,46857.000000,"Heap size (KB)"
1419332185746851,46889.000000,"Heap size (KB)"
1419332193288830,46961.000000,"Heap size (KB)"
1419332197903726,46993.000000,"Heap size (KB)"
1419332199424455,47025.000000,"Heap size (KB)"
1419332210695080,47057.000000,"Heap size (KB)"
1419332218519142,47089.000000,"Heap size (KB)"
1419332237058726,47129.000000,"Heap size (KB)"
1419332254472580,47161.000000,"Heap size (KB)"
1419332254633570,47193.000000,"Heap size (KB)"
1419332254748413,47225.000000,"Heap size (KB)"
1419332255093101,47257.000000,"Heap size (KB)"
1419332256163101,47289.000000,"Heap size (KB)"
1419332256901330,47361.000000,"Heap size (KB)"
1419332257860549,47393.000000,"Heap size (KB)"
1419332275160757,47425.000000,"Heap size (KB)"
1419332281249194,19855618048.000000,"mem.virt"
1419332281249194,0.000000,"mem.locked"
1419332281249194,376901632.000000,"mem.rss.watermark"
1419332281249194,319221760.000000,"mem.rss"
1419332281249194,128868352.000000,"mem.rss.anon"
1419332281249194,158179328.000000,"mem.rss.file"
1419332281249194,32174080.000000,"mem.rss.shmem"
1419332281249194,18501632.000000,"mem.swap"
1419332281249194,0.000000,"oom_score_adj"
1419332281548569,47457.000000,"Heap size (KB)"
1419332292924194,47489.000000,"Heap size (KB)"
1419332293334976,47521.000000,"Heap size (KB)"
1419332297216330,47593.000000,"Heap size (KB)"
1419332300875913,47625.000000,"Heap size (KB)"
1419332301974507,47657.000000,"Heap size (KB)"
1419332314820705,47689.000000,"Heap size (KB)"
1419332333202424,47721.000000,"Heap size (KB)"
1419332338557319,47753.000000,"Heap size (KB)"
1419332347706174,47785.000000,"Heap size (KB)"
1419332349452580,47857.000000,"Heap size (KB)"
1419332351901694,47889.000000,"Heap size (KB)"
1419332352831330,47921.000000,"Heap size (KB)"
1419332371433257,47953.000000,"Heap size (KB)"
1419332381663257,19855618048.000000,"mem.virt"
1419332381663257,0.000000,"mem.locked"
1419332381663257,376901632.000000,"mem.rss.watermark"
1419332381663257,319725568.000000,"mem.rss"
1419332381663257,129241088.000000,"mem.rss.anon"
1419332381663257,158179328.000000,"mem.rss.file"
1419332381663257,32305152.000000,"mem.rss.shmem"
1419332381663257,18501632.000000,"mem.swap"
1419332381663257,0.000000,"oom_score_adj"
1419332389095913,47985.000000,"Heap size (KB)"
1419332400987424,48025.000000,"Heap size (KB)"
1419332405196694,48057.000000,"Heap size (KB)"
1419332405231382,48089.000000,"Heap size (KB)"
1419332405846851,48121.000000,"Heap size (KB)"
1419332406296226,48157.000000,"Heap size (KB)"
1419332407191538,48229.000000,"Heap size (KB)"
1419332409327007,48261.000000,"Heap size (KB)"
1419332439925913,48293.000000,"Heap size (KB)"
1419332445040757,48325.000000,"Heap size (KB)"
1419332457206538,48357.000000,"Heap size (KB)"
1419332461728882,48389.000000,"Heap size (KB)"
1419332462835132,48421.000000,"Heap size (KB)"
1419332462992788,48493.000000,"Heap size (KB)"
1419332463933517,48525.000000,"Heap size (KB)"
1419332464488517,48557.000000,"Heap size (KB)"
1419332481304767,19855618048.000000,"mem.virt"
1419332481304767,0.000000,"mem.locked"
1419332481304767,376901632.000000,"mem.rss.watermark"
1419332481304767,320380928.000000,"mem.rss"
1419332481304767,129896448.000000,"mem.rss.anon"
1419332481304767,158179328.000000,"mem.rss.file"
1419332481304767,32305152.000000,"mem.rss.shmem"
1419332481304767,18501632.000000,"mem.swap"
1419332481304767,0.000000,"oom_score_adj"
1419332483827476,48589.000000,"Heap size (KB)"
1419332496872788,48621.000000,"Heap size (KB)"
1419332506031694,48653.000000,"Heap size (KB)"
1419332508255444,48685.000000,"Heap size (KB)"
1419332509691382,48717.000000,"Heap size (KB)"
1419332524155288,48749.000000,"Heap size (KB)"
1419332524634924,48785.000000,"Heap size (KB)"
1419332525375444,48857.000000,"Heap size (KB)"
1419332547293413,48889.000000,"Heap size (KB)"
1419332549329819,48921.000000,"Heap size (KB)"
1419332559508726,48953.000000,"Heap size (KB)"
1419332563069507,48985.000000,"Heap size (KB)"
1419332564299819,49025.000000,"Heap size (KB)"
1419332572264507,49057.000000,"Heap size (KB)"
1419332573204819,49089.000000,"Heap size (KB)"
1419332573363569,49161.000000,"Heap size (KB)"
1419332580169038,49193.000000,"Heap size (KB)"
1419332581667788,19855618048.000000,"mem.virt"
1419332581667788,0.000000,"mem.locked"
1419332581667788,376901632.000000,"mem.rss.watermark"
1419332581667788,320905216.000000,"mem.rss"
1419332581667788,130420736.000000,"mem.rss.anon"
1419332581667788,158179328.000000,"mem.rss.file"
1419332581667788,32305152.000000,"mem.rss.shmem"
1419332581667788,18501632.000000,"mem.swap"
1419332581667788,0.000000,"oom_score_adj"
1419332593703257,49225.000000,"Heap size (KB)"
1419332598441799,49257.000000,"Heap size (KB)"
1419332611335236,49289.000000,"Heap size (KB)"
1419332615502007,49321.000000,"Heap size (KB)"
1419332617085080,49357.000000,"Heap size (KB)"
1419332617893257,49429.000000,"Heap size (KB)"
1419332627084194,49461.000000,"Heap size (KB)"
1419332635019038,49493.000000,"Heap size (KB)"
1419332643207007,49525.000000,"Heap size (KB)"
1419332643701382,49557.000000,"Heap size (KB)"
1419332644321851,49589.000000,"Heap size (KB)"
1419332680921642,49621.000000,"Heap size (KB)"
1419332681117267,19855618048.000000,"mem.virt"
1419332681117267,0.000000,"mem.locked"
1419332681117267,376901632.000000,"mem.rss.watermark"
1419332681117267,321167360.000000,"mem.rss"
1419332681117267,130682880.000000,"mem.rss.anon"
1419332681117267,158179328.000000,"mem.rss.file"
1419332681117267,32305152.000000,"mem.rss.shmem"
1419332681117267,18501632.000000,"mem.swap"
1419332681117267,0.000000,"oom_score_adj"
1419332682949351,49653.000000,"Heap size (KB)"
1419332683127788,49725.000000,"Heap size (KB)"
1419332688493882,49757.000000,"Heap size (KB)"
1419332698184194,49789.000000,"Heap size (KB)"
1419332703822632,49821.000000,"Heap size (KB)"
1419332704354351,49853.000000,"Heap size (KB)"
1419332723182944,49893.000000,"Heap size (KB)"
1419332725917007,49929.000000,"Heap size (KB)"
1419332726890288,50001.000000,"Heap size (KB)"
1419332730213882,50033.000000,"Heap size (KB)"
1419332739415392,50065.000000,"Heap size (KB)"
1419332746638048,50097.000000,"Heap size (KB)"
1419332755558569,50129.000000,"Heap size (KB)"
1419332766710757,50161.000000,"Heap size (KB)"
1419332767602476,50193.000000,"Heap size (KB)"
1419332776022788,50225.000000,"Heap size (KB)"
1419332781514142,19855618048.000000,"mem.virt"
1419332781514142,0.000000,"mem.locked"
1419332781514142,376901632.000000,"mem.rss.watermark"
1419332781514142,321560576.000000,"mem.rss"
1419332781514142,131338240.000000,"mem.rss.anon"
1419332781514142,157917184.000000,"mem.rss.file"
1419332781514142,32305152.000000,"mem.rss.shmem"
1419332781514142,18501632.000000,"mem.swap"
1419332781514142,0.000000,"oom_score_adj"
1419332786157007,50257.000000,"Heap size (KB)"
1419332786324767,50329.000000,"Heap size (KB)"
1419332790419038,50361.000000,"Heap size (KB)"
1419332801596069,50393.000000,"Heap size (KB)"
1419332802625132,50425.000000,"Heap size (KB)"
1419332818512163,50457.000000,"Heap size (KB)"
1419332840509194,50529.000000,"Heap size (KB)"
1419332842539351,50561.000000,"Heap size (KB)"
1419332843044923,50593.000000,"Heap size (KB)"
1419332846535913,50625.000000,"Heap size (KB)"
1419332855748257,50657.000000,"Heap size (KB)"
1419332876414663,50689.000000,"Heap size (KB)"
1419332877893257,50721.000000,"Heap size (KB)"
1419332880411069,50761.000000,"Heap size (KB)"
1419332881701642,19855618048.000000,"mem.virt"
1419332881701642,0.000000,"mem.locked"
1419332881701642,376901632.000000,"mem.rss.watermark"
1419332881701642,322084864.000000,"mem.rss"
1419332881701642,131862528.000000,"mem.rss.anon"
1419332881701642,157917184.000000,"mem.rss.file"
1419332881701642,32305152.000000,"mem.rss.shmem"
1419332881701642,18501632.000000,"mem.swap"
1419332881701642,0.000000,"oom_score_adj"
1419332892876642,50833.000000,"Heap size (KB)"
1419332895551226,50865.000000,"Heap size (KB)"
1419332895804038,50897.000000,"Heap size (KB)"
1419332897044767,50929.000000,"Heap size (KB)"
1419332918353569,50961.000000,"Heap size (KB)"
1419332935966538,50993.000000,"Heap size (KB)"
1419332936107475,51025.000000,"Heap size (KB)"
1419332938149923,51057.000000,"Heap size (KB)"
1419332938952163,51089.000000,"Heap size (KB)"
1419332940053569,51161.000000,"Heap size (KB)"
1419332942568517,51193.000000,"Heap size (KB)"
1419332947249194,51225.000000,"Heap size (KB)"
1419332975369350,51257.000000,"Heap size (KB)"
1419332981486850,19855618048.000000,"mem.virt"
1419332981486850,0.000000,"mem.locked"
1419332981486850,376901632.000000,"mem.rss.watermark"
1419332981486850,322609152.000000,"mem.rss"
1419332981486850,132386816.000000,"mem.rss.anon"
1419332981486850,157917184.000000,"mem.rss.file"
1419332981486850,32305152.000000,"mem.rss.shmem"
1419332981486850,18501632.000000,"mem.swap"
1419332981486850,0.000000,"oom_score_adj"
1419332992911850,51289.000000,"Heap size (KB)"
1419332993964819,51361.000000,"Heap size (KB)"
1419332995010288,51393.000000,"Heap size (KB)"
1419332996662267,51425.000000,"Heap size (KB)"
1419332998645132,51457.000000,"Heap size (KB)"
1419333010394663,51489.000000,"Heap size (KB)"
1419333015566225,51521.000000,"Heap size (KB)"
1419333029491538,51553.000000,"Heap size (KB)"
1419333031477267,51585.000000,"Heap size (KB)"
1419333041159194,51625.000000,"Heap size (KB)"
1419333055702163,51657.000000,"Heap size (KB)"
1419333056000600,51689.000000,"Heap size (KB)"
1419333057394194,51761.000000,"Heap size (KB)"
1419333059972475,51793.000000,"Heap size (KB)"
1419333072979038,51825.000000,"Heap size (KB)"
1419333073097475,51857.000000,"Heap size (KB)"
1419333081088413,19855618048.000000,"mem.virt"
1419333081088413,0.000000,"mem.locked"
1419333081088413,376901632.000000,"mem.rss.watermark"
1419333081088413,323133440.000000,"mem.rss"
1419333081088413,132911104.000000,"mem.rss.anon"
1419333081088413,157917184.000000,"mem.rss.file"
1419333081088413,32305152.000000,"mem.rss.shmem"
1419333081088413,18501632.000000,"mem.swap"
1419333081088413,0.000000,"oom_score_adj"
1419333088373725,51889.000000,"Heap size (KB)"
1419333096866694,51921.000000,"Heap size (KB)"
1419333100073048,51993.000000,"Heap size (KB)"
1419333103053257,52025.000000,"Heap size (KB)"
1419333118334507,52057.000000,"Heap size (KB)"
1419333128761382,52089.000000,"Heap size (KB)"
1419333131230392,52121.000000,"Heap size (KB)"
1419333136799923,52153.000000,"Heap size (KB)"
1419333138594038,52185.000000,"Heap size (KB)"
1419333152874663,52257.000000,"Heap size (KB)"
1419333155578673,52289.000000,"Heap size (KB)"
1419333180405913,52321.000000,"Heap size (KB)"
1419333180678361,52353.000000,"Heap size (KB)"
1419333180765444,52385.000000,"Heap size (KB)"
1419333180852423,52417.000000,"Heap size (KB)"
1419333181394350,19855618048.000000,"mem.virt"
1419333181394350,0.000000,"mem.locked"
1419333181394350,376901632.000000,"mem.rss.watermark"
1419333181394350,323919872.000000,"mem.rss"
1419333181394350,133697536.000000,"mem.rss.anon"
1419333181394350,157917184.000000,"mem.rss.file"
1419333181394350,32305152.000000,"mem.rss.shmem"
1419333181394350,18501632.000000,"mem.swap"
1419333181394350,0.000000,"oom_score_adj"
1419333189718569,52449.000000,"Heap size (KB)"
1419333196803986,52489.000000,"Heap size (KB)"
1419333198705132,52521.000000,"Heap size (KB)"
1419333199575705,52593.000000,"Heap size (KB)"
1419333202240288,52625.000000,"Heap size (KB)"
1419333227605288,52657.000000,"Heap size (KB)"
1419333246696538,52689.000000,"Heap size (KB)"
1419333248118569,52721.000000,"Heap size (KB)"
1419333252676642,52753.000000,"Heap size (KB)"
1419333255640913,52785.000000,"Heap size (KB)"
1419333257774923,52857.000000,"Heap size (KB)"
1419333278391069,52889.000000,"Heap size (KB)"
1419333281616694,19855618048.000000,"mem.virt"
1419333281616694,0.000000,"mem.locked"
1419333281616694,376901632.000000,"mem.rss.watermark"
1419333281616694,324313088.000000,"mem.rss"
1419333281616694,134090752.000000,"mem.rss.anon"
1419333281616694,157917184.000000,"mem.rss.file"
1419333281616694,32305152.000000,"mem.rss.shmem"
1419333281616694,18501632.000000,"mem.swap"
1419333281616694,0.000000,"oom_score_adj"
1419333286801069,52921.000000,"Heap size (KB)"
1419333297233569,52953.000000,"Heap size (KB)"
1419333300049819,52985.000000,"Heap size (KB)"
1419333304240757,53017.000000,"Heap size (KB)"
1419333307981069,53089.000000,"Heap size (KB)"
1419333330586955,53121.000000,"Heap size (KB)"
1419333346045600,53153.000000,"Heap size (KB)"
1419333347734507,53185.000000,"Heap size (KB)"
1419333352897736,53217.000000,"Heap size (KB)"
1419333360065861,53257.000000,"Heap size (KB)"
1419333363420861,53289.000000,"Heap size (KB)"
1419333365623725,53361.000000,"Heap size (KB)"
1419333375691173,53393.000000,"Heap size (KB)"
1419333381932475,19855618048.000000,"mem.virt"
1419333381932475,0.000000,"mem.locked"
1419333381932475,376901632.000000,"mem.rss.watermark"
1419333381932475,324968448.000000,"mem.rss"
1419333381932475,134746112.000000,"mem.rss.anon"
1419333381932475,157917184.000000,"mem.rss.file"
1419333381932475,32305152.000000,"mem.rss.shmem"
1419333381932475,18501632.000000,"mem.swap"
1419333381932475,0.000000,"oom_score_adj"
1419333386416694,53425.000000,"Heap size (KB)"
1419333387403413,53457.000000,"Heap size (KB)"
1419333395170392,53489.000000,"Heap size (KB)"
1419333397996798,53521.000000,"Heap size (KB)"
1419333398099975,53553.000000,"Heap size (KB)"
1419333398155444,53585.000000,"Heap size (KB)"
1419333398651225,53617.000000,"Heap size (KB)"
1419333398763882,53649.000000,"Heap size (KB)"
1419333398937475,53681.000000,"Heap size (KB)"
1419333399282944,53713.000000,"Heap size (KB)"
1419333399701329,53745.000000,"Heap size (KB)"
1419333400066486,53777.000000,"Heap size (KB)"
1419333400179819,53809.000000,"Heap size (KB)"
1419333404604038,53841.000000,"Heap size (KB)"
1419333409417892,53873.000000,"Heap size (KB)"
1419333411935132,53905.000000,"Heap size (KB)"
1419333417916069,53937.000000,"Heap size (KB)"
1419333419544454,54009.000000,"Heap size (KB)"
1419333438051329,54041.000000,"Heap size (KB)"
1419333465530444,54073.000000,"Heap size (KB)"
1419333466194663,54105.000000,"Heap size (KB)"
1419333466204611,54177.000000,"Heap size (KB)"
1419333467907475,54209.000000,"Heap size (KB)"
1419333480999038,19855618048.000000,"mem.virt"
1419333480999038,0.000000,"mem.locked"
1419333480999038,376901632.000000,"mem.rss.watermark"
1419333480999038,325492736.000000,"mem.rss"
1419333480999038,135270400.000000,"mem.rss.anon"
1419333480999038,157917184.000000,"mem.rss.file"
1419333480999038,32305152.000000,"mem.rss.shmem"
1419333480999038,18501632.000000,"mem.swap"
1419333480999038,0.000000,"oom_score_adj"
1419333484091225,54241.000000,"Heap size (KB)"
1419333488756382,54273.000000,"Heap size (KB)"
1419333515922111,54313.000000,"Heap size (KB)"
1419333522491225,54345.000000,"Heap size (KB)"
1419333524383829,54417.000000,"Heap size (KB)"
1419333528748257,54449.000000,"Heap size (KB)"
1419333539103569,54481.000000,"Heap size (KB)"
1419333542478725,54513.000000,"Heap size (KB)"
1419333546846642,54545.000000,"Heap size (KB)"
1419333549935913,54577.000000,"Heap size (KB)"
1419333550924350,54609.000000,"Heap size (KB)"
1419333551247163,54641.000000,"Heap size (KB)"
1419333551671017,54673.000000,"Heap size (KB)"
1419333551809194,54705.000000,"Heap size (KB)"
1419333570488100,54737.000000,"Heap size (KB)"
1419333578976225,54769.000000,"Heap size (KB)"
1419333580309975,54841.000000,"Heap size (KB)"
1419333581487163,54873.000000,"Heap size (KB)"
1419333581901329,19855618048.000000,"mem.virt"
1419333581901329,0.000000,"mem.locked"
1419333581901329,376901632.000000,"mem.rss.watermark"
1419333581901329,326266880.000000,"mem.rss"
1419333581901329,136044544.000000,"mem.rss.anon"
1419333581901329,157917184.000000,"mem.rss.file"
1419333581901329,32305152.000000,"mem.rss.shmem"
1419333581901329,18501632.000000,"mem.swap"
1419333581901329,0.000000,"oom_score_adj"
1419333586903986,54905.000000,"Heap size (KB)"
1419333589667163,54937.000000,"Heap size (KB)"
1419333604719454,54969.000000,"Heap size (KB)"
1419333611871538,55001.000000,"Heap size (KB)"
1419333623442163,55073.000000,"Heap size (KB)"
1419333631454611,55105.000000,"Heap size (KB)"
1419333641104194,55137.000000,"Heap size (KB)"
1419333646658413,55169.000000,"Heap size (KB)"
1419333662377579,55201.000000,"Heap size (KB)"
1419333664987423,55233.000000,"Heap size (KB)"
1419333671764506,55273.000000,"Heap size (KB)"
1419333673100756,55305.000000,"Heap size (KB)"
1419333679151954,55377.000000,"Heap size (KB)"
1419333680985756,19855618048.000000,"mem.virt"
1419333680985756,0.000000,"mem.locked"
1419333680985756,376901632.000000,"mem.rss.watermark"
1419333680985756,326922240.000000,"mem.rss"
1419333680985756,136699904.000000,"mem.rss.anon"
1419333680985756,157917184.000000,"mem.rss.file"
1419333680985756,32305152.000000,"mem.rss.shmem"
1419333680985756,18501632.000000,"mem.swap"
1419333680985756,0.000000,"oom_score_adj"
1419333690006173,55409.000000,"Heap size (KB)"
1419333697442163,55441.000000,"Heap size (KB)"
1419333702532892,55473.000000,"Heap size (KB)"
1419333702882111,55505.000000,"Heap size (KB)"
1419333703290913,55537.000000,"Heap size (KB)"
1419333703367006,55569.000000,"Heap size (KB)"
1419333711279975,55601.000000,"Heap size (KB)"
1419333719594038,55633.000000,"Heap size (KB)"
1419333727287475,55665.000000,"Heap size (KB)"
1419333733930131,55697.000000,"Heap size (KB)"
1419333733991225,55729.000000,"Heap size (KB)"
1419333735044975,55761.000000,"Heap size (KB)"
1419333736002475,55833.000000,"Heap size (KB)"
1419333748184038,55865.000000,"Heap size (KB)"
1419333753697631,55897.000000,"Heap size (KB)"
1419333772078361,55929.000000,"Heap size (KB)"
1419333781144767,55961.000000,"Heap size (KB)"
1419333781196381,19855618048.000000,"mem.virt"
1419333781196381,0.000000,"mem.locked"
1419333781196381,376901632.000000,"mem.rss.watermark"
1419333781196381,327577600.000000,"mem.rss"
1419333781196381,137355264.000000,"mem.rss.anon"
1419333781196381,157917184.000000,"mem.rss.file"
1419333781196381,32305152.000000,"mem.rss.shmem"
1419333781196381,18501632.000000,"mem.swap"
1419333781196381,0.000000,"oom_score_adj"
1419333781436694,55993.000000,"Heap size (KB)"
1419333783502475,56025.000000,"Heap size (KB)"
1419333784376486,56057.000000,"Heap size (KB)"
1419333786581694,56129.000000,"Heap size (KB)"
1419333802798256,56161.000000,"Heap size (KB)"
1419333830452736,56193.000000,"Heap size (KB)"
1419333834492579,56233.000000,"Heap size (KB)"
1419333836197788,56265.000000,"Heap size (KB)"
1419333836620131,56297.000000,"Heap size (KB)"
1419333838534350,56329.000000,"Heap size (KB)"
1419333838725444,56401.000000,"Heap size (KB)"
1419333839791381,56433.000000,"Heap size (KB)"
1419333848192736,56465.000000,"Heap size (KB)"
1419333881769298,19855618048.000000,"mem.virt"
1419333881769298,0.000000,"mem.locked"
1419333881769298,376901632.000000,"mem.rss.watermark"
1419333881769298,328232960.000000,"mem.rss"
1419333881769298,138010624.000000,"mem.rss.anon"
1419333881769298,157917184.000000,"mem.rss.file"
1419333881769298,32305152.000000,"mem.rss.shmem"
1419333881769298,18501632.000000,"mem.swap"
1419333881769298,0.000000,"oom_score_adj"
1419333888616225,56497.000000,"Heap size (KB)"
1419333888846381,56529.000000,"Heap size (KB)"
1419333889245444,56561.000000,"Heap size (KB)"
1419333892588569,56633.000000,"Heap size (KB)"
1419333904411225,56665.000000,"Heap size (KB)"
1419333905776954,56697.000000,"Heap size (KB)"
1419333906295079,56729.000000,"Heap size (KB)"
1419333910214975,56761.000000,"Heap size (KB)"
1419333939750756,56793.000000,"Heap size (KB)"
1419333944642579,56825.000000,"Heap size (KB)"
1419333946924923,56897.000000,"Heap size (KB)"
1419333961945913,56929.000000,"Heap size (KB)"
1419333962456798,56961.000000,"Heap size (KB)"
1419333963993725,56993.000000,"Heap size (KB)"
1419333966541069,57025.000000,"Heap size (KB)"
1419333981621381,19855618048.000000,"mem.virt"
1419333981621381,0.000000,"mem.locked"
1419333981621381,376901632.000000,"mem.rss.watermark"
1419333981621381,328626176.000000,"mem.rss"
1419333981621381,138403840.000000,"mem.rss.anon"
1419333981621381,157917184.000000,"mem.rss.file"
1419333981621381,32305152.000000,"mem.rss.shmem"
1419333981621381,18501632.000000,"mem.swap"
1419333981621381,0.000000,"oom_score_adj"
1419333996607579,57057.000000,"Heap size (KB)"
1419333997094194,57097.000000,"Heap size (KB)"
1419333997636381,57129.000000,"Heap size (KB)"
1419333998610600,57161.000000,"Heap size (KB)"
1419334000067163,57233.000000,"Heap size (KB)"
1419334003321381,57265.000000,"Heap size (KB)"
1419334012395288,57297.000000,"Heap size (KB)"
1419334020667631,57329.000000,"Heap size (KB)"
1419334046539663,57361.000000,"Heap size (KB)"
1419334049308413,57393.000000,"Heap size (KB)"
1419334052735860,57425.000000,"Heap size (KB)"
1419334055071954,57457.000000,"Heap size (KB)"
1419334056111069,57489.000000,"Heap size (KB)"
1419334056966850,57561.000000,"Heap size (KB)"
1419334065824819,57593.000000,"Heap size (KB)"
1419334072030913,57625.000000,"Heap size (KB)"
1419334081927944,19855618048.000000,"mem.virt"
1419334081927944,0.000000,"mem.locked"
1419334081927944,376901632.000000,"mem.rss.watermark"
1419334081927944,329281536.000000,"mem.rss"
1419334081927944,139059200.000000,"mem.rss.anon"
1419334081927944,157917184.000000,"mem.rss.file"
1419334081927944,32305152.000000,"mem.rss.shmem"
1419334081927944,18501632.000000,"mem.swap"
1419334081927944,0.000000,"oom_score_adj"
1419334097898360,57657.000000,"Heap size (KB)"
1419334101516485,57689.000000,"Heap size (KB)"
1419334106598829,57725.000000,"Heap size (KB)"
1419334107320444,57797.000000,"Heap size (KB)"
1419334108883725,57829.000000,"Heap size (KB)"
1419334125364038,57861.000000,"Heap size (KB)"
1419334126033100,57893.000000,"Heap size (KB)"
1419334131119298,57925.000000,"Heap size (KB)"
1419334140652475,57957.000000,"Heap size (KB)"
1419334155887892,57997.000000,"Heap size (KB)"
1419334159513881,58029.000000,"Heap size (KB)"
1419334159663413,58101.000000,"Heap size (KB)"
1419334164163881,58133.000000,"Heap size (KB)"
1419334181286850,58165.000000,"Heap size (KB)"
1419334181693048,19855618048.000000,"mem.virt"
1419334181693048,0.000000,"mem.locked"
1419334181693048,376901632.000000,"mem.rss.watermark"
1419334181693048,329805824.000000,"mem.rss"
1419334181693048,139583488.000000,"mem.rss.anon"
1419334181693048,157917184.000000,"mem.rss.file"
1419334181693048,32305152.000000,"mem.rss.shmem"
1419334181693048,18501632.000000,"mem.swap"
1419334181693048,0.000000,"oom_score_adj"
1419334188016225,58197.000000,"Heap size (KB)"
1419334198172319,58229.000000,"Heap size (KB)"
1419334198317163,58261.000000,"Heap size (KB)"
1419334213064663,58293.000000,"Heap size (KB)"
1419334219386485,58329.000000,"Heap size (KB)"
1419334220207319,58401.000000,"Heap size (KB)"
1419334238405912,58433.000000,"Heap size (KB)"
1419334242034298,58465.000000,"Heap size (KB)"
1419334242298256,58497.000000,"Heap size (KB)"
1419334247182110,58529.000000,"Heap size (KB)"
1419334247982735,58561.000000,"Heap size (KB)"
1419334267928360,58593.000000,"Heap size (KB)"
1419334268088412,58665.000000,"Heap size (KB)"
1419334281663412,19855618048.000000,"mem.virt"
1419334281663412,0.000000,"mem.locked"
1419334281663412,376901632.000000,"mem.rss.watermark"
1419334281663412,330199040.000000,"mem.rss"
1419334281663412,139976704.000000,"mem.rss.anon"
1419334281663412,157917184.000000,"mem.rss.file"
1419334281663412,32305152.000000,"mem.rss.shmem"
1419334281663412,18501632.000000,"mem.swap"
1419334281663412,0.000000,"oom_score_adj"
1419334289264037,58697.000000,"Heap size (KB)"
1419334300560287,58729.000000,"Heap size (KB)"
1419334305047579,58761.000000,"Heap size (KB)"
1419334307302319,58793.000000,"Heap size (KB)"
1419334313023673,58833.000000,"Heap size (KB)"
1419334318470600,58865.000000,"Heap size (KB)"
1419334318999662,58901.000000,"Heap size (KB)"
1419334319789662,58973.000000,"Heap size (KB)"
1419334328401798,59005.000000,"Heap size (KB)"
1419334346033256,59037.000000,"Heap size (KB)"
1419334356278725,59069.000000,"Heap size (KB)"
1419334367768881,59101.000000,"Heap size (KB)"
1419334372458725,59133.000000,"Heap size (KB)"
1419334373016329,59165.000000,"Heap size (KB)"
1419334374001173,59197.000000,"Heap size (KB)"
1419334374153256,59269.000000,"Heap size (KB)"
1419334378307319,59301.000000,"Heap size (KB)"
1419334381131225,19855618048.000000,"mem.virt"
1419334381131225,0.000000,"mem.locked"
1419334381131225,376901632.000000,"mem.rss.watermark"
1419334381131225,330854400.000000,"mem.rss"
1419334381131225,140632064.000000,"mem.rss.anon"
1419334381131225,157917184.000000,"mem.rss.file"
1419334381131225,32305152.000000,"mem.rss.shmem"
1419334381131225,18501632.000000,"mem.swap"
1419334381131225,0.000000,"oom_score_adj"
1419334391717110,59333.000000,"Heap size (KB)"
1419334396437787,59365.000000,"Heap size (KB)"
1419334414604819,59397.000000,"Heap size (KB)"
1419334431612892,59429.000000,"Heap size (KB)"
1419334432029610,59465.000000,"Heap size (KB)"
1419334432843412,59537.000000,"Heap size (KB)"
1419334432902319,59569.000000,"Heap size (KB)"
1419334435486642,59601.000000,"Heap size (KB)"
1419334446981694,59633.000000,"Heap size (KB)"
1419334454587162,59665.000000,"Heap size (KB)"
1419334476665392,59705.000000,"Heap size (KB)"
1419334479565444,59737.000000,"Heap size (KB)"
1419334480421850,59769.000000,"Heap size (KB)"
1419334480581381,59841.000000,"Heap size (KB)"
1419334481828204,19855618048.000000,"mem.virt"
1419334481828204,0.000000,"mem.locked"
1419334481828204,376901632.000000,"mem.rss.watermark"
1419334481828204,331440128.000000,"mem.rss"
1419334481828204,141217792.000000,"mem.rss.anon"
1419334481828204,157917184.000000,"mem.rss.file"
1419334481828204,32305152.000000,"mem.rss.shmem"
1419334481828204,18501632.000000,"mem.swap"
1419334481828204,0.000000,"oom_score_adj"
1419334497628881,59873.000000,"Heap size (KB)"
1419334497974194,59905.000000,"Heap size (KB)"
1419334498838256,59937.000000,"Heap size (KB)"
1419334501115235,59969.000000,"Heap size (KB)"
1419334507263412,60001.000000,"Heap size (KB)"
1419334514746850,60033.000000,"Heap size (KB)"
1419334527479037,60065.000000,"Heap size (KB)"
1419334531159194,60097.000000,"Heap size (KB)"
1419334538176173,60169.000000,"Heap size (KB)"
1419334540653569,60201.000000,"Heap size (KB)"
1419334547022110,60233.000000,"Heap size (KB)"
1419334564855704,60265.000000,"Heap size (KB)"
1419334565889662,60297.000000,"Heap size (KB)"
1419334578738985,60329.000000,"Heap size (KB)"
1419334581002006,19855618048.000000,"mem.virt"
1419334581002006,0.000000,"mem.locked"
1419334581002006,376901632.000000,"mem.rss.watermark"
1419334581002006,331964416.000000,"mem.rss"
1419334581002006,141742080.000000,"mem.rss.anon"
1419334581002006,157917184.000000,"mem.rss.file"
1419334581002006,32305152.000000,"mem.rss.shmem"
1419334581002006,18501632.000000,"mem.swap"
1419334581002006,0.000000,"oom_score_adj"
1419334588585860,60361.000000,"Heap size (KB)"
1419334597867423,60393.000000,"Heap size (KB)"
1419334598808412,60465.000000,"Heap size (KB)"
1419334601384037,60497.000000,"Heap size (KB)"
1419334611155860,60529.000000,"Heap size (KB)"
1419334612081694,60561.000000,"Heap size (KB)"
1419334628776850,60593.000000,"Heap size (KB)"
1419334635863517,60633.000000,"Heap size (KB)"
1419334638595548,60665.000000,"Heap size (KB)"
1419334649221537,60737.000000,"Heap size (KB)"
1419334649920860,60769.000000,"Heap size (KB)"
1419334651702475,60801.000000,"Heap size (KB)"
1419334665594037,60833.000000,"Heap size (KB)"
1419334672060287,60865.000000,"Heap size (KB)"
1419334681416069,19855618048.000000,"mem.virt"
1419334681416069,0.000000,"mem.locked"
1419334681416069,376901632.000000,"mem.rss.watermark"
1419334681416069,332357632.000000,"mem.rss"
1419334681416069,142135296.000000,"mem.rss.anon"
1419334681416069,157917184.000000,"mem.rss.file"
1419334681416069,32305152.000000,"mem.rss.shmem"
1419334681416069,18501632.000000,"mem.swap"
1419334681416069,0.000000,"oom_score_adj"
1419334689714350,60897.000000,"Heap size (KB)"
1419334689777631,60929.000000,"Heap size (KB)"
1419334690568412,60961.000000,"Heap size (KB)"
1419334705281694,60993.000000,"Heap size (KB)"
1419334707199506,61065.000000,"Heap size (KB)"
1419334709830600,61097.000000,"Heap size (KB)"
1419334723775235,61129.000000,"Heap size (KB)"
1419334724759454,61161.000000,"Heap size (KB)"
1419334742559975,61193.000000,"Heap size (KB)"
1419334746301173,61225.000000,"Heap size (KB)"
1419334758088881,61257.000000,"Heap size (KB)"
1419334758834923,61329.000000,"Heap size (KB)"
1419334761299662,61361.000000,"Heap size (KB)"
1419334771741850,61393.000000,"Heap size (KB)"
1419334772162162,61425.000000,"Heap size (KB)"
1419334781718881,19855618048.000000,"mem.virt"
1419334781718881,0.000000,"mem.locked"
1419334781718881,376901632.000000,"mem.rss.watermark"
1419334781718881,332881920.000000,"mem.rss"
1419334781718881,142659584.000000,"mem.rss.anon"
1419334781718881,157917184.000000,"mem.rss.file"
1419334781718881,32305152.000000,"mem.rss.shmem"
1419334781718881,18501632.000000,"mem.swap"
1419334781718881,0.000000,"oom_score_adj"
1419334796508412,61457.000000,"Heap size (KB)"
1419334798347162,61489.000000,"Heap size (KB)"
1419334798588569,61521.000000,"Heap size (KB)"
1419334799393048,61561.000000,"Heap size (KB)"
1419334816831173,61633.000000,"Heap size (KB)"
1419334818469662,61665.000000,"Heap size (KB)"
1419334819269506,61697.000000,"Heap size (KB)"
1419334834231069,61729.000000,"Heap size (KB)"
1419334847416381,61761.000000,"Heap size (KB)"
1419334854586641,61793.000000,"Heap size (KB)"
1419334854834975,61825.000000,"Heap size (KB)"
1419334864656069,61857.000000,"Heap size (KB)"
1419334866112891,61929.000000,"Heap size (KB)"
1419334868605391,61961.000000,"Heap size (KB)"
1419334870051798,61993.000000,"Heap size (KB)"
1419334871983673,62025.000000,"Heap size (KB)"
1419334880835912,62057.000000,"Heap size (KB)"
1419334881456537,19855618048.000000,"mem.virt"
1419334881456537,0.000000,"mem.locked"
1419334881456537,376901632.000000,"mem.rss.watermark"
1419334881456537,333623296.000000,"mem.rss"
1419334881456537,143400960.000000,"mem.rss.anon"
1419334881456537,157917184.000000,"mem.rss.file"
1419334881456537,32305152.000000,"mem.rss.shmem"
1419334881456537,18501632.000000,"mem.swap"
1419334881456537,0.000000,"oom_score_adj"
1419334884122787,62089.000000,"Heap size (KB)"
1419334916321329,62121.000000,"Heap size (KB)"
1419334916625391,62153.000000,"Heap size (KB)"
1419334916871173,62185.000000,"Heap size (KB)"
1419334917859506,62257.000000,"Heap size (KB)"
1419334920307787,62289.000000,"Heap size (KB)"
1419334937186798,62321.000000,"Heap size (KB)"
1419334937953256,62353.000000,"Heap size (KB)"
1419334957230912,62385.000000,"Heap size (KB)"
1419334959175131,62425.000000,"Heap size (KB)"
1419334959298412,62457.000000,"Heap size (KB)"
1419334974764662,62529.000000,"Heap size (KB)"
1419334978331225,62561.000000,"Heap size (KB)"
1419334981393829,19855618048.000000,"mem.virt"
1419334981393829,0.000000,"mem.locked"
1419334981393829,376901632.000000,"mem.rss.watermark"
1419334981393829,334278656.000000,"mem.rss"
1419334981393829,144056320.000000,"mem.rss.anon"
1419334981393829,157917184.000000,"mem.rss.file"
1419334981393829,32305152.000000,"mem.rss.shmem"
1419334981393829,18501632.000000,"mem.swap"
1419334981393829,0.000000,"oom_score_adj"
1419334988288673,62593.000000,"Heap size (KB)"
1419334989004766,62625.000000,"Heap size (KB)"
1419335014205131,62657.000000,"Heap size (KB)"
1419335014540391,62689.000000,"Heap size (KB)"
1419335016121225,62721.000000,"Heap size (KB)"
1419335016925600,62793.000000,"Heap size (KB)"
1419335035608985,62825.000000,"Heap size (KB)"
1419335038723412,62857.000000,"Heap size (KB)"
1419335057876798,62889.000000,"Heap size (KB)"
1419335059050079,62921.000000,"Heap size (KB)"
1419335077379298,62953.000000,"Heap size (KB)"
1419335078447631,63025.000000,"Heap size (KB)"
1419335081122631,19855618048.000000,"mem.virt"
1419335081122631,0.000000,"mem.locked"
1419335081122631,376901632.000000,"mem.rss.watermark"
1419335081122631,334671872.000000,"mem.rss"
1419335081122631,144449536.000000,"mem.rss.anon"
1419335081122631,157917184.000000,"mem.rss.file"
1419335081122631,32305152.000000,"mem.rss.shmem"
1419335081122631,18501632.000000,"mem.swap"
1419335081122631,0.000000,"oom_score_adj"
1419335095028100,63057.000000,"Heap size (KB)"
1419335095909975,63089.000000,"Heap size (KB)"
1419335115844506,63121.000000,"Heap size (KB)"
1419335118714662,63161.000000,"Heap size (KB)"
1419335134462891,63193.000000,"Heap size (KB)"
1419335135272423,63265.000000,"Heap size (KB)"
1419335139389454,63297.000000,"Heap size (KB)"
1419335146613360,63329.000000,"Heap size (KB)"
1419335153638256,63361.000000,"Heap size (KB)"
1419335169153725,63393.000000,"Heap size (KB)"
1419335172492162,63425.000000,"Heap size (KB)"
1419335175498725,63497.000000,"Heap size (KB)"
1419335181826173,19855618048.000000,"mem.virt"
1419335181826173,0.000000,"mem.locked"
1419335181826173,376901632.000000,"mem.rss.watermark"
1419335181826173,335065088.000000,"mem.rss"
1419335181826173,144842752.000000,"mem.rss.anon"
1419335181826173,157917184.000000,"mem.rss.file"
1419335181826173,32305152.000000,"mem.rss.shmem"
1419335181826173,18501632.000000,"mem.swap"
1419335181826173,0.000000,"oom_score_adj"
1419335193099662,63529.000000,"Heap size (KB)"
1419335196748204,63561.000000,"Heap size (KB)"
1419335199001693,63593.000000,"Heap size (KB)"
1419335216834923,63625.000000,"Heap size (KB)"
1419335217178100,63657.000000,"Heap size (KB)"
1419335219640860,63689.000000,"Heap size (KB)"
1419335233418673,63721.000000,"Heap size (KB)"
1419335235043985,63753.000000,"Heap size (KB)"
1419335235308100,63825.000000,"Heap size (KB)"
1419335270692891,63857.000000,"Heap size (KB)"
1419335272459454,63889.000000,"Heap size (KB)"
1419335279882943,63929.000000,"Heap size (KB)"
1419335281534141,19855618048.000000,"mem.virt"
1419335281534141,0.000000,"mem.locked"
1419335281534141,376901632.000000,"mem.rss.watermark"
1419335281534141,335589376.000000,"mem.rss"
1419335281534141,145367040.000000,"mem.rss.anon"
1419335281534141,157917184.000000,"mem.rss.file"
1419335281534141,32305152.000000,"mem.rss.shmem"
1419335281534141,18501632.000000,"mem.swap"
1419335281534141,0.000000,"oom_score_adj"
1419335287707423,63961.000000,"Heap size (KB)"
1419335291407891,64033.000000,"Heap size (KB)"
1419335293653360,64065.000000,"Heap size (KB)"
1419335296311173,64097.000000,"Heap size (KB)"
1419335324782891,64129.000000,"Heap size (KB)"
1419335334422475,64161.000000,"Heap size (KB)"
1419335334746485,64193.000000,"Heap size (KB)"
1419335335658204,64225.000000,"Heap size (KB)"
1419335338115443,64257.000000,"Heap size (KB)"
1419335350746068,64329.000000,"Heap size (KB)"
1419335351220079,64361.000000,"Heap size (KB)"
1419335371747631,64393.000000,"Heap size (KB)"
1419335381420600,19855618048.000000,"mem.virt"
1419335381420600,0.000000,"mem.locked"
1419335381420600,376901632.000000,"mem.rss.watermark"
1419335381420600,336244736.000000,"mem.rss"
1419335381420600,146022400.000000,"mem.rss.anon"
1419335381420600,157917184.000000,"mem.rss.file"
1419335381420600,32305152.000000,"mem.rss.shmem"
1419335381420600,18501632.000000,"mem.swap"
1419335381420600,0.000000,"oom_score_adj"
1419335385819350,64425.000000,"Heap size (KB)"
1419335388582631,64457.000000,"Heap size (KB)"
1419335390014975,64529.000000,"Heap size (KB)"
1419335393838256,64561.000000,"Heap size (KB)"
1419335407517006,64593.000000,"Heap size (KB)"
1419335411538829,64625.000000,"Heap size (KB)"
1419335427278568,64657.000000,"Heap size (KB)"
1419335436529818,64697.000000,"Heap size (KB)"
1419335439171485,64729.000000,"Heap size (KB)"
1419335439499922,64761.000000,"Heap size (KB)"
1419335441598725,64833.000000,"Heap size (KB)"
1419335444465131,64901.000000,"Heap size (KB)"
1419335444474766,65161.000000,"Heap size (KB)"
1419335444481693,65421.000000,"Heap size (KB)"
1419335445574975,65493.000000,"Heap size (KB)"
1419335448031068,66009.000000,"Heap size (KB)"
1419335448037735,66525.000000,"Heap size (KB)"
1419335449249350,66593.000000,"Heap size (KB)"
1419335460091016,66625.000000,"Heap size (KB)"
1419335473944975,66657.000000,"Heap size (KB)"
1419335476962162,66689.000000,"Heap size (KB)"
1419335477381016,66721.000000,"Heap size (KB)"
1419335481910391,19855618048.000000,"mem.virt"
1419335481910391,0.000000,"mem.locked"
1419335481910391,376901632.000000,"mem.rss.watermark"
1419335481910391,337293312.000000,"mem.rss"
1419335481910391,147070976.000000,"mem.rss.anon"
1419335481910391,157917184.000000,"mem.rss.file"
1419335481910391,32305152.000000,"mem.rss.shmem"
1419335481910391,18501632.000000,"mem.swap"
1419335481910391,0.000000,"oom_score_adj"
1419335488728256,66753.000000,"Heap size (KB)"
1419335489135756,66785.000000,"Heap size (KB)"
1419335496289818,66857.000000,"Heap size (KB)"
1419335496355912,66889.000000,"Heap size (KB)"
1419335499439037,66957.000000,"Heap size (KB)"
1419335499448829,67217.000000,"Heap size (KB)"
1419335499453256,67477.000000,"Heap size (KB)"
1419335500398412,67513.000000,"Heap size (KB)"
1419335500468204,67585.000000,"Heap size (KB)"
1419335503135287,68101.000000,"Heap size (KB)"
1419335503141797,68617.000000,"Heap size (KB)"
1419335503180912,68877.000000,"Heap size (KB)"
1419335503186797,69137.000000,"Heap size (KB)"
1419335511698100,69169.000000,"Heap size (KB)"
1419335513647787,69237.000000,"Heap size (KB)"
1419335526074297,69269.000000,"Heap size (KB)"
1419335535339297,69301.000000,"Heap size (KB)"
1419335546492787,69333.000000,"Heap size (KB)"
1419335546851693,69365.000000,"Heap size (KB)"
1419335548882318,69437.000000,"Heap size (KB)"
1419335551845131,69505.000000,"Heap size (KB)"
1419335551854766,69765.000000,"Heap size (KB)"
1419335551860599,70025.000000,"Heap size (KB)"
1419335552607006,70097.000000,"Heap size (KB)"
1419335555217422,70613.000000,"Heap size (KB)"
1419335555263099,71129.000000,"Heap size (KB)"
1419335555301224,71389.000000,"Heap size (KB)"
1419335555307006,71649.000000,"Heap size (KB)"
1419335555356381,6833.000000,"Minflt-GC"
1419335555359922,1.000000,"Majflt-GC"
1419335555587006,6905.000000,"Minflt-GC"
1419335555589922,1.000000,"Majflt-GC"
1419335556047579,71681.000000,"Heap size (KB)"
1419335567160287,7553.000000,"Minflt-GC"
1419335567163881,1.000000,"Majflt-GC"
1419335567212162,71713.000000,"Heap size (KB)"
1419335567240912,71745.000000,"Heap size (KB)"
1419335567241016,71777.000000,"Heap size (KB)"
1419335567268881,71809.000000,"Heap size (KB)"
1419335570727474,71841.000000,"Heap size (KB)"
1419335571474037,71873.000000,"Heap size (KB)"
1419335571659766,71905.000000,"Heap size (KB)"
1419335574282631,71973.000000,"Heap size (KB)"
1419335574479454,72005.000000,"Heap size (KB)"
1419335581093881,19855618048.000000,"mem.virt"
1419335581093881,0.000000,"mem.locked"
1419335581093881,376901632.000000,"mem.rss.watermark"
1419335581093881,317849600.000000,"mem.rss"
1419335581093881,127627264.000000,"mem.rss.anon"
1419335581093881,157917184.000000,"mem.rss.file"
1419335581093881,32305152.000000,"mem.rss.shmem"
1419335581093881,18501632.000000,"mem.swap"
1419335581093881,0.000000,"oom_score_adj"
1419335581816172,72005.000000,"Heap size (KB)"
1419335581819610,56109.000000,"Heap size (KB)"
1419335585987266,29857.000000,"Heap size (KB)"
1419335585994297,7573.000000,"Minflt-GC"
1419335585997110,1.000000,"Majflt-GC"
1419335596894454,29889.000000,"Heap size (KB)"
1419335599006693,29921.000000,"Heap size (KB)"
1419335605007474,29953.000000,"Heap size (KB)"
1419335605046224,29985.000000,"Heap size (KB)"
1419335605316068,30017.000000,"Heap size (KB)"
1419335605516849,7752.000000,"Minflt-GC"
1419335605520443,1.000000,"Majflt-GC"
1419335606698412,30089.000000,"Heap size (KB)"
1419335609534349,30157.000000,"Heap size (KB)"
1419335609555756,30417.000000,"Heap size (KB)"
1419335609561693,30677.000000,"Heap size (KB)"
1419335610357735,26882048.000000,"freed_normal_object_bytes"
1419335610360443,16277504.000000,"freed_large_object_bytes"
1419335610363099,43159552.000000,"freed_bytes"
1419335610466693,30749.000000,"Heap size (KB)"
1419335613273516,31265.000000,"Heap size (KB)"
1419335613279766,31781.000000,"Heap size (KB)"
1419335613316485,32041.000000,"Heap size (KB)"
1419335613321849,32301.000000,"Heap size (KB)"
1419335613733881,32333.000000,"Heap size (KB)"
1419335614073256,32365.000000,"Heap size (KB)"
1419335614688672,32397.000000,"Heap size (KB)"
1419335630093516,32429.000000,"Heap size (KB)"
1419335630750287,32461.000000,"Heap size (KB)"
1419335633655860,32493.000000,"Heap size (KB)"
1419335639546224,32561.000000,"Heap size (KB)"
1419335639692891,32593.000000,"Heap size (KB)"
1419335646589454,32633.000000,"Heap size (KB)"
1419335647252735,32665.000000,"Heap size (KB)"
1419335648030756,32697.000000,"Heap size (KB)"
1419335664648412,32729.000000,"Heap size (KB)"
1419335665230912,32761.000000,"Heap size (KB)"
1419335665714193,32793.000000,"Heap size (KB)"
1419335666162579,32865.000000,"Heap size (KB)"
1419335668995599,32933.000000,"Heap size (KB)"
1419335669005131,33193.000000,"Heap size (KB)"
1419335669010860,33453.000000,"Heap size (KB)"
1419335669658360,33485.000000,"Heap size (KB)"
1419335669680443,33557.000000,"Heap size (KB)"
1419335672376693,34073.000000,"Heap size (KB)"
1419335672382787,34589.000000,"Heap size (KB)"
1419335675674766,34849.000000,"Heap size (KB)"
1419335675680912,35109.000000,"Heap size (KB)"
1419335679085287,35177.000000,"Heap size (KB)"
1419335681062266,19855618048.000000,"mem.virt"
1419335681062266,0.000000,"mem.locked"
1419335681062266,376901632.000000,"mem.rss.watermark"
1419335681062266,302559232.000000,"mem.rss"
1419335681062266,112336896.000000,"mem.rss.anon"
1419335681062266,157917184.000000,"mem.rss.file"
1419335681062266,32305152.000000,"mem.rss.shmem"
1419335681062266,18501632.000000,"mem.swap"
1419335681062266,0.000000,"oom_score_adj"
1419335687842110,35209.000000,"Heap size (KB)"
1419335699424193,35241.000000,"Heap size (KB)"
1419335702031849,35273.000000,"Heap size (KB)"
1419335702337474,35305.000000,"Heap size (KB)"
1419335703416172,35377.000000,"Heap size (KB)"
1419335703959922,35409.000000,"Heap size (KB)"
1419335706510756,35477.000000,"Heap size (KB)"
1419335706520912,35737.000000,"Heap size (KB)"
1419335706526329,35997.000000,"Heap size (KB)"
1419335707255912,36029.000000,"Heap size (KB)"
1419335707287943,36101.000000,"Heap size (KB)"
1419335709871381,36617.000000,"Heap size (KB)"
1419335709877422,37133.000000,"Heap size (KB)"
1419335713726329,37393.000000,"Heap size (KB)"
1419335713733724,37653.000000,"Heap size (KB)"
1419335718250912,37685.000000,"Heap size (KB)"
1419335718949349,37753.000000,"Heap size (KB)"
1419335723024610,37785.000000,"Heap size (KB)"
1419335738019193,37817.000000,"Heap size (KB)"
1419335747810287,37849.000000,"Heap size (KB)"
1419335753502110,37889.000000,"Heap size (KB)"
1419335754912162,37921.000000,"Heap size (KB)"
1419335766324349,37953.000000,"Heap size (KB)"
1419335767041172,37985.000000,"Heap size (KB)"
1419335767140391,38017.000000,"Heap size (KB)"
1419335767957318,38089.000000,"Heap size (KB)"
1419335770815912,38157.000000,"Heap size (KB)"
1419335770825131,38417.000000,"Heap size (KB)"
1419335770831172,38677.000000,"Heap size (KB)"
1419335771712943,38713.000000,"Heap size (KB)"
1419335771782422,38785.000000,"Heap size (KB)"
1419335774490131,39301.000000,"Heap size (KB)"
1419335774495756,39817.000000,"Heap size (KB)"
1419335774532006,40077.000000,"Heap size (KB)"
1419335774537318,40337.000000,"Heap size (KB)"
1419335779831329,40405.000000,"Heap size (KB)"
1419335781713724,19855618048.000000,"mem.virt"
1419335781713724,0.000000,"mem.locked"
1419335781713724,376901632.000000,"mem.rss.watermark"
1419335781713724,304132096.000000,"mem.rss"
1419335781713724,113909760.000000,"mem.rss.anon"
1419335781713724,157917184.000000,"mem.rss.file"
1419335781713724,32305152.000000,"mem.rss.shmem"
1419335781713724,18501632.000000,"mem.swap"
1419335781713724,0.000000,"oom_score_adj"
1419335786661381,40437.000000,"Heap size (KB)"
1419335789320443,40469.000000,"Heap size (KB)"
1419335809557631,40501.000000,"Heap size (KB)"
1419335809738568,40533.000000,"Heap size (KB)"
1419335810471016,40565.000000,"Heap size (KB)"
1419335812375860,40637.000000,"Heap size (KB)"
1419335815327943,40705.000000,"Heap size (KB)"
1419335815337474,40965.000000,"Heap size (KB)"
1419335815343412,41225.000000,"Heap size (KB)"
1419335816091954,41297.000000,"Heap size (KB)"
1419335818633099,41813.000000,"Heap size (KB)"
1419335818638724,42329.000000,"Heap size (KB)"
1419335818674922,42589.000000,"Heap size (KB)"
1419335818680287,42849.000000,"Heap size (KB)"
1419335828292631,42881.000000,"Heap size (KB)"
1419335830530131,42949.000000,"Heap size (KB)"
1419335840827631,42981.000000,"Heap size (KB)"
1419335845943099,43013.000000,"Heap size (KB)"
1419335863064818,43045.000000,"Heap size (KB)"
1419335863670912,43077.000000,"Heap size (KB)"
1419335864970599,43109.000000,"Heap size (KB)"
1419335880333204,43181.000000,"Heap size (KB)"
1419335881079141,19855618048.000000,"mem.virt"
1419335881079141,0.000000,"mem.locked"
1419335881079141,376901632.000000,"mem.rss.watermark"
1419335881079141,305180672.000000,"mem.rss"
1419335881079141,114958336.000000,"mem.rss.anon"
1419335881079141,157917184.000000,"mem.rss.file"
1419335881079141,32305152.000000,"mem.rss.shmem"
1419335881079141,18501632.000000,"mem.swap"
1419335881079141,0.000000,"oom_score_adj"
1419335882013360,43213.000000,"Heap size (KB)"
1419335883307422,43281.000000,"Heap size (KB)"
1419335883317631,43541.000000,"Heap size (KB)"
1419335883323881,43801.000000,"Heap size (KB)"
1419335883899818,43837.000000,"Heap size (KB)"
1419335883961693,43909.000000,"Heap size (KB)"
1419335885080704,43941.000000,"Heap size (KB)"
1419335885477474,43973.000000,"Heap size (KB)"
1419335886553672,44489.000000,"Heap size (KB)"
1419335886560287,45005.000000,"Heap size (KB)"
1419335886593099,45265.000000,"Heap size (KB)"
1419335886598099,45525.000000,"Heap size (KB)"
1419335896554349,45557.000000,"Heap size (KB)"
1419335901997162,45589.000000,"Heap size (KB)"
1419335905641485,45657.000000,"Heap size (KB)"
1419335913794922,45697.000000,"Heap size (KB)"
1419335914990131,45729.000000,"Heap size (KB)"
1419335920442474,45761.000000,"Heap size (KB)"
1419335921988047,45833.000000,"Heap size (KB)"
1419335924846485,45901.000000,"Heap size (KB)"
1419335924857891,46161.000000,"Heap size (KB)"
1419335924864193,46421.000000,"Heap size (KB)"
1419335925810287,46493.000000,"Heap size (KB)"
1419335928535443,47009.000000,"Heap size (KB)"
1419335928542318,47525.000000,"Heap size (KB)"
1419335928933724,47785.000000,"Heap size (KB)"
1419335928939662,48045.000000,"Heap size (KB)"
1419335942063724,48077.000000,"Heap size (KB)"
1419335946529922,48109.000000,"Heap size (KB)"
1419335957029193,48141.000000,"Heap size (KB)"
1419335958292162,48209.000000,"Heap size (KB)"
1419335965418985,48241.000000,"Heap size (KB)"
1419335965595235,48273.000000,"Heap size (KB)"
1419335976975599,48305.000000,"Heap size (KB)"
1419335977917787,48377.000000,"Heap size (KB)"
1419335978993256,48409.000000,"Heap size (KB)"
1419335979394662,48441.000000,"Heap size (KB)"
1419335981612735,48509.000000,"Heap size (KB)"
1419335981622631,48769.000000,"Heap size (KB)"
1419335981629349,49029.000000,"Heap size (KB)"
1419335981640599,49065.000000,"Heap size (KB)"
1419335981788516,19855618048.000000,"mem.virt"
1419335981788516,0.000000,"mem.locked"
1419335981788516,376901632.000000,"mem.rss.watermark"
1419335981788516,307015680.000000,"mem.rss"
1419335981788516,116793344.000000,"mem.rss.anon"
1419335981788516,157917184.000000,"mem.rss.file"
1419335981788516,32305152.000000,"mem.rss.shmem"
1419335981788516,18501632.000000,"mem.swap"
1419335981788516,0.000000,"oom_score_adj"
1419335982734974,49137.000000,"Heap size (KB)"
1419335985331953,49653.000000,"Heap size (KB)"
1419335985338412,50169.000000,"Heap size (KB)"
1419335988872787,50429.000000,"Heap size (KB)"
1419335988879349,50689.000000,"Heap size (KB)"
1419335990391537,50721.000000,"Heap size (KB)"
1419335992756172,50789.000000,"Heap size (KB)"
1419335994434974,50821.000000,"Heap size (KB)"
1419336019878724,50853.000000,"Heap size (KB)"
1419336020968724,50889.000000,"Heap size (KB)"
1419336021862162,50961.000000,"Heap size (KB)"
1419336024664818,51029.000000,"Heap size (KB)"
1419336024674766,51289.000000,"Heap size (KB)"
1419336024680443,51549.000000,"Heap size (KB)"
1419336024691849,51585.000000,"Heap size (KB)"
1419336025400443,51657.000000,"Heap size (KB)"
1419336027933099,52173.000000,"Heap size (KB)"
1419336027939453,52689.000000,"Heap size (KB)"
1419336031709349,52949.000000,"Heap size (KB)"
1419336031720131,53209.000000,"Heap size (KB)"
1419336035406849,53241.000000,"Heap size (KB)"
1419336037447943,53273.000000,"Heap size (KB)"
1419336040675131,53341.000000,"Heap size (KB)"
1419336042116537,53373.000000,"Heap size (KB)"
1419336049802787,53405.000000,"Heap size (KB)"
1419336057815078,53437.000000,"Heap size (KB)"
1419336072113568,53477.000000,"Heap size (KB)"
1419336077408881,53513.000000,"Heap size (KB)"
1419336078121381,53585.000000,"Heap size (KB)"
1419336081116016,53653.000000,"Heap size (KB)"
1419336081124818,53913.000000,"Heap size (KB)"
1419336081130235,54173.000000,"Heap size (KB)"
1419336081462422,19855618048.000000,"mem.virt"
1419336081462422,0.000000,"mem.locked"
1419336081462422,376901632.000000,"mem.rss.watermark"
1419336081462422,307933184.000000,"mem.rss"
1419336081462422,117710848.000000,"mem.rss.anon"
1419336081462422,157917184.000000,"mem.rss.file"
1419336081462422,32305152.000000,"mem.rss.shmem"
1419336081462422,18501632.000000,"mem.swap"
1419336081462422,0.000000,"oom_score_adj"
1419336081883412,54245.000000,"Heap size (KB)"
1419336082337318,54277.000000,"Heap size (KB)"
1419336084307578,54793.000000,"Heap size (KB)"
1419336084315078,55309.000000,"Heap size (KB)"
1419336084351537,55569.000000,"Heap size (KB)"
1419336084356953,55829.000000,"Heap size (KB)"
1419336088083881,55861.000000,"Heap size (KB)"
1419336091398724,55929.000000,"Heap size (KB)"
1419336092651381,55961.000000,"Heap size (KB)"
1419336098368724,55993.000000,"Heap size (KB)"
1419336101467631,56025.000000,"Heap size (KB)"
1419336108652631,56057.000000,"Heap size (KB)"
1419336127877162,56089.000000,"Heap size (KB)"
1419336129372422,56125.000000,"Heap size (KB)"
1419336130418360,56197.000000,"Heap size (KB)"
1419336133396381,56265.000000,"Heap size (KB)"
1419336133405756,56525.000000,"Heap size (KB)"
1419336133410912,56785.000000,"Heap size (KB)"
1419336134087735,56857.000000,"Heap size (KB)"
1419336136389662,57373.000000,"Heap size (KB)"
1419336136396328,57889.000000,"Heap size (KB)"
1419336136429662,58149.000000,"Heap size (KB)"
1419336136435131,58409.000000,"Heap size (KB)"
1419336137947162,58441.000000,"Heap size (KB)"
1419336138335287,58473.000000,"Heap size (KB)"
1419336139150703,58505.000000,"Heap size (KB)"
1419336139326537,58537.000000,"Heap size (KB)"
1419336139466381,58569.000000,"Heap size (KB)"
1419336150813881,58637.000000,"Heap size (KB)"
1419336151142578,58669.000000,"Heap size (KB)"
1419336173894766,58701.000000,"Heap size (KB)"
1419336176787006,58733.000000,"Heap size (KB)"
1419336179694506,58769.000000,"Heap size (KB)"
1419336180227006,58841.000000,"Heap size (KB)"
1419336181634662,19855618048.000000,"mem.virt"
1419336181634662,0.000000,"mem.locked"
1419336181634662,376901632.000000,"mem.rss.watermark"
1419336181634662,309243904.000000,"mem.rss"
1419336181634662,119021568.000000,"mem.rss.anon"
1419336181634662,157917184.000000,"mem.rss.file"
1419336181634662,32305152.000000,"mem.rss.shmem"
1419336181634662,18501632.000000,"mem.swap"
1419336181634662,0.000000,"oom_score_adj"
1419336182784297,58909.000000,"Heap size (KB)"
1419336182795599,59169.000000,"Heap size (KB)"
1419336182800287,59429.000000,"Heap size (KB)"
1419336183473828,59501.000000,"Heap size (KB)"
1419336185828047,60017.000000,"Heap size (KB)"
1419336185834610,60533.000000,"Heap size (KB)"
1419336185866224,60793.000000,"Heap size (KB)"
1419336185870756,61053.000000,"Heap size (KB)"
1419336194778985,61085.000000,"Heap size (KB)"
1419336195500756,61117.000000,"Heap size (KB)"
1419336207632943,61185.000000,"Heap size (KB)"
1419336209790755,61217.000000,"Heap size (KB)"
1419336215490443,61249.000000,"Heap size (KB)"
1419336221389505,61281.000000,"Heap size (KB)"
1419336229999505,61321.000000,"Heap size (KB)"
1419336232304662,61357.000000,"Heap size (KB)"
1419336233032943,61429.000000,"Heap size (KB)"
1419336235515078,61497.000000,"Heap size (KB)"
1419336235523255,61757.000000,"Heap size (KB)"
1419336235528099,62017.000000,"Heap size (KB)"
1419336236135755,62049.000000,"Heap size (KB)"
1419336236158099,62121.000000,"Heap size (KB)"
1419336238586537,62637.000000,"Heap size (KB)"
1419336238592630,63153.000000,"Heap size (KB)"
1419336238623412,63413.000000,"Heap size (KB)"
1419336238627943,63673.000000,"Heap size (KB)"
1419336242806172,63705.000000,"Heap size (KB)"
1419336245840235,63737.000000,"Heap size (KB)"
1419336257264974,63769.000000,"Heap size (KB)"
1419336267183203,63837.000000,"Heap size (KB)"
1419336272343255,63869.000000,"Heap size (KB)"
1419336275690078,63901.000000,"Heap size (KB)"
1419336281003880,19855618048.000000,"mem.virt"
1419336281003880,0.000000,"mem.locked"
1419336281003880,376901632.000000,"mem.rss.watermark"
1419336281003880,310554624.000000,"mem.rss"
1419336281003880,120332288.000000,"mem.rss.anon"
1419336281003880,157917184.000000,"mem.rss.file"
1419336281003880,32305152.000000,"mem.rss.shmem"
1419336281003880,18501632.000000,"mem.swap"
1419336281003880,0.000000,"oom_score_adj"
1419336281256068,63933.000000,"Heap size (KB)"
1419336289764037,63969.000000,"Heap size (KB)"
1419336290450599,64041.000000,"Heap size (KB)"
1419336291648099,64073.000000,"Heap size (KB)"
1419336292675912,64105.000000,"Heap size (KB)"
1419336293418568,64173.000000,"Heap size (KB)"
1419336293426485,64433.000000,"Heap size (KB)"
1419336293432110,64693.000000,"Heap size (KB)"
1419336294202162,64765.000000,"Heap size (KB)"
1419336296461380,64797.000000,"Heap size (KB)"
1419336296537943,65313.000000,"Heap size (KB)"
1419336296542943,65829.000000,"Heap size (KB)"
1419336297821849,65861.000000,"Heap size (KB)"
1419336299411537,66121.000000,"Heap size (KB)"
1419336299416068,66381.000000,"Heap size (KB)"
1419336302368568,66413.000000,"Heap size (KB)"
1419336305667422,66481.000000,"Heap size (KB)"
1419336321637422,66513.000000,"Heap size (KB)"
1419336322952162,66545.000000,"Heap size (KB)"
1419336329360599,66577.000000,"Heap size (KB)"
1419336338523724,66613.000000,"Heap size (KB)"
1419336339056068,66645.000000,"Heap size (KB)"
1419336339127005,66717.000000,"Heap size (KB)"
1419336342070599,66785.000000,"Heap size (KB)"
1419336342078880,67045.000000,"Heap size (KB)"
1419336342084037,67305.000000,"Heap size (KB)"
1419336342921328,67377.000000,"Heap size (KB)"
1419336345470912,67893.000000,"Heap size (KB)"
1419336345476849,68409.000000,"Heap size (KB)"
1419336345511537,68669.000000,"Heap size (KB)"
1419336345516693,68929.000000,"Heap size (KB)"
1419336348456328,68997.000000,"Heap size (KB)"
1419336349503360,69029.000000,"Heap size (KB)"
1419336357638568,69061.000000,"Heap size (KB)"
1419336380063568,69093.000000,"Heap size (KB)"
1419336381782266,19855618048.000000,"mem.virt"
1419336381782266,0.000000,"mem.locked"
1419336381782266,376901632.000000,"mem.rss.watermark"
1419336381782266,312258560.000000,"mem.rss"
1419336381782266,122036224.000000,"mem.rss.anon"
1419336381782266,157917184.000000,"mem.rss.file"
1419336381782266,32305152.000000,"mem.rss.shmem"
1419336381782266,18501632.000000,"mem.swap"
1419336381782266,0.000000,"oom_score_adj"
1419336388639922,69133.000000,"Heap size (KB)"
1419336389080599,69165.000000,"Heap size (KB)"
1419336389312787,69197.000000,"Heap size (KB)"
1419336392955391,69233.000000,"Heap size (KB)"
1419336393770912,69305.000000,"Heap size (KB)"
1419336396531016,69373.000000,"Heap size (KB)"
1419336396538568,69633.000000,"Heap size (KB)"
1419336396543203,69893.000000,"Heap size (KB)"
1419336397603047,69929.000000,"Heap size (KB)"
1419336397722266,70001.000000,"Heap size (KB)"
1419336399989818,70517.000000,"Heap size (KB)"
1419336399994922,71033.000000,"Heap size (KB)"
1419336400118099,71293.000000,"Heap size (KB)"
1419336400123255,71553.000000,"Heap size (KB)"
1419336400131224,7752.000000,"Minflt-GC"
1419336400134193,1.000000,"Majflt-GC"
1419336400219193,7752.000000,"Minflt-GC"
1419336400222474,1.000000,"Majflt-GC"
1419336404284453,71585.000000,"Heap size (KB)"
1419336406997266,71617.000000,"Heap size (KB)"
1419336410990547,71685.000000,"Heap size (KB)"
1419336428249922,8253.000000,"Minflt-GC"
1419336428252735,1.000000,"Majflt-GC"
1419336428744037,71717.000000,"Heap size (KB)"
1419336429462630,71749.000000,"Heap size (KB)"
1419336431300860,71749.000000,"Heap size (KB)"
1419336432841953,31909.000000,"Heap size (KB)"
1419336436318203,21729.000000,"Heap size (KB)"
1419336436325443,8276.000000,"Minflt-GC"
1419336436327891,1.000000,"Majflt-GC"
1419336437401693,21761.000000,"Heap size (KB)"
1419336437583724,21793.000000,"Heap size (KB)"
1419336438204505,21825.000000,"Heap size (KB)"
1419336438724141,21857.000000,"Heap size (KB)"
1419336441664505,21889.000000,"Heap size (KB)"
1419336444952162,21921.000000,"Heap size (KB)"
1419336449986224,8335.000000,"Minflt-GC"
1419336449989662,1.000000,"Majflt-GC"
1419336454341849,10424320.000000,"freed_normal_object_bytes"
1419336454344037,40796160.000000,"freed_large_object_bytes"
1419336454346224,51220480.000000,"freed_bytes"
1419336454351641,464.000000,"JNI Global Refs"
1419336454718985,21953.000000,"Heap size (KB)"
1419336455164505,21985.000000,"Heap size (KB)"
1419336455423880,22017.000000,"Heap size (KB)"
1419336456252005,22089.000000,"Heap size (KB)"
1419336458894662,22121.000000,"Heap size (KB)"
1419336458912162,22189.000000,"Heap size (KB)"
1419336458931172,22449.000000,"Heap size (KB)"
1419336458936693,22709.000000,"Heap size (KB)"
1419336459557630,22781.000000,"Heap size (KB)"
1419336461860235,23297.000000,"Heap size (KB)"
1419336461865287,23813.000000,"Heap size (KB)"
1419336461897630,24073.000000,"Heap size (KB)"
1419336461902891,24333.000000,"Heap size (KB)"
1419336475494662,24401.000000,"Heap size (KB)"
1419336478779974,24433.000000,"Heap size (KB)"
1419336479085755,24465.000000,"Heap size (KB)"
1419336479839349,24497.000000,"Heap size (KB)"
1419336480083203,24529.000000,"Heap size (KB)"
1419336481249922,19855618048.000000,"mem.virt"
1419336481249922,0.000000,"mem.locked"
1419336481249922,376901632.000000,"mem.rss.watermark"
1419336481249922,295809024.000000,"mem.rss"
1419336481249922,105586688.000000,"mem.rss.anon"
1419336481249922,157917184.000000,"mem.rss.file"
1419336481249922,32305152.000000,"mem.rss.shmem"
1419336481249922,18501632.000000,"mem.swap"
1419336481249922,0.000000,"oom_score_adj"
1419336492250078,24569.000000,"Heap size (KB)"
1419336492986693,24601.000000,"Heap size (KB)"
1419336494570235,24633.000000,"Heap size (KB)"
1419336494982318,24665.000000,"Heap size (KB)"
1419336497056380,24737.000000,"Heap size (KB)"
1419336497487787,24769.000000,"Heap size (KB)"
1419336499565547,24837.000000,"Heap size (KB)"
1419336499574037,25097.000000,"Heap size (KB)"
1419336499579766,25357.000000,"Heap size (KB)"
1419336500228516,25429.000000,"Heap size (KB)"
1419336502458099,25461.000000,"Heap size (KB)"
1419336502539349,25977.000000,"Heap size (KB)"
1419336502544349,26493.000000,"Heap size (KB)"
1419336502575130,26753.000000,"Heap size (KB)"
1419336502579974,27013.000000,"Heap size (KB)"
1419336524606849,27045.000000,"Heap size (KB)"
1419336526566224,27113.000000,"Heap size (KB)"
1419336529489193,27145.000000,"Heap size (KB)"
1419336532774453,27177.000000,"Heap size (KB)"
1419336542401172,27209.000000,"Heap size (KB)"
1419336542867474,27241.000000,"Heap size (KB)"
1419336545386380,27273.000000,"Heap size (KB)"
1419336551788880,27305.000000,"Heap size (KB)"
1419336553069818,27377.000000,"Heap size (KB)"
1419336555841380,27445.000000,"Heap size (KB)"
1419336555850599,27705.000000,"Heap size (KB)"
1419336555856068,27965.000000,"Heap size (KB)"
1419336556573568,28037.000000,"Heap size (KB)"
1419336558887630,28553.000000,"Heap size (KB)"
1419336558892578,29069.000000,"Heap size (KB)"
1419336560413828,29101.000000,"Heap size (KB)"
1419336561858880,29361.000000,"Heap size (KB)"
1419336561866380,29621.000000,"Heap size (KB)"
1419336569435703,29689.000000,"Heap size (KB)"
1419336573091224,29721.000000,"Heap size (KB)"
1419336580384922,29753.000000,"Heap size (KB)"
1419336581656849,19855618048.000000,"mem.virt"
1419336581656849,0.000000,"mem.locked"
1419336581656849,376901632.000000,"mem.rss.watermark"
1419336581656849,297119744.000000,"mem.rss"
1419336581656849,106897408.000000,"mem.rss.anon"
1419336581656849,157917184.000000,"mem.rss.file"
1419336581656849,32305152.000000,"mem.rss.shmem"
1419336581656849,18501632.000000,"mem.swap"
1419336581656849,0.000000,"oom_score_adj"
1419336582087162,29785.000000,"Heap size (KB)"
1419336592047422,29817.000000,"Heap size (KB)"
1419336592416849,29849.000000,"Heap size (KB)"
1419336602438724,29889.000000,"Heap size (KB)"
1419336603227630,29921.000000,"Heap size (KB)"
1419336614592005,29953.000000,"Heap size (KB)"
1419336614865287,29985.000000,"Heap size (KB)"
1419336614932266,30017.000000,"Heap size (KB)"
1419336615911797,30089.000000,"Heap size (KB)"
1419336618393880,30157.000000,"Heap size (KB)"
1419336618400599,30417.000000,"Heap size (KB)"
1419336618404974,30677.000000,"Heap size (KB)"
1419336618982005,30749.000000,"Heap size (KB)"
1419336621504974,31265.000000,"Heap size (KB)"
1419336621511172,31781.000000,"Heap size (KB)"
1419336622608099,31813.000000,"Heap size (KB)"
1419336623099818,31845.000000,"Heap size (KB)"
1419336624995130,32105.000000,"Heap size (KB)"
1419336625003724,32365.000000,"Heap size (KB)"
1419336627775235,32397.000000,"Heap size (KB)"
1419336629155391,32465.000000,"Heap size (KB)"
1419336630135443,32497.000000,"Heap size (KB)"
1419336639954037,32529.000000,"Heap size (KB)"
1419336644272162,32561.000000,"Heap size (KB)"
1419336647008412,32593.000000,"Heap size (KB)"
1419336652702474,32625.000000,"Heap size (KB)"
1419336652933880,32657.000000,"Heap size (KB)"
1419336657115859,32729.000000,"Heap size (KB)"
1419336658795391,32761.000000,"Heap size (KB)"
1419336659576380,32829.000000,"Heap size (KB)"
1419336659583568,33089.000000,"Heap size (KB)"
1419336659588412,33349.000000,"Heap size (KB)"
1419336660252734,33421.000000,"Heap size (KB)"
1419336662497162,33453.000000,"Heap size (KB)"
1419336662606537,33969.000000,"Heap size (KB)"
1419336662612318,34485.000000,"Heap size (KB)"
1419336662647109,34745.000000,"Heap size (KB)"
1419336662652005,35005.000000,"Heap size (KB)"
1419336668396693,35073.000000,"Heap size (KB)"
1419336675635391,35105.000000,"Heap size (KB)"
1419336678003516,35137.000000,"Heap size (KB)"
1419336681290599,19855618048.000000,"mem.virt"
1419336681290599,0.000000,"mem.locked"
1419336681290599,376901632.000000,"mem.rss.watermark"
1419336681290599,298688512.000000,"mem.rss"
1419336681290599,108335104.000000,"mem.rss.anon"
1419336681290599,157917184.000000,"mem.rss.file"
1419336681290599,32436224.000000,"mem.rss.shmem"
1419336681290599,18501632.000000,"mem.swap"
1419336681290599,0.000000,"oom_score_adj"
1419336689646849,35169.000000,"Heap size (KB)"
1419336704101537,35201.000000,"Heap size (KB)"
1419336704587318,35233.000000,"Heap size (KB)"
1419336705677162,35265.000000,"Heap size (KB)"
1419336707432943,35337.000000,"Heap size (KB)"
1419336710019974,35405.000000,"Heap size (KB)"
1419336710027891,35665.000000,"Heap size (KB)"
1419336710033099,35925.000000,"Heap size (KB)"
1419336710538099,35997.000000,"Heap size (KB)"
1419336711617943,36029.000000,"Heap size (KB)"
1419336713592943,36545.000000,"Heap size (KB)"
1419336713599922,37061.000000,"Heap size (KB)"
1419336713635755,37321.000000,"Heap size (KB)"
1419336713641380,37581.000000,"Heap size (KB)"
1419336726968359,37649.000000,"Heap size (KB)"
1419336740045234,37681.000000,"Heap size (KB)"
1419336740779922,37713.000000,"Heap size (KB)"
1419336743671537,37745.000000,"Heap size (KB)"
1419336754294193,37777.000000,"Heap size (KB)"
1419336754900287,37809.000000,"Heap size (KB)"
1419336757773724,37849.000000,"Heap size (KB)"
1419336758586484,37881.000000,"Heap size (KB)"
1419336773605912,37953.000000,"Heap size (KB)"
1419336776097162,38021.000000,"Heap size (KB)"
1419336776109974,38281.000000,"Heap size (KB)"
1419336776114662,38541.000000,"Heap size (KB)"
1419336776793724,38573.000000,"Heap size (KB)"
1419336776832474,38645.000000,"Heap size (KB)"
1419336779150130,39161.000000,"Heap size (KB)"
1419336779159193,39677.000000,"Heap size (KB)"
1419336779287474,39937.000000,"Heap size (KB)"
1419336779292943,40197.000000,"Heap size (KB)"
1419336781824505,19855618048.000000,"mem.virt"
1419336781824505,0.000000,"mem.locked"
1419336781824505,376901632.000000,"mem.rss.watermark"
1419336781824505,299999232.000000,"mem.rss"
1419336781824505,109645824.000000,"mem.rss.anon"
1419336781824505,157917184.000000,"mem.rss.file"
1419336781824505,32436224.000000,"mem.rss.shmem"
1419336781824505,18501632.000000,"mem.swap"
1419336781824505,0.000000,"oom_score_adj"
1419336789825391,40229.000000,"Heap size (KB)"
1419336790132943,40261.000000,"Heap size (KB)"
1419336799187943,40329.000000,"Heap size (KB)"
1419336805043255,40361.000000,"Heap size (KB)"
1419336805354349,40393.000000,"Heap size (KB)"
1419336806822162,40425.000000,"Heap size (KB)"
1419336808724453,40457.000000,"Heap size (KB)"
1419336808938255,40489.000000,"Heap size (KB)"
1419336823197787,40561.000000,"Heap size (KB)"
1419336826220391,40629.000000,"Heap size (KB)"
1419336826228984,40889.000000,"Heap size (KB)"
1419336826235859,41149.000000,"Heap size (KB)"
1419336826918984,41221.000000,"Heap size (KB)"
1419336827163568,41253.000000,"Heap size (KB)"
1419336829769974,41769.000000,"Heap size (KB)"
1419336829775443,42285.000000,"Heap size (KB)"
1419336829807162,42545.000000,"Heap size (KB)"
1419336829812162,42805.000000,"Heap size (KB)"
1419336842702474,42837.000000,"Heap size (KB)"
1419336855096380,42905.000000,"Heap size (KB)"
1419336856385599,42937.000000,"Heap size (KB)"
1419336858415286,42969.000000,"Heap size (KB)"
1419336862200547,43001.000000,"Heap size (KB)"
1419336872222474,43037.000000,"Heap size (KB)"
1419336872318880,43069.000000,"Heap size (KB)"
1419336872886849,43141.000000,"Heap size (KB)"
1419336875414974,43209.000000,"Heap size (KB)"
1419336875422474,43469.000000,"Heap size (KB)"
1419336875427474,43729.000000,"Heap size (KB)"
1419336875436380,43765.000000,"Heap size (KB)"
1419336876051224,43837.000000,"Heap size (KB)"
1419336878386380,44353.000000,"Heap size (KB)"
1419336878391849,44869.000000,"Heap size (KB)"
1419336881814453,19855618048.000000,"mem.virt"
1419336881814453,0.000000,"mem.locked"
1419336881814453,376901632.000000,"mem.rss.watermark"
1419336881814453,301441024.000000,"mem.rss"
1419336881814453,111087616.000000,"mem.rss.anon"
1419336881814453,157917184.000000,"mem.rss.file"
1419336881814453,32436224.000000,"mem.rss.shmem"
1419336881814453,18501632.000000,"mem.swap"
1419336881814453,0.000000,"oom_score_adj"
1419336881965443,44901.000000,"Heap size (KB)"
1419336882087109,45161.000000,"Heap size (KB)"
1419336882092422,45421.000000,"Heap size (KB)"
1419336884930547,45453.000000,"Heap size (KB)"
1419336886139453,45521.000000,"Heap size (KB)"
1419336889627943,45553.000000,"Heap size (KB)"
1419336899574193,45585.000000,"Heap size (KB)"
1419336899913724,45617.000000,"Heap size (KB)"
1419336912537422,45649.000000,"Heap size (KB)"
1419336913643255,45689.000000,"Heap size (KB)"
1419336914878047,45721.000000,"Heap size (KB)"
1419336915769661,45757.000000,"Heap size (KB)"
1419336916376224,45829.000000,"Heap size (KB)"
1419336917135391,45861.000000,"Heap size (KB)"
1419336918836068,45929.000000,"Heap size (KB)"
1419336918843672,46189.000000,"Heap size (KB)"
1419336918848411,46449.000000,"Heap size (KB)"
1419336919524922,46521.000000,"Heap size (KB)"
1419336922192943,47037.000000,"Heap size (KB)"
1419336922199036,47553.000000,"Heap size (KB)"
1419336924692318,47585.000000,"Heap size (KB)"
1419336925299141,47845.000000,"Heap size (KB)"
1419336925305130,48105.000000,"Heap size (KB)"
1419336931834453,48173.000000,"Heap size (KB)"
1419336935078099,48205.000000,"Heap size (KB)"
1419336946162474,48237.000000,"Heap size (KB)"
1419336951027005,48269.000000,"Heap size (KB)"
1419336951224349,48301.000000,"Heap size (KB)"
1419336951632474,48333.000000,"Heap size (KB)"
1419336969278203,48365.000000,"Heap size (KB)"
1419336981769036,48397.000000,"Heap size (KB)"
1419336981867161,19813445632.000000,"mem.virt"
1419336981867161,0.000000,"mem.locked"
1419336981867161,376901632.000000,"mem.rss.watermark"
1419336981867161,302620672.000000,"mem.rss"
1419336981867161,112267264.000000,"mem.rss.anon"
1419336981867161,157917184.000000,"mem.rss.file"
1419336981867161,32436224.000000,"mem.rss.shmem"
1419336981867161,18501632.000000,"mem.swap"
1419336981867161,0.000000,"oom_score_adj"
1419336982009661,48433.000000,"Heap size (KB)"
1419336982703828,48505.000000,"Heap size (KB)"
1419336985520130,48573.000000,"Heap size (KB)"
1419336985527734,48833.000000,"Heap size (KB)"
1419336985533099,49093.000000,"Heap size (KB)"
1419336986234036,49165.000000,"Heap size (KB)"
1419336988861068,49681.000000,"Heap size (KB)"
1419336988866641,50197.000000,"Heap size (KB)"
1419336988900443,50457.000000,"Heap size (KB)"
1419336988907943,50717.000000,"Heap size (KB)"
1419336996497422,50749.000000,"Heap size (KB)"
1419336997538568,50817.000000,"Heap size (KB)"
1419336997844505,50849.000000,"Heap size (KB)"
1419337001030755,50881.000000,"Heap size (KB)"
1419337006417474,50913.000000,"Heap size (KB)"
1419337026528672,50949.000000,"Heap size (KB)"
1419337027246380,51021.000000,"Heap size (KB)"
1419337030242266,51089.000000,"Heap size (KB)"
1419337030249818,51349.000000,"Heap size (KB)"
1419337030254505,51609.000000,"Heap size (KB)"
1419337030836224,51641.000000,"Heap size (KB)"
1419337030863099,51713.000000,"Heap size (KB)"
1419337033217474,52229.000000,"Heap size (KB)"
1419337033223047,52745.000000,"Heap size (KB)"
1419337033254193,53005.000000,"Heap size (KB)"
1419337033259193,53265.000000,"Heap size (KB)"
1419337034434453,53297.000000,"Heap size (KB)"
1419337048881849,53329.000000,"Heap size (KB)"
1419337049596641,53397.000000,"Heap size (KB)"
1419337053856068,53429.000000,"Heap size (KB)"
1419337058921068,53493.000000,"Heap size (KB)"
1419337058929193,53461.000000,"Heap size (KB)"
1419337071836693,53533.000000,"Heap size (KB)"
1419337076851849,53569.000000,"Heap size (KB)"
1419337077392161,53601.000000,"Heap size (KB)"
1419337077503359,53673.000000,"Heap size (KB)"
1419337080346016,53741.000000,"Heap size (KB)"
1419337080354349,54001.000000,"Heap size (KB)"
1419337080360130,54261.000000,"Heap size (KB)"
1419337081191224,54333.000000,"Heap size (KB)"
1419337081752161,19813445632.000000,"mem.virt"
1419337081752161,0.000000,"mem.locked"
1419337081752161,376901632.000000,"mem.rss.watermark"
1419337081752161,303931392.000000,"mem.rss"
1419337081752161,113577984.000000,"mem.rss.anon"
1419337081752161,157917184.000000,"mem.rss.file"
1419337081752161,32436224.000000,"mem.rss.shmem"
1419337081752161,18501632.000000,"mem.swap"
1419337081752161,0.000000,"oom_score_adj"
1419337083796797,54849.000000,"Heap size (KB)"
1419337083805547,55365.000000,"Heap size (KB)"
1419337083903047,55625.000000,"Heap size (KB)"
1419337083926328,55885.000000,"Heap size (KB)"
1419337093577786,55917.000000,"Heap size (KB)"
1419337103944766,55985.000000,"Heap size (KB)"
1419337104868880,56017.000000,"Heap size (KB)"
1419337111496849,56049.000000,"Heap size (KB)"
1419337125429505,56081.000000,"Heap size (KB)"
1419337128062161,56113.000000,"Heap size (KB)"
1419337129600599,56149.000000,"Heap size (KB)"
1419337129879609,56181.000000,"Heap size (KB)"
1419337130285859,56253.000000,"Heap size (KB)"
1419337132788411,56321.000000,"Heap size (KB)"
1419337132796693,56581.000000,"Heap size (KB)"
1419337132802109,56841.000000,"Heap size (KB)"
1419337132841068,56877.000000,"Heap size (KB)"
1419337133543724,56949.000000,"Heap size (KB)"
1419337135800234,57465.000000,"Heap size (KB)"
1419337135805599,57981.000000,"Heap size (KB)"
1419337135842161,58241.000000,"Heap size (KB)"
1419337135847474,58501.000000,"Heap size (KB)"
1419337154378203,58533.000000,"Heap size (KB)"
1419337158778880,58565.000000,"Heap size (KB)"
1419337163213255,58633.000000,"Heap size (KB)"
1419337172154818,58665.000000,"Heap size (KB)"
1419337172622578,58697.000000,"Heap size (KB)"
1419337178998828,58733.000000,"Heap size (KB)"
1419337179928099,58805.000000,"Heap size (KB)"
1419337181227943,19813445632.000000,"mem.virt"
1419337181227943,0.000000,"mem.locked"
1419337181227943,376901632.000000,"mem.rss.watermark"
1419337181227943,305373184.000000,"mem.rss"
1419337181227943,115019776.000000,"mem.rss.anon"
1419337181227943,157917184.000000,"mem.rss.file"
1419337181227943,32436224.000000,"mem.rss.shmem"
1419337181227943,18501632.000000,"mem.swap"
1419337181227943,0.000000,"oom_score_adj"
1419337182431693,58873.000000,"Heap size (KB)"
1419337182439193,59133.000000,"Heap size (KB)"
1419337182445286,59393.000000,"Heap size (KB)"
1419337183088984,59465.000000,"Heap size (KB)"
1419337185361536,59981.000000,"Heap size (KB)"
1419337185367318,60497.000000,"Heap size (KB)"
1419337185399297,60529.000000,"Heap size (KB)"
1419337189432474,60789.000000,"Heap size (KB)"
1419337189438255,61049.000000,"Heap size (KB)"
1419337194272318,61081.000000,"Heap size (KB)"
1419337196402161,61149.000000,"Heap size (KB)"
1419337205273984,61181.000000,"Heap size (KB)"
1419337207445391,61213.000000,"Heap size (KB)"
1419337210357578,61245.000000,"Heap size (KB)"
1419337211406536,61277.000000,"Heap size (KB)"
1419337226650911,61317.000000,"Heap size (KB)"
1419337234909297,61349.000000,"Heap size (KB)"
1419337235805703,61385.000000,"Heap size (KB)"
1419337236571797,61457.000000,"Heap size (KB)"
1419337239441536,61525.000000,"Heap size (KB)"
1419337239448724,61785.000000,"Heap size (KB)"
1419337239454193,62045.000000,"Heap size (KB)"
1419337240219766,62077.000000,"Heap size (KB)"
1419337240245130,62149.000000,"Heap size (KB)"
1419337242534661,62665.000000,"Heap size (KB)"
1419337242540078,63181.000000,"Heap size (KB)"
1419337242570130,63441.000000,"Heap size (KB)"
1419337242575286,63701.000000,"Heap size (KB)"
1419337243624193,63733.000000,"Heap size (KB)"
1419337246214818,63801.000000,"Heap size (KB)"
1419337247278828,63833.000000,"Heap size (KB)"
1419337252546849,63865.000000,"Heap size (KB)"
1419337255189974,63897.000000,"Heap size (KB)"
1419337256022943,63929.000000,"Heap size (KB)"
1419337261149974,63961.000000,"Heap size (KB)"
1419337280951641,63993.000000,"Heap size (KB)"
1419337281397943,19813445632.000000,"mem.virt"
1419337281397943,0.000000,"mem.locked"
1419337281397943,376901632.000000,"mem.rss.watermark"
1419337281397943,307171328.000000,"mem.rss"
1419337281397943,116817920.000000,"mem.rss.anon"
1419337281397943,157917184.000000,"mem.rss.file"
1419337281397943,32436224.000000,"mem.rss.shmem"
1419337281397943,18501632.000000,"mem.swap"
1419337281397943,0.000000,"oom_score_adj"
1419337283445703,64025.000000,"Heap size (KB)"
1419337284866068,64097.000000,"Heap size (KB)"
1419337287364818,64129.000000,"Heap size (KB)"
1419337287949609,64197.000000,"Heap size (KB)"
1419337287958099,64457.000000,"Heap size (KB)"
1419337287963411,64717.000000,"Heap size (KB)"
1419337288673411,64789.000000,"Heap size (KB)"
1419337291009505,65305.000000,"Heap size (KB)"
1419337291054036,65821.000000,"Heap size (KB)"
1419337291092786,66081.000000,"Heap size (KB)"
1419337291098203,66341.000000,"Heap size (KB)"
1419337291122161,8335.000000,"Minflt-GC"
1419337291125130,1.000000,"Majflt-GC"
1419337291306693,8407.000000,"Minflt-GC"
1419337291309818,1.000000,"Majflt-GC"
1419337293592318,66373.000000,"Heap size (KB)"
1419337296002005,66405.000000,"Heap size (KB)"
1419337297670703,8513.000000,"Minflt-GC"
1419337297673568,1.000000,"Majflt-GC"
1419337297851640,66437.000000,"Heap size (KB)"
1419337298069505,66469.000000,"Heap size (KB)"
1419337301732943,66469.000000,"Heap size (KB)"
1419337301735911,28693.000000,"Heap size (KB)"
1419337304592318,28725.000000,"Heap size (KB)"
1419337305484193,23997.000000,"Heap size (KB)"
1419337305491849,8518.000000,"Minflt-GC"
1419337305494609,1.000000,"Majflt-GC"
1419337305525755,24029.000000,"Heap size (KB)"
1419337305543724,24061.000000,"Heap size (KB)"
1419337306364974,24129.000000,"Heap size (KB)"
1419337306658984,24161.000000,"Heap size (KB)"
1419337307893359,24193.000000,"Heap size (KB)"
1419337308876068,24225.000000,"Heap size (KB)"
1419337315035443,8590.000000,"Minflt-GC"
1419337315038099,1.000000,"Majflt-GC"
1419337319287161,4841472.000000,"freed_normal_object_bytes"
1419337319289505,38682624.000000,"freed_large_object_bytes"
1419337319292005,43524096.000000,"freed_bytes"
1419337322437734,24257.000000,"Heap size (KB)"
1419337331975130,24289.000000,"Heap size (KB)"
1419337336208880,24321.000000,"Heap size (KB)"
1419337338052109,24393.000000,"Heap size (KB)"
1419337340547109,24461.000000,"Heap size (KB)"
1419337340565703,24721.000000,"Heap size (KB)"
1419337340571328,24981.000000,"Heap size (KB)"
1419337341458568,25053.000000,"Heap size (KB)"
1419337343699453,25569.000000,"Heap size (KB)"
1419337343704818,26085.000000,"Heap size (KB)"
1419337343736536,26345.000000,"Heap size (KB)"
1419337343741536,26605.000000,"Heap size (KB)"
1419337350701015,26637.000000,"Heap size (KB)"
1419337353052943,26669.000000,"Heap size (KB)"
1419337353732786,26701.000000,"Heap size (KB)"
1419337354530443,26733.000000,"Heap size (KB)"
1419337357721380,26765.000000,"Heap size (KB)"
1419337359764349,26833.000000,"Heap size (KB)"
1419337381184974,19813445632.000000,"mem.virt"
1419337381184974,0.000000,"mem.locked"
1419337381184974,376901632.000000,"mem.rss.watermark"
1419337381184974,296341504.000000,"mem.rss"
1419337381184974,105988096.000000,"mem.rss.anon"
1419337381184974,157917184.000000,"mem.rss.file"
1419337381184974,32436224.000000,"mem.rss.shmem"
1419337381184974,18501632.000000,"mem.swap"
1419337381184974,0.000000,"oom_score_adj"
1419337383817474,26873.000000,"Heap size (KB)"
1419337392998515,26905.000000,"Heap size (KB)"
1419337397664140,26937.000000,"Heap size (KB)"
1419337398023984,26969.000000,"Heap size (KB)"
1419337398451797,27001.000000,"Heap size (KB)"
1419337399308515,27033.000000,"Heap size (KB)"
1419337399723568,27105.000000,"Heap size (KB)"
1419337401317734,27137.000000,"Heap size (KB)"
1419337402540911,27205.000000,"Heap size (KB)"
1419337402570286,27465.000000,"Heap size (KB)"
1419337402588099,27725.000000,"Heap size (KB)"
1419337402676640,27757.000000,"Heap size (KB)"
1419337404047630,27829.000000,"Heap size (KB)"
1419337404725911,27861.000000,"Heap size (KB)"
1419337406258568,27893.000000,"Heap size (KB)"
1419337406339297,28409.000000,"Heap size (KB)"
1419337406344661,28925.000000,"Heap size (KB)"
1419337406376172,29185.000000,"Heap size (KB)"
1419337406381693,29445.000000,"Heap size (KB)"
1419337406545755,29477.000000,"Heap size (KB)"
1419337429246224,29545.000000,"Heap size (KB)"
1419337433941640,29577.000000,"Heap size (KB)"
1419337434214505,29609.000000,"Heap size (KB)"
1419337434834974,29641.000000,"Heap size (KB)"
1419337440161068,29673.000000,"Heap size (KB)"
1419337441314036,29745.000000,"Heap size (KB)"
1419337443762890,29813.000000,"Heap size (KB)"
1419337443770547,30073.000000,"Heap size (KB)"
1419337443775703,30333.000000,"Heap size (KB)"
1419337444406068,30405.000000,"Heap size (KB)"
1419337446844818,30921.000000,"Heap size (KB)"
1419337446852630,31437.000000,"Heap size (KB)"
1419337447663411,31469.000000,"Heap size (KB)"
1419337448299505,31501.000000,"Heap size (KB)"
1419337450662734,31761.000000,"Heap size (KB)"
1419337450668359,32021.000000,"Heap size (KB)"
1419337454416640,32053.000000,"Heap size (KB)"
1419337455030443,32085.000000,"Heap size (KB)"
1419337458107265,32153.000000,"Heap size (KB)"
1419337481199974,19813445632.000000,"mem.virt"
1419337481199974,0.000000,"mem.locked"
1419337481199974,376901632.000000,"mem.rss.watermark"
1419337481199974,297914368.000000,"mem.rss"
1419337481199974,107560960.000000,"mem.rss.anon"
1419337481199974,157917184.000000,"mem.rss.file"
1419337481199974,32436224.000000,"mem.rss.shmem"
1419337481199974,18501632.000000,"mem.swap"
1419337481199974,0.000000,"oom_score_adj"
1419337485176484,32193.000000,"Heap size (KB)"
1419337486025547,32225.000000,"Heap size (KB)"
1419337487169349,32257.000000,"Heap size (KB)"
1419337488751849,32329.000000,"Heap size (KB)"
1419337491403880,32397.000000,"Heap size (KB)"
1419337491412005,32657.000000,"Heap size (KB)"
1419337491417109,32917.000000,"Heap size (KB)"
1419337492233411,32989.000000,"Heap size (KB)"
1419337494634505,33021.000000,"Heap size (KB)"
1419337494713203,33537.000000,"Heap size (KB)"
1419337494720599,34053.000000,"Heap size (KB)"
1419337495762161,34085.000000,"Heap size (KB)"
1419337497681536,34117.000000,"Heap size (KB)"
1419337499727578,34149.000000,"Heap size (KB)"
1419337500042318,34409.000000,"Heap size (KB)"
1419337500048411,34669.000000,"Heap size (KB)"
1419337504485599,34737.000000,"Heap size (KB)"
1419337512003984,34769.000000,"Heap size (KB)"
1419337512852786,34801.000000,"Heap size (KB)"
1419337516477786,34833.000000,"Heap size (KB)"
1419337531367942,34865.000000,"Heap size (KB)"
1419337542153672,34897.000000,"Heap size (KB)"
1419337542335911,34929.000000,"Heap size (KB)"
1419337546652786,35001.000000,"Heap size (KB)"
1419337549166328,35069.000000,"Heap size (KB)"
1419337549178411,35329.000000,"Heap size (KB)"
1419337549183359,35589.000000,"Heap size (KB)"
1419337550025859,35661.000000,"Heap size (KB)"
1419337551242942,35693.000000,"Heap size (KB)"
1419337551618724,35725.000000,"Heap size (KB)"
1419337551882474,35757.000000,"Heap size (KB)"
1419337552275442,36273.000000,"Heap size (KB)"
1419337552281015,36789.000000,"Heap size (KB)"
1419337552313724,37049.000000,"Heap size (KB)"
1419337552318984,37309.000000,"Heap size (KB)"
1419337559104140,37377.000000,"Heap size (KB)"
1419337559218828,37409.000000,"Heap size (KB)"
1419337562156536,37441.000000,"Heap size (KB)"
1419337571038567,37473.000000,"Heap size (KB)"
1419337571580599,37505.000000,"Heap size (KB)"
1419337577955234,37537.000000,"Heap size (KB)"
1419337581936536,19813445632.000000,"mem.virt"
1419337581936536,0.000000,"mem.locked"
1419337581936536,376901632.000000,"mem.rss.watermark"
1419337581936536,299122688.000000,"mem.rss"
1419337581936536,108769280.000000,"mem.rss.anon"
1419337581936536,157917184.000000,"mem.rss.file"
1419337581936536,32436224.000000,"mem.rss.shmem"
1419337581936536,18501632.000000,"mem.swap"
1419337581936536,0.000000,"oom_score_adj"
1419337594295442,37569.000000,"Heap size (KB)"
1419337596215286,37601.000000,"Heap size (KB)"
1419337596448567,37633.000000,"Heap size (KB)"
1419337597624922,37705.000000,"Heap size (KB)"
1419337600145130,37773.000000,"Heap size (KB)"
1419337600153567,38033.000000,"Heap size (KB)"
1419337600158984,38293.000000,"Heap size (KB)"
1419337600860859,38365.000000,"Heap size (KB)"
1419337602297942,38397.000000,"Heap size (KB)"
1419337603046692,38429.000000,"Heap size (KB)"
1419337603124974,38945.000000,"Heap size (KB)"
1419337603131067,39461.000000,"Heap size (KB)"
1419337603164192,39721.000000,"Heap size (KB)"
1419337603172161,39981.000000,"Heap size (KB)"
1419337616970442,40049.000000,"Heap size (KB)"
1419337628728724,40081.000000,"Heap size (KB)"
1419337633589765,40113.000000,"Heap size (KB)"
1419337633614192,40145.000000,"Heap size (KB)"
1419337647698828,40185.000000,"Heap size (KB)"
1419337648434817,40217.000000,"Heap size (KB)"
1419337650126380,40289.000000,"Heap size (KB)"
1419337652576536,40357.000000,"Heap size (KB)"
1419337652584661,40617.000000,"Heap size (KB)"
1419337652589974,40877.000000,"Heap size (KB)"
1419337653220599,40949.000000,"Heap size (KB)"
1419337655769817,41465.000000,"Heap size (KB)"
1419337655776692,41981.000000,"Heap size (KB)"
1419337655810755,42241.000000,"Heap size (KB)"
1419337655818255,42501.000000,"Heap size (KB)"
1419337660028672,42533.000000,"Heap size (KB)"
1419337660216640,42565.000000,"Heap size (KB)"
1419337671237161,42597.000000,"Heap size (KB)"
1419337672849505,42629.000000,"Heap size (KB)"
1419337676297422,42697.000000,"Heap size (KB)"
1419337679183255,42729.000000,"Heap size (KB)"
1419337681495286,19813445632.000000,"mem.virt"
1419337681495286,0.000000,"mem.locked"
1419337681495286,376901632.000000,"mem.rss.watermark"
1419337681495286,300302336.000000,"mem.rss"
1419337681495286,109948928.000000,"mem.rss.anon"
1419337681495286,157917184.000000,"mem.rss.file"
1419337681495286,32436224.000000,"mem.rss.shmem"
1419337681495286,18501632.000000,"mem.swap"
1419337681495286,0.000000,"oom_score_adj"
1419337702687109,42761.000000,"Heap size (KB)"
1419337702864922,42793.000000,"Heap size (KB)"
1419337705104661,42825.000000,"Heap size (KB)"
1419337706488515,42897.000000,"Heap size (KB)"
1419337707113099,42929.000000,"Heap size (KB)"
1419337709000755,42997.000000,"Heap size (KB)"
1419337709008724,43257.000000,"Heap size (KB)"
1419337709014192,43517.000000,"Heap size (KB)"
1419337709629974,43553.000000,"Heap size (KB)"
1419337709686172,43625.000000,"Heap size (KB)"
1419337712001015,44141.000000,"Heap size (KB)"
1419337712009297,44657.000000,"Heap size (KB)"
1419337712043567,44917.000000,"Heap size (KB)"
1419337712048672,45177.000000,"Heap size (KB)"
1419337730032942,45209.000000,"Heap size (KB)"
1419337734908880,45241.000000,"Heap size (KB)"
1419337738152109,45309.000000,"Heap size (KB)"
1419337741554661,45341.000000,"Heap size (KB)"
1419337746042109,45373.000000,"Heap size (KB)"
1419337762788047,45409.000000,"Heap size (KB)"
1419337763407786,45481.000000,"Heap size (KB)"
1419337765969140,45549.000000,"Heap size (KB)"
1419337765978255,45809.000000,"Heap size (KB)"
1419337765983255,46069.000000,"Heap size (KB)"
1419337766088984,46101.000000,"Heap size (KB)"
1419337766651067,46173.000000,"Heap size (KB)"
1419337769166380,46689.000000,"Heap size (KB)"
1419337769172786,47205.000000,"Heap size (KB)"
1419337770185442,47237.000000,"Heap size (KB)"
1419337772479817,47497.000000,"Heap size (KB)"
1419337772485286,47757.000000,"Heap size (KB)"
1419337774811849,47789.000000,"Heap size (KB)"
1419337777165130,47857.000000,"Heap size (KB)"
1419337781008724,19813445632.000000,"mem.virt"
1419337781008724,0.000000,"mem.locked"
1419337781008724,376901632.000000,"mem.rss.watermark"
1419337781008724,301744128.000000,"mem.rss"
1419337781008724,111390720.000000,"mem.rss.anon"
1419337781008724,157917184.000000,"mem.rss.file"
1419337781008724,32436224.000000,"mem.rss.shmem"
1419337781008724,18501632.000000,"mem.swap"
1419337781008724,0.000000,"oom_score_adj"
1419337787157474,47889.000000,"Heap size (KB)"
1419337793986172,47921.000000,"Heap size (KB)"
1419337794063099,47953.000000,"Heap size (KB)"
1419337806427109,47985.000000,"Heap size (KB)"
1419337807620911,48025.000000,"Heap size (KB)"
1419337811642578,48061.000000,"Heap size (KB)"
1419337812381849,48133.000000,"Heap size (KB)"
1419337815192942,48201.000000,"Heap size (KB)"
1419337815205130,48461.000000,"Heap size (KB)"
1419337815210234,48721.000000,"Heap size (KB)"
1419337815906015,48793.000000,"Heap size (KB)"
1419337816774140,48825.000000,"Heap size (KB)"
1419337818168880,49341.000000,"Heap size (KB)"
1419337818174505,49857.000000,"Heap size (KB)"
1419337818503411,49889.000000,"Heap size (KB)"
1419337822103724,50149.000000,"Heap size (KB)"
1419337822111172,50409.000000,"Heap size (KB)"
1419337829205599,50477.000000,"Heap size (KB)"
1419337837395859,50509.000000,"Heap size (KB)"
1419337839629817,50541.000000,"Heap size (KB)"
1419337859456015,50573.000000,"Heap size (KB)"
1419337860680390,50609.000000,"Heap size (KB)"
1419337861322578,50681.000000,"Heap size (KB)"
1419337863762630,50713.000000,"Heap size (KB)"
1419337863833359,50781.000000,"Heap size (KB)"
1419337863844505,51041.000000,"Heap size (KB)"
1419337863849661,51301.000000,"Heap size (KB)"
1419337864380859,51337.000000,"Heap size (KB)"
1419337864437161,51409.000000,"Heap size (KB)"
1419337865049661,51441.000000,"Heap size (KB)"
1419337865166224,51473.000000,"Heap size (KB)"
1419337866744609,51989.000000,"Heap size (KB)"
1419337866749974,52505.000000,"Heap size (KB)"
1419337866780442,52765.000000,"Heap size (KB)"
1419337866785442,53025.000000,"Heap size (KB)"
1419337873466380,53057.000000,"Heap size (KB)"
1419337875744349,53125.000000,"Heap size (KB)"
1419337877929974,53157.000000,"Heap size (KB)"
1419337879764974,53189.000000,"Heap size (KB)"
1419337881409765,19813445632.000000,"mem.virt"
1419337881409765,0.000000,"mem.locked"
1419337881409765,376901632.000000,"mem.rss.watermark"
1419337881409765,303316992.000000,"mem.rss"
1419337881409765,112963584.000000,"mem.rss.anon"
1419337881409765,157917184.000000,"mem.rss.file"
1419337881409765,32436224.000000,"mem.rss.shmem"
1419337881409765,18501632.000000,"mem.swap"
1419337881409765,0.000000,"oom_score_adj"
1419337888922890,53221.000000,"Heap size (KB)"
1419337909158984,53253.000000,"Heap size (KB)"
1419337910208567,53285.000000,"Heap size (KB)"
1419337921455442,53317.000000,"Heap size (KB)"
1419337923410755,53353.000000,"Heap size (KB)"
1419337924118672,53425.000000,"Heap size (KB)"
1419337924287942,53457.000000,"Heap size (KB)"
1419337924729765,53489.000000,"Heap size (KB)"
1419337926712317,53557.000000,"Heap size (KB)"
1419337926720599,53817.000000,"Heap size (KB)"
1419337926730130,54077.000000,"Heap size (KB)"
1419337927480547,54149.000000,"Heap size (KB)"
1419337929868672,54665.000000,"Heap size (KB)"
1419337929874817,55181.000000,"Heap size (KB)"
1419337929909192,55441.000000,"Heap size (KB)"
1419337929914609,55701.000000,"Heap size (KB)"
1419337945926380,55769.000000,"Heap size (KB)"
1419337954910286,55801.000000,"Heap size (KB)"
1419337973086380,55833.000000,"Heap size (KB)"
1419337977925130,55865.000000,"Heap size (KB)"
1419337978542734,55897.000000,"Heap size (KB)"
1419337981358411,19792359424.000000,"mem.virt"
1419337981358411,0.000000,"mem.locked"
1419337981358411,376901632.000000,"mem.rss.watermark"
1419337981358411,304103424.000000,"mem.rss"
1419337981358411,113750016.000000,"mem.rss.anon"
1419337981358411,157917184.000000,"mem.rss.file"
1419337981358411,32436224.000000,"mem.rss.shmem"
1419337981358411,18501632.000000,"mem.swap"
1419337981358411,0.000000,"oom_score_adj"
1419337998586953,55929.000000,"Heap size (KB)"
1419337999327421,55961.000000,"Heap size (KB)"
1419338014595599,55993.000000,"Heap size (KB)"
1419338025737421,56025.000000,"Heap size (KB)"
1419338029138880,56057.000000,"Heap size (KB)"
1419338047090130,56089.000000,"Heap size (KB)"
1419338061060599,56121.000000,"Heap size (KB)"
1419338072151380,56153.000000,"Heap size (KB)"
1419338072947005,56185.000000,"Heap size (KB)"
1419338079118724,56217.000000,"Heap size (KB)"
1419338081494453,19792359424.000000,"mem.virt"
1419338081494453,0.000000,"mem.locked"
1419338081494453,376901632.000000,"mem.rss.watermark"
1419338081494453,304496640.000000,"mem.rss"
1419338081494453,114143232.000000,"mem.rss.anon"
1419338081494453,157917184.000000,"mem.rss.file"
1419338081494453,32436224.000000,"mem.rss.shmem"
1419338081494453,18501632.000000,"mem.swap"
1419338081494453,0.000000,"oom_score_adj"
1419338089569505,56249.000000,"Heap size (KB)"
1419338109635859,56281.000000,"Heap size (KB)"
1419338110142005,56313.000000,"Heap size (KB)"
1419338124499817,56345.000000,"Heap size (KB)"
1419338124624192,56377.000000,"Heap size (KB)"
1419338136640755,56409.000000,"Heap size (KB)"
1419338154053567,56441.000000,"Heap size (KB)"
1419338155571171,56473.000000,"Heap size (KB)"
1419338180993515,19792359424.000000,"mem.virt"
1419338180993515,0.000000,"mem.locked"
1419338180993515,376901632.000000,"mem.rss.watermark"
1419338180993515,304758784.000000,"mem.rss"
1419338180993515,114405376.000000,"mem.rss.anon"
1419338180993515,157917184.000000,"mem.rss.file"
1419338180993515,32436224.000000,"mem.rss.shmem"
1419338180993515,18501632.000000,"mem.swap"
1419338180993515,0.000000,"oom_score_adj"
1419338183015703,56505.000000,"Heap size (KB)"
1419338183389036,56537.000000,"Heap size (KB)"
1419338183510755,56569.000000,"Heap size (KB)"
1419338187235859,56601.000000,"Heap size (KB)"
1419338195483723,56633.000000,"Heap size (KB)"
1419338203616015,56665.000000,"Heap size (KB)"
1419338203966067,56697.000000,"Heap size (KB)"
1419338220723359,56729.000000,"Heap size (KB)"
1419338229697942,56761.000000,"Heap size (KB)"
1419338234791692,56793.000000,"Heap size (KB)"
1419338245850442,56825.000000,"Heap size (KB)"
1419338248044921,56857.000000,"Heap size (KB)"
1419338268145598,56889.000000,"Heap size (KB)"
1419338270794348,56921.000000,"Heap size (KB)"
1419338279254140,56953.000000,"Heap size (KB)"
1419338281384921,19792359424.000000,"mem.virt"
1419338281384921,0.000000,"mem.locked"
1419338281384921,376901632.000000,"mem.rss.watermark"
1419338281384921,305020928.000000,"mem.rss"
1419338281384921,114667520.000000,"mem.rss.anon"
1419338281384921,157917184.000000,"mem.rss.file"
1419338281384921,32436224.000000,"mem.rss.shmem"
1419338281384921,18501632.000000,"mem.swap"
1419338281384921,0.000000,"oom_score_adj"
1419338298129609,56985.000000,"Heap size (KB)"
1419338298233723,57017.000000,"Heap size (KB)"
1419338319952734,57049.000000,"Heap size (KB)"
1419338320096848,57081.000000,"Heap size (KB)"
1419338321297942,57113.000000,"Heap size (KB)"
