"tid","name","ts","dur","state"
30232,"nio-webserver-r",1419350938480125,12500,"R"
30232,"nio-webserver-r",1419350938492625,154635,"Running"
30232,"nio-webserver-r",1419350938647260,13646,"R+"
30232,"nio-webserver-r",1419350938660906,197500,"Running"
30232,"nio-webserver-r",1419350938858406,68281,"S"
30232,"nio-webserver-r",1419350938926687,26407,"R"
30232,"nio-webserver-r",1419350938953094,4843,"Running"
30232,"nio-webserver-r",1419350938957937,132292,"S"
30232,"nio-webserver-r",1419350939090229,7552,"R"
30232,"nio-webserver-r",1419350939097781,202761,"Running"
30232,"nio-webserver-r",1419350939300542,573333,"S"
30232,"nio-webserver-r",1419350939873875,89792,"R"
30232,"nio-webserver-r",1419350939963667,144531,"Running"
30232,"nio-webserver-r",1419350940108198,25833,"R"
30232,"nio-webserver-r",1419350940134031,262031,"Running"
30290,"NIO-Worker",1419350940343406,27969,"R"
30290,"NIO-Worker",1419350940371375,447969,"Running"
30232,"nio-webserver-r",1419350940396062,16580157,"S"
30290,"NIO-Worker",1419350940819344,10769635,"S"
30290,"NIO-Worker",1419350951588979,20365,"R"
30290,"NIO-Worker",1419350951609344,658437,"Running"
30290,"NIO-Worker",1419350952267781,285261,"S"
30290,"NIO-Worker",1419350952553042,18333,"R"
30290,"NIO-Worker",1419350952571375,46406,"Running"
30290,"NIO-Worker",1419350952617781,354167,"S"
30290,"NIO-Worker",1419350952971948,19271,"R"
30290,"NIO-Worker",1419350952991219,236666,"Running"
30290,"NIO-Worker",1419350953227885,69896,"R+"
30290,"NIO-Worker",1419350953297781,9688,"Running"
30290,"NIO-Worker",1419350953307469,271718,"S"
30290,"NIO-Worker",1419350953579187,38125,"R"
30290,"NIO-Worker",1419350953617312,21823,"Running"
30290,"NIO-Worker",1419350953639135,50157,"S"
30290,"NIO-Worker",1419350953689292,13177,"R"
30290,"NIO-Worker",1419350953702469,54687,"Running"
30290,"NIO-Worker",1419350953757156,49636,"S"
30290,"NIO-Worker",1419350953806792,15625,"R"
30290,"NIO-Worker",1419350953822417,2807395,"Running"
30290,"NIO-Worker",1419350956629812,22605,"S"
30290,"NIO-Worker",1419350956652417,33020,"R"
30290,"NIO-Worker",1419350956685437,327448,"Running"
30232,"nio-webserver-r",1419350956976219,36666,"R"
30232,"nio-webserver-r",1419350957012885,330990,"Running"
30290,"NIO-Worker",1419350957012885,406244427,"S"
30232,"nio-webserver-r",1419350957343875,11562,"R+"
30232,"nio-webserver-r",1419350957355437,246563,"Running"
30232,"nio-webserver-r",1419350957602000,39844,"R+"
30232,"nio-webserver-r",1419350957641844,59531,"Running"
30232,"nio-webserver-r",1419350957701375,30169323,"S"
30232,"nio-webserver-r",1419350987870698,36875,"R"
30232,"nio-webserver-r",1419350987907573,166094,"Running"
30232,"nio-webserver-r",1419350988073667,35364,"S"
30232,"nio-webserver-r",1419350988109031,29948,"R"
30232,"nio-webserver-r",1419350988138979,8646,"Running"
30232,"nio-webserver-r",1419350988147625,9479,"S"
30232,"nio-webserver-r",1419350988157104,93438,"R"
30232,"nio-webserver-r",1419350988250542,154427,"Running"
30232,"nio-webserver-r",1419350988404969,271093,"S"
30232,"nio-webserver-r",1419350988676062,36719,"R"
30232,"nio-webserver-r",1419350988712781,184323,"Running"
30232,"nio-webserver-r",1419350988897104,8802,"R"
30232,"nio-webserver-r",1419350988905906,277136,"Running"
30293,"NIO-Worker",1419350989147000,35000,"R"
30293,"NIO-Worker",1419350989182000,314635,"Running"
30232,"nio-webserver-r",1419350989183042,5481927,"S"
30293,"NIO-Worker",1419350989496635,82552,"R"
30293,"NIO-Worker",1419350989579187,65417,"Running"
30293,"NIO-Worker",1419350989644604,15365,"R"
30293,"NIO-Worker",1419350989659969,397656,"Running"
30293,"NIO-Worker",1419350990057625,71250,"R"
30293,"NIO-Worker",1419350990128875,120781,"Running"
30293,"NIO-Worker",1419350990249656,151563,"S"
30293,"NIO-Worker",1419350990401219,27916,"R"
30293,"NIO-Worker",1419350990429135,36407,"Running"
30293,"NIO-Worker",1419350990465542,203489,"S"
30293,"NIO-Worker",1419350990669031,15104,"R"
30293,"NIO-Worker",1419350990684135,218750,"Running"
30293,"NIO-Worker",1419350990902885,257657,"S"
30293,"NIO-Worker",1419350991160542,14895,"R"
30293,"NIO-Worker",1419350991175437,20417,"Running"
30293,"NIO-Worker",1419350991195854,64740,"S"
30293,"NIO-Worker",1419350991260594,15729,"R"
30293,"NIO-Worker",1419350991276323,46614,"Running"
30293,"NIO-Worker",1419350991322937,41511,"S"
30293,"NIO-Worker",1419350991364448,13750,"R"
30293,"NIO-Worker",1419350991378198,1328437,"Running"
30293,"NIO-Worker",1419350992706635,15365,"R"
30293,"NIO-Worker",1419350992722000,135781,"Running"
30293,"NIO-Worker",1419350992857781,46667,"R"
30293,"NIO-Worker",1419350992904448,1378489,"Running"
30293,"NIO-Worker",1419350994282937,118594,"S"
30293,"NIO-Worker",1419350994401531,51198,"R"
30293,"NIO-Worker",1419350994452729,248594,"Running"
30244,"nio-stream-prod",1419350994548562,14219,"R"
30244,"nio-stream-prod",1419350994562781,150000,"Running"
30232,"nio-webserver-r",1419350994664969,79010,"R"
30293,"NIO-Worker",1419350994701323,11458,"R"
30244,"nio-stream-prod",1419350994712781,112800260,"S"
30293,"NIO-Worker",1419350994712781,31198,"Running"
30232,"nio-webserver-r",1419350994743979,195677,"Running"
30293,"NIO-Worker",1419350994743979,422148333,"S"
30232,"nio-webserver-r",1419350994939656,41250,"R+"
30232,"nio-webserver-r",1419350994980906,21042,"Running"
30232,"nio-webserver-r",1419350995001948,7187,"R+"
30232,"nio-webserver-r",1419350995009135,252188,"Running"
30232,"nio-webserver-r",1419350995261323,45861719,"S"
30232,"nio-webserver-r",1419351041123042,46302,"R"
30232,"nio-webserver-r",1419351041169344,136354,"Running"
30232,"nio-webserver-r",1419351041305698,108802,"S"
30232,"nio-webserver-r",1419351041414500,37344,"R"
30232,"nio-webserver-r",1419351041451844,17187,"Running"
30232,"nio-webserver-r",1419351041469031,3073,"S"
30232,"nio-webserver-r",1419351041472104,9271,"R"
30232,"nio-webserver-r",1419351041481375,159219,"Running"
30232,"nio-webserver-r",1419351041640594,106666,"R"
30232,"nio-webserver-r",1419351041747260,7240,"Running"
30232,"nio-webserver-r",1419351041754500,35937,"R+"
30232,"nio-webserver-r",1419351041790437,77448,"Running"
30232,"nio-webserver-r",1419351041867885,445313,"S"
30232,"nio-webserver-r",1419351042313198,62864,"R"
30232,"nio-webserver-r",1419351042376062,254688,"Running"
30232,"nio-webserver-r",1419351042630750,221823,"R"
30232,"nio-webserver-r",1419351042852573,231875,"Running"
30295,"NIO-Worker",1419351043019656,32761,"R"
30295,"NIO-Worker",1419351043052417,506875,"Running"
30232,"nio-webserver-r",1419351043084448,11841458,"S"
30295,"NIO-Worker",1419351043559292,5342083,"S"
30295,"NIO-Worker",1419351048901375,15104,"R"
30295,"NIO-Worker",1419351048916479,294688,"Running"
30295,"NIO-Worker",1419351049211167,25208,"S"
30295,"NIO-Worker",1419351049236375,15781,"R"
30295,"NIO-Worker",1419351049252156,355469,"Running"
30295,"NIO-Worker",1419351049607625,180937,"S"
30295,"NIO-Worker",1419351049788562,25105,"R"
30295,"NIO-Worker",1419351049813667,52187,"Running"
30295,"NIO-Worker",1419351049865854,436302,"S"
30295,"NIO-Worker",1419351050302156,33125,"R"
30295,"NIO-Worker",1419351050335281,154219,"Running"
30295,"NIO-Worker",1419351050489500,17500,"R"
30295,"NIO-Worker",1419351050507000,93542,"Running"
30295,"NIO-Worker",1419351050600542,625364,"S"
30295,"NIO-Worker",1419351051225906,47344,"R"
30295,"NIO-Worker",1419351051273250,41094,"Running"
30295,"NIO-Worker",1419351051314344,77187,"S"
30295,"NIO-Worker",1419351051391531,18229,"R"
30295,"NIO-Worker",1419351051409760,51302,"Running"
30295,"NIO-Worker",1419351051461062,47605,"S"
30295,"NIO-Worker",1419351051508667,57656,"R"
30295,"NIO-Worker",1419351051566323,744583,"Running"
30295,"NIO-Worker",1419351052310906,26719,"R"
30295,"NIO-Worker",1419351052337625,583750,"Running"
30295,"NIO-Worker",1419351052921375,60937,"R"
30295,"NIO-Worker",1419351052982312,1623282,"Running"
30295,"NIO-Worker",1419351054605594,47656,"S"
30295,"NIO-Worker",1419351054653250,35937,"R"
30295,"NIO-Worker",1419351054689187,311042,"Running"
30232,"nio-webserver-r",1419351054925906,47344,"R"
30232,"nio-webserver-r",1419351054973250,269531,"Running"
30295,"NIO-Worker",1419351055000229,412942552,"S"
30232,"nio-webserver-r",1419351055242781,9219,"R+"
30232,"nio-webserver-r",1419351055252000,241719,"Running"
30232,"nio-webserver-r",1419351055493719,38067604,"S"
30232,"nio-webserver-r",1419351093561323,72187,"R"
30232,"nio-webserver-r",1419351093633510,256146,"Running"
30232,"nio-webserver-r",1419351093889656,292031,"S"
30232,"nio-webserver-r",1419351094181687,29375,"R"
30232,"nio-webserver-r",1419351094211062,10313,"Running"
30232,"nio-webserver-r",1419351094221375,17291,"S"
30232,"nio-webserver-r",1419351094238666,111459,"R"
30232,"nio-webserver-r",1419351094350125,204687,"Running"
30232,"nio-webserver-r",1419351094554812,462188,"S"
30232,"nio-webserver-r",1419351095017000,41094,"R"
30232,"nio-webserver-r",1419351095058094,363281,"Running"
30296,"NIO-Worker",1419351095388875,16979,"R"
30296,"NIO-Worker",1419351095405854,448958,"Running"
30232,"nio-webserver-r",1419351095421375,12180781,"S"
30296,"NIO-Worker",1419351095854812,6531719,"S"
30296,"NIO-Worker",1419351102386531,22448,"R"
30296,"NIO-Worker",1419351102408979,319583,"Running"
30296,"NIO-Worker",1419351102728562,33073,"R"
30296,"NIO-Worker",1419351102761635,193021,"Running"
30296,"NIO-Worker",1419351102954656,20260,"R"
30296,"NIO-Worker",1419351102974916,81771,"Running"
30296,"NIO-Worker",1419351103056687,118542,"R+"
30296,"NIO-Worker",1419351103175229,11771,"Running"
30296,"NIO-Worker",1419351103187000,260104,"S"
30296,"NIO-Worker",1419351103447104,27396,"R"
30296,"NIO-Worker",1419351103474500,53906,"Running"
30296,"NIO-Worker",1419351103528406,227031,"S"
30296,"NIO-Worker",1419351103755437,13386,"R"
30296,"NIO-Worker",1419351103768823,242708,"Running"
30296,"NIO-Worker",1419351104011531,43750,"R+"
30296,"NIO-Worker",1419351104055281,7500,"Running"
30296,"NIO-Worker",1419351104062781,170000,"S"
30296,"NIO-Worker",1419351104232781,12500,"R"
30296,"NIO-Worker",1419351104245281,21719,"Running"
30296,"NIO-Worker",1419351104267000,55312,"R+"
30296,"NIO-Worker",1419351104322312,9323,"Running"
30296,"NIO-Worker",1419351104331635,18646,"S"
30296,"NIO-Worker",1419351104350281,46094,"Running"
30296,"NIO-Worker",1419351104396375,39219,"S"
30296,"NIO-Worker",1419351104435594,12656,"R"
30296,"NIO-Worker",1419351104448250,2934062,"Running"
30296,"NIO-Worker",1419351107382312,29948,"R+"
30296,"NIO-Worker",1419351107412260,228490,"Running"
30244,"nio-stream-prod",1419351107513041,15209,"R"
30244,"nio-stream-prod",1419351107528250,127031,"Running"
30232,"nio-webserver-r",1419351107602156,15625,"R"
30232,"nio-webserver-r",1419351107617781,606406,"Running"
30296,"NIO-Worker",1419351107640750,412995573,"S"
30244,"nio-stream-prod",1419351107655281,40781,"R+"
30244,"nio-stream-prod",1419351107696062,124792,"Running"
30244,"nio-stream-prod",1419351107820854,106872187,"S"
30232,"nio-webserver-r",1419351108224187,38603125,"S"
30232,"nio-webserver-r",1419351146827312,45625,"R"
30232,"nio-webserver-r",1419351146872937,141407,"Running"
30232,"nio-webserver-r",1419351147014344,59635,"S"
30232,"nio-webserver-r",1419351147073979,52865,"R"
30232,"nio-webserver-r",1419351147126844,164218,"Running"
30232,"nio-webserver-r",1419351147291062,459792,"S"
30232,"nio-webserver-r",1419351147750854,58802,"R"
30232,"nio-webserver-r",1419351147809656,365885,"Running"
30299,"NIO-Worker",1419351148124291,33594,"R"
30299,"NIO-Worker",1419351148157885,416615,"Running"
30232,"nio-webserver-r",1419351148175541,16012396,"S"
30299,"NIO-Worker",1419351148574500,8855312,"S"
30299,"NIO-Worker",1419351157429812,117969,"R"
30299,"NIO-Worker",1419351157547781,312031,"Running"
30299,"NIO-Worker",1419351157859812,102292,"S"
30299,"NIO-Worker",1419351157962104,20312,"R"
30299,"NIO-Worker",1419351157982416,12032,"Running"
30299,"NIO-Worker",1419351157994448,187812,"R"
30299,"NIO-Worker",1419351158182260,436250,"Running"
30299,"NIO-Worker",1419351158618510,47813,"R+"
30299,"NIO-Worker",1419351158666323,12083,"Running"
30299,"NIO-Worker",1419351158678406,68698,"S"
30299,"NIO-Worker",1419351158747104,195000,"R"
30299,"NIO-Worker",1419351158942104,35833,"Running"
30299,"NIO-Worker",1419351158977937,69063,"R+"
30299,"NIO-Worker",1419351159047000,27656,"Running"
30299,"NIO-Worker",1419351159074656,334688,"S"
30299,"NIO-Worker",1419351159409344,101562,"R"
30299,"NIO-Worker",1419351159510906,236719,"Running"
30299,"NIO-Worker",1419351159747625,232760,"S"
30299,"NIO-Worker",1419351159980385,29427,"R"
30299,"NIO-Worker",1419351160009812,19063,"Running"
30299,"NIO-Worker",1419351160028875,67031,"S"
30299,"NIO-Worker",1419351160095906,21094,"R"
30299,"NIO-Worker",1419351160117000,60625,"Running"
30299,"NIO-Worker",1419351160177625,68594,"S"
30299,"NIO-Worker",1419351160246219,41406,"R"
30299,"NIO-Worker",1419351160287625,1489687,"Running"
30299,"NIO-Worker",1419351161777312,78229,"R"
30299,"NIO-Worker",1419351161855541,2076719,"Running"
30299,"NIO-Worker",1419351163932260,27084,"S"
30299,"NIO-Worker",1419351163959344,21406,"R"
30299,"NIO-Worker",1419351163980750,245937,"Running"
30232,"nio-webserver-r",1419351164187937,15729,"R"
30232,"nio-webserver-r",1419351164203666,393021,"Running"
30299,"NIO-Worker",1419351164226687,411870625,"S"
30232,"nio-webserver-r",1419351164596687,37045625,"S"
30232,"nio-webserver-r",1419351201642312,109532,"R"
30232,"nio-webserver-r",1419351201751844,80156,"Running"
30232,"nio-webserver-r",1419351201832000,8594,"R+"
30232,"nio-webserver-r",1419351201840594,96562,"Running"
30232,"nio-webserver-r",1419351201937156,169219,"S"
30232,"nio-webserver-r",1419351202106375,32344,"R"
30232,"nio-webserver-r",1419351202138719,143854,"Running"
30232,"nio-webserver-r",1419351202282573,728802,"S"
30232,"nio-webserver-r",1419351203011375,39323,"R"
30232,"nio-webserver-r",1419351203050698,300937,"Running"
30300,"NIO-Worker",1419351203317937,19688,"R"
30300,"NIO-Worker",1419351203337625,453125,"Running"
30232,"nio-webserver-r",1419351203351635,11544115,"S"
30300,"NIO-Worker",1419351203790750,6005156,"S"
30300,"NIO-Worker",1419351209795906,12292,"R"
30300,"NIO-Worker",1419351209808198,508958,"Running"
30300,"NIO-Worker",1419351210317156,174063,"S"
30300,"NIO-Worker",1419351210491219,16666,"R"
30300,"NIO-Worker",1419351210507885,53906,"Running"
30300,"NIO-Worker",1419351210561791,231250,"S"
30300,"NIO-Worker",1419351210793041,15365,"R"
30300,"NIO-Worker",1419351210808406,258750,"Running"
30300,"NIO-Worker",1419351211067156,261094,"S"
30300,"NIO-Worker",1419351211328250,14219,"R"
30300,"NIO-Worker",1419351211342469,25781,"Running"
30300,"NIO-Worker",1419351211368250,60625,"S"
30300,"NIO-Worker",1419351211428875,25573,"R"
30300,"NIO-Worker",1419351211454448,51875,"Running"
30300,"NIO-Worker",1419351211506323,68750,"S"
30300,"NIO-Worker",1419351211575073,31302,"R"
30300,"NIO-Worker",1419351211606375,1331979,"Running"
30300,"NIO-Worker",1419351212938354,70208,"R"
30300,"NIO-Worker",1419351213008562,1505157,"Running"
30300,"NIO-Worker",1419351214513719,27760,"S"
30300,"NIO-Worker",1419351214541479,47865,"R"
30300,"NIO-Worker",1419351214589344,373125,"Running"
30244,"nio-stream-prod",1419351214693041,103750,"R"
30244,"nio-stream-prod",1419351214796791,87084,"Running"
30244,"nio-stream-prod",1419351214883875,107681041,"S"
30232,"nio-webserver-r",1419351214895750,41406,"R"
30232,"nio-webserver-r",1419351214937156,513438,"Running"
30300,"NIO-Worker",1419351214962469,415025468,"S"
30232,"nio-webserver-r",1419351215450594,40508437,"S"
30232,"nio-webserver-r",1419351255959031,47188,"R"
30232,"nio-webserver-r",1419351256006219,116093,"Running"
30232,"nio-webserver-r",1419351256122312,55782,"S"
30232,"nio-webserver-r",1419351256178094,104375,"R"
30232,"nio-webserver-r",1419351256282469,188229,"Running"
30232,"nio-webserver-r",1419351256470698,561458,"S"
30232,"nio-webserver-r",1419351257032156,54844,"R"
30232,"nio-webserver-r",1419351257087000,334375,"Running"
30234,"NIO-Worker",1419351257376687,19219,"R"
30234,"NIO-Worker",1419351257395906,336563,"Running"
30232,"nio-webserver-r",1419351257421375,15775625,"S"
30234,"NIO-Worker",1419351257732469,10700781,"S"
30234,"NIO-Worker",1419351268433250,31666,"R"
30234,"NIO-Worker",1419351268464916,237969,"Running"
30234,"NIO-Worker",1419351268702885,17500,"S"
30234,"NIO-Worker",1419351268720385,175365,"Running"
30234,"NIO-Worker",1419351268895750,42916,"R"
30234,"NIO-Worker",1419351268938666,154428,"Running"
30234,"NIO-Worker",1419351269093094,138750,"S"
30234,"NIO-Worker",1419351269231844,8385,"R"
30234,"NIO-Worker",1419351269240229,25677,"Running"
30234,"NIO-Worker",1419351269265906,26719,"R+"
30234,"NIO-Worker",1419351269292625,14948,"Running"
30234,"NIO-Worker",1419351269307573,148333,"S"
30234,"NIO-Worker",1419351269455906,11875,"R"
30234,"NIO-Worker",1419351269467781,255781,"Running"
30234,"NIO-Worker",1419351269723562,278854,"S"
30234,"NIO-Worker",1419351270002416,28646,"R"
30234,"NIO-Worker",1419351270031062,21667,"Running"
30234,"NIO-Worker",1419351270052729,45208,"S"
30234,"NIO-Worker",1419351270097937,14792,"R"
30234,"NIO-Worker",1419351270112729,62083,"Running"
30234,"NIO-Worker",1419351270174812,66511,"S"
30234,"NIO-Worker",1419351270241323,15468,"R"
30234,"NIO-Worker",1419351270256791,2772396,"Running"
30234,"NIO-Worker",1419351273029187,21563,"S"
30234,"NIO-Worker",1419351273050750,16719,"R"
30234,"NIO-Worker",1419351273067469,174687,"Running"
30232,"nio-webserver-r",1419351273197000,31094,"R"
30232,"nio-webserver-r",1419351273228094,333593,"Running"
30234,"NIO-Worker",1419351273242156,413558906,"S"
30232,"nio-webserver-r",1419351273561687,36065313,"S"
30232,"nio-webserver-r",1419351309627000,36562,"R"
30232,"nio-webserver-r",1419351309663562,247292,"Running"
30232,"nio-webserver-r",1419351309910854,63802,"R+"
30232,"nio-webserver-r",1419351309974656,44479,"Running"
30232,"nio-webserver-r",1419351310019135,9375,"S"
30232,"nio-webserver-r",1419351310028510,83646,"R"
30232,"nio-webserver-r",1419351310112156,174167,"Running"
30232,"nio-webserver-r",1419351310286323,222656,"S"
30232,"nio-webserver-r",1419351310508979,71562,"R"
30232,"nio-webserver-r",1419351310580541,22344,"Running"
30232,"nio-webserver-r",1419351310602885,9219,"R"
30232,"nio-webserver-r",1419351310612104,393333,"Running"
30285,"NIO-Worker",1419351310960854,40677,"R"
30285,"NIO-Worker",1419351311001531,391094,"Running"
30232,"nio-webserver-r",1419351311005437,11666250,"S"
30285,"NIO-Worker",1419351311392625,6343125,"S"
30285,"NIO-Worker",1419351317735750,30416,"R"
30285,"NIO-Worker",1419351317766166,584115,"Running"
30285,"NIO-Worker",1419351318350281,155417,"S"
30285,"NIO-Worker",1419351318505698,25364,"R"
30285,"NIO-Worker",1419351318531062,40000,"Running"
30285,"NIO-Worker",1419351318571062,20625,"R+"
30285,"NIO-Worker",1419351318591687,11511,"Running"
30285,"NIO-Worker",1419351318603198,213177,"S"
30285,"NIO-Worker",1419351318816375,40937,"R"
30285,"NIO-Worker",1419351318857312,255000,"Running"
30285,"NIO-Worker",1419351319112312,271979,"S"
30285,"NIO-Worker",1419351319384291,26302,"R"
30285,"NIO-Worker",1419351319410593,18438,"Running"
30285,"NIO-Worker",1419351319429031,69167,"S"
30285,"NIO-Worker",1419351319498198,20052,"R"
30285,"NIO-Worker",1419351319518250,60885,"Running"
30285,"NIO-Worker",1419351319579135,77708,"R+"
30285,"NIO-Worker",1419351319656843,2785469,"Running"
30285,"NIO-Worker",1419351322442312,29063,"R+"
30285,"NIO-Worker",1419351322471375,250104,"Running"
30244,"nio-stream-prod",1419351322564916,30157,"R"
30244,"nio-stream-prod",1419351322595073,66145,"Running"
30244,"nio-stream-prod",1419351322661218,30105,"R"
30232,"nio-webserver-r",1419351322671687,27292,"R"
30244,"nio-stream-prod",1419351322691323,190208,"Running"
30232,"nio-webserver-r",1419351322698979,439739,"Running"
30285,"NIO-Worker",1419351322721479,417268958,"S"
30244,"nio-stream-prod",1419351322881531,99827344,"S"
30232,"nio-webserver-r",1419351323138718,38909375,"S"
30232,"nio-webserver-r",1419351362048093,25261,"R"
30232,"nio-webserver-r",1419351362073354,127239,"Running"
30232,"nio-webserver-r",1419351362200593,145625,"S"
30232,"nio-webserver-r",1419351362346218,33907,"R"
30232,"nio-webserver-r",1419351362380125,5781,"Running"
30232,"nio-webserver-r",1419351362385906,17292,"S"
30232,"nio-webserver-r",1419351362403198,186614,"Running"
30232,"nio-webserver-r",1419351362589812,285938,"S"
30232,"nio-webserver-r",1419351362875750,49375,"R"
30232,"nio-webserver-r",1419351362925125,368125,"Running"
30290,"NIO-Worker",1419351363257312,16875,"R"
30290,"NIO-Worker",1419351363274187,371823,"Running"
30232,"nio-webserver-r",1419351363293250,5454687,"S"
30290,"NIO-Worker",1419351363646010,8021,"S"
30290,"NIO-Worker",1419351363654031,15781,"R"
30290,"NIO-Worker",1419351363669812,147604,"Running"
30290,"NIO-Worker",1419351363817416,61459,"S"
30290,"NIO-Worker",1419351363878875,10729,"R"
30290,"NIO-Worker",1419351363889604,226927,"Running"
30290,"NIO-Worker",1419351364116531,137344,"S"
30290,"NIO-Worker",1419351364253875,17916,"R"
30290,"NIO-Worker",1419351364271791,33021,"Running"
30290,"NIO-Worker",1419351364304812,223698,"S"
30290,"NIO-Worker",1419351364528510,30521,"R"
30290,"NIO-Worker",1419351364559031,241094,"Running"
30290,"NIO-Worker",1419351364800125,86979,"R+"
30290,"NIO-Worker",1419351364887104,7396,"Running"
30290,"NIO-Worker",1419351364894500,215416,"S"
30290,"NIO-Worker",1419351365109916,14115,"R"
30290,"NIO-Worker",1419351365124031,16250,"Running"
30290,"NIO-Worker",1419351365140281,69375,"S"
30290,"NIO-Worker",1419351365209656,18281,"R"
30290,"NIO-Worker",1419351365227937,43229,"Running"
30290,"NIO-Worker",1419351365271166,50052,"S"
30290,"NIO-Worker",1419351365321218,16094,"R"
30290,"NIO-Worker",1419351365337312,2174844,"Running"
30290,"NIO-Worker",1419351367512156,100573,"R"
30290,"NIO-Worker",1419351367612729,12552,"Running"
30290,"NIO-Worker",1419351367625281,18437,"R"
30290,"NIO-Worker",1419351367643718,920782,"Running"
30290,"NIO-Worker",1419351368564500,39218,"S"
30290,"NIO-Worker",1419351368603718,20625,"R"
30290,"NIO-Worker",1419351368624343,161667,"Running"
30232,"nio-webserver-r",1419351368747937,16250,"R"
30232,"nio-webserver-r",1419351368764187,437136,"Running"
30290,"NIO-Worker",1419351368786010,426671771,"S"
30232,"nio-webserver-r",1419351369201323,46323906,"S"
30232,"nio-webserver-r",1419351415525229,41562,"R"
30232,"nio-webserver-r",1419351415566791,261771,"Running"
30232,"nio-webserver-r",1419351415828562,21250,"R+"
30232,"nio-webserver-r",1419351415849812,18854,"Running"
30232,"nio-webserver-r",1419351415868666,13125,"R+"
30232,"nio-webserver-r",1419351415881791,10209,"Running"
30232,"nio-webserver-r",1419351415892000,11718,"S"
30232,"nio-webserver-r",1419351415903718,32344,"R"
30232,"nio-webserver-r",1419351415936062,204323,"Running"
30232,"nio-webserver-r",1419351416140385,310052,"S"
30232,"nio-webserver-r",1419351416450437,76875,"R"
30232,"nio-webserver-r",1419351416527312,405469,"Running"
30293,"NIO-Worker",1419351416892312,25000,"R"
30293,"NIO-Worker",1419351416917312,361719,"Running"
30232,"nio-webserver-r",1419351416932781,14531,"R"
30232,"nio-webserver-r",1419351416947312,12656,"Running"
30232,"nio-webserver-r",1419351416959968,5980313,"S"
30293,"NIO-Worker",1419351417279031,721823,"S"
30293,"NIO-Worker",1419351418000854,14114,"R"
30293,"NIO-Worker",1419351418014968,471094,"Running"
30293,"NIO-Worker",1419351418486062,134688,"S"
30293,"NIO-Worker",1419351418620750,26718,"R"
30293,"NIO-Worker",1419351418647468,46667,"Running"
30293,"NIO-Worker",1419351418694135,208906,"S"
30293,"NIO-Worker",1419351418903041,16302,"R"
30293,"NIO-Worker",1419351418919343,260938,"Running"
30293,"NIO-Worker",1419351419180281,305469,"S"
30293,"NIO-Worker",1419351419485750,15312,"R"
30293,"NIO-Worker",1419351419501062,20417,"Running"
30293,"NIO-Worker",1419351419521479,51302,"S"
30293,"NIO-Worker",1419351419572781,25156,"R"
30293,"NIO-Worker",1419351419597937,56250,"Running"
30293,"NIO-Worker",1419351419654187,52969,"S"
30293,"NIO-Worker",1419351419707156,41042,"R"
30293,"NIO-Worker",1419351419748198,2808802,"Running"
30293,"NIO-Worker",1419351422557000,25312,"S"
30293,"NIO-Worker",1419351422582312,14531,"R"
30293,"NIO-Worker",1419351422596843,400886,"Running"
30244,"nio-stream-prod",1419351422708875,142968,"R"
30244,"nio-stream-prod",1419351422851843,117657,"Running"
30232,"nio-webserver-r",1419351422940281,24167,"R"
30232,"nio-webserver-r",1419351422964448,221250,"Running"
30244,"nio-stream-prod",1419351422969500,103261510,"S"
30293,"NIO-Worker",1419351422997729,422296718,"S"
30232,"nio-webserver-r",1419351423185698,92343,"R+"
30232,"nio-webserver-r",1419351423278041,383177,"Running"
30232,"nio-webserver-r",1419351423661218,42421250,"S"
30232,"nio-webserver-r",1419351466082468,16094,"R"
30232,"nio-webserver-r",1419351466098562,135261,"Running"
30232,"nio-webserver-r",1419351466233823,161302,"S"
30232,"nio-webserver-r",1419351466395125,39218,"R"
30232,"nio-webserver-r",1419351466434343,189688,"Running"
30232,"nio-webserver-r",1419351466624031,70573,"R+"
30232,"nio-webserver-r",1419351466694604,27552,"Running"
30232,"nio-webserver-r",1419351466722156,15156,"R"
30232,"nio-webserver-r",1419351466737312,39792,"Running"
30232,"nio-webserver-r",1419351466777104,671875,"S"
30232,"nio-webserver-r",1419351467448979,125989,"R"
30232,"nio-webserver-r",1419351467574968,414636,"Running"
30295,"NIO-Worker",1419351467942781,16562,"R"
30295,"NIO-Worker",1419351467959343,399792,"Running"
30232,"nio-webserver-r",1419351467989604,10991458,"S"
30295,"NIO-Worker",1419351468359135,5095365,"S"
30295,"NIO-Worker",1419351473454500,15937,"R"
30295,"NIO-Worker",1419351473470437,250156,"Running"
30295,"NIO-Worker",1419351473720593,31719,"S"
30295,"NIO-Worker",1419351473752312,34636,"Running"
30295,"NIO-Worker",1419351473786948,58802,"S"
30295,"NIO-Worker",1419351473845750,15312,"R"
30295,"NIO-Worker",1419351473861062,318281,"Running"
30295,"NIO-Worker",1419351474179343,145938,"S"
30295,"NIO-Worker",1419351474325281,28281,"R"
30295,"NIO-Worker",1419351474353562,42969,"Running"
30295,"NIO-Worker",1419351474396531,23750,"R+"
30295,"NIO-Worker",1419351474420281,7031,"Running"
30295,"NIO-Worker",1419351474427312,195313,"S"
30295,"NIO-Worker",1419351474622625,40625,"R"
30295,"NIO-Worker",1419351474663250,242812,"Running"
30295,"NIO-Worker",1419351474906062,504844,"S"
30295,"NIO-Worker",1419351475410906,31406,"R"
30295,"NIO-Worker",1419351475442312,44479,"Running"
30295,"NIO-Worker",1419351475486791,65365,"S"
30295,"NIO-Worker",1419351475552156,18750,"R"
30295,"NIO-Worker",1419351475570906,64219,"Running"
30295,"NIO-Worker",1419351475635125,114062,"S"
30295,"NIO-Worker",1419351475749187,132344,"R"
30295,"NIO-Worker",1419351475881531,6875,"Running"
30295,"NIO-Worker",1419351475888406,43385,"R"
30295,"NIO-Worker",1419351475931791,992865,"Running"
30295,"NIO-Worker",1419351476924656,8906,"R"
30295,"NIO-Worker",1419351476933562,1859479,"Running"
30295,"NIO-Worker",1419351478793041,39896,"R+"
30295,"NIO-Worker",1419351478832937,214531,"Running"
30232,"nio-webserver-r",1419351478981062,32188,"R"
30232,"nio-webserver-r",1419351479013250,379948,"Running"
30295,"NIO-Worker",1419351479047468,417649219,"S"
30232,"nio-webserver-r",1419351479393198,39819843,"S"
30232,"nio-webserver-r",1419351519213041,42709,"R"
30232,"nio-webserver-r",1419351519255750,115625,"Running"
30232,"nio-webserver-r",1419351519371375,206979,"S"
30232,"nio-webserver-r",1419351519578354,32864,"R"
30232,"nio-webserver-r",1419351519611218,5782,"Running"
30232,"nio-webserver-r",1419351519617000,11979,"S"
30232,"nio-webserver-r",1419351519628979,29844,"R"
30232,"nio-webserver-r",1419351519658823,221458,"Running"
30232,"nio-webserver-r",1419351519880281,312292,"S"
30232,"nio-webserver-r",1419351520192573,62187,"R"
30232,"nio-webserver-r",1419351520254760,420677,"Running"
30296,"NIO-Worker",1419351520636323,16250,"R"
30296,"NIO-Worker",1419351520652573,980208,"Running"
30232,"nio-webserver-r",1419351520675437,5664375,"S"
30296,"NIO-Worker",1419351521632781,169531,"S"
30296,"NIO-Worker",1419351521802312,15886,"R"
30296,"NIO-Worker",1419351521818198,38281,"Running"
30296,"NIO-Worker",1419351521856479,213177,"S"
30296,"NIO-Worker",1419351522069656,18594,"R"
30296,"NIO-Worker",1419351522088250,213281,"Running"
30296,"NIO-Worker",1419351522301531,256198,"S"
30296,"NIO-Worker",1419351522557729,37500,"R"
30296,"NIO-Worker",1419351522595229,20781,"Running"
30296,"NIO-Worker",1419351522616010,70000,"S"
30296,"NIO-Worker",1419351522686010,25833,"R"
30296,"NIO-Worker",1419351522711843,56719,"Running"
30296,"NIO-Worker",1419351522768562,58750,"S"
30296,"NIO-Worker",1419351522827312,26719,"R"
30296,"NIO-Worker",1419351522854031,2174375,"Running"
30296,"NIO-Worker",1419351525028406,80000,"R"
30296,"NIO-Worker",1419351525108406,63542,"Running"
30296,"NIO-Worker",1419351525171948,25520,"R"
30296,"NIO-Worker",1419351525197468,650313,"Running"
30296,"NIO-Worker",1419351525847781,246823,"S"
30296,"NIO-Worker",1419351526094604,15989,"R"
30296,"NIO-Worker",1419351526110593,58542,"Running"
30296,"NIO-Worker",1419351526169135,10833,"R"
30296,"NIO-Worker",1419351526179968,190886,"Running"
30244,"nio-stream-prod",1419351526231010,27240,"R"
30244,"nio-stream-prod",1419351526258250,27812,"Running"
30244,"nio-stream-prod",1419351526286062,30469,"R"
30244,"nio-stream-prod",1419351526316531,77135,"Running"
30232,"nio-webserver-r",1419351526339812,11563,"R"
30232,"nio-webserver-r",1419351526351375,200312,"Running"
30296,"NIO-Worker",1419351526370854,426568645,"S"
30244,"nio-stream-prod",1419351526393666,113039115,"S"
30232,"nio-webserver-r",1419351526551687,15156,"R+"
30232,"nio-webserver-r",1419351526566843,255157,"Running"
30232,"nio-webserver-r",1419351526822000,47672812,"S"
30232,"nio-webserver-r",1419351574494812,30625,"R"
30232,"nio-webserver-r",1419351574525437,128229,"Running"
30232,"nio-webserver-r",1419351574653666,115677,"S"
30232,"nio-webserver-r",1419351574769343,68282,"R"
30232,"nio-webserver-r",1419351574837625,6198,"Running"
30232,"nio-webserver-r",1419351574843823,14427,"S"
30232,"nio-webserver-r",1419351574858250,265312,"Running"
30232,"nio-webserver-r",1419351575123562,112448,"R"
30232,"nio-webserver-r",1419351575236010,182083,"Running"
30232,"nio-webserver-r",1419351575418093,236250,"S"
30232,"nio-webserver-r",1419351575654343,99688,"R"
30232,"nio-webserver-r",1419351575754031,388125,"Running"
30299,"NIO-Worker",1419351576097312,26354,"R"
30299,"NIO-Worker",1419351576123666,422657,"Running"
30232,"nio-webserver-r",1419351576142156,5334375,"S"
30299,"NIO-Worker",1419351576546323,46458,"S"
30299,"NIO-Worker",1419351576592781,12969,"R"
30299,"NIO-Worker",1419351576605750,506093,"Running"
30299,"NIO-Worker",1419351577111843,36511,"R+"
30299,"NIO-Worker",1419351577148354,4844,"Running"
30299,"NIO-Worker",1419351577153198,88802,"S"
30299,"NIO-Worker",1419351577242000,46354,"R"
30299,"NIO-Worker",1419351577288354,26614,"Running"
30299,"NIO-Worker",1419351577314968,203282,"S"
30299,"NIO-Worker",1419351577518250,36406,"R"
30299,"NIO-Worker",1419351577554656,217187,"Running"
30299,"NIO-Worker",1419351577771843,33386,"R+"
30299,"NIO-Worker",1419351577805229,10208,"Running"
30299,"NIO-Worker",1419351577815437,273229,"S"
30299,"NIO-Worker",1419351578088666,19063,"R"
30299,"NIO-Worker",1419351578107729,32708,"Running"
30299,"NIO-Worker",1419351578140437,27448,"R+"
30299,"NIO-Worker",1419351578167885,4271,"Running"
30299,"NIO-Worker",1419351578172156,21562,"S"
30299,"NIO-Worker",1419351578193718,31355,"R"
30299,"NIO-Worker",1419351578225073,45989,"Running"
30299,"NIO-Worker",1419351578271062,37344,"S"
30299,"NIO-Worker",1419351578308406,16250,"R"
30299,"NIO-Worker",1419351578324656,2649375,"Running"
30299,"NIO-Worker",1419351580974031,6719,"R"
30299,"NIO-Worker",1419351580980750,177968,"Running"
30299,"NIO-Worker",1419351581158718,25157,"S"
30299,"NIO-Worker",1419351581183875,85625,"R"
30299,"NIO-Worker",1419351581269500,22812,"Running"
30299,"NIO-Worker",1419351581292312,76406,"R+"
30299,"NIO-Worker",1419351581368718,170469,"Running"
30232,"nio-webserver-r",1419351581476531,27969,"R"
30232,"nio-webserver-r",1419351581504500,170156,"Running"
30299,"NIO-Worker",1419351581539187,426229375,"S"
30232,"nio-webserver-r",1419351581674656,47812,"R+"
30232,"nio-webserver-r",1419351581722468,200782,"Running"
30232,"nio-webserver-r",1419351581923250,46711093,"S"
30232,"nio-webserver-r",1419351628634343,58438,"R"
30232,"nio-webserver-r",1419351628692781,323854,"Running"
30232,"nio-webserver-r",1419351629016635,17500,"S"
30232,"nio-webserver-r",1419351629034135,71302,"R"
30232,"nio-webserver-r",1419351629105437,192448,"Running"
30232,"nio-webserver-r",1419351629297885,329896,"S"
30232,"nio-webserver-r",1419351629627781,47031,"R"
30232,"nio-webserver-r",1419351629674812,350938,"Running"
30300,"NIO-Worker",1419351629987937,14479,"R"
30300,"NIO-Worker",1419351630002416,455365,"Running"
30232,"nio-webserver-r",1419351630025750,9499843,"S"
30300,"NIO-Worker",1419351630457781,3981875,"S"
30300,"NIO-Worker",1419351634439656,22760,"R"
30300,"NIO-Worker",1419351634462416,608334,"Running"
30300,"NIO-Worker",1419351635070750,182916,"S"
30300,"NIO-Worker",1419351635253666,16302,"R"
30300,"NIO-Worker",1419351635269968,64219,"Running"
30300,"NIO-Worker",1419351635334187,270104,"S"
30300,"NIO-Worker",1419351635604291,20938,"R"
30300,"NIO-Worker",1419351635625229,240833,"Running"
30300,"NIO-Worker",1419351635866062,244636,"S"
30300,"NIO-Worker",1419351636110698,23645,"R"
30300,"NIO-Worker",1419351636134343,9011,"Running"
30300,"NIO-Worker",1419351636143354,16146,"R+"
30300,"NIO-Worker",1419351636159500,30104,"Running"
30300,"NIO-Worker",1419351636189604,70000,"S"
30300,"NIO-Worker",1419351636259604,18333,"R"
30300,"NIO-Worker",1419351636277937,73698,"Running"
30300,"NIO-Worker",1419351636351635,42500,"S"
30300,"NIO-Worker",1419351636394135,22344,"R"
30300,"NIO-Worker",1419351636416479,453021,"Running"
30300,"NIO-Worker",1419351636869500,9218,"R"
30300,"NIO-Worker",1419351636878718,2377188,"Running"
30300,"NIO-Worker",1419351639255906,34062,"S"
30300,"NIO-Worker",1419351639289968,17136,"R"
30300,"NIO-Worker",1419351639307104,268646,"Running"
30244,"nio-stream-prod",1419351639432781,20104,"R"
30244,"nio-stream-prod",1419351639452885,122552,"Running"
30232,"nio-webserver-r",1419351639525593,49844,"R"
30232,"nio-webserver-r",1419351639575437,450000,"Running"
30244,"nio-stream-prod",1419351639575437,106347813,"S"
30300,"NIO-Worker",1419351639575750,423398281,"S"
30232,"nio-webserver-r",1419351640025437,44628281,"S"
30232,"nio-webserver-r",1419351684653718,14844,"R"
30232,"nio-webserver-r",1419351684668562,121875,"Running"
30232,"nio-webserver-r",1419351684790437,460781,"S"
30232,"nio-webserver-r",1419351685251218,49844,"R"
30232,"nio-webserver-r",1419351685301062,189636,"Running"
30232,"nio-webserver-r",1419351685490698,814583,"S"
30232,"nio-webserver-r",1419351686305281,32187,"R"
30232,"nio-webserver-r",1419351686337468,100938,"Running"
30232,"nio-webserver-r",1419351686438406,42031,"R+"
30232,"nio-webserver-r",1419351686480437,388854,"Running"
30234,"NIO-Worker",1419351686801062,31511,"R"
30234,"NIO-Worker",1419351686832573,370364,"Running"
30232,"nio-webserver-r",1419351686869291,6307813,"S"
30234,"NIO-Worker",1419351687202937,80573,"S"
30234,"NIO-Worker",1419351687283510,33021,"R"
30234,"NIO-Worker",1419351687316531,557292,"Running"
30234,"NIO-Worker",1419351687873823,37812,"R+"
30234,"NIO-Worker",1419351687911635,25052,"Running"
30234,"NIO-Worker",1419351687936687,76198,"S"
30234,"NIO-Worker",1419351688012885,21302,"R"
30234,"NIO-Worker",1419351688034187,39323,"Running"
30234,"NIO-Worker",1419351688073510,79844,"R+"
30234,"NIO-Worker",1419351688153354,29687,"Running"
30234,"NIO-Worker",1419351688183041,188802,"S"
30234,"NIO-Worker",1419351688371843,90782,"R"
30234,"NIO-Worker",1419351688462625,220156,"Running"
30234,"NIO-Worker",1419351688682781,30312,"R+"
30234,"NIO-Worker",1419351688713093,17188,"Running"
30234,"NIO-Worker",1419351688730281,396979,"S"
30234,"NIO-Worker",1419351689127260,27865,"R"
30234,"NIO-Worker",1419351689155125,17500,"Running"
30234,"NIO-Worker",1419351689172625,58593,"S"
30234,"NIO-Worker",1419351689231218,29011,"R"
30234,"NIO-Worker",1419351689260229,51302,"Running"
30234,"NIO-Worker",1419351689311531,142344,"S"
30234,"NIO-Worker",1419351689453875,173125,"R"
30234,"NIO-Worker",1419351689627000,1940573,"Running"
30234,"NIO-Worker",1419351691567573,153437,"R"
30234,"NIO-Worker",1419351691721010,387656,"Running"
30234,"NIO-Worker",1419351692108666,25157,"R"
30234,"NIO-Worker",1419351692133823,456302,"Running"
30234,"NIO-Worker",1419351692590125,32187,"R+"
30234,"NIO-Worker",1419351692622312,21094,"Running"
30234,"NIO-Worker",1419351692643406,122448,"R+"
30234,"NIO-Worker",1419351692765854,15052,"Running"
30234,"NIO-Worker",1419351692780906,40260,"R+"
30234,"NIO-Worker",1419351692821166,417709,"Running"
30232,"nio-webserver-r",1419351693177104,72812,"R"
30234,"NIO-Worker",1419351693238875,425138437,"S"
30232,"nio-webserver-r",1419351693249916,234115,"Running"
30232,"nio-webserver-r",1419351693484031,89844,"R+"
30232,"nio-webserver-r",1419351693573875,235416,"Running"
30232,"nio-webserver-r",1419351693809291,44871771,"S"
30232,"nio-webserver-r",1419351738681062,34635,"R"
30232,"nio-webserver-r",1419351738715697,179115,"Running"
30232,"nio-webserver-r",1419351738894812,9844,"S"
30232,"nio-webserver-r",1419351738904656,21510,"R"
30232,"nio-webserver-r",1419351738926166,10000,"Running"
30232,"nio-webserver-r",1419351738936166,15052,"S"
30232,"nio-webserver-r",1419351738951218,212917,"Running"
30232,"nio-webserver-r",1419351739164135,393490,"S"
30232,"nio-webserver-r",1419351739557625,121093,"R"
30232,"nio-webserver-r",1419351739678718,345938,"Running"
30285,"NIO-Worker",1419351739990437,15156,"R"
30285,"NIO-Worker",1419351740005593,388282,"Running"
30232,"nio-webserver-r",1419351740024656,6001406,"S"
30285,"NIO-Worker",1419351740393875,450572,"S"
30285,"NIO-Worker",1419351740844447,28282,"R"
30285,"NIO-Worker",1419351740872729,592552,"Running"
30285,"NIO-Worker",1419351741465281,245469,"S"
30285,"NIO-Worker",1419351741710750,16875,"R"
30285,"NIO-Worker",1419351741727625,37135,"Running"
30285,"NIO-Worker",1419351741764760,239740,"R+"
30285,"NIO-Worker",1419351742004500,226875,"Running"
30285,"NIO-Worker",1419351742231375,432760,"S"
30285,"NIO-Worker",1419351742664135,25365,"R"
30285,"NIO-Worker",1419351742689500,15104,"Running"
30285,"NIO-Worker",1419351742704604,62968,"R+"
30285,"NIO-Worker",1419351742767572,62709,"Running"
30285,"NIO-Worker",1419351742830281,12760,"R+"
30285,"NIO-Worker",1419351742843041,11771,"Running"
30285,"NIO-Worker",1419351742854812,43438,"S"
30285,"NIO-Worker",1419351742898250,43281,"R"
30285,"NIO-Worker",1419351742941531,2804635,"Running"
30285,"NIO-Worker",1419351745746166,24531,"R+"
30285,"NIO-Worker",1419351745770697,6928,"Running"
30285,"NIO-Worker",1419351745777625,1666,"S"
30285,"NIO-Worker",1419351745779291,18646,"R"
30285,"NIO-Worker",1419351745797937,270156,"Running"
30244,"nio-stream-prod",1419351745923250,26250,"R"
30244,"nio-stream-prod",1419351745949500,15156,"Running"
30244,"nio-stream-prod",1419351745964656,31979,"R"
30244,"nio-stream-prod",1419351745996635,87083,"Running"
30232,"nio-webserver-r",1419351746026062,17813,"R"
30232,"nio-webserver-r",1419351746043875,469843,"Running"
30285,"NIO-Worker",1419351746068093,422381875,"S"
30244,"nio-stream-prod",1419351746083718,114275938,"S"
30232,"nio-webserver-r",1419351746513718,47098854,"S"
30232,"nio-webserver-r",1419351793612572,81928,"R"
30232,"nio-webserver-r",1419351793694500,116718,"Running"
30232,"nio-webserver-r",1419351793811218,170625,"S"
30232,"nio-webserver-r",1419351793981843,40886,"R"
30232,"nio-webserver-r",1419351794022729,184114,"Running"
30232,"nio-webserver-r",1419351794206843,847032,"S"
30232,"nio-webserver-r",1419351795053875,25000,"R"
30232,"nio-webserver-r",1419351795078875,190312,"Running"
30232,"nio-webserver-r",1419351795269187,31198,"R"
30232,"nio-webserver-r",1419351795300385,206146,"Running"
30290,"NIO-Worker",1419351795457781,50625,"R"
30232,"nio-webserver-r",1419351795506531,5125260,"S"
30290,"NIO-Worker",1419351795508406,630416,"Running"
30290,"NIO-Worker",1419351796138822,17709,"S"
30290,"NIO-Worker",1419351796156531,254635,"Running"
30290,"NIO-Worker",1419351796411166,180990,"S"
30290,"NIO-Worker",1419351796592156,15312,"R"
30290,"NIO-Worker",1419351796607468,33594,"Running"
30290,"NIO-Worker",1419351796641062,326979,"S"
30290,"NIO-Worker",1419351796968041,20469,"R"
30290,"NIO-Worker",1419351796988510,220937,"Running"
30290,"NIO-Worker",1419351797209447,243750,"S"
30290,"NIO-Worker",1419351797453197,15209,"R"
30290,"NIO-Worker",1419351797468406,17135,"Running"
30290,"NIO-Worker",1419351797485541,68021,"S"
30290,"NIO-Worker",1419351797553562,16250,"R"
30290,"NIO-Worker",1419351797569812,41250,"Running"
30290,"NIO-Worker",1419351797611062,52188,"S"
30290,"NIO-Worker",1419351797663250,14375,"R"
30290,"NIO-Worker",1419351797677625,2781197,"Running"
30290,"NIO-Worker",1419351800458822,25938,"S"
30290,"NIO-Worker",1419351800484760,22396,"R"
30290,"NIO-Worker",1419351800507156,162187,"Running"
30232,"nio-webserver-r",1419351800631791,37552,"R"
30232,"nio-webserver-r",1419351800669343,72032,"Running"
30290,"NIO-Worker",1419351800669343,423304844,"S"
30232,"nio-webserver-r",1419351800741375,22031,"S"
30232,"nio-webserver-r",1419351800763406,72812,"Running"
30232,"nio-webserver-r",1419351800836218,7032,"R"
30232,"nio-webserver-r",1419351800843250,176875,"Running"
30232,"nio-webserver-r",1419351801020125,442656,"R+"
30232,"nio-webserver-r",1419351801462781,108750,"Running"
30232,"nio-webserver-r",1419351801571531,42263281,"S"
30232,"nio-webserver-r",1419351843834812,40469,"R"
30232,"nio-webserver-r",1419351843875281,134791,"Running"
30232,"nio-webserver-r",1419351844010072,29740,"S"
30232,"nio-webserver-r",1419351844039812,42188,"R"
30232,"nio-webserver-r",1419351844082000,12604,"Running"
30232,"nio-webserver-r",1419351844094604,2500,"S"
30232,"nio-webserver-r",1419351844097104,26302,"R"
30232,"nio-webserver-r",1419351844123406,187135,"Running"
30232,"nio-webserver-r",1419351844310541,401615,"S"
30232,"nio-webserver-r",1419351844712156,57031,"R"
30232,"nio-webserver-r",1419351844769187,144167,"Running"
30232,"nio-webserver-r",1419351844913354,97864,"R"
30232,"nio-webserver-r",1419351845011218,337657,"Running"
30293,"NIO-Worker",1419351845294447,82240,"R"
30232,"nio-webserver-r",1419351845348875,15136093,"S"
30293,"NIO-Worker",1419351845376687,370313,"Running"
30293,"NIO-Worker",1419351845747000,9366093,"S"
30293,"NIO-Worker",1419351855113093,14063,"R"
30293,"NIO-Worker",1419351855127156,252656,"Running"
30293,"NIO-Worker",1419351855379812,16250,"S"
30293,"NIO-Worker",1419351855396062,38750,"R"
30293,"NIO-Worker",1419351855434812,394167,"Running"
30293,"NIO-Worker",1419351855828979,144427,"S"
30293,"NIO-Worker",1419351855973406,18594,"R"
30293,"NIO-Worker",1419351855992000,60468,"Running"
30293,"NIO-Worker",1419351856052468,259532,"S"
30293,"NIO-Worker",1419351856312000,26250,"R"
30293,"NIO-Worker",1419351856338250,234322,"Running"
30293,"NIO-Worker",1419351856572572,50209,"R+"
30293,"NIO-Worker",1419351856622781,4375,"Running"
30293,"NIO-Worker",1419351856627156,169323,"S"
30293,"NIO-Worker",1419351856796479,22864,"R"
30293,"NIO-Worker",1419351856819343,44792,"Running"
30293,"NIO-Worker",1419351856864135,26250,"S"
30293,"NIO-Worker",1419351856890385,26562,"R"
30293,"NIO-Worker",1419351856916947,47709,"Running"
30293,"NIO-Worker",1419351856964656,69323,"S"
30293,"NIO-Worker",1419351857033979,32708,"R"
30293,"NIO-Worker",1419351857066687,1493125,"Running"
30293,"NIO-Worker",1419351858559812,29167,"R"
30293,"NIO-Worker",1419351858588979,1612656,"Running"
30293,"NIO-Worker",1419351860201635,49427,"R+"
30293,"NIO-Worker",1419351860251062,278229,"Running"
30244,"nio-stream-prod",1419351860359656,39219,"R"
30244,"nio-stream-prod",1419351860398875,130468,"Running"
30232,"nio-webserver-r",1419351860484968,44323,"R"
30232,"nio-webserver-r",1419351860529291,221563,"Running"
30293,"NIO-Worker",1419351860529291,417564531,"S"
30244,"nio-stream-prod",1419351860529343,107467813,"S"
30232,"nio-webserver-r",1419351860750854,70208,"R+"
30232,"nio-webserver-r",1419351860821062,304948,"Running"
30232,"nio-webserver-r",1419351861126010,8177,"R+"
30232,"nio-webserver-r",1419351861134187,62344,"Running"
30232,"nio-webserver-r",1419351861196531,34129323,"S"
30232,"nio-webserver-r",1419351895325854,35989,"R"
30232,"nio-webserver-r",1419351895361843,265104,"Running"
30232,"nio-webserver-r",1419351895626947,16459,"S"
30232,"nio-webserver-r",1419351895643406,57812,"R"
30232,"nio-webserver-r",1419351895701218,195104,"Running"
30232,"nio-webserver-r",1419351895896322,380782,"S"
30232,"nio-webserver-r",1419351896277104,38177,"R"
30232,"nio-webserver-r",1419351896315281,47604,"Running"
30232,"nio-webserver-r",1419351896362885,37344,"R"
30232,"nio-webserver-r",1419351896400229,336562,"Running"
30295,"NIO-Worker",1419351896696687,16979,"R"
30295,"NIO-Worker",1419351896713666,182709,"Running"
30232,"nio-webserver-r",1419351896736791,6050469,"S"
30295,"NIO-Worker",1419351896896375,24791,"R"
30295,"NIO-Worker",1419351896921166,412865,"Running"
30295,"NIO-Worker",1419351897334031,29062,"S"
30295,"NIO-Worker",1419351897363093,26354,"Running"
30295,"NIO-Worker",1419351897389447,14584,"S"
30295,"NIO-Worker",1419351897404031,462187,"Running"
30295,"NIO-Worker",1419351897866218,232813,"S"
30295,"NIO-Worker",1419351898099031,15781,"R"
30295,"NIO-Worker",1419351898114812,46510,"Running"
30295,"NIO-Worker",1419351898161322,8490,"R+"
30295,"NIO-Worker",1419351898169812,7188,"Running"
30295,"NIO-Worker",1419351898177000,181041,"S"
30295,"NIO-Worker",1419351898358041,32396,"R"
30295,"NIO-Worker",1419351898390437,230156,"Running"
30295,"NIO-Worker",1419351898620593,291719,"S"
30295,"NIO-Worker",1419351898912312,21250,"R"
30295,"NIO-Worker",1419351898933562,33854,"Running"
30295,"NIO-Worker",1419351898967416,65677,"S"
30295,"NIO-Worker",1419351899033093,61667,"R"
30295,"NIO-Worker",1419351899094760,52656,"Running"
30295,"NIO-Worker",1419351899147416,51615,"S"
30295,"NIO-Worker",1419351899199031,19219,"R"
30295,"NIO-Worker",1419351899218250,711666,"Running"
30295,"NIO-Worker",1419351899929916,58802,"R+"
30295,"NIO-Worker",1419351899988718,14636,"Running"
30295,"NIO-Worker",1419351900003354,52552,"R+"
30295,"NIO-Worker",1419351900055906,336875,"Running"
30295,"NIO-Worker",1419351900392781,14219,"R"
30295,"NIO-Worker",1419351900407000,605312,"Running"
30295,"NIO-Worker",1419351901012312,11563,"R"
30295,"NIO-Worker",1419351901023875,80312,"Running"
30295,"NIO-Worker",1419351901104187,227135,"R"
30295,"NIO-Worker",1419351901331322,1061615,"Running"
30295,"NIO-Worker",1419351902392937,40781,"R"
30295,"NIO-Worker",1419351902433718,27657,"Running"
30295,"NIO-Worker",1419351902461375,9062,"R"
30295,"NIO-Worker",1419351902470437,56979,"Running"
30295,"NIO-Worker",1419351902527416,25000,"R"
30295,"NIO-Worker",1419351902552416,45365,"Running"
30295,"NIO-Worker",1419351902597781,41823,"S"
30295,"NIO-Worker",1419351902639604,7968,"R"
30295,"NIO-Worker",1419351902647572,175678,"Running"
30232,"nio-webserver-r",1419351902787260,250365,"R"
30295,"NIO-Worker",1419351902823250,428366874,"S"
30232,"nio-webserver-r",1419351903037625,220312,"Running"
30232,"nio-webserver-r",1419351903257937,112344,"R+"
30232,"nio-webserver-r",1419351903370281,216719,"Running"
30232,"nio-webserver-r",1419351903587000,47848593,"S"
30232,"nio-webserver-r",1419351951435593,47500,"R"
30232,"nio-webserver-r",1419351951483093,171667,"Running"
30232,"nio-webserver-r",1419351951654760,139739,"S"
30232,"nio-webserver-r",1419351951794499,63750,"R"
30232,"nio-webserver-r",1419351951858249,7969,"Running"
30232,"nio-webserver-r",1419351951866218,20625,"S"
30232,"nio-webserver-r",1419351951886843,16406,"R"
30232,"nio-webserver-r",1419351951903249,169532,"Running"
30232,"nio-webserver-r",1419351952072781,446041,"S"
30232,"nio-webserver-r",1419351952518822,27552,"R"
30232,"nio-webserver-r",1419351952546374,457344,"Running"
30296,"NIO-Worker",1419351952939499,64219,"R"
30232,"nio-webserver-r",1419351953003718,15090000,"S"
30296,"NIO-Worker",1419351953003718,341250,"Running"
30296,"NIO-Worker",1419351953344968,9291511,"S"
30296,"NIO-Worker",1419351962636479,30000,"R"
30296,"NIO-Worker",1419351962666479,285208,"Running"
30296,"NIO-Worker",1419351962951687,18385,"S"
30296,"NIO-Worker",1419351962970072,334271,"Running"
30296,"NIO-Worker",1419351963304343,166511,"S"
30296,"NIO-Worker",1419351963470854,38489,"R"
30296,"NIO-Worker",1419351963509343,34948,"Running"
30296,"NIO-Worker",1419351963544291,255781,"S"
30296,"NIO-Worker",1419351963800072,19896,"R"
30296,"NIO-Worker",1419351963819968,247344,"Running"
30296,"NIO-Worker",1419351964067312,264219,"S"
30296,"NIO-Worker",1419351964331531,21823,"R"
30296,"NIO-Worker",1419351964353354,17083,"Running"
30296,"NIO-Worker",1419351964370437,76510,"S"
30296,"NIO-Worker",1419351964446947,77032,"R"
30296,"NIO-Worker",1419351964523979,69427,"Running"
30296,"NIO-Worker",1419351964593406,146406,"S"
30296,"NIO-Worker",1419351964739812,24167,"R"
30296,"NIO-Worker",1419351964763979,1938802,"Running"
30296,"NIO-Worker",1419351966702781,43125,"R"
30296,"NIO-Worker",1419351966745906,677291,"Running"
30296,"NIO-Worker",1419351967423197,14688,"R"
30296,"NIO-Worker",1419351967437885,60364,"Running"
30296,"NIO-Worker",1419351967498249,6355,"R"
30296,"NIO-Worker",1419351967504604,31770,"Running"
30296,"NIO-Worker",1419351967536374,80417,"R"
30296,"NIO-Worker",1419351967616791,219063,"Running"
30296,"NIO-Worker",1419351967835854,27395,"S"
30296,"NIO-Worker",1419351967863249,25782,"R"
30296,"NIO-Worker",1419351967889031,247656,"Running"
30244,"nio-stream-prod",1419351967997156,32968,"R"
30244,"nio-stream-prod",1419351968030124,105625,"Running"
30232,"nio-webserver-r",1419351968093718,16511,"R"
30232,"nio-webserver-r",1419351968110229,370677,"Running"
30244,"nio-stream-prod",1419351968135749,100390261,"S"
30296,"NIO-Worker",1419351968136687,413134219,"S"
30232,"nio-webserver-r",1419351968480906,65000,"R+"
30232,"nio-webserver-r",1419351968545906,48593,"Running"
30232,"nio-webserver-r",1419351968594499,37726250,"S"
30232,"nio-webserver-r",1419352006320749,73907,"R"
30232,"nio-webserver-r",1419352006394656,232968,"Running"
30232,"nio-webserver-r",1419352006627624,49219,"S"
30232,"nio-webserver-r",1419352006676843,170938,"Running"
30232,"nio-webserver-r",1419352006847781,570937,"S"
30232,"nio-webserver-r",1419352007418718,49375,"R"
30232,"nio-webserver-r",1419352007468093,46823,"Running"
30232,"nio-webserver-r",1419352007514916,18021,"R"
30232,"nio-webserver-r",1419352007532937,282812,"Running"
30299,"NIO-Worker",1419352007768562,22135,"R"
30299,"NIO-Worker",1419352007790697,489115,"Running"
30232,"nio-webserver-r",1419352007815749,19841198,"S"
30299,"NIO-Worker",1419352008279812,250729,"R"
30299,"NIO-Worker",1419352008530541,91615,"Running"
30299,"NIO-Worker",1419352008622156,13793698,"S"
30299,"NIO-Worker",1419352022415854,19427,"R"
30299,"NIO-Worker",1419352022435281,420937,"Running"
30299,"NIO-Worker",1419352022856218,169792,"S"
30299,"NIO-Worker",1419352023026010,21458,"R"
30299,"NIO-Worker",1419352023047468,43386,"Running"
30299,"NIO-Worker",1419352023090854,268281,"S"
30299,"NIO-Worker",1419352023359135,51458,"R"
30299,"NIO-Worker",1419352023410593,258750,"Running"
30299,"NIO-Worker",1419352023669343,271823,"S"
30299,"NIO-Worker",1419352023941166,45313,"R"
30299,"NIO-Worker",1419352023986479,24427,"Running"
30299,"NIO-Worker",1419352024010906,43125,"S"
30299,"NIO-Worker",1419352024054031,34166,"R"
30299,"NIO-Worker",1419352024088197,54740,"Running"
30299,"NIO-Worker",1419352024142937,51250,"S"
30299,"NIO-Worker",1419352024194187,33750,"R"
30299,"NIO-Worker",1419352024227937,636406,"Running"
30299,"NIO-Worker",1419352024864343,8594,"R"
30299,"NIO-Worker",1419352024872937,44167,"Running"
30299,"NIO-Worker",1419352024917104,6770,"R"
30299,"NIO-Worker",1419352024923874,169532,"Running"
30299,"NIO-Worker",1419352025093406,100312,"R"
30299,"NIO-Worker",1419352025193718,452188,"Running"
30299,"NIO-Worker",1419352025645906,12187,"R"
30299,"NIO-Worker",1419352025658093,200000,"Running"
30299,"NIO-Worker",1419352025858093,72656,"R"
30299,"NIO-Worker",1419352025930749,1454636,"Running"
30299,"NIO-Worker",1419352027385385,37083,"R+"
30299,"NIO-Worker",1419352027422468,280781,"Running"
30232,"nio-webserver-r",1419352027656947,32552,"R"
30232,"nio-webserver-r",1419352027689499,444011,"Running"
30299,"NIO-Worker",1419352027703249,405432292,"S"
30232,"nio-webserver-r",1419352028133510,33440521,"S"
30232,"nio-webserver-r",1419352061574031,34687,"R"
30232,"nio-webserver-r",1419352061608718,113438,"Running"
30232,"nio-webserver-r",1419352061722156,77604,"S"
30232,"nio-webserver-r",1419352061799760,40833,"R"
30232,"nio-webserver-r",1419352061840593,9688,"Running"
30232,"nio-webserver-r",1419352061850281,121093,"S"
30232,"nio-webserver-r",1419352061971374,51094,"R"
30232,"nio-webserver-r",1419352062022468,250781,"Running"
30232,"nio-webserver-r",1419352062273249,300730,"S"
30232,"nio-webserver-r",1419352062573979,88125,"R"
30232,"nio-webserver-r",1419352062662104,349427,"Running"
30300,"NIO-Worker",1419352062974031,12500,"R"
30300,"NIO-Worker",1419352062986531,197656,"Running"
30232,"nio-webserver-r",1419352063011531,5606354,"S"
30300,"NIO-Worker",1419352063184187,23750,"S"
30300,"NIO-Worker",1419352063207937,190260,"Running"
30300,"NIO-Worker",1419352063398197,76771,"S"
30300,"NIO-Worker",1419352063474968,26354,"R"
30300,"NIO-Worker",1419352063501322,156771,"Running"
30300,"NIO-Worker",1419352063658093,109323,"S"
30300,"NIO-Worker",1419352063767416,13906,"R"
30300,"NIO-Worker",1419352063781322,298334,"Running"
30300,"NIO-Worker",1419352064079656,130573,"S"
30300,"NIO-Worker",1419352064210229,49427,"R"
30300,"NIO-Worker",1419352064259656,50468,"Running"
30300,"NIO-Worker",1419352064310124,233594,"S"
30300,"NIO-Worker",1419352064543718,63594,"R"
30300,"NIO-Worker",1419352064607312,201042,"Running"
30300,"NIO-Worker",1419352064808354,262031,"S"
30300,"NIO-Worker",1419352065070385,49427,"R"
30300,"NIO-Worker",1419352065119812,20000,"Running"
30300,"NIO-Worker",1419352065139812,50625,"S"
30300,"NIO-Worker",1419352065190437,28437,"R"
30300,"NIO-Worker",1419352065218874,51511,"Running"
30300,"NIO-Worker",1419352065270385,64114,"S"
30300,"NIO-Worker",1419352065334499,25157,"R"
30300,"NIO-Worker",1419352065359656,1344375,"Running"
30300,"NIO-Worker",1419352066704031,33750,"R"
30300,"NIO-Worker",1419352066737781,832656,"Running"
30300,"NIO-Worker",1419352067570437,120573,"R"
30300,"NIO-Worker",1419352067691010,670521,"Running"
30300,"NIO-Worker",1419352068361531,23385,"S"
30300,"NIO-Worker",1419352068384916,20521,"R"
30300,"NIO-Worker",1419352068405437,254375,"Running"
30244,"nio-stream-prod",1419352068526010,36927,"R"
30244,"nio-stream-prod",1419352068562937,97812,"Running"
30232,"nio-webserver-r",1419352068617885,35521,"R"
30232,"nio-webserver-r",1419352068653406,262760,"Running"
30300,"NIO-Worker",1419352068659812,419228437,"S"
30244,"nio-stream-prod",1419352068660749,104994792,"S"
30232,"nio-webserver-r",1419352068916166,115365,"R+"
30232,"nio-webserver-r",1419352069031531,260729,"Running"
30232,"nio-webserver-r",1419352069292260,47203489,"S"
30232,"nio-webserver-r",1419352116495749,11667,"R"
30232,"nio-webserver-r",1419352116507416,236719,"Running"
30232,"nio-webserver-r",1419352116744135,25000,"R+"
30232,"nio-webserver-r",1419352116769135,111719,"Running"
30232,"nio-webserver-r",1419352116880854,87239,"R+"
30232,"nio-webserver-r",1419352116968093,152188,"Running"
30232,"nio-webserver-r",1419352117120281,27031,"R+"
30232,"nio-webserver-r",1419352117147312,40000,"Running"
30232,"nio-webserver-r",1419352117187312,48698,"R+"
30232,"nio-webserver-r",1419352117236010,19062,"Running"
30232,"nio-webserver-r",1419352117255072,73802,"R+"
30232,"nio-webserver-r",1419352117328874,53907,"Running"
30232,"nio-webserver-r",1419352117382781,53750,"R+"
30232,"nio-webserver-r",1419352117436531,147916,"Running"
30232,"nio-webserver-r",1419352117584447,318334,"S"
30232,"nio-webserver-r",1419352117902781,182916,"R"
30232,"nio-webserver-r",1419352118085697,366927,"Running"
30234,"NIO-Worker",1419352118377312,50625,"R"
30234,"NIO-Worker",1419352118427937,424062,"Running"
30232,"nio-webserver-r",1419352118452624,15165782,"S"
30234,"NIO-Worker",1419352118851999,9716667,"S"
30234,"NIO-Worker",1419352128568666,30208,"R"
30234,"NIO-Worker",1419352128598874,260000,"Running"
30234,"NIO-Worker",1419352128858874,24375,"S"
30234,"NIO-Worker",1419352128883249,327813,"Running"
30234,"NIO-Worker",1419352129211062,15000,"R+"
30234,"NIO-Worker",1419352129226062,7031,"Running"
30234,"NIO-Worker",1419352129233093,173750,"S"
30234,"NIO-Worker",1419352129406843,28854,"R"
30234,"NIO-Worker",1419352129435697,40469,"Running"
30234,"NIO-Worker",1419352129476166,54583,"R+"
30234,"NIO-Worker",1419352129530749,4532,"Running"
30234,"NIO-Worker",1419352129535281,175729,"S"
30234,"NIO-Worker",1419352129711010,11719,"R"
30234,"NIO-Worker",1419352129722729,217708,"Running"
30234,"NIO-Worker",1419352129940437,273125,"S"
30234,"NIO-Worker",1419352130213562,53281,"R"
30234,"NIO-Worker",1419352130266843,26875,"Running"
30234,"NIO-Worker",1419352130293718,14479,"R+"
30234,"NIO-Worker",1419352130308197,8021,"Running"
30234,"NIO-Worker",1419352130316218,43594,"S"
30234,"NIO-Worker",1419352130359812,53125,"R"
30234,"NIO-Worker",1419352130412937,60469,"Running"
30234,"NIO-Worker",1419352130473406,33073,"S"
30234,"NIO-Worker",1419352130506479,23906,"R"
30234,"NIO-Worker",1419352130530385,711771,"Running"
30234,"NIO-Worker",1419352131242156,59166,"R"
30234,"NIO-Worker",1419352131301322,1599740,"Running"
30234,"NIO-Worker",1419352132901062,8229,"R"
30234,"NIO-Worker",1419352132909291,532969,"Running"
30234,"NIO-Worker",1419352133442260,21771,"S"
30234,"NIO-Worker",1419352133464031,14479,"R"
30234,"NIO-Worker",1419352133478510,206875,"Running"
30232,"nio-webserver-r",1419352133618406,65260,"R"
30232,"nio-webserver-r",1419352133683666,388802,"Running"
30234,"NIO-Worker",1419352133685385,408872187,"S"
30232,"nio-webserver-r",1419352134072468,32740625,"S"
30232,"nio-webserver-r",1419352166813093,14636,"R"
30232,"nio-webserver-r",1419352166827729,120989,"Running"
30232,"nio-webserver-r",1419352166948718,191823,"S"
30232,"nio-webserver-r",1419352167140541,41302,"R"
30232,"nio-webserver-r",1419352167181843,197500,"Running"
30232,"nio-webserver-r",1419352167379343,638594,"S"
30232,"nio-webserver-r",1419352168017937,58750,"R"
30232,"nio-webserver-r",1419352168076687,410729,"Running"
30285,"NIO-Worker",1419352168449968,14948,"R"
30285,"NIO-Worker",1419352168464916,473958,"Running"
30232,"nio-webserver-r",1419352168487416,5279896,"S"
30285,"NIO-Worker",1419352168938874,99063,"S"
30285,"NIO-Worker",1419352169037937,14531,"R"
30285,"NIO-Worker",1419352169052468,476250,"Running"
30285,"NIO-Worker",1419352169528718,103906,"R+"
30285,"NIO-Worker",1419352169632624,10000,"Running"
30285,"NIO-Worker",1419352169642624,9375,"S"
30285,"NIO-Worker",1419352169651999,11719,"R"
30285,"NIO-Worker",1419352169663718,38125,"Running"
30285,"NIO-Worker",1419352169701843,226875,"S"
30285,"NIO-Worker",1419352169928718,25781,"R"
30285,"NIO-Worker",1419352169954499,194532,"Running"
30285,"NIO-Worker",1419352170149031,227343,"S"
30285,"NIO-Worker",1419352170376374,18750,"R"
30285,"NIO-Worker",1419352170395124,22500,"Running"
30285,"NIO-Worker",1419352170417624,8542,"R+"
30285,"NIO-Worker",1419352170426166,5365,"Running"
30285,"NIO-Worker",1419352170431531,29687,"S"
30285,"NIO-Worker",1419352170461218,42813,"R"
30285,"NIO-Worker",1419352170504031,41093,"Running"
30285,"NIO-Worker",1419352170545124,36719,"S"
30285,"NIO-Worker",1419352170581843,26719,"R"
30285,"NIO-Worker",1419352170608562,2399010,"Running"
30285,"NIO-Worker",1419352173007572,25000,"R"
30285,"NIO-Worker",1419352173032572,479375,"Running"
30285,"NIO-Worker",1419352173511947,31927,"S"
30285,"NIO-Worker",1419352173543874,12500,"R"
30285,"NIO-Worker",1419352173556374,254219,"Running"
30244,"nio-stream-prod",1419352173655541,49896,"R"
30244,"nio-stream-prod",1419352173705437,120885,"Running"
30232,"nio-webserver-r",1419352173767312,43281,"R"
30232,"nio-webserver-r",1419352173810593,428906,"Running"
30285,"NIO-Worker",1419352173810593,417860781,"S"
30244,"nio-stream-prod",1419352173826322,109242344,"S"
30232,"nio-webserver-r",1419352174239499,48512188,"S"
30232,"nio-webserver-r",1419352222751687,160000,"R"
30232,"nio-webserver-r",1419352222911687,287760,"Running"
30232,"nio-webserver-r",1419352223199447,19115,"R+"
30232,"nio-webserver-r",1419352223218562,29844,"Running"
30232,"nio-webserver-r",1419352223248406,8906,"S"
30232,"nio-webserver-r",1419352223257312,42500,"R"
30232,"nio-webserver-r",1419352223299812,7448,"Running"
30232,"nio-webserver-r",1419352223307260,26458,"S"
30232,"nio-webserver-r",1419352223333718,36406,"R"
30232,"nio-webserver-r",1419352223370124,48386,"Running"
30232,"nio-webserver-r",1419352223418510,20989,"R"
30232,"nio-webserver-r",1419352223439499,138282,"Running"
30232,"nio-webserver-r",1419352223577781,71718,"S"
30232,"nio-webserver-r",1419352223649499,20938,"R"
30232,"nio-webserver-r",1419352223670437,338385,"Running"
30290,"NIO-Worker",1419352223974187,14844,"R"
30290,"NIO-Worker",1419352223989031,898385,"Running"
30232,"nio-webserver-r",1419352224008822,5147396,"S"
30290,"NIO-Worker",1419352224887416,13802,"R+"
30290,"NIO-Worker",1419352224901218,7344,"Running"
30290,"NIO-Worker",1419352224908562,129844,"S"
30290,"NIO-Worker",1419352225038406,15260,"R"
30290,"NIO-Worker",1419352225053666,42031,"Running"
30290,"NIO-Worker",1419352225095697,233334,"S"
30290,"NIO-Worker",1419352225329031,13854,"R"
30290,"NIO-Worker",1419352225342885,193177,"Running"
30290,"NIO-Worker",1419352225536062,392344,"S"
30290,"NIO-Worker",1419352225928406,11250,"R"
30290,"NIO-Worker",1419352225939656,14010,"Running"
30290,"NIO-Worker",1419352225953666,54740,"S"
30290,"NIO-Worker",1419352226008406,16250,"R"
30290,"NIO-Worker",1419352226024656,47812,"Running"
30290,"NIO-Worker",1419352226072468,49792,"S"
30290,"NIO-Worker",1419352226122260,14896,"R"
30290,"NIO-Worker",1419352226137156,2836354,"Running"
30290,"NIO-Worker",1419352228973510,33594,"S"
30290,"NIO-Worker",1419352229007104,24739,"R"
30290,"NIO-Worker",1419352229031843,160729,"Running"
30232,"nio-webserver-r",1419352229156218,11719,"R"
30232,"nio-webserver-r",1419352229167937,330781,"Running"
30290,"NIO-Worker",1419352229192572,417248750,"S"
30232,"nio-webserver-r",1419352229498718,46983854,"S"
30232,"nio-webserver-r",1419352276482572,16302,"R"
30232,"nio-webserver-r",1419352276498874,107813,"Running"
30232,"nio-webserver-r",1419352276606687,21667,"R+"
30232,"nio-webserver-r",1419352276628354,20156,"Running"
30232,"nio-webserver-r",1419352276648510,18802,"R+"
30232,"nio-webserver-r",1419352276667312,10260,"Running"
30232,"nio-webserver-r",1419352276677572,35209,"S"
30232,"nio-webserver-r",1419352276712781,44010,"R"
30232,"nio-webserver-r",1419352276756791,23646,"Running"
30232,"nio-webserver-r",1419352276780437,5781,"R+"
30232,"nio-webserver-r",1419352276786218,92813,"Running"
30232,"nio-webserver-r",1419352276879031,6875,"R"
30232,"nio-webserver-r",1419352276885906,153698,"Running"
30232,"nio-webserver-r",1419352277039604,585364,"S"
30232,"nio-webserver-r",1419352277624968,60625,"R"
30232,"nio-webserver-r",1419352277685593,121875,"Running"
30232,"nio-webserver-r",1419352277807468,59063,"R"
30232,"nio-webserver-r",1419352277866531,270781,"Running"
30293,"NIO-Worker",1419352278093822,19115,"R"
30293,"NIO-Worker",1419352278112937,425885,"Running"
30232,"nio-webserver-r",1419352278137312,5012969,"S"
30293,"NIO-Worker",1419352278538822,30990,"S"
30293,"NIO-Worker",1419352278569812,39375,"R"
30293,"NIO-Worker",1419352278609187,480104,"Running"
30293,"NIO-Worker",1419352279089291,153021,"R+"
30293,"NIO-Worker",1419352279242312,23750,"Running"
30293,"NIO-Worker",1419352279266062,8906,"R+"
30293,"NIO-Worker",1419352279274968,6823,"Running"
30293,"NIO-Worker",1419352279281791,196458,"S"
30293,"NIO-Worker",1419352279478249,16511,"R"
30293,"NIO-Worker",1419352279494760,189531,"Running"
30293,"NIO-Worker",1419352279684291,239896,"S"
30293,"NIO-Worker",1419352279924187,15260,"R"
30293,"NIO-Worker",1419352279939447,18750,"Running"
30293,"NIO-Worker",1419352279958197,61771,"S"
30293,"NIO-Worker",1419352280019968,17656,"R"
30293,"NIO-Worker",1419352280037624,40261,"Running"
30293,"NIO-Worker",1419352280077885,45781,"S"
30293,"NIO-Worker",1419352280123666,15156,"R"
30293,"NIO-Worker",1419352280138822,2797552,"Running"
30293,"NIO-Worker",1419352282936374,25938,"S"
30293,"NIO-Worker",1419352282962312,16979,"R"
30293,"NIO-Worker",1419352282979291,254688,"Running"
30244,"nio-stream-prod",1419352283068666,29271,"R"
30244,"nio-stream-prod",1419352283097937,140469,"Running"
30232,"nio-webserver-r",1419352283150281,148854,"R"
30293,"NIO-Worker",1419352283233979,418499218,"S"
30244,"nio-stream-prod",1419352283238406,112175000,"S"
30232,"nio-webserver-r",1419352283299135,260469,"Running"
30232,"nio-webserver-r",1419352283559604,135208,"R"
30232,"nio-webserver-r",1419352283694812,9531,"Running"
30232,"nio-webserver-r",1419352283704343,51511,"R"
30232,"nio-webserver-r",1419352283755854,176770,"Running"
30232,"nio-webserver-r",1419352283932624,45658438,"S"
30232,"nio-webserver-r",1419352329591062,59219,"R"
30232,"nio-webserver-r",1419352329650281,195781,"Running"
30232,"nio-webserver-r",1419352329846062,72031,"S"
30232,"nio-webserver-r",1419352329918093,45938,"R"
30232,"nio-webserver-r",1419352329964031,172031,"Running"
30232,"nio-webserver-r",1419352330136062,540312,"S"
30232,"nio-webserver-r",1419352330676374,35261,"R"
30232,"nio-webserver-r",1419352330711635,535677,"Running"
30295,"NIO-Worker",1419352331190124,36875,"R"
30295,"NIO-Worker",1419352331226999,397292,"Running"
30232,"nio-webserver-r",1419352331247312,8971719,"S"
30295,"NIO-Worker",1419352331624291,3774740,"S"
30295,"NIO-Worker",1419352335399031,17500,"R"
30295,"NIO-Worker",1419352335416531,535781,"Running"
30295,"NIO-Worker",1419352335952312,146198,"S"
30295,"NIO-Worker",1419352336098510,15521,"R"
30295,"NIO-Worker",1419352336114031,39323,"Running"
30295,"NIO-Worker",1419352336153354,241614,"S"
30295,"NIO-Worker",1419352336394968,51250,"R"
30295,"NIO-Worker",1419352336446218,200156,"Running"
30295,"NIO-Worker",1419352336646374,278698,"S"
30295,"NIO-Worker",1419352336925072,21302,"R"
30295,"NIO-Worker",1419352336946374,29219,"Running"
30295,"NIO-Worker",1419352336975593,61354,"S"
30295,"NIO-Worker",1419352337036947,15521,"R"
30295,"NIO-Worker",1419352337052468,67031,"Running"
30295,"NIO-Worker",1419352337119499,68386,"S"
30295,"NIO-Worker",1419352337187885,17552,"R"
30295,"NIO-Worker",1419352337205437,2737031,"Running"
30295,"NIO-Worker",1419352339942468,22656,"S"
30295,"NIO-Worker",1419352339965124,26407,"R"
30295,"NIO-Worker",1419352339991531,263541,"Running"
30232,"nio-webserver-r",1419352340219031,15625,"R"
30232,"nio-webserver-r",1419352340234656,356093,"Running"
30295,"NIO-Worker",1419352340255072,412155990,"S"
30232,"nio-webserver-r",1419352340590749,39413438,"S"
30232,"nio-webserver-r",1419352380004187,132812,"R"
30232,"nio-webserver-r",1419352380136999,148386,"Running"
30232,"nio-webserver-r",1419352380285385,38489,"S"
30232,"nio-webserver-r",1419352380323874,8750,"Running"
30232,"nio-webserver-r",1419352380332624,35261,"S"
30232,"nio-webserver-r",1419352380367885,16614,"R"
30232,"nio-webserver-r",1419352380384499,101875,"Running"
30232,"nio-webserver-r",1419352380486374,36198,"R"
30232,"nio-webserver-r",1419352380522572,133177,"Running"
30232,"nio-webserver-r",1419352380655749,20469,"R"
30232,"nio-webserver-r",1419352380676218,14479,"Running"
30232,"nio-webserver-r",1419352380690697,208802,"S"
30232,"nio-webserver-r",1419352380899499,57136,"R"
30232,"nio-webserver-r",1419352380956635,347187,"Running"
30296,"NIO-Worker",1419352381270906,37031,"R"
30232,"nio-webserver-r",1419352381303822,14247084,"S"
30296,"NIO-Worker",1419352381307937,426198,"Running"
30296,"NIO-Worker",1419352381734135,8201771,"S"
30296,"NIO-Worker",1419352389935906,27760,"R"
30296,"NIO-Worker",1419352389963666,262708,"Running"
30296,"NIO-Worker",1419352390226374,111407,"S"
30296,"NIO-Worker",1419352390337781,34687,"R"
30296,"NIO-Worker",1419352390372468,384688,"Running"
30296,"NIO-Worker",1419352390757156,146979,"S"
30296,"NIO-Worker",1419352390904135,17500,"R"
30296,"NIO-Worker",1419352390921635,44062,"Running"
30296,"NIO-Worker",1419352390965697,14896,"R+"
30296,"NIO-Worker",1419352390980593,5625,"Running"
30296,"NIO-Worker",1419352390986218,232969,"S"
30296,"NIO-Worker",1419352391219187,19062,"R"
30296,"NIO-Worker",1419352391238249,238594,"Running"
30296,"NIO-Worker",1419352391476843,474844,"S"
30296,"NIO-Worker",1419352391951687,12916,"R"
30296,"NIO-Worker",1419352391964603,16928,"Running"
30296,"NIO-Worker",1419352391981531,72812,"S"
30296,"NIO-Worker",1419352392054343,9167,"R"
30296,"NIO-Worker",1419352392063510,61458,"Running"
30296,"NIO-Worker",1419352392124968,49219,"R+"
30296,"NIO-Worker",1419352392174187,11562,"Running"
30296,"NIO-Worker",1419352392185749,21198,"S"
30296,"NIO-Worker",1419352392206947,109584,"Running"
30296,"NIO-Worker",1419352392316531,13697,"R"
30296,"NIO-Worker",1419352392330228,158907,"Running"
30296,"NIO-Worker",1419352392489135,167343,"R"
30296,"NIO-Worker",1419352392656478,2585678,"Running"
30296,"NIO-Worker",1419352395242156,33593,"S"
30296,"NIO-Worker",1419352395275749,19688,"R"
30296,"NIO-Worker",1419352395295437,296562,"Running"
30244,"nio-stream-prod",1419352395413406,19687,"R"
30244,"nio-stream-prod",1419352395433093,53594,"Running"
30244,"nio-stream-prod",1419352395486687,37969,"R"
30244,"nio-stream-prod",1419352395524656,79010,"Running"
30232,"nio-webserver-r",1419352395550906,41093,"R"
30232,"nio-webserver-r",1419352395591999,519167,"Running"
30296,"NIO-Worker",1419352395591999,408673281,"S"
30244,"nio-stream-prod",1419352395603666,101115833,"S"
30232,"nio-webserver-r",1419352396111166,35858490,"S"
30232,"nio-webserver-r",1419352431969656,38385,"R"
30232,"nio-webserver-r",1419352432008041,175365,"Running"
30232,"nio-webserver-r",1419352432183406,35000,"S"
30232,"nio-webserver-r",1419352432218406,42500,"R"
30232,"nio-webserver-r",1419352432260906,192656,"Running"
30232,"nio-webserver-r",1419352432453562,330937,"S"
30232,"nio-webserver-r",1419352432784499,58594,"R"
30232,"nio-webserver-r",1419352432843093,355938,"Running"
30299,"NIO-Worker",1419352433135541,43177,"R"
30299,"NIO-Worker",1419352433178718,124219,"Running"
30232,"nio-webserver-r",1419352433199031,6646979,"S"
30299,"NIO-Worker",1419352433302937,80937,"R"
30299,"NIO-Worker",1419352433383874,347657,"Running"
30299,"NIO-Worker",1419352433731531,1162031,"S"
30299,"NIO-Worker",1419352434893562,12760,"R"
30299,"NIO-Worker",1419352434906322,226875,"Running"
30299,"NIO-Worker",1419352435133197,39844,"S"
30299,"NIO-Worker",1419352435173041,374583,"Running"
30299,"NIO-Worker",1419352435547624,145625,"S"
30299,"NIO-Worker",1419352435693249,45261,"R"
30299,"NIO-Worker",1419352435738510,30937,"Running"
30299,"NIO-Worker",1419352435769447,235990,"S"
30299,"NIO-Worker",1419352436005437,15104,"R"
30299,"NIO-Worker",1419352436020541,218750,"Running"
30299,"NIO-Worker",1419352436239291,342500,"S"
30299,"NIO-Worker",1419352436581791,19427,"R"
30299,"NIO-Worker",1419352436601218,15104,"Running"
30299,"NIO-Worker",1419352436616322,58334,"S"
30299,"NIO-Worker",1419352436674656,15000,"R"
30299,"NIO-Worker",1419352436689656,66718,"Running"
30299,"NIO-Worker",1419352436756374,87188,"S"
30299,"NIO-Worker",1419352436843562,29948,"R"
30299,"NIO-Worker",1419352436873510,2764583,"Running"
30299,"NIO-Worker",1419352439638093,16406,"R+"
30299,"NIO-Worker",1419352439654499,7500,"Running"
30299,"NIO-Worker",1419352439661999,8125,"S"
30299,"NIO-Worker",1419352439670124,21719,"R"
30299,"NIO-Worker",1419352439691843,226875,"Running"
30232,"nio-webserver-r",1419352439846010,73333,"R"
30299,"NIO-Worker",1419352439918718,416777500,"S"
30232,"nio-webserver-r",1419352439919343,357969,"Running"
30232,"nio-webserver-r",1419352440277312,45836719,"S"
30232,"nio-webserver-r",1419352486114031,118437,"R"
30232,"nio-webserver-r",1419352486232468,117031,"Running"
30232,"nio-webserver-r",1419352486349499,231719,"S"
30232,"nio-webserver-r",1419352486581218,32760,"R"
30232,"nio-webserver-r",1419352486613978,166771,"Running"
30232,"nio-webserver-r",1419352486780749,764375,"S"
30232,"nio-webserver-r",1419352487545124,30313,"R"
30232,"nio-webserver-r",1419352487575437,370416,"Running"
30300,"NIO-Worker",1419352487888249,39636,"R"
30300,"NIO-Worker",1419352487927885,420312,"Running"
30232,"nio-webserver-r",1419352487945853,8860834,"S"
30300,"NIO-Worker",1419352488348197,2634427,"S"
30300,"NIO-Worker",1419352490982624,24167,"R"
30300,"NIO-Worker",1419352491006791,531615,"Running"
30300,"NIO-Worker",1419352491538406,271562,"S"
30300,"NIO-Worker",1419352491809968,930000,"R"
30300,"NIO-Worker",1419352492739968,42292,"Running"
30300,"NIO-Worker",1419352492782260,341614,"S"
30300,"NIO-Worker",1419352493123874,20000,"R"
30300,"NIO-Worker",1419352493143874,224532,"Running"
30300,"NIO-Worker",1419352493368406,250937,"S"
30300,"NIO-Worker",1419352493619343,13750,"R"
30300,"NIO-Worker",1419352493633093,15729,"Running"
30300,"NIO-Worker",1419352493648822,50834,"S"
30300,"NIO-Worker",1419352493699656,14218,"R"
30300,"NIO-Worker",1419352493713874,43907,"Running"
30300,"NIO-Worker",1419352493757781,40260,"S"
30300,"NIO-Worker",1419352493798041,14531,"R"
30300,"NIO-Worker",1419352493812572,2769896,"Running"
30300,"NIO-Worker",1419352496582468,22344,"S"
30300,"NIO-Worker",1419352496604812,15625,"R"
30300,"NIO-Worker",1419352496620437,283125,"Running"
30244,"nio-stream-prod",1419352496719499,16094,"R"
30244,"nio-stream-prod",1419352496735593,108229,"Running"
30232,"nio-webserver-r",1419352496806687,96562,"R"
30244,"nio-stream-prod",1419352496843822,114230938,"S"
30232,"nio-webserver-r",1419352496903249,440469,"Running"
30300,"NIO-Worker",1419352496903562,410192812,"S"
30232,"nio-webserver-r",1419352497343718,43666719,"S"
30232,"nio-webserver-r",1419352541010437,58906,"R"
30232,"nio-webserver-r",1419352541069343,139375,"Running"
30232,"nio-webserver-r",1419352541208718,71250,"S"
30232,"nio-webserver-r",1419352541279968,52813,"R"
30232,"nio-webserver-r",1419352541332781,6875,"Running"
30232,"nio-webserver-r",1419352541339656,25468,"S"
30232,"nio-webserver-r",1419352541365124,42969,"R"
30232,"nio-webserver-r",1419352541408093,178594,"Running"
30232,"nio-webserver-r",1419352541586687,419635,"S"
30232,"nio-webserver-r",1419352542006322,74584,"R"
30232,"nio-webserver-r",1419352542080906,259375,"Running"
30232,"nio-webserver-r",1419352542340281,114531,"R"
30232,"nio-webserver-r",1419352542454812,139844,"Running"
30234,"NIO-Worker",1419352542557572,57656,"R"
30232,"nio-webserver-r",1419352542594656,10684166,"S"
30234,"NIO-Worker",1419352542615228,335469,"Running"
30234,"NIO-Worker",1419352542950697,5290052,"S"
30234,"NIO-Worker",1419352548240749,26042,"R"
30234,"NIO-Worker",1419352548266791,308802,"Running"
30234,"NIO-Worker",1419352548575593,28281,"S"
30234,"NIO-Worker",1419352548603874,302188,"Running"
30234,"NIO-Worker",1419352548906062,22344,"R+"
30234,"NIO-Worker",1419352548928406,5260,"Running"
30234,"NIO-Worker",1419352548933666,121719,"S"
30234,"NIO-Worker",1419352549055385,12083,"R"
30234,"NIO-Worker",1419352549067468,41406,"Running"
30234,"NIO-Worker",1419352549108874,220886,"S"
30234,"NIO-Worker",1419352549329760,30989,"R"
30234,"NIO-Worker",1419352549360749,245157,"Running"
30234,"NIO-Worker",1419352549605906,276250,"S"
30234,"NIO-Worker",1419352549882156,20312,"R"
30234,"NIO-Worker",1419352549902468,20313,"Running"
30234,"NIO-Worker",1419352549922781,101510,"R+"
30234,"NIO-Worker",1419352550024291,41927,"Running"
30234,"NIO-Worker",1419352550066218,53906,"R+"
30234,"NIO-Worker",1419352550120124,457032,"Running"
30234,"NIO-Worker",1419352550577156,54218,"R"
30234,"NIO-Worker",1419352550631374,41719,"Running"
30234,"NIO-Worker",1419352550673093,73854,"R"
30234,"NIO-Worker",1419352550746947,2347084,"Running"
30234,"NIO-Worker",1419352553094031,43125,"R+"
30234,"NIO-Worker",1419352553137156,180625,"Running"
30232,"nio-webserver-r",1419352553278822,17813,"R"
30232,"nio-webserver-r",1419352553296635,238021,"Running"
30234,"NIO-Worker",1419352553317781,409539687,"S"
30232,"nio-webserver-r",1419352553534656,89635,"R+"
30232,"nio-webserver-r",1419352553624291,207344,"Running"
30232,"nio-webserver-r",1419352553831635,36340989,"S"
30232,"nio-webserver-r",1419352590172624,48698,"R"
30232,"nio-webserver-r",1419352590221322,160156,"Running"
30232,"nio-webserver-r",1419352590381478,89740,"S"
30232,"nio-webserver-r",1419352590471218,92969,"R"
30232,"nio-webserver-r",1419352590564187,142031,"Running"
30232,"nio-webserver-r",1419352590706218,24687,"R+"
30232,"nio-webserver-r",1419352590730905,64167,"Running"
30232,"nio-webserver-r",1419352590795072,366302,"S"
30232,"nio-webserver-r",1419352591161374,37813,"R"
30232,"nio-webserver-r",1419352591199187,317448,"Running"
30232,"nio-webserver-r",1419352591516635,15208,"R"
30232,"nio-webserver-r",1419352591531843,66406,"Running"
30232,"nio-webserver-r",1419352591598249,51250,"R"
30232,"nio-webserver-r",1419352591649499,44323,"Running"
30285,"NIO-Worker",1419352591671374,62656,"R"
30232,"nio-webserver-r",1419352591693822,99844,"R+"
30285,"NIO-Worker",1419352591734030,188230,"Running"
30232,"nio-webserver-r",1419352591793666,33958,"Running"
30232,"nio-webserver-r",1419352591827624,19365261,"S"
30285,"NIO-Worker",1419352591922260,10312,"R"
30285,"NIO-Worker",1419352591932572,177240,"Running"
30285,"NIO-Worker",1419352592109812,13733125,"S"
30285,"NIO-Worker",1419352605842937,20104,"R"
30285,"NIO-Worker",1419352605863041,632083,"Running"
30285,"NIO-Worker",1419352606495124,165313,"S"
30285,"NIO-Worker",1419352606660437,22448,"R"
30285,"NIO-Worker",1419352606682885,43125,"Running"
30285,"NIO-Worker",1419352606726010,262239,"S"
30285,"NIO-Worker",1419352606988249,17656,"R"
30285,"NIO-Worker",1419352607005905,242657,"Running"
30285,"NIO-Worker",1419352607248562,310000,"S"
30285,"NIO-Worker",1419352607558562,15156,"R"
30285,"NIO-Worker",1419352607573718,17604,"Running"
30285,"NIO-Worker",1419352607591322,55052,"S"
30285,"NIO-Worker",1419352607646374,35000,"R"
30285,"NIO-Worker",1419352607681374,51875,"Running"
30285,"NIO-Worker",1419352607733249,73594,"S"
30285,"NIO-Worker",1419352607806843,33125,"R"
30285,"NIO-Worker",1419352607839968,455781,"Running"
30285,"NIO-Worker",1419352608295749,34063,"R"
30285,"NIO-Worker",1419352608329812,358385,"Running"
30285,"NIO-Worker",1419352608688197,30365,"R"
30285,"NIO-Worker",1419352608718562,123906,"Running"
30285,"NIO-Worker",1419352608842468,14531,"R"
30285,"NIO-Worker",1419352608856999,491719,"Running"
30285,"NIO-Worker",1419352609348718,101094,"R"
30285,"NIO-Worker",1419352609449812,1442812,"Running"
30285,"NIO-Worker",1419352610892624,37031,"S"
30285,"NIO-Worker",1419352610929655,32344,"R"
30285,"NIO-Worker",1419352610961999,292448,"Running"
30244,"nio-stream-prod",1419352611074760,26406,"R"
30244,"nio-stream-prod",1419352611101166,101146,"Running"
30232,"nio-webserver-r",1419352611192885,40520,"R"
30244,"nio-stream-prod",1419352611202312,97039323,"S"
30232,"nio-webserver-r",1419352611233405,483750,"Running"
30285,"NIO-Worker",1419352611254447,407533646,"S"
30232,"nio-webserver-r",1419352611717155,33364844,"S"
30232,"nio-webserver-r",1419352645081999,59063,"R"
30232,"nio-webserver-r",1419352645141062,251406,"Running"
30232,"nio-webserver-r",1419352645392468,10573,"S"
30232,"nio-webserver-r",1419352645403041,86250,"R"
30232,"nio-webserver-r",1419352645489291,156146,"Running"
30232,"nio-webserver-r",1419352645645437,372343,"S"
30232,"nio-webserver-r",1419352646017780,92344,"R"
30232,"nio-webserver-r",1419352646110124,29636,"Running"
30232,"nio-webserver-r",1419352646139760,19270,"R"
30232,"nio-webserver-r",1419352646159030,325625,"Running"
30290,"NIO-Worker",1419352646441322,18438,"R"
30290,"NIO-Worker",1419352646459760,373177,"Running"
30232,"nio-webserver-r",1419352646484655,6622761,"S"
30290,"NIO-Worker",1419352646832937,1502604,"S"
30290,"NIO-Worker",1419352648335541,17031,"R"
30290,"NIO-Worker",1419352648352572,504115,"Running"
30290,"NIO-Worker",1419352648856687,14479,"R+"
30290,"NIO-Worker",1419352648871166,5208,"Running"
30290,"NIO-Worker",1419352648876374,107500,"S"
30290,"NIO-Worker",1419352648983874,11198,"R"
30290,"NIO-Worker",1419352648995072,36615,"Running"
30290,"NIO-Worker",1419352649031687,218125,"S"
30290,"NIO-Worker",1419352649249812,15260,"R"
30290,"NIO-Worker",1419352649265072,207708,"Running"
30290,"NIO-Worker",1419352649472780,255938,"S"
30290,"NIO-Worker",1419352649728718,21510,"R"
30290,"NIO-Worker",1419352649750228,45209,"Running"
30290,"NIO-Worker",1419352649795437,62656,"S"
30290,"NIO-Worker",1419352649858093,17656,"R"
30290,"NIO-Worker",1419352649875749,50625,"Running"
30290,"NIO-Worker",1419352649926374,111719,"R+"
30290,"NIO-Worker",1419352650038093,690156,"Running"
30290,"NIO-Worker",1419352650728249,7656,"R"
30290,"NIO-Worker",1419352650735905,20261,"Running"
30290,"NIO-Worker",1419352650756166,84427,"R"
30290,"NIO-Worker",1419352650840593,2087812,"Running"
30290,"NIO-Worker",1419352652928405,28125,"R+"
30290,"NIO-Worker",1419352652956530,185469,"Running"
30232,"nio-webserver-r",1419352653107416,27812,"R"
30232,"nio-webserver-r",1419352653135228,349427,"Running"
30290,"NIO-Worker",1419352653141999,416948542,"S"
30232,"nio-webserver-r",1419352653484655,46644375,"S"
30232,"nio-webserver-r",1419352700129030,77500,"R"
30232,"nio-webserver-r",1419352700206530,139480,"Running"
30232,"nio-webserver-r",1419352700346010,223281,"R+"
30232,"nio-webserver-r",1419352700569291,119427,"Running"
30232,"nio-webserver-r",1419352700688718,19531,"S"
30232,"nio-webserver-r",1419352700708249,52969,"R"
30232,"nio-webserver-r",1419352700761218,98750,"Running"
30232,"nio-webserver-r",1419352700859968,7448,"R"
30232,"nio-webserver-r",1419352700867416,157552,"Running"
30232,"nio-webserver-r",1419352701024968,236875,"S"
30232,"nio-webserver-r",1419352701261843,77031,"R"
30232,"nio-webserver-r",1419352701338874,50781,"Running"
30232,"nio-webserver-r",1419352701389655,9375,"R"
30232,"nio-webserver-r",1419352701399030,375000,"Running"
30293,"NIO-Worker",1419352701733197,21771,"R"
30293,"NIO-Worker",1419352701754968,425729,"Running"
30232,"nio-webserver-r",1419352701774030,6749219,"S"
30293,"NIO-Worker",1419352702180697,1044583,"S"
30293,"NIO-Worker",1419352703225280,78073,"R"
30293,"NIO-Worker",1419352703303353,130938,"Running"
30293,"NIO-Worker",1419352703434291,13125,"R"
30293,"NIO-Worker",1419352703447416,416771,"Running"
30293,"NIO-Worker",1419352703864187,198281,"S"
30293,"NIO-Worker",1419352704062468,57344,"R"
30293,"NIO-Worker",1419352704119812,25156,"Running"
30293,"NIO-Worker",1419352704144968,21562,"R+"
30293,"NIO-Worker",1419352704166530,5782,"Running"
30293,"NIO-Worker",1419352704172312,193906,"S"
30293,"NIO-Worker",1419352704366218,13437,"R"
30293,"NIO-Worker",1419352704379655,234167,"Running"
30293,"NIO-Worker",1419352704613822,414740,"S"
30293,"NIO-Worker",1419352705028562,23698,"R"
30293,"NIO-Worker",1419352705052260,26770,"Running"
30293,"NIO-Worker",1419352705079030,70625,"S"
30293,"NIO-Worker",1419352705149655,22969,"R"
30293,"NIO-Worker",1419352705172624,69636,"Running"
30293,"NIO-Worker",1419352705242260,54895,"S"
30293,"NIO-Worker",1419352705297155,19532,"R"
30293,"NIO-Worker",1419352705316687,2765468,"Running"
30293,"NIO-Worker",1419352708082155,22969,"S"
30293,"NIO-Worker",1419352708105124,18698,"R"
30293,"NIO-Worker",1419352708123822,255469,"Running"
30244,"nio-stream-prod",1419352708241635,383489,"R"
30293,"NIO-Worker",1419352708379291,72864,"R+"
30293,"NIO-Worker",1419352708452155,113750,"Running"
30232,"nio-webserver-r",1419352708523249,30313,"R"
30232,"nio-webserver-r",1419352708553562,348281,"Running"
30293,"NIO-Worker",1419352708565905,416078542,"S"
30244,"nio-stream-prod",1419352708625124,70417,"Running"
30244,"nio-stream-prod",1419352708695541,10364,"R"
30244,"nio-stream-prod",1419352708705905,79375,"Running"
30244,"nio-stream-prod",1419352708785280,48907,"R"
30244,"nio-stream-prod",1419352708834187,23437,"Running"
30244,"nio-stream-prod",1419352708857624,7500,"R"
30244,"nio-stream-prod",1419352708865124,74792,"Running"
30232,"nio-webserver-r",1419352708901843,2969,"S"
30232,"nio-webserver-r",1419352708904812,144531,"R"
30244,"nio-stream-prod",1419352708939916,101068489,"S"
30232,"nio-webserver-r",1419352709049343,176250,"Running"
30232,"nio-webserver-r",1419352709225593,170573,"R+"
30232,"nio-webserver-r",1419352709396166,39739,"Running"
30232,"nio-webserver-r",1419352709435905,154792,"R+"
30232,"nio-webserver-r",1419352709590697,50469,"Running"
30232,"nio-webserver-r",1419352709641166,55312,"R"
30232,"nio-webserver-r",1419352709696478,50052,"Running"
30232,"nio-webserver-r",1419352709746530,41273594,"S"
30232,"nio-webserver-r",1419352751020124,64011,"R"
30232,"nio-webserver-r",1419352751084135,125625,"Running"
30232,"nio-webserver-r",1419352751209760,70677,"S"
30232,"nio-webserver-r",1419352751280437,12604,"R"
30232,"nio-webserver-r",1419352751293041,7656,"Running"
30232,"nio-webserver-r",1419352751300697,18750,"S"
30232,"nio-webserver-r",1419352751319447,56771,"R"
30232,"nio-webserver-r",1419352751376218,36406,"Running"
30232,"nio-webserver-r",1419352751412624,22188,"R"
30232,"nio-webserver-r",1419352751434812,172500,"Running"
30232,"nio-webserver-r",1419352751607312,406875,"S"
30232,"nio-webserver-r",1419352752014187,26250,"R"
30232,"nio-webserver-r",1419352752040437,437500,"Running"
30295,"NIO-Worker",1419352752411062,67187,"R"
30232,"nio-webserver-r",1419352752477937,7381666,"S"
30295,"NIO-Worker",1419352752478249,391563,"Running"
30295,"NIO-Worker",1419352752869812,1798593,"S"
30295,"NIO-Worker",1419352754668405,15313,"R"
30295,"NIO-Worker",1419352754683718,202656,"Running"
30295,"NIO-Worker",1419352754886374,21823,"S"
30295,"NIO-Worker",1419352754908197,339427,"Running"
30295,"NIO-Worker",1419352755247624,135417,"S"
30295,"NIO-Worker",1419352755383041,39271,"R"
30295,"NIO-Worker",1419352755422312,57500,"Running"
30295,"NIO-Worker",1419352755479812,220468,"S"
30295,"NIO-Worker",1419352755700280,17032,"R"
30295,"NIO-Worker",1419352755717312,217500,"Running"
30295,"NIO-Worker",1419352755934812,281510,"S"
30295,"NIO-Worker",1419352756216322,28490,"R"
30295,"NIO-Worker",1419352756244812,18125,"Running"
30295,"NIO-Worker",1419352756262937,9843,"R+"
30295,"NIO-Worker",1419352756272780,10782,"Running"
30295,"NIO-Worker",1419352756283562,30937,"S"
30295,"NIO-Worker",1419352756314499,37813,"R"
30295,"NIO-Worker",1419352756352312,59531,"Running"
30295,"NIO-Worker",1419352756411843,49844,"S"
30295,"NIO-Worker",1419352756461687,33854,"R"
30295,"NIO-Worker",1419352756495541,1703021,"Running"
30295,"NIO-Worker",1419352758198562,11562,"R"
30295,"NIO-Worker",1419352758210124,43906,"Running"
30295,"NIO-Worker",1419352758254030,232657,"R"
30295,"NIO-Worker",1419352758486687,610781,"Running"
30295,"NIO-Worker",1419352759097468,46667,"R"
30295,"NIO-Worker",1419352759144135,539062,"Running"
30295,"NIO-Worker",1419352759683197,23646,"S"
30295,"NIO-Worker",1419352759706843,24635,"R"
30295,"NIO-Worker",1419352759731478,172969,"Running"
30232,"nio-webserver-r",1419352759859603,22188,"R"
30232,"nio-webserver-r",1419352759881791,350312,"Running"
30295,"NIO-Worker",1419352759904447,420551458,"S"
30232,"nio-webserver-r",1419352760232103,42301302,"S"
30232,"nio-webserver-r",1419352802533405,15938,"R"
30232,"nio-webserver-r",1419352802549343,171823,"Running"
30232,"nio-webserver-r",1419352802721166,151458,"S"
30232,"nio-webserver-r",1419352802872624,37761,"R"
30232,"nio-webserver-r",1419352802910385,165312,"Running"
30232,"nio-webserver-r",1419352803075697,763802,"S"
30232,"nio-webserver-r",1419352803839499,48854,"R"
30232,"nio-webserver-r",1419352803888353,418177,"Running"
30296,"NIO-Worker",1419352804265280,41250,"R"
30232,"nio-webserver-r",1419352804306530,5790730,"S"
30296,"NIO-Worker",1419352804306530,364167,"Running"
30296,"NIO-Worker",1419352804670697,311094,"S"
30296,"NIO-Worker",1419352804981791,18177,"R"
30296,"NIO-Worker",1419352804999968,484062,"Running"
30296,"NIO-Worker",1419352805484030,139219,"S"
30296,"NIO-Worker",1419352805623249,16198,"R"
30296,"NIO-Worker",1419352805639447,45521,"Running"
30296,"NIO-Worker",1419352805684968,204219,"S"
30296,"NIO-Worker",1419352805889187,16562,"R"
30296,"NIO-Worker",1419352805905749,410156,"Running"
30296,"NIO-Worker",1419352806315905,249480,"S"
30296,"NIO-Worker",1419352806565385,39895,"R"
30296,"NIO-Worker",1419352806605280,25157,"Running"
30296,"NIO-Worker",1419352806630437,48073,"S"
30296,"NIO-Worker",1419352806678510,20208,"R"
30296,"NIO-Worker",1419352806698718,44948,"Running"
30296,"NIO-Worker",1419352806743666,49062,"S"
30296,"NIO-Worker",1419352806792728,31094,"R"
30296,"NIO-Worker",1419352806823822,1579271,"Running"
30296,"NIO-Worker",1419352808403093,20781,"R"
30296,"NIO-Worker",1419352808423874,50417,"Running"
30296,"NIO-Worker",1419352808474291,19739,"R"
30296,"NIO-Worker",1419352808494030,347969,"Running"
30296,"NIO-Worker",1419352808841999,7917,"R+"
30296,"NIO-Worker",1419352808849916,262239,"Running"
30296,"NIO-Worker",1419352809112155,24375,"R"
30296,"NIO-Worker",1419352809136530,186407,"Running"
30296,"NIO-Worker",1419352809322937,71198,"R"
30296,"NIO-Worker",1419352809394135,446770,"Running"
30296,"NIO-Worker",1419352809840905,22917,"S"
30296,"NIO-Worker",1419352809863822,45208,"R"
30296,"NIO-Worker",1419352809909030,238698,"Running"
30244,"nio-stream-prod",1419352810008405,26042,"R"
30244,"nio-stream-prod",1419352810034447,120990,"Running"
30232,"nio-webserver-r",1419352810097260,20052,"R"
30232,"nio-webserver-r",1419352810117312,441562,"Running"
30296,"NIO-Worker",1419352810147728,422065521,"S"
30244,"nio-stream-prod",1419352810155437,101907968,"S"
30232,"nio-webserver-r",1419352810558874,44849167,"S"
30232,"nio-webserver-r",1419352855408041,50521,"R"
30232,"nio-webserver-r",1419352855458562,120468,"Running"
30232,"nio-webserver-r",1419352855579030,21250,"S"
30232,"nio-webserver-r",1419352855600280,15573,"R"
30232,"nio-webserver-r",1419352855615853,5209,"Running"
30232,"nio-webserver-r",1419352855621062,52500,"S"
30232,"nio-webserver-r",1419352855673562,64062,"R"
30232,"nio-webserver-r",1419352855737624,188229,"Running"
30232,"nio-webserver-r",1419352855925853,418907,"S"
30232,"nio-webserver-r",1419352856344760,57864,"R"
30232,"nio-webserver-r",1419352856402624,370625,"Running"
30299,"NIO-Worker",1419352856696218,55625,"R"
30299,"NIO-Worker",1419352856751843,396510,"Running"
30232,"nio-webserver-r",1419352856773249,7638125,"S"
30299,"NIO-Worker",1419352857148353,2461407,"S"
30299,"NIO-Worker",1419352859609760,17864,"R"
30299,"NIO-Worker",1419352859627624,528698,"Running"
30299,"NIO-Worker",1419352860156322,139583,"S"
30299,"NIO-Worker",1419352860295905,16355,"R"
30299,"NIO-Worker",1419352860312260,34687,"Running"
30299,"NIO-Worker",1419352860346947,229896,"S"
30299,"NIO-Worker",1419352860576843,14844,"R"
30299,"NIO-Worker",1419352860591687,228281,"Running"
30299,"NIO-Worker",1419352860819968,345000,"S"
30299,"NIO-Worker",1419352861164968,39635,"R"
30299,"NIO-Worker",1419352861204603,20521,"Running"
30299,"NIO-Worker",1419352861225124,42500,"S"
30299,"NIO-Worker",1419352861267624,21823,"R"
30299,"NIO-Worker",1419352861289447,59740,"Running"
30299,"NIO-Worker",1419352861349187,49531,"S"
30299,"NIO-Worker",1419352861398718,29375,"R"
30299,"NIO-Worker",1419352861428093,2766562,"Running"
30299,"NIO-Worker",1419352864194655,22813,"S"
30299,"NIO-Worker",1419352864217468,21875,"R"
30299,"NIO-Worker",1419352864239343,224062,"Running"
30232,"nio-webserver-r",1419352864411374,27813,"R"
30232,"nio-webserver-r",1419352864439187,342187,"Running"
30299,"NIO-Worker",1419352864463405,422050781,"S"
30232,"nio-webserver-r",1419352864781374,40879688,"S"
30232,"nio-webserver-r",1419352905661062,47343,"R"
30232,"nio-webserver-r",1419352905708405,124219,"Running"
30232,"nio-webserver-r",1419352905832624,357136,"S"
30232,"nio-webserver-r",1419352906189760,33177,"R"
30232,"nio-webserver-r",1419352906222937,7291,"Running"
30232,"nio-webserver-r",1419352906230228,25990,"S"
30232,"nio-webserver-r",1419352906256218,13125,"R"
30232,"nio-webserver-r",1419352906269343,198229,"Running"
30232,"nio-webserver-r",1419352906467572,278958,"S"
30232,"nio-webserver-r",1419352906746530,40730,"R"
30232,"nio-webserver-r",1419352906787260,341614,"Running"
30300,"NIO-Worker",1419352907096374,13438,"R"
30300,"NIO-Worker",1419352907109812,726562,"Running"
30232,"nio-webserver-r",1419352907128874,5049167,"S"
30300,"NIO-Worker",1419352907836374,163386,"S"
30300,"NIO-Worker",1419352907999760,16458,"R"
30300,"NIO-Worker",1419352908016218,44948,"Running"
30300,"NIO-Worker",1419352908061166,224427,"S"
30300,"NIO-Worker",1419352908285593,59687,"R"
30300,"NIO-Worker",1419352908345280,218438,"Running"
30300,"NIO-Worker",1419352908563718,327500,"S"
30300,"NIO-Worker",1419352908891218,14062,"R"
30300,"NIO-Worker",1419352908905280,26875,"Running"
30300,"NIO-Worker",1419352908932155,48230,"S"
30300,"NIO-Worker",1419352908980385,18333,"R"
30300,"NIO-Worker",1419352908998718,48125,"Running"
30300,"NIO-Worker",1419352909046843,47135,"S"
30300,"NIO-Worker",1419352909093978,14115,"R"
30300,"NIO-Worker",1419352909108093,305885,"Running"
30300,"NIO-Worker",1419352909413978,11771,"R"
30300,"NIO-Worker",1419352909425749,8386,"Running"
30300,"NIO-Worker",1419352909434135,8906,"R"
30300,"NIO-Worker",1419352909443041,2479427,"Running"
30300,"NIO-Worker",1419352911922468,21823,"S"
30300,"NIO-Worker",1419352911944291,14375,"R"
30300,"NIO-Worker",1419352911958666,250052,"Running"
30244,"nio-stream-prod",1419352912063405,27500,"R"
30244,"nio-stream-prod",1419352912090905,86563,"Running"
30244,"nio-stream-prod",1419352912177468,119286823,"S"
30232,"nio-webserver-r",1419352912178041,13750,"R"
30232,"nio-webserver-r",1419352912191791,144844,"Running"
30300,"NIO-Worker",1419352912208718,429085104,"S"
30232,"nio-webserver-r",1419352912336635,68958,"R+"
30232,"nio-webserver-r",1419352912405593,201667,"Running"
30232,"nio-webserver-r",1419352912607260,48985208,"S"
30232,"nio-webserver-r",1419352961592468,95469,"R"
30232,"nio-webserver-r",1419352961687937,144479,"Running"
30232,"nio-webserver-r",1419352961832416,33646,"S"
30232,"nio-webserver-r",1419352961866062,38541,"R"
30232,"nio-webserver-r",1419352961904603,185938,"Running"
30232,"nio-webserver-r",1419352962090541,423489,"S"
30232,"nio-webserver-r",1419352962514030,64063,"R"
30232,"nio-webserver-r",1419352962578093,324219,"Running"
30234,"NIO-Worker",1419352962857468,45625,"R"
30232,"nio-webserver-r",1419352962902312,14441979,"S"
30234,"NIO-Worker",1419352962903093,321510,"Running"
30234,"NIO-Worker",1419352963224603,8494532,"S"
30234,"NIO-Worker",1419352971719135,30833,"R"
30234,"NIO-Worker",1419352971749968,260417,"Running"
30234,"NIO-Worker",1419352972010385,7187,"S"
30234,"NIO-Worker",1419352972017572,31458,"R"
30234,"NIO-Worker",1419352972049030,332657,"Running"
30234,"NIO-Worker",1419352972381687,21718,"R+"
30234,"NIO-Worker",1419352972403405,5313,"Running"
30234,"NIO-Worker",1419352972408718,126562,"S"
30234,"NIO-Worker",1419352972535280,32500,"R"
30234,"NIO-Worker",1419352972567780,45938,"Running"
30234,"NIO-Worker",1419352972613718,478229,"S"
30234,"NIO-Worker",1419352973091947,18438,"R"
30234,"NIO-Worker",1419352973110385,258177,"Running"
30234,"NIO-Worker",1419352973368562,308906,"S"
30234,"NIO-Worker",1419352973677468,16823,"R"
30234,"NIO-Worker",1419352973694291,47187,"Running"
30234,"NIO-Worker",1419352973741478,67657,"S"
30234,"NIO-Worker",1419352973809135,33645,"R"
30234,"NIO-Worker",1419352973842780,47188,"Running"
30234,"NIO-Worker",1419352973889968,50625,"S"
30234,"NIO-Worker",1419352973940593,58906,"R"
30234,"NIO-Worker",1419352973999499,908438,"Running"
30234,"NIO-Worker",1419352974907937,51979,"R"
30234,"NIO-Worker",1419352974959916,802083,"Running"
30234,"NIO-Worker",1419352975761999,189531,"R"
30234,"NIO-Worker",1419352975951530,959532,"Running"
30234,"NIO-Worker",1419352976911062,38541,"R"
30234,"NIO-Worker",1419352976949603,211927,"Running"
30234,"NIO-Worker",1419352977161530,36980,"S"
30234,"NIO-Worker",1419352977198510,18958,"R"
30234,"NIO-Worker",1419352977217468,175000,"Running"
30232,"nio-webserver-r",1419352977344291,22344,"R"
30232,"nio-webserver-r",1419352977366635,222395,"Running"
30234,"NIO-Worker",1419352977392468,417863281,"S"
30232,"nio-webserver-r",1419352977589030,13073,"R+"
30232,"nio-webserver-r",1419352977602103,199688,"Running"
30232,"nio-webserver-r",1419352977801791,38555312,"S"
30232,"nio-webserver-r",1419353016357103,54219,"R"
30232,"nio-webserver-r",1419353016411322,10990,"Running"
30232,"nio-webserver-r",1419353016422312,13385,"R+"
30232,"nio-webserver-r",1419353016435697,105938,"Running"
30232,"nio-webserver-r",1419353016541635,33020,"R+"
30232,"nio-webserver-r",1419353016574655,12761,"Running"
30232,"nio-webserver-r",1419353016587416,49427,"R+"
30232,"nio-webserver-r",1419353016636843,190417,"Running"
30232,"nio-webserver-r",1419353016827260,13489,"R+"
30232,"nio-webserver-r",1419353016840749,26250,"Running"
30232,"nio-webserver-r",1419353016866999,638698,"S"
30232,"nio-webserver-r",1419353017505697,112396,"R"
30232,"nio-webserver-r",1419353017618093,196875,"Running"
30232,"nio-webserver-r",1419353017814968,597500,"S"
30232,"nio-webserver-r",1419353018412468,46875,"R"
30232,"nio-webserver-r",1419353018459343,362500,"Running"
30285,"NIO-Worker",1419353018788093,18698,"R"
30285,"NIO-Worker",1419353018806791,325521,"Running"
30232,"nio-webserver-r",1419353018821843,12757291,"S"
30285,"NIO-Worker",1419353019132312,7228281,"S"
30285,"NIO-Worker",1419353026360593,21250,"R"
30285,"NIO-Worker",1419353026381843,583437,"Running"
30285,"NIO-Worker",1419353026965280,195469,"S"
30285,"NIO-Worker",1419353027160749,25781,"R"
30285,"NIO-Worker",1419353027186530,36354,"Running"
30285,"NIO-Worker",1419353027222884,26928,"R+"
30285,"NIO-Worker",1419353027249812,6875,"Running"
30285,"NIO-Worker",1419353027256687,205625,"S"
30285,"NIO-Worker",1419353027462312,16562,"R"
30285,"NIO-Worker",1419353027478874,243698,"Running"
30285,"NIO-Worker",1419353027722572,298594,"S"
30285,"NIO-Worker",1419353028021166,19375,"R"
30285,"NIO-Worker",1419353028040541,46614,"Running"
30285,"NIO-Worker",1419353028087155,74688,"S"
30285,"NIO-Worker",1419353028161843,51094,"R"
30285,"NIO-Worker",1419353028212937,58541,"Running"
30285,"NIO-Worker",1419353028271478,55313,"S"
30285,"NIO-Worker",1419353028326791,13177,"R"
30285,"NIO-Worker",1419353028339968,602187,"Running"
30285,"NIO-Worker",1419353028942155,13438,"R"
30285,"NIO-Worker",1419353028955593,53437,"Running"
30285,"NIO-Worker",1419353029009030,18125,"R"
30285,"NIO-Worker",1419353029027155,2261354,"Running"
30285,"NIO-Worker",1419353031288509,46303,"R+"
30285,"NIO-Worker",1419353031334812,285312,"Running"
30244,"nio-stream-prod",1419353031464291,64427,"R"
30244,"nio-stream-prod",1419353031528718,65625,"Running"
30232,"nio-webserver-r",1419353031579134,35834,"R"
30244,"nio-stream-prod",1419353031594343,50937,"R"
30232,"nio-webserver-r",1419353031614968,428281,"Running"
30285,"NIO-Worker",1419353031620124,417369219,"S"
30244,"nio-stream-prod",1419353031645280,38907,"Running"
30244,"nio-stream-prod",1419353031684187,107556510,"S"
30232,"nio-webserver-r",1419353032043249,36314844,"S"
30232,"nio-webserver-r",1419353068358093,59062,"R"
30232,"nio-webserver-r",1419353068417155,108125,"Running"
30232,"nio-webserver-r",1419353068525280,152032,"S"
30232,"nio-webserver-r",1419353068677312,38541,"R"
30232,"nio-webserver-r",1419353068715853,135521,"Running"
30232,"nio-webserver-r",1419353068851374,187656,"R+"
30232,"nio-webserver-r",1419353069039030,34375,"Running"
30232,"nio-webserver-r",1419353069073405,26875,"R"
30232,"nio-webserver-r",1419353069100280,85729,"Running"
30232,"nio-webserver-r",1419353069186009,560834,"S"
30232,"nio-webserver-r",1419353069746843,72135,"R"
30232,"nio-webserver-r",1419353069818978,320469,"Running"
30290,"NIO-Worker",1419353070090541,29218,"R"
30290,"NIO-Worker",1419353070119759,357032,"Running"
30232,"nio-webserver-r",1419353070139447,10252240,"S"
30290,"NIO-Worker",1419353070476791,4934896,"S"
30290,"NIO-Worker",1419353075411687,20781,"R"
30290,"NIO-Worker",1419353075432468,329323,"Running"
30290,"NIO-Worker",1419353075761791,145468,"R"
30290,"NIO-Worker",1419353075907259,164115,"Running"
30290,"NIO-Worker",1419353076071374,11042,"R+"
30290,"NIO-Worker",1419353076082416,10000,"Running"
30290,"NIO-Worker",1419353076092416,218489,"S"
30290,"NIO-Worker",1419353076310905,17657,"R"
30290,"NIO-Worker",1419353076328562,49947,"Running"
30290,"NIO-Worker",1419353076378509,220678,"S"
30290,"NIO-Worker",1419353076599187,15000,"R"
30290,"NIO-Worker",1419353076614187,240260,"Running"
30290,"NIO-Worker",1419353076854447,63125,"R+"
30290,"NIO-Worker",1419353076917572,10521,"Running"
30290,"NIO-Worker",1419353076928093,201823,"S"
30290,"NIO-Worker",1419353077129916,29218,"R"
30290,"NIO-Worker",1419353077159134,41146,"Running"
30290,"NIO-Worker",1419353077200280,42500,"S"
30290,"NIO-Worker",1419353077242780,23542,"R"
30290,"NIO-Worker",1419353077266322,51771,"Running"
30290,"NIO-Worker",1419353077318093,47031,"S"
30290,"NIO-Worker",1419353077365124,22500,"R"
30290,"NIO-Worker",1419353077387624,2794948,"Running"
30290,"NIO-Worker",1419353080182572,34271,"S"
30290,"NIO-Worker",1419353080216843,25416,"R"
30290,"NIO-Worker",1419353080242259,179740,"Running"
30232,"nio-webserver-r",1419353080391687,29375,"R"
30232,"nio-webserver-r",1419353080421062,385104,"Running"
30290,"NIO-Worker",1419353080421999,423686979,"S"
30232,"nio-webserver-r",1419353080806166,42728489,"S"
30232,"nio-webserver-r",1419353123534655,41094,"R"
30232,"nio-webserver-r",1419353123575749,148385,"Running"
30232,"nio-webserver-r",1419353123724134,121459,"S"
30232,"nio-webserver-r",1419353123845593,62916,"R"
30232,"nio-webserver-r",1419353123908509,178594,"Running"
30232,"nio-webserver-r",1419353124087103,215365,"S"
30232,"nio-webserver-r",1419353124302468,57656,"R"
30232,"nio-webserver-r",1419353124360124,319688,"Running"
30293,"NIO-Worker",1419353124644447,18958,"R"
30293,"NIO-Worker",1419353124663405,412344,"Running"
30232,"nio-webserver-r",1419353124679812,14824791,"S"
30293,"NIO-Worker",1419353125075749,70313,"R"
30293,"NIO-Worker",1419353125146062,248072,"Running"
30293,"NIO-Worker",1419353125394134,8170990,"S"
30293,"NIO-Worker",1419353133565124,240313,"R"
30293,"NIO-Worker",1419353133805437,369687,"Running"
30293,"NIO-Worker",1419353134175124,198750,"R"
30293,"NIO-Worker",1419353134373874,260156,"Running"
30293,"NIO-Worker",1419353134634030,221511,"S"
30293,"NIO-Worker",1419353134855541,22864,"R"
30293,"NIO-Worker",1419353134878405,26875,"Running"
30293,"NIO-Worker",1419353134905280,79792,"R+"
30293,"NIO-Worker",1419353134985072,5833,"Running"
30293,"NIO-Worker",1419353134990905,126094,"S"
30293,"NIO-Worker",1419353135116999,38906,"R"
30293,"NIO-Worker",1419353135155905,245782,"Running"
30293,"NIO-Worker",1419353135401687,483750,"S"
30293,"NIO-Worker",1419353135885437,16718,"R"
30293,"NIO-Worker",1419353135902155,22969,"Running"
30293,"NIO-Worker",1419353135925124,33594,"R+"
30293,"NIO-Worker",1419353135958718,8854,"Running"
30293,"NIO-Worker",1419353135967572,31458,"S"
30293,"NIO-Worker",1419353135999030,23438,"R"
30293,"NIO-Worker",1419353136022468,41250,"Running"
30293,"NIO-Worker",1419353136063718,51875,"S"
30293,"NIO-Worker",1419353136115593,47760,"R"
30293,"NIO-Worker",1419353136163353,706771,"Running"
30293,"NIO-Worker",1419353136870124,28906,"R"
30293,"NIO-Worker",1419353136899030,2185000,"Running"
30293,"NIO-Worker",1419353139084030,35417,"S"
30293,"NIO-Worker",1419353139119447,19219,"R"
30293,"NIO-Worker",1419353139138666,422812,"Running"
30244,"nio-stream-prod",1419353139240697,79896,"R"
30244,"nio-stream-prod",1419353139320593,91875,"Running"
30244,"nio-stream-prod",1419353139412468,107753281,"S"
30232,"nio-webserver-r",1419353139504603,54896,"R"
30232,"nio-webserver-r",1419353139559499,197031,"Running"
30293,"NIO-Worker",1419353139561478,414215365,"S"
30232,"nio-webserver-r",1419353139756530,71823,"R+"
30232,"nio-webserver-r",1419353139828353,268021,"Running"
30232,"nio-webserver-r",1419353140096374,39005781,"S"
30232,"nio-webserver-r",1419353179102155,50886,"R"
30232,"nio-webserver-r",1419353179153041,122708,"Running"
30232,"nio-webserver-r",1419353179275749,222813,"S"
30232,"nio-webserver-r",1419353179498562,73593,"R"
30232,"nio-webserver-r",1419353179572155,171042,"Running"
30232,"nio-webserver-r",1419353179743197,327865,"S"
30232,"nio-webserver-r",1419353180071062,80468,"R"
30232,"nio-webserver-r",1419353180151530,335313,"Running"
30295,"NIO-Worker",1419353180455905,14844,"R"
30295,"NIO-Worker",1419353180470749,500938,"Running"
30232,"nio-webserver-r",1419353180486843,10111719,"S"
30295,"NIO-Worker",1419353180971687,4430260,"S"
30295,"NIO-Worker",1419353185401947,22552,"R"
30295,"NIO-Worker",1419353185424499,232760,"Running"
30295,"NIO-Worker",1419353185657259,124115,"S"
30295,"NIO-Worker",1419353185781374,16354,"R"
30295,"NIO-Worker",1419353185797728,370990,"Running"
30295,"NIO-Worker",1419353186168718,145625,"S"
30295,"NIO-Worker",1419353186314343,18437,"R"
30295,"NIO-Worker",1419353186332780,26198,"Running"
30295,"NIO-Worker",1419353186358978,31615,"R+"
30295,"NIO-Worker",1419353186390593,7760,"Running"
30295,"NIO-Worker",1419353186398353,190156,"S"
30295,"NIO-Worker",1419353186588509,11719,"R"
30295,"NIO-Worker",1419353186600228,241615,"Running"
30295,"NIO-Worker",1419353186841843,294219,"S"
30295,"NIO-Worker",1419353187136062,24687,"R"
30295,"NIO-Worker",1419353187160749,30313,"Running"
30295,"NIO-Worker",1419353187191062,61562,"S"
30295,"NIO-Worker",1419353187252624,81250,"R"
30295,"NIO-Worker",1419353187333874,63281,"Running"
30295,"NIO-Worker",1419353187397155,75938,"S"
30295,"NIO-Worker",1419353187473093,17031,"R"
30295,"NIO-Worker",1419353187490124,2024531,"Running"
30295,"NIO-Worker",1419353189514655,72292,"R"
30295,"NIO-Worker",1419353189586947,822656,"Running"
30295,"NIO-Worker",1419353190409603,45156,"R+"
30295,"NIO-Worker",1419353190454759,195990,"Running"
30232,"nio-webserver-r",1419353190598562,17500,"R"
30232,"nio-webserver-r",1419353190616062,436718,"Running"
30295,"NIO-Worker",1419353190650749,416011406,"S"
30232,"nio-webserver-r",1419353191052780,39624532,"S"
30232,"nio-webserver-r",1419353230677312,57291,"R"
30232,"nio-webserver-r",1419353230734603,135209,"Running"
30232,"nio-webserver-r",1419353230869812,310000,"S"
30232,"nio-webserver-r",1419353231179812,20729,"R"
30232,"nio-webserver-r",1419353231200541,8021,"Running"
30232,"nio-webserver-r",1419353231208562,40000,"S"
30232,"nio-webserver-r",1419353231248562,33906,"R"
30232,"nio-webserver-r",1419353231282468,241510,"Running"
30232,"nio-webserver-r",1419353231523978,303802,"S"
30232,"nio-webserver-r",1419353231827780,62292,"R"
30232,"nio-webserver-r",1419353231890072,371719,"Running"
30296,"NIO-Worker",1419353232213249,22448,"R"
30296,"NIO-Worker",1419353232235697,339115,"Running"
30232,"nio-webserver-r",1419353232261791,14994427,"S"
30296,"NIO-Worker",1419353232574812,9221041,"S"
30296,"NIO-Worker",1419353241795853,37865,"R"
30296,"NIO-Worker",1419353241833718,178073,"Running"
30296,"NIO-Worker",1419353242011791,35937,"R"
30296,"NIO-Worker",1419353242047728,71146,"Running"
30296,"NIO-Worker",1419353242118874,103385,"S"
30296,"NIO-Worker",1419353242222259,16563,"R"
30296,"NIO-Worker",1419353242238822,110312,"Running"
30296,"NIO-Worker",1419353242349134,22865,"R"
30296,"NIO-Worker",1419353242371999,128281,"Running"
30296,"NIO-Worker",1419353242500280,218229,"R"
30296,"NIO-Worker",1419353242718509,161615,"Running"
30296,"NIO-Worker",1419353242880124,184010,"S"
30296,"NIO-Worker",1419353243064134,74427,"R"
30296,"NIO-Worker",1419353243138561,57969,"Running"
30296,"NIO-Worker",1419353243196530,53386,"R+"
30296,"NIO-Worker",1419353243249916,5468,"Running"
30296,"NIO-Worker",1419353243255384,160625,"S"
30296,"NIO-Worker",1419353243416009,44271,"R"
30296,"NIO-Worker",1419353243460280,213542,"Running"
30296,"NIO-Worker",1419353243673822,269427,"S"
30296,"NIO-Worker",1419353243943249,25781,"R"
30296,"NIO-Worker",1419353243969030,27761,"Running"
30296,"NIO-Worker",1419353243996791,69427,"S"
30296,"NIO-Worker",1419353244066218,20625,"R"
30296,"NIO-Worker",1419353244086843,55625,"Running"
30296,"NIO-Worker",1419353244142468,61250,"S"
30296,"NIO-Worker",1419353244203718,16250,"R"
30296,"NIO-Worker",1419353244219968,2801875,"Running"
30296,"NIO-Worker",1419353247021843,49531,"R+"
30296,"NIO-Worker",1419353247071374,216562,"Running"
30244,"nio-stream-prod",1419353247165749,17292,"R"
30244,"nio-stream-prod",1419353247183041,94583,"Running"
30232,"nio-webserver-r",1419353247256218,12343,"R"
30232,"nio-webserver-r",1419353247268561,433230,"Running"
30244,"nio-stream-prod",1419353247277624,102996042,"S"
30296,"NIO-Worker",1419353247287936,410624532,"S"
30232,"nio-webserver-r",1419353247701791,37254895,"S"
30232,"nio-webserver-r",1419353284956686,103125,"R"
30232,"nio-webserver-r",1419353285059811,147813,"Running"
30232,"nio-webserver-r",1419353285207624,87760,"S"
30232,"nio-webserver-r",1419353285295384,60157,"R"
30232,"nio-webserver-r",1419353285355541,25468,"Running"
30232,"nio-webserver-r",1419353285381009,81875,"R+"
30232,"nio-webserver-r",1419353285462884,81875,"Running"
30232,"nio-webserver-r",1419353285544759,9271,"R"
30232,"nio-webserver-r",1419353285554030,150417,"Running"
30232,"nio-webserver-r",1419353285704447,354271,"S"
30232,"nio-webserver-r",1419353286058718,137812,"R"
30232,"nio-webserver-r",1419353286196530,352292,"Running"
30299,"NIO-Worker",1419353286514186,396407,"R"
30232,"nio-webserver-r",1419353286548822,22220677,"S"
30299,"NIO-Worker",1419353286910593,391562,"Running"
30299,"NIO-Worker",1419353287302155,16075261,"S"
30299,"NIO-Worker",1419353303377416,18489,"R"
30299,"NIO-Worker",1419353303395905,279375,"Running"
30299,"NIO-Worker",1419353303675280,37500,"S"
30299,"NIO-Worker",1419353303712780,14688,"R"
30299,"NIO-Worker",1419353303727468,87968,"Running"
30299,"NIO-Worker",1419353303815436,12657,"R"
30299,"NIO-Worker",1419353303828093,31718,"Running"
30299,"NIO-Worker",1419353303859811,9948,"R"
30299,"NIO-Worker",1419353303869759,53802,"Running"
30299,"NIO-Worker",1419353303923561,8438,"R"
30299,"NIO-Worker",1419353303931999,105417,"Running"
30299,"NIO-Worker",1419353304037416,8645,"R"
30299,"NIO-Worker",1419353304046061,105313,"Running"
30299,"NIO-Worker",1419353304151374,231875,"S"
30299,"NIO-Worker",1419353304383249,52969,"R"
30299,"NIO-Worker",1419353304436218,29687,"Running"
30299,"NIO-Worker",1419353304465905,282188,"S"
30299,"NIO-Worker",1419353304748093,54062,"R"
30299,"NIO-Worker",1419353304802155,86667,"Running"
30299,"NIO-Worker",1419353304888822,50156,"R"
30299,"NIO-Worker",1419353304938978,204688,"Running"
30299,"NIO-Worker",1419353305143666,309375,"S"
30299,"NIO-Worker",1419353305453041,29062,"R"
30299,"NIO-Worker",1419353305482103,23333,"Running"
30299,"NIO-Worker",1419353305505436,61198,"R+"
30299,"NIO-Worker",1419353305566634,55000,"Running"
30299,"NIO-Worker",1419353305621634,31146,"R+"
30299,"NIO-Worker",1419353305652780,7813,"Running"
30299,"NIO-Worker",1419353305660593,7500,"S"
30299,"NIO-Worker",1419353305668093,25156,"R"
30299,"NIO-Worker",1419353305693249,2663594,"Running"
30299,"NIO-Worker",1419353308356843,35312,"R+"
30299,"NIO-Worker",1419353308392155,165625,"Running"
30299,"NIO-Worker",1419353308557780,28906,"S"
30299,"NIO-Worker",1419353308586686,41563,"R"
30299,"NIO-Worker",1419353308628249,227760,"Running"
30232,"nio-webserver-r",1419353308769499,36510,"R"
30232,"nio-webserver-r",1419353308806009,357709,"Running"
30299,"NIO-Worker",1419353308856009,402546406,"S"
30232,"nio-webserver-r",1419353309163718,190468,"R+"
30232,"nio-webserver-r",1419353309354186,265625,"Running"
30232,"nio-webserver-r",1419353309619811,29974063,"S"
30232,"nio-webserver-r",1419353339593874,50156,"R"
30232,"nio-webserver-r",1419353339644030,255313,"Running"
30232,"nio-webserver-r",1419353339899343,17968,"S"
30232,"nio-webserver-r",1419353339917311,616563,"R"
30232,"nio-webserver-r",1419353340533874,26354,"Running"
30232,"nio-webserver-r",1419353340560228,6927,"S"
30232,"nio-webserver-r",1419353340567155,49011,"R"
30232,"nio-webserver-r",1419353340616166,205156,"Running"
30232,"nio-webserver-r",1419353340821322,97812,"R"
30232,"nio-webserver-r",1419353340919134,417865,"Running"
30300,"NIO-Worker",1419353341293822,45208,"R"
30232,"nio-webserver-r",1419353341336999,9015625,"S"
30300,"NIO-Worker",1419353341339030,128906,"Running"
30300,"NIO-Worker",1419353341467936,24375,"R"
30300,"NIO-Worker",1419353341492311,192813,"Running"
30300,"NIO-Worker",1419353341685124,3838437,"S"
30300,"NIO-Worker",1419353345523561,30000,"R"
30300,"NIO-Worker",1419353345553561,265157,"Running"
30300,"NIO-Worker",1419353345818718,19479,"S"
30300,"NIO-Worker",1419353345838197,295677,"Running"
30300,"NIO-Worker",1419353346133874,153906,"S"
30300,"NIO-Worker",1419353346287780,26406,"R"
30300,"NIO-Worker",1419353346314186,32657,"Running"
30300,"NIO-Worker",1419353346346843,235573,"S"
30300,"NIO-Worker",1419353346582416,15833,"R"
30300,"NIO-Worker",1419353346598249,209635,"Running"
30300,"NIO-Worker",1419353346807884,255209,"S"
30300,"NIO-Worker",1419353347063093,13750,"R"
30300,"NIO-Worker",1419353347076843,19479,"Running"
30300,"NIO-Worker",1419353347096322,64427,"S"
30300,"NIO-Worker",1419353347160749,15000,"R"
30300,"NIO-Worker",1419353347175749,47656,"Running"
30300,"NIO-Worker",1419353347223405,67136,"S"
30300,"NIO-Worker",1419353347290541,15000,"R"
30300,"NIO-Worker",1419353347305541,2833489,"Running"
30300,"NIO-Worker",1419353350139030,21094,"S"
30300,"NIO-Worker",1419353350160124,13906,"R"
30300,"NIO-Worker",1419353350174030,231406,"Running"
30244,"nio-stream-prod",1419353350273666,12864,"R"
30244,"nio-stream-prod",1419353350286530,92344,"Running"
30232,"nio-webserver-r",1419353350352624,32344,"R"
30244,"nio-stream-prod",1419353350378874,104855781,"S"
30232,"nio-webserver-r",1419353350384968,385312,"Running"
30300,"NIO-Worker",1419353350405436,414282604,"S"
30232,"nio-webserver-r",1419353350770280,43106250,"S"
30232,"nio-webserver-r",1419353393876530,109063,"R"
30232,"nio-webserver-r",1419353393985593,227291,"Running"
30232,"nio-webserver-r",1419353394212884,36094,"S"
30232,"nio-webserver-r",1419353394248978,30469,"R"
30232,"nio-webserver-r",1419353394279447,10989,"Running"
30232,"nio-webserver-r",1419353394290436,27292,"S"
30232,"nio-webserver-r",1419353394317728,91406,"Running"
30232,"nio-webserver-r",1419353394409134,126146,"R"
30232,"nio-webserver-r",1419353394535280,107292,"Running"
30232,"nio-webserver-r",1419353394642572,62031,"R"
30232,"nio-webserver-r",1419353394704603,22083,"Running"
30232,"nio-webserver-r",1419353394726686,156667,"S"
30232,"nio-webserver-r",1419353394883353,57708,"R"
30232,"nio-webserver-r",1419353394941061,378282,"Running"
30234,"NIO-Worker",1419353395255749,63594,"R"
30232,"nio-webserver-r",1419353395319343,13225625,"S"
30234,"NIO-Worker",1419353395319343,272604,"Running"
30234,"NIO-Worker",1419353395591947,42083,"R"
30234,"NIO-Worker",1419353395634030,112969,"Running"
30234,"NIO-Worker",1419353395746999,5235156,"S"
30234,"NIO-Worker",1419353400982155,68906,"R"
30234,"NIO-Worker",1419353401051061,269532,"Running"
30234,"NIO-Worker",1419353401320593,34375,"S"
30234,"NIO-Worker",1419353401354968,25468,"R"
30234,"NIO-Worker",1419353401380436,63125,"Running"
30234,"NIO-Worker",1419353401443561,43125,"S"
30234,"NIO-Worker",1419353401486686,39011,"Running"
30234,"NIO-Worker",1419353401525697,25000,"S"
30234,"NIO-Worker",1419353401550697,1160364,"Running"
30234,"NIO-Worker",1419353402711061,674948,"R+"
30234,"NIO-Worker",1419353403386009,216146,"Running"
30234,"NIO-Worker",1419353403602155,629688,"S"
30234,"NIO-Worker",1419353404231843,23593,"R"
30234,"NIO-Worker",1419353404255436,245313,"Running"
30234,"NIO-Worker",1419353404500749,285729,"R+"
30234,"NIO-Worker",1419353404786478,64427,"Running"
30234,"NIO-Worker",1419353404850905,66979,"R+"
30234,"NIO-Worker",1419353404917884,6615,"Running"
30234,"NIO-Worker",1419353404924499,42656,"S"
30234,"NIO-Worker",1419353404967155,12031,"R"
30234,"NIO-Worker",1419353404979186,65261,"Running"
30234,"NIO-Worker",1419353405044447,67812,"R+"
30234,"NIO-Worker",1419353405112259,8959,"Running"
30234,"NIO-Worker",1419353405121218,156,"S"
30234,"NIO-Worker",1419353405121374,80312,"R"
30234,"NIO-Worker",1419353405201686,306875,"Running"
30234,"NIO-Worker",1419353405508561,25417,"R+"
30234,"NIO-Worker",1419353405533978,655156,"Running"
30234,"NIO-Worker",1419353406189134,38282,"R"
30234,"NIO-Worker",1419353406227416,1883125,"Running"
30234,"NIO-Worker",1419353408110541,36302,"S"
30234,"NIO-Worker",1419353408146843,17760,"R"
30234,"NIO-Worker",1419353408164603,182188,"Running"
30234,"NIO-Worker",1419353408346791,55520,"R"
30234,"NIO-Worker",1419353408402311,54219,"Running"
30234,"NIO-Worker",1419353408456530,25417,"R+"
30234,"NIO-Worker",1419353408481947,120677,"Running"
30232,"nio-webserver-r",1419353408544968,57656,"R"
30232,"nio-webserver-r",1419353408602624,445156,"Running"
30234,"NIO-Worker",1419353408602624,410461666,"S"
30232,"nio-webserver-r",1419353409047780,38435313,"S"
30232,"nio-webserver-r",1419353447483093,21250,"R"
30232,"nio-webserver-r",1419353447504343,306406,"Running"
30232,"nio-webserver-r",1419353447810749,37812,"S"
30232,"nio-webserver-r",1419353447848561,73125,"R"
30232,"nio-webserver-r",1419353447921686,190417,"Running"
30232,"nio-webserver-r",1419353448112103,469844,"S"
30232,"nio-webserver-r",1419353448581947,58333,"R"
30232,"nio-webserver-r",1419353448640280,390000,"Running"
30285,"NIO-Worker",1419353448989343,19687,"R"
30285,"NIO-Worker",1419353449009030,351875,"Running"
30232,"nio-webserver-r",1419353449030280,6307448,"S"
30285,"NIO-Worker",1419353449360905,904323,"S"
30285,"NIO-Worker",1419353450265228,20521,"R"
30285,"NIO-Worker",1419353450285749,225417,"Running"
30285,"NIO-Worker",1419353450511166,10625,"S"
30285,"NIO-Worker",1419353450521791,9583,"Running"
30285,"NIO-Worker",1419353450531374,28542,"S"
30285,"NIO-Worker",1419353450559916,84531,"Running"
30285,"NIO-Worker",1419353450644447,73177,"R+"
30285,"NIO-Worker",1419353450717624,344062,"Running"
30285,"NIO-Worker",1419353451061686,132188,"S"
30285,"NIO-Worker",1419353451193874,18854,"R"
30285,"NIO-Worker",1419353451212728,24427,"Running"
30285,"NIO-Worker",1419353451237155,86875,"R+"
30285,"NIO-Worker",1419353451324030,4688,"Running"
30285,"NIO-Worker",1419353451328718,120156,"S"
30285,"NIO-Worker",1419353451448874,25000,"R"
30285,"NIO-Worker",1419353451473874,238594,"Running"
30285,"NIO-Worker",1419353451712468,280416,"S"
30285,"NIO-Worker",1419353451992884,18177,"R"
30285,"NIO-Worker",1419353452011061,21407,"Running"
30285,"NIO-Worker",1419353452032468,46041,"S"
30285,"NIO-Worker",1419353452078509,25677,"R"
30285,"NIO-Worker",1419353452104186,43438,"Running"
30285,"NIO-Worker",1419353452147624,39687,"S"
30285,"NIO-Worker",1419353452187311,38907,"R"
30285,"NIO-Worker",1419353452226218,2822760,"Running"
30285,"NIO-Worker",1419353455048978,32552,"S"
30285,"NIO-Worker",1419353455081530,43438,"R"
30285,"NIO-Worker",1419353455124968,260781,"Running"
30244,"nio-stream-prod",1419353455234655,29636,"R"
30244,"nio-stream-prod",1419353455264291,99427,"Running"
30232,"nio-webserver-r",1419353455337728,27240,"R"
30244,"nio-stream-prod",1419353455363718,117711562,"S"
30232,"nio-webserver-r",1419353455364968,203281,"Running"
30285,"NIO-Worker",1419353455385749,418524375,"S"
30232,"nio-webserver-r",1419353455568249,8542,"R+"
30232,"nio-webserver-r",1419353455576791,304895,"Running"
30232,"nio-webserver-r",1419353455881686,46580782,"S"
30232,"nio-webserver-r",1419353502462468,33698,"R"
30232,"nio-webserver-r",1419353502496166,173802,"Running"
30232,"nio-webserver-r",1419353502669968,219791,"S"
30232,"nio-webserver-r",1419353502889759,128334,"R"
30232,"nio-webserver-r",1419353503018093,38281,"Running"
30232,"nio-webserver-r",1419353503056374,80937,"S"
30232,"nio-webserver-r",1419353503137311,27657,"R"
30232,"nio-webserver-r",1419353503164968,219531,"Running"
30232,"nio-webserver-r",1419353503384499,377448,"S"
30232,"nio-webserver-r",1419353503761947,19739,"R"
30232,"nio-webserver-r",1419353503781686,370782,"Running"
30290,"NIO-Worker",1419353504108978,23438,"R"
30290,"NIO-Worker",1419353504132416,382239,"Running"
30232,"nio-webserver-r",1419353504152468,27031,"R"
30232,"nio-webserver-r",1419353504179499,10625,"Running"
30232,"nio-webserver-r",1419353504190124,40781,"R"
30232,"nio-webserver-r",1419353504230905,18229,"Running"
30232,"nio-webserver-r",1419353504249134,55990,"R+"
30232,"nio-webserver-r",1419353504305124,10573,"Running"
30232,"nio-webserver-r",1419353504315697,9932083,"S"
30290,"NIO-Worker",1419353504514655,4278438,"S"
30290,"NIO-Worker",1419353508793093,57031,"R"
30290,"NIO-Worker",1419353508850124,23750,"Running"
30290,"NIO-Worker",1419353508873874,14635,"R"
30290,"NIO-Worker",1419353508888509,227084,"Running"
30290,"NIO-Worker",1419353509115593,146250,"S"
30290,"NIO-Worker",1419353509261843,62656,"R"
30290,"NIO-Worker",1419353509324499,94323,"Running"
30290,"NIO-Worker",1419353509418822,22083,"S"
30290,"NIO-Worker",1419353509440905,21823,"Running"
30290,"NIO-Worker",1419353509462728,35781,"S"
30290,"NIO-Worker",1419353509498509,13334,"R"
30290,"NIO-Worker",1419353509511843,347656,"Running"
30290,"NIO-Worker",1419353509859499,178854,"S"
30290,"NIO-Worker",1419353510038353,59375,"R"
30290,"NIO-Worker",1419353510097728,34896,"Running"
30290,"NIO-Worker",1419353510132624,67760,"R+"
30290,"NIO-Worker",1419353510200384,6459,"Running"
30290,"NIO-Worker",1419353510206843,163385,"S"
30290,"NIO-Worker",1419353510370228,20052,"R"
30290,"NIO-Worker",1419353510390280,238698,"Running"
30290,"NIO-Worker",1419353510628978,296302,"S"
30290,"NIO-Worker",1419353510925280,17969,"R"
30290,"NIO-Worker",1419353510943249,43073,"Running"
30290,"NIO-Worker",1419353510986322,72083,"S"
30290,"NIO-Worker",1419353511058405,42292,"R"
30290,"NIO-Worker",1419353511100697,61875,"Running"
30290,"NIO-Worker",1419353511162572,54271,"S"
30290,"NIO-Worker",1419353511216843,28281,"R"
30290,"NIO-Worker",1419353511245124,2818750,"Running"
30290,"NIO-Worker",1419353514063874,44219,"R+"
30290,"NIO-Worker",1419353514108093,188281,"Running"
30232,"nio-webserver-r",1419353514247780,24167,"R"
30232,"nio-webserver-r",1419353514271947,442239,"Running"
30290,"NIO-Worker",1419353514296374,408238750,"S"
30232,"nio-webserver-r",1419353514714186,37764219,"S"
30232,"nio-webserver-r",1419353552478405,60886,"R"
30232,"nio-webserver-r",1419353552539291,132812,"Running"
30232,"nio-webserver-r",1419353552672103,98125,"S"
30232,"nio-webserver-r",1419353552770228,18281,"R"
30232,"nio-webserver-r",1419353552788509,5469,"Running"
30232,"nio-webserver-r",1419353552793978,174271,"S"
30232,"nio-webserver-r",1419353552968249,52187,"R"
30232,"nio-webserver-r",1419353553020436,202657,"Running"
30232,"nio-webserver-r",1419353553223093,211198,"S"
30232,"nio-webserver-r",1419353553434291,46093,"R"
30232,"nio-webserver-r",1419353553480384,327396,"Running"
30293,"NIO-Worker",1419353553776843,14323,"R"
30293,"NIO-Worker",1419353553791166,312343,"Running"
30232,"nio-webserver-r",1419353553807780,19376250,"S"
30293,"NIO-Worker",1419353554103509,13920938,"S"
30293,"NIO-Worker",1419353568024447,16302,"R"
30293,"NIO-Worker",1419353568040749,534948,"Running"
30293,"NIO-Worker",1419353568575697,175000,"S"
30293,"NIO-Worker",1419353568750697,23021,"R"
30293,"NIO-Worker",1419353568773718,65312,"Running"
30293,"NIO-Worker",1419353568839030,113594,"R+"
30293,"NIO-Worker",1419353568952624,30000,"Running"
30293,"NIO-Worker",1419353568982624,246094,"S"
30293,"NIO-Worker",1419353569228718,16093,"R"
30293,"NIO-Worker",1419353569244811,247813,"Running"
30293,"NIO-Worker",1419353569492624,159531,"R+"
30293,"NIO-Worker",1419353569652155,4479,"Running"
30293,"NIO-Worker",1419353569656634,90521,"S"
30293,"NIO-Worker",1419353569747155,15886,"R"
30293,"NIO-Worker",1419353569763041,30989,"Running"
30293,"NIO-Worker",1419353569794030,24219,"R+"
30293,"NIO-Worker",1419353569818249,18281,"Running"
30293,"NIO-Worker",1419353569836530,50729,"S"
30293,"NIO-Worker",1419353569887259,18490,"R"
30293,"NIO-Worker",1419353569905749,48073,"Running"
30293,"NIO-Worker",1419353569953822,65156,"S"
30293,"NIO-Worker",1419353570018978,25469,"R"
30293,"NIO-Worker",1419353570044447,2853594,"Running"
30293,"NIO-Worker",1419353572898041,21614,"S"
30293,"NIO-Worker",1419353572919655,41875,"R"
30293,"NIO-Worker",1419353572961530,268281,"Running"
30244,"nio-stream-prod",1419353573075280,39219,"R"
30244,"nio-stream-prod",1419353573114499,111823,"Running"
30232,"nio-webserver-r",1419353573184030,15156,"R"
30232,"nio-webserver-r",1419353573199186,482917,"Running"
30244,"nio-stream-prod",1419353573226322,96872187,"S"
30293,"NIO-Worker",1419353573229811,401867656,"S"
30232,"nio-webserver-r",1419353573682103,31099583,"S"
30232,"nio-webserver-r",1419353604781686,98282,"R"
30232,"nio-webserver-r",1419353604879968,151354,"Running"
30232,"nio-webserver-r",1419353605031322,189739,"S"
30232,"nio-webserver-r",1419353605221061,108594,"R"
30232,"nio-webserver-r",1419353605329655,208906,"Running"
30232,"nio-webserver-r",1419353605538561,707917,"S"
30232,"nio-webserver-r",1419353606246478,18021,"R"
30232,"nio-webserver-r",1419353606264499,106406,"Running"
30232,"nio-webserver-r",1419353606370905,37292,"R"
30232,"nio-webserver-r",1419353606408197,312708,"Running"
30295,"NIO-Worker",1419353606662155,29792,"R"
30295,"NIO-Worker",1419353606691947,439739,"Running"
30232,"nio-webserver-r",1419353606720905,8213542,"S"
30295,"NIO-Worker",1419353607131686,2741355,"S"
30295,"NIO-Worker",1419353609873041,69270,"R"
30295,"NIO-Worker",1419353609942311,255157,"Running"
30295,"NIO-Worker",1419353610197468,51041,"S"
30295,"NIO-Worker",1419353610248509,16094,"R"
30295,"NIO-Worker",1419353610264603,378021,"Running"
30295,"NIO-Worker",1419353610642624,138594,"S"
30295,"NIO-Worker",1419353610781218,34375,"R"
30295,"NIO-Worker",1419353610815593,37343,"Running"
30295,"NIO-Worker",1419353610852936,8907,"R+"
30295,"NIO-Worker",1419353610861843,4531,"Running"
30295,"NIO-Worker",1419353610866374,199792,"S"
30295,"NIO-Worker",1419353611066166,35520,"R"
30295,"NIO-Worker",1419353611101686,225730,"Running"
30295,"NIO-Worker",1419353611327416,27656,"R+"
30295,"NIO-Worker",1419353611355072,10521,"Running"
30295,"NIO-Worker",1419353611365593,293541,"S"
30295,"NIO-Worker",1419353611659134,16302,"R"
30295,"NIO-Worker",1419353611675436,33125,"Running"
30295,"NIO-Worker",1419353611708561,40261,"S"
30295,"NIO-Worker",1419353611748822,25052,"R"
30295,"NIO-Worker",1419353611773874,44323,"Running"
30295,"NIO-Worker",1419353611818197,56562,"R+"
30295,"NIO-Worker",1419353611874759,2893021,"Running"
30295,"NIO-Worker",1419353614767780,23594,"S"
30295,"NIO-Worker",1419353614791374,18854,"R"
30295,"NIO-Worker",1419353614810228,162813,"Running"
30232,"nio-webserver-r",1419353614934447,15469,"R"
30232,"nio-webserver-r",1419353614949916,398177,"Running"
30295,"NIO-Worker",1419353614973041,415148749,"S"
30232,"nio-webserver-r",1419353615348093,39871666,"S"
30232,"nio-webserver-r",1419353655219759,80365,"R"
30232,"nio-webserver-r",1419353655300124,131094,"Running"
30232,"nio-webserver-r",1419353655431218,27187,"S"
30232,"nio-webserver-r",1419353655458405,9219,"R"
30232,"nio-webserver-r",1419353655467624,4792,"Running"
30232,"nio-webserver-r",1419353655472416,94114,"S"
30232,"nio-webserver-r",1419353655566530,21823,"R"
30232,"nio-webserver-r",1419353655588353,10469,"Running"
30232,"nio-webserver-r",1419353655598822,20052,"R+"
30232,"nio-webserver-r",1419353655618874,162604,"Running"
30232,"nio-webserver-r",1419353655781478,571615,"S"
30232,"nio-webserver-r",1419353656353093,52604,"R"
30232,"nio-webserver-r",1419353656405697,527239,"Running"
30232,"nio-webserver-r",1419353656932936,37344,"R"
30232,"nio-webserver-r",1419353656970280,1001563,"Running"
30296,"NIO-Worker",1419353657912468,39843,"R"
30296,"NIO-Worker",1419353657952311,396511,"Running"
30232,"nio-webserver-r",1419353657971843,12227968,"S"
30296,"NIO-Worker",1419353658348822,6348489,"S"
30296,"NIO-Worker",1419353664697311,26823,"R"
30296,"NIO-Worker",1419353664724134,578750,"Running"
30296,"NIO-Worker",1419353665302884,20834,"R+"
30296,"NIO-Worker",1419353665323718,4843,"Running"
30296,"NIO-Worker",1419353665328561,103750,"S"
30296,"NIO-Worker",1419353665432311,18073,"R"
30296,"NIO-Worker",1419353665450384,65209,"Running"
30296,"NIO-Worker",1419353665515593,241406,"S"
30296,"NIO-Worker",1419353665756999,20156,"R"
30296,"NIO-Worker",1419353665777155,229792,"Running"
30296,"NIO-Worker",1419353666006947,255989,"S"
30296,"NIO-Worker",1419353666262936,30469,"R"
30296,"NIO-Worker",1419353666293405,42761,"Running"
30296,"NIO-Worker",1419353666336166,398958,"S"
30296,"NIO-Worker",1419353666735124,45781,"R"
30296,"NIO-Worker",1419353666780905,55313,"Running"
30296,"NIO-Worker",1419353666836218,53593,"S"
30296,"NIO-Worker",1419353666889811,15000,"R"
30296,"NIO-Worker",1419353666904811,351407,"Running"
30296,"NIO-Worker",1419353667256218,184531,"R"
30296,"NIO-Worker",1419353667440749,2495417,"Running"
30296,"NIO-Worker",1419353669936166,27864,"S"
30296,"NIO-Worker",1419353669964030,25625,"R"
30296,"NIO-Worker",1419353669989655,251406,"Running"
30244,"nio-stream-prod",1419353670098509,23334,"R"
30244,"nio-stream-prod",1419353670121843,106823,"Running"
30232,"nio-webserver-r",1419353670199811,28855,"R"
30232,"nio-webserver-r",1419353670228666,216927,"Running"
30244,"nio-stream-prod",1419353670228666,111714687,"S"
30296,"NIO-Worker",1419353670241061,411896354,"S"
30232,"nio-webserver-r",1419353670445593,11198,"R+"
30232,"nio-webserver-r",1419353670456791,296770,"Running"
30232,"nio-webserver-r",1419353670753561,39147657,"S"
30232,"nio-webserver-r",1419353709901218,99166,"R"
30232,"nio-webserver-r",1419353710000384,274219,"Running"
30232,"nio-webserver-r",1419353710274603,19844,"S"
30232,"nio-webserver-r",1419353710294447,117500,"R"
30232,"nio-webserver-r",1419353710411947,203750,"Running"
30232,"nio-webserver-r",1419353710615697,403281,"S"
30232,"nio-webserver-r",1419353711018978,65781,"R"
30232,"nio-webserver-r",1419353711084759,353802,"Running"
30299,"NIO-Worker",1419353711402415,13178,"R"
30299,"NIO-Worker",1419353711415593,362968,"Running"
30232,"nio-webserver-r",1419353711438561,21630625,"S"
30299,"NIO-Worker",1419353711778561,16445782,"S"
30299,"NIO-Worker",1419353728224343,17812,"R"
30299,"NIO-Worker",1419353728242155,488125,"Running"
30299,"NIO-Worker",1419353728730280,217760,"S"
30299,"NIO-Worker",1419353728948040,18021,"R"
30299,"NIO-Worker",1419353728966061,40625,"Running"
30299,"NIO-Worker",1419353729006686,266875,"R+"
30299,"NIO-Worker",1419353729273561,241250,"Running"
30299,"NIO-Worker",1419353729514811,286407,"S"
30299,"NIO-Worker",1419353729801218,9947,"R"
30299,"NIO-Worker",1419353729811165,17500,"Running"
30299,"NIO-Worker",1419353729828665,37396,"S"
30299,"NIO-Worker",1419353729866061,23282,"R"
30299,"NIO-Worker",1419353729889343,55312,"Running"
30299,"NIO-Worker",1419353729944655,71510,"S"
30299,"NIO-Worker",1419353730016165,17813,"R"
30299,"NIO-Worker",1419353730033978,2768594,"Running"
30299,"NIO-Worker",1419353732802572,67656,"S"
30299,"NIO-Worker",1419353732870228,22865,"R"
30299,"NIO-Worker",1419353732893093,219947,"Running"
30232,"nio-webserver-r",1419353733069186,25886,"R"
30232,"nio-webserver-r",1419353733095072,410833,"Running"
30299,"NIO-Worker",1419353733113040,402980521,"S"
30232,"nio-webserver-r",1419353733505905,29517760,"S"
30232,"nio-webserver-r",1419353763023665,47865,"R"
30232,"nio-webserver-r",1419353763071530,128385,"Running"
30232,"nio-webserver-r",1419353763199915,57188,"S"
30232,"nio-webserver-r",1419353763257103,24375,"R"
30232,"nio-webserver-r",1419353763281478,5052,"Running"
30232,"nio-webserver-r",1419353763286530,52604,"S"
30232,"nio-webserver-r",1419353763339134,31615,"R"
30232,"nio-webserver-r",1419353763370749,220416,"Running"
30232,"nio-webserver-r",1419353763591165,464740,"S"
30232,"nio-webserver-r",1419353764055905,55469,"R"
30232,"nio-webserver-r",1419353764111374,283281,"Running"
30232,"nio-webserver-r",1419353764394655,53281,"R"
30232,"nio-webserver-r",1419353764447936,301563,"Running"
30300,"NIO-Worker",1419353764688040,21615,"R"
30300,"NIO-Worker",1419353764709655,165156,"Running"
30232,"nio-webserver-r",1419353764749499,17282500,"S"
30300,"NIO-Worker",1419353764874811,50469,"R"
30300,"NIO-Worker",1419353764925280,266719,"Running"
30300,"NIO-Worker",1419353765191999,11646250,"S"
30300,"NIO-Worker",1419353776838249,43854,"R"
30300,"NIO-Worker",1419353776882103,620677,"Running"
30300,"NIO-Worker",1419353777502780,143073,"S"
30300,"NIO-Worker",1419353777645853,24740,"R"
30300,"NIO-Worker",1419353777670593,27031,"Running"
30300,"NIO-Worker",1419353777697624,113750,"R+"
30300,"NIO-Worker",1419353777811374,5781,"Running"
30300,"NIO-Worker",1419353777817155,113906,"S"
30300,"NIO-Worker",1419353777931061,17500,"R"
30300,"NIO-Worker",1419353777948561,243073,"Running"
30300,"NIO-Worker",1419353778191634,273177,"S"
30300,"NIO-Worker",1419353778464811,63542,"R"
30300,"NIO-Worker",1419353778528353,23958,"Running"
30300,"NIO-Worker",1419353778552311,66250,"S"
30300,"NIO-Worker",1419353778618561,19167,"R"
30300,"NIO-Worker",1419353778637728,73125,"Running"
30300,"NIO-Worker",1419353778710853,40365,"S"
30300,"NIO-Worker",1419353778751218,29843,"R"
30300,"NIO-Worker",1419353778781061,2128282,"Running"
30300,"NIO-Worker",1419353780909343,108906,"R"
30300,"NIO-Worker",1419353781018249,769948,"Running"
30300,"NIO-Worker",1419353781788197,41458,"R+"
30300,"NIO-Worker",1419353781829655,253906,"Running"
30244,"nio-stream-prod",1419353781943353,16302,"R"
30244,"nio-stream-prod",1419353781959655,92031,"Running"
30232,"nio-webserver-r",1419353782031999,52812,"R"
30244,"nio-stream-prod",1419353782051686,98436563,"S"
30300,"NIO-Worker",1419353782083561,407916250,"S"
30232,"nio-webserver-r",1419353782084811,327292,"Running"
30232,"nio-webserver-r",1419353782412103,100208,"R+"
30232,"nio-webserver-r",1419353782512311,275469,"Running"
30232,"nio-webserver-r",1419353782787780,34843385,"S"
30232,"nio-webserver-r",1419353817631165,31146,"R"
30232,"nio-webserver-r",1419353817662311,240261,"Running"
30232,"nio-webserver-r",1419353817902572,233281,"S"
30232,"nio-webserver-r",1419353818135853,46615,"R"
30232,"nio-webserver-r",1419353818182468,193125,"Running"
30232,"nio-webserver-r",1419353818375593,321562,"S"
30232,"nio-webserver-r",1419353818697155,62135,"R"
30232,"nio-webserver-r",1419353818759290,346928,"Running"
30234,"NIO-Worker",1419353819064290,21875,"R"
30234,"NIO-Worker",1419353819086165,353334,"Running"
30232,"nio-webserver-r",1419353819106218,11044635,"S"
30234,"NIO-Worker",1419353819439499,5578750,"S"
30234,"NIO-Worker",1419353825018249,64219,"R"
30234,"NIO-Worker",1419353825082468,239687,"Running"
30234,"NIO-Worker",1419353825322155,20469,"S"
30234,"NIO-Worker",1419353825342624,257291,"Running"
30234,"NIO-Worker",1419353825599915,98021,"R"
30234,"NIO-Worker",1419353825697936,66094,"Running"
30234,"NIO-Worker",1419353825764030,133594,"S"
30234,"NIO-Worker",1419353825897624,18906,"R"
30234,"NIO-Worker",1419353825916530,30781,"Running"
30234,"NIO-Worker",1419353825947311,60625,"R+"
30234,"NIO-Worker",1419353826007936,5000,"Running"
30234,"NIO-Worker",1419353826012936,127969,"S"
30234,"NIO-Worker",1419353826140905,13750,"R"
30234,"NIO-Worker",1419353826154655,212344,"Running"
30234,"NIO-Worker",1419353826366999,101094,"R+"
30234,"NIO-Worker",1419353826468093,4218,"Running"
30234,"NIO-Worker",1419353826472311,191198,"S"
30234,"NIO-Worker",1419353826663509,62709,"R"
30234,"NIO-Worker",1419353826726218,21718,"Running"
30234,"NIO-Worker",1419353826747936,66875,"S"
30234,"NIO-Worker",1419353826814811,16563,"R"
30234,"NIO-Worker",1419353826831374,57969,"Running"
30234,"NIO-Worker",1419353826889343,67187,"S"
30234,"NIO-Worker",1419353826956530,19531,"R"
30234,"NIO-Worker",1419353826976061,2884792,"Running"
30234,"NIO-Worker",1419353829860853,46458,"R+"
30234,"NIO-Worker",1419353829907311,306563,"Running"
30232,"nio-webserver-r",1419353830150853,22396,"R"
30232,"nio-webserver-r",1419353830173249,219635,"Running"
30234,"NIO-Worker",1419353830213874,414106093,"S"
30232,"nio-webserver-r",1419353830392884,97813,"R+"
30232,"nio-webserver-r",1419353830490697,267708,"Running"
30232,"nio-webserver-r",1419353830758405,40131354,"S"
30232,"nio-webserver-r",1419353870889759,63177,"R"
30232,"nio-webserver-r",1419353870952936,17188,"Running"
30232,"nio-webserver-r",1419353870970124,1593750,"S"
30232,"nio-webserver-r",1419353872563874,63698,"R"
30232,"nio-webserver-r",1419353872627572,349427,"Running"
30232,"nio-webserver-r",1419353872976999,23437,"R+"
30232,"nio-webserver-r",1419353873000436,22136,"Running"
30232,"nio-webserver-r",1419353873022572,6250,"S"
30232,"nio-webserver-r",1419353873028822,6562,"R"
30232,"nio-webserver-r",1419353873035384,5209,"Running"
30232,"nio-webserver-r",1419353873040593,40156,"S"
30232,"nio-webserver-r",1419353873080749,18906,"R"
30232,"nio-webserver-r",1419353873099655,49167,"Running"
30232,"nio-webserver-r",1419353873148822,8177,"R+"
30232,"nio-webserver-r",1419353873156999,790885,"Running"
30285,"NIO-Worker",1419353873910124,17291,"R"
30285,"NIO-Worker",1419353873927415,729271,"Running"
30232,"nio-webserver-r",1419353873947884,6690938,"S"
30285,"NIO-Worker",1419353874656686,27604,"R+"
30285,"NIO-Worker",1419353874684290,68021,"Running"
30285,"NIO-Worker",1419353874752311,59063,"R"
30285,"NIO-Worker",1419353874811374,288229,"Running"
30285,"NIO-Worker",1419353875099603,25833,"R"
30285,"NIO-Worker",1419353875125436,119323,"Running"
30285,"NIO-Worker",1419353875244759,163334,"S"
30285,"NIO-Worker",1419353875408093,21250,"R"
30285,"NIO-Worker",1419353875429343,40625,"Running"
30285,"NIO-Worker",1419353875469968,230468,"R+"
30285,"NIO-Worker",1419353875700436,87813,"Running"
30285,"NIO-Worker",1419353875788249,215781,"R"
30285,"NIO-Worker",1419353876004030,374531,"Running"
30285,"NIO-Worker",1419353876378561,276198,"S"
30285,"NIO-Worker",1419353876654759,15677,"R"
30285,"NIO-Worker",1419353876670436,19219,"Running"
30285,"NIO-Worker",1419353876689655,216198,"S"
30285,"NIO-Worker",1419353876905853,29583,"R"
30285,"NIO-Worker",1419353876935436,55886,"Running"
30285,"NIO-Worker",1419353876991322,49114,"S"
30285,"NIO-Worker",1419353877040436,18907,"R"
30285,"NIO-Worker",1419353877059343,2862656,"Running"
30285,"NIO-Worker",1419353879921999,66354,"R+"
30285,"NIO-Worker",1419353879988353,687708,"Running"
30244,"nio-stream-prod",1419353880488249,18594,"R"
30244,"nio-stream-prod",1419353880506843,153750,"Running"
30232,"nio-webserver-r",1419353880638822,14843,"R"
30232,"nio-webserver-r",1419353880653665,294063,"Running"
30244,"nio-stream-prod",1419353880660593,100620104,"S"
30285,"NIO-Worker",1419353880676061,415166511,"S"
30232,"nio-webserver-r",1419353880947728,70521,"R"
30232,"nio-webserver-r",1419353881018249,358906,"Running"
30232,"nio-webserver-r",1419353881377155,20156,"R+"
30232,"nio-webserver-r",1419353881397311,88125,"Running"
30232,"nio-webserver-r",1419353881485436,39678073,"S"
30232,"nio-webserver-r",1419353921163509,59688,"R"
30232,"nio-webserver-r",1419353921223197,107083,"Running"
30232,"nio-webserver-r",1419353921330280,103906,"S"
30232,"nio-webserver-r",1419353921434186,37188,"R"
30232,"nio-webserver-r",1419353921471374,157031,"Running"
30232,"nio-webserver-r",1419353921628405,28073,"R"
30232,"nio-webserver-r",1419353921656478,51458,"Running"
30232,"nio-webserver-r",1419353921707936,458386,"S"
30232,"nio-webserver-r",1419353922166322,66406,"R"
30232,"nio-webserver-r",1419353922232728,410208,"Running"
30290,"NIO-Worker",1419353922535124,107812,"R"
30232,"nio-webserver-r",1419353922642936,9109063,"S"
30290,"NIO-Worker",1419353922642936,9063,"Running"
30290,"NIO-Worker",1419353922651999,5260,"R"
30290,"NIO-Worker",1419353922657259,379740,"Running"
30290,"NIO-Worker",1419353923036999,4029218,"S"
30290,"NIO-Worker",1419353927066217,71250,"R"
30290,"NIO-Worker",1419353927137467,220938,"Running"
30290,"NIO-Worker",1419353927358405,17187,"S"
30290,"NIO-Worker",1419353927375592,290938,"Running"
30290,"NIO-Worker",1419353927666530,163594,"S"
30290,"NIO-Worker",1419353927830124,15729,"R"
30290,"NIO-Worker",1419353927845853,25677,"Running"
30290,"NIO-Worker",1419353927871530,31198,"R+"
30290,"NIO-Worker",1419353927902728,4739,"Running"
30290,"NIO-Worker",1419353927907467,176250,"S"
30290,"NIO-Worker",1419353928083717,14011,"R"
30290,"NIO-Worker",1419353928097728,192812,"Running"
30290,"NIO-Worker",1419353928290540,284688,"S"
30290,"NIO-Worker",1419353928575228,14219,"R"
30290,"NIO-Worker",1419353928589447,19687,"Running"
30290,"NIO-Worker",1419353928609134,61875,"S"
30290,"NIO-Worker",1419353928671009,14427,"R"
30290,"NIO-Worker",1419353928685436,49844,"Running"
30290,"NIO-Worker",1419353928735280,62656,"S"
30290,"NIO-Worker",1419353928797936,21979,"R"
30290,"NIO-Worker",1419353928819915,2764740,"Running"
30290,"NIO-Worker",1419353931584655,24844,"S"
30290,"NIO-Worker",1419353931609499,13593,"R"
30290,"NIO-Worker",1419353931623092,179688,"Running"
30232,"nio-webserver-r",1419353931751999,51875,"R"
30290,"NIO-Worker",1419353931802780,414333750,"S"
30232,"nio-webserver-r",1419353931803874,565781,"Running"
30232,"nio-webserver-r",1419353932369655,41209010,"S"
30232,"nio-webserver-r",1419353973578665,72396,"R"
30232,"nio-webserver-r",1419353973651061,137813,"Running"
30232,"nio-webserver-r",1419353973788874,96406,"S"
30232,"nio-webserver-r",1419353973885280,106406,"R"
30232,"nio-webserver-r",1419353973991686,184531,"Running"
30232,"nio-webserver-r",1419353974176217,575782,"S"
30232,"nio-webserver-r",1419353974751999,50312,"R"
30232,"nio-webserver-r",1419353974802311,369792,"Running"
30293,"NIO-Worker",1419353975097467,111042,"R"
30232,"nio-webserver-r",1419353975172103,6200000,"S"
30293,"NIO-Worker",1419353975208509,210365,"Running"
30293,"NIO-Worker",1419353975418874,261354,"R"
30293,"NIO-Worker",1419353975680228,156302,"Running"
30293,"NIO-Worker",1419353975836530,703906,"S"
30293,"NIO-Worker",1419353976540436,39219,"R"
30293,"NIO-Worker",1419353976579655,43229,"Running"
30293,"NIO-Worker",1419353976622884,469,"S"
30293,"NIO-Worker",1419353976623353,33489,"R"
30293,"NIO-Worker",1419353976656842,475261,"Running"
30293,"NIO-Worker",1419353977132103,125677,"S"
30293,"NIO-Worker",1419353977257780,15260,"R"
30293,"NIO-Worker",1419353977273040,38334,"Running"
30293,"NIO-Worker",1419353977311374,233698,"R+"
30293,"NIO-Worker",1419353977545072,202239,"Running"
30293,"NIO-Worker",1419353977747311,70313,"R+"
30293,"NIO-Worker",1419353977817624,4687,"Running"
30293,"NIO-Worker",1419353977822311,178438,"S"
30293,"NIO-Worker",1419353978000749,33125,"R"
30293,"NIO-Worker",1419353978033874,31666,"Running"
30293,"NIO-Worker",1419353978065540,47969,"S"
30293,"NIO-Worker",1419353978113509,18802,"R"
30293,"NIO-Worker",1419353978132311,44844,"Running"
30293,"NIO-Worker",1419353978177155,63698,"S"
30293,"NIO-Worker",1419353978240853,18489,"R"
30293,"NIO-Worker",1419353978259342,2630000,"Running"
30293,"NIO-Worker",1419353980889342,67969,"R"
30293,"NIO-Worker",1419353980957311,178229,"Running"
30293,"NIO-Worker",1419353981135540,34584,"S"
30293,"NIO-Worker",1419353981170124,15312,"R"
30293,"NIO-Worker",1419353981185436,220156,"Running"
30244,"nio-stream-prod",1419353981280697,14062,"R"
30244,"nio-stream-prod",1419353981294759,92708,"Running"
30232,"nio-webserver-r",1419353981372103,18594,"R"
30244,"nio-stream-prod",1419353981387467,117934063,"S"
30232,"nio-webserver-r",1419353981390697,171875,"Running"
30293,"NIO-Worker",1419353981405592,419649636,"S"
30232,"nio-webserver-r",1419353981562572,80833,"R+"
30232,"nio-webserver-r",1419353981643405,211250,"Running"
30232,"nio-webserver-r",1419353981854655,46825729,"S"
30232,"nio-webserver-r",1419354028680384,67813,"R"
30232,"nio-webserver-r",1419354028748197,283750,"Running"
30232,"nio-webserver-r",1419354029031947,40677,"S"
30232,"nio-webserver-r",1419354029072624,50781,"R"
30232,"nio-webserver-r",1419354029123405,196562,"Running"
30232,"nio-webserver-r",1419354029319967,451250,"S"
30232,"nio-webserver-r",1419354029771217,55313,"R"
30232,"nio-webserver-r",1419354029826530,337500,"Running"
30295,"NIO-Worker",1419354030121790,28334,"R"
30295,"NIO-Worker",1419354030150124,460729,"Running"
30232,"nio-webserver-r",1419354030164030,5848073,"S"
30295,"NIO-Worker",1419354030610853,727656,"S"
30295,"NIO-Worker",1419354031338509,14583,"R"
30295,"NIO-Worker",1419354031353092,213907,"Running"
30295,"NIO-Worker",1419354031566999,16250,"S"
30295,"NIO-Worker",1419354031583249,23854,"Running"
30295,"NIO-Worker",1419354031607103,17187,"S"
30295,"NIO-Worker",1419354031624290,235938,"Running"
30295,"NIO-Worker",1419354031860228,129531,"S"
30295,"NIO-Worker",1419354031989759,17240,"R"
30295,"NIO-Worker",1419354032006999,46562,"Running"
30295,"NIO-Worker",1419354032053561,224792,"S"
30295,"NIO-Worker",1419354032278353,18437,"R"
30295,"NIO-Worker",1419354032296790,223907,"Running"
30295,"NIO-Worker",1419354032520697,280156,"S"
30295,"NIO-Worker",1419354032800853,42812,"R"
30295,"NIO-Worker",1419354032843665,30938,"Running"
30295,"NIO-Worker",1419354032874603,47969,"S"
30295,"NIO-Worker",1419354032922572,14895,"R"
30295,"NIO-Worker",1419354032937467,67969,"Running"
30295,"NIO-Worker",1419354033005436,272656,"R+"
30295,"NIO-Worker",1419354033278092,34375,"Running"
30295,"NIO-Worker",1419354033312467,11198,"R"
30295,"NIO-Worker",1419354033323665,681094,"Running"
30295,"NIO-Worker",1419354034004759,61458,"R+"
30295,"NIO-Worker",1419354034066217,1710625,"Running"
30295,"NIO-Worker",1419354035776842,81198,"R+"
30295,"NIO-Worker",1419354035858040,193021,"Running"
30232,"nio-webserver-r",1419354036012103,38958,"R"
30232,"nio-webserver-r",1419354036051061,220156,"Running"
30295,"NIO-Worker",1419354036051061,418065260,"S"
30232,"nio-webserver-r",1419354036271217,33282,"R+"
30232,"nio-webserver-r",1419354036304499,215729,"Running"
30232,"nio-webserver-r",1419354036520228,44110677,"S"
30232,"nio-webserver-r",1419354080630905,103437,"R"
30232,"nio-webserver-r",1419354080734342,158855,"Running"
30232,"nio-webserver-r",1419354080893197,222708,"S"
30232,"nio-webserver-r",1419354081115905,57031,"R"
30232,"nio-webserver-r",1419354081172936,194531,"Running"
30232,"nio-webserver-r",1419354081367467,415417,"S"
30232,"nio-webserver-r",1419354081782884,29271,"R"
30232,"nio-webserver-r",1419354081812155,367135,"Running"
30296,"NIO-Worker",1419354082137415,18802,"R"
30296,"NIO-Worker",1419354082156217,376667,"Running"
30232,"nio-webserver-r",1419354082179290,17244584,"S"
30296,"NIO-Worker",1419354082532884,11333750,"S"
30296,"NIO-Worker",1419354093866634,16927,"R"
30296,"NIO-Worker",1419354093883561,606406,"Running"
30296,"NIO-Worker",1419354094489967,117605,"R+"
30296,"NIO-Worker",1419354094607572,12395,"Running"
30296,"NIO-Worker",1419354094619967,133907,"S"
30296,"NIO-Worker",1419354094753874,34479,"R"
30296,"NIO-Worker",1419354094788353,33750,"Running"
30296,"NIO-Worker",1419354094822103,33177,"R+"
30296,"NIO-Worker",1419354094855280,6875,"Running"
30296,"NIO-Worker",1419354094862155,291562,"S"
30296,"NIO-Worker",1419354095153717,29011,"R"
30296,"NIO-Worker",1419354095182728,272239,"Running"
30296,"NIO-Worker",1419354095454967,302448,"S"
30296,"NIO-Worker",1419354095757415,77084,"R"
30296,"NIO-Worker",1419354095834499,30260,"Running"
30296,"NIO-Worker",1419354095864759,59583,"S"
30296,"NIO-Worker",1419354095924342,30105,"R"
30296,"NIO-Worker",1419354095954447,60364,"Running"
30296,"NIO-Worker",1419354096014811,50469,"S"
30296,"NIO-Worker",1419354096065280,25625,"R"
30296,"NIO-Worker",1419354096090905,776250,"Running"
30296,"NIO-Worker",1419354096867155,21354,"R"
30296,"NIO-Worker",1419354096888509,694740,"Running"
30296,"NIO-Worker",1419354097583249,5625,"R"
30296,"NIO-Worker",1419354097588874,32448,"Running"
30296,"NIO-Worker",1419354097621322,93333,"R+"
30296,"NIO-Worker",1419354097714655,1432500,"Running"
30296,"NIO-Worker",1419354099147155,33125,"S"
30296,"NIO-Worker",1419354099180280,20469,"R"
30296,"NIO-Worker",1419354099200749,270156,"Running"
30244,"nio-stream-prod",1419354099321530,21562,"R"
30244,"nio-stream-prod",1419354099343092,127605,"Running"
30232,"nio-webserver-r",1419354099423874,17812,"R"
30232,"nio-webserver-r",1419354099441686,91875,"Running"
30244,"nio-stream-prod",1419354099470697,99739062,"S"
30296,"NIO-Worker",1419354099470905,409496094,"S"
30232,"nio-webserver-r",1419354099533561,10313,"R"
30232,"nio-webserver-r",1419354099543874,173750,"Running"
30232,"nio-webserver-r",1419354099717624,163854,"R+"
30232,"nio-webserver-r",1419354099881478,291250,"Running"
30232,"nio-webserver-r",1419354100172728,34346406,"S"
30232,"nio-webserver-r",1419354134519134,46927,"R"
30232,"nio-webserver-r",1419354134566061,267813,"Running"
30232,"nio-webserver-r",1419354134833874,12343,"S"
30232,"nio-webserver-r",1419354134846217,55105,"R"
30232,"nio-webserver-r",1419354134901322,187343,"Running"
30232,"nio-webserver-r",1419354135088665,684740,"S"
30232,"nio-webserver-r",1419354135773405,66667,"R"
30232,"nio-webserver-r",1419354135840072,290364,"Running"
30299,"NIO-Worker",1419354136093561,36875,"R"
30232,"nio-webserver-r",1419354136130436,10018438,"S"
30299,"NIO-Worker",1419354136130436,65313,"Running"
30299,"NIO-Worker",1419354136195749,34218,"R+"
30299,"NIO-Worker",1419354136229967,330000,"Running"
30299,"NIO-Worker",1419354136559967,3676563,"S"
30299,"NIO-Worker",1419354140236530,16250,"R"
30299,"NIO-Worker",1419354140252780,229062,"Running"
30299,"NIO-Worker",1419354140481842,9844,"S"
30299,"NIO-Worker",1419354140491686,26094,"R"
30299,"NIO-Worker",1419354140517780,391406,"Running"
30299,"NIO-Worker",1419354140909186,23854,"R+"
30299,"NIO-Worker",1419354140933040,96459,"Running"
30299,"NIO-Worker",1419354141029499,143281,"S"
30299,"NIO-Worker",1419354141172780,23229,"R"
30299,"NIO-Worker",1419354141196009,340781,"Running"
30299,"NIO-Worker",1419354141536790,87500,"R+"
30299,"NIO-Worker",1419354141624290,5365,"Running"
30299,"NIO-Worker",1419354141629655,283281,"S"
30299,"NIO-Worker",1419354141912936,72031,"R"
30299,"NIO-Worker",1419354141984967,353750,"Running"
30299,"NIO-Worker",1419354142338717,481563,"S"
30299,"NIO-Worker",1419354142820280,31198,"R"
30299,"NIO-Worker",1419354142851478,48489,"Running"
30299,"NIO-Worker",1419354142899967,69948,"S"
30299,"NIO-Worker",1419354142969915,18021,"R"
30299,"NIO-Worker",1419354142987936,55156,"Running"
30299,"NIO-Worker",1419354143043092,71042,"S"
30299,"NIO-Worker",1419354143114134,17396,"R"
30299,"NIO-Worker",1419354143131530,2794635,"Running"
30299,"NIO-Worker",1419354145926165,38438,"S"
30299,"NIO-Worker",1419354145964603,28958,"R"
30299,"NIO-Worker",1419354145993561,195729,"Running"
30232,"nio-webserver-r",1419354146148874,13854,"R"
30232,"nio-webserver-r",1419354146162728,208021,"Running"
30299,"NIO-Worker",1419354146189290,417668333,"S"
30232,"nio-webserver-r",1419354146370749,11406,"R+"
30232,"nio-webserver-r",1419354146382155,244062,"Running"
30232,"nio-webserver-r",1419354146626217,41897500,"S"
30232,"nio-webserver-r",1419354188523717,44063,"R"
30232,"nio-webserver-r",1419354188567780,135729,"Running"
30232,"nio-webserver-r",1419354188703509,59688,"S"
30232,"nio-webserver-r",1419354188763197,13645,"R"
30232,"nio-webserver-r",1419354188776842,6667,"Running"
30232,"nio-webserver-r",1419354188783509,197656,"S"
30232,"nio-webserver-r",1419354188981165,25521,"R"
30232,"nio-webserver-r",1419354189006686,208750,"Running"
30232,"nio-webserver-r",1419354189215436,398125,"S"
30232,"nio-webserver-r",1419354189613561,60781,"R"
30232,"nio-webserver-r",1419354189674342,363542,"Running"
30300,"NIO-Worker",1419354189999811,15469,"R"
30300,"NIO-Worker",1419354190015280,469323,"Running"
30232,"nio-webserver-r",1419354190037884,9350052,"S"
30300,"NIO-Worker",1419354190484603,3926458,"S"
30300,"NIO-Worker",1419354194411061,14531,"R"
30300,"NIO-Worker",1419354194425592,570782,"Running"
30300,"NIO-Worker",1419354194996374,143906,"S"
30300,"NIO-Worker",1419354195140280,22656,"R"
30300,"NIO-Worker",1419354195162936,32969,"Running"
30300,"NIO-Worker",1419354195195905,70781,"R+"
30300,"NIO-Worker",1419354195266686,5625,"Running"
30300,"NIO-Worker",1419354195272311,134323,"S"
30300,"NIO-Worker",1419354195406634,16146,"R"
30300,"NIO-Worker",1419354195422780,232812,"Running"
30300,"NIO-Worker",1419354195655592,394323,"S"
30300,"NIO-Worker",1419354196049915,14740,"R"
30300,"NIO-Worker",1419354196064655,20312,"Running"
30300,"NIO-Worker",1419354196084967,48855,"S"
30300,"NIO-Worker",1419354196133822,15156,"R"
30300,"NIO-Worker",1419354196148978,47656,"Running"
30300,"NIO-Worker",1419354196196634,51094,"S"
30300,"NIO-Worker",1419354196247728,13802,"R"
30300,"NIO-Worker",1419354196261530,2798906,"Running"
30300,"NIO-Worker",1419354199060436,19844,"S"
30300,"NIO-Worker",1419354199080280,14792,"R"
30300,"NIO-Worker",1419354199095072,330364,"Running"
30244,"nio-stream-prod",1419354199209759,14063,"R"
30244,"nio-stream-prod",1419354199223822,96145,"Running"
30244,"nio-stream-prod",1419354199319967,113683125,"S"
30232,"nio-webserver-r",1419354199387936,15625,"R"
30232,"nio-webserver-r",1419354199403561,255469,"Running"
30300,"NIO-Worker",1419354199425436,419216406,"S"
30232,"nio-webserver-r",1419354199659030,46875,"R+"
30232,"nio-webserver-r",1419354199705905,310937,"Running"
30232,"nio-webserver-r",1419354200016842,42885730,"S"
30232,"nio-webserver-r",1419354242902572,75364,"R"
30232,"nio-webserver-r",1419354242977936,152344,"Running"
30232,"nio-webserver-r",1419354243130280,16094,"S"
30232,"nio-webserver-r",1419354243146374,36979,"R"
30232,"nio-webserver-r",1419354243183353,187083,"Running"
30232,"nio-webserver-r",1419354243370436,564531,"S"
30232,"nio-webserver-r",1419354243934967,52032,"R"
30232,"nio-webserver-r",1419354243986999,379062,"Running"
30234,"NIO-Worker",1419354244319967,27136,"R"
30234,"NIO-Worker",1419354244347103,364896,"Running"
30232,"nio-webserver-r",1419354244366061,17584636,"S"
30234,"NIO-Worker",1419354244711999,11764531,"S"
30234,"NIO-Worker",1419354256476530,14635,"R"
30234,"NIO-Worker",1419354256491165,231250,"Running"
30234,"NIO-Worker",1419354256722415,39115,"S"
30234,"NIO-Worker",1419354256761530,37500,"R"
30234,"NIO-Worker",1419354256799030,80937,"Running"
30234,"NIO-Worker",1419354256879967,16719,"R"
30234,"NIO-Worker",1419354256896686,371042,"Running"
30234,"NIO-Worker",1419354257267728,36562,"R+"
30234,"NIO-Worker",1419354257304290,10209,"Running"
30234,"NIO-Worker",1419354257314499,138906,"S"
30234,"NIO-Worker",1419354257453405,19844,"R"
30234,"NIO-Worker",1419354257473249,51406,"Running"
30234,"NIO-Worker",1419354257524655,15000,"R+"
30234,"NIO-Worker",1419354257539655,11354,"Running"
30234,"NIO-Worker",1419354257551009,202031,"S"
30234,"NIO-Worker",1419354257753040,23438,"R"
30234,"NIO-Worker",1419354257776478,129531,"Running"
30234,"NIO-Worker",1419354257906009,6563,"R"
30234,"NIO-Worker",1419354257912572,14895,"Running"
30234,"NIO-Worker",1419354257927467,295417,"R"
30234,"NIO-Worker",1419354258222884,101094,"Running"
30234,"NIO-Worker",1419354258323978,307552,"S"
30234,"NIO-Worker",1419354258631530,16719,"R"
30234,"NIO-Worker",1419354258648249,19218,"Running"
30234,"NIO-Worker",1419354258667467,56875,"S"
30234,"NIO-Worker",1419354258724342,110417,"R"
30234,"NIO-Worker",1419354258834759,51927,"Running"
30234,"NIO-Worker",1419354258886686,51979,"S"
30234,"NIO-Worker",1419354258938665,19271,"R"
30234,"NIO-Worker",1419354258957936,2816875,"Running"
30234,"NIO-Worker",1419354261774811,29948,"R+"
30234,"NIO-Worker",1419354261804759,206615,"Running"
30232,"nio-webserver-r",1419354261950697,40625,"R"
30232,"nio-webserver-r",1419354261991322,399583,"Running"
30234,"NIO-Worker",1419354262011374,411881979,"S"
30232,"nio-webserver-r",1419354262390905,32074375,"S"
30232,"nio-webserver-r",1419354294465280,20312,"R"
30232,"nio-webserver-r",1419354294485592,124532,"Running"
30232,"nio-webserver-r",1419354294610124,13854,"R+"
30232,"nio-webserver-r",1419354294623978,13906,"Running"
30232,"nio-webserver-r",1419354294637884,54583,"S"
30232,"nio-webserver-r",1419354294692467,32448,"R"
30232,"nio-webserver-r",1419354294724915,185625,"Running"
30232,"nio-webserver-r",1419354294910540,545782,"S"
30232,"nio-webserver-r",1419354295456322,54895,"R"
30232,"nio-webserver-r",1419354295511217,368855,"Running"
30285,"NIO-Worker",1419354295842572,18645,"R"
30285,"NIO-Worker",1419354295861217,320938,"Running"
30232,"nio-webserver-r",1419354295880072,17226458,"S"
30285,"NIO-Worker",1419354296182155,10891354,"S"
30285,"NIO-Worker",1419354307073509,29583,"R"
30285,"NIO-Worker",1419354307103092,604792,"Running"
30285,"NIO-Worker",1419354307707884,51875,"R+"
30285,"NIO-Worker",1419354307759759,11563,"Running"
30285,"NIO-Worker",1419354307771322,285937,"S"
30285,"NIO-Worker",1419354308057259,77865,"R"
30285,"NIO-Worker",1419354308135124,37448,"Running"
30285,"NIO-Worker",1419354308172572,419843,"S"
30285,"NIO-Worker",1419354308592415,17344,"R"
30285,"NIO-Worker",1419354308609759,276927,"Running"
30285,"NIO-Worker",1419354308886686,28073,"R+"
30285,"NIO-Worker",1419354308914759,10521,"Running"
30285,"NIO-Worker",1419354308925280,669948,"S"
30285,"NIO-Worker",1419354309595228,35208,"R"
30285,"NIO-Worker",1419354309630436,33906,"Running"
30285,"NIO-Worker",1419354309664342,62292,"S"
30285,"NIO-Worker",1419354309726634,40938,"R"
30285,"NIO-Worker",1419354309767572,57343,"Running"
30285,"NIO-Worker",1419354309824915,42813,"S"
30285,"NIO-Worker",1419354309867728,54114,"R"
30285,"NIO-Worker",1419354309921842,859063,"Running"
30285,"NIO-Worker",1419354310780905,13385,"R+"
30285,"NIO-Worker",1419354310794290,10365,"Running"
30285,"NIO-Worker",1419354310804655,42031,"R"
30285,"NIO-Worker",1419354310846686,1959531,"Running"
30285,"NIO-Worker",1419354312806217,47136,"S"
30285,"NIO-Worker",1419354312853353,24739,"R"
30285,"NIO-Worker",1419354312878092,279323,"Running"
30244,"nio-stream-prod",1419354313003092,26511,"R"
30244,"nio-stream-prod",1419354313029603,95677,"Running"
30232,"nio-webserver-r",1419354313106530,34010,"R"
30244,"nio-stream-prod",1419354313125280,103646198,"S"
30232,"nio-webserver-r",1419354313140540,304896,"Running"
30285,"NIO-Worker",1419354313157415,415840052,"S"
30232,"nio-webserver-r",1419354313445436,22969,"R"
30232,"nio-webserver-r",1419354313468405,183854,"Running"
30232,"nio-webserver-r",1419354313652259,31150833,"S"
30232,"nio-webserver-r",1419354344803092,68750,"R"
30232,"nio-webserver-r",1419354344871842,108125,"Running"
30232,"nio-webserver-r",1419354344979967,178594,"S"
30232,"nio-webserver-r",1419354345158561,71979,"R"
30232,"nio-webserver-r",1419354345230540,191146,"Running"
30232,"nio-webserver-r",1419354345421686,375625,"S"
30232,"nio-webserver-r",1419354345797311,66042,"R"
30232,"nio-webserver-r",1419354345863353,316718,"Running"
30290,"NIO-Worker",1419354346136530,32656,"R"
30290,"NIO-Worker",1419354346169186,328906,"Running"
30232,"nio-webserver-r",1419354346180071,13111250,"S"
30290,"NIO-Worker",1419354346498092,7745000,"S"
30290,"NIO-Worker",1419354354243092,14323,"R"
30290,"NIO-Worker",1419354354257415,517084,"Running"
30290,"NIO-Worker",1419354354774499,120156,"S"
30290,"NIO-Worker",1419354354894655,17656,"R"
30290,"NIO-Worker",1419354354912311,70000,"Running"
30290,"NIO-Worker",1419354354982311,230625,"S"
30290,"NIO-Worker",1419354355212936,54844,"R"
30290,"NIO-Worker",1419354355267780,222291,"Running"
30290,"NIO-Worker",1419354355490071,256303,"S"
30290,"NIO-Worker",1419354355746374,48541,"R"
30290,"NIO-Worker",1419354355794915,70052,"Running"
30290,"NIO-Worker",1419354355864967,115729,"S"
30290,"NIO-Worker",1419354355980696,14115,"R"
30290,"NIO-Worker",1419354355994811,40469,"Running"
30290,"NIO-Worker",1419354356035280,46562,"S"
30290,"NIO-Worker",1419354356081842,14479,"R"
30290,"NIO-Worker",1419354356096321,763438,"Running"
30290,"NIO-Worker",1419354356859759,43177,"R"
30290,"NIO-Worker",1419354356902936,1846563,"Running"
30290,"NIO-Worker",1419354358749499,8593,"R"
30290,"NIO-Worker",1419354358758092,77500,"Running"
30290,"NIO-Worker",1419354358835592,18282,"R"
30290,"NIO-Worker",1419354358853874,244947,"Running"
30290,"NIO-Worker",1419354359098821,33334,"S"
30290,"NIO-Worker",1419354359132155,26979,"R"
30290,"NIO-Worker",1419354359159134,183177,"Running"
30232,"nio-webserver-r",1419354359291321,15834,"R"
30232,"nio-webserver-r",1419354359307155,393437,"Running"
30290,"NIO-Worker",1419354359342311,419166510,"S"
30232,"nio-webserver-r",1419354359700592,39262604,"S"
30232,"nio-webserver-r",1419354398963196,59063,"R"
30232,"nio-webserver-r",1419354399022259,145833,"Running"
30232,"nio-webserver-r",1419354399168092,46250,"S"
30232,"nio-webserver-r",1419354399214342,43750,"R"
30232,"nio-webserver-r",1419354399258092,197604,"Running"
30232,"nio-webserver-r",1419354399455696,708438,"S"
30232,"nio-webserver-r",1419354400164134,25052,"R"
30232,"nio-webserver-r",1419354400189186,277344,"Running"
30232,"nio-webserver-r",1419354400466530,410625,"R"
30232,"nio-webserver-r",1419354400877155,7344,"Running"
30232,"nio-webserver-r",1419354400884499,90312,"R"
30232,"nio-webserver-r",1419354400974811,92188,"Running"
30293,"NIO-Worker",1419354401055228,131458,"R"
30232,"nio-webserver-r",1419354401066999,18750,"R+"
30232,"nio-webserver-r",1419354401085749,33281,"Running"
30232,"nio-webserver-r",1419354401119030,15814479,"S"
30293,"NIO-Worker",1419354401186686,10625,"Running"
30293,"NIO-Worker",1419354401197311,8906,"R"
30293,"NIO-Worker",1419354401206217,351719,"Running"
30293,"NIO-Worker",1419354401557936,10050938,"S"
30293,"NIO-Worker",1419354411608874,25468,"R"
30293,"NIO-Worker",1419354411634342,507448,"Running"
30293,"NIO-Worker",1419354412141790,158802,"S"
30293,"NIO-Worker",1419354412300592,15000,"R"
30293,"NIO-Worker",1419354412315592,46250,"Running"
30293,"NIO-Worker",1419354412361842,208125,"S"
30293,"NIO-Worker",1419354412569967,15782,"R"
30293,"NIO-Worker",1419354412585749,268697,"Running"
30293,"NIO-Worker",1419354412854446,288334,"S"
30293,"NIO-Worker",1419354413142780,27760,"R"
30293,"NIO-Worker",1419354413170540,37031,"Running"
30293,"NIO-Worker",1419354413207571,67865,"S"
30293,"NIO-Worker",1419354413275436,38594,"R"
30293,"NIO-Worker",1419354413314030,77187,"Running"
30293,"NIO-Worker",1419354413391217,50625,"S"
30293,"NIO-Worker",1419354413441842,31250,"R"
30293,"NIO-Worker",1419354413473092,1431198,"Running"
30293,"NIO-Worker",1419354414904290,10625,"R"
30293,"NIO-Worker",1419354414914915,1356094,"Running"
30293,"NIO-Worker",1419354416271009,303490,"R+"
30293,"NIO-Worker",1419354416574499,14166,"Running"
30293,"NIO-Worker",1419354416588665,26771,"S"
30293,"NIO-Worker",1419354416615436,44219,"R"
30293,"NIO-Worker",1419354416659655,213906,"Running"
30244,"nio-stream-prod",1419354416771478,830364,"R"
30293,"NIO-Worker",1419354416873561,52969,"R+"
30293,"NIO-Worker",1419354416926530,18750,"Running"
30232,"nio-webserver-r",1419354416933509,86927,"R"
30293,"NIO-Worker",1419354416945280,112656,"R+"
30232,"nio-webserver-r",1419354417020436,37500,"Running"
30232,"nio-webserver-r",1419354417057936,29375,"R"
30293,"NIO-Worker",1419354417057936,29375,"Running"
30232,"nio-webserver-r",1419354417087311,118125,"Running"
30293,"NIO-Worker",1419354417087311,416574948,"S"
30232,"nio-webserver-r",1419354417205436,255625,"R+"
30232,"nio-webserver-r",1419354417461061,23125,"Running"
30232,"nio-webserver-r",1419354417484186,9844,"R+"
30232,"nio-webserver-r",1419354417494030,105312,"Running"
30232,"nio-webserver-r",1419354417599342,108907,"R+"
30244,"nio-stream-prod",1419354417601842,77657,"Running"
30244,"nio-stream-prod",1419354417679499,27656,"R"
30244,"nio-stream-prod",1419354417707155,129635,"Running"
30232,"nio-webserver-r",1419354417708249,57760,"Running"
30232,"nio-webserver-r",1419354417766009,26302,"S"
30232,"nio-webserver-r",1419354417792311,24063,"R"
30232,"nio-webserver-r",1419354417816374,315312,"Running"
30244,"nio-stream-prod",1419354417836790,98578646,"S"
30232,"nio-webserver-r",1419354418131686,34587917,"S"
30232,"nio-webserver-r",1419354452719603,48958,"R"
30232,"nio-webserver-r",1419354452768561,103281,"Running"
30232,"nio-webserver-r",1419354452871842,44688,"R+"
30232,"nio-webserver-r",1419354452916530,25416,"Running"
30232,"nio-webserver-r",1419354452941946,27657,"R+"
30232,"nio-webserver-r",1419354452969603,133802,"Running"
30232,"nio-webserver-r",1419354453103405,72500,"S"
30232,"nio-webserver-r",1419354453175905,75469,"R"
30232,"nio-webserver-r",1419354453251374,163750,"Running"
30232,"nio-webserver-r",1419354453415124,352812,"S"
30232,"nio-webserver-r",1419354453767936,71875,"R"
30232,"nio-webserver-r",1419354453839811,317031,"Running"
30295,"NIO-Worker",1419354454116321,26407,"R"
30295,"NIO-Worker",1419354454142728,343802,"Running"
30232,"nio-webserver-r",1419354454156842,15450313,"S"
30295,"NIO-Worker",1419354454486530,9101875,"S"
30295,"NIO-Worker",1419354463588405,26354,"R"
30295,"NIO-Worker",1419354463614759,220000,"Running"
30295,"NIO-Worker",1419354463834759,25937,"S"
30295,"NIO-Worker",1419354463860696,40209,"R"
30295,"NIO-Worker",1419354463900905,279687,"Running"
30295,"NIO-Worker",1419354464180592,6094,"R"
30295,"NIO-Worker",1419354464186686,21094,"Running"
30295,"NIO-Worker",1419354464207780,28541,"R"
30295,"NIO-Worker",1419354464236321,130365,"Running"
30295,"NIO-Worker",1419354464366686,158906,"S"
30295,"NIO-Worker",1419354464525592,26407,"R"
30295,"NIO-Worker",1419354464551999,50781,"Running"
30295,"NIO-Worker",1419354464602780,282187,"R+"
30295,"NIO-Worker",1419354464884967,229532,"Running"
30295,"NIO-Worker",1419354465114499,217812,"S"
30295,"NIO-Worker",1419354465332311,14010,"R"
30295,"NIO-Worker",1419354465346321,30157,"Running"
30295,"NIO-Worker",1419354465376478,59218,"S"
30295,"NIO-Worker",1419354465435696,15469,"R"
30295,"NIO-Worker",1419354465451165,41615,"Running"
30295,"NIO-Worker",1419354465492780,41406,"S"
30295,"NIO-Worker",1419354465534186,25781,"R"
30295,"NIO-Worker",1419354465559967,698907,"Running"
30295,"NIO-Worker",1419354466258874,227968,"R"
30295,"NIO-Worker",1419354466486842,147500,"Running"
30295,"NIO-Worker",1419354466634342,32032,"R"
30295,"NIO-Worker",1419354466666374,274843,"Running"
30295,"NIO-Worker",1419354466941217,125261,"R"
30295,"NIO-Worker",1419354467066478,34843,"Running"
30295,"NIO-Worker",1419354467101321,222396,"R"
30295,"NIO-Worker",1419354467323717,1571875,"Running"
30295,"NIO-Worker",1419354468895592,12604,"R"
30295,"NIO-Worker",1419354468908196,14271,"Running"
30295,"NIO-Worker",1419354468922467,42032,"R"
30295,"NIO-Worker",1419354468964499,418281,"Running"
30295,"NIO-Worker",1419354469382780,35573,"S"
30295,"NIO-Worker",1419354469418353,17708,"R"
30295,"NIO-Worker",1419354469436061,212604,"Running"
30232,"nio-webserver-r",1419354469607155,15885,"R"
30232,"nio-webserver-r",1419354469623040,238802,"Running"
30295,"NIO-Worker",1419354469648665,418088281,"S"
30232,"nio-webserver-r",1419354469861842,111198,"R+"
30232,"nio-webserver-r",1419354469973040,211719,"Running"
30232,"nio-webserver-r",1419354470184759,37187812,"S"
30232,"nio-webserver-r",1419354507372571,39271,"R"
30232,"nio-webserver-r",1419354507411842,220469,"Running"
30232,"nio-webserver-r",1419354507632311,26979,"R+"
30232,"nio-webserver-r",1419354507659290,17344,"Running"
30232,"nio-webserver-r",1419354507676634,95469,"R+"
30232,"nio-webserver-r",1419354507772103,193958,"Running"
30232,"nio-webserver-r",1419354507966061,365573,"S"
30232,"nio-webserver-r",1419354508331634,33646,"R"
30232,"nio-webserver-r",1419354508365280,64062,"Running"
30232,"nio-webserver-r",1419354508429342,33907,"R"
30232,"nio-webserver-r",1419354508463249,127812,"Running"
30232,"nio-webserver-r",1419354508591061,184219,"R"
30232,"nio-webserver-r",1419354508775280,231719,"Running"
30296,"NIO-Worker",1419354508966999,11875,"R"
30296,"NIO-Worker",1419354508978874,355312,"Running"
30232,"nio-webserver-r",1419354509006999,7676666,"S"
30296,"NIO-Worker",1419354509334186,2070156,"S"
30296,"NIO-Worker",1419354511404342,17917,"R"
30296,"NIO-Worker",1419354511422259,265365,"Running"
30296,"NIO-Worker",1419354511687624,62343,"S"
30296,"NIO-Worker",1419354511749967,13282,"R"
30296,"NIO-Worker",1419354511763249,302500,"Running"
30296,"NIO-Worker",1419354512065749,139010,"S"
30296,"NIO-Worker",1419354512204759,15208,"R"
30296,"NIO-Worker",1419354512219967,46667,"Running"
30296,"NIO-Worker",1419354512266634,213177,"S"
30296,"NIO-Worker",1419354512479811,26563,"R"
30296,"NIO-Worker",1419354512506374,214531,"Running"
30296,"NIO-Worker",1419354512720905,297656,"S"
30296,"NIO-Worker",1419354513018561,70156,"R"
30296,"NIO-Worker",1419354513088717,57761,"Running"
30296,"NIO-Worker",1419354513146478,67083,"S"
30296,"NIO-Worker",1419354513213561,42031,"R"
30296,"NIO-Worker",1419354513255592,65469,"Running"
30296,"NIO-Worker",1419354513321061,42031,"S"
30296,"NIO-Worker",1419354513363092,32969,"R"
30296,"NIO-Worker",1419354513396061,2750000,"Running"
30296,"NIO-Worker",1419354516146061,21875,"S"
30296,"NIO-Worker",1419354516167936,90781,"R"
30296,"NIO-Worker",1419354516258717,199636,"Running"
30244,"nio-stream-prod",1419354516415436,32760,"R"
30244,"nio-stream-prod",1419354516448196,91771,"Running"
30296,"NIO-Worker",1419354516458353,29687,"R"
30296,"NIO-Worker",1419354516488040,88802,"Running"
30244,"nio-stream-prod",1419354516539967,124537031,"S"
30296,"NIO-Worker",1419354516576842,30261,"R+"
30296,"NIO-Worker",1419354516607103,131302,"Running"
30232,"nio-webserver-r",1419354516683665,50313,"R"
30232,"nio-webserver-r",1419354516733978,144687,"Running"
30296,"NIO-Worker",1419354516738405,427045885,"S"
30232,"nio-webserver-r",1419354516878665,15209,"R"
30232,"nio-webserver-r",1419354516893874,167604,"Running"
30232,"nio-webserver-r",1419354517061478,24583,"R+"
30232,"nio-webserver-r",1419354517086061,343906,"Running"
30232,"nio-webserver-r",1419354517429967,45234167,"S"
30232,"nio-webserver-r",1419354562664134,36302,"R"
30232,"nio-webserver-r",1419354562700436,100885,"Running"
30232,"nio-webserver-r",1419354562801321,204584,"S"
30232,"nio-webserver-r",1419354563005905,23750,"R"
30232,"nio-webserver-r",1419354563029655,182031,"Running"
30232,"nio-webserver-r",1419354563211686,342812,"S"
30232,"nio-webserver-r",1419354563554498,26250,"R"
30232,"nio-webserver-r",1419354563580748,314688,"Running"
30299,"NIO-Worker",1419354563857623,22761,"R"
30299,"NIO-Worker",1419354563880384,283750,"Running"
30232,"nio-webserver-r",1419354563895436,11487135,"S"
30299,"NIO-Worker",1419354564164134,6513750,"S"
30299,"NIO-Worker",1419354570677884,16302,"R"
30299,"NIO-Worker",1419354570694186,466562,"Running"
30299,"NIO-Worker",1419354571160748,132969,"S"
30299,"NIO-Worker",1419354571293717,19688,"R"
30299,"NIO-Worker",1419354571313405,44948,"Running"
30299,"NIO-Worker",1419354571358353,217708,"S"
30299,"NIO-Worker",1419354571576061,18906,"R"
30299,"NIO-Worker",1419354571594967,236719,"Running"
30299,"NIO-Worker",1419354571831686,306042,"S"
30299,"NIO-Worker",1419354572137728,29375,"R"
30299,"NIO-Worker",1419354572167103,19895,"Running"
30299,"NIO-Worker",1419354572186998,47813,"S"
30299,"NIO-Worker",1419354572234811,14375,"R"
30299,"NIO-Worker",1419354572249186,45937,"Running"
30299,"NIO-Worker",1419354572295123,55730,"S"
30299,"NIO-Worker",1419354572350853,30000,"R"
30299,"NIO-Worker",1419354572380853,2804062,"Running"
30299,"NIO-Worker",1419354575184915,23802,"S"
30299,"NIO-Worker",1419354575208717,42656,"R"
30299,"NIO-Worker",1419354575251373,169219,"Running"
30232,"nio-webserver-r",1419354575382571,119427,"R"
30299,"NIO-Worker",1419354575420592,418042031,"S"
30232,"nio-webserver-r",1419354575501998,384375,"Running"
30232,"nio-webserver-r",1419354575886373,41598594,"S"
30232,"nio-webserver-r",1419354617484967,264375,"R"
30232,"nio-webserver-r",1419354617749342,98542,"Running"
30232,"nio-webserver-r",1419354617847884,11614,"R+"
30232,"nio-webserver-r",1419354617859498,15105,"Running"
30232,"nio-webserver-r",1419354617874603,53802,"R+"
30232,"nio-webserver-r",1419354617928405,164375,"Running"
30232,"nio-webserver-r",1419354618092780,178750,"S"
30232,"nio-webserver-r",1419354618271530,40000,"R"
30232,"nio-webserver-r",1419354618311530,133906,"Running"
30232,"nio-webserver-r",1419354618445436,24844,"R"
30232,"nio-webserver-r",1419354618470280,6718,"Running"
30232,"nio-webserver-r",1419354618476998,7657,"R"
30232,"nio-webserver-r",1419354618484655,193906,"Running"
30300,"NIO-Worker",1419354618641842,30000,"R"
30300,"NIO-Worker",1419354618671842,303594,"Running"
30232,"nio-webserver-r",1419354618678561,22814219,"S"
30300,"NIO-Worker",1419354618975436,17005417,"S"
30300,"NIO-Worker",1419354635980853,14270,"R"
30300,"NIO-Worker",1419354635995123,281823,"Running"
30300,"NIO-Worker",1419354636276946,66927,"S"
30300,"NIO-Worker",1419354636343873,12292,"R"
30300,"NIO-Worker",1419354636356165,281302,"Running"
30300,"NIO-Worker",1419354636637467,239167,"S"
30300,"NIO-Worker",1419354636876634,102031,"R"
30300,"NIO-Worker",1419354636978665,48646,"Running"
30300,"NIO-Worker",1419354637027311,271094,"S"
30300,"NIO-Worker",1419354637298405,22031,"R"
30300,"NIO-Worker",1419354637320436,228750,"Running"
30300,"NIO-Worker",1419354637549186,275937,"S"
30300,"NIO-Worker",1419354637825123,30313,"R"
30300,"NIO-Worker",1419354637855436,21198,"Running"
30300,"NIO-Worker",1419354637876634,46146,"R+"
30300,"NIO-Worker",1419354637922780,54375,"Running"
30300,"NIO-Worker",1419354637977155,72812,"S"
30300,"NIO-Worker",1419354638049967,24792,"R"
30300,"NIO-Worker",1419354638074759,1572552,"Running"
30300,"NIO-Worker",1419354639647311,9375,"R"
30300,"NIO-Worker",1419354639656686,1275104,"Running"
30300,"NIO-Worker",1419354640931790,23958,"S"
30300,"NIO-Worker",1419354640955748,19688,"R"
30300,"NIO-Worker",1419354640975436,394844,"Running"
30244,"nio-stream-prod",1419354641076998,34688,"R"
30244,"nio-stream-prod",1419354641111686,12031,"Running"
30244,"nio-stream-prod",1419354641123717,120886,"R"
30244,"nio-stream-prod",1419354641244603,157552,"Running"
30300,"NIO-Worker",1419354641370280,31875,"R"
30244,"nio-stream-prod",1419354641402155,96092760,"S"
30300,"NIO-Worker",1419354641402155,137031,"Running"
30232,"nio-webserver-r",1419354641492780,120000,"R"
30300,"NIO-Worker",1419354641539186,404901041,"S"
30232,"nio-webserver-r",1419354641612780,225156,"Running"
30232,"nio-webserver-r",1419354641837936,102656,"R+"
30232,"nio-webserver-r",1419354641940592,273594,"Running"
30232,"nio-webserver-r",1419354642214186,30182969,"S"
30232,"nio-webserver-r",1419354672397155,231250,"R"
30232,"nio-webserver-r",1419354672628405,121823,"Running"
30232,"nio-webserver-r",1419354672750228,38437,"R+"
30232,"nio-webserver-r",1419354672788665,25156,"Running"
30232,"nio-webserver-r",1419354672813821,19427,"R"
30232,"nio-webserver-r",1419354672833248,14532,"Running"
30232,"nio-webserver-r",1419354672847780,27187,"R+"
30232,"nio-webserver-r",1419354672874967,20313,"Running"
30232,"nio-webserver-r",1419354672895280,25468,"S"
30232,"nio-webserver-r",1419354672920748,183125,"Running"
30232,"nio-webserver-r",1419354673103873,386719,"S"
30232,"nio-webserver-r",1419354673490592,95886,"R"
30232,"nio-webserver-r",1419354673586478,344270,"Running"
30234,"NIO-Worker",1419354673893353,27552,"R"
30234,"NIO-Worker",1419354673920905,392968,"Running"
30232,"nio-webserver-r",1419354673930748,6431511,"S"
30234,"NIO-Worker",1419354674313873,1188282,"S"
30234,"NIO-Worker",1419354675502155,19843,"R"
30234,"NIO-Worker",1419354675521998,132344,"Running"
30234,"NIO-Worker",1419354675654342,24792,"R"
30234,"NIO-Worker",1419354675679134,10989,"Running"
30234,"NIO-Worker",1419354675690123,69688,"R"
30234,"NIO-Worker",1419354675759811,419844,"Running"
30234,"NIO-Worker",1419354676179655,135781,"S"
30234,"NIO-Worker",1419354676315436,23698,"R"
30234,"NIO-Worker",1419354676339134,26927,"Running"
30234,"NIO-Worker",1419354676366061,12344,"R+"
30234,"NIO-Worker",1419354676378405,4843,"Running"
30234,"NIO-Worker",1419354676383248,169011,"S"
30234,"NIO-Worker",1419354676552259,10989,"R"
30234,"NIO-Worker",1419354676563248,212500,"Running"
30234,"NIO-Worker",1419354676775748,412500,"S"
30234,"NIO-Worker",1419354677188248,8230,"R"
30234,"NIO-Worker",1419354677196478,27708,"Running"
30234,"NIO-Worker",1419354677224186,42812,"S"
30234,"NIO-Worker",1419354677266998,48594,"R"
30234,"NIO-Worker",1419354677315592,53281,"Running"
30234,"NIO-Worker",1419354677368873,50469,"S"
30234,"NIO-Worker",1419354677419342,43698,"R"
30234,"NIO-Worker",1419354677463040,2740208,"Running"
30234,"NIO-Worker",1419354680203248,22500,"S"
30234,"NIO-Worker",1419354680225748,25157,"R"
30234,"NIO-Worker",1419354680250905,152500,"Running"
30232,"nio-webserver-r",1419354680362259,22552,"R"
30232,"nio-webserver-r",1419354680384811,453281,"Running"
30234,"NIO-Worker",1419354680403405,417922031,"S"
30232,"nio-webserver-r",1419354680838092,58750,"R"
30232,"nio-webserver-r",1419354680896842,151979,"Running"
30232,"nio-webserver-r",1419354681048821,46565000,"S"
30232,"nio-webserver-r",1419354727613821,65782,"R"
30232,"nio-webserver-r",1419354727679603,303125,"Running"
30232,"nio-webserver-r",1419354727982728,13802,"R+"
30232,"nio-webserver-r",1419354727996530,32812,"Running"
30232,"nio-webserver-r",1419354728029342,29375,"R+"
30232,"nio-webserver-r",1419354728058717,10781,"Running"
30232,"nio-webserver-r",1419354728069498,9688,"S"
30232,"nio-webserver-r",1419354728079186,46250,"R"
30232,"nio-webserver-r",1419354728125436,174792,"Running"
30232,"nio-webserver-r",1419354728300228,279270,"S"
30232,"nio-webserver-r",1419354728579498,35782,"R"
30232,"nio-webserver-r",1419354728615280,433073,"Running"
30285,"NIO-Worker",1419354728997467,20000,"R"
30285,"NIO-Worker",1419354729017467,396667,"Running"
30232,"nio-webserver-r",1419354729048353,8543177,"S"
30285,"NIO-Worker",1419354729414134,2485521,"S"
30285,"NIO-Worker",1419354731899655,25312,"R"
30285,"NIO-Worker",1419354731924967,225000,"Running"
30285,"NIO-Worker",1419354732149967,25469,"S"
30285,"NIO-Worker",1419354732175436,312031,"Running"
30285,"NIO-Worker",1419354732487467,182761,"S"
30285,"NIO-Worker",1419354732670228,19687,"R"
30285,"NIO-Worker",1419354732689915,35365,"Running"
30285,"NIO-Worker",1419354732725280,44166,"R+"
30285,"NIO-Worker",1419354732769446,359219,"Running"
30285,"NIO-Worker",1419354733128665,303438,"S"
30285,"NIO-Worker",1419354733432103,46614,"R"
30285,"NIO-Worker",1419354733478717,250156,"Running"
30285,"NIO-Worker",1419354733728873,523438,"S"
30285,"NIO-Worker",1419354734252311,15469,"R"
30285,"NIO-Worker",1419354734267780,23229,"Running"
30285,"NIO-Worker",1419354734291009,65364,"S"
30285,"NIO-Worker",1419354734356373,21980,"R"
30285,"NIO-Worker",1419354734378353,50312,"Running"
30285,"NIO-Worker",1419354734428665,69844,"S"
30285,"NIO-Worker",1419354734498509,16562,"R"
30285,"NIO-Worker",1419354734515071,2801927,"Running"
30285,"NIO-Worker",1419354737316998,35886,"S"
30285,"NIO-Worker",1419354737352884,18333,"R"
30285,"NIO-Worker",1419354737371217,264844,"Running"
30244,"nio-stream-prod",1419354737494915,61458,"R"
30244,"nio-stream-prod",1419354737556373,91355,"Running"
30232,"nio-webserver-r",1419354737591530,30000,"R"
30232,"nio-webserver-r",1419354737621530,447187,"Running"
30285,"NIO-Worker",1419354737636061,415749166,"S"
30244,"nio-stream-prod",1419354737647728,105977239,"S"
30232,"nio-webserver-r",1419354738068717,38989844,"S"
30232,"nio-webserver-r",1419354777058561,53594,"R"
30232,"nio-webserver-r",1419354777112155,111406,"Running"
30232,"nio-webserver-r",1419354777223561,474062,"S"
30232,"nio-webserver-r",1419354777697623,56511,"R"
30232,"nio-webserver-r",1419354777754134,176406,"Running"
30232,"nio-webserver-r",1419354777930540,217813,"S"
30232,"nio-webserver-r",1419354778148353,38802,"R"
30232,"nio-webserver-r",1419354778187155,372291,"Running"
30290,"NIO-Worker",1419354778508821,39427,"R"
30290,"NIO-Worker",1419354778548248,385157,"Running"
30232,"nio-webserver-r",1419354778559446,5990990,"S"
30290,"NIO-Worker",1419354778933405,670156,"S"
30290,"NIO-Worker",1419354779603561,24167,"R"
30290,"NIO-Worker",1419354779627728,630520,"Running"
30290,"NIO-Worker",1419354780258248,121250,"S"
30290,"NIO-Worker",1419354780379498,16667,"R"
30290,"NIO-Worker",1419354780396165,41302,"Running"
30290,"NIO-Worker",1419354780437467,213125,"S"
30290,"NIO-Worker",1419354780650592,20000,"R"
30290,"NIO-Worker",1419354780670592,223438,"Running"
30290,"NIO-Worker",1419354780894030,17187,"R+"
30290,"NIO-Worker",1419354780911217,5938,"Running"
30290,"NIO-Worker",1419354780917155,177812,"S"
30290,"NIO-Worker",1419354781094967,21719,"R"
30290,"NIO-Worker",1419354781116686,23437,"Running"
30290,"NIO-Worker",1419354781140123,67761,"S"
30290,"NIO-Worker",1419354781207884,15052,"R"
30290,"NIO-Worker",1419354781222936,49948,"Running"
30290,"NIO-Worker",1419354781272884,44896,"S"
30290,"NIO-Worker",1419354781317780,18073,"R"
30290,"NIO-Worker",1419354781335853,1755677,"Running"
30290,"NIO-Worker",1419354783091530,67812,"R"
30290,"NIO-Worker",1419354783159342,169063,"Running"
30290,"NIO-Worker",1419354783328405,19062,"R"
30290,"NIO-Worker",1419354783347467,529479,"Running"
30290,"NIO-Worker",1419354783876946,99844,"R"
30290,"NIO-Worker",1419354783976790,395365,"Running"
30290,"NIO-Worker",1419354784372155,22031,"R+"
30290,"NIO-Worker",1419354784394186,4531,"Running"
30290,"NIO-Worker",1419354784398717,7500,"S"
30290,"NIO-Worker",1419354784406217,12813,"R"
30290,"NIO-Worker",1419354784419030,184948,"Running"
30232,"nio-webserver-r",1419354784550436,53542,"R"
30232,"nio-webserver-r",1419354784603978,205052,"Running"
30290,"NIO-Worker",1419354784603978,424012083,"S"
30232,"nio-webserver-r",1419354784809030,42343,"R+"
30232,"nio-webserver-r",1419354784851373,6875,"Running"
30232,"nio-webserver-r",1419354784858248,67813,"R+"
30232,"nio-webserver-r",1419354784926061,216354,"Running"
30232,"nio-webserver-r",1419354785142415,46983021,"S"
30232,"nio-webserver-r",1419354832125436,58229,"R"
30232,"nio-webserver-r",1419354832183665,257969,"Running"
30232,"nio-webserver-r",1419354832441634,26146,"R+"
30232,"nio-webserver-r",1419354832467780,25885,"Running"
30232,"nio-webserver-r",1419354832493665,4896,"S"
30232,"nio-webserver-r",1419354832498561,65000,"R"
30232,"nio-webserver-r",1419354832563561,294375,"Running"
30232,"nio-webserver-r",1419354832857936,360156,"S"
30232,"nio-webserver-r",1419354833218092,55469,"R"
30232,"nio-webserver-r",1419354833273561,29531,"Running"
30232,"nio-webserver-r",1419354833303092,21094,"R"
30232,"nio-webserver-r",1419354833324186,383750,"Running"
30293,"NIO-Worker",1419354833662259,45469,"R"
30293,"NIO-Worker",1419354833707728,144427,"Running"
30232,"nio-webserver-r",1419354833707936,10129323,"S"
30293,"NIO-Worker",1419354833852155,79375,"R"
30293,"NIO-Worker",1419354833931530,267187,"Running"
30293,"NIO-Worker",1419354834198717,3994219,"S"
30293,"NIO-Worker",1419354838192936,31823,"R"
30293,"NIO-Worker",1419354838224759,230989,"Running"
30293,"NIO-Worker",1419354838455748,123698,"S"
30293,"NIO-Worker",1419354838579446,13959,"R"
30293,"NIO-Worker",1419354838593405,364062,"Running"
30293,"NIO-Worker",1419354838957467,171354,"S"
30293,"NIO-Worker",1419354839128821,80677,"R"
30293,"NIO-Worker",1419354839209498,30625,"Running"
30293,"NIO-Worker",1419354839240123,213542,"S"
30293,"NIO-Worker",1419354839453665,71406,"R"
30293,"NIO-Worker",1419354839525071,217552,"Running"
30293,"NIO-Worker",1419354839742623,250573,"S"
30293,"NIO-Worker",1419354839993196,29427,"R"
30293,"NIO-Worker",1419354840022623,40782,"Running"
30293,"NIO-Worker",1419354840063405,67604,"S"
30293,"NIO-Worker",1419354840131009,28021,"R"
30293,"NIO-Worker",1419354840159030,52291,"Running"
30293,"NIO-Worker",1419354840211321,56771,"R+"
30293,"NIO-Worker",1419354840268092,6250,"Running"
30293,"NIO-Worker",1419354840274342,18906,"S"
30293,"NIO-Worker",1419354840293248,847761,"Running"
30293,"NIO-Worker",1419354841141009,137864,"R"
30293,"NIO-Worker",1419354841278873,612344,"Running"
30293,"NIO-Worker",1419354841891217,142031,"R"
30293,"NIO-Worker",1419354842033248,1412813,"Running"
30293,"NIO-Worker",1419354843446061,36719,"S"
30293,"NIO-Worker",1419354843482780,42812,"R"
30293,"NIO-Worker",1419354843525592,361250,"Running"
30244,"nio-stream-prod",1419354843624967,15000,"R"
30244,"nio-stream-prod",1419354843639967,101667,"Running"
30244,"nio-stream-prod",1419354843741634,107878333,"S"
30232,"nio-webserver-r",1419354843837259,33802,"R"
30232,"nio-webserver-r",1419354843871061,377187,"Running"
30293,"NIO-Worker",1419354843886842,415329844,"S"
30232,"nio-webserver-r",1419354844248248,44636,"R+"
30232,"nio-webserver-r",1419354844292884,64427,"Running"
30232,"nio-webserver-r",1419354844357311,41959219,"S"
30232,"nio-webserver-r",1419354886316530,84166,"R"
30232,"nio-webserver-r",1419354886400696,149740,"Running"
30232,"nio-webserver-r",1419354886550436,20729,"S"
30232,"nio-webserver-r",1419354886571165,34583,"R"
30232,"nio-webserver-r",1419354886605748,162500,"Running"
30232,"nio-webserver-r",1419354886768248,617761,"S"
30232,"nio-webserver-r",1419354887386009,63958,"R"
30232,"nio-webserver-r",1419354887449967,327656,"Running"
30295,"NIO-Worker",1419354887736946,19584,"R"
30295,"NIO-Worker",1419354887756530,286718,"Running"
30232,"nio-webserver-r",1419354887777623,17466875,"S"
30295,"NIO-Worker",1419354888043248,12482761,"S"
30295,"NIO-Worker",1419354900526009,15052,"R"
30295,"NIO-Worker",1419354900541061,607500,"Running"
30295,"NIO-Worker",1419354901148561,154687,"S"
30295,"NIO-Worker",1419354901303248,17813,"R"
30295,"NIO-Worker",1419354901321061,21979,"Running"
30295,"NIO-Worker",1419354901343040,28646,"R+"
30295,"NIO-Worker",1419354901371686,5156,"Running"
30295,"NIO-Worker",1419354901376842,170625,"S"
30295,"NIO-Worker",1419354901547467,21094,"R"
30295,"NIO-Worker",1419354901568561,211562,"Running"
30295,"NIO-Worker",1419354901780123,250938,"S"
30295,"NIO-Worker",1419354902031061,13437,"R"
30295,"NIO-Worker",1419354902044498,21355,"Running"
30295,"NIO-Worker",1419354902065853,68281,"S"
30295,"NIO-Worker",1419354902134134,16719,"R"
30295,"NIO-Worker",1419354902150853,46927,"Running"
30295,"NIO-Worker",1419354902197780,81041,"R+"
30295,"NIO-Worker",1419354902278821,2782813,"Running"
30295,"NIO-Worker",1419354905061634,33021,"R+"
30295,"NIO-Worker",1419354905094655,189375,"Running"
30232,"nio-webserver-r",1419354905244498,16407,"R"
30232,"nio-webserver-r",1419354905260905,452656,"Running"
30295,"NIO-Worker",1419354905284030,406901874,"S"
30232,"nio-webserver-r",1419354905713561,36706094,"S"
30232,"nio-webserver-r",1419354942419655,85625,"R"
30232,"nio-webserver-r",1419354942505280,121510,"Running"
30232,"nio-webserver-r",1419354942626790,3802,"S"
30232,"nio-webserver-r",1419354942630592,70156,"R"
30232,"nio-webserver-r",1419354942700748,141250,"Running"
30232,"nio-webserver-r",1419354942841998,41042,"R"
30232,"nio-webserver-r",1419354942883040,38438,"Running"
30232,"nio-webserver-r",1419354942921478,484427,"S"
30232,"nio-webserver-r",1419354943405905,40468,"R"
30232,"nio-webserver-r",1419354943446373,52813,"Running"
30232,"nio-webserver-r",1419354943499186,11562,"R"
30232,"nio-webserver-r",1419354943510748,17813,"Running"
30232,"nio-webserver-r",1419354943528561,24635,"R"
30232,"nio-webserver-r",1419354943553196,270000,"Running"
30296,"NIO-Worker",1419354943784290,15677,"R"
30296,"NIO-Worker",1419354943799967,350625,"Running"
30232,"nio-webserver-r",1419354943823196,7903334,"S"
30296,"NIO-Worker",1419354944150592,2142761,"S"
30296,"NIO-Worker",1419354946293353,39843,"R"
30296,"NIO-Worker",1419354946333196,562552,"Running"
30296,"NIO-Worker",1419354946895748,126563,"S"
30296,"NIO-Worker",1419354947022311,69323,"R"
30296,"NIO-Worker",1419354947091634,50364,"Running"
30296,"NIO-Worker",1419354947141998,186563,"S"
30296,"NIO-Worker",1419354947328561,88125,"R"
30296,"NIO-Worker",1419354947416686,222031,"Running"
30296,"NIO-Worker",1419354947638717,51667,"R+"
30296,"NIO-Worker",1419354947690384,4427,"Running"
30296,"NIO-Worker",1419354947694811,251406,"S"
30296,"NIO-Worker",1419354947946217,12031,"R"
30296,"NIO-Worker",1419354947958248,33438,"Running"
30296,"NIO-Worker",1419354947991686,49531,"S"
30296,"NIO-Worker",1419354948041217,25469,"R"
30296,"NIO-Worker",1419354948066686,50937,"Running"
30296,"NIO-Worker",1419354948117623,66511,"S"
30296,"NIO-Worker",1419354948184134,30677,"R"
30296,"NIO-Worker",1419354948214811,756406,"Running"
30296,"NIO-Worker",1419354948971217,8229,"R"
30296,"NIO-Worker",1419354948979446,1367240,"Running"
30296,"NIO-Worker",1419354950346686,32187,"R"
30296,"NIO-Worker",1419354950378873,31198,"Running"
30296,"NIO-Worker",1419354950410071,35834,"R"
30296,"NIO-Worker",1419354950445905,1012135,"Running"
30296,"NIO-Worker",1419354951458040,27552,"S"
30296,"NIO-Worker",1419354951485592,33698,"R"
30296,"NIO-Worker",1419354951519290,240938,"Running"
30244,"nio-stream-prod",1419354951619967,39167,"R"
30244,"nio-stream-prod",1419354951659134,95677,"Running"
30232,"nio-webserver-r",1419354951726530,28281,"R"
30232,"nio-webserver-r",1419354951754811,192969,"Running"
30244,"nio-stream-prod",1419354951754811,109172291,"S"
30296,"NIO-Worker",1419354951760228,412850833,"S"
30232,"nio-webserver-r",1419354951947780,68906,"R+"
30232,"nio-webserver-r",1419354952016686,268073,"Running"
30232,"nio-webserver-r",1419354952284759,40102968,"S"
30232,"nio-webserver-r",1419354992387727,75834,"R"
30232,"nio-webserver-r",1419354992463561,125156,"Running"
30232,"nio-webserver-r",1419354992588717,24323,"R+"
30232,"nio-webserver-r",1419354992613040,21875,"Running"
30232,"nio-webserver-r",1419354992634915,7552,"S"
30232,"nio-webserver-r",1419354992642467,6563,"R"
30232,"nio-webserver-r",1419354992649030,6250,"Running"
30232,"nio-webserver-r",1419354992655280,45000,"S"
30232,"nio-webserver-r",1419354992700280,53229,"R"
30232,"nio-webserver-r",1419354992753509,79271,"Running"
30232,"nio-webserver-r",1419354992832780,10781,"R"
30232,"nio-webserver-r",1419354992843561,175573,"Running"
30232,"nio-webserver-r",1419354993019134,108177,"S"
30232,"nio-webserver-r",1419354993127311,29844,"R"
30232,"nio-webserver-r",1419354993157155,336093,"Running"
30299,"NIO-Worker",1419354993462623,30625,"R"
30232,"nio-webserver-r",1419354993493248,9505469,"S"
30299,"NIO-Worker",1419354993493248,333907,"Running"
30299,"NIO-Worker",1419354993827155,2847031,"S"
30299,"NIO-Worker",1419354996674186,10937,"R"
30299,"NIO-Worker",1419354996685123,505625,"Running"
30299,"NIO-Worker",1419354997190748,171875,"S"
30299,"NIO-Worker",1419354997362623,21823,"R"
30299,"NIO-Worker",1419354997384446,40365,"Running"
30299,"NIO-Worker",1419354997424811,16354,"R+"
30299,"NIO-Worker",1419354997441165,15208,"Running"
30299,"NIO-Worker",1419354997456373,226407,"S"
30299,"NIO-Worker",1419354997682780,16250,"R"
30299,"NIO-Worker",1419354997699030,166041,"Running"
30299,"NIO-Worker",1419354997865071,8334,"R"
30299,"NIO-Worker",1419354997873405,66822,"Running"
30299,"NIO-Worker",1419354997940227,118594,"R+"
30299,"NIO-Worker",1419354998058821,5677,"Running"
30299,"NIO-Worker",1419354998064498,131667,"S"
30299,"NIO-Worker",1419354998196165,12552,"R"
30299,"NIO-Worker",1419354998208717,25104,"Running"
30299,"NIO-Worker",1419354998233821,40156,"S"
30299,"NIO-Worker",1419354998273977,15209,"R"
30299,"NIO-Worker",1419354998289186,41979,"Running"
30299,"NIO-Worker",1419354998331165,42083,"S"
30299,"NIO-Worker",1419354998373248,15469,"R"
30299,"NIO-Worker",1419354998388717,1132813,"Running"
30299,"NIO-Worker",1419354999521530,38125,"R"
30299,"NIO-Worker",1419354999559655,239062,"Running"
30299,"NIO-Worker",1419354999798717,14531,"R"
30299,"NIO-Worker",1419354999813248,113438,"Running"
30299,"NIO-Worker",1419354999926686,27448,"R"
30299,"NIO-Worker",1419354999954134,320468,"Running"
30299,"NIO-Worker",1419355000274602,11771,"R"
30299,"NIO-Worker",1419355000286373,146042,"Running"
30299,"NIO-Worker",1419355000432415,131562,"R"
30299,"NIO-Worker",1419355000563977,290938,"Running"
30299,"NIO-Worker",1419355000854915,15521,"R"
30299,"NIO-Worker",1419355000870436,8125,"Running"
30299,"NIO-Worker",1419355000878561,28073,"R"
30299,"NIO-Worker",1419355000906634,916614,"Running"
30299,"NIO-Worker",1419355001823248,281198,"S"
30299,"NIO-Worker",1419355002104446,45625,"R"
30299,"NIO-Worker",1419355002150071,1105834,"Running"
30232,"nio-webserver-r",1419355002998717,85260,"R"
30232,"nio-webserver-r",1419355003083977,1040834,"Running"
30299,"NIO-Worker",1419355003255905,413595104,"S"
30232,"nio-webserver-r",1419355004124811,48750,"R+"
30232,"nio-webserver-r",1419355004173561,60937,"Running"
30232,"nio-webserver-r",1419355004234498,40920469,"S"
30232,"nio-webserver-r",1419355045154967,38438,"R"
30232,"nio-webserver-r",1419355045193405,127500,"Running"
30232,"nio-webserver-r",1419355045320905,19062,"S"
30232,"nio-webserver-r",1419355045339967,64063,"R"
30232,"nio-webserver-r",1419355045404030,190937,"Running"
30232,"nio-webserver-r",1419355045594967,462969,"S"
30232,"nio-webserver-r",1419355046057936,43125,"R"
30232,"nio-webserver-r",1419355046101061,396250,"Running"
30300,"NIO-Worker",1419355046440227,41615,"R"
30300,"NIO-Worker",1419355046481842,313542,"Running"
30232,"nio-webserver-r",1419355046497311,14532135,"S"
30300,"NIO-Worker",1419355046795384,8771250,"S"
30300,"NIO-Worker",1419355055566634,186771,"R"
30300,"NIO-Worker",1419355055753405,633593,"Running"
30300,"NIO-Worker",1419355056386998,131094,"S"
30300,"NIO-Worker",1419355056518092,45469,"R"
30300,"NIO-Worker",1419355056563561,25781,"Running"
30300,"NIO-Worker",1419355056589342,192604,"S"
30300,"NIO-Worker",1419355056781946,36771,"R"
30300,"NIO-Worker",1419355056818717,51094,"Running"
30300,"NIO-Worker",1419355056869811,35000,"R"
30300,"NIO-Worker",1419355056904811,201094,"Running"
30300,"NIO-Worker",1419355057105905,277187,"S"
30300,"NIO-Worker",1419355057383092,28385,"R"
30300,"NIO-Worker",1419355057411477,48803,"Running"
30300,"NIO-Worker",1419355057460280,64947,"S"
30300,"NIO-Worker",1419355057525227,29219,"R"
30300,"NIO-Worker",1419355057554446,49219,"Running"
30300,"NIO-Worker",1419355057603665,20833,"R+"
30300,"NIO-Worker",1419355057624498,4219,"Running"
30300,"NIO-Worker",1419355057628717,31250,"S"
30300,"NIO-Worker",1419355057659967,16510,"R"
30300,"NIO-Worker",1419355057676477,1045625,"Running"
30300,"NIO-Worker",1419355058722102,158959,"R"
30300,"NIO-Worker",1419355058881061,1749010,"Running"
30300,"NIO-Worker",1419355060630071,115625,"R+"
30300,"NIO-Worker",1419355060745696,311459,"Running"
30244,"nio-stream-prod",1419355060927102,12240,"R"
30244,"nio-stream-prod",1419355060939342,118906,"Running"
30232,"nio-webserver-r",1419355061029446,56146,"R"
30300,"NIO-Worker",1419355061057155,410585312,"S"
30244,"nio-stream-prod",1419355061058248,97544375,"S"
30232,"nio-webserver-r",1419355061085592,11875,"Running"
30232,"nio-webserver-r",1419355061097467,7813,"R+"
30232,"nio-webserver-r",1419355061105280,215156,"Running"
30232,"nio-webserver-r",1419355061320436,87812,"R+"
30232,"nio-webserver-r",1419355061408248,235573,"Running"
30232,"nio-webserver-r",1419355061643821,35333334,"S"
30232,"nio-webserver-r",1419355096977155,51250,"R"
30232,"nio-webserver-r",1419355097028405,311354,"Running"
30232,"nio-webserver-r",1419355097339759,18489,"S"
30232,"nio-webserver-r",1419355097358248,76563,"R"
30232,"nio-webserver-r",1419355097434811,39166,"Running"
30232,"nio-webserver-r",1419355097473977,67084,"R+"
30232,"nio-webserver-r",1419355097541061,183385,"Running"
30232,"nio-webserver-r",1419355097724446,205365,"S"
30232,"nio-webserver-r",1419355097929811,79166,"R"
30232,"nio-webserver-r",1419355098008977,373125,"Running"
30234,"NIO-Worker",1419355098325436,14062,"R"
30234,"NIO-Worker",1419355098339498,375157,"Running"
30232,"nio-webserver-r",1419355098382102,8638907,"S"
30234,"NIO-Worker",1419355098714655,3369843,"S"
30234,"NIO-Worker",1419355102084498,14844,"R"
30234,"NIO-Worker",1419355102099342,231875,"Running"
30234,"NIO-Worker",1419355102331217,32760,"S"
30234,"NIO-Worker",1419355102363977,10209,"Running"
30234,"NIO-Worker",1419355102374186,17812,"S"
30234,"NIO-Worker",1419355102391998,336354,"Running"
30234,"NIO-Worker",1419355102728352,128334,"R+"
30234,"NIO-Worker",1419355102856686,11041,"Running"
30234,"NIO-Worker",1419355102867727,24115,"S"
30234,"NIO-Worker",1419355102891842,13698,"R"
30234,"NIO-Worker",1419355102905540,31406,"Running"
30234,"NIO-Worker",1419355102936946,26719,"R+"
30234,"NIO-Worker",1419355102963665,5833,"Running"
30234,"NIO-Worker",1419355102969498,205261,"S"
30234,"NIO-Worker",1419355103174759,20625,"R"
30234,"NIO-Worker",1419355103195384,240521,"Running"
30234,"NIO-Worker",1419355103435905,66093,"R+"
30234,"NIO-Worker",1419355103501998,7344,"Running"
30234,"NIO-Worker",1419355103509342,261719,"S"
30234,"NIO-Worker",1419355103771061,13125,"R"
30234,"NIO-Worker",1419355103784186,21875,"Running"
30234,"NIO-Worker",1419355103806061,52656,"S"
30234,"NIO-Worker",1419355103858717,20469,"R"
30234,"NIO-Worker",1419355103879186,51354,"Running"
30234,"NIO-Worker",1419355103930540,51458,"S"
30234,"NIO-Worker",1419355103981998,17500,"R"
30234,"NIO-Worker",1419355103999498,2184532,"Running"
30234,"NIO-Worker",1419355106184030,9791,"R"
30234,"NIO-Worker",1419355106193821,617552,"Running"
30234,"NIO-Worker",1419355106811373,25469,"S"
30234,"NIO-Worker",1419355106836842,17031,"R"
30234,"NIO-Worker",1419355106853873,212657,"Running"
30232,"nio-webserver-r",1419355107021009,20000,"R"
30232,"nio-webserver-r",1419355107041009,450208,"Running"
30234,"NIO-Worker",1419355107066530,420774062,"S"
30232,"nio-webserver-r",1419355107491217,44324219,"S"
30232,"nio-webserver-r",1419355151815436,10781,"R"
30232,"nio-webserver-r",1419355151826217,116094,"Running"
30232,"nio-webserver-r",1419355151942311,269791,"S"
30232,"nio-webserver-r",1419355152212102,37865,"R"
30232,"nio-webserver-r",1419355152249967,197344,"Running"
30232,"nio-webserver-r",1419355152447311,589948,"S"
30232,"nio-webserver-r",1419355153037259,29583,"R"
30232,"nio-webserver-r",1419355153066842,360573,"Running"
30285,"NIO-Worker",1419355153385227,29740,"R"
30285,"NIO-Worker",1419355153414967,553594,"Running"
30232,"nio-webserver-r",1419355153427415,5315990,"S"
30285,"NIO-Worker",1419355153968561,94948,"S"
30285,"NIO-Worker",1419355154063509,28333,"R"
30285,"NIO-Worker",1419355154091842,405313,"Running"
30285,"NIO-Worker",1419355154497155,139062,"S"
30285,"NIO-Worker",1419355154636217,15573,"R"
30285,"NIO-Worker",1419355154651790,35365,"Running"
30285,"NIO-Worker",1419355154687155,211875,"S"
30285,"NIO-Worker",1419355154899030,19843,"R"
30285,"NIO-Worker",1419355154918873,199844,"Running"
30285,"NIO-Worker",1419355155118717,269531,"S"
30285,"NIO-Worker",1419355155388248,17292,"R"
30285,"NIO-Worker",1419355155405540,22083,"Running"
30285,"NIO-Worker",1419355155427623,42813,"S"
30285,"NIO-Worker",1419355155470436,15000,"R"
30285,"NIO-Worker",1419355155485436,45625,"Running"
30285,"NIO-Worker",1419355155531061,56562,"S"
30285,"NIO-Worker",1419355155587623,24063,"R"
30285,"NIO-Worker",1419355155611686,2828385,"Running"
30285,"NIO-Worker",1419355158440071,25781,"S"
30285,"NIO-Worker",1419355158465852,15000,"R"
30285,"NIO-Worker",1419355158480852,170938,"Running"
30244,"nio-stream-prod",1419355158602623,74844,"R"
30285,"NIO-Worker",1419355158651790,17240,"R"
30285,"NIO-Worker",1419355158669030,39687,"Running"
30244,"nio-stream-prod",1419355158677467,83542,"Running"
30285,"NIO-Worker",1419355158708717,15469,"R"
30285,"NIO-Worker",1419355158724186,56094,"Running"
30232,"nio-webserver-r",1419355158743405,30625,"R"
30244,"nio-stream-prod",1419355158761009,37031,"R"
30232,"nio-webserver-r",1419355158774030,184010,"Running"
30285,"NIO-Worker",1419355158780280,423197604,"S"
30244,"nio-stream-prod",1419355158798040,16875,"Running"
30244,"nio-stream-prod",1419355158814915,106800364,"S"
30232,"nio-webserver-r",1419355158958040,70833,"R+"
30232,"nio-webserver-r",1419355159028873,160729,"Running"
30232,"nio-webserver-r",1419355159189602,92396,"R+"
30232,"nio-webserver-r",1419355159281998,35729,"Running"
30232,"nio-webserver-r",1419355159317727,51094,"R+"
30232,"nio-webserver-r",1419355159368821,70521,"Running"
30232,"nio-webserver-r",1419355159439342,47505469,"S"
30232,"nio-webserver-r",1419355206944811,72500,"R"
30232,"nio-webserver-r",1419355207017311,236406,"Running"
30232,"nio-webserver-r",1419355207253717,5104,"S"
30232,"nio-webserver-r",1419355207258821,24427,"R"
30232,"nio-webserver-r",1419355207283248,8229,"Running"
30232,"nio-webserver-r",1419355207291477,18490,"S"
30232,"nio-webserver-r",1419355207309967,14844,"R"
30232,"nio-webserver-r",1419355207324811,200625,"Running"
30232,"nio-webserver-r",1419355207525436,763698,"S"
30232,"nio-webserver-r",1419355208289134,36458,"R"
30232,"nio-webserver-r",1419355208325592,323125,"Running"
30290,"NIO-Worker",1419355208616061,51406,"R"
30232,"nio-webserver-r",1419355208648717,7874219,"S"
30290,"NIO-Worker",1419355208667467,199375,"Running"
30290,"NIO-Worker",1419355208866842,32812,"R"
30290,"NIO-Worker",1419355208899654,391719,"Running"
30290,"NIO-Worker",1419355209291373,2343542,"S"
30290,"NIO-Worker",1419355211634915,23958,"R"
30290,"NIO-Worker",1419355211658873,48750,"Running"
30290,"NIO-Worker",1419355211707623,11875,"R"
30290,"NIO-Worker",1419355211719498,348698,"Running"
30290,"NIO-Worker",1419355212068196,153021,"S"
30290,"NIO-Worker",1419355212221217,16042,"R"
30290,"NIO-Worker",1419355212237259,34427,"Running"
30290,"NIO-Worker",1419355212271686,242187,"S"
30290,"NIO-Worker",1419355212513873,21563,"R"
30290,"NIO-Worker",1419355212535436,234687,"Running"
30290,"NIO-Worker",1419355212770123,310313,"S"
30290,"NIO-Worker",1419355213080436,38125,"R"
30290,"NIO-Worker",1419355213118561,50000,"Running"
30290,"NIO-Worker",1419355213168561,42031,"S"
30290,"NIO-Worker",1419355213210592,20312,"R"
30290,"NIO-Worker",1419355213230904,80105,"Running"
30290,"NIO-Worker",1419355213311009,67395,"S"
30290,"NIO-Worker",1419355213378404,13282,"R"
30290,"NIO-Worker",1419355213391686,2763229,"Running"
30290,"NIO-Worker",1419355216154915,44427,"R+"
30290,"NIO-Worker",1419355216199342,72187,"Running"
30290,"NIO-Worker",1419355216271529,64532,"R"
30290,"NIO-Worker",1419355216336061,241823,"Running"
30232,"nio-webserver-r",1419355216522936,56041,"R"
30290,"NIO-Worker",1419355216577884,419041562,"S"
30232,"nio-webserver-r",1419355216578977,517240,"Running"
30232,"nio-webserver-r",1419355217096217,40570156,"S"
30232,"nio-webserver-r",1419355257666373,46719,"R"
30232,"nio-webserver-r",1419355257713092,91667,"Running"
30232,"nio-webserver-r",1419355257804759,109427,"R+"
30232,"nio-webserver-r",1419355257914186,58125,"Running"
30232,"nio-webserver-r",1419355257972311,108437,"S"
30232,"nio-webserver-r",1419355258080748,39375,"R"
30232,"nio-webserver-r",1419355258120123,180313,"Running"
30232,"nio-webserver-r",1419355258300436,561093,"S"
30232,"nio-webserver-r",1419355258861529,24375,"R"
30232,"nio-webserver-r",1419355258885904,368750,"Running"
30293,"NIO-Worker",1419355259216686,18281,"R"
30293,"NIO-Worker",1419355259234967,356719,"Running"
30232,"nio-webserver-r",1419355259254654,6470938,"S"
30293,"NIO-Worker",1419355259591686,1207812,"S"
30293,"NIO-Worker",1419355260799498,19219,"R"
30293,"NIO-Worker",1419355260818717,304844,"Running"
30293,"NIO-Worker",1419355261123561,35781,"S"
30293,"NIO-Worker",1419355261159342,11354,"R"
30293,"NIO-Worker",1419355261170696,272865,"Running"
30293,"NIO-Worker",1419355261443561,140312,"R+"
30293,"NIO-Worker",1419355261583873,37500,"Running"
30293,"NIO-Worker",1419355261621373,9011,"R+"
30293,"NIO-Worker",1419355261630384,7395,"Running"
30293,"NIO-Worker",1419355261637779,212500,"S"
30293,"NIO-Worker",1419355261850279,17969,"R"
30293,"NIO-Worker",1419355261868248,203594,"Running"
30293,"NIO-Worker",1419355262071842,282031,"S"
30293,"NIO-Worker",1419355262353873,22656,"R"
30293,"NIO-Worker",1419355262376529,21823,"Running"
30293,"NIO-Worker",1419355262398352,50365,"S"
30293,"NIO-Worker",1419355262448717,15469,"R"
30293,"NIO-Worker",1419355262464186,58906,"Running"
30293,"NIO-Worker",1419355262523092,67344,"S"
30293,"NIO-Worker",1419355262590436,17656,"R"
30293,"NIO-Worker",1419355262608092,1455417,"Running"
30293,"NIO-Worker",1419355264063509,8645,"R"
30293,"NIO-Worker",1419355264072154,807500,"Running"
30293,"NIO-Worker",1419355264879654,30782,"R"
30293,"NIO-Worker",1419355264910436,556718,"Running"
30293,"NIO-Worker",1419355265467154,24792,"S"
30293,"NIO-Worker",1419355265491946,17708,"R"
30293,"NIO-Worker",1419355265509654,152032,"Running"
30244,"nio-stream-prod",1419355265615279,67969,"R"
30293,"NIO-Worker",1419355265661686,15468,"R"
30293,"NIO-Worker",1419355265677154,109063,"Running"
30244,"nio-stream-prod",1419355265683248,109323,"Running"
30232,"nio-webserver-r",1419355265725592,37031,"R"
30232,"nio-webserver-r",1419355265762623,225886,"Running"
30293,"NIO-Worker",1419355265786217,425745156,"S"
30244,"nio-stream-prod",1419355265792571,106837240,"S"
30232,"nio-webserver-r",1419355265988509,9218,"R+"
30232,"nio-webserver-r",1419355265997727,280782,"Running"
30232,"nio-webserver-r",1419355266278509,44344114,"S"
30232,"nio-webserver-r",1419355310622623,49323,"R"
30232,"nio-webserver-r",1419355310671946,52396,"Running"
30232,"nio-webserver-r",1419355310724342,7187,"R"
30232,"nio-webserver-r",1419355310731529,100573,"Running"
30232,"nio-webserver-r",1419355310832102,174271,"S"
30232,"nio-webserver-r",1419355311006373,115417,"R"
30232,"nio-webserver-r",1419355311121790,180364,"Running"
30232,"nio-webserver-r",1419355311302154,398594,"S"
30232,"nio-webserver-r",1419355311700748,84063,"R"
30232,"nio-webserver-r",1419355311784811,57656,"Running"
30232,"nio-webserver-r",1419355311842467,21042,"R"
30232,"nio-webserver-r",1419355311863509,364895,"Running"
30295,"NIO-Worker",1419355312185904,48594,"R"
30232,"nio-webserver-r",1419355312228404,11309532,"S"
30295,"NIO-Worker",1419355312234498,380104,"Running"
30295,"NIO-Worker",1419355312614602,5352865,"S"
30295,"NIO-Worker",1419355317967467,19844,"R"
30295,"NIO-Worker",1419355317987311,607187,"Running"
30295,"NIO-Worker",1419355318594498,177136,"R+"
30295,"NIO-Worker",1419355318771634,41770,"Running"
30295,"NIO-Worker",1419355318813404,66980,"R+"
30295,"NIO-Worker",1419355318880384,7343,"Running"
30295,"NIO-Worker",1419355318887727,142396,"S"
30295,"NIO-Worker",1419355319030123,21198,"R"
30295,"NIO-Worker",1419355319051321,236302,"Running"
30295,"NIO-Worker",1419355319287623,299531,"S"
30295,"NIO-Worker",1419355319587154,62188,"R"
30295,"NIO-Worker",1419355319649342,31823,"Running"
30295,"NIO-Worker",1419355319681165,51771,"S"
30295,"NIO-Worker",1419355319732936,20885,"R"
30295,"NIO-Worker",1419355319753821,83802,"Running"
30295,"NIO-Worker",1419355319837623,49688,"S"
30295,"NIO-Worker",1419355319887311,22656,"R"
30295,"NIO-Worker",1419355319909967,3223906,"Running"
30295,"NIO-Worker",1419355323133873,87813,"R+"
30295,"NIO-Worker",1419355323221686,439218,"Running"
30232,"nio-webserver-r",1419355323537936,79479,"R"
30232,"nio-webserver-r",1419355323617415,574114,"Running"
30295,"NIO-Worker",1419355323660904,420127917,"S"
30232,"nio-webserver-r",1419355324191529,38976875,"S"
30232,"nio-webserver-r",1419355363168404,18594,"R"
30232,"nio-webserver-r",1419355363186998,116719,"Running"
30232,"nio-webserver-r",1419355363303717,251875,"S"
30232,"nio-webserver-r",1419355363555592,54635,"R"
30232,"nio-webserver-r",1419355363610227,175990,"Running"
30232,"nio-webserver-r",1419355363786217,453750,"S"
30232,"nio-webserver-r",1419355364239967,39010,"R"
30232,"nio-webserver-r",1419355364278977,371302,"Running"
30296,"NIO-Worker",1419355364611061,16823,"R"
30296,"NIO-Worker",1419355364627884,406614,"Running"
30232,"nio-webserver-r",1419355364650279,8050625,"S"
30296,"NIO-Worker",1419355365034498,2538125,"S"
30296,"NIO-Worker",1419355367572623,14844,"R"
30296,"NIO-Worker",1419355367587467,488698,"Running"
30296,"NIO-Worker",1419355368076165,155364,"S"
30296,"NIO-Worker",1419355368231529,16407,"R"
30296,"NIO-Worker",1419355368247936,78906,"Running"
30296,"NIO-Worker",1419355368326842,227656,"S"
30296,"NIO-Worker",1419355368554498,45104,"R"
30296,"NIO-Worker",1419355368599602,268802,"Running"
30296,"NIO-Worker",1419355368868404,533750,"S"
30296,"NIO-Worker",1419355369402154,19375,"R"
30296,"NIO-Worker",1419355369421529,18594,"Running"
30296,"NIO-Worker",1419355369440123,64063,"S"
30296,"NIO-Worker",1419355369504186,17656,"R"
30296,"NIO-Worker",1419355369521842,46979,"Running"
30296,"NIO-Worker",1419355369568821,48021,"S"
30296,"NIO-Worker",1419355369616842,31094,"R"
30296,"NIO-Worker",1419355369647936,2745104,"Running"
30296,"NIO-Worker",1419355372393040,37708,"R"
30296,"NIO-Worker",1419355372430748,28438,"Running"
30296,"NIO-Worker",1419355372459186,29843,"R+"
30296,"NIO-Worker",1419355372489029,4219,"Running"
30296,"NIO-Worker",1419355372493248,313,"S"
30296,"NIO-Worker",1419355372493561,26875,"R"
30296,"NIO-Worker",1419355372520436,227812,"Running"
30244,"nio-stream-prod",1419355372629811,32760,"R"
30244,"nio-stream-prod",1419355372662571,100365,"Running"
30232,"nio-webserver-r",1419355372700904,17500,"R"
30232,"nio-webserver-r",1419355372718404,147500,"Running"
30296,"NIO-Worker",1419355372748248,424780729,"S"
30244,"nio-stream-prod",1419355372762936,108765625,"S"
30232,"nio-webserver-r",1419355372865904,82292,"R"
30232,"nio-webserver-r",1419355372948196,350677,"Running"
30232,"nio-webserver-r",1419355373298873,42026094,"S"
30232,"nio-webserver-r",1419355415324967,64323,"R"
30232,"nio-webserver-r",1419355415389290,139427,"Running"
30232,"nio-webserver-r",1419355415528717,92500,"S"
30232,"nio-webserver-r",1419355415621217,56250,"R"
30232,"nio-webserver-r",1419355415677467,9219,"Running"
30232,"nio-webserver-r",1419355415686686,14531,"S"
30232,"nio-webserver-r",1419355415701217,53125,"Running"
30232,"nio-webserver-r",1419355415754342,37917,"R"
30232,"nio-webserver-r",1419355415792259,126614,"Running"
30232,"nio-webserver-r",1419355415918873,558386,"S"
30232,"nio-webserver-r",1419355416477259,41770,"R"
30232,"nio-webserver-r",1419355416519029,394532,"Running"
30299,"NIO-Worker",1419355416851009,173645,"R"
30232,"nio-webserver-r",1419355416913561,12598125,"S"
30299,"NIO-Worker",1419355417024654,245782,"Running"
30299,"NIO-Worker",1419355417270436,7066562,"S"
30299,"NIO-Worker",1419355424336998,134948,"R"
30299,"NIO-Worker",1419355424471946,9740,"Running"
30299,"NIO-Worker",1419355424481686,35625,"R"
30299,"NIO-Worker",1419355424517311,399375,"Running"
30299,"NIO-Worker",1419355424916686,13854,"S"
30299,"NIO-Worker",1419355424930540,13802,"R"
30299,"NIO-Worker",1419355424944342,206042,"Running"
30299,"NIO-Worker",1419355425150384,29375,"R"
30299,"NIO-Worker",1419355425179759,15468,"Running"
30299,"NIO-Worker",1419355425195227,11407,"R+"
30299,"NIO-Worker",1419355425206634,35052,"Running"
30299,"NIO-Worker",1419355425241686,135468,"S"
30299,"NIO-Worker",1419355425377154,20469,"R"
30299,"NIO-Worker",1419355425397623,56719,"Running"
30299,"NIO-Worker",1419355425454342,220781,"S"
30299,"NIO-Worker",1419355425675123,14167,"R"
30299,"NIO-Worker",1419355425689290,236927,"Running"
30299,"NIO-Worker",1419355425926217,253854,"S"
30299,"NIO-Worker",1419355426180071,20625,"R"
30299,"NIO-Worker",1419355426200696,28646,"Running"
30299,"NIO-Worker",1419355426229342,54375,"R+"
30299,"NIO-Worker",1419355426283717,49219,"Running"
30299,"NIO-Worker",1419355426332936,69010,"S"
30299,"NIO-Worker",1419355426401946,15365,"R"
30299,"NIO-Worker",1419355426417311,2476562,"Running"
30299,"NIO-Worker",1419355428893873,18594,"R"
30299,"NIO-Worker",1419355428912467,381406,"Running"
30299,"NIO-Worker",1419355429293873,22656,"S"
30299,"NIO-Worker",1419355429316529,15469,"R"
30299,"NIO-Worker",1419355429331998,245313,"Running"
30232,"nio-webserver-r",1419355429511686,36406,"R"
30232,"nio-webserver-r",1419355429548092,264219,"Running"
30299,"NIO-Worker",1419355429577311,422646250,"S"
30232,"nio-webserver-r",1419355429812311,74843,"R+"
30232,"nio-webserver-r",1419355429887154,214323,"Running"
30232,"nio-webserver-r",1419355430101477,40208959,"S"
30232,"nio-webserver-r",1419355470310436,55781,"R"
30232,"nio-webserver-r",1419355470366217,161406,"Running"
30232,"nio-webserver-r",1419355470527623,129688,"S"
30232,"nio-webserver-r",1419355470657311,41562,"R"
30232,"nio-webserver-r",1419355470698873,181042,"Running"
30232,"nio-webserver-r",1419355470879915,410364,"S"
30232,"nio-webserver-r",1419355471290279,45730,"R"
30232,"nio-webserver-r",1419355471336009,363437,"Running"
30300,"NIO-Worker",1419355471642467,32812,"R"
30300,"NIO-Worker",1419355471675279,376511,"Running"
30232,"nio-webserver-r",1419355471699446,9924427,"S"
30300,"NIO-Worker",1419355472051790,4432396,"S"
30300,"NIO-Worker",1419355476484186,27135,"R"
30300,"NIO-Worker",1419355476511321,241875,"Running"
30300,"NIO-Worker",1419355476753196,25990,"S"
30300,"NIO-Worker",1419355476779186,15625,"R"
30300,"NIO-Worker",1419355476794811,79479,"Running"
30300,"NIO-Worker",1419355476874290,45208,"R"
30300,"NIO-Worker",1419355476919498,337031,"Running"
30300,"NIO-Worker",1419355477256529,124844,"S"
30300,"NIO-Worker",1419355477381373,27604,"R"
30300,"NIO-Worker",1419355477408977,43021,"Running"
30300,"NIO-Worker",1419355477451998,84375,"R+"
30300,"NIO-Worker",1419355477536373,14844,"Running"
30300,"NIO-Worker",1419355477551217,126562,"S"
30300,"NIO-Worker",1419355477677779,18594,"R"
30300,"NIO-Worker",1419355477696373,228438,"Running"
30300,"NIO-Worker",1419355477924811,298906,"S"
30300,"NIO-Worker",1419355478223717,27031,"R"
30300,"NIO-Worker",1419355478250748,30156,"Running"
30300,"NIO-Worker",1419355478280904,53230,"S"
30300,"NIO-Worker",1419355478334134,26562,"R"
30300,"NIO-Worker",1419355478360696,60833,"Running"
30300,"NIO-Worker",1419355478421529,69688,"S"
30300,"NIO-Worker",1419355478491217,24844,"R"
30300,"NIO-Worker",1419355478516061,2851093,"Running"
30300,"NIO-Worker",1419355481367154,23230,"S"
30300,"NIO-Worker",1419355481390384,23802,"R"
30300,"NIO-Worker",1419355481414186,246718,"Running"
30244,"nio-stream-prod",1419355481528561,37760,"R"
30244,"nio-stream-prod",1419355481566321,97656,"Running"
30232,"nio-webserver-r",1419355481623873,40104,"R"
30300,"NIO-Worker",1419355481660904,424131563,"S"
30232,"nio-webserver-r",1419355481663977,142552,"Running"
30244,"nio-stream-prod",1419355481663977,114061459,"S"
30232,"nio-webserver-r",1419355481806529,66198,"R+"
30232,"nio-webserver-r",1419355481872727,72709,"Running"
30232,"nio-webserver-r",1419355481945436,101718,"R+"
30232,"nio-webserver-r",1419355482047154,82292,"Running"
30232,"nio-webserver-r",1419355482129446,31563,"R+"
30232,"nio-webserver-r",1419355482161009,277239,"Running"
30232,"nio-webserver-r",1419355482438248,43896094,"S"
30232,"nio-webserver-r",1419355526334342,307812,"R"
30232,"nio-webserver-r",1419355526642154,218438,"Running"
30232,"nio-webserver-r",1419355526860592,9323,"S"
30232,"nio-webserver-r",1419355526869915,39844,"R"
30232,"nio-webserver-r",1419355526909759,137395,"Running"
30232,"nio-webserver-r",1419355527047154,339375,"S"
30232,"nio-webserver-r",1419355527386529,79375,"R"
30232,"nio-webserver-r",1419355527465904,421511,"Running"
30234,"NIO-Worker",1419355527840592,36719,"R"
30234,"NIO-Worker",1419355527877311,400000,"Running"
30232,"nio-webserver-r",1419355527887415,5520312,"S"
30234,"NIO-Worker",1419355528277311,224531,"S"
30234,"NIO-Worker",1419355528501842,23125,"R"
30234,"NIO-Worker",1419355528524967,572344,"Running"
30234,"NIO-Worker",1419355529097311,76406,"R+"
30234,"NIO-Worker",1419355529173717,10729,"Running"
30234,"NIO-Worker",1419355529184446,86146,"S"
30234,"NIO-Worker",1419355529270592,20104,"R"
30234,"NIO-Worker",1419355529290696,39583,"Running"
30234,"NIO-Worker",1419355529330279,239219,"S"
30234,"NIO-Worker",1419355529569498,16406,"R"
30234,"NIO-Worker",1419355529585904,218698,"Running"
30234,"NIO-Worker",1419355529804602,279427,"S"
30234,"NIO-Worker",1419355530084029,45105,"R"
30234,"NIO-Worker",1419355530129134,23489,"Running"
30234,"NIO-Worker",1419355530152623,38698,"S"
30234,"NIO-Worker",1419355530191321,16146,"R"
30234,"NIO-Worker",1419355530207467,58125,"Running"
30234,"NIO-Worker",1419355530265592,42448,"S"
30234,"NIO-Worker",1419355530308040,15052,"R"
30234,"NIO-Worker",1419355530323092,2563698,"Running"
30234,"NIO-Worker",1419355532886790,12656,"R"
30234,"NIO-Worker",1419355532899446,50625,"Running"
30234,"NIO-Worker",1419355532950071,64271,"R"
30234,"NIO-Worker",1419355533014342,237031,"Running"
30234,"NIO-Worker",1419355533251373,21979,"S"
30234,"NIO-Worker",1419355533273352,11771,"R"
30234,"NIO-Worker",1419355533285123,157500,"Running"
30232,"nio-webserver-r",1419355533407727,15209,"R"
30232,"nio-webserver-r",1419355533422936,388437,"Running"
30234,"NIO-Worker",1419355533442623,425099167,"S"
30232,"nio-webserver-r",1419355533811373,46504219,"S"
30232,"nio-webserver-r",1419355580315592,28906,"R"
30232,"nio-webserver-r",1419355580344498,121563,"Running"
30232,"nio-webserver-r",1419355580466061,421250,"S"
30232,"nio-webserver-r",1419355580887311,19479,"R"
30232,"nio-webserver-r",1419355580906790,11302,"Running"
30232,"nio-webserver-r",1419355580918092,27292,"S"
30232,"nio-webserver-r",1419355580945384,250520,"Running"
30232,"nio-webserver-r",1419355581195904,362500,"S"
30232,"nio-webserver-r",1419355581558404,23125,"R"
30232,"nio-webserver-r",1419355581581529,434480,"Running"
30285,"NIO-Worker",1419355581977884,16614,"R"
30285,"NIO-Worker",1419355581994498,363125,"Running"
30232,"nio-webserver-r",1419355582016009,13885000,"S"
30285,"NIO-Worker",1419355582357623,7671875,"S"
30285,"NIO-Worker",1419355590029498,21719,"R"
30285,"NIO-Worker",1419355590051217,331562,"Running"
30285,"NIO-Worker",1419355590382779,21563,"S"
30285,"NIO-Worker",1419355590404342,11719,"R"
30285,"NIO-Worker",1419355590416061,338541,"Running"
30285,"NIO-Worker",1419355590754602,196407,"S"
30285,"NIO-Worker",1419355590951009,64114,"R"
30285,"NIO-Worker",1419355591015123,103125,"Running"
30285,"NIO-Worker",1419355591118248,177188,"R+"
30285,"NIO-Worker",1419355591295436,6823,"Running"
30285,"NIO-Worker",1419355591302259,185781,"S"
30285,"NIO-Worker",1419355591488040,24687,"R"
30285,"NIO-Worker",1419355591512727,114844,"Running"
30285,"NIO-Worker",1419355591627571,25990,"R"
30285,"NIO-Worker",1419355591653561,123281,"Running"
30285,"NIO-Worker",1419355591776842,675156,"S"
30285,"NIO-Worker",1419355592451998,13906,"R"
30285,"NIO-Worker",1419355592465904,14219,"Running"
30285,"NIO-Worker",1419355592480123,5938,"R+"
30285,"NIO-Worker",1419355592486061,51093,"Running"
30285,"NIO-Worker",1419355592537154,85469,"S"
30285,"NIO-Worker",1419355592622623,16875,"R"
30285,"NIO-Worker",1419355592639498,68750,"Running"
30285,"NIO-Worker",1419355592708248,77188,"R+"
30285,"NIO-Worker",1419355592785436,552656,"Running"
30285,"NIO-Worker",1419355593338092,201719,"R"
30285,"NIO-Worker",1419355593539811,46823,"Running"
30285,"NIO-Worker",1419355593586634,15781,"R"
30285,"NIO-Worker",1419355593602415,1930469,"Running"
30285,"NIO-Worker",1419355595532884,43750,"S"
30285,"NIO-Worker",1419355595576634,43645,"R"
30285,"NIO-Worker",1419355595620279,319063,"Running"
30244,"nio-stream-prod",1419355595725436,19218,"R"
30244,"nio-stream-prod",1419355595744654,141719,"Running"
30244,"nio-stream-prod",1419355595886373,106506406,"S"
30232,"nio-webserver-r",1419355595901009,19427,"R"
30232,"nio-webserver-r",1419355595920436,457812,"Running"
30285,"NIO-Worker",1419355595939342,416640416,"S"
30232,"nio-webserver-r",1419355596378248,52813,"R+"
30232,"nio-webserver-r",1419355596431061,102187,"Running"
30232,"nio-webserver-r",1419355596533248,37869167,"S"
30232,"nio-webserver-r",1419355634402415,55521,"R"
30232,"nio-webserver-r",1419355634457936,110625,"Running"
30232,"nio-webserver-r",1419355634568561,9375,"R"
30232,"nio-webserver-r",1419355634577936,115625,"Running"
30232,"nio-webserver-r",1419355634693561,59531,"R+"
30232,"nio-webserver-r",1419355634753092,27500,"Running"
30232,"nio-webserver-r",1419355634780592,11823,"S"
30232,"nio-webserver-r",1419355634792415,92812,"R"
30232,"nio-webserver-r",1419355634885227,70365,"Running"
30232,"nio-webserver-r",1419355634955592,117031,"R"
30232,"nio-webserver-r",1419355635072623,154219,"Running"
30232,"nio-webserver-r",1419355635226842,55312,"S"
30232,"nio-webserver-r",1419355635282154,28907,"R"
30232,"nio-webserver-r",1419355635311061,355312,"Running"
30290,"NIO-Worker",1419355635619446,20938,"R"
30290,"NIO-Worker",1419355635640384,401145,"Running"
30232,"nio-webserver-r",1419355635666373,15948594,"S"
30290,"NIO-Worker",1419355636041529,9530625,"S"
30290,"NIO-Worker",1419355645572154,18282,"R"
30290,"NIO-Worker",1419355645590436,205937,"Running"
30290,"NIO-Worker",1419355645796373,37188,"S"
30290,"NIO-Worker",1419355645833561,350937,"Running"
30290,"NIO-Worker",1419355646184498,139167,"S"
30290,"NIO-Worker",1419355646323665,195364,"R"
30290,"NIO-Worker",1419355646519029,97813,"Running"
30290,"NIO-Worker",1419355646616842,149062,"R+"
30290,"NIO-Worker",1419355646765904,14792,"Running"
30290,"NIO-Worker",1419355646780696,90833,"S"
30290,"NIO-Worker",1419355646871529,28438,"R"
30290,"NIO-Worker",1419355646899967,215260,"Running"
30290,"NIO-Worker",1419355647115227,334219,"R+"
30290,"NIO-Worker",1419355647449446,122240,"Running"
30290,"NIO-Worker",1419355647571686,86041,"R+"
30290,"NIO-Worker",1419355647657727,47031,"Running"
30290,"NIO-Worker",1419355647704758,155678,"S"
30290,"NIO-Worker",1419355647860436,80468,"R"
30290,"NIO-Worker",1419355647940904,2300104,"Running"
30290,"NIO-Worker",1419355650241008,55157,"R"
30290,"NIO-Worker",1419355650296165,1089739,"Running"
30290,"NIO-Worker",1419355651385904,25573,"S"
30290,"NIO-Worker",1419355651411477,18802,"R"
30290,"NIO-Worker",1419355651430279,285938,"Running"
30232,"nio-webserver-r",1419355651614967,21562,"R"
30232,"nio-webserver-r",1419355651636529,405469,"Running"
30290,"NIO-Worker",1419355651716217,415924791,"S"
30232,"nio-webserver-r",1419355652041998,37589948,"S"
30232,"nio-webserver-r",1419355689631946,65052,"R"
30232,"nio-webserver-r",1419355689696998,109375,"Running"
30232,"nio-webserver-r",1419355689806373,87344,"S"
30232,"nio-webserver-r",1419355689893717,12656,"R"
30232,"nio-webserver-r",1419355689906373,4792,"Running"
30232,"nio-webserver-r",1419355689911165,95989,"S"
30232,"nio-webserver-r",1419355690007154,23594,"R"
30232,"nio-webserver-r",1419355690030748,175625,"Running"
30232,"nio-webserver-r",1419355690206373,507760,"S"
30232,"nio-webserver-r",1419355690714133,93334,"R"
30232,"nio-webserver-r",1419355690807467,173437,"Running"
30232,"nio-webserver-r",1419355690980904,112188,"R"
30232,"nio-webserver-r",1419355691093092,125260,"Running"
30232,"nio-webserver-r",1419355691218352,255625,"R"
30232,"nio-webserver-r",1419355691473977,106771,"Running"
30293,"NIO-Worker",1419355691531373,28281,"R"
30293,"NIO-Worker",1419355691559654,426563,"Running"
30232,"nio-webserver-r",1419355691580748,10890781,"S"
30293,"NIO-Worker",1419355691986217,4508750,"S"
30293,"NIO-Worker",1419355696494967,15000,"R"
30293,"NIO-Worker",1419355696509967,221406,"Running"
30293,"NIO-Worker",1419355696731373,20313,"S"
30293,"NIO-Worker",1419355696751686,337760,"Running"
30293,"NIO-Worker",1419355697089446,27865,"R+"
30293,"NIO-Worker",1419355697117311,4843,"Running"
30293,"NIO-Worker",1419355697122154,343750,"S"
30293,"NIO-Worker",1419355697465904,18438,"R"
30293,"NIO-Worker",1419355697484342,114062,"Running"
30293,"NIO-Worker",1419355697598404,99532,"R+"
30293,"NIO-Worker",1419355697697936,4531,"Running"
30293,"NIO-Worker",1419355697702467,156719,"S"
30293,"NIO-Worker",1419355697859186,20468,"R"
30293,"NIO-Worker",1419355697879654,190104,"Running"
30293,"NIO-Worker",1419355698069758,55625,"R+"
30293,"NIO-Worker",1419355698125383,5313,"Running"
30293,"NIO-Worker",1419355698130696,178594,"S"
30293,"NIO-Worker",1419355698309290,26302,"R"
30293,"NIO-Worker",1419355698335592,21406,"Running"
30293,"NIO-Worker",1419355698356998,59635,"S"
30293,"NIO-Worker",1419355698416633,24428,"R"
30293,"NIO-Worker",1419355698441061,61093,"Running"
30293,"NIO-Worker",1419355698502154,49219,"S"
30293,"NIO-Worker",1419355698551373,22188,"R"
30293,"NIO-Worker",1419355698573561,872968,"Running"
30293,"NIO-Worker",1419355699446529,695261,"R"
30293,"NIO-Worker",1419355700141790,57500,"Running"
30293,"NIO-Worker",1419355700199290,32083,"R"
30293,"NIO-Worker",1419355700231373,1967760,"Running"
30293,"NIO-Worker",1419355702199133,33178,"R+"
30293,"NIO-Worker",1419355702232311,311979,"Running"
30244,"nio-stream-prod",1419355702392779,325104,"R"
30232,"nio-webserver-r",1419355702471529,77657,"R"
30293,"NIO-Worker",1419355702544290,418969583,"S"
30232,"nio-webserver-r",1419355702549186,244062,"Running"
30244,"nio-stream-prod",1419355702717883,125469,"Running"
30232,"nio-webserver-r",1419355702793248,10000,"S"
30232,"nio-webserver-r",1419355702803248,87500,"R"
30244,"nio-stream-prod",1419355702843352,113581459,"S"
30232,"nio-webserver-r",1419355702890748,161719,"Running"
30232,"nio-webserver-r",1419355703052467,78229,"R+"
30232,"nio-webserver-r",1419355703130696,104062,"Running"
30232,"nio-webserver-r",1419355703234758,39050209,"S"
30232,"nio-webserver-r",1419355742284967,21198,"R"
30232,"nio-webserver-r",1419355742306165,114427,"Running"
30232,"nio-webserver-r",1419355742420592,283281,"S"
30232,"nio-webserver-r",1419355742703873,57344,"R"
30232,"nio-webserver-r",1419355742761217,138281,"Running"
30232,"nio-webserver-r",1419355742899498,389167,"S"
30232,"nio-webserver-r",1419355743288665,157396,"R"
30232,"nio-webserver-r",1419355743446061,127500,"Running"
30232,"nio-webserver-r",1419355743573561,8541,"R"
30232,"nio-webserver-r",1419355743582102,258594,"Running"
30295,"NIO-Worker",1419355743788821,13177,"R"
30295,"NIO-Worker",1419355743801998,354219,"Running"
30232,"nio-webserver-r",1419355743840696,13621719,"S"
30295,"NIO-Worker",1419355744156217,8688437,"S"
30295,"NIO-Worker",1419355752844654,22969,"R"
30295,"NIO-Worker",1419355752867623,510313,"Running"
30295,"NIO-Worker",1419355753377936,125312,"S"
30295,"NIO-Worker",1419355753503248,15260,"R"
30295,"NIO-Worker",1419355753518508,40157,"Running"
30295,"NIO-Worker",1419355753558665,206771,"S"
30295,"NIO-Worker",1419355753765436,14843,"R"
30295,"NIO-Worker",1419355753780279,192500,"Running"
30295,"NIO-Worker",1419355753972779,248438,"S"
30295,"NIO-Worker",1419355754221217,35625,"R"
30295,"NIO-Worker",1419355754256842,30156,"Running"
30295,"NIO-Worker",1419355754286998,46563,"S"
30295,"NIO-Worker",1419355754333561,29687,"R"
30295,"NIO-Worker",1419355754363248,42188,"Running"
30295,"NIO-Worker",1419355754405436,38229,"S"
30295,"NIO-Worker",1419355754443665,54687,"R"
30295,"NIO-Worker",1419355754498352,2761875,"Running"
30295,"NIO-Worker",1419355757260227,18646,"S"
30295,"NIO-Worker",1419355757278873,52344,"R"
30295,"NIO-Worker",1419355757331217,175416,"Running"
30232,"nio-webserver-r",1419355757462415,42239,"R"
30232,"nio-webserver-r",1419355757504654,265261,"Running"
30295,"NIO-Worker",1419355757506633,419039427,"S"
30232,"nio-webserver-r",1419355757769915,75989,"R+"
30232,"nio-webserver-r",1419355757845904,165886,"Running"
30232,"nio-webserver-r",1419355758011790,37851146,"S"
30232,"nio-webserver-r",1419355795862936,34687,"R"
30232,"nio-webserver-r",1419355795897623,261406,"Running"
30232,"nio-webserver-r",1419355796159029,144375,"S"
30232,"nio-webserver-r",1419355796303404,24375,"R"
30232,"nio-webserver-r",1419355796327779,15625,"Running"
30232,"nio-webserver-r",1419355796343404,37188,"S"
30232,"nio-webserver-r",1419355796380592,65469,"R"
30232,"nio-webserver-r",1419355796446061,242447,"Running"
30232,"nio-webserver-r",1419355796688508,323646,"S"
30232,"nio-webserver-r",1419355797012154,110469,"R"
30232,"nio-webserver-r",1419355797122623,243906,"Running"
30232,"nio-webserver-r",1419355797366529,29167,"R"
30232,"nio-webserver-r",1419355797395696,185990,"Running"
30296,"NIO-Worker",1419355797528977,39740,"R"
30296,"NIO-Worker",1419355797568717,210469,"Running"
30232,"nio-webserver-r",1419355797581686,18942968,"S"
30296,"NIO-Worker",1419355797779186,7968,"R"
30296,"NIO-Worker",1419355797787154,201407,"Running"
30296,"NIO-Worker",1419355797988561,10673697,"S"
30296,"NIO-Worker",1419355808662258,26771,"R"
30296,"NIO-Worker",1419355808689029,151719,"Running"
30296,"NIO-Worker",1419355808840748,409219,"R"
30296,"NIO-Worker",1419355809249967,156250,"Running"
30296,"NIO-Worker",1419355809406217,1879531,"S"
30296,"NIO-Worker",1419355811285748,31094,"R"
30296,"NIO-Worker",1419355811316842,67812,"Running"
30296,"NIO-Worker",1419355811384654,32500,"S"
30296,"NIO-Worker",1419355811417154,325313,"Running"
30296,"NIO-Worker",1419355811742467,44010,"R+"
30296,"NIO-Worker",1419355811786477,88646,"Running"
30296,"NIO-Worker",1419355811875123,113229,"R+"
30296,"NIO-Worker",1419355811988352,13802,"Running"
30296,"NIO-Worker",1419355812002154,55938,"S"
30296,"NIO-Worker",1419355812058092,25885,"R"
30296,"NIO-Worker",1419355812083977,46615,"Running"
30296,"NIO-Worker",1419355812130592,266354,"S"
30296,"NIO-Worker",1419355812396946,80521,"R"
30296,"NIO-Worker",1419355812477467,247291,"Running"
30296,"NIO-Worker",1419355812724758,343646,"S"
30296,"NIO-Worker",1419355813068404,39688,"R"
30296,"NIO-Worker",1419355813108092,46562,"Running"
30296,"NIO-Worker",1419355813154654,71719,"S"
30296,"NIO-Worker",1419355813226373,20938,"R"
30296,"NIO-Worker",1419355813247311,52812,"Running"
30296,"NIO-Worker",1419355813300123,47656,"S"
30296,"NIO-Worker",1419355813347779,59011,"R"
30296,"NIO-Worker",1419355813406790,560833,"Running"
30296,"NIO-Worker",1419355813967623,5625,"R"
30296,"NIO-Worker",1419355813973248,2227292,"Running"
30296,"NIO-Worker",1419355816200540,124739,"R+"
30296,"NIO-Worker",1419355816325279,270625,"Running"
30244,"nio-stream-prod",1419355816424811,50156,"R"
30244,"nio-stream-prod",1419355816474967,92344,"Running"
30232,"nio-webserver-r",1419355816524654,15938,"R"
30232,"nio-webserver-r",1419355816540592,352969,"Running"
30244,"nio-stream-prod",1419355816567311,28593,"R"
30244,"nio-stream-prod",1419355816595904,34688,"Running"
30296,"NIO-Worker",1419355816595904,412397656,"S"
30244,"nio-stream-prod",1419355816630592,94875260,"S"
30232,"nio-webserver-r",1419355816893561,112031,"R+"
30232,"nio-webserver-r",1419355817005592,83073,"Running"
30232,"nio-webserver-r",1419355817088665,230000,"R+"
30232,"nio-webserver-r",1419355817318665,190052,"Running"
30232,"nio-webserver-r",1419355817508717,15625,"R+"
30232,"nio-webserver-r",1419355817524342,124844,"Running"
30232,"nio-webserver-r",1419355817649186,33253697,"S"
30232,"nio-webserver-r",1419355850902883,49532,"R"
30232,"nio-webserver-r",1419355850952415,100781,"Running"
30232,"nio-webserver-r",1419355851053196,217708,"S"
30232,"nio-webserver-r",1419355851270904,27500,"R"
30232,"nio-webserver-r",1419355851298404,87188,"Running"
30232,"nio-webserver-r",1419355851385592,17656,"R"
30232,"nio-webserver-r",1419355851403248,99167,"Running"
30232,"nio-webserver-r",1419355851502415,417083,"S"
30232,"nio-webserver-r",1419355851919498,28542,"R"
30232,"nio-webserver-r",1419355851948040,315208,"Running"
30299,"NIO-Worker",1419355852223561,21562,"R"
30299,"NIO-Worker",1419355852245123,311563,"Running"
30232,"nio-webserver-r",1419355852263248,20444635,"S"
30299,"NIO-Worker",1419355852556686,15203281,"S"
30299,"NIO-Worker",1419355867759967,27812,"R"
30299,"NIO-Worker",1419355867787779,588750,"Running"
30299,"NIO-Worker",1419355868376529,164063,"S"
30299,"NIO-Worker",1419355868540592,21250,"R"
30299,"NIO-Worker",1419355868561842,28281,"Running"
30299,"NIO-Worker",1419355868590123,217500,"S"
30299,"NIO-Worker",1419355868807623,60469,"R"
30299,"NIO-Worker",1419355868868092,241354,"Running"
30299,"NIO-Worker",1419355869109446,14271,"R+"
30299,"NIO-Worker",1419355869123717,10468,"Running"
30299,"NIO-Worker",1419355869134185,226667,"S"
30299,"NIO-Worker",1419355869360852,56563,"R"
30299,"NIO-Worker",1419355869417415,24270,"Running"
30299,"NIO-Worker",1419355869441685,51355,"S"
30299,"NIO-Worker",1419355869493040,15208,"R"
30299,"NIO-Worker",1419355869508248,92656,"Running"
30299,"NIO-Worker",1419355869600904,75781,"S"
30299,"NIO-Worker",1419355869676685,26198,"R"
30299,"NIO-Worker",1419355869702883,2773282,"Running"
30299,"NIO-Worker",1419355872476165,32708,"S"
30299,"NIO-Worker",1419355872508873,38542,"R"
30299,"NIO-Worker",1419355872547415,198645,"Running"
30232,"nio-webserver-r",1419355872707883,15313,"R"
30232,"nio-webserver-r",1419355872723196,132239,"Running"
30299,"NIO-Worker",1419355872746060,413389480,"S"
30232,"nio-webserver-r",1419355872855435,45573,"R"
30232,"nio-webserver-r",1419355872901008,6875,"Running"
30232,"nio-webserver-r",1419355872907883,14427,"R"
30232,"nio-webserver-r",1419355872922310,279375,"Running"
30232,"nio-webserver-r",1419355873201685,30798542,"S"
30232,"nio-webserver-r",1419355904000227,56302,"R"
30232,"nio-webserver-r",1419355904056529,146719,"Running"
30232,"nio-webserver-r",1419355904203248,133229,"S"
30232,"nio-webserver-r",1419355904336477,38021,"R"
30232,"nio-webserver-r",1419355904374498,191823,"Running"
30232,"nio-webserver-r",1419355904566321,619375,"S"
30232,"nio-webserver-r",1419355905185696,42083,"R"
30232,"nio-webserver-r",1419355905227779,615625,"Running"
30300,"NIO-Worker",1419355905792467,17448,"R"
30300,"NIO-Worker",1419355905809915,956875,"Running"
30232,"nio-webserver-r",1419355905843404,5881406,"S"
30300,"NIO-Worker",1419355906766790,160677,"S"
30300,"NIO-Worker",1419355906927467,17343,"R"
30300,"NIO-Worker",1419355906944810,48750,"Running"
30300,"NIO-Worker",1419355906993560,244688,"S"
30300,"NIO-Worker",1419355907238248,18125,"R"
30300,"NIO-Worker",1419355907256373,209219,"Running"
30300,"NIO-Worker",1419355907465592,363125,"S"
30300,"NIO-Worker",1419355907828717,26718,"R"
30300,"NIO-Worker",1419355907855435,39167,"Running"
30300,"NIO-Worker",1419355907894602,61302,"S"
30300,"NIO-Worker",1419355907955904,22188,"R"
30300,"NIO-Worker",1419355907978092,73854,"Running"
30300,"NIO-Worker",1419355908051946,63021,"R+"
30300,"NIO-Worker",1419355908114967,630312,"Running"
30300,"NIO-Worker",1419355908745279,68281,"R"
30300,"NIO-Worker",1419355908813560,81407,"Running"
30300,"NIO-Worker",1419355908894967,187916,"R"
30300,"NIO-Worker",1419355909082883,1914532,"Running"
30300,"NIO-Worker",1419355910997415,5989,"R"
30300,"NIO-Worker",1419355911003404,282136,"Running"
30300,"NIO-Worker",1419355911285540,34375,"R+"
30300,"NIO-Worker",1419355911319915,12187,"Running"
30300,"NIO-Worker",1419355911332102,59688,"S"
30300,"NIO-Worker",1419355911391790,380208,"Running"
30244,"nio-stream-prod",1419355911505852,29063,"R"
30244,"nio-stream-prod",1419355911534915,118645,"Running"
30244,"nio-stream-prod",1419355911653560,107339948,"S"
30232,"nio-webserver-r",1419355911724810,26250,"R"
30232,"nio-webserver-r",1419355911751060,491407,"Running"
30300,"NIO-Worker",1419355911771998,423373750,"S"
30232,"nio-webserver-r",1419355912242467,44544843,"S"
30232,"nio-webserver-r",1419355956787310,48386,"R"
30232,"nio-webserver-r",1419355956835696,179271,"Running"
30232,"nio-webserver-r",1419355957014967,133750,"S"
30232,"nio-webserver-r",1419355957148717,38593,"R"
30232,"nio-webserver-r",1419355957187310,170313,"Running"
30232,"nio-webserver-r",1419355957357623,746875,"S"
30232,"nio-webserver-r",1419355958104498,89219,"R"
30232,"nio-webserver-r",1419355958193717,254166,"Running"
30232,"nio-webserver-r",1419355958447883,15209,"R"
30232,"nio-webserver-r",1419355958463092,141875,"Running"
30234,"NIO-Worker",1419355958541790,63177,"R"
30232,"nio-webserver-r",1419355958604967,5782656,"S"
30234,"NIO-Worker",1419355958604967,598437,"Running"
30234,"NIO-Worker",1419355959203404,107031,"S"
30234,"NIO-Worker",1419355959310435,24167,"R"
30234,"NIO-Worker",1419355959334602,286927,"Running"
30234,"NIO-Worker",1419355959621529,166250,"S"
30234,"NIO-Worker",1419355959787779,21719,"R"
30234,"NIO-Worker",1419355959809498,27448,"Running"
30234,"NIO-Worker",1419355959836946,66771,"R+"
30234,"NIO-Worker",1419355959903717,5000,"Running"
30234,"NIO-Worker",1419355959908717,156666,"S"
30234,"NIO-Worker",1419355960065383,16302,"R"
30234,"NIO-Worker",1419355960081685,250625,"Running"
30234,"NIO-Worker",1419355960332310,21250,"R+"
30234,"NIO-Worker",1419355960353560,9063,"Running"
30234,"NIO-Worker",1419355960362623,196406,"S"
30234,"NIO-Worker",1419355960559029,47136,"R"
30234,"NIO-Worker",1419355960606165,40156,"Running"
30234,"NIO-Worker",1419355960646321,52344,"R+"
30234,"NIO-Worker",1419355960698665,6302,"Running"
30234,"NIO-Worker",1419355960704967,8906,"S"
30234,"NIO-Worker",1419355960713873,14219,"R"
30234,"NIO-Worker",1419355960728092,62291,"Running"
30234,"NIO-Worker",1419355960790383,50209,"R+"
30234,"NIO-Worker",1419355960840592,9948,"Running"
30234,"NIO-Worker",1419355960850540,52864,"S"
30234,"NIO-Worker",1419355960903404,19375,"R"
30234,"NIO-Worker",1419355960922779,3307136,"Running"
30234,"NIO-Worker",1419355964229915,29062,"R+"
30234,"NIO-Worker",1419355964258977,172552,"Running"
30232,"nio-webserver-r",1419355964387623,33229,"R"
30232,"nio-webserver-r",1419355964420852,333594,"Running"
30234,"NIO-Worker",1419355964431529,424689219,"S"
30232,"nio-webserver-r",1419355964754446,46296458,"S"
30232,"nio-webserver-r",1419356011050904,64375,"R"
30232,"nio-webserver-r",1419356011115279,140000,"Running"
30232,"nio-webserver-r",1419356011255279,113906,"S"
30232,"nio-webserver-r",1419356011369185,82969,"R"
30232,"nio-webserver-r",1419356011452154,209636,"Running"
30232,"nio-webserver-r",1419356011661790,480520,"S"
30232,"nio-webserver-r",1419356012142310,79688,"R"
30232,"nio-webserver-r",1419356012221998,404687,"Running"
30285,"NIO-Worker",1419356012579758,78646,"R"
30232,"nio-webserver-r",1419356012626685,6468438,"S"
30285,"NIO-Worker",1419356012658404,500156,"Running"
30285,"NIO-Worker",1419356013158560,1058438,"S"
30285,"NIO-Worker",1419356014216998,23073,"R"
30285,"NIO-Worker",1419356014240071,564896,"Running"
30285,"NIO-Worker",1419356014804967,153437,"S"
30285,"NIO-Worker",1419356014958404,14948,"R"
30285,"NIO-Worker",1419356014973352,37240,"Running"
30285,"NIO-Worker",1419356015010592,225416,"S"
30285,"NIO-Worker",1419356015236008,13959,"R"
30285,"NIO-Worker",1419356015249967,246979,"Running"
30285,"NIO-Worker",1419356015496946,252083,"S"
30285,"NIO-Worker",1419356015749029,47656,"R"
30285,"NIO-Worker",1419356015796685,17917,"Running"
30285,"NIO-Worker",1419356015814602,59740,"R+"
30285,"NIO-Worker",1419356015874342,69062,"Running"
30285,"NIO-Worker",1419356015943404,49063,"S"
30285,"NIO-Worker",1419356015992467,78229,"R"
30285,"NIO-Worker",1419356016070696,771875,"Running"
30285,"NIO-Worker",1419356016842571,177187,"R"
30285,"NIO-Worker",1419356017019758,207865,"Running"
30285,"NIO-Worker",1419356017227623,19062,"R"
30285,"NIO-Worker",1419356017246685,1535625,"Running"
30285,"NIO-Worker",1419356018782310,61563,"S"
30285,"NIO-Worker",1419356018843873,30469,"R"
30285,"NIO-Worker",1419356018874342,285000,"Running"
30244,"nio-stream-prod",1419356018993508,18959,"R"
30244,"nio-stream-prod",1419356019012467,121510,"Running"
30232,"nio-webserver-r",1419356019095123,38854,"R"
30232,"nio-webserver-r",1419356019133977,223594,"Running"
30244,"nio-stream-prod",1419356019133977,108060938,"S"
30285,"NIO-Worker",1419356019159342,424468281,"S"
30232,"nio-webserver-r",1419356019357571,45156,"R+"
30232,"nio-webserver-r",1419356019402727,285625,"Running"
30232,"nio-webserver-r",1419356019688352,46349427,"S"
30232,"nio-webserver-r",1419356066037779,106719,"R"
30232,"nio-webserver-r",1419356066144498,159062,"Running"
30232,"nio-webserver-r",1419356066303560,47761,"R+"
30232,"nio-webserver-r",1419356066351321,100364,"Running"
30232,"nio-webserver-r",1419356066451685,87813,"R+"
30232,"nio-webserver-r",1419356066539498,173437,"Running"
30232,"nio-webserver-r",1419356066712935,521719,"S"
30232,"nio-webserver-r",1419356067234654,53750,"R"
30232,"nio-webserver-r",1419356067288404,412188,"Running"
30290,"NIO-Worker",1419356067641008,59584,"R"
30232,"nio-webserver-r",1419356067700592,8166093,"S"
30290,"NIO-Worker",1419356067700592,358385,"Running"
30290,"NIO-Worker",1419356068058977,2433802,"S"
30290,"NIO-Worker",1419356070492779,13438,"R"
30290,"NIO-Worker",1419356070506217,204531,"Running"
30290,"NIO-Worker",1419356070710748,8698,"S"
30290,"NIO-Worker",1419356070719446,14427,"R"
30290,"NIO-Worker",1419356070733873,63594,"Running"
30290,"NIO-Worker",1419356070797467,32968,"S"
30290,"NIO-Worker",1419356070830435,371823,"Running"
30290,"NIO-Worker",1419356071202258,142552,"S"
30290,"NIO-Worker",1419356071344810,44375,"R"
30290,"NIO-Worker",1419356071389185,56094,"Running"
30290,"NIO-Worker",1419356071445279,54844,"R+"
30290,"NIO-Worker",1419356071500123,23750,"Running"
30290,"NIO-Worker",1419356071523873,160625,"S"
30290,"NIO-Worker",1419356071684498,47656,"R"
30290,"NIO-Worker",1419356071732154,233594,"Running"
30290,"NIO-Worker",1419356071965748,19062,"R+"
30290,"NIO-Worker",1419356071984810,5000,"Running"
30290,"NIO-Worker",1419356071989810,234375,"S"
30290,"NIO-Worker",1419356072224185,55886,"R"
30290,"NIO-Worker",1419356072280071,47552,"Running"
30290,"NIO-Worker",1419356072327623,46510,"S"
30290,"NIO-Worker",1419356072374133,60052,"R"
30290,"NIO-Worker",1419356072434185,59219,"Running"
30290,"NIO-Worker",1419356072493404,57813,"S"
30290,"NIO-Worker",1419356072551217,32187,"R"
30290,"NIO-Worker",1419356072583404,1695625,"Running"
30290,"NIO-Worker",1419356074279029,83281,"R"
30290,"NIO-Worker",1419356074362310,635886,"Running"
30290,"NIO-Worker",1419356074998196,9739,"R"
30290,"NIO-Worker",1419356075007935,97917,"Running"
30290,"NIO-Worker",1419356075105852,175365,"R"
30290,"NIO-Worker",1419356075281217,402291,"Running"
30290,"NIO-Worker",1419356075683508,29427,"S"
30290,"NIO-Worker",1419356075712935,22657,"R"
30290,"NIO-Worker",1419356075735592,170573,"Running"
30232,"nio-webserver-r",1419356075866685,30469,"R"
30232,"nio-webserver-r",1419356075897154,365573,"Running"
30290,"NIO-Worker",1419356075906165,422404427,"S"
30232,"nio-webserver-r",1419356076262727,43723646,"S"
30232,"nio-webserver-r",1419356119986373,51823,"R"
30232,"nio-webserver-r",1419356120038196,332969,"Running"
30232,"nio-webserver-r",1419356120371165,251145,"S"
30232,"nio-webserver-r",1419356120622310,21042,"R"
30232,"nio-webserver-r",1419356120643352,6302,"Running"
30232,"nio-webserver-r",1419356120649654,30000,"S"
30232,"nio-webserver-r",1419356120679654,21094,"R"
30232,"nio-webserver-r",1419356120700748,228437,"Running"
30232,"nio-webserver-r",1419356120929185,199219,"S"
30232,"nio-webserver-r",1419356121128404,38594,"R"
30232,"nio-webserver-r",1419356121166998,379844,"Running"
30293,"NIO-Worker",1419356121513873,12500,"R"
30293,"NIO-Worker",1419356121526373,1018854,"Running"
30232,"nio-webserver-r",1419356121546842,5853281,"S"
30293,"NIO-Worker",1419356122545227,159115,"S"
30293,"NIO-Worker",1419356122704342,15468,"R"
30293,"NIO-Worker",1419356122719810,48698,"Running"
30293,"NIO-Worker",1419356122768508,215782,"S"
30293,"NIO-Worker",1419356122984290,13802,"R"
30293,"NIO-Worker",1419356122998092,219635,"Running"
30293,"NIO-Worker",1419356123217727,266458,"S"
30293,"NIO-Worker",1419356123484185,15625,"R"
30293,"NIO-Worker",1419356123499810,19688,"Running"
30293,"NIO-Worker",1419356123519498,49844,"S"
30293,"NIO-Worker",1419356123569342,14218,"R"
30293,"NIO-Worker",1419356123583560,68438,"Running"
30293,"NIO-Worker",1419356123651998,69323,"S"
30293,"NIO-Worker",1419356123721321,21875,"R"
30293,"NIO-Worker",1419356123743196,1145000,"Running"
30293,"NIO-Worker",1419356124888196,40312,"R"
30293,"NIO-Worker",1419356124928508,17500,"Running"
30293,"NIO-Worker",1419356124946008,202865,"R"
30293,"NIO-Worker",1419356125148873,52187,"Running"
30293,"NIO-Worker",1419356125201060,19636,"R"
30293,"NIO-Worker",1419356125220696,185989,"Running"
30293,"NIO-Worker",1419356125406685,15782,"R"
30293,"NIO-Worker",1419356125422467,193125,"Running"
30293,"NIO-Worker",1419356125615592,66875,"R"
30293,"NIO-Worker",1419356125682467,1358750,"Running"
30293,"NIO-Worker",1419356127041217,32343,"S"
30293,"NIO-Worker",1419356127073560,16667,"R"
30293,"NIO-Worker",1419356127090227,345521,"Running"
30244,"nio-stream-prod",1419356127194915,18593,"R"
30244,"nio-stream-prod",1419356127213508,95625,"Running"
30244,"nio-stream-prod",1419356127309133,110754427,"S"
30232,"nio-webserver-r",1419356127400123,12187,"R"
30232,"nio-webserver-r",1419356127412310,175417,"Running"
30293,"NIO-Worker",1419356127435748,421733906,"S"
30232,"nio-webserver-r",1419356127587727,42656,"R+"
30232,"nio-webserver-r",1419356127630383,267657,"Running"
30232,"nio-webserver-r",1419356127898040,47194895,"S"
30232,"nio-webserver-r",1419356175092935,59219,"R"
30232,"nio-webserver-r",1419356175152154,90104,"Running"
30232,"nio-webserver-r",1419356175242258,161146,"R+"
30232,"nio-webserver-r",1419356175403404,37656,"Running"
30232,"nio-webserver-r",1419356175441060,109375,"S"
30232,"nio-webserver-r",1419356175550435,41407,"R"
30232,"nio-webserver-r",1419356175591842,45781,"Running"
30232,"nio-webserver-r",1419356175637623,17917,"S"
30232,"nio-webserver-r",1419356175655540,233958,"Running"
30232,"nio-webserver-r",1419356175889498,326875,"S"
30232,"nio-webserver-r",1419356176216373,85469,"R"
30232,"nio-webserver-r",1419356176301842,282500,"Running"
30295,"NIO-Worker",1419356176546060,37344,"R"
30295,"NIO-Worker",1419356176583404,347917,"Running"
30232,"nio-webserver-r",1419356176584342,9055729,"S"
30295,"NIO-Worker",1419356176931321,3277083,"S"
30295,"NIO-Worker",1419356180208404,30469,"R"
30295,"NIO-Worker",1419356180238873,745312,"Running"
30295,"NIO-Worker",1419356180984185,48907,"R+"
30295,"NIO-Worker",1419356181033092,7604,"Running"
30295,"NIO-Worker",1419356181040696,80937,"S"
30295,"NIO-Worker",1419356181121633,20365,"R"
30295,"NIO-Worker",1419356181141998,35937,"Running"
30295,"NIO-Worker",1419356181177935,273855,"S"
30295,"NIO-Worker",1419356181451790,21093,"R"
30295,"NIO-Worker",1419356181472883,254896,"Running"
30295,"NIO-Worker",1419356181727779,295938,"S"
30295,"NIO-Worker",1419356182023717,22656,"R"
30295,"NIO-Worker",1419356182046373,34323,"Running"
30295,"NIO-Worker",1419356182080696,50521,"S"
30295,"NIO-Worker",1419356182131217,77343,"R"
30295,"NIO-Worker",1419356182208560,51563,"Running"
30295,"NIO-Worker",1419356182260123,46562,"S"
30295,"NIO-Worker",1419356182306685,27188,"R"
30295,"NIO-Worker",1419356182333873,262500,"Running"
30295,"NIO-Worker",1419356182596373,39948,"R"
30295,"NIO-Worker",1419356182636321,275937,"Running"
30295,"NIO-Worker",1419356182912258,22240,"R"
30295,"NIO-Worker",1419356182934498,509531,"Running"
30295,"NIO-Worker",1419356183444029,20625,"R"
30295,"NIO-Worker",1419356183464654,40000,"Running"
30295,"NIO-Worker",1419356183504654,123906,"R"
30295,"NIO-Worker",1419356183628560,1222188,"Running"
30295,"NIO-Worker",1419356184850748,56979,"R"
30295,"NIO-Worker",1419356184907727,557552,"Running"
30295,"NIO-Worker",1419356185465279,45417,"R+"
30295,"NIO-Worker",1419356185510696,223177,"Running"
30232,"nio-webserver-r",1419356185640071,33177,"R"
30232,"nio-webserver-r",1419356185673248,222760,"Running"
30295,"NIO-Worker",1419356185733873,418300156,"S"
30232,"nio-webserver-r",1419356185896008,55521,"R+"
30232,"nio-webserver-r",1419356185951529,231406,"Running"
30232,"nio-webserver-r",1419356186182935,41349323,"S"
30232,"nio-webserver-r",1419356227532258,37865,"R"
30232,"nio-webserver-r",1419356227570123,162760,"Running"
30232,"nio-webserver-r",1419356227732883,283490,"S"
30232,"nio-webserver-r",1419356228016373,64687,"R"
30232,"nio-webserver-r",1419356228081060,227605,"Running"
30232,"nio-webserver-r",1419356228308665,270208,"S"
30232,"nio-webserver-r",1419356228578873,42187,"R"
30232,"nio-webserver-r",1419356228621060,404636,"Running"
30296,"NIO-Worker",1419356228993560,13125,"R"
30296,"NIO-Worker",1419356229006685,399948,"Running"
30232,"nio-webserver-r",1419356229025696,9151302,"S"
30296,"NIO-Worker",1419356229406633,2812396,"S"
30296,"NIO-Worker",1419356232219029,31250,"R"
30296,"NIO-Worker",1419356232250279,216354,"Running"
30296,"NIO-Worker",1419356232466633,139375,"S"
30296,"NIO-Worker",1419356232606008,51250,"R"
30296,"NIO-Worker",1419356232657258,72709,"Running"
30296,"NIO-Worker",1419356232729967,34323,"S"
30296,"NIO-Worker",1419356232764290,415677,"Running"
30296,"NIO-Worker",1419356233179967,206979,"R+"
30296,"NIO-Worker",1419356233386946,27083,"Running"
30296,"NIO-Worker",1419356233414029,746354,"S"
30296,"NIO-Worker",1419356234160383,108282,"R"
30296,"NIO-Worker",1419356234268665,244739,"Running"
30296,"NIO-Worker",1419356234513404,302500,"R+"
30296,"NIO-Worker",1419356234815904,17656,"Running"
30296,"NIO-Worker",1419356234833560,49688,"R+"
30296,"NIO-Worker",1419356234883248,60625,"Running"
30296,"NIO-Worker",1419356234943873,58906,"R+"
30296,"NIO-Worker",1419356235002779,939323,"Running"
30296,"NIO-Worker",1419356235942102,49271,"R"
30296,"NIO-Worker",1419356235991373,1900625,"Running"
30296,"NIO-Worker",1419356237891998,37344,"S"
30296,"NIO-Worker",1419356237929342,25156,"R"
30296,"NIO-Worker",1419356237954498,285000,"Running"
30244,"nio-stream-prod",1419356238063560,77969,"R"
30244,"nio-stream-prod",1419356238141529,140938,"Running"
30232,"nio-webserver-r",1419356238176998,62500,"R"
30232,"nio-webserver-r",1419356238239498,196510,"Running"
30296,"NIO-Worker",1419356238239498,416876718,"S"
30244,"nio-stream-prod",1419356238282467,104380468,"S"
30232,"nio-webserver-r",1419356238436008,11615,"R+"
30232,"nio-webserver-r",1419356238447623,323125,"Running"
30232,"nio-webserver-r",1419356238770748,45354531,"S"
30232,"nio-webserver-r",1419356284125279,46875,"R"
30232,"nio-webserver-r",1419356284172154,117188,"Running"
30232,"nio-webserver-r",1419356284289342,54218,"S"
30232,"nio-webserver-r",1419356284343560,274323,"R"
30232,"nio-webserver-r",1419356284617883,177657,"Running"
30232,"nio-webserver-r",1419356284795540,279843,"R"
30232,"nio-webserver-r",1419356285075383,33021,"Running"
30232,"nio-webserver-r",1419356285108404,634063,"S"
30232,"nio-webserver-r",1419356285742467,40937,"R"
30232,"nio-webserver-r",1419356285783404,63594,"Running"
30232,"nio-webserver-r",1419356285846998,18854,"R"
30232,"nio-webserver-r",1419356285865852,179115,"Running"
30232,"nio-webserver-r",1419356286044967,6823,"R"
30232,"nio-webserver-r",1419356286051790,115989,"Running"
30299,"NIO-Worker",1419356286135540,30364,"R"
30299,"NIO-Worker",1419356286165904,417500,"Running"
30232,"nio-webserver-r",1419356286167779,7731354,"S"
30299,"NIO-Worker",1419356286583404,28594,"S"
30299,"NIO-Worker",1419356286611998,14375,"R"
30299,"NIO-Worker",1419356286626373,211667,"Running"
30299,"NIO-Worker",1419356286838040,1787395,"S"
30299,"NIO-Worker",1419356288625435,18750,"R"
30299,"NIO-Worker",1419356288644185,244011,"Running"
30299,"NIO-Worker",1419356288888196,13958,"R"
30299,"NIO-Worker",1419356288902154,16250,"Running"
30299,"NIO-Worker",1419356288918404,32448,"R"
30299,"NIO-Worker",1419356288950852,359896,"Running"
30299,"NIO-Worker",1419356289310748,147344,"S"
30299,"NIO-Worker",1419356289458092,14062,"R"
30299,"NIO-Worker",1419356289472154,34063,"Running"
30299,"NIO-Worker",1419356289506217,237135,"S"
30299,"NIO-Worker",1419356289743352,20365,"R"
30299,"NIO-Worker",1419356289763717,237812,"Running"
30299,"NIO-Worker",1419356290001529,278125,"S"
30299,"NIO-Worker",1419356290279654,18854,"R"
30299,"NIO-Worker",1419356290298508,24896,"Running"
30299,"NIO-Worker",1419356290323404,55313,"S"
30299,"NIO-Worker",1419356290378717,31093,"R"
30299,"NIO-Worker",1419356290409810,46719,"Running"
30299,"NIO-Worker",1419356290456529,39063,"S"
30299,"NIO-Worker",1419356290495592,16875,"R"
30299,"NIO-Worker",1419356290512467,457343,"Running"
30299,"NIO-Worker",1419356290969810,13282,"R"
30299,"NIO-Worker",1419356290983092,7656,"Running"
30299,"NIO-Worker",1419356290990748,40625,"R"
30299,"NIO-Worker",1419356291031373,331823,"Running"
30299,"NIO-Worker",1419356291363196,27812,"R"
30299,"NIO-Worker",1419356291391008,346146,"Running"
30299,"NIO-Worker",1419356291737154,72813,"R"
30299,"NIO-Worker",1419356291809967,155885,"Running"
30299,"NIO-Worker",1419356291965852,62344,"R"
30299,"NIO-Worker",1419356292028196,834583,"Running"
30299,"NIO-Worker",1419356292862779,28281,"R"
30299,"NIO-Worker",1419356292891060,796563,"Running"
30299,"NIO-Worker",1419356293687623,38281,"S"
30299,"NIO-Worker",1419356293725904,29219,"R"
30299,"NIO-Worker",1419356293755123,186094,"Running"
30232,"nio-webserver-r",1419356293899133,18490,"R"
30232,"nio-webserver-r",1419356293917623,223542,"Running"
30299,"NIO-Worker",1419356293941217,417707656,"S"
30232,"nio-webserver-r",1419356294141165,9114,"R+"
30232,"nio-webserver-r",1419356294150279,229219,"Running"
30232,"nio-webserver-r",1419356294379498,39474948,"S"
30232,"nio-webserver-r",1419356333854446,44896,"R"
30232,"nio-webserver-r",1419356333899342,152343,"Running"
30232,"nio-webserver-r",1419356334051685,111198,"S"
30232,"nio-webserver-r",1419356334162883,21459,"R"
30232,"nio-webserver-r",1419356334184342,7031,"Running"
30232,"nio-webserver-r",1419356334191373,19375,"S"
30232,"nio-webserver-r",1419356334210748,12916,"R"
30232,"nio-webserver-r",1419356334223664,49584,"Running"
30232,"nio-webserver-r",1419356334273248,38594,"R"
30232,"nio-webserver-r",1419356334311842,14375,"Running"
30232,"nio-webserver-r",1419356334326217,32187,"R"
30232,"nio-webserver-r",1419356334358404,180469,"Running"
30232,"nio-webserver-r",1419356334538873,19323,"R"
30232,"nio-webserver-r",1419356334558196,29739,"Running"
30232,"nio-webserver-r",1419356334587935,143125,"S"
30232,"nio-webserver-r",1419356334731060,107136,"R"
30232,"nio-webserver-r",1419356334838196,354114,"Running"
30300,"NIO-Worker",1419356335145748,26719,"R"
30300,"NIO-Worker",1419356335172467,385468,"Running"
30232,"nio-webserver-r",1419356335192310,7607917,"S"
30300,"NIO-Worker",1419356335557935,1976042,"S"
30300,"NIO-Worker",1419356337533977,26615,"R"
30300,"NIO-Worker",1419356337560592,564166,"Running"
30300,"NIO-Worker",1419356338124758,136302,"S"
30300,"NIO-Worker",1419356338261060,17032,"R"
30300,"NIO-Worker",1419356338278092,39687,"Running"
30300,"NIO-Worker",1419356338317779,231354,"S"
30300,"NIO-Worker",1419356338549133,28021,"R"
30300,"NIO-Worker",1419356338577154,332344,"Running"
30300,"NIO-Worker",1419356338909498,350937,"S"
30300,"NIO-Worker",1419356339260435,15938,"R"
30300,"NIO-Worker",1419356339276373,33906,"Running"
30300,"NIO-Worker",1419356339310279,65781,"S"
30300,"NIO-Worker",1419356339376060,37188,"R"
30300,"NIO-Worker",1419356339413248,69531,"Running"
30300,"NIO-Worker",1419356339482779,66042,"S"
30300,"NIO-Worker",1419356339548821,17812,"R"
30300,"NIO-Worker",1419356339566633,1664115,"Running"
30300,"NIO-Worker",1419356341230748,11510,"R"
30300,"NIO-Worker",1419356341242258,605052,"Running"
30300,"NIO-Worker",1419356341847310,40938,"R+"
30300,"NIO-Worker",1419356341888248,612969,"Running"
30300,"NIO-Worker",1419356342501217,36718,"S"
30300,"NIO-Worker",1419356342537935,25625,"R"
30300,"NIO-Worker",1419356342563560,286563,"Running"
30244,"nio-stream-prod",1419356342662935,33594,"R"
30244,"nio-stream-prod",1419356342696529,91823,"Running"
30244,"nio-stream-prod",1419356342788352,109239271,"S"
30232,"nio-webserver-r",1419356342800227,27812,"R"
30232,"nio-webserver-r",1419356342828039,297396,"Running"
30300,"NIO-Worker",1419356342850123,422765937,"S"
30232,"nio-webserver-r",1419356343125435,83125,"R+"
30232,"nio-webserver-r",1419356343208560,247657,"Running"
30232,"nio-webserver-r",1419356343456217,43820572,"S"
30232,"nio-webserver-r",1419356387276789,51303,"R"
30232,"nio-webserver-r",1419356387328092,256354,"Running"
30232,"nio-webserver-r",1419356387584446,59843,"S"
30232,"nio-webserver-r",1419356387644289,61771,"R"
30232,"nio-webserver-r",1419356387706060,21250,"Running"
30232,"nio-webserver-r",1419356387727310,59063,"S"
30232,"nio-webserver-r",1419356387786373,210260,"Running"
30232,"nio-webserver-r",1419356387996633,453021,"S"
30232,"nio-webserver-r",1419356388449654,35625,"R"
30232,"nio-webserver-r",1419356388485279,277500,"Running"
30232,"nio-webserver-r",1419356388762779,224063,"R"
30232,"nio-webserver-r",1419356388986842,182500,"Running"
30234,"NIO-Worker",1419356389120748,47656,"R"
30234,"NIO-Worker",1419356389168404,387813,"Running"
30232,"nio-webserver-r",1419356389169342,11016093,"S"
30234,"NIO-Worker",1419356389556217,5241875,"S"
30234,"NIO-Worker",1419356394798092,23437,"R"
30234,"NIO-Worker",1419356394821529,684219,"Running"
30234,"NIO-Worker",1419356395505748,179166,"S"
30234,"NIO-Worker",1419356395684914,33646,"R"
30234,"NIO-Worker",1419356395718560,46719,"Running"
30234,"NIO-Worker",1419356395765279,234635,"R+"
30234,"NIO-Worker",1419356395999914,220521,"Running"
30234,"NIO-Worker",1419356396220435,291719,"S"
30234,"NIO-Worker",1419356396512154,29167,"R"
30234,"NIO-Worker",1419356396541321,35937,"Running"
30234,"NIO-Worker",1419356396577258,85990,"R+"
30234,"NIO-Worker",1419356396663248,50312,"Running"
30234,"NIO-Worker",1419356396713560,16250,"R+"
30234,"NIO-Worker",1419356396729810,10104,"Running"
30234,"NIO-Worker",1419356396739914,27657,"S"
30234,"NIO-Worker",1419356396767571,59062,"R"
30234,"NIO-Worker",1419356396826633,2372656,"Running"
30234,"NIO-Worker",1419356399199289,32709,"R"
30234,"NIO-Worker",1419356399231998,75260,"Running"
30234,"NIO-Worker",1419356399307258,225834,"R"
30234,"NIO-Worker",1419356399533092,91041,"Running"
30234,"NIO-Worker",1419356399624133,23959,"R"
30234,"NIO-Worker",1419356399648092,329635,"Running"
30234,"NIO-Worker",1419356399977727,24896,"R+"
30234,"NIO-Worker",1419356400002623,6666,"Running"
30234,"NIO-Worker",1419356400009289,33803,"S"
30234,"NIO-Worker",1419356400043092,184062,"Running"
30232,"nio-webserver-r",1419356400185435,16354,"R"
30232,"nio-webserver-r",1419356400201789,73646,"Running"
30234,"NIO-Worker",1419356400227154,418627969,"S"
30232,"nio-webserver-r",1419356400275435,64948,"R"
30232,"nio-webserver-r",1419356400340383,321146,"Running"
30232,"nio-webserver-r",1419356400661529,41591510,"S"
30232,"nio-webserver-r",1419356442253039,51719,"R"
30232,"nio-webserver-r",1419356442304758,203490,"Running"
30232,"nio-webserver-r",1419356442508248,60781,"S"
30232,"nio-webserver-r",1419356442569029,45417,"R"
30232,"nio-webserver-r",1419356442614446,182500,"Running"
30232,"nio-webserver-r",1419356442796946,462031,"S"
30232,"nio-webserver-r",1419356443258977,48906,"R"
30232,"nio-webserver-r",1419356443307883,360000,"Running"
30285,"NIO-Worker",1419356443627623,19010,"R"
30285,"NIO-Worker",1419356443646633,299427,"Running"
30232,"nio-webserver-r",1419356443667883,8463177,"S"
30285,"NIO-Worker",1419356443946060,3416875,"S"
30285,"NIO-Worker",1419356447362935,17657,"R"
30285,"NIO-Worker",1419356447380592,466250,"Running"
30285,"NIO-Worker",1419356447846842,138125,"S"
30285,"NIO-Worker",1419356447984967,16875,"R"
30285,"NIO-Worker",1419356448001842,42031,"Running"
30285,"NIO-Worker",1419356448043873,233437,"S"
30285,"NIO-Worker",1419356448277310,58438,"R"
30285,"NIO-Worker",1419356448335748,213594,"Running"
30285,"NIO-Worker",1419356448549342,215625,"S"
30285,"NIO-Worker",1419356448764967,112187,"R"
30285,"NIO-Worker",1419356448877154,41094,"Running"
30285,"NIO-Worker",1419356448918248,50000,"S"
30285,"NIO-Worker",1419356448968248,21094,"R"
30285,"NIO-Worker",1419356448989342,66093,"Running"
30285,"NIO-Worker",1419356449055435,42344,"R+"
30285,"NIO-Worker",1419356449097779,4688,"Running"
30285,"NIO-Worker",1419356449102467,14843,"S"
30285,"NIO-Worker",1419356449117310,18594,"R"
30285,"NIO-Worker",1419356449135904,285260,"Running"
30285,"NIO-Worker",1419356449421164,11928,"R"
30285,"NIO-Worker",1419356449433092,524531,"Running"
30285,"NIO-Worker",1419356449957623,106198,"R"
30285,"NIO-Worker",1419356450063821,1811093,"Running"
30285,"NIO-Worker",1419356451874914,59428,"R+"
30285,"NIO-Worker",1419356451934342,238750,"Running"
30244,"nio-stream-prod",1419356452027623,14479,"R"
30244,"nio-stream-prod",1419356452042102,154271,"Running"
30232,"nio-webserver-r",1419356452131060,98125,"R"
30285,"NIO-Worker",1419356452173092,417272656,"S"
30244,"nio-stream-prod",1419356452196373,110075937,"S"
30232,"nio-webserver-r",1419356452229185,464688,"Running"
30232,"nio-webserver-r",1419356452693873,43849844,"S"
30232,"nio-webserver-r",1419356496543717,12968,"R"
30232,"nio-webserver-r",1419356496556685,166407,"Running"
30232,"nio-webserver-r",1419356496723092,138906,"S"
30232,"nio-webserver-r",1419356496861998,87500,"R"
30232,"nio-webserver-r",1419356496949498,5000,"Running"
30232,"nio-webserver-r",1419356496954498,119687,"S"
30232,"nio-webserver-r",1419356497074185,234219,"R"
30232,"nio-webserver-r",1419356497308404,238698,"Running"
30232,"nio-webserver-r",1419356497547102,281406,"S"
30232,"nio-webserver-r",1419356497828508,41615,"R"
30232,"nio-webserver-r",1419356497870123,36198,"Running"
30232,"nio-webserver-r",1419356497906321,26927,"R"
30232,"nio-webserver-r",1419356497933248,132135,"Running"
30232,"nio-webserver-r",1419356498065383,16146,"R"
30232,"nio-webserver-r",1419356498081529,271875,"Running"
30290,"NIO-Worker",1419356498310592,18437,"R"
30290,"NIO-Worker",1419356498329029,434479,"Running"
30232,"nio-webserver-r",1419356498353404,7374010,"S"
30290,"NIO-Worker",1419356498763508,710000,"S"
30290,"NIO-Worker",1419356499473508,751459,"R"
30290,"NIO-Worker",1419356500224967,629531,"Running"
30290,"NIO-Worker",1419356500854498,8229,"R"
30290,"NIO-Worker",1419356500862727,46875,"Running"
30290,"NIO-Worker",1419356500909602,190677,"S"
30290,"NIO-Worker",1419356501100279,45417,"R"
30290,"NIO-Worker",1419356501145696,46458,"Running"
30290,"NIO-Worker",1419356501192154,265781,"S"
30290,"NIO-Worker",1419356501457935,8282,"R"
30290,"NIO-Worker",1419356501466217,218750,"Running"
30290,"NIO-Worker",1419356501684967,330781,"S"
30290,"NIO-Worker",1419356502015748,9531,"R"
30290,"NIO-Worker",1419356502025279,20000,"Running"
30290,"NIO-Worker",1419356502045279,25156,"R+"
30290,"NIO-Worker",1419356502070435,9844,"Running"
30290,"NIO-Worker",1419356502080279,62344,"S"
30290,"NIO-Worker",1419356502142623,50625,"R"
30290,"NIO-Worker",1419356502193248,86875,"Running"
30290,"NIO-Worker",1419356502280123,155312,"S"
30290,"NIO-Worker",1419356502435435,25573,"R"
30290,"NIO-Worker",1419356502461008,1099844,"Running"
30290,"NIO-Worker",1419356503560852,9531,"R"
30290,"NIO-Worker",1419356503570383,1835365,"Running"
30290,"NIO-Worker",1419356505405748,36666,"R+"
30290,"NIO-Worker",1419356505442414,30157,"Running"
30290,"NIO-Worker",1419356505472571,5781,"R+"
30290,"NIO-Worker",1419356505478352,178646,"Running"
30290,"NIO-Worker",1419356505656998,9219,"R+"
30290,"NIO-Worker",1419356505666217,106093,"Running"
30232,"nio-webserver-r",1419356505727414,121146,"R"
30290,"NIO-Worker",1419356505772310,420200469,"S"
30232,"nio-webserver-r",1419356505848560,505625,"Running"
30232,"nio-webserver-r",1419356506354185,41398906,"S"
30232,"nio-webserver-r",1419356547753091,54532,"R"
30232,"nio-webserver-r",1419356547807623,96718,"Running"
30232,"nio-webserver-r",1419356547904341,199063,"S"
30232,"nio-webserver-r",1419356548103404,27344,"R"
30232,"nio-webserver-r",1419356548130748,6510,"Running"
30232,"nio-webserver-r",1419356548137258,17865,"S"
30232,"nio-webserver-r",1419356548155123,157031,"Running"
30232,"nio-webserver-r",1419356548312154,400885,"S"
30232,"nio-webserver-r",1419356548713039,29427,"R"
30232,"nio-webserver-r",1419356548742466,136667,"Running"
30232,"nio-webserver-r",1419356548879133,23906,"R"
30232,"nio-webserver-r",1419356548903039,178646,"Running"
30232,"nio-webserver-r",1419356549081685,34011,"R"
30232,"nio-webserver-r",1419356549115696,72656,"Running"
30293,"NIO-Worker",1419356549169654,116719,"R"
30232,"nio-webserver-r",1419356549188352,46771,"R"
30232,"nio-webserver-r",1419356549235123,34843,"Running"
30232,"nio-webserver-r",1419356549269966,13091094,"S"
30293,"NIO-Worker",1419356549286373,278385,"Running"
30293,"NIO-Worker",1419356549564758,7656615,"S"
30293,"NIO-Worker",1419356557221373,16875,"R"
30293,"NIO-Worker",1419356557238248,505312,"Running"
30293,"NIO-Worker",1419356557743560,189792,"S"
30293,"NIO-Worker",1419356557933352,17656,"R"
30293,"NIO-Worker",1419356557951008,49063,"Running"
30293,"NIO-Worker",1419356558000071,372708,"S"
30293,"NIO-Worker",1419356558372779,10937,"R"
30293,"NIO-Worker",1419356558383716,181875,"Running"
30293,"NIO-Worker",1419356558565591,84636,"R"
30293,"NIO-Worker",1419356558650227,65000,"Running"
30293,"NIO-Worker",1419356558715227,263646,"S"
30293,"NIO-Worker",1419356558978873,14323,"R"
30293,"NIO-Worker",1419356558993196,15468,"Running"
30293,"NIO-Worker",1419356559008664,61250,"S"
30293,"NIO-Worker",1419356559069914,25938,"R"
30293,"NIO-Worker",1419356559095852,79896,"Running"
30293,"NIO-Worker",1419356559175748,69635,"S"
30293,"NIO-Worker",1419356559245383,17708,"R"
30293,"NIO-Worker",1419356559263091,2848907,"Running"
30293,"NIO-Worker",1419356562111998,37812,"S"
30293,"NIO-Worker",1419356562149810,16406,"R"
30293,"NIO-Worker",1419356562166216,242969,"Running"
30244,"nio-stream-prod",1419356562272310,17136,"R"
30244,"nio-stream-prod",1419356562289446,97552,"Running"
30232,"nio-webserver-r",1419356562361060,17500,"R"
30232,"nio-webserver-r",1419356562378560,405781,"Running"
30244,"nio-stream-prod",1419356562386998,99335312,"S"
30293,"NIO-Worker",1419356562409185,414799948,"S"
30232,"nio-webserver-r",1419356562784341,38297969,"S"
30232,"nio-webserver-r",1419356601082310,13229,"R"
30232,"nio-webserver-r",1419356601095539,105157,"Running"
30232,"nio-webserver-r",1419356601200696,265781,"R+"
30232,"nio-webserver-r",1419356601466477,140833,"Running"
30232,"nio-webserver-r",1419356601607310,199531,"R+"
30232,"nio-webserver-r",1419356601806841,889844,"Running"
30232,"nio-webserver-r",1419356602696685,587656,"S"
30232,"nio-webserver-r",1419356603284341,194844,"R"
30232,"nio-webserver-r",1419356603479185,620104,"Running"
30295,"NIO-Worker",1419356604034029,41823,"R"
30295,"NIO-Worker",1419356604075852,397864,"Running"
30232,"nio-webserver-r",1419356604099289,5609115,"S"
30295,"NIO-Worker",1419356604473716,7500,"S"
30295,"NIO-Worker",1419356604481216,17032,"R"
30295,"NIO-Worker",1419356604498248,588125,"Running"
30295,"NIO-Worker",1419356605086373,21875,"R+"
30295,"NIO-Worker",1419356605108248,11823,"Running"
30295,"NIO-Worker",1419356605120071,134895,"S"
30295,"NIO-Worker",1419356605254966,16407,"R"
30295,"NIO-Worker",1419356605271373,43437,"Running"
30295,"NIO-Worker",1419356605314810,321823,"S"
30295,"NIO-Worker",1419356605636633,23438,"R"
30295,"NIO-Worker",1419356605660071,219895,"Running"
30295,"NIO-Worker",1419356605879966,274688,"S"
30295,"NIO-Worker",1419356606154654,20000,"R"
30295,"NIO-Worker",1419356606174654,23698,"Running"
30295,"NIO-Worker",1419356606198352,52396,"S"
30295,"NIO-Worker",1419356606250748,24687,"R"
30295,"NIO-Worker",1419356606275435,50729,"Running"
30295,"NIO-Worker",1419356606326164,71563,"S"
30295,"NIO-Worker",1419356606397727,75364,"R"
30295,"NIO-Worker",1419356606473091,1870313,"Running"
30295,"NIO-Worker",1419356608343404,151667,"R"
30295,"NIO-Worker",1419356608495071,348802,"Running"
30295,"NIO-Worker",1419356608843873,25625,"R"
30295,"NIO-Worker",1419356608869498,646562,"Running"
30295,"NIO-Worker",1419356609516060,52136,"R+"
30295,"NIO-Worker",1419356609568196,186145,"Running"
30232,"nio-webserver-r",1419356609708404,54219,"R"
30295,"NIO-Worker",1419356609754341,417092500,"S"
30232,"nio-webserver-r",1419356609762623,222500,"Running"
30232,"nio-webserver-r",1419356609985123,90937,"R+"
30232,"nio-webserver-r",1419356610076060,250781,"Running"
30232,"nio-webserver-r",1419356610326841,43601250,"S"
30232,"nio-webserver-r",1419356653928091,67344,"R"
30232,"nio-webserver-r",1419356653995435,129531,"Running"
30232,"nio-webserver-r",1419356654124966,100000,"S"
30232,"nio-webserver-r",1419356654224966,27188,"R"
30232,"nio-webserver-r",1419356654252154,5312,"Running"
30232,"nio-webserver-r",1419356654257466,7761,"S"
30232,"nio-webserver-r",1419356654265227,12187,"R"
30232,"nio-webserver-r",1419356654277414,197552,"Running"
30232,"nio-webserver-r",1419356654474966,248907,"S"
30232,"nio-webserver-r",1419356654723873,58750,"R"
30232,"nio-webserver-r",1419356654782623,407604,"Running"
30296,"NIO-Worker",1419356655116216,25157,"R"
30296,"NIO-Worker",1419356655141373,382187,"Running"
30232,"nio-webserver-r",1419356655190227,6612083,"S"
30296,"NIO-Worker",1419356655523560,1221563,"S"
30296,"NIO-Worker",1419356656745123,15260,"R"
30296,"NIO-Worker",1419356656760383,525625,"Running"
30296,"NIO-Worker",1419356657286008,174375,"S"
30296,"NIO-Worker",1419356657460383,101615,"R"
30296,"NIO-Worker",1419356657561998,46041,"Running"
30296,"NIO-Worker",1419356657608039,229688,"S"
30296,"NIO-Worker",1419356657837727,17239,"R"
30296,"NIO-Worker",1419356657854966,243282,"Running"
30296,"NIO-Worker",1419356658098248,341250,"S"
30296,"NIO-Worker",1419356658439498,28229,"R"
30296,"NIO-Worker",1419356658467727,32083,"Running"
30296,"NIO-Worker",1419356658499810,53750,"R+"
30296,"NIO-Worker",1419356658553560,9688,"Running"
30296,"NIO-Worker",1419356658563248,47031,"S"
30296,"NIO-Worker",1419356658610279,37656,"R"
30296,"NIO-Worker",1419356658647935,51563,"Running"
30296,"NIO-Worker",1419356658699498,11823,"R+"
30296,"NIO-Worker",1419356658711321,4895,"Running"
30296,"NIO-Worker",1419356658716216,52344,"S"
30296,"NIO-Worker",1419356658768560,12031,"R"
30296,"NIO-Worker",1419356658780591,2812813,"Running"
30296,"NIO-Worker",1419356661593404,23073,"S"
30296,"NIO-Worker",1419356661616477,14583,"R"
30296,"NIO-Worker",1419356661631060,200938,"Running"
30244,"nio-stream-prod",1419356661722310,12656,"R"
30244,"nio-stream-prod",1419356661734966,80000,"Running"
30232,"nio-webserver-r",1419356661802310,12500,"R"
30232,"nio-webserver-r",1419356661814810,176354,"Running"
30244,"nio-stream-prod",1419356661814966,109447969,"S"
30296,"NIO-Worker",1419356661831998,420005416,"S"
30232,"nio-webserver-r",1419356661991164,68282,"R+"
30232,"nio-webserver-r",1419356662059446,232864,"Running"
30232,"nio-webserver-r",1419356662292310,47874219,"S"
30232,"nio-webserver-r",1419356710166529,85156,"R"
30232,"nio-webserver-r",1419356710251685,266094,"Running"
30232,"nio-webserver-r",1419356710517779,18229,"S"
30232,"nio-webserver-r",1419356710536008,32552,"R"
30232,"nio-webserver-r",1419356710568560,4636,"Running"
30232,"nio-webserver-r",1419356710573196,37083,"S"
30232,"nio-webserver-r",1419356710610279,21198,"R"
30232,"nio-webserver-r",1419356710631477,80208,"Running"
30232,"nio-webserver-r",1419356710711685,24219,"R"
30232,"nio-webserver-r",1419356710735904,102917,"Running"
30232,"nio-webserver-r",1419356710838821,454062,"S"
30232,"nio-webserver-r",1419356711292883,58177,"R"
30232,"nio-webserver-r",1419356711351060,337761,"Running"
30299,"NIO-Worker",1419356711648873,18437,"R"
30299,"NIO-Worker",1419356711667310,375781,"Running"
30232,"nio-webserver-r",1419356711688821,8924739,"S"
30299,"NIO-Worker",1419356712043091,3074844,"S"
30299,"NIO-Worker",1419356715117935,32188,"R"
30299,"NIO-Worker",1419356715150123,240156,"Running"
30299,"NIO-Worker",1419356715390279,14010,"S"
30299,"NIO-Worker",1419356715404289,17396,"R"
30299,"NIO-Worker",1419356715421685,341719,"Running"
30299,"NIO-Worker",1419356715763404,27917,"R+"
30299,"NIO-Worker",1419356715791321,11927,"Running"
30299,"NIO-Worker",1419356715803248,210312,"S"
30299,"NIO-Worker",1419356716013560,165000,"R"
30299,"NIO-Worker",1419356716178560,44792,"Running"
30299,"NIO-Worker",1419356716223352,286614,"S"
30299,"NIO-Worker",1419356716509966,44844,"R"
30299,"NIO-Worker",1419356716554810,220156,"Running"
30299,"NIO-Worker",1419356716774966,136250,"R+"
30299,"NIO-Worker",1419356716911216,29636,"Running"
30299,"NIO-Worker",1419356716940852,377031,"S"
30299,"NIO-Worker",1419356717317883,68646,"R"
30299,"NIO-Worker",1419356717386529,24167,"Running"
30299,"NIO-Worker",1419356717410696,46562,"S"
30299,"NIO-Worker",1419356717457258,44427,"R"
30299,"NIO-Worker",1419356717501685,54636,"Running"
30299,"NIO-Worker",1419356717556321,74895,"R+"
30299,"NIO-Worker",1419356717631216,2791875,"Running"
30299,"NIO-Worker",1419356720423091,22500,"R+"
30299,"NIO-Worker",1419356720445591,12344,"Running"
30299,"NIO-Worker",1419356720457935,16042,"R"
30299,"NIO-Worker",1419356720473977,188802,"Running"
30232,"nio-webserver-r",1419356720613560,18073,"R"
30232,"nio-webserver-r",1419356720631633,254896,"Running"
30299,"NIO-Worker",1419356720662779,415209948,"S"
30232,"nio-webserver-r",1419356720886529,46094,"R+"
30232,"nio-webserver-r",1419356720932623,184843,"Running"
30232,"nio-webserver-r",1419356721117466,29375,"R+"
30232,"nio-webserver-r",1419356721146841,68594,"Running"
30232,"nio-webserver-r",1419356721215435,37969,"R"
30232,"nio-webserver-r",1419356721253404,31719,"Running"
30232,"nio-webserver-r",1419356721285123,43057916,"S"
30232,"nio-webserver-r",1419356764343039,37240,"R"
30232,"nio-webserver-r",1419356764380279,155625,"Running"
30232,"nio-webserver-r",1419356764535904,51667,"S"
30232,"nio-webserver-r",1419356764587571,33489,"R"
30232,"nio-webserver-r",1419356764621060,187500,"Running"
30232,"nio-webserver-r",1419356764808560,432188,"S"
30232,"nio-webserver-r",1419356765240748,45937,"R"
30232,"nio-webserver-r",1419356765286685,368438,"Running"
30300,"NIO-Worker",1419356765616060,19323,"R"
30300,"NIO-Worker",1419356765635383,517031,"Running"
30232,"nio-webserver-r",1419356765655123,5694062,"S"
30300,"NIO-Worker",1419356766152414,18177,"R"
30300,"NIO-Worker",1419356766170591,141042,"Running"
30300,"NIO-Worker",1419356766311633,27656,"R+"
30300,"NIO-Worker",1419356766339289,184584,"Running"
30300,"NIO-Worker",1419356766523873,19218,"S"
30300,"NIO-Worker",1419356766543091,241719,"Running"
30300,"NIO-Worker",1419356766784810,221511,"S"
30300,"NIO-Worker",1419356767006321,59739,"R"
30300,"NIO-Worker",1419356767066060,50938,"Running"
30300,"NIO-Worker",1419356767116998,104635,"R+"
30300,"NIO-Worker",1419356767221633,9844,"Running"
30300,"NIO-Worker",1419356767231477,180833,"S"
30300,"NIO-Worker",1419356767412310,22500,"R"
30300,"NIO-Worker",1419356767434810,218281,"Running"
30300,"NIO-Worker",1419356767653091,296250,"S"
30300,"NIO-Worker",1419356767949341,17188,"R"
30300,"NIO-Worker",1419356767966529,23229,"Running"
30300,"NIO-Worker",1419356767989758,67813,"S"
30300,"NIO-Worker",1419356768057571,37083,"R"
30300,"NIO-Worker",1419356768094654,55156,"Running"
30300,"NIO-Worker",1419356768149810,58594,"S"
30300,"NIO-Worker",1419356768208404,17187,"R"
30300,"NIO-Worker",1419356768225591,633230,"Running"
30300,"NIO-Worker",1419356768858821,21614,"R"
30300,"NIO-Worker",1419356768880435,2181979,"Running"
30300,"NIO-Worker",1419356771062414,34740,"S"
30300,"NIO-Worker",1419356771097154,38750,"R"
30300,"NIO-Worker",1419356771135904,269062,"Running"
30244,"nio-stream-prod",1419356771262935,24844,"R"
30244,"nio-stream-prod",1419356771287779,90937,"Running"
30232,"nio-webserver-r",1419356771349185,33438,"R"
30244,"nio-stream-prod",1419356771378716,104896667,"S"
30232,"nio-webserver-r",1419356771382623,201979,"Running"
30300,"NIO-Worker",1419356771404966,420051094,"S"
30232,"nio-webserver-r",1419356771584602,10000,"R+"
30232,"nio-webserver-r",1419356771594602,242396,"Running"
30232,"nio-webserver-r",1419356771836998,45816823,"S"
30232,"nio-webserver-r",1419356817653821,53489,"R"
30232,"nio-webserver-r",1419356817707310,306563,"Running"
30232,"nio-webserver-r",1419356818013873,11250,"S"
30232,"nio-webserver-r",1419356818025123,16406,"R"
30232,"nio-webserver-r",1419356818041529,4792,"Running"
30232,"nio-webserver-r",1419356818046321,18958,"S"
30232,"nio-webserver-r",1419356818065279,11562,"R"
30232,"nio-webserver-r",1419356818076841,77344,"Running"
30232,"nio-webserver-r",1419356818154185,28229,"R+"
30232,"nio-webserver-r",1419356818182414,160209,"Running"
30232,"nio-webserver-r",1419356818342623,133750,"S"
30232,"nio-webserver-r",1419356818476373,58125,"R"
30232,"nio-webserver-r",1419356818534498,367343,"Running"
30234,"NIO-Worker",1419356818855123,45573,"R"
30234,"NIO-Worker",1419356818900696,360208,"Running"
30232,"nio-webserver-r",1419356818901841,15292500,"S"
30234,"NIO-Worker",1419356819260904,9321562,"S"
30234,"NIO-Worker",1419356828582466,115938,"R"
30234,"NIO-Worker",1419356828698404,287031,"Running"
30234,"NIO-Worker",1419356828985435,153386,"S"
30234,"NIO-Worker",1419356829138821,20937,"R"
30234,"NIO-Worker",1419356829159758,367656,"Running"
30234,"NIO-Worker",1419356829527414,145209,"S"
30234,"NIO-Worker",1419356829672623,45156,"R"
30234,"NIO-Worker",1419356829717779,27187,"Running"
30234,"NIO-Worker",1419356829744966,204167,"S"
30234,"NIO-Worker",1419356829949133,22708,"R"
30234,"NIO-Worker",1419356829971841,241823,"Running"
30234,"NIO-Worker",1419356830213664,311927,"S"
30234,"NIO-Worker",1419356830525591,16511,"R"
30234,"NIO-Worker",1419356830542102,16250,"Running"
30234,"NIO-Worker",1419356830558352,67500,"S"
30234,"NIO-Worker",1419356830625852,18750,"R"
30234,"NIO-Worker",1419356830644602,72396,"Running"
30234,"NIO-Worker",1419356830716998,69479,"S"
30234,"NIO-Worker",1419356830786477,28594,"R"
30234,"NIO-Worker",1419356830815071,1724427,"Running"
30234,"NIO-Worker",1419356832539498,157291,"R"
30234,"NIO-Worker",1419356832696789,144271,"Running"
30234,"NIO-Worker",1419356832841060,31354,"R"
30234,"NIO-Worker",1419356832872414,344584,"Running"
30234,"NIO-Worker",1419356833216998,10468,"R"
30234,"NIO-Worker",1419356833227466,143438,"Running"
30234,"NIO-Worker",1419356833370904,5885,"R"
30234,"NIO-Worker",1419356833376789,494427,"Running"
30234,"NIO-Worker",1419356833871216,25417,"S"
30234,"NIO-Worker",1419356833896633,33021,"R"
30234,"NIO-Worker",1419356833929654,315469,"Running"
30232,"nio-webserver-r",1419356834194341,24063,"R"
30232,"nio-webserver-r",1419356834218404,354531,"Running"
30234,"NIO-Worker",1419356834245123,411615781,"S"
30232,"nio-webserver-r",1419356834572935,33615000,"S"
30232,"nio-webserver-r",1419356868187935,39167,"R"
30232,"nio-webserver-r",1419356868227102,116458,"Running"
30232,"nio-webserver-r",1419356868343560,215469,"S"
30232,"nio-webserver-r",1419356868559029,49792,"R"
30232,"nio-webserver-r",1419356868608821,162083,"Running"
30232,"nio-webserver-r",1419356868770904,300312,"S"
30232,"nio-webserver-r",1419356869071216,51198,"R"
30232,"nio-webserver-r",1419356869122414,7709,"Running"
30232,"nio-webserver-r",1419356869130123,6406,"R"
30232,"nio-webserver-r",1419356869136529,368594,"Running"
30285,"NIO-Worker",1419356869445748,36875,"R"
30285,"NIO-Worker",1419356869482623,387031,"Running"
30232,"nio-webserver-r",1419356869505123,6860937,"S"
30285,"NIO-Worker",1419356869869654,1302812,"S"
30285,"NIO-Worker",1419356871172466,23438,"R"
30285,"NIO-Worker",1419356871195904,405104,"Running"
30285,"NIO-Worker",1419356871601008,122396,"S"
30285,"NIO-Worker",1419356871723404,16406,"R"
30285,"NIO-Worker",1419356871739810,42656,"Running"
30285,"NIO-Worker",1419356871782466,238855,"S"
30285,"NIO-Worker",1419356872021321,36302,"R"
30285,"NIO-Worker",1419356872057623,204375,"Running"
30285,"NIO-Worker",1419356872261998,243125,"S"
30285,"NIO-Worker",1419356872505123,27031,"R"
30285,"NIO-Worker",1419356872532154,44010,"Running"
30285,"NIO-Worker",1419356872576164,84844,"S"
30285,"NIO-Worker",1419356872661008,20365,"R"
30285,"NIO-Worker",1419356872681373,51666,"Running"
30285,"NIO-Worker",1419356872733039,70834,"S"
30285,"NIO-Worker",1419356872803873,18906,"R"
30285,"NIO-Worker",1419356872822779,1302344,"Running"
30285,"NIO-Worker",1419356874125123,28750,"R"
30285,"NIO-Worker",1419356874153873,25625,"Running"
30285,"NIO-Worker",1419356874179498,237968,"R"
30285,"NIO-Worker",1419356874417466,607344,"Running"
30285,"NIO-Worker",1419356875024810,166406,"R"
30285,"NIO-Worker",1419356875191216,919219,"Running"
30285,"NIO-Worker",1419356876110435,35729,"S"
30285,"NIO-Worker",1419356876146164,23646,"R"
30285,"NIO-Worker",1419356876169810,236875,"Running"
30244,"nio-stream-prod",1419356876275383,20990,"R"
30244,"nio-stream-prod",1419356876296373,109166,"Running"
30232,"nio-webserver-r",1419356876366060,17969,"R"
30232,"nio-webserver-r",1419356876384029,403229,"Running"
30244,"nio-stream-prod",1419356876405539,116339531,"S"
30285,"NIO-Worker",1419356876406685,419878594,"S"
30232,"nio-webserver-r",1419356876787258,47262396,"S"
30232,"nio-webserver-r",1419356924049654,104219,"R"
30232,"nio-webserver-r",1419356924153873,10625,"Running"
30232,"nio-webserver-r",1419356924164498,86562,"R+"
30232,"nio-webserver-r",1419356924251060,162448,"Running"
30232,"nio-webserver-r",1419356924413508,301615,"S"
30232,"nio-webserver-r",1419356924715123,17187,"R"
30232,"nio-webserver-r",1419356924732310,17188,"Running"
30232,"nio-webserver-r",1419356924749498,29843,"S"
30232,"nio-webserver-r",1419356924779341,24688,"R"
30232,"nio-webserver-r",1419356924804029,77656,"Running"
30232,"nio-webserver-r",1419356924881685,68750,"R"
30232,"nio-webserver-r",1419356924950435,197136,"Running"
30232,"nio-webserver-r",1419356925147571,442395,"S"
30232,"nio-webserver-r",1419356925589966,38594,"R"
30232,"nio-webserver-r",1419356925628560,389063,"Running"
30290,"NIO-Worker",1419356925972779,28750,"R"
30290,"NIO-Worker",1419356926001529,364375,"Running"
30232,"nio-webserver-r",1419356926017623,8893906,"S"
30290,"NIO-Worker",1419356926365904,2826354,"S"
30290,"NIO-Worker",1419356929192258,26094,"R"
30290,"NIO-Worker",1419356929218352,235052,"Running"
30290,"NIO-Worker",1419356929453404,27448,"S"
30290,"NIO-Worker",1419356929480852,180364,"Running"
30290,"NIO-Worker",1419356929661216,20261,"S"
30290,"NIO-Worker",1419356929681477,29375,"R"
30290,"NIO-Worker",1419356929710852,11406,"Running"
30290,"NIO-Worker",1419356929722258,15990,"S"
30290,"NIO-Worker",1419356929738248,42604,"Running"
30290,"NIO-Worker",1419356929780852,2396,"S"
30290,"NIO-Worker",1419356929783248,28593,"R"
30290,"NIO-Worker",1419356929811841,258594,"Running"
30290,"NIO-Worker",1419356930070435,170625,"S"
30290,"NIO-Worker",1419356930241060,40469,"R"
30290,"NIO-Worker",1419356930281529,52812,"Running"
30290,"NIO-Worker",1419356930334341,66094,"R+"
30290,"NIO-Worker",1419356930400435,14636,"Running"
30290,"NIO-Worker",1419356930415071,171302,"S"
30290,"NIO-Worker",1419356930586373,15625,"R"
30290,"NIO-Worker",1419356930601998,216406,"Running"
30290,"NIO-Worker",1419356930818404,291250,"S"
30290,"NIO-Worker",1419356931109654,27500,"R"
30290,"NIO-Worker",1419356931137154,49062,"Running"
30290,"NIO-Worker",1419356931186216,41563,"S"
30290,"NIO-Worker",1419356931227779,15885,"R"
30290,"NIO-Worker",1419356931243664,52500,"Running"
30290,"NIO-Worker",1419356931296164,48959,"S"
30290,"NIO-Worker",1419356931345123,19948,"R"
30290,"NIO-Worker",1419356931365071,1548802,"Running"
30290,"NIO-Worker",1419356932913873,8698,"R"
30290,"NIO-Worker",1419356932922571,1791770,"Running"
30290,"NIO-Worker",1419356934714341,9063,"R+"
30290,"NIO-Worker",1419356934723404,4687,"Running"
30290,"NIO-Worker",1419356934728091,8698,"S"
30290,"NIO-Worker",1419356934736789,44844,"R"
30290,"NIO-Worker",1419356934781633,163021,"Running"
30232,"nio-webserver-r",1419356934911529,24479,"R"
30232,"nio-webserver-r",1419356934936008,414427,"Running"
30290,"NIO-Worker",1419356934944654,416564479,"S"
30232,"nio-webserver-r",1419356935350435,40459479,"S"
30232,"nio-webserver-r",1419356975809914,57396,"R"
30232,"nio-webserver-r",1419356975867310,97344,"Running"
30232,"nio-webserver-r",1419356975964654,98125,"S"
30232,"nio-webserver-r",1419356976062779,25312,"R"
30232,"nio-webserver-r",1419356976088091,4688,"Running"
30232,"nio-webserver-r",1419356976092779,17969,"S"
30232,"nio-webserver-r",1419356976110748,17968,"R"
30232,"nio-webserver-r",1419356976128716,184532,"Running"
30232,"nio-webserver-r",1419356976313248,523385,"S"
30232,"nio-webserver-r",1419356976836633,73021,"R"
30232,"nio-webserver-r",1419356976909654,349531,"Running"
30293,"NIO-Worker",1419356977209133,57812,"R"
30232,"nio-webserver-r",1419356977259185,15625625,"S"
30293,"NIO-Worker",1419356977266945,287553,"Running"
30293,"NIO-Worker",1419356977554498,9678437,"S"
30293,"NIO-Worker",1419356987232935,31875,"R"
30293,"NIO-Worker",1419356987264810,249010,"Running"
30293,"NIO-Worker",1419356987513820,101250,"S"
30293,"NIO-Worker",1419356987615070,19584,"R"
30293,"NIO-Worker",1419356987634654,26406,"Running"
30293,"NIO-Worker",1419356987661060,15000,"S"
30293,"NIO-Worker",1419356987676060,71094,"Running"
30293,"NIO-Worker",1419356987747154,18594,"S"
30293,"NIO-Worker",1419356987765748,298697,"Running"
30293,"NIO-Worker",1419356988064445,167657,"S"
30293,"NIO-Worker",1419356988232102,43958,"R"
30293,"NIO-Worker",1419356988276060,32656,"Running"
30293,"NIO-Worker",1419356988308716,202657,"S"
30293,"NIO-Worker",1419356988511373,14687,"R"
30293,"NIO-Worker",1419356988526060,504219,"Running"
30293,"NIO-Worker",1419356989030279,89219,"R+"
30293,"NIO-Worker",1419356989119498,7343,"Running"
30293,"NIO-Worker",1419356989126841,168386,"S"
30293,"NIO-Worker",1419356989295227,27708,"R"
30293,"NIO-Worker",1419356989322935,19219,"Running"
30293,"NIO-Worker",1419356989342154,39687,"S"
30293,"NIO-Worker",1419356989381841,30261,"R"
30293,"NIO-Worker",1419356989412102,50208,"Running"
30293,"NIO-Worker",1419356989462310,59531,"S"
30293,"NIO-Worker",1419356989521841,25313,"R"
30293,"NIO-Worker",1419356989547154,1262500,"Running"
30293,"NIO-Worker",1419356990809654,34687,"R+"
30293,"NIO-Worker",1419356990844341,886354,"Running"
30293,"NIO-Worker",1419356991730695,207500,"R"
30293,"NIO-Worker",1419356991938195,641771,"Running"
30293,"NIO-Worker",1419356992579966,27657,"S"
30293,"NIO-Worker",1419356992607623,18750,"R"
30293,"NIO-Worker",1419356992626373,230260,"Running"
30244,"nio-stream-prod",1419356992745070,133334,"R"
30293,"NIO-Worker",1419356992856633,8594,"R"
30293,"NIO-Worker",1419356992865227,60521,"Running"
30244,"nio-stream-prod",1419356992878404,97344,"Running"
30232,"nio-webserver-r",1419356992884810,40938,"R"
30232,"nio-webserver-r",1419356992925748,215312,"Running"
30293,"NIO-Worker",1419356992925748,410015729,"S"
30244,"nio-stream-prod",1419356992975748,95730260,"S"
30232,"nio-webserver-r",1419356993141060,110000,"R+"
30232,"nio-webserver-r",1419356993251060,253906,"Running"
30232,"nio-webserver-r",1419356993504966,31835938,"S"
30232,"nio-webserver-r",1419357025340904,30469,"R"
30232,"nio-webserver-r",1419357025371373,108072,"Running"
30232,"nio-webserver-r",1419357025479445,73907,"S"
30232,"nio-webserver-r",1419357025553352,53646,"R"
30232,"nio-webserver-r",1419357025606998,163125,"Running"
30232,"nio-webserver-r",1419357025770123,740781,"S"
30232,"nio-webserver-r",1419357026510904,51406,"R"
30232,"nio-webserver-r",1419357026562310,321510,"Running"
30295,"NIO-Worker",1419357026846841,16667,"R"
30295,"NIO-Worker",1419357026863508,289271,"Running"
30232,"nio-webserver-r",1419357026883820,17512657,"S"
30295,"NIO-Worker",1419357027152779,12086562,"S"
30295,"NIO-Worker",1419357039239341,14844,"R"
30295,"NIO-Worker",1419357039254185,231406,"Running"
30295,"NIO-Worker",1419357039485591,8438,"S"
30295,"NIO-Worker",1419357039494029,22344,"R"
30295,"NIO-Worker",1419357039516373,302343,"Running"
30295,"NIO-Worker",1419357039818716,144063,"S"
30295,"NIO-Worker",1419357039962779,41510,"R"
30295,"NIO-Worker",1419357040004289,45521,"Running"
30295,"NIO-Worker",1419357040049810,226250,"S"
30295,"NIO-Worker",1419357040276060,23542,"R"
30295,"NIO-Worker",1419357040299602,228125,"Running"
30295,"NIO-Worker",1419357040527727,233437,"S"
30295,"NIO-Worker",1419357040761164,85313,"R"
30295,"NIO-Worker",1419357040846477,17968,"Running"
30295,"NIO-Worker",1419357040864445,111928,"S"
30295,"NIO-Worker",1419357040976373,20104,"R"
30295,"NIO-Worker",1419357040996477,47083,"Running"
30295,"NIO-Worker",1419357041043560,46875,"S"
30295,"NIO-Worker",1419357041090435,40000,"R"
30295,"NIO-Worker",1419357041130435,415000,"Running"
30295,"NIO-Worker",1419357041545435,234479,"R"
30295,"NIO-Worker",1419357041779914,2417709,"Running"
30295,"NIO-Worker",1419357044197623,20781,"S"
30295,"NIO-Worker",1419357044218404,31041,"R"
30295,"NIO-Worker",1419357044249445,201303,"Running"
30232,"nio-webserver-r",1419357044396477,18021,"R"
30232,"nio-webserver-r",1419357044414498,374322,"Running"
30295,"NIO-Worker",1419357044450748,414258593,"S"
30232,"nio-webserver-r",1419357044788820,44271,"R+"
30232,"nio-webserver-r",1419357044833091,122136,"Running"
30232,"nio-webserver-r",1419357044955227,35681302,"S"
30232,"nio-webserver-r",1419357080636529,19375,"R"
30232,"nio-webserver-r",1419357080655904,123125,"Running"
30232,"nio-webserver-r",1419357080779029,66875,"S"
30232,"nio-webserver-r",1419357080845904,66562,"R"
30232,"nio-webserver-r",1419357080912466,176094,"Running"
30232,"nio-webserver-r",1419357081088560,403281,"S"
30232,"nio-webserver-r",1419357081491841,36563,"R"
30232,"nio-webserver-r",1419357081528404,360312,"Running"
30296,"NIO-Worker",1419357081837414,32084,"R"
30296,"NIO-Worker",1419357081869498,347343,"Running"
30232,"nio-webserver-r",1419357081888716,6993282,"S"
30296,"NIO-Worker",1419357082216841,1167657,"S"
30296,"NIO-Worker",1419357083384498,34531,"R"
30296,"NIO-Worker",1419357083419029,216510,"Running"
30296,"NIO-Worker",1419357083635539,386927,"S"
30296,"NIO-Worker",1419357084022466,19844,"R"
30296,"NIO-Worker",1419357084042310,348906,"Running"
30296,"NIO-Worker",1419357084391216,124375,"S"
30296,"NIO-Worker",1419357084515591,17032,"R"
30296,"NIO-Worker",1419357084532623,47343,"Running"
30296,"NIO-Worker",1419357084579966,456979,"S"
30296,"NIO-Worker",1419357085036945,19063,"R"
30296,"NIO-Worker",1419357085056008,213646,"Running"
30296,"NIO-Worker",1419357085269654,265781,"S"
30296,"NIO-Worker",1419357085535435,16719,"R"
30296,"NIO-Worker",1419357085552154,19062,"Running"
30296,"NIO-Worker",1419357085571216,49375,"R+"
30296,"NIO-Worker",1419357085620591,50313,"Running"
30296,"NIO-Worker",1419357085670904,44844,"R+"
30296,"NIO-Worker",1419357085715748,4531,"Running"
30296,"NIO-Worker",1419357085720279,6719,"S"
30296,"NIO-Worker",1419357085726998,26250,"R"
30296,"NIO-Worker",1419357085753248,2774375,"Running"
30296,"NIO-Worker",1419357088527623,24322,"S"
30296,"NIO-Worker",1419357088551945,33803,"R"
30296,"NIO-Worker",1419357088585748,333906,"Running"
30244,"nio-stream-prod",1419357088706008,105312,"R"
30244,"nio-stream-prod",1419357088811320,164740,"Running"
30232,"nio-webserver-r",1419357088881998,25260,"R"
30232,"nio-webserver-r",1419357088907258,449427,"Running"
30296,"NIO-Worker",1419357088919654,422368698,"S"
30244,"nio-stream-prod",1419357088976060,115475625,"S"
30232,"nio-webserver-r",1419357089356685,45097031,"S"
30232,"nio-webserver-r",1419357134453716,29323,"R"
30232,"nio-webserver-r",1419357134483039,179688,"Running"
30232,"nio-webserver-r",1419357134662727,28750,"S"
30232,"nio-webserver-r",1419357134691477,10521,"Running"
30232,"nio-webserver-r",1419357134701998,10937,"S"
30232,"nio-webserver-r",1419357134712935,101979,"Running"
30232,"nio-webserver-r",1419357134814914,60052,"R"
30232,"nio-webserver-r",1419357134874966,121875,"Running"
30232,"nio-webserver-r",1419357134996841,551823,"S"
30232,"nio-webserver-r",1419357135548664,56459,"R"
30232,"nio-webserver-r",1419357135605123,321875,"Running"
30299,"NIO-Worker",1419357135872727,20468,"R"
30299,"NIO-Worker",1419357135893195,358125,"Running"
30232,"nio-webserver-r",1419357135926998,13854635,"S"
30299,"NIO-Worker",1419357136251320,8454584,"S"
30299,"NIO-Worker",1419357144705904,16875,"R"
30299,"NIO-Worker",1419357144722779,244531,"Running"
30299,"NIO-Worker",1419357144967310,27917,"S"
30299,"NIO-Worker",1419357144995227,14114,"R"
30299,"NIO-Worker",1419357145009341,320313,"Running"
30299,"NIO-Worker",1419357145329654,111875,"R+"
30299,"NIO-Worker",1419357145441529,4844,"Running"
30299,"NIO-Worker",1419357145446373,76666,"S"
30299,"NIO-Worker",1419357145523039,15834,"R"
30299,"NIO-Worker",1419357145538873,55572,"Running"
30299,"NIO-Worker",1419357145594445,268959,"S"
30299,"NIO-Worker",1419357145863404,15000,"R"
30299,"NIO-Worker",1419357145878404,273437,"Running"
30299,"NIO-Worker",1419357146151841,315000,"S"
30299,"NIO-Worker",1419357146466841,16094,"R"
30299,"NIO-Worker",1419357146482935,44844,"Running"
30299,"NIO-Worker",1419357146527779,49844,"S"
30299,"NIO-Worker",1419357146577623,16562,"R"
30299,"NIO-Worker",1419357146594185,75625,"Running"
30299,"NIO-Worker",1419357146669810,52604,"S"
30299,"NIO-Worker",1419357146722414,25052,"R"
30299,"NIO-Worker",1419357146747466,2818750,"Running"
30299,"NIO-Worker",1419357149566216,22761,"S"
30299,"NIO-Worker",1419357149588977,54427,"R"
30299,"NIO-Worker",1419357149643404,188906,"Running"
30232,"nio-webserver-r",1419357149781633,10833,"R"
30232,"nio-webserver-r",1419357149792466,345417,"Running"
30299,"NIO-Worker",1419357149832310,416325573,"S"
30232,"nio-webserver-r",1419357150137883,138646,"R"
30232,"nio-webserver-r",1419357150276529,37291,"Running"
30232,"nio-webserver-r",1419357150313820,39220000,"S"
30232,"nio-webserver-r",1419357189533820,65157,"R"
30232,"nio-webserver-r",1419357189598977,110520,"Running"
30232,"nio-webserver-r",1419357189709497,140157,"S"
30232,"nio-webserver-r",1419357189849654,94791,"R"
30232,"nio-webserver-r",1419357189944445,53959,"Running"
30232,"nio-webserver-r",1419357189998404,30104,"R"
30232,"nio-webserver-r",1419357190028508,129271,"Running"
30232,"nio-webserver-r",1419357190157779,749062,"S"
30232,"nio-webserver-r",1419357190906841,69063,"R"
30232,"nio-webserver-r",1419357190975904,218593,"Running"
30232,"nio-webserver-r",1419357191194497,55782,"R"
30232,"nio-webserver-r",1419357191250279,250000,"Running"
30300,"NIO-Worker",1419357191456060,37292,"R"
30300,"NIO-Worker",1419357191493352,368645,"Running"
30232,"nio-webserver-r",1419357191500279,13280000,"S"
30300,"NIO-Worker",1419357191861997,7099844,"S"
30300,"NIO-Worker",1419357198961841,34531,"R"
30300,"NIO-Worker",1419357198996372,53386,"Running"
30300,"NIO-Worker",1419357199049758,32500,"R"
30300,"NIO-Worker",1419357199082258,45052,"Running"
30300,"NIO-Worker",1419357199127310,132292,"R"
30300,"NIO-Worker",1419357199259602,135677,"Running"
30300,"NIO-Worker",1419357199395279,12187,"R"
30300,"NIO-Worker",1419357199407466,119219,"Running"
30300,"NIO-Worker",1419357199526685,45573,"R"
30300,"NIO-Worker",1419357199572258,306458,"Running"
30300,"NIO-Worker",1419357199878716,182136,"S"
30300,"NIO-Worker",1419357200060852,281093,"R"
30300,"NIO-Worker",1419357200341945,53021,"Running"
30300,"NIO-Worker",1419357200394966,172031,"R+"
30300,"NIO-Worker",1419357200566997,9844,"Running"
30300,"NIO-Worker",1419357200576841,71406,"S"
30300,"NIO-Worker",1419357200648247,26407,"R"
30300,"NIO-Worker",1419357200674654,267343,"Running"
30300,"NIO-Worker",1419357200941997,109375,"R+"
30300,"NIO-Worker",1419357201051372,5573,"Running"
30300,"NIO-Worker",1419357201056945,110052,"S"
30300,"NIO-Worker",1419357201166997,12500,"R"
30300,"NIO-Worker",1419357201179497,20938,"Running"
30300,"NIO-Worker",1419357201200435,68854,"S"
30300,"NIO-Worker",1419357201269289,26250,"R"
30300,"NIO-Worker",1419357201295539,47500,"Running"
30300,"NIO-Worker",1419357201343039,97552,"S"
30300,"NIO-Worker",1419357201440591,13386,"R"
30300,"NIO-Worker",1419357201453977,2851458,"Running"
30300,"NIO-Worker",1419357204305435,22500,"S"
30300,"NIO-Worker",1419357204327935,13854,"R"
30300,"NIO-Worker",1419357204341789,469583,"Running"
30244,"nio-stream-prod",1419357204451685,31406,"R"
30244,"nio-stream-prod",1419357204483091,98750,"Running"
30244,"nio-stream-prod",1419357204581841,15469,"R"
30244,"nio-stream-prod",1419357204597310,117500,"Running"
30244,"nio-stream-prod",1419357204714810,99615000,"S"
30232,"nio-webserver-r",1419357204780279,12031,"R"
30232,"nio-webserver-r",1419357204792310,237760,"Running"
30300,"NIO-Worker",1419357204811372,414695157,"S"
30232,"nio-webserver-r",1419357205030070,81302,"R+"
30232,"nio-webserver-r",1419357205111372,214532,"Running"
30232,"nio-webserver-r",1419357205325904,38775937,"S"
30232,"nio-webserver-r",1419357244101841,111250,"R"
30232,"nio-webserver-r",1419357244213091,85000,"Running"
30232,"nio-webserver-r",1419357244298091,56250,"R"
30232,"nio-webserver-r",1419357244354341,130938,"Running"
30232,"nio-webserver-r",1419357244485279,18698,"S"
30232,"nio-webserver-r",1419357244503977,23333,"R"
30232,"nio-webserver-r",1419357244527310,11406,"Running"
30232,"nio-webserver-r",1419357244538716,22448,"S"
30232,"nio-webserver-r",1419357244561164,155521,"Running"
30232,"nio-webserver-r",1419357244716685,811719,"S"
30232,"nio-webserver-r",1419357245528404,17031,"R"
30232,"nio-webserver-r",1419357245545435,350469,"Running"
30234,"NIO-Worker",1419357245860904,87031,"R"
30232,"nio-webserver-r",1419357245895904,15341823,"S"
30234,"NIO-Worker",1419357245947935,413594,"Running"
30234,"NIO-Worker",1419357246361529,8901875,"S"
30234,"NIO-Worker",1419357255263404,56875,"R"
30234,"NIO-Worker",1419357255320279,999062,"Running"
30234,"NIO-Worker",1419357256319341,143698,"S"
30234,"NIO-Worker",1419357256463039,42031,"R"
30234,"NIO-Worker",1419357256505070,28125,"Running"
30234,"NIO-Worker",1419357256533195,240834,"S"
30234,"NIO-Worker",1419357256774029,133593,"R"
30234,"NIO-Worker",1419357256907622,462188,"Running"
30234,"NIO-Worker",1419357257369810,15260,"R+"
30234,"NIO-Worker",1419357257385070,43750,"Running"
30234,"NIO-Worker",1419357257428820,113907,"R+"
30234,"NIO-Worker",1419357257542727,40312,"Running"
30234,"NIO-Worker",1419357257583039,519375,"S"
30234,"NIO-Worker",1419357258102414,38177,"R"
30234,"NIO-Worker",1419357258140591,19792,"Running"
30234,"NIO-Worker",1419357258160383,74114,"R+"
30234,"NIO-Worker",1419357258234497,69688,"Running"
30234,"NIO-Worker",1419357258304185,155625,"R+"
30234,"NIO-Worker",1419357258459810,10781,"Running"
30234,"NIO-Worker",1419357258470591,169375,"S"
30234,"NIO-Worker",1419357258639966,142448,"R"
30234,"NIO-Worker",1419357258782414,2156875,"Running"
30234,"NIO-Worker",1419357260939289,38490,"R+"
30234,"NIO-Worker",1419357260977779,42031,"Running"
30234,"NIO-Worker",1419357261019810,23698,"R+"
30234,"NIO-Worker",1419357261043508,244739,"Running"
30232,"nio-webserver-r",1419357261237727,18906,"R"
30232,"nio-webserver-r",1419357261256633,651927,"Running"
30234,"NIO-Worker",1419357261288247,413163438,"S"
30232,"nio-webserver-r",1419357261908560,33026979,"S"
30232,"nio-webserver-r",1419357294935539,38750,"R"
30232,"nio-webserver-r",1419357294974289,135625,"Running"
30232,"nio-webserver-r",1419357295109914,207500,"S"
30232,"nio-webserver-r",1419357295317414,29740,"R"
30232,"nio-webserver-r",1419357295347154,206562,"Running"
30232,"nio-webserver-r",1419357295553716,341406,"S"
30232,"nio-webserver-r",1419357295895122,52188,"R"
30232,"nio-webserver-r",1419357295947310,374062,"Running"
30285,"NIO-Worker",1419357296285279,18437,"R"
30285,"NIO-Worker",1419357296303716,411354,"Running"
30232,"nio-webserver-r",1419357296321372,8110782,"S"
30285,"NIO-Worker",1419357296715070,2667032,"S"
30285,"NIO-Worker",1419357299382102,39843,"R"
30285,"NIO-Worker",1419357299421945,220052,"Running"
30285,"NIO-Worker",1419357299641997,5573,"S"
30285,"NIO-Worker",1419357299647570,16927,"R"
30285,"NIO-Worker",1419357299664497,279844,"Running"
30285,"NIO-Worker",1419357299944341,191250,"R+"
30285,"NIO-Worker",1419357300135591,18438,"Running"
30285,"NIO-Worker",1419357300154029,150625,"R+"
30285,"NIO-Worker",1419357300304654,36406,"Running"
30285,"NIO-Worker",1419357300341060,53594,"R+"
30285,"NIO-Worker",1419357300394654,9843,"Running"
30285,"NIO-Worker",1419357300404497,143750,"S"
30285,"NIO-Worker",1419357300548247,39375,"R"
30285,"NIO-Worker",1419357300587622,227657,"Running"
30285,"NIO-Worker",1419357300815279,231093,"R+"
30285,"NIO-Worker",1419357301046372,9792,"Running"
30285,"NIO-Worker",1419357301056164,58594,"S"
30285,"NIO-Worker",1419357301114758,29427,"R"
30285,"NIO-Worker",1419357301144185,35625,"Running"
30285,"NIO-Worker",1419357301179810,70781,"S"
30285,"NIO-Worker",1419357301250591,39219,"R"
30285,"NIO-Worker",1419357301289810,67031,"Running"
30285,"NIO-Worker",1419357301356841,42448,"S"
30285,"NIO-Worker",1419357301399289,15052,"R"
30285,"NIO-Worker",1419357301414341,2757188,"Running"
30285,"NIO-Worker",1419357304171529,33125,"S"
30285,"NIO-Worker",1419357304204654,27135,"R"
30285,"NIO-Worker",1419357304231789,239427,"Running"
30244,"nio-stream-prod",1419357304329810,29062,"R"
30244,"nio-stream-prod",1419357304358872,173125,"Running"
30232,"nio-webserver-r",1419357304432154,137656,"R"
30285,"NIO-Worker",1419357304471216,421520781,"S"
30244,"nio-stream-prod",1419357304531997,103973594,"S"
30232,"nio-webserver-r",1419357304569810,438906,"Running"
30232,"nio-webserver-r",1419357305008716,24531,"R"
30232,"nio-webserver-r",1419357305033247,17813,"Running"
30232,"nio-webserver-r",1419357305051060,45009010,"S"
30232,"nio-webserver-r",1419357350060070,160469,"R"
30232,"nio-webserver-r",1419357350220539,157813,"Running"
30232,"nio-webserver-r",1419357350378352,54895,"S"
30232,"nio-webserver-r",1419357350433247,60313,"R"
30232,"nio-webserver-r",1419357350493560,182031,"Running"
30232,"nio-webserver-r",1419357350675591,471198,"S"
30232,"nio-webserver-r",1419357351146789,47396,"R"
30232,"nio-webserver-r",1419357351194185,355625,"Running"
30290,"NIO-Worker",1419357351509133,16927,"R"
30290,"NIO-Worker",1419357351526060,406562,"Running"
30232,"nio-webserver-r",1419357351549810,19502604,"S"
30290,"NIO-Worker",1419357351932622,13461875,"S"
30290,"NIO-Worker",1419357365394497,18125,"R"
30290,"NIO-Worker",1419357365412622,180000,"Running"
30290,"NIO-Worker",1419357365592622,7500,"R"
30290,"NIO-Worker",1419357365600122,112448,"Running"
30290,"NIO-Worker",1419357365712570,225834,"S"
30290,"NIO-Worker",1419357365938404,51562,"R"
30290,"NIO-Worker",1419357365989966,38698,"Running"
30290,"NIO-Worker",1419357366028664,17708,"S"
30290,"NIO-Worker",1419357366046372,394532,"Running"
30290,"NIO-Worker",1419357366440904,164531,"S"
30290,"NIO-Worker",1419357366605435,34375,"R"
30290,"NIO-Worker",1419357366639810,43437,"Running"
30290,"NIO-Worker",1419357366683247,43125,"R+"
30290,"NIO-Worker",1419357366726372,18125,"Running"
30290,"NIO-Worker",1419357366744497,284532,"S"
30290,"NIO-Worker",1419357367029029,88750,"R"
30290,"NIO-Worker",1419357367117779,254010,"Running"
30290,"NIO-Worker",1419357367371789,172865,"R+"
30290,"NIO-Worker",1419357367544654,26041,"Running"
30290,"NIO-Worker",1419357367570695,76146,"S"
30290,"NIO-Worker",1419357367646841,47917,"R"
30290,"NIO-Worker",1419357367694758,27396,"Running"
30290,"NIO-Worker",1419357367722154,47656,"S"
30290,"NIO-Worker",1419357367769810,27187,"R"
30290,"NIO-Worker",1419357367796997,67292,"Running"
30290,"NIO-Worker",1419357367864289,24115,"R+"
30290,"NIO-Worker",1419357367888404,6875,"Running"
30290,"NIO-Worker",1419357367895279,18750,"S"
30290,"NIO-Worker",1419357367914029,13229,"R"
30290,"NIO-Worker",1419357367927258,915833,"Running"
30290,"NIO-Worker",1419357368843091,19219,"R"
30290,"NIO-Worker",1419357368862310,148594,"Running"
30290,"NIO-Worker",1419357369010904,26198,"R"
30290,"NIO-Worker",1419357369037102,1780312,"Running"
30290,"NIO-Worker",1419357370817414,32396,"S"
30290,"NIO-Worker",1419357370849810,68281,"R"
30290,"NIO-Worker",1419357370918091,207969,"Running"
30232,"nio-webserver-r",1419357371052414,69896,"R"
30232,"nio-webserver-r",1419357371122310,212656,"Running"
30290,"NIO-Worker",1419357371126060,405533437,"S"
30232,"nio-webserver-r",1419357371334966,24531,"R+"
30232,"nio-webserver-r",1419357371359497,209532,"Running"
30232,"nio-webserver-r",1419357371569029,30263125,"S"
30232,"nio-webserver-r",1419357401832154,167291,"R"
30232,"nio-webserver-r",1419357401999445,144740,"Running"
30232,"nio-webserver-r",1419357402144185,27812,"R+"
30232,"nio-webserver-r",1419357402171997,17657,"Running"
30232,"nio-webserver-r",1419357402189654,77343,"R+"
30232,"nio-webserver-r",1419357402266997,204219,"Running"
30232,"nio-webserver-r",1419357402471216,110573,"S"
30232,"nio-webserver-r",1419357402581789,50521,"R"
30232,"nio-webserver-r",1419357402632310,343906,"Running"
30293,"NIO-Worker",1419357402941477,14218,"R"
30293,"NIO-Worker",1419357402955695,428959,"Running"
30232,"nio-webserver-r",1419357402976216,5855573,"S"
30293,"NIO-Worker",1419357403384654,30468,"S"
30293,"NIO-Worker",1419357403415122,271823,"Running"
30293,"NIO-Worker",1419357403686945,18646,"S"
30293,"NIO-Worker",1419357403705591,237656,"Running"
30293,"NIO-Worker",1419357403943247,132344,"S"
30293,"NIO-Worker",1419357404075591,14844,"R"
30293,"NIO-Worker",1419357404090435,43073,"Running"
30293,"NIO-Worker",1419357404133508,236458,"S"
30293,"NIO-Worker",1419357404369966,15313,"R"
30293,"NIO-Worker",1419357404385279,212968,"Running"
30293,"NIO-Worker",1419357404598247,58698,"R+"
30293,"NIO-Worker",1419357404656945,6302,"Running"
30293,"NIO-Worker",1419357404663247,224688,"S"
30293,"NIO-Worker",1419357404887935,32656,"R"
30293,"NIO-Worker",1419357404920591,15729,"Running"
30293,"NIO-Worker",1419357404936320,76719,"S"
30293,"NIO-Worker",1419357405013039,235000,"R"
30293,"NIO-Worker",1419357405248039,84583,"Running"
30293,"NIO-Worker",1419357405332622,70313,"S"
30293,"NIO-Worker",1419357405402935,80260,"R"
30293,"NIO-Worker",1419357405483195,2774584,"Running"
30293,"NIO-Worker",1419357408257779,24323,"S"
30293,"NIO-Worker",1419357408282102,28958,"R"
30293,"NIO-Worker",1419357408311060,34844,"Running"
30293,"NIO-Worker",1419357408345904,11406,"R+"
30293,"NIO-Worker",1419357408357310,56719,"Running"
30293,"NIO-Worker",1419357408414029,49843,"R"
30293,"NIO-Worker",1419357408463872,135105,"Running"
30244,"nio-stream-prod",1419357408505591,49063,"R"
30244,"nio-stream-prod",1419357408554654,126666,"Running"
30293,"NIO-Worker",1419357408598977,202239,"R"
30244,"nio-stream-prod",1419357408681320,110780209,"S"
30293,"NIO-Worker",1419357408801216,67031,"Running"
30232,"nio-webserver-r",1419357408831789,36615,"R"
30293,"NIO-Worker",1419357408868247,11198,"R+"
30232,"nio-webserver-r",1419357408868404,208281,"Running"
30293,"NIO-Worker",1419357408879445,32396,"Running"
30293,"NIO-Worker",1419357408911841,421563125,"S"
30232,"nio-webserver-r",1419357409076685,72760,"R+"
30232,"nio-webserver-r",1419357409149445,295938,"Running"
30232,"nio-webserver-r",1419357409445383,128333,"R+"
30232,"nio-webserver-r",1419357409573716,64375,"Running"
30232,"nio-webserver-r",1419357409638091,54219,"R+"
30232,"nio-webserver-r",1419357409692310,44479,"Running"
30232,"nio-webserver-r",1419357409736789,27656,"R"
30232,"nio-webserver-r",1419357409764445,26407,"Running"
30232,"nio-webserver-r",1419357409790852,30833,"R"
30232,"nio-webserver-r",1419357409821685,31875,"Running"
30232,"nio-webserver-r",1419357409853560,13750,"R"
30232,"nio-webserver-r",1419357409867310,49062,"Running"
30232,"nio-webserver-r",1419357409916372,47197032,"S"
30232,"nio-webserver-r",1419357457113404,81718,"R"
30232,"nio-webserver-r",1419357457195122,484219,"Running"
30232,"nio-webserver-r",1419357457679341,19063,"S"
30232,"nio-webserver-r",1419357457698404,20156,"R"
30232,"nio-webserver-r",1419357457718560,21406,"Running"
30232,"nio-webserver-r",1419357457739966,41250,"S"
30232,"nio-webserver-r",1419357457781216,74167,"Running"
30232,"nio-webserver-r",1419357457855383,14739,"R"
30232,"nio-webserver-r",1419357457870122,107500,"Running"
30232,"nio-webserver-r",1419357457977622,269688,"S"
30232,"nio-webserver-r",1419357458247310,44948,"R"
30232,"nio-webserver-r",1419357458292258,198333,"Running"
30232,"nio-webserver-r",1419357458490591,42813,"R"
30232,"nio-webserver-r",1419357458533404,219948,"Running"
30295,"NIO-Worker",1419357458709341,18594,"R"
30295,"NIO-Worker",1419357458727935,841823,"Running"
30232,"nio-webserver-r",1419357458753352,5011927,"S"
30295,"NIO-Worker",1419357459569758,153594,"S"
30295,"NIO-Worker",1419357459723352,16927,"R"
30295,"NIO-Worker",1419357459740279,38750,"Running"
30295,"NIO-Worker",1419357459779029,18541,"R+"
30295,"NIO-Worker",1419357459797570,6146,"Running"
30295,"NIO-Worker",1419357459803716,204375,"S"
30295,"NIO-Worker",1419357460008091,24844,"R"
30295,"NIO-Worker",1419357460032935,222917,"Running"
30295,"NIO-Worker",1419357460255852,253489,"S"
30295,"NIO-Worker",1419357460509341,16354,"R"
30295,"NIO-Worker",1419357460525695,22344,"Running"
30295,"NIO-Worker",1419357460548039,72240,"R+"
30295,"NIO-Worker",1419357460620279,48593,"Running"
30295,"NIO-Worker",1419357460668872,50000,"S"
30295,"NIO-Worker",1419357460718872,18386,"R"
30295,"NIO-Worker",1419357460737258,2839271,"Running"
30295,"NIO-Worker",1419357463576529,23437,"S"
30295,"NIO-Worker",1419357463599966,37188,"R"
30295,"NIO-Worker",1419357463637154,154218,"Running"
30232,"nio-webserver-r",1419357463765279,11875,"R"
30232,"nio-webserver-r",1419357463777154,335156,"Running"
30295,"NIO-Worker",1419357463791372,422288750,"S"
30232,"nio-webserver-r",1419357464112310,45543281,"S"
30232,"nio-webserver-r",1419357509655591,62188,"R"
30232,"nio-webserver-r",1419357509717779,265260,"Running"
30232,"nio-webserver-r",1419357509983039,7708,"R+"
30232,"nio-webserver-r",1419357509990747,28750,"Running"
30232,"nio-webserver-r",1419357510019497,30469,"S"
30232,"nio-webserver-r",1419357510049966,12813,"R"
30232,"nio-webserver-r",1419357510062779,5156,"Running"
30232,"nio-webserver-r",1419357510067935,94010,"S"
30232,"nio-webserver-r",1419357510161945,25990,"R"
30232,"nio-webserver-r",1419357510187935,144375,"Running"
30232,"nio-webserver-r",1419357510332310,10104,"R+"
30232,"nio-webserver-r",1419357510342414,95521,"Running"
30232,"nio-webserver-r",1419357510437935,457187,"S"
30232,"nio-webserver-r",1419357510895122,47917,"R"
30232,"nio-webserver-r",1419357510943039,393646,"Running"
30296,"NIO-Worker",1419357511288352,20364,"R"
30296,"NIO-Worker",1419357511308716,426979,"Running"
30232,"nio-webserver-r",1419357511336685,8243125,"S"
30296,"NIO-Worker",1419357511735695,2599271,"S"
30296,"NIO-Worker",1419357514334966,22969,"R"
30296,"NIO-Worker",1419357514357935,470000,"Running"
30296,"NIO-Worker",1419357514827935,61875,"R+"
30296,"NIO-Worker",1419357514889810,5156,"Running"
30296,"NIO-Worker",1419357514894966,109219,"S"
30296,"NIO-Worker",1419357515004185,27031,"R"
30296,"NIO-Worker",1419357515031216,50156,"Running"
30296,"NIO-Worker",1419357515081372,250938,"S"
30296,"NIO-Worker",1419357515332310,31198,"R"
30296,"NIO-Worker",1419357515363508,276771,"Running"
30296,"NIO-Worker",1419357515640279,459218,"S"
30296,"NIO-Worker",1419357516099497,35625,"R"
30296,"NIO-Worker",1419357516135122,20782,"Running"
30296,"NIO-Worker",1419357516155904,51718,"S"
30296,"NIO-Worker",1419357516207622,45730,"R"
30296,"NIO-Worker",1419357516253352,52864,"Running"
30296,"NIO-Worker",1419357516306216,41511,"S"
30296,"NIO-Worker",1419357516347727,63958,"R"
30296,"NIO-Worker",1419357516411685,455625,"Running"
30296,"NIO-Worker",1419357516867310,65469,"R"
30296,"NIO-Worker",1419357516932779,2364843,"Running"
30296,"NIO-Worker",1419357519297622,9688,"R+"
30296,"NIO-Worker",1419357519307310,7031,"Running"
30296,"NIO-Worker",1419357519314341,9219,"S"
30296,"NIO-Worker",1419357519323560,12187,"R"
30296,"NIO-Worker",1419357519335747,288073,"Running"
30244,"nio-stream-prod",1419357519461529,42187,"R"
30244,"nio-stream-prod",1419357519503716,86406,"Running"
30232,"nio-webserver-r",1419357519579810,18594,"R"
30244,"nio-stream-prod",1419357519590122,122533282,"S"
30232,"nio-webserver-r",1419357519598404,453750,"Running"
30296,"NIO-Worker",1419357519623820,416991563,"S"
30232,"nio-webserver-r",1419357520052154,44292812,"S"
30232,"nio-webserver-r",1419357564344966,35313,"R"
30232,"nio-webserver-r",1419357564380279,123593,"Running"
30232,"nio-webserver-r",1419357564503872,61667,"S"
30232,"nio-webserver-r",1419357564565539,32865,"R"
30232,"nio-webserver-r",1419357564598404,198125,"Running"
30232,"nio-webserver-r",1419357564796529,654479,"S"
30232,"nio-webserver-r",1419357565451008,53646,"R"
30232,"nio-webserver-r",1419357565504654,337812,"Running"
30232,"nio-webserver-r",1419357565842466,21250,"R"
30232,"nio-webserver-r",1419357565863716,16719,"Running"
30232,"nio-webserver-r",1419357565880435,31667,"R"
30232,"nio-webserver-r",1419357565912102,287187,"Running"
30299,"NIO-Worker",1419357566157883,27083,"R"
30299,"NIO-Worker",1419357566184966,230469,"Running"
30232,"nio-webserver-r",1419357566199289,8156302,"S"
30299,"NIO-Worker",1419357566415435,38750,"R"
30299,"NIO-Worker",1419357566454185,16354,"Running"
30299,"NIO-Worker",1419357566470539,16458,"R"
30299,"NIO-Worker",1419357566486997,222761,"Running"
30299,"NIO-Worker",1419357566709758,2666302,"S"
30299,"NIO-Worker",1419357569376060,19531,"R"
30299,"NIO-Worker",1419357569395591,495938,"Running"
30299,"NIO-Worker",1419357569891529,146823,"S"
30299,"NIO-Worker",1419357570038352,15520,"R"
30299,"NIO-Worker",1419357570053872,80261,"Running"
30299,"NIO-Worker",1419357570134133,225469,"S"
30299,"NIO-Worker",1419357570359602,20208,"R"
30299,"NIO-Worker",1419357570379810,249948,"Running"
30299,"NIO-Worker",1419357570629758,284896,"S"
30299,"NIO-Worker",1419357570914654,19218,"R"
30299,"NIO-Worker",1419357570933872,16042,"Running"
30299,"NIO-Worker",1419357570949914,49896,"S"
30299,"NIO-Worker",1419357570999810,77031,"R"
30299,"NIO-Worker",1419357571076841,76875,"Running"
30299,"NIO-Worker",1419357571153716,46406,"S"
30299,"NIO-Worker",1419357571200122,47188,"R"
30299,"NIO-Worker",1419357571247310,1709062,"Running"
30299,"NIO-Worker",1419357572956372,10625,"R+"
30299,"NIO-Worker",1419357572966997,1086823,"Running"
30299,"NIO-Worker",1419357574053820,43021,"R+"
30299,"NIO-Worker",1419357574096841,76667,"Running"
30299,"NIO-Worker",1419357574173508,24583,"S"
30299,"NIO-Worker",1419357574198091,17292,"R"
30299,"NIO-Worker",1419357574215383,180833,"Running"
30232,"nio-webserver-r",1419357574355591,40000,"R"
30232,"nio-webserver-r",1419357574395591,107031,"Running"
30299,"NIO-Worker",1419357574396216,414362500,"S"
30232,"nio-webserver-r",1419357574502622,24323,"R"
30232,"nio-webserver-r",1419357574526945,292240,"Running"
30232,"nio-webserver-r",1419357574819185,43126094,"S"
30232,"nio-webserver-r",1419357617945279,24531,"R"
30232,"nio-webserver-r",1419357617969810,300885,"Running"
30232,"nio-webserver-r",1419357618270695,19688,"S"
30232,"nio-webserver-r",1419357618290383,51250,"R"
30232,"nio-webserver-r",1419357618341633,207500,"Running"
30232,"nio-webserver-r",1419357618549133,468958,"S"
30232,"nio-webserver-r",1419357619018091,54010,"R"
30232,"nio-webserver-r",1419357619072101,473282,"Running"
30300,"NIO-Worker",1419357619506529,17291,"R"
30300,"NIO-Worker",1419357619523820,517084,"Running"
30232,"nio-webserver-r",1419357619545383,22832396,"S"
30300,"NIO-Worker",1419357620040904,17091406,"S"
30300,"NIO-Worker",1419357637132310,25000,"R"
30300,"NIO-Worker",1419357637157310,311562,"Running"
30300,"NIO-Worker",1419357637468872,142500,"S"
30300,"NIO-Worker",1419357637611372,16250,"R"
30300,"NIO-Worker",1419357637627622,44063,"Running"
30300,"NIO-Worker",1419357637671685,241406,"S"
30300,"NIO-Worker",1419357637913091,15625,"R"
30300,"NIO-Worker",1419357637928716,209167,"Running"
30300,"NIO-Worker",1419357638137883,294271,"S"
30300,"NIO-Worker",1419357638432154,71197,"R"
30300,"NIO-Worker",1419357638503351,21771,"Running"
30300,"NIO-Worker",1419357638525122,49532,"S"
30300,"NIO-Worker",1419357638574654,23541,"R"
30300,"NIO-Worker",1419357638598195,58646,"Running"
30300,"NIO-Worker",1419357638656841,53125,"S"
30300,"NIO-Worker",1419357638709966,15573,"R"
30300,"NIO-Worker",1419357638725539,2082552,"Running"
30300,"NIO-Worker",1419357640808091,133594,"R"
30300,"NIO-Worker",1419357640941685,29010,"Running"
30300,"NIO-Worker",1419357640970695,26250,"R"
30300,"NIO-Worker",1419357640996945,624219,"Running"
30300,"NIO-Worker",1419357641621164,5937,"R"
30300,"NIO-Worker",1419357641627101,320209,"Running"
30300,"NIO-Worker",1419357641947310,10000,"R+"
30300,"NIO-Worker",1419357641957310,7604,"Running"
30300,"NIO-Worker",1419357641964914,15781,"S"
30300,"NIO-Worker",1419357641980695,23490,"R"
30300,"NIO-Worker",1419357642004185,422448,"Running"
30244,"nio-stream-prod",1419357642123404,48229,"R"
30244,"nio-stream-prod",1419357642171633,99375,"Running"
30244,"nio-stream-prod",1419357642271008,98826406,"S"
30232,"nio-webserver-r",1419357642377779,77812,"R"
30300,"NIO-Worker",1419357642426633,401057864,"S"
30232,"nio-webserver-r",1419357642455591,227031,"Running"
30232,"nio-webserver-r",1419357642682622,70417,"R+"
30232,"nio-webserver-r",1419357642753039,145469,"Running"
30232,"nio-webserver-r",1419357642898508,18489,"R"
30232,"nio-webserver-r",1419357642916997,172344,"Running"
30232,"nio-webserver-r",1419357643089341,29702448,"S"
30232,"nio-webserver-r",1419357672791789,38333,"R"
30232,"nio-webserver-r",1419357672830122,125938,"Running"
30232,"nio-webserver-r",1419357672956060,71666,"S"
30232,"nio-webserver-r",1419357673027726,43490,"R"
30232,"nio-webserver-r",1419357673071216,208073,"Running"
30232,"nio-webserver-r",1419357673279289,498177,"S"
30232,"nio-webserver-r",1419357673777466,61875,"R"
30232,"nio-webserver-r",1419357673839341,298125,"Running"
30232,"nio-webserver-r",1419357674137466,21510,"R"
30232,"nio-webserver-r",1419357674158976,346146,"Running"
30234,"NIO-Worker",1419357674451685,31406,"R"
30234,"NIO-Worker",1419357674483091,381719,"Running"
30232,"nio-webserver-r",1419357674505122,7374688,"S"
30234,"NIO-Worker",1419357674864810,53594,"R"
30234,"NIO-Worker",1419357674918404,8072,"Running"
30234,"NIO-Worker",1419357674926476,13646,"R"
30234,"NIO-Worker",1419357674940122,51354,"Running"
30234,"NIO-Worker",1419357674991476,2010209,"S"
30234,"NIO-Worker",1419357677001685,21406,"R"
30234,"NIO-Worker",1419357677023091,543125,"Running"
30234,"NIO-Worker",1419357677566216,125156,"S"
30234,"NIO-Worker",1419357677691372,18073,"R"
30234,"NIO-Worker",1419357677709445,25209,"Running"
30234,"NIO-Worker",1419357677734654,56875,"R+"
30234,"NIO-Worker",1419357677791529,5468,"Running"
30234,"NIO-Worker",1419357677796997,127344,"S"
30234,"NIO-Worker",1419357677924341,29010,"R"
30234,"NIO-Worker",1419357677953351,251146,"Running"
30234,"NIO-Worker",1419357678204497,270729,"S"
30234,"NIO-Worker",1419357678475226,22084,"R"
30234,"NIO-Worker",1419357678497310,39166,"Running"
30234,"NIO-Worker",1419357678536476,47553,"S"
30234,"NIO-Worker",1419357678584029,31718,"R"
30234,"NIO-Worker",1419357678615747,47813,"Running"
30234,"NIO-Worker",1419357678663560,69948,"S"
30234,"NIO-Worker",1419357678733508,40312,"R"
30234,"NIO-Worker",1419357678773820,1536563,"Running"
30234,"NIO-Worker",1419357680310383,52031,"R"
30234,"NIO-Worker",1419357680362414,523021,"Running"
30234,"NIO-Worker",1419357680885435,35156,"R"
30234,"NIO-Worker",1419357680920591,753229,"Running"
30234,"NIO-Worker",1419357681673820,33281,"S"
30234,"NIO-Worker",1419357681707101,18334,"R"
30234,"NIO-Worker",1419357681725435,204323,"Running"
30232,"nio-webserver-r",1419357681879810,17344,"R"
30232,"nio-webserver-r",1419357681897154,622916,"Running"
30234,"NIO-Worker",1419357681929758,413705000,"S"
30232,"nio-webserver-r",1419357682520070,94219,"R+"
30232,"nio-webserver-r",1419357682614289,124583,"Running"
30232,"nio-webserver-r",1419357682738872,41552032,"S"
30232,"nio-webserver-r",1419357724290904,48593,"R"
30232,"nio-webserver-r",1419357724339497,150469,"Running"
30232,"nio-webserver-r",1419357724489966,22656,"S"
30232,"nio-webserver-r",1419357724512622,80313,"R"
30232,"nio-webserver-r",1419357724592935,211719,"Running"
30232,"nio-webserver-r",1419357724804654,792031,"S"
30232,"nio-webserver-r",1419357725596685,50885,"R"
30232,"nio-webserver-r",1419357725647570,395521,"Running"
30285,"NIO-Worker",1419357725991997,44219,"R"
30285,"NIO-Worker",1419357726036216,365156,"Running"
30232,"nio-webserver-r",1419357726043091,15170104,"S"
30285,"NIO-Worker",1419357726401372,9229063,"S"
30285,"NIO-Worker",1419357735630435,14323,"R"
30285,"NIO-Worker",1419357735644758,226927,"Running"
30285,"NIO-Worker",1419357735871685,74062,"S"
30285,"NIO-Worker",1419357735945747,13907,"R"
30285,"NIO-Worker",1419357735959654,360625,"Running"
30285,"NIO-Worker",1419357736320279,195260,"S"
30285,"NIO-Worker",1419357736515539,15208,"R"
30285,"NIO-Worker",1419357736530747,38854,"Running"
30285,"NIO-Worker",1419357736569601,100678,"R+"
30285,"NIO-Worker",1419357736670279,5416,"Running"
30285,"NIO-Worker",1419357736675695,130834,"S"
30285,"NIO-Worker",1419357736806529,51718,"R"
30285,"NIO-Worker",1419357736858247,258125,"Running"
30285,"NIO-Worker",1419357737116372,247136,"S"
30285,"NIO-Worker",1419357737363508,32812,"R"
30285,"NIO-Worker",1419357737396320,18125,"Running"
30285,"NIO-Worker",1419357737414445,51302,"S"
30285,"NIO-Worker",1419357737465747,20157,"R"
30285,"NIO-Worker",1419357737485904,65937,"Running"
30285,"NIO-Worker",1419357737551841,46563,"S"
30285,"NIO-Worker",1419357737598404,32343,"R"
30285,"NIO-Worker",1419357737630747,3129219,"Running"
30285,"NIO-Worker",1419357740759966,16563,"R"
30285,"NIO-Worker",1419357740776529,113593,"Running"
30285,"NIO-Worker",1419357740890122,31563,"R"
30285,"NIO-Worker",1419357740921685,40156,"Running"
30285,"NIO-Worker",1419357740961841,42188,"R+"
30285,"NIO-Worker",1419357741004029,257187,"Running"
30244,"nio-stream-prod",1419357741097414,59375,"R"
30244,"nio-stream-prod",1419357741156789,99740,"Running"
30232,"nio-webserver-r",1419357741213195,17865,"R"
30232,"nio-webserver-r",1419357741231060,93594,"Running"
30244,"nio-stream-prod",1419357741256529,41961822,"S"
30285,"NIO-Worker",1419357741261216,409739687,"S"
30232,"nio-webserver-r",1419357741324654,22291,"R+"
30232,"nio-webserver-r",1419357741346945,168490,"Running"
30232,"nio-webserver-r",1419357741515435,45885,"R+"
30232,"nio-webserver-r",1419357741561320,284375,"Running"
30232,"nio-webserver-r",1419357741845695,33410209,"S"
30232,"nio-webserver-r",1419357775255904,60468,"R"
30232,"nio-webserver-r",1419357775316372,100729,"Running"
30232,"nio-webserver-r",1419357775417101,64896,"S"
30232,"nio-webserver-r",1419357775481997,43698,"R"
30232,"nio-webserver-r",1419357775525695,173281,"Running"
30232,"nio-webserver-r",1419357775698976,532709,"S"
30232,"nio-webserver-r",1419357776231685,42500,"R"
30232,"nio-webserver-r",1419357776274185,66875,"Running"
30232,"nio-webserver-r",1419357776341060,23594,"R"
30232,"nio-webserver-r",1419357776364654,332187,"Running"
30290,"NIO-Worker",1419357776659497,17344,"R"
30290,"NIO-Worker",1419357776676841,340469,"Running"
30232,"nio-webserver-r",1419357776696841,6610625,"S"
30290,"NIO-Worker",1419357777017310,801198,"S"
30290,"NIO-Worker",1419357777818508,20521,"R"
30290,"NIO-Worker",1419357777839029,474166,"Running"
30290,"NIO-Worker",1419357778313195,125781,"S"
30290,"NIO-Worker",1419357778438976,17553,"R"
30290,"NIO-Worker",1419357778456529,39531,"Running"
30290,"NIO-Worker",1419357778496060,206562,"S"
30290,"NIO-Worker",1419357778702622,20625,"R"
30290,"NIO-Worker",1419357778723247,206875,"Running"
30290,"NIO-Worker",1419357778930122,241094,"S"
30290,"NIO-Worker",1419357779171216,37031,"R"
30290,"NIO-Worker",1419357779208247,39792,"Running"
30290,"NIO-Worker",1419357779248039,46406,"S"
30290,"NIO-Worker",1419357779294445,46615,"R"
30290,"NIO-Worker",1419357779341060,54219,"Running"
30290,"NIO-Worker",1419357779395279,69687,"S"
30290,"NIO-Worker",1419357779464966,19844,"R"
30290,"NIO-Worker",1419357779484810,2905156,"Running"
30290,"NIO-Worker",1419357782389966,10000,"R"
30290,"NIO-Worker",1419357782399966,372500,"Running"
30290,"NIO-Worker",1419357782772466,23281,"S"
30290,"NIO-Worker",1419357782795747,331875,"R"
30290,"NIO-Worker",1419357783127622,216407,"Running"
30244,"nio-stream-prod",1419357783218351,125678,"R"
30232,"nio-webserver-r",1419357783307466,14688,"R"
30232,"nio-webserver-r",1419357783322154,236041,"Running"
30244,"nio-stream-prod",1419357783344029,121562,"Running"
30290,"NIO-Worker",1419357783344029,422212343,"S"
30244,"nio-stream-prod",1419357783465591,147917,"R+"
30232,"nio-webserver-r",1419357783558195,4488594,"S"
30244,"nio-stream-prod",1419357783613508,13802,"Running"
30244,"nio-stream-prod",1419357783627310,376510,"S"
30244,"nio-stream-prod",1419357784003820,90990,"R"
30244,"nio-stream-prod",1419357784094810,54479,"Running"
30244,"nio-stream-prod",1419357784149289,163490,"R+"
30244,"nio-stream-prod",1419357784312779,73906,"Running"
30244,"nio-stream-prod",1419357784386685,10625,"R+"
30244,"nio-stream-prod",1419357784397310,23281,"Running"
30244,"nio-stream-prod",1419357784420591,12448,"S"
30244,"nio-stream-prod",1419357784433039,104115,"R"
30244,"nio-stream-prod",1419357784537154,128229,"Running"
30244,"nio-stream-prod",1419357784665383,14271,"R"
30244,"nio-stream-prod",1419357784679654,2877135,"Running"
30244,"nio-stream-prod",1419357787556789,48594,"R"
30244,"nio-stream-prod",1419357787605383,493021,"Running"
30232,"nio-webserver-r",1419357788046789,13333,"R"
30232,"nio-webserver-r",1419357788060122,136407,"Running"
30244,"nio-stream-prod",1419357788098404,38229,"R+"
30244,"nio-stream-prod",1419357788136633,5781,"Running"
30244,"nio-stream-prod",1419357788142414,18906,"S"
30244,"nio-stream-prod",1419357788161320,244063,"Running"
30232,"nio-webserver-r",1419357788196529,67916,"R+"
30232,"nio-webserver-r",1419357788264445,65052,"Running"
30232,"nio-webserver-r",1419357788329497,281354,"R+"
30244,"nio-stream-prod",1419357788405383,47708,"R"
30244,"nio-stream-prod",1419357788453091,148385,"Running"
30244,"nio-stream-prod",1419357788601476,116771,"S"
30232,"nio-webserver-r",1419357788610851,170469,"Running"
30244,"nio-stream-prod",1419357788718247,29792,"R"
30244,"nio-stream-prod",1419357788748039,138958,"Running"
30232,"nio-webserver-r",1419357788781320,5052,"S"
30232,"nio-webserver-r",1419357788786372,11250,"R"
30232,"nio-webserver-r",1419357788797622,220625,"Running"
30244,"nio-stream-prod",1419357788886997,46900625,"S"
30232,"nio-webserver-r",1419357789018247,40207500,"S"
30232,"nio-webserver-r",1419357829225747,45469,"R"
30232,"nio-webserver-r",1419357829271216,141406,"Running"
30232,"nio-webserver-r",1419357829412622,66719,"S"
30232,"nio-webserver-r",1419357829479341,32969,"R"
30232,"nio-webserver-r",1419357829512310,4791,"Running"
30232,"nio-webserver-r",1419357829517101,46615,"S"
30232,"nio-webserver-r",1419357829563716,26823,"R"
30232,"nio-webserver-r",1419357829590539,174583,"Running"
30232,"nio-webserver-r",1419357829765122,289688,"S"
30232,"nio-webserver-r",1419357830054810,107291,"R"
30232,"nio-webserver-r",1419357830162101,351459,"Running"
30293,"NIO-Worker",1419357830474966,18906,"R"
30293,"NIO-Worker",1419357830493872,532813,"Running"
30232,"nio-webserver-r",1419357830513560,5372656,"S"
30293,"NIO-Worker",1419357831026685,42656,"S"
30293,"NIO-Worker",1419357831069341,13125,"R"
30293,"NIO-Worker",1419357831082466,328229,"Running"
30293,"NIO-Worker",1419357831410695,136719,"R+"
30293,"NIO-Worker",1419357831547414,37708,"Running"
30293,"NIO-Worker",1419357831585122,226406,"S"
30293,"NIO-Worker",1419357831811528,25157,"R"
30293,"NIO-Worker",1419357831836685,201198,"Running"
30293,"NIO-Worker",1419357832037883,344270,"S"
30293,"NIO-Worker",1419357832382153,50938,"R"
30293,"NIO-Worker",1419357832433091,34167,"Running"
30293,"NIO-Worker",1419357832467258,66562,"S"
30293,"NIO-Worker",1419357832533820,17500,"R"
30293,"NIO-Worker",1419357832551320,40052,"Running"
30293,"NIO-Worker",1419357832591372,79688,"S"
30293,"NIO-Worker",1419357832671060,58698,"R"
30293,"NIO-Worker",1419357832729758,415833,"Running"
30293,"NIO-Worker",1419357833145591,35000,"R"
30293,"NIO-Worker",1419357833180591,8594,"Running"
30293,"NIO-Worker",1419357833189185,38906,"R"
30293,"NIO-Worker",1419357833228091,2412604,"Running"
30293,"NIO-Worker",1419357835640695,39427,"R+"
30293,"NIO-Worker",1419357835680122,249011,"Running"
30244,"nio-stream-prod",1419357835787622,33386,"R"
30244,"nio-stream-prod",1419357835821008,140208,"Running"
30232,"nio-webserver-r",1419357835886216,35260,"R"
30232,"nio-webserver-r",1419357835921476,231146,"Running"
30293,"NIO-Worker",1419357835929133,417111250,"S"
30244,"nio-stream-prod",1419357835961216,300104,"S"
30232,"nio-webserver-r",1419357836152622,13036354,"S"
30244,"nio-stream-prod",1419357836261320,92083,"R"
30244,"nio-stream-prod",1419357836353403,25313,"Running"
30244,"nio-stream-prod",1419357836378716,66510,"S"
30244,"nio-stream-prod",1419357836445226,54896,"R"
30244,"nio-stream-prod",1419357836500122,51979,"Running"
30244,"nio-stream-prod",1419357836552101,43646,"S"
30244,"nio-stream-prod",1419357836595747,15469,"R"
30244,"nio-stream-prod",1419357836611216,4782448,"Running"
30244,"nio-stream-prod",1419357841393664,83333,"R"
30244,"nio-stream-prod",1419357841476997,802656,"Running"
30244,"nio-stream-prod",1419357842279653,10782,"R"
30244,"nio-stream-prod",1419357842290435,525468,"Running"
30244,"nio-stream-prod",1419357842815903,24375,"R"
30244,"nio-stream-prod",1419357842840278,2111407,"Running"
30244,"nio-stream-prod",1419357844951685,15625,"R"
30244,"nio-stream-prod",1419357844967310,31979,"Running"
30244,"nio-stream-prod",1419357844999289,11458,"R"
30244,"nio-stream-prod",1419357845010747,4237969,"Running"
30232,"nio-webserver-r",1419357849188976,41875,"R"
30232,"nio-webserver-r",1419357849230851,189375,"Running"
30244,"nio-stream-prod",1419357849248716,50573,"R+"
30244,"nio-stream-prod",1419357849299289,243958,"Running"
30232,"nio-webserver-r",1419357849420226,74219,"R+"
30232,"nio-webserver-r",1419357849494445,425781,"Running"
30244,"nio-stream-prod",1419357849543247,126563,"S"
30244,"nio-stream-prod",1419357849669810,24323,"R"
30244,"nio-stream-prod",1419357849694133,53489,"Running"
30244,"nio-stream-prod",1419357849747622,41077448,"S"
30232,"nio-webserver-r",1419357849920226,34736719,"S"
30232,"nio-webserver-r",1419357884656945,85677,"R"
30232,"nio-webserver-r",1419357884742622,152917,"Running"
30232,"nio-webserver-r",1419357884895539,10000,"R+"
30232,"nio-webserver-r",1419357884905539,19739,"Running"
30232,"nio-webserver-r",1419357884925278,158698,"S"
30232,"nio-webserver-r",1419357885083976,14584,"R"
30232,"nio-webserver-r",1419357885098560,4791,"Running"
30232,"nio-webserver-r",1419357885103351,83959,"S"
30232,"nio-webserver-r",1419357885187310,13385,"R"
30232,"nio-webserver-r",1419357885200695,177708,"Running"
30232,"nio-webserver-r",1419357885378403,353594,"S"
30232,"nio-webserver-r",1419357885731997,48073,"R"
30232,"nio-webserver-r",1419357885780070,334219,"Running"
30295,"NIO-Worker",1419357886080122,15000,"R"
30295,"NIO-Worker",1419357886095122,751198,"Running"
30232,"nio-webserver-r",1419357886114289,4813489,"S"
30295,"NIO-Worker",1419357886846320,124427,"S"
30295,"NIO-Worker",1419357886970747,14479,"R"
30295,"NIO-Worker",1419357886985226,38334,"Running"
30295,"NIO-Worker",1419357887023560,196510,"S"
30295,"NIO-Worker",1419357887220070,14844,"R"
30295,"NIO-Worker",1419357887234914,246302,"Running"
30295,"NIO-Worker",1419357887481216,238437,"S"
30295,"NIO-Worker",1419357887719653,14688,"R"
30295,"NIO-Worker",1419357887734341,16719,"Running"
30295,"NIO-Worker",1419357887751060,48750,"S"
30295,"NIO-Worker",1419357887799810,13750,"R"
30295,"NIO-Worker",1419357887813560,42031,"Running"
30295,"NIO-Worker",1419357887855591,41719,"S"
30295,"NIO-Worker",1419357887897310,15000,"R"
30295,"NIO-Worker",1419357887912310,2764062,"Running"
30295,"NIO-Worker",1419357890676372,29636,"R+"
30295,"NIO-Worker",1419357890706008,73125,"Running"
30295,"NIO-Worker",1419357890779133,13958,"R"
30295,"NIO-Worker",1419357890793091,165781,"Running"
30244,"nio-stream-prod",1419357890825070,133802,"R"
30232,"nio-webserver-r",1419357890927778,214167,"R"
30244,"nio-stream-prod",1419357890958872,91667,"Running"
30295,"NIO-Worker",1419357890958872,413776510,"S"
30244,"nio-stream-prod",1419357891050539,483177,"S"
30232,"nio-webserver-r",1419357891141945,201146,"Running"
30232,"nio-webserver-r",1419357891343091,275156,"R+"
30244,"nio-stream-prod",1419357891533716,55625,"R"
30244,"nio-stream-prod",1419357891589341,16875,"Running"
30244,"nio-stream-prod",1419357891606216,45312,"S"
30232,"nio-webserver-r",1419357891618247,54323,"Running"
30244,"nio-stream-prod",1419357891651528,21042,"R"
30232,"nio-webserver-r",1419357891672570,16312552,"S"
30244,"nio-stream-prod",1419357891672570,52396,"Running"
30244,"nio-stream-prod",1419357891724966,55885,"R+"
30244,"nio-stream-prod",1419357891780851,9716771,"Running"
30244,"nio-stream-prod",1419357901497622,16094,"R"
30244,"nio-stream-prod",1419357901513716,6545000,"Running"
30232,"nio-webserver-r",1419357907985122,18698,"R"
30232,"nio-webserver-r",1419357908003820,62083,"Running"
30244,"nio-stream-prod",1419357908058716,56198,"R+"
30232,"nio-webserver-r",1419357908065903,32605,"R+"
30232,"nio-webserver-r",1419357908098508,41093,"Running"
30244,"nio-stream-prod",1419357908114914,54896,"Running"
30232,"nio-webserver-r",1419357908139601,56563,"R"
30244,"nio-stream-prod",1419357908169810,34186354,"S"
30232,"nio-webserver-r",1419357908196164,56875,"Running"
30232,"nio-webserver-r",1419357908253039,24427,"R"
30232,"nio-webserver-r",1419357908277466,410469,"Running"
30232,"nio-webserver-r",1419357908687935,26472031,"S"
30232,"nio-webserver-r",1419357935159966,26250,"R"
30232,"nio-webserver-r",1419357935186216,200781,"Running"
30232,"nio-webserver-r",1419357935386997,371875,"S"
30232,"nio-webserver-r",1419357935758872,90417,"R"
30232,"nio-webserver-r",1419357935849289,173646,"Running"
30232,"nio-webserver-r",1419357936022935,268437,"S"
30232,"nio-webserver-r",1419357936291372,39688,"R"
30232,"nio-webserver-r",1419357936331060,317656,"Running"
30296,"NIO-Worker",1419357936615383,24583,"R"
30296,"NIO-Worker",1419357936639966,351406,"Running"
30232,"nio-webserver-r",1419357936648716,5830156,"S"
30296,"NIO-Worker",1419357936991372,772188,"S"
30296,"NIO-Worker",1419357937763560,16093,"R"
30296,"NIO-Worker",1419357937779653,552032,"Running"
30296,"NIO-Worker",1419357938331685,202760,"S"
30296,"NIO-Worker",1419357938534445,38438,"R"
30296,"NIO-Worker",1419357938572883,27968,"Running"
30296,"NIO-Worker",1419357938600851,219115,"S"
30296,"NIO-Worker",1419357938819966,12656,"R"
30296,"NIO-Worker",1419357938832622,198542,"Running"
30296,"NIO-Worker",1419357939031164,215364,"R+"
30296,"NIO-Worker",1419357939246528,17500,"Running"
30296,"NIO-Worker",1419357939264028,43438,"S"
30296,"NIO-Worker",1419357939307466,46719,"R"
30296,"NIO-Worker",1419357939354185,77031,"Running"
30296,"NIO-Worker",1419357939431216,73125,"S"
30296,"NIO-Worker",1419357939504341,14323,"R"
30296,"NIO-Worker",1419357939518664,1012239,"Running"
30296,"NIO-Worker",1419357940530903,128750,"R"
30296,"NIO-Worker",1419357940659653,174167,"Running"
30296,"NIO-Worker",1419357940833820,15990,"R+"
30296,"NIO-Worker",1419357940849810,28125,"Running"
30296,"NIO-Worker",1419357940877935,41093,"R"
30296,"NIO-Worker",1419357940919028,28750,"Running"
30296,"NIO-Worker",1419357940947778,38125,"R"
30296,"NIO-Worker",1419357940985903,1195105,"Running"
30296,"NIO-Worker",1419357942181008,39531,"S"
30296,"NIO-Worker",1419357942220539,50781,"R"
30296,"NIO-Worker",1419357942271320,238646,"Running"
30244,"nio-stream-prod",1419357942356164,177708,"R"
30232,"nio-webserver-r",1419357942478872,276563,"R"
30296,"NIO-Worker",1419357942509966,418214375,"S"
30244,"nio-stream-prod",1419357942533872,103594,"Running"
30244,"nio-stream-prod",1419357942637466,639219,"S"
30232,"nio-webserver-r",1419357942755435,215937,"Running"
30232,"nio-webserver-r",1419357942971372,528542,"R+"
30244,"nio-stream-prod",1419357943276685,125937,"R"
30244,"nio-stream-prod",1419357943402622,41250,"Running"
30244,"nio-stream-prod",1419357943443872,65625,"S"
30232,"nio-webserver-r",1419357943499914,18489,"Running"
30244,"nio-stream-prod",1419357943509497,12656,"R"
30232,"nio-webserver-r",1419357943518403,55313,"R"
30244,"nio-stream-prod",1419357943522153,49063,"Running"
30244,"nio-stream-prod",1419357943571216,52656,"R+"
30232,"nio-webserver-r",1419357943573716,79167,"Running"
30244,"nio-stream-prod",1419357943623872,5288229,"Running"
30232,"nio-webserver-r",1419357943652883,27740468,"S"
30244,"nio-stream-prod",1419357948912101,61927,"R"
30244,"nio-stream-prod",1419357948974028,187813,"Running"
30244,"nio-stream-prod",1419357949161841,13854,"R"
30244,"nio-stream-prod",1419357949175695,15052,"Running"
30244,"nio-stream-prod",1419357949190747,29636,"R"
30244,"nio-stream-prod",1419357949220383,387812,"Running"
30244,"nio-stream-prod",1419357949608195,220052,"R"
30244,"nio-stream-prod",1419357949828247,7331979,"Running"
30244,"nio-stream-prod",1419357957160226,135469,"R"
30244,"nio-stream-prod",1419357957295695,702813,"Running"
30244,"nio-stream-prod",1419357957998508,80677,"R"
30244,"nio-stream-prod",1419357958079185,7501250,"Running"
30244,"nio-stream-prod",1419357965580435,50104,"R"
30244,"nio-stream-prod",1419357965630539,734583,"Running"
30244,"nio-stream-prod",1419357966365122,24063,"R"
30244,"nio-stream-prod",1419357966389185,8698,"Running"
30244,"nio-stream-prod",1419357966397883,76875,"R"
30244,"nio-stream-prod",1419357966474758,2382187,"Running"
30244,"nio-stream-prod",1419357968856945,35990,"R"
30244,"nio-stream-prod",1419357968892935,2603385,"Running"
30232,"nio-webserver-r",1419357971393351,53802,"R"
30232,"nio-webserver-r",1419357971447153,440469,"Running"
30244,"nio-stream-prod",1419357971496320,40208,"R+"
30244,"nio-stream-prod",1419357971536528,343542,"Running"
30244,"nio-stream-prod",1419357971880070,230990,"S"
30232,"nio-webserver-r",1419357971887622,99063,"R+"
30232,"nio-webserver-r",1419357971986685,367812,"Running"
30244,"nio-stream-prod",1419357972111060,13593,"R"
30244,"nio-stream-prod",1419357972124653,45157,"Running"
30244,"nio-stream-prod",1419357972169810,31875,"R"
30244,"nio-stream-prod",1419357972201685,21250,"Running"
30244,"nio-stream-prod",1419357972222935,22371354,"S"
30232,"nio-webserver-r",1419357972354497,15067917,"S"
30232,"nio-webserver-r",1419357987422414,12500,"R"
30232,"nio-webserver-r",1419357987434914,113958,"Running"
30232,"nio-webserver-r",1419357987548872,124531,"R+"
30232,"nio-webserver-r",1419357987673403,19532,"Running"
30232,"nio-webserver-r",1419357987692935,26354,"S"
30232,"nio-webserver-r",1419357987719289,13489,"R"
30232,"nio-webserver-r",1419357987732778,20730,"Running"
30232,"nio-webserver-r",1419357987753508,162031,"S"
30232,"nio-webserver-r",1419357987915539,23333,"R"
30232,"nio-webserver-r",1419357987938872,168594,"Running"
30232,"nio-webserver-r",1419357988107466,281406,"S"
30232,"nio-webserver-r",1419357988388872,90000,"R"
30232,"nio-webserver-r",1419357988478872,322136,"Running"
30299,"NIO-Worker",1419357988758716,12812,"R"
30299,"NIO-Worker",1419357988771528,153542,"Running"
30232,"nio-webserver-r",1419357988801008,6039687,"S"
30299,"NIO-Worker",1419357988925070,58802,"R+"
30299,"NIO-Worker",1419357988983872,660313,"Running"
30299,"NIO-Worker",1419357989644185,139062,"S"
30299,"NIO-Worker",1419357989783247,16042,"R"
30299,"NIO-Worker",1419357989799289,43958,"Running"
30299,"NIO-Worker",1419357989843247,222500,"S"
30299,"NIO-Worker",1419357990065747,13125,"R"
30299,"NIO-Worker",1419357990078872,227031,"Running"
30299,"NIO-Worker",1419357990305903,77448,"R+"
30299,"NIO-Worker",1419357990383351,4427,"Running"
30299,"NIO-Worker",1419357990387778,560782,"S"
30299,"NIO-Worker",1419357990948560,72135,"R"
30299,"NIO-Worker",1419357991020695,55625,"Running"
30299,"NIO-Worker",1419357991076320,95365,"R+"
30299,"NIO-Worker",1419357991171685,70885,"Running"
30299,"NIO-Worker",1419357991242570,90990,"S"
30299,"NIO-Worker",1419357991333560,220937,"R"
30299,"NIO-Worker",1419357991554497,2284531,"Running"
30299,"NIO-Worker",1419357993839028,21407,"R"
30299,"NIO-Worker",1419357993860435,552448,"Running"
30299,"NIO-Worker",1419357994412883,38177,"S"
30299,"NIO-Worker",1419357994451060,44687,"R"
30299,"NIO-Worker",1419357994495747,380469,"Running"
30244,"nio-stream-prod",1419357994594289,42500,"R"
30244,"nio-stream-prod",1419357994636789,123489,"Running"
30244,"nio-stream-prod",1419357994760278,270730,"S"
30232,"nio-webserver-r",1419357994840695,31927,"R"
30232,"nio-webserver-r",1419357994872622,358229,"Running"
30299,"NIO-Worker",1419357994876216,416054635,"S"
30244,"nio-stream-prod",1419357995031008,21927,"R"
30244,"nio-stream-prod",1419357995052935,61406,"Running"
30244,"nio-stream-prod",1419357995114341,56719,"S"
30244,"nio-stream-prod",1419357995171060,62760,"R"
30232,"nio-webserver-r",1419357995230851,11459,"R+"
30244,"nio-stream-prod",1419357995233820,53021,"Running"
30232,"nio-webserver-r",1419357995242310,68385,"Running"
30244,"nio-stream-prod",1419357995286841,49687,"S"
30232,"nio-webserver-r",1419357995310695,10235052,"S"
30244,"nio-stream-prod",1419357995336528,36875,"R"
30244,"nio-stream-prod",1419357995373403,1557136,"Running"
30244,"nio-stream-prod",1419357996930539,77656,"R"
30244,"nio-stream-prod",1419357997008195,2023021,"Running"
30244,"nio-stream-prod",1419357999031216,76406,"R"
30244,"nio-stream-prod",1419357999107622,148438,"Running"
30244,"nio-stream-prod",1419357999256060,12500,"R"
30244,"nio-stream-prod",1419357999268560,188593,"Running"
30244,"nio-stream-prod",1419357999457153,34375,"R"
30244,"nio-stream-prod",1419357999491528,243750,"Running"
30244,"nio-stream-prod",1419357999735278,22813,"R"
30244,"nio-stream-prod",1419357999758091,145729,"Running"
30244,"nio-stream-prod",1419357999903820,212552,"R"
30244,"nio-stream-prod",1419358000116372,4861354,"Running"
30244,"nio-stream-prod",1419358004977726,65469,"R"
30244,"nio-stream-prod",1419358005043195,573177,"Running"
30232,"nio-webserver-r",1419358005545747,42448,"R"
30232,"nio-webserver-r",1419358005588195,407865,"Running"
30244,"nio-stream-prod",1419358005616372,83125,"S"
30244,"nio-stream-prod",1419358005699497,32188,"R"
30244,"nio-stream-prod",1419358005731685,137916,"Running"
30244,"nio-stream-prod",1419358005869601,47088021,"S"
30232,"nio-webserver-r",1419358005996060,36318385,"S"
30232,"nio-webserver-r",1419358042314445,31302,"R"
30232,"nio-webserver-r",1419358042345747,115261,"Running"
30232,"nio-webserver-r",1419358042461008,102864,"S"
30232,"nio-webserver-r",1419358042563872,45313,"R"
30232,"nio-webserver-r",1419358042609185,170416,"Running"
30232,"nio-webserver-r",1419358042779601,381563,"S"
30232,"nio-webserver-r",1419358043161164,48594,"R"
30232,"nio-webserver-r",1419358043209758,313489,"Running"
30300,"NIO-Worker",1419358043484497,21511,"R"
30300,"NIO-Worker",1419358043506008,343333,"Running"
30232,"nio-webserver-r",1419358043523247,9579531,"S"
30300,"NIO-Worker",1419358043849341,4172344,"S"
30300,"NIO-Worker",1419358048021685,23281,"R"
30300,"NIO-Worker",1419358048044966,446250,"Running"
30300,"NIO-Worker",1419358048491216,137292,"S"
30300,"NIO-Worker",1419358048628508,26250,"R"
30300,"NIO-Worker",1419358048654758,57552,"Running"
30300,"NIO-Worker",1419358048712310,376823,"S"
30300,"NIO-Worker",1419358049089133,11562,"R"
30300,"NIO-Worker",1419358049100695,223594,"Running"
30300,"NIO-Worker",1419358049324289,230052,"S"
30300,"NIO-Worker",1419358049554341,182812,"R"
30300,"NIO-Worker",1419358049737153,29167,"Running"
30300,"NIO-Worker",1419358049766320,52396,"S"
30300,"NIO-Worker",1419358049818716,47812,"R"
30300,"NIO-Worker",1419358049866528,47500,"Running"
30300,"NIO-Worker",1419358049914028,66980,"S"
30300,"NIO-Worker",1419358049981008,18489,"R"
30300,"NIO-Worker",1419358049999497,2738438,"Running"
30300,"NIO-Worker",1419358052737935,22760,"S"
30300,"NIO-Worker",1419358052760695,55052,"R"
30300,"NIO-Worker",1419358052815747,329531,"Running"
30244,"nio-stream-prod",1419358052957622,23906,"R"
30244,"nio-stream-prod",1419358052981528,191875,"Running"
30232,"nio-webserver-r",1419358053102778,13125,"R"
30232,"nio-webserver-r",1419358053115903,224063,"Running"
30300,"NIO-Worker",1419358053145278,409976979,"S"
30244,"nio-stream-prod",1419358053173403,285000,"S"
30232,"nio-webserver-r",1419358053339966,12520156,"S"
30244,"nio-stream-prod",1419358053458403,58386,"R"
30244,"nio-stream-prod",1419358053516789,19114,"Running"
30244,"nio-stream-prod",1419358053535903,44532,"S"
30244,"nio-stream-prod",1419358053580435,60885,"R"
30244,"nio-stream-prod",1419358053641320,53177,"Running"
30244,"nio-stream-prod",1419358053694497,91354,"S"
30244,"nio-stream-prod",1419358053785851,23802,"R"
30244,"nio-stream-prod",1419358053809653,4267500,"Running"
30244,"nio-stream-prod",1419358058077153,69219,"R"
30244,"nio-stream-prod",1419358058146372,7781094,"Running"
30232,"nio-webserver-r",1419358065860122,40000,"R"
30232,"nio-webserver-r",1419358065900122,228854,"Running"
30244,"nio-stream-prod",1419358065927466,54792,"R+"
30244,"nio-stream-prod",1419358065982258,290833,"Running"
30232,"nio-webserver-r",1419358066128976,34896,"R+"
30232,"nio-webserver-r",1419358066163872,27188,"Running"
30232,"nio-webserver-r",1419358066191060,21250,"R+"
30232,"nio-webserver-r",1419358066212310,155468,"Running"
30244,"nio-stream-prod",1419358066273091,36667,"S"
30244,"nio-stream-prod",1419358066309758,128281,"R"
30232,"nio-webserver-r",1419358066367778,100938,"S"
30244,"nio-stream-prod",1419358066438039,40469,"Running"
30232,"nio-webserver-r",1419358066468716,86510,"R"
30244,"nio-stream-prod",1419358066478508,18177,"R+"
30244,"nio-stream-prod",1419358066496685,58541,"Running"
30232,"nio-webserver-r",1419358066555226,9271,"Running"
30244,"nio-stream-prod",1419358066555226,47074115,"S"
30232,"nio-webserver-r",1419358066564497,82136,"R"
30232,"nio-webserver-r",1419358066646633,284270,"Running"
30232,"nio-webserver-r",1419358066930903,27671563,"S"
30232,"nio-webserver-r",1419358094602466,44375,"R"
30232,"nio-webserver-r",1419358094646841,150885,"Running"
30232,"nio-webserver-r",1419358094797726,106771,"S"
30232,"nio-webserver-r",1419358094904497,21563,"R"
30232,"nio-webserver-r",1419358094926060,5625,"Running"
30232,"nio-webserver-r",1419358094931685,85625,"S"
30232,"nio-webserver-r",1419358095017310,9010,"R"
30232,"nio-webserver-r",1419358095026320,165208,"Running"
30232,"nio-webserver-r",1419358095191528,36719,"S"
30232,"nio-webserver-r",1419358095228247,78906,"R"
30232,"nio-webserver-r",1419358095307153,374636,"Running"
30234,"NIO-Worker",1419358095634758,26614,"R"
30234,"NIO-Worker",1419358095661372,359323,"Running"
30232,"nio-webserver-r",1419358095681789,18037083,"S"
30234,"NIO-Worker",1419358096020695,12340625,"S"
30234,"NIO-Worker",1419358108361320,14688,"R"
30234,"NIO-Worker",1419358108376008,670000,"Running"
30234,"NIO-Worker",1419358109046008,10364,"R+"
30234,"NIO-Worker",1419358109056372,11823,"Running"
30234,"NIO-Worker",1419358109068195,159896,"S"
30234,"NIO-Worker",1419358109228091,28750,"R"
30234,"NIO-Worker",1419358109256841,25937,"Running"
30234,"NIO-Worker",1419358109282778,17657,"R+"
30234,"NIO-Worker",1419358109300435,5260,"Running"
30234,"NIO-Worker",1419358109305695,244427,"S"
30234,"NIO-Worker",1419358109550122,21250,"R"
30234,"NIO-Worker",1419358109571372,223594,"Running"
30234,"NIO-Worker",1419358109794966,64635,"R+"
30234,"NIO-Worker",1419358109859601,15052,"Running"
30234,"NIO-Worker",1419358109874653,252657,"S"
30234,"NIO-Worker",1419358110127310,18750,"R"
30234,"NIO-Worker",1419358110146060,24062,"Running"
30234,"NIO-Worker",1419358110170122,49688,"S"
30234,"NIO-Worker",1419358110219810,44062,"R"
30234,"NIO-Worker",1419358110263872,53854,"Running"
30234,"NIO-Worker",1419358110317726,47084,"S"
30234,"NIO-Worker",1419358110364810,17656,"R"
30234,"NIO-Worker",1419358110382466,2487031,"Running"
30234,"NIO-Worker",1419358112869497,44479,"R"
30234,"NIO-Worker",1419358112913976,559427,"Running"
30234,"NIO-Worker",1419358113473403,34480,"S"
30234,"NIO-Worker",1419358113507883,17552,"R"
30234,"NIO-Worker",1419358113525435,231250,"Running"
30244,"nio-stream-prod",1419358113629341,18698,"R"
30244,"nio-stream-prod",1419358113648039,112239,"Running"
30232,"nio-webserver-r",1419358113718872,15938,"R"
30232,"nio-webserver-r",1419358113734810,287343,"Running"
30234,"NIO-Worker",1419358113756685,401061718,"S"
30244,"nio-stream-prod",1419358113760278,278282,"S"
30232,"nio-webserver-r",1419358114022153,8768282,"S"
30244,"nio-stream-prod",1419358114038560,16406,"R"
30244,"nio-stream-prod",1419358114054966,26875,"Running"
30244,"nio-stream-prod",1419358114081841,71875,"S"
30244,"nio-stream-prod",1419358114153716,24062,"R"
30244,"nio-stream-prod",1419358114177778,54636,"Running"
30244,"nio-stream-prod",1419358114232414,43489,"S"
30244,"nio-stream-prod",1419358114275903,12032,"R"
30244,"nio-stream-prod",1419358114287935,2053229,"Running"
30244,"nio-stream-prod",1419358116341164,82552,"R"
30244,"nio-stream-prod",1419358116423716,781406,"Running"
30244,"nio-stream-prod",1419358117205122,12188,"R"
30244,"nio-stream-prod",1419358117217310,784218,"Running"
30244,"nio-stream-prod",1419358118001528,16094,"R"
30244,"nio-stream-prod",1419358118017622,632917,"Running"
30244,"nio-stream-prod",1419358118650539,12083,"R"
30244,"nio-stream-prod",1419358118662622,2203438,"Running"
30244,"nio-stream-prod",1419358120866060,12604,"R"
30244,"nio-stream-prod",1419358120878664,1969271,"Running"
30232,"nio-webserver-r",1419358122790435,13229,"R"
30232,"nio-webserver-r",1419358122803664,490677,"Running"
30244,"nio-stream-prod",1419358122847935,37135,"S"
30244,"nio-stream-prod",1419358122885070,17240,"R"
30244,"nio-stream-prod",1419358122902310,198593,"Running"
30244,"nio-stream-prod",1419358123100903,47757969,"S"
30232,"nio-webserver-r",1419358123294341,26067500,"S"
30232,"nio-webserver-r",1419358149361841,195937,"R"
30232,"nio-webserver-r",1419358149557778,24375,"Running"
30232,"nio-webserver-r",1419358149582153,79063,"R"
30232,"nio-webserver-r",1419358149661216,78437,"Running"
30232,"nio-webserver-r",1419358149739653,203438,"R+"
30232,"nio-webserver-r",1419358149943091,56094,"Running"
30232,"nio-webserver-r",1419358149999185,24843,"S"
30232,"nio-webserver-r",1419358150024028,53282,"R"
30232,"nio-webserver-r",1419358150077310,184687,"Running"
30232,"nio-webserver-r",1419358150261997,416406,"S"
30232,"nio-webserver-r",1419358150678403,51250,"R"
30232,"nio-webserver-r",1419358150729653,330573,"Running"
30285,"NIO-Worker",1419358151000903,50938,"R"
30285,"NIO-Worker",1419358151051841,314062,"Running"
30232,"nio-webserver-r",1419358151060226,19888334,"S"
30285,"NIO-Worker",1419358151365903,14046250,"S"
30285,"NIO-Worker",1419358165412153,233386,"R"
30285,"NIO-Worker",1419358165645539,541927,"Running"
30285,"NIO-Worker",1419358166187466,302812,"S"
30285,"NIO-Worker",1419358166490278,24063,"R"
30285,"NIO-Worker",1419358166514341,25573,"Running"
30285,"NIO-Worker",1419358166539914,142083,"R+"
30285,"NIO-Worker",1419358166681997,13125,"Running"
30285,"NIO-Worker",1419358166695122,56563,"S"
30285,"NIO-Worker",1419358166751685,51250,"R"
30285,"NIO-Worker",1419358166802935,231510,"Running"
30285,"NIO-Worker",1419358167034445,32865,"R+"
30285,"NIO-Worker",1419358167067310,10156,"Running"
30285,"NIO-Worker",1419358167077466,445260,"S"
30285,"NIO-Worker",1419358167522726,66563,"R"
30285,"NIO-Worker",1419358167589289,27708,"Running"
30285,"NIO-Worker",1419358167616997,61406,"R+"
30285,"NIO-Worker",1419358167678403,73125,"Running"
30285,"NIO-Worker",1419358167751528,32761,"R+"
30285,"NIO-Worker",1419358167784289,10989,"Running"
30285,"NIO-Worker",1419358167795278,22813,"S"
30285,"NIO-Worker",1419358167818091,42500,"R"
30285,"NIO-Worker",1419358167860591,2790781,"Running"
30285,"NIO-Worker",1419358170651372,23750,"S"
30285,"NIO-Worker",1419358170675122,32969,"R"
30285,"NIO-Worker",1419358170708091,299375,"Running"
30244,"nio-stream-prod",1419358170858872,20781,"R"
30244,"nio-stream-prod",1419358170879653,114688,"Running"
30232,"nio-webserver-r",1419358170948560,53281,"R"
30244,"nio-stream-prod",1419358170994341,13125,"R+"
30232,"nio-webserver-r",1419358171001841,364323,"Running"
30244,"nio-stream-prod",1419358171007466,20573,"Running"
30285,"NIO-Worker",1419358171007466,396559218,"S"
30244,"nio-stream-prod",1419358171028039,202396,"S"
30244,"nio-stream-prod",1419358171230435,16562,"R"
30244,"nio-stream-prod",1419358171246997,40000,"Running"
30244,"nio-stream-prod",1419358171286997,71354,"S"
30244,"nio-stream-prod",1419358171358351,17969,"R"
30232,"nio-webserver-r",1419358171366164,19401771,"S"
30244,"nio-stream-prod",1419358171376320,61875,"Running"
30244,"nio-stream-prod",1419358171438195,52552,"S"
30244,"nio-stream-prod",1419358171490747,18281,"R"
30244,"nio-stream-prod",1419358171509028,2225469,"Running"
30244,"nio-stream-prod",1419358173734497,87292,"R"
30244,"nio-stream-prod",1419358173821789,222812,"Running"
30244,"nio-stream-prod",1419358174044601,66407,"R"
30244,"nio-stream-prod",1419358174111008,312239,"Running"
30244,"nio-stream-prod",1419358174423247,23698,"R"
30244,"nio-stream-prod",1419358174446945,307500,"Running"
30244,"nio-stream-prod",1419358174754445,29115,"R+"
30244,"nio-stream-prod",1419358174783560,28698,"Running"
30244,"nio-stream-prod",1419358174812258,204895,"R"
30244,"nio-stream-prod",1419358175017153,31719,"Running"
30244,"nio-stream-prod",1419358175048872,75469,"R"
30244,"nio-stream-prod",1419358175124341,930937,"Running"
30244,"nio-stream-prod",1419358176055278,7500,"R"
30244,"nio-stream-prod",1419358176062778,781042,"Running"
30244,"nio-stream-prod",1419358176843820,82552,"R"
30244,"nio-stream-prod",1419358176926372,4453854,"Running"
30244,"nio-stream-prod",1419358181380226,25677,"R"
30244,"nio-stream-prod",1419358181405903,665782,"Running"
30244,"nio-stream-prod",1419358182071685,212604,"R"
30244,"nio-stream-prod",1419358182284289,165469,"Running"
30244,"nio-stream-prod",1419358182449758,24270,"R"
30244,"nio-stream-prod",1419358182474028,2665313,"Running"
30244,"nio-stream-prod",1419358185139341,98125,"R"
30244,"nio-stream-prod",1419358185237466,59687,"Running"
30244,"nio-stream-prod",1419358185297153,1364219,"S"
30244,"nio-stream-prod",1419358186661372,76667,"R"
30244,"nio-stream-prod",1419358186738039,11458,"Running"
30244,"nio-stream-prod",1419358186749497,358750,"R+"
30244,"nio-stream-prod",1419358187108247,1760313,"Running"
30244,"nio-stream-prod",1419358188868560,40312,"R"
30244,"nio-stream-prod",1419358188908872,1416979,"Running"
30244,"nio-stream-prod",1419358190325851,366771,"R+"
30244,"nio-stream-prod",1419358190692622,160938,"Running"
30232,"nio-webserver-r",1419358190767935,164218,"R"
30244,"nio-stream-prod",1419358190853560,259687,"R+"
30232,"nio-webserver-r",1419358190932153,200469,"Running"
30244,"nio-stream-prod",1419358191113247,20729,"Running"
30232,"nio-webserver-r",1419358191132622,2922448,"S"
30244,"nio-stream-prod",1419358191133976,69896,"R+"
30244,"nio-stream-prod",1419358191203872,13906,"Running"
30244,"nio-stream-prod",1419358191217778,2838907,"S"
30232,"nio-webserver-r",1419358194055070,23646,"R"
30244,"nio-stream-prod",1419358194056685,57291,"R"
30232,"nio-webserver-r",1419358194078716,12969,"Running"
30232,"nio-webserver-r",1419358194091685,30885,"R"
30244,"nio-stream-prod",1419358194113976,195000,"Running"
30232,"nio-webserver-r",1419358194122570,356615,"Running"
30244,"nio-stream-prod",1419358194308976,30209,"R"
30244,"nio-stream-prod",1419358194339185,32500,"Running"
30244,"nio-stream-prod",1419358194371685,22812,"R"
30244,"nio-stream-prod",1419358194394497,221563,"Running"
30232,"nio-webserver-r",1419358194479185,51979,"R+"
30232,"nio-webserver-r",1419358194531164,383489,"Running"
30244,"nio-stream-prod",1419358194616060,162187,"S"
30244,"nio-stream-prod",1419358194778247,73438,"R"
30244,"nio-stream-prod",1419358194851685,160468,"Running"
30232,"nio-webserver-r",1419358194914653,13073,"S"
30232,"nio-webserver-r",1419358194927726,80677,"R"
30232,"nio-webserver-r",1419358195008403,368542,"Running"
30244,"nio-stream-prod",1419358195012153,19009219,"S"
30232,"nio-webserver-r",1419358195376945,5867865,"S"
30232,"nio-webserver-r",1419358201244810,92760,"R"
30232,"nio-webserver-r",1419358201337570,198177,"Running"
30232,"nio-webserver-r",1419358201535747,391875,"S"
30232,"nio-webserver-r",1419358201927622,347656,"R"
30232,"nio-webserver-r",1419358202275278,1645157,"Running"
30232,"nio-webserver-r",1419358203920435,591666,"S"
30232,"nio-webserver-r",1419358204512101,110000,"R"
30232,"nio-webserver-r",1419358204622101,223959,"Running"
30232,"nio-webserver-r",1419358204846060,508906,"R"
30232,"nio-webserver-r",1419358205354966,277344,"Running"
30290,"NIO-Worker",1419358205556372,46823,"R"
30290,"NIO-Worker",1419358205603195,467500,"Running"
30232,"nio-webserver-r",1419358205632310,8607291,"S"
30290,"NIO-Worker",1419358206070695,691771,"S"
30290,"NIO-Worker",1419358206762466,1680937,"R"
30290,"NIO-Worker",1419358208443403,238438,"Running"
30290,"NIO-Worker",1419358208681841,18437,"S"
30290,"NIO-Worker",1419358208700278,137032,"Running"
30290,"NIO-Worker",1419358208837310,17604,"R"
30290,"NIO-Worker",1419358208854914,312656,"Running"
30290,"NIO-Worker",1419358209167570,154740,"R+"
30290,"NIO-Worker",1419358209322310,26718,"Running"
30290,"NIO-Worker",1419358209349028,500886,"S"
30290,"NIO-Worker",1419358209849914,30989,"R"
30290,"NIO-Worker",1419358209880903,314948,"Running"
30290,"NIO-Worker",1419358210195851,27865,"R+"
30290,"NIO-Worker",1419358210223716,9844,"Running"
30290,"NIO-Worker",1419358210233560,274062,"S"
30290,"NIO-Worker",1419358210507622,40625,"R"
30290,"NIO-Worker",1419358210548247,20313,"Running"
30290,"NIO-Worker",1419358210568560,127291,"S"
30290,"NIO-Worker",1419358210695851,33594,"R"
30290,"NIO-Worker",1419358210729445,58281,"Running"
30290,"NIO-Worker",1419358210787726,55782,"S"
30290,"NIO-Worker",1419358210843508,17812,"R"
30290,"NIO-Worker",1419358210861320,2965833,"Running"
30290,"NIO-Worker",1419358213827153,29532,"S"
30290,"NIO-Worker",1419358213856685,20885,"R"
30290,"NIO-Worker",1419358213877570,429115,"Running"
30244,"nio-stream-prod",1419358214021372,47604,"R"
30244,"nio-stream-prod",1419358214068976,201302,"Running"
30232,"nio-webserver-r",1419358214239601,27396,"R"
30232,"nio-webserver-r",1419358214266997,317656,"Running"
30244,"nio-stream-prod",1419358214270278,338750,"S"
30290,"NIO-Worker",1419358214306685,406353124,"S"
30232,"nio-webserver-r",1419358214584653,26267136,"S"
30244,"nio-stream-prod",1419358214609028,42500,"R"
30244,"nio-stream-prod",1419358214651528,22448,"Running"
30244,"nio-stream-prod",1419358214673976,65157,"S"
30244,"nio-stream-prod",1419358214739133,30520,"R"
30244,"nio-stream-prod",1419358214769653,58907,"Running"
30244,"nio-stream-prod",1419358214828560,66562,"S"
30244,"nio-stream-prod",1419358214895122,29792,"R"
30244,"nio-stream-prod",1419358214924914,452969,"Running"
30244,"nio-stream-prod",1419358215377883,133281,"R"
30244,"nio-stream-prod",1419358215511164,1074687,"Running"
30244,"nio-stream-prod",1419358216585851,86459,"R"
30244,"nio-stream-prod",1419358216672310,217343,"Running"
30244,"nio-stream-prod",1419358216889653,485157,"R"
30244,"nio-stream-prod",1419358217374810,1288854,"Running"
30244,"nio-stream-prod",1419358218663664,59687,"R"
30244,"nio-stream-prod",1419358218723351,132865,"Running"
30244,"nio-stream-prod",1419358218856216,52292,"R"
30244,"nio-stream-prod",1419358218908508,54114,"Running"
30244,"nio-stream-prod",1419358218962622,63386,"R"
30244,"nio-stream-prod",1419358219026008,1415312,"Running"
30244,"nio-stream-prod",1419358220441320,67240,"R"
30244,"nio-stream-prod",1419358220508560,3307812,"Running"
30244,"nio-stream-prod",1419358223816372,58073,"R"
30244,"nio-stream-prod",1419358223874445,39271,"Running"
30244,"nio-stream-prod",1419358223913716,36094,"R"
30244,"nio-stream-prod",1419358223949810,886406,"Running"
30244,"nio-stream-prod",1419358224836216,131719,"R"
30244,"nio-stream-prod",1419358224967935,5038229,"Running"
30244,"nio-stream-prod",1419358230006164,61875,"R"
30244,"nio-stream-prod",1419358230068039,2070989,"Running"
30244,"nio-stream-prod",1419358232139028,99375,"R"
30244,"nio-stream-prod",1419358232238403,639532,"Running"
30244,"nio-stream-prod",1419358232877935,50573,"R"
30244,"nio-stream-prod",1419358232928508,146145,"Running"
30244,"nio-stream-prod",1419358233074653,237136,"R"
30244,"nio-stream-prod",1419358233311789,623333,"Running"
30244,"nio-stream-prod",1419358233935122,58906,"R"
30244,"nio-stream-prod",1419358233994028,2846563,"Running"
30244,"nio-stream-prod",1419358236840591,105000,"R"
30244,"nio-stream-prod",1419358236945591,149219,"Running"
30244,"nio-stream-prod",1419358237094810,33906,"R"
30244,"nio-stream-prod",1419358237128716,693125,"Running"
30244,"nio-stream-prod",1419358237821841,255729,"R+"
30244,"nio-stream-prod",1419358238077570,2887656,"Running"
30232,"nio-webserver-r",1419358240851789,18646,"R"
30232,"nio-webserver-r",1419358240870435,28281,"Running"
30232,"nio-webserver-r",1419358240898716,127969,"R+"
30244,"nio-stream-prod",1419358240965226,41407,"R+"
30244,"nio-stream-prod",1419358241006633,15937,"Running"
30244,"nio-stream-prod",1419358241022570,26927,"S"
30232,"nio-webserver-r",1419358241026685,238385,"Running"
30244,"nio-stream-prod",1419358241049497,48906,"Running"
30244,"nio-stream-prod",1419358241098403,21226198,"S"
30232,"nio-webserver-r",1419358241265070,122083,"R+"
30232,"nio-webserver-r",1419358241387153,249219,"Running"
30232,"nio-webserver-r",1419358241636372,10128906,"S"
30232,"nio-webserver-r",1419358251765278,53750,"R"
30232,"nio-webserver-r",1419358251819028,110730,"Running"
30232,"nio-webserver-r",1419358251929758,54270,"S"
30232,"nio-webserver-r",1419358251984028,75105,"R"
30232,"nio-webserver-r",1419358252059133,221250,"Running"
30232,"nio-webserver-r",1419358252280383,365625,"S"
30232,"nio-webserver-r",1419358252646008,99218,"R"
30232,"nio-webserver-r",1419358252745226,348282,"Running"
30293,"NIO-Worker",1419358253040383,31458,"R"
30293,"NIO-Worker",1419358253071841,271979,"Running"
30232,"nio-webserver-r",1419358253093508,9350156,"S"
30293,"NIO-Worker",1419358253343820,2702708,"S"
30293,"NIO-Worker",1419358256046528,34636,"R"
30293,"NIO-Worker",1419358256081164,563489,"Running"
30293,"NIO-Worker",1419358256644653,123855,"S"
30293,"NIO-Worker",1419358256768508,59843,"R"
30293,"NIO-Worker",1419358256828351,35990,"Running"
30293,"NIO-Worker",1419358256864341,762760,"S"
30293,"NIO-Worker",1419358257627101,172865,"R"
30293,"NIO-Worker",1419358257799966,210625,"Running"
30293,"NIO-Worker",1419358258010591,149062,"R+"
30293,"NIO-Worker",1419358258159653,28125,"Running"
30293,"NIO-Worker",1419358258187778,300886,"S"
30293,"NIO-Worker",1419358258488664,94739,"R"
30293,"NIO-Worker",1419358258583403,16563,"Running"
30293,"NIO-Worker",1419358258599966,106823,"S"
30293,"NIO-Worker",1419358258706789,40156,"R"
30293,"NIO-Worker",1419358258746945,55521,"Running"
30293,"NIO-Worker",1419358258802466,118906,"S"
30293,"NIO-Worker",1419358258921372,65938,"R"
30293,"NIO-Worker",1419358258987310,671250,"Running"
30293,"NIO-Worker",1419358259658560,11250,"R"
30293,"NIO-Worker",1419358259669810,164687,"Running"
30293,"NIO-Worker",1419358259834497,184792,"R"
30293,"NIO-Worker",1419358260019289,74896,"Running"
30293,"NIO-Worker",1419358260094185,54218,"R"
30293,"NIO-Worker",1419358260148403,248386,"Running"
30293,"NIO-Worker",1419358260396789,7344,"R"
30293,"NIO-Worker",1419358260404133,1748489,"Running"
30293,"NIO-Worker",1419358262152622,24636,"R+"
30293,"NIO-Worker",1419358262177258,4687,"Running"
30293,"NIO-Worker",1419358262181945,9896,"S"
30293,"NIO-Worker",1419358262191841,12187,"R"
30293,"NIO-Worker",1419358262204028,287500,"Running"
30244,"nio-stream-prod",1419358262324601,32084,"R"
30244,"nio-stream-prod",1419358262356685,166250,"Running"
30232,"nio-webserver-r",1419358262443664,213125,"R"
30293,"NIO-Worker",1419358262491528,410311875,"S"
30244,"nio-stream-prod",1419358262522935,70156,"R+"
30244,"nio-stream-prod",1419358262593091,6823,"Running"
30244,"nio-stream-prod",1419358262599914,174271,"S"
30232,"nio-webserver-r",1419358262656789,261719,"Running"
30244,"nio-stream-prod",1419358262774185,25312,"R"
30244,"nio-stream-prod",1419358262799497,45886,"Running"
30244,"nio-stream-prod",1419358262845383,6875,"R+"
30244,"nio-stream-prod",1419358262852258,25312,"Running"
30244,"nio-stream-prod",1419358262877570,6406,"S"
30244,"nio-stream-prod",1419358262883976,33125,"R"
30244,"nio-stream-prod",1419358262917101,57188,"Running"
30232,"nio-webserver-r",1419358262918508,33658906,"S"
30244,"nio-stream-prod",1419358262974289,44687,"S"
30244,"nio-stream-prod",1419358263018976,43334,"R"
30244,"nio-stream-prod",1419358263062310,1783593,"Running"
30244,"nio-stream-prod",1419358264845903,194375,"R"
30244,"nio-stream-prod",1419358265040278,669844,"Running"
30244,"nio-stream-prod",1419358265710122,6198,"R"
30244,"nio-stream-prod",1419358265716320,710365,"Running"
30244,"nio-stream-prod",1419358266426685,118385,"R"
30244,"nio-stream-prod",1419358266545070,80208,"Running"
30244,"nio-stream-prod",1419358266625278,70573,"R"
30244,"nio-stream-prod",1419358266695851,8023021,"Running"
30244,"nio-stream-prod",1419358274718872,49375,"R"
30244,"nio-stream-prod",1419358274768247,2108594,"Running"
30244,"nio-stream-prod",1419358276876841,167187,"R"
30244,"nio-stream-prod",1419358277044028,5372657,"Running"
30244,"nio-stream-prod",1419358282416685,18854,"R"
30244,"nio-stream-prod",1419358282435539,172187,"Running"
30244,"nio-stream-prod",1419358282607726,362813,"R"
30244,"nio-stream-prod",1419358282970539,1380989,"Running"
30244,"nio-stream-prod",1419358284351528,6563,"R"
30244,"nio-stream-prod",1419358284358091,535000,"Running"
30244,"nio-stream-prod",1419358284893091,121354,"R"
30244,"nio-stream-prod",1419358285014445,3370052,"Running"
30244,"nio-stream-prod",1419358288384497,46875,"R"
30244,"nio-stream-prod",1419358288431372,8218906,"Running"
30232,"nio-webserver-r",1419358296577414,25677,"R"
30232,"nio-webserver-r",1419358296603091,86875,"Running"
30244,"nio-stream-prod",1419358296650278,83542,"R+"
30232,"nio-webserver-r",1419358296689966,7812,"R"
30232,"nio-webserver-r",1419358296697778,60000,"Running"
30244,"nio-stream-prod",1419358296733820,270469,"Running"
30232,"nio-webserver-r",1419358296757778,231979,"R+"
30232,"nio-webserver-r",1419358296989757,76771,"Running"
30244,"nio-stream-prod",1419358297004289,350677,"S"
30232,"nio-webserver-r",1419358297066528,34063,"R+"
30232,"nio-webserver-r",1419358297100591,49948,"Running"
30232,"nio-webserver-r",1419358297150539,122500,"R+"
30232,"nio-webserver-r",1419358297273039,131562,"Running"
30244,"nio-stream-prod",1419358297354966,17656,"R"
30244,"nio-stream-prod",1419358297372622,70781,"Running"
30232,"nio-webserver-r",1419358297404601,61615,"S"
30244,"nio-stream-prod",1419358297443403,21182188,"S"
30232,"nio-webserver-r",1419358297466216,245625,"Running"
30232,"nio-webserver-r",1419358297711841,62656,"R+"
30232,"nio-webserver-r",1419358297774497,5729,"Running"
30232,"nio-webserver-r",1419358297780226,5869584,"S"
30232,"nio-webserver-r",1419358303649810,46718,"R"
30232,"nio-webserver-r",1419358303696528,117136,"Running"
30232,"nio-webserver-r",1419358303813664,1562,"S"
30232,"nio-webserver-r",1419358303815226,10209,"R"
30232,"nio-webserver-r",1419358303825435,21406,"Running"
30232,"nio-webserver-r",1419358303846841,71562,"S"
30232,"nio-webserver-r",1419358303918403,12032,"R"
30232,"nio-webserver-r",1419358303930435,170781,"Running"
30232,"nio-webserver-r",1419358304101216,288906,"S"
30232,"nio-webserver-r",1419358304390122,62760,"R"
30232,"nio-webserver-r",1419358304452882,315678,"Running"
30295,"NIO-Worker",1419358304735382,12240,"R"
30295,"NIO-Worker",1419358304747622,367500,"Running"
30232,"nio-webserver-r",1419358304768560,14111093,"S"
30295,"NIO-Worker",1419358305115122,10729,"R"
30295,"NIO-Worker",1419358305125851,93177,"Running"
30295,"NIO-Worker",1419358305219028,8033125,"S"
30295,"NIO-Worker",1419358313252153,36094,"R"
30295,"NIO-Worker",1419358313288247,514635,"Running"
30295,"NIO-Worker",1419358313802882,8750,"R"
30295,"NIO-Worker",1419358313811632,40157,"Running"
30295,"NIO-Worker",1419358313851789,148021,"S"
30295,"NIO-Worker",1419358313999810,18125,"R"
30295,"NIO-Worker",1419358314017935,37135,"Running"
30295,"NIO-Worker",1419358314055070,259740,"S"
30295,"NIO-Worker",1419358314314810,28437,"R"
30295,"NIO-Worker",1419358314343247,233542,"Running"
30295,"NIO-Worker",1419358314576789,252500,"S"
30295,"NIO-Worker",1419358314829289,14739,"R"
30295,"NIO-Worker",1419358314844028,16719,"Running"
30295,"NIO-Worker",1419358314860747,34531,"R+"
30295,"NIO-Worker",1419358314895278,9167,"Running"
30295,"NIO-Worker",1419358314904445,5000,"S"
30295,"NIO-Worker",1419358314909445,13333,"R"
30295,"NIO-Worker",1419358314922778,55417,"Running"
30295,"NIO-Worker",1419358314978195,53021,"S"
30295,"NIO-Worker",1419358315031216,26719,"R"
30295,"NIO-Worker",1419358315057935,561666,"Running"
30295,"NIO-Worker",1419358315619601,44896,"R"
30295,"NIO-Worker",1419358315664497,511354,"Running"
30295,"NIO-Worker",1419358316175851,47396,"R"
30295,"NIO-Worker",1419358316223247,111510,"Running"
30295,"NIO-Worker",1419358316334757,25053,"R+"
30295,"NIO-Worker",1419358316359810,18541,"Running"
30295,"NIO-Worker",1419358316378351,73906,"R"
30295,"NIO-Worker",1419358316452257,434896,"Running"
30295,"NIO-Worker",1419358316887153,24636,"R"
30295,"NIO-Worker",1419358316911789,1577239,"Running"
30295,"NIO-Worker",1419358318489028,24323,"S"
30295,"NIO-Worker",1419358318513351,19427,"R"
30295,"NIO-Worker",1419358318532778,220886,"Running"
30244,"nio-stream-prod",1419358318625591,47344,"R"
30244,"nio-stream-prod",1419358318672935,147760,"Running"
30295,"NIO-Worker",1419358318753664,8906,"R+"
30295,"NIO-Worker",1419358318762570,9271,"Running"
30295,"NIO-Worker",1419358318771841,22344,"R+"
30295,"NIO-Worker",1419358318794185,122968,"Running"
30244,"nio-stream-prod",1419358318820695,462552,"S"
30232,"nio-webserver-r",1419358318879653,16250,"R"
30232,"nio-webserver-r",1419358318895903,240938,"Running"
30295,"NIO-Worker",1419358318917153,408989219,"S"
30232,"nio-webserver-r",1419358319136841,11585000,"S"
30244,"nio-stream-prod",1419358319283247,49479,"R"
30244,"nio-stream-prod",1419358319332726,40000,"Running"
30244,"nio-stream-prod",1419358319372726,42500,"S"
30244,"nio-stream-prod",1419358319415226,36927,"R"
30244,"nio-stream-prod",1419358319452153,59063,"Running"
30244,"nio-stream-prod",1419358319511216,78541,"S"
30244,"nio-stream-prod",1419358319589757,70365,"R"
30244,"nio-stream-prod",1419358319660122,1183698,"Running"
30244,"nio-stream-prod",1419358320843820,153594,"R"
30244,"nio-stream-prod",1419358320997414,1369062,"Running"
30244,"nio-stream-prod",1419358322366476,7552,"R"
30244,"nio-stream-prod",1419358322374028,1451094,"Running"
30244,"nio-stream-prod",1419358323825122,46823,"R"
30244,"nio-stream-prod",1419358323871945,995208,"Running"
30244,"nio-stream-prod",1419358324867153,36875,"R+"
30244,"nio-stream-prod",1419358324904028,2128229,"Running"
30244,"nio-stream-prod",1419358327032257,6719,"R"
30244,"nio-stream-prod",1419358327038976,761615,"Running"
30244,"nio-stream-prod",1419358327800591,10625,"R"
30244,"nio-stream-prod",1419358327811216,2971562,"Running"
30232,"nio-webserver-r",1419358330721841,15781,"R"
30232,"nio-webserver-r",1419358330737622,213906,"Running"
30244,"nio-stream-prod",1419358330782778,81042,"S"
30244,"nio-stream-prod",1419358330863820,54896,"R"
30244,"nio-stream-prod",1419358330918716,187031,"Running"
30232,"nio-webserver-r",1419358330951528,363073,"R+"
30244,"nio-stream-prod",1419358331105747,43594,"R"
30244,"nio-stream-prod",1419358331149341,168281,"Running"
30232,"nio-webserver-r",1419358331314601,130000,"Running"
30244,"nio-stream-prod",1419358331317622,82188,"S"
30244,"nio-stream-prod",1419358331399810,38281,"R"
30244,"nio-stream-prod",1419358331438091,78854,"Running"
30232,"nio-webserver-r",1419358331444601,24271,"S"
30232,"nio-webserver-r",1419358331468872,22031,"R"
30232,"nio-webserver-r",1419358331490903,204167,"Running"
30244,"nio-stream-prod",1419358331516945,39103490,"S"
30232,"nio-webserver-r",1419358331695070,27264115,"S"
30232,"nio-webserver-r",1419358358959185,45937,"R"
30232,"nio-webserver-r",1419358359005122,108750,"Running"
30232,"nio-webserver-r",1419358359113872,137188,"S"
30232,"nio-webserver-r",1419358359251060,145572,"R"
30232,"nio-webserver-r",1419358359396632,11146,"Running"
30232,"nio-webserver-r",1419358359407778,67136,"S"
30232,"nio-webserver-r",1419358359474914,29427,"R"
30232,"nio-webserver-r",1419358359504341,180000,"Running"
30232,"nio-webserver-r",1419358359684341,721406,"S"
30232,"nio-webserver-r",1419358360405747,42344,"R"
30232,"nio-webserver-r",1419358360448091,310781,"Running"
30296,"NIO-Worker",1419358360724341,24062,"R"
30296,"NIO-Worker",1419358360748403,421407,"Running"
30232,"nio-webserver-r",1419358360758872,9965156,"S"
30296,"NIO-Worker",1419358361169810,4588854,"S"
30296,"NIO-Worker",1419358365758664,21771,"R"
30296,"NIO-Worker",1419358365780435,194375,"Running"
30296,"NIO-Worker",1419358365974810,19062,"S"
30296,"NIO-Worker",1419358365993872,15000,"Running"
30296,"NIO-Worker",1419358366008872,18073,"S"
30296,"NIO-Worker",1419358366026945,308646,"Running"
30296,"NIO-Worker",1419358366335591,65469,"R+"
30296,"NIO-Worker",1419358366401060,35416,"Running"
30296,"NIO-Worker",1419358366436476,172344,"S"
30296,"NIO-Worker",1419358366608820,15208,"R"
30296,"NIO-Worker",1419358366624028,40886,"Running"
30296,"NIO-Worker",1419358366664914,231093,"S"
30296,"NIO-Worker",1419358366896007,16250,"R"
30296,"NIO-Worker",1419358366912257,215053,"Running"
30296,"NIO-Worker",1419358367127310,77916,"R+"
30296,"NIO-Worker",1419358367205226,7084,"Running"
30296,"NIO-Worker",1419358367212310,190572,"S"
30296,"NIO-Worker",1419358367402882,15053,"R"
30296,"NIO-Worker",1419358367417935,20416,"Running"
30296,"NIO-Worker",1419358367438351,53334,"S"
30296,"NIO-Worker",1419358367491685,16093,"R"
30296,"NIO-Worker",1419358367507778,38907,"Running"
30296,"NIO-Worker",1419358367546685,48437,"S"
30296,"NIO-Worker",1419358367595122,17604,"R"
30296,"NIO-Worker",1419358367612726,2791615,"Running"
30296,"NIO-Worker",1419358370404341,24010,"S"
30296,"NIO-Worker",1419358370428351,23802,"R"
30296,"NIO-Worker",1419358370452153,307813,"Running"
30244,"nio-stream-prod",1419358370620435,20625,"R"
30244,"nio-stream-prod",1419358370641060,104062,"Running"
30232,"nio-webserver-r",1419358370724028,29063,"R"
30244,"nio-stream-prod",1419358370745122,229531,"S"
30232,"nio-webserver-r",1419358370753091,240469,"Running"
30296,"NIO-Worker",1419358370759966,410008229,"S"
30244,"nio-stream-prod",1419358370974653,23438,"R"
30232,"nio-webserver-r",1419358370993560,14549947,"S"
30244,"nio-stream-prod",1419358370998091,18281,"Running"
30244,"nio-stream-prod",1419358371016372,34063,"R+"
30244,"nio-stream-prod",1419358371050435,5000,"Running"
30244,"nio-stream-prod",1419358371055435,23854,"S"
30244,"nio-stream-prod",1419358371079289,13177,"R"
30244,"nio-stream-prod",1419358371092466,44844,"Running"
30244,"nio-stream-prod",1419358371137310,67031,"S"
30244,"nio-stream-prod",1419358371204341,27031,"R"
30244,"nio-stream-prod",1419358371231372,1719479,"Running"
30244,"nio-stream-prod",1419358372950851,9115,"R"
30244,"nio-stream-prod",1419358372959966,817500,"Running"
30244,"nio-stream-prod",1419358373777466,28281,"R"
30244,"nio-stream-prod",1419358373805747,102656,"Running"
30244,"nio-stream-prod",1419358373908403,12136,"R"
30244,"nio-stream-prod",1419358373920539,782656,"Running"
30244,"nio-stream-prod",1419358374703195,145365,"R"
30244,"nio-stream-prod",1419358374848560,7701250,"Running"
30244,"nio-stream-prod",1419358382549810,130416,"R"
30244,"nio-stream-prod",1419358382680226,351302,"Running"
30244,"nio-stream-prod",1419358383031528,87813,"R"
30244,"nio-stream-prod",1419358383119341,67916,"Running"
30244,"nio-stream-prod",1419358383187257,187032,"R"
30244,"nio-stream-prod",1419358383374289,1153750,"Running"
30244,"nio-stream-prod",1419358384528039,10677,"R"
30244,"nio-stream-prod",1419358384538716,822135,"Running"
30244,"nio-stream-prod",1419358385360851,15834,"R"
30244,"nio-stream-prod",1419358385376685,219687,"Running"
30232,"nio-webserver-r",1419358385543507,44896,"R"
30232,"nio-webserver-r",1419358385588403,160000,"Running"
30244,"nio-stream-prod",1419358385596372,47031,"S"
30244,"nio-stream-prod",1419358385643403,60104,"R"
30244,"nio-stream-prod",1419358385703507,250469,"Running"
30232,"nio-webserver-r",1419358385748403,18282,"R+"
30232,"nio-webserver-r",1419358385766685,236718,"Running"
30244,"nio-stream-prod",1419358385953976,18125,"S"
30244,"nio-stream-prod",1419358385972101,32656,"R"
30232,"nio-webserver-r",1419358386003403,32604,"S"
30244,"nio-stream-prod",1419358386004757,101407,"Running"
30232,"nio-webserver-r",1419358386036007,32500,"R"
30232,"nio-webserver-r",1419358386068507,93334,"Running"
30244,"nio-stream-prod",1419358386106164,33489,"R+"
30244,"nio-stream-prod",1419358386139653,116719,"Running"
30232,"nio-webserver-r",1419358386161841,20312,"S"
30232,"nio-webserver-r",1419358386182153,11407,"R"
30232,"nio-webserver-r",1419358386193560,19166,"Running"
30232,"nio-webserver-r",1419358386212726,8594,"S"
30232,"nio-webserver-r",1419358386221320,10052,"R"
30232,"nio-webserver-r",1419358386231372,234010,"Running"
30244,"nio-stream-prod",1419358386256372,30323750,"S"
30232,"nio-webserver-r",1419358386465382,23322865,"S"
30232,"nio-webserver-r",1419358409788247,17031,"R"
30232,"nio-webserver-r",1419358409805278,109636,"Running"
30232,"nio-webserver-r",1419358409914914,70156,"S"
30232,"nio-webserver-r",1419358409985070,44740,"R"
30232,"nio-webserver-r",1419358410029810,154791,"Running"
30232,"nio-webserver-r",1419358410184601,423646,"S"
30232,"nio-webserver-r",1419358410608247,21979,"R"
30232,"nio-webserver-r",1419358410630226,332084,"Running"
30299,"NIO-Worker",1419358410930851,13646,"R"
30299,"NIO-Worker",1419358410944497,845625,"Running"
30232,"nio-webserver-r",1419358410962310,5707760,"S"
30299,"NIO-Worker",1419358411790122,145469,"S"
30299,"NIO-Worker",1419358411935591,15416,"R"
30299,"NIO-Worker",1419358411951007,32396,"Running"
30299,"NIO-Worker",1419358411983403,206094,"S"
30299,"NIO-Worker",1419358412189497,16354,"R"
30299,"NIO-Worker",1419358412205851,193490,"Running"
30299,"NIO-Worker",1419358412399341,280469,"S"
30299,"NIO-Worker",1419358412679810,15572,"R"
30299,"NIO-Worker",1419358412695382,21303,"Running"
30299,"NIO-Worker",1419358412716685,86406,"S"
30299,"NIO-Worker",1419358412803091,19375,"R"
30299,"NIO-Worker",1419358412822466,35781,"Running"
30299,"NIO-Worker",1419358412858247,39167,"S"
30299,"NIO-Worker",1419358412897414,15208,"R"
30299,"NIO-Worker",1419358412912622,1012917,"Running"
30299,"NIO-Worker",1419358413925539,29271,"R"
30299,"NIO-Worker",1419358413954810,2126197,"Running"
30299,"NIO-Worker",1419358416081007,51928,"R+"
30299,"NIO-Worker",1419358416132935,14375,"Running"
30299,"NIO-Worker",1419358416147310,210468,"R+"
30299,"NIO-Worker",1419358416357778,43854,"Running"
30299,"NIO-Worker",1419358416401632,104115,"R+"
30299,"NIO-Worker",1419358416505747,215417,"Running"
30244,"nio-stream-prod",1419358416580122,32656,"R"
30244,"nio-stream-prod",1419358416612778,121979,"Running"
30232,"nio-webserver-r",1419358416670070,51094,"R"
30232,"nio-webserver-r",1419358416721164,218177,"Running"
30299,"NIO-Worker",1419358416721164,417708906,"S"
30244,"nio-stream-prod",1419358416734757,16771,"R+"
30244,"nio-stream-prod",1419358416751528,8073,"Running"
30244,"nio-stream-prod",1419358416759601,633959,"S"
30232,"nio-webserver-r",1419358416939341,152656,"R+"
30232,"nio-webserver-r",1419358417091997,106406,"Running"
30232,"nio-webserver-r",1419358417198403,11981250,"S"
30244,"nio-stream-prod",1419358417393560,15885,"R"
30244,"nio-stream-prod",1419358417409445,17812,"Running"
30244,"nio-stream-prod",1419358417427257,10313,"R+"
30244,"nio-stream-prod",1419358417437570,10781,"Running"
30244,"nio-stream-prod",1419358417448351,56406,"S"
30244,"nio-stream-prod",1419358417504757,19584,"R"
30244,"nio-stream-prod",1419358417524341,73854,"Running"
30244,"nio-stream-prod",1419358417598195,81562,"S"
30244,"nio-stream-prod",1419358417679757,49219,"R"
30244,"nio-stream-prod",1419358417728976,1247709,"Running"
30244,"nio-stream-prod",1419358418976685,17760,"R"
30244,"nio-stream-prod",1419358418994445,4804740,"Running"
30244,"nio-stream-prod",1419358423799185,31822,"R"
30244,"nio-stream-prod",1419358423831007,826928,"Running"
30244,"nio-stream-prod",1419358424657935,361093,"R"
30244,"nio-stream-prod",1419358425019028,4264375,"Running"
30232,"nio-webserver-r",1419358429179653,65261,"R"
30232,"nio-webserver-r",1419358429244914,198333,"Running"
30244,"nio-stream-prod",1419358429283403,43125,"S"
30244,"nio-stream-prod",1419358429326528,19011,"R"
30244,"nio-stream-prod",1419358429345539,280677,"Running"
30232,"nio-webserver-r",1419358429443247,108854,"R+"
30232,"nio-webserver-r",1419358429552101,250209,"Running"
30244,"nio-stream-prod",1419358429626216,46651354,"S"
30232,"nio-webserver-r",1419358429802310,32045312,"S"
30232,"nio-webserver-r",1419358461847622,37188,"R"
30232,"nio-webserver-r",1419358461884810,131562,"Running"
30232,"nio-webserver-r",1419358462016372,106875,"S"
30232,"nio-webserver-r",1419358462123247,41979,"R"
30232,"nio-webserver-r",1419358462165226,184584,"Running"
30232,"nio-webserver-r",1419358462349810,387760,"S"
30232,"nio-webserver-r",1419358462737570,93437,"R"
30232,"nio-webserver-r",1419358462831007,329115,"Running"
30300,"NIO-Worker",1419358463122257,17865,"R"
30300,"NIO-Worker",1419358463140122,430885,"Running"
30232,"nio-webserver-r",1419358463160122,13216875,"S"
30300,"NIO-Worker",1419358463571007,7442084,"S"
30300,"NIO-Worker",1419358471013091,57291,"R"
30300,"NIO-Worker",1419358471070382,681303,"Running"
30300,"NIO-Worker",1419358471751685,68854,"R+"
30300,"NIO-Worker",1419358471820539,29687,"Running"
30300,"NIO-Worker",1419358471850226,40000,"S"
30300,"NIO-Worker",1419358471890226,34740,"R"
30300,"NIO-Worker",1419358471924966,37916,"Running"
30300,"NIO-Worker",1419358471962882,75209,"R+"
30300,"NIO-Worker",1419358472038091,5000,"Running"
30300,"NIO-Worker",1419358472043091,166875,"S"
30300,"NIO-Worker",1419358472209966,11198,"R"
30300,"NIO-Worker",1419358472221164,254583,"Running"
30300,"NIO-Worker",1419358472475747,268854,"S"
30300,"NIO-Worker",1419358472744601,21146,"R"
30300,"NIO-Worker",1419358472765747,20156,"Running"
30300,"NIO-Worker",1419358472785903,58594,"S"
30300,"NIO-Worker",1419358472844497,81563,"R"
30300,"NIO-Worker",1419358472926060,65937,"Running"
30300,"NIO-Worker",1419358472991997,50625,"S"
30300,"NIO-Worker",1419358473042622,34167,"R"
30300,"NIO-Worker",1419358473076789,730677,"Running"
30300,"NIO-Worker",1419358473807466,46562,"R"
30300,"NIO-Worker",1419358473854028,786563,"Running"
30300,"NIO-Worker",1419358474640591,85885,"R"
30300,"NIO-Worker",1419358474726476,1292031,"Running"
30300,"NIO-Worker",1419358476018507,28490,"R"
30300,"NIO-Worker",1419358476046997,62813,"Running"
30300,"NIO-Worker",1419358476109810,35729,"S"
30300,"NIO-Worker",1419358476145539,29062,"R"
30300,"NIO-Worker",1419358476174601,257500,"Running"
30244,"nio-stream-prod",1419358476277570,16927,"R"
30244,"nio-stream-prod",1419358476294497,131406,"Running"
30232,"nio-webserver-r",1419358476376997,55781,"R"
30244,"nio-stream-prod",1419358476425903,45000,"R+"
30300,"NIO-Worker",1419358476432101,408167031,"S"
30232,"nio-webserver-r",1419358476432778,319636,"Running"
30244,"nio-stream-prod",1419358476470903,7188,"Running"
30244,"nio-stream-prod",1419358476478091,250104,"S"
30244,"nio-stream-prod",1419358476728195,16302,"R"
30244,"nio-stream-prod",1419358476744497,34167,"Running"
30232,"nio-webserver-r",1419358476752414,20031406,"S"
30244,"nio-stream-prod",1419358476778664,115937,"S"
30244,"nio-stream-prod",1419358476894601,20052,"R"
30244,"nio-stream-prod",1419358476914653,80782,"Running"
30244,"nio-stream-prod",1419358476995435,34375,"R+"
30244,"nio-stream-prod",1419358477029810,4960156,"Running"
30244,"nio-stream-prod",1419358481989966,54531,"R"
30244,"nio-stream-prod",1419358482044497,127448,"Running"
30244,"nio-stream-prod",1419358482171945,32969,"R"
30244,"nio-stream-prod",1419358482204914,236562,"Running"
30244,"nio-stream-prod",1419358482441476,18490,"R"
30244,"nio-stream-prod",1419358482459966,99687,"Running"
30244,"nio-stream-prod",1419358482559653,60782,"R"
30244,"nio-stream-prod",1419358482620435,412812,"Running"
30244,"nio-stream-prod",1419358483033247,94375,"R"
30244,"nio-stream-prod",1419358483127622,4022760,"Running"
30244,"nio-stream-prod",1419358487150382,27969,"R"
30244,"nio-stream-prod",1419358487178351,3180208,"Running"
30244,"nio-stream-prod",1419358490358559,55261,"R"
30244,"nio-stream-prod",1419358490413820,94271,"Running"
30244,"nio-stream-prod",1419358490508091,102656,"R"
30244,"nio-stream-prod",1419358490610747,384844,"Running"
30244,"nio-stream-prod",1419358490995591,9791,"R"
30244,"nio-stream-prod",1419358491005382,329688,"Running"
30244,"nio-stream-prod",1419358491335070,213177,"R"
30244,"nio-stream-prod",1419358491548247,18750,"Running"
30244,"nio-stream-prod",1419358491566997,56875,"R"
30244,"nio-stream-prod",1419358491623872,1056250,"Running"
30244,"nio-stream-prod",1419358492680122,21094,"R"
30244,"nio-stream-prod",1419358492701216,4171979,"Running"
30232,"nio-webserver-r",1419358496783820,18906,"R"
30232,"nio-webserver-r",1419358496802726,52552,"Running"
30232,"nio-webserver-r",1419358496855278,64531,"R"
30244,"nio-stream-prod",1419358496873195,23021,"R+"
30244,"nio-stream-prod",1419358496896216,32812,"Running"
30232,"nio-webserver-r",1419358496919809,132657,"Running"
30244,"nio-stream-prod",1419358496929028,43594,"S"
30244,"nio-stream-prod",1419358496972622,39531,"R"
30244,"nio-stream-prod",1419358497012153,402969,"Running"
30232,"nio-webserver-r",1419358497052466,111250,"R+"
30232,"nio-webserver-r",1419358497163716,417968,"Running"
30244,"nio-stream-prod",1419358497415122,23261094,"S"
30232,"nio-webserver-r",1419358497581684,15889844,"S"
30232,"nio-webserver-r",1419358513471528,72604,"R"
30232,"nio-webserver-r",1419358513544132,123177,"Running"
30232,"nio-webserver-r",1419358513667309,130730,"S"
30232,"nio-webserver-r",1419358513798039,14739,"R"
30232,"nio-webserver-r",1419358513812778,8750,"Running"
30232,"nio-webserver-r",1419358513821528,45625,"S"
30232,"nio-webserver-r",1419358513867153,48438,"R"
30232,"nio-webserver-r",1419358513915591,239948,"Running"
30232,"nio-webserver-r",1419358514155539,252968,"S"
30232,"nio-webserver-r",1419358514408507,41615,"R"
30232,"nio-webserver-r",1419358514450122,404010,"Running"
30234,"NIO-Worker",1419358514818403,15000,"R"
30234,"NIO-Worker",1419358514833403,503698,"Running"
30232,"nio-webserver-r",1419358514854132,5920677,"S"
30234,"NIO-Worker",1419358515337101,41615,"R"
30234,"NIO-Worker",1419358515378716,22187,"Running"
30234,"NIO-Worker",1419358515400903,27761,"S"
30234,"NIO-Worker",1419358515428664,23802,"R"
30234,"NIO-Worker",1419358515452466,162604,"Running"
30234,"NIO-Worker",1419358515615070,160469,"S"
30234,"NIO-Worker",1419358515775539,14739,"R"
30234,"NIO-Worker",1419358515790278,337136,"Running"
30234,"NIO-Worker",1419358516127414,66614,"R+"
30234,"NIO-Worker",1419358516194028,90000,"Running"
30234,"NIO-Worker",1419358516284028,165938,"S"
30234,"NIO-Worker",1419358516449966,36093,"R"
30234,"NIO-Worker",1419358516486059,58073,"Running"
30234,"NIO-Worker",1419358516544132,226407,"S"
30234,"NIO-Worker",1419358516770539,15677,"R"
30234,"NIO-Worker",1419358516786216,97604,"Running"
30234,"NIO-Worker",1419358516883820,24583,"R"
30234,"NIO-Worker",1419358516908403,186354,"Running"
30234,"NIO-Worker",1419358517094757,279584,"S"
30234,"NIO-Worker",1419358517374341,29687,"R"
30234,"NIO-Worker",1419358517404028,39844,"Running"
30234,"NIO-Worker",1419358517443872,42135,"S"
30234,"NIO-Worker",1419358517486007,12084,"R"
30234,"NIO-Worker",1419358517498091,62343,"Running"
30234,"NIO-Worker",1419358517560434,28594,"R+"
30234,"NIO-Worker",1419358517589028,5886,"Running"
30234,"NIO-Worker",1419358517594914,60677,"S"
30234,"NIO-Worker",1419358517655591,15937,"R"
30234,"NIO-Worker",1419358517671528,236406,"Running"
30234,"NIO-Worker",1419358517907934,7188,"R"
30234,"NIO-Worker",1419358517915122,1146406,"Running"
30234,"NIO-Worker",1419358519061528,53438,"R+"
30234,"NIO-Worker",1419358519114966,1380156,"Running"
30234,"NIO-Worker",1419358520495122,35469,"S"
30234,"NIO-Worker",1419358520530591,24635,"R"
30234,"NIO-Worker",1419358520555226,306771,"Running"
30244,"nio-stream-prod",1419358520676216,19375,"R"
30244,"nio-stream-prod",1419358520695591,167604,"Running"
30232,"nio-webserver-r",1419358520774809,113073,"R"
30234,"NIO-Worker",1419358520861997,17500,"R"
30244,"nio-stream-prod",1419358520863195,346875,"S"
30234,"NIO-Worker",1419358520879497,10469,"Running"
30232,"nio-webserver-r",1419358520887882,271927,"Running"
30234,"NIO-Worker",1419358520889966,415623697,"S"
30232,"nio-webserver-r",1419358521159809,90730,"R+"
30244,"nio-stream-prod",1419358521210070,29896,"R"
30244,"nio-stream-prod",1419358521239966,43593,"Running"
30232,"nio-webserver-r",1419358521250539,58906,"Running"
30244,"nio-stream-prod",1419358521283559,48750,"S"
30232,"nio-webserver-r",1419358521309445,27688437,"S"
30244,"nio-stream-prod",1419358521332309,22136,"R"
30244,"nio-stream-prod",1419358521354445,54427,"Running"
30244,"nio-stream-prod",1419358521408872,351719,"S"
30244,"nio-stream-prod",1419358521760591,57448,"R"
30244,"nio-stream-prod",1419358521818039,2827083,"Running"
30244,"nio-stream-prod",1419358524645122,12031,"R"
30244,"nio-stream-prod",1419358524657153,197292,"Running"
30244,"nio-stream-prod",1419358524854445,24739,"R"
30244,"nio-stream-prod",1419358524879184,12448,"Running"
30244,"nio-stream-prod",1419358524891632,6407,"R"
30244,"nio-stream-prod",1419358524898039,75520,"Running"
30244,"nio-stream-prod",1419358524973559,14063,"R"
30244,"nio-stream-prod",1419358524987622,15156,"Running"
30244,"nio-stream-prod",1419358525002778,78281,"R"
30244,"nio-stream-prod",1419358525081059,1339792,"Running"
30244,"nio-stream-prod",1419358526420851,28802,"R"
30244,"nio-stream-prod",1419358526449653,125417,"Running"
30244,"nio-stream-prod",1419358526575070,154739,"R"
30244,"nio-stream-prod",1419358526729809,2196355,"Running"
30244,"nio-stream-prod",1419358528926164,12031,"R"
30244,"nio-stream-prod",1419358528938195,1148489,"Running"
30244,"nio-stream-prod",1419358530086684,9688,"R"
30244,"nio-stream-prod",1419358530096372,1922656,"Running"
30244,"nio-stream-prod",1419358532019028,9844,"R"
30244,"nio-stream-prod",1419358532028872,25625,"Running"
30244,"nio-stream-prod",1419358532054497,120625,"R"
30244,"nio-stream-prod",1419358532175122,841406,"Running"
30244,"nio-stream-prod",1419358533016528,74844,"R"
30244,"nio-stream-prod",1419358533091372,3821406,"Running"
30244,"nio-stream-prod",1419358536912778,12344,"R"
30244,"nio-stream-prod",1419358536925122,3419010,"Running"
30244,"nio-stream-prod",1419358540344132,22709,"R"
30244,"nio-stream-prod",1419358540366841,489218,"Running"
30244,"nio-stream-prod",1419358540856059,17500,"R"
30244,"nio-stream-prod",1419358540873559,520313,"Running"
30244,"nio-stream-prod",1419358541393872,9219,"R"
30244,"nio-stream-prod",1419358541403091,3434218,"Running"
30244,"nio-stream-prod",1419358544837309,36511,"R"
30244,"nio-stream-prod",1419358544873820,4203333,"Running"
30232,"nio-webserver-r",1419358548997882,19063,"R"
30232,"nio-webserver-r",1419358549016945,101719,"Running"
30244,"nio-stream-prod",1419358549077153,54688,"R+"
30232,"nio-webserver-r",1419358549118664,21093,"R"
30244,"nio-stream-prod",1419358549131841,286041,"Running"
30232,"nio-webserver-r",1419358549139757,180677,"Running"
30232,"nio-webserver-r",1419358549320434,97448,"R+"
30232,"nio-webserver-r",1419358549417882,255677,"Running"
30244,"nio-stream-prod",1419358549417882,171927,"S"
30244,"nio-stream-prod",1419358549589809,95313,"R"
30232,"nio-webserver-r",1419358549673559,52032,"S"
30244,"nio-stream-prod",1419358549685122,249167,"Running"
30232,"nio-webserver-r",1419358549725591,40000,"R"
30232,"nio-webserver-r",1419358549765591,22968,"Running"
30232,"nio-webserver-r",1419358549788559,175417,"R"
30244,"nio-stream-prod",1419358549934289,27647552,"S"
30232,"nio-webserver-r",1419358549963976,309115,"Running"
30232,"nio-webserver-r",1419358550273091,16042760,"S"
30232,"nio-webserver-r",1419358566315851,8802,"R"
30232,"nio-webserver-r",1419358566324653,100156,"Running"
30232,"nio-webserver-r",1419358566424809,165782,"S"
30232,"nio-webserver-r",1419358566590591,21406,"R"
30232,"nio-webserver-r",1419358566611997,21875,"Running"
30232,"nio-webserver-r",1419358566633872,18437,"S"
30232,"nio-webserver-r",1419358566652309,147969,"Running"
30232,"nio-webserver-r",1419358566800278,382604,"S"
30232,"nio-webserver-r",1419358567182882,56094,"R"
30232,"nio-webserver-r",1419358567238976,365313,"Running"
30285,"NIO-Worker",1419358567566684,15469,"R"
30285,"NIO-Worker",1419358567582153,404167,"Running"
30232,"nio-webserver-r",1419358567604289,10103437,"S"
30285,"NIO-Worker",1419358567986320,3910677,"S"
30285,"NIO-Worker",1419358571896997,12500,"R"
30285,"NIO-Worker",1419358571909497,245781,"Running"
30285,"NIO-Worker",1419358572155278,42500,"S"
30285,"NIO-Worker",1419358572197778,12500,"R"
30285,"NIO-Worker",1419358572210278,265625,"Running"
30285,"NIO-Worker",1419358572475903,129531,"S"
30285,"NIO-Worker",1419358572605434,15782,"R"
30285,"NIO-Worker",1419358572621216,32656,"Running"
30285,"NIO-Worker",1419358572653872,271875,"S"
30285,"NIO-Worker",1419358572925747,19062,"R"
30285,"NIO-Worker",1419358572944809,212969,"Running"
30285,"NIO-Worker",1419358573157778,265729,"S"
30285,"NIO-Worker",1419358573423507,16302,"R"
30285,"NIO-Worker",1419358573439809,19688,"Running"
30285,"NIO-Worker",1419358573459497,49010,"S"
30285,"NIO-Worker",1419358573508507,65834,"R"
30285,"NIO-Worker",1419358573574341,63698,"Running"
30285,"NIO-Worker",1419358573638039,726406,"S"
30285,"NIO-Worker",1419358574364445,32031,"R"
30285,"NIO-Worker",1419358574396476,7240,"Running"
30285,"NIO-Worker",1419358574403716,169843,"R"
30285,"NIO-Worker",1419358574573559,2308907,"Running"
30285,"NIO-Worker",1419358576882466,21979,"R"
30285,"NIO-Worker",1419358576904445,9531,"Running"
30285,"NIO-Worker",1419358576913976,13281,"R"
30285,"NIO-Worker",1419358576927257,509584,"Running"
30285,"NIO-Worker",1419358577436841,44375,"R+"
30285,"NIO-Worker",1419358577481216,261093,"Running"
30244,"nio-stream-prod",1419358577581841,52448,"R"
30244,"nio-stream-prod",1419358577634289,131614,"Running"
30232,"nio-webserver-r",1419358577707726,13906,"R"
30232,"nio-webserver-r",1419358577721632,183021,"Running"
30285,"NIO-Worker",1419358577742309,412770157,"S"
30244,"nio-stream-prod",1419358577765903,36875,"R+"
30244,"nio-stream-prod",1419358577802778,9531,"Running"
30244,"nio-stream-prod",1419358577812309,302448,"S"
30232,"nio-webserver-r",1419358577904653,83906,"R+"
30232,"nio-webserver-r",1419358577988559,59323,"Running"
30232,"nio-webserver-r",1419358578047882,36373282,"S"
30244,"nio-stream-prod",1419358578114757,15834,"R"
30244,"nio-stream-prod",1419358578130591,38437,"Running"
30244,"nio-stream-prod",1419358578169028,57917,"S"
30244,"nio-stream-prod",1419358578226945,19687,"R"
30244,"nio-stream-prod",1419358578246632,43959,"Running"
30244,"nio-stream-prod",1419358578290591,52187,"S"
30244,"nio-stream-prod",1419358578342778,19375,"R"
30244,"nio-stream-prod",1419358578362153,3573438,"Running"
30244,"nio-stream-prod",1419358581935591,101093,"R"
30244,"nio-stream-prod",1419358582036684,21875,"Running"
30244,"nio-stream-prod",1419358582058559,37969,"R"
30244,"nio-stream-prod",1419358582096528,309948,"Running"
30244,"nio-stream-prod",1419358582406476,22344,"R"
30244,"nio-stream-prod",1419358582428820,251719,"Running"
30244,"nio-stream-prod",1419358582680539,150520,"R"
30244,"nio-stream-prod",1419358582831059,8750,"Running"
30244,"nio-stream-prod",1419358582839809,246250,"R"
30244,"nio-stream-prod",1419358583086059,1192344,"Running"
30244,"nio-stream-prod",1419358584278403,18125,"R"
30244,"nio-stream-prod",1419358584296528,659063,"Running"
30244,"nio-stream-prod",1419358584955591,26562,"R"
30244,"nio-stream-prod",1419358584982153,2289219,"Running"
30244,"nio-stream-prod",1419358587271372,56094,"R"
30244,"nio-stream-prod",1419358587327466,1375468,"Running"
30244,"nio-stream-prod",1419358588702934,8750,"R"
30244,"nio-stream-prod",1419358588711684,1664219,"Running"
30244,"nio-stream-prod",1419358590375903,35156,"R"
30244,"nio-stream-prod",1419358590411059,198125,"Running"
30244,"nio-stream-prod",1419358590609184,13750,"R"
30244,"nio-stream-prod",1419358590622934,114688,"Running"
30244,"nio-stream-prod",1419358590737622,49010,"R"
30244,"nio-stream-prod",1419358590786632,282032,"Running"
30244,"nio-stream-prod",1419358591068664,27708,"R"
30244,"nio-stream-prod",1419358591096372,132917,"Running"
30244,"nio-stream-prod",1419358591229289,198593,"R"
30244,"nio-stream-prod",1419358591427882,1166459,"Running"
30244,"nio-stream-prod",1419358592594341,10781,"R"
30244,"nio-stream-prod",1419358592605122,5975312,"Running"
30244,"nio-stream-prod",1419358598580434,8438,"R"
30244,"nio-stream-prod",1419358598588872,306510,"Running"
30244,"nio-stream-prod",1419358598895382,10782,"R"
30244,"nio-stream-prod",1419358598906164,243020,"Running"
30244,"nio-stream-prod",1419358599149184,13907,"R"
30244,"nio-stream-prod",1419358599163091,161562,"Running"
30244,"nio-stream-prod",1419358599324653,25781,"R"
30244,"nio-stream-prod",1419358599350434,287657,"Running"
30244,"nio-stream-prod",1419358599638091,219010,"R"
30244,"nio-stream-prod",1419358599857101,118958,"Running"
30244,"nio-stream-prod",1419358599976059,40625,"R"
30244,"nio-stream-prod",1419358600016684,856823,"Running"
30244,"nio-stream-prod",1419358600873507,52969,"R"
30244,"nio-stream-prod",1419358600926476,3986458,"Running"
30244,"nio-stream-prod",1419358604912934,54219,"R"
30244,"nio-stream-prod",1419358604967153,2026250,"Running"
30244,"nio-stream-prod",1419358606993403,9948,"R"
30244,"nio-stream-prod",1419358607003351,7492656,"Running"
30232,"nio-webserver-r",1419358614421164,17239,"R"
30232,"nio-webserver-r",1419358614438403,521406,"Running"
30244,"nio-stream-prod",1419358614496007,89427,"R+"
30244,"nio-stream-prod",1419358614585434,231511,"Running"
30244,"nio-stream-prod",1419358614816945,11905052,"S"
30232,"nio-webserver-r",1419358614959809,22657,"R"
30232,"nio-webserver-r",1419358614982466,34062,"Running"
30232,"nio-webserver-r",1419358615016528,4491094,"S"
30232,"nio-webserver-r",1419358619507622,18281,"R"
30232,"nio-webserver-r",1419358619525903,275104,"Running"
30232,"nio-webserver-r",1419358619801007,21927,"S"
30232,"nio-webserver-r",1419358619822934,40000,"R"
30232,"nio-webserver-r",1419358619862934,12032,"Running"
30232,"nio-webserver-r",1419358619874966,5416,"S"
30232,"nio-webserver-r",1419358619880382,20782,"R"
30232,"nio-webserver-r",1419358619901164,202552,"Running"
30232,"nio-webserver-r",1419358620103716,172656,"S"
30232,"nio-webserver-r",1419358620276372,52604,"R"
30232,"nio-webserver-r",1419358620328976,395677,"Running"
30290,"NIO-Worker",1419358620659809,33073,"R"
30290,"NIO-Worker",1419358620692882,242188,"Running"
30232,"nio-webserver-r",1419358620724653,6097344,"S"
30290,"NIO-Worker",1419358620935070,31614,"R"
30290,"NIO-Worker",1419358620966684,204011,"Running"
30290,"NIO-Worker",1419358621170695,215937,"S"
30290,"NIO-Worker",1419358621386632,29115,"R"
30290,"NIO-Worker",1419358621415747,201875,"Running"
30290,"NIO-Worker",1419358621617622,187292,"S"
30290,"NIO-Worker",1419358621804914,15677,"R"
30290,"NIO-Worker",1419358621820591,321562,"Running"
30290,"NIO-Worker",1419358622142153,174792,"S"
30290,"NIO-Worker",1419358622316945,22552,"R"
30290,"NIO-Worker",1419358622339497,46667,"Running"
30290,"NIO-Worker",1419358622386164,234687,"S"
30290,"NIO-Worker",1419358622620851,16094,"R"
30290,"NIO-Worker",1419358622636945,239219,"Running"
30290,"NIO-Worker",1419358622876164,45520,"R+"
30290,"NIO-Worker",1419358622921684,4688,"Running"
30290,"NIO-Worker",1419358622926372,238125,"S"
30290,"NIO-Worker",1419358623164497,21354,"R"
30290,"NIO-Worker",1419358623185851,22083,"Running"
30290,"NIO-Worker",1419358623207934,51094,"S"
30290,"NIO-Worker",1419358623259028,16094,"R"
30290,"NIO-Worker",1419358623275122,39844,"Running"
30290,"NIO-Worker",1419358623314966,50885,"S"
30290,"NIO-Worker",1419358623365851,24063,"R"
30290,"NIO-Worker",1419358623389914,1202708,"Running"
30290,"NIO-Worker",1419358624592622,117031,"R"
30290,"NIO-Worker",1419358624709653,1874011,"Running"
30290,"NIO-Worker",1419358626583664,42239,"R+"
30290,"NIO-Worker",1419358626625903,250156,"Running"
30244,"nio-stream-prod",1419358626721997,27031,"R"
30244,"nio-stream-prod",1419358626749028,128750,"Running"
30232,"nio-webserver-r",1419358626821997,86250,"R"
30290,"NIO-Worker",1419358626876059,416246407,"S"
30244,"nio-stream-prod",1419358626877778,253594,"S"
30232,"nio-webserver-r",1419358626908247,264948,"Running"
30244,"nio-stream-prod",1419358627131372,18385,"R"
30244,"nio-stream-prod",1419358627149757,24115,"Running"
30232,"nio-webserver-r",1419358627173195,13804739,"S"
30244,"nio-stream-prod",1419358627173872,85625,"S"
30244,"nio-stream-prod",1419358627259497,23385,"R"
30244,"nio-stream-prod",1419358627282882,41771,"Running"
30244,"nio-stream-prod",1419358627324653,83438,"S"
30244,"nio-stream-prod",1419358627408091,24062,"R"
30244,"nio-stream-prod",1419358627432153,4545625,"Running"
30244,"nio-stream-prod",1419358631977778,9792,"R"
30244,"nio-stream-prod",1419358631987570,894271,"Running"
30244,"nio-stream-prod",1419358632881841,33593,"R+"
30244,"nio-stream-prod",1419358632915434,173230,"Running"
30244,"nio-stream-prod",1419358633088664,128802,"R"
30244,"nio-stream-prod",1419358633217466,3672916,"Running"
30244,"nio-stream-prod",1419358636890382,22969,"R"
30244,"nio-stream-prod",1419358636913351,1377031,"Running"
30244,"nio-stream-prod",1419358638290382,36146,"R"
30244,"nio-stream-prod",1419358638326528,2188229,"Running"
30244,"nio-stream-prod",1419358640514757,79063,"R"
30244,"nio-stream-prod",1419358640593820,237708,"Running"
30244,"nio-stream-prod",1419358640831528,7500,"R"
30244,"nio-stream-prod",1419358640839028,202969,"Running"
30232,"nio-webserver-r",1419358640977934,63750,"R"
30232,"nio-webserver-r",1419358641041684,265782,"Running"
30244,"nio-stream-prod",1419358641041997,39792,"S"
30244,"nio-stream-prod",1419358641081789,34583,"R"
30244,"nio-stream-prod",1419358641116372,65781,"Running"
30244,"nio-stream-prod",1419358641182153,75156,"R+"
30244,"nio-stream-prod",1419358641257309,5417,"Running"
30244,"nio-stream-prod",1419358641262726,44630208,"S"
30232,"nio-webserver-r",1419358641307466,102656,"R+"
30232,"nio-webserver-r",1419358641410122,223594,"Running"
30232,"nio-webserver-r",1419358641633716,29824635,"S"
30232,"nio-webserver-r",1419358671458351,116302,"R"
30232,"nio-webserver-r",1419358671574653,111250,"Running"
30232,"nio-webserver-r",1419358671685903,107188,"S"
30232,"nio-webserver-r",1419358671793091,39062,"R"
30232,"nio-webserver-r",1419358671832153,209063,"Running"
30232,"nio-webserver-r",1419358672041216,415937,"S"
30232,"nio-webserver-r",1419358672457153,48438,"R"
30232,"nio-webserver-r",1419358672505591,343125,"Running"
30293,"NIO-Worker",1419358672803403,23281,"R"
30293,"NIO-Worker",1419358672826684,308125,"Running"
30232,"nio-webserver-r",1419358672848716,13147448,"S"
30293,"NIO-Worker",1419358673134809,7446563,"S"
30293,"NIO-Worker",1419358680581372,19167,"R"
30293,"NIO-Worker",1419358680600539,233593,"Running"
30293,"NIO-Worker",1419358680834132,47813,"S"
30293,"NIO-Worker",1419358680881945,13489,"R"
30293,"NIO-Worker",1419358680895434,321407,"Running"
30293,"NIO-Worker",1419358681216841,152656,"S"
30293,"NIO-Worker",1419358681369497,18906,"R"
30293,"NIO-Worker",1419358681388403,24219,"Running"
30293,"NIO-Worker",1419358681412622,137656,"R+"
30293,"NIO-Worker",1419358681550278,12031,"Running"
30293,"NIO-Worker",1419358681562309,49375,"S"
30293,"NIO-Worker",1419358681611684,10782,"R"
30293,"NIO-Worker",1419358681622466,222656,"Running"
30293,"NIO-Worker",1419358681845122,11406,"R+"
30293,"NIO-Worker",1419358681856528,26979,"Running"
30293,"NIO-Worker",1419358681883507,41407,"R+"
30293,"NIO-Worker",1419358681924914,12656,"Running"
30293,"NIO-Worker",1419358681937570,251771,"S"
30293,"NIO-Worker",1419358682189341,26979,"R"
30293,"NIO-Worker",1419358682216320,19114,"Running"
30293,"NIO-Worker",1419358682235434,70313,"S"
30293,"NIO-Worker",1419358682305747,157500,"R"
30293,"NIO-Worker",1419358682463247,56250,"Running"
30293,"NIO-Worker",1419358682519497,125885,"S"
30293,"NIO-Worker",1419358682645382,14063,"R"
30293,"NIO-Worker",1419358682659445,459896,"Running"
30293,"NIO-Worker",1419358683119341,211354,"R"
30293,"NIO-Worker",1419358683330695,1540833,"Running"
30293,"NIO-Worker",1419358684871528,24167,"R"
30293,"NIO-Worker",1419358684895695,859531,"Running"
30293,"NIO-Worker",1419358685755226,35833,"R+"
30293,"NIO-Worker",1419358685791059,244011,"Running"
30244,"nio-stream-prod",1419358685892934,11980,"R"
30244,"nio-stream-prod",1419358685904914,129427,"Running"
30232,"nio-webserver-r",1419358685996164,16927,"R"
30232,"nio-webserver-r",1419358686013091,354843,"Running"
30244,"nio-stream-prod",1419358686034341,281406,"S"
30293,"NIO-Worker",1419358686035070,407872396,"S"
30244,"nio-stream-prod",1419358686315747,17760,"R"
30244,"nio-stream-prod",1419358686333507,43334,"Running"
30232,"nio-webserver-r",1419358686367934,8907,"R+"
30232,"nio-webserver-r",1419358686376841,75625,"Running"
30244,"nio-stream-prod",1419358686376841,54166,"S"
30244,"nio-stream-prod",1419358686431007,23750,"R"
30232,"nio-webserver-r",1419358686452466,6525573,"S"
30244,"nio-stream-prod",1419358686454757,42709,"Running"
30244,"nio-stream-prod",1419358686497466,46562,"S"
30244,"nio-stream-prod",1419358686544028,19688,"R"
30244,"nio-stream-prod",1419358686563716,4648125,"Running"
30244,"nio-stream-prod",1419358691211841,12500,"R"
30244,"nio-stream-prod",1419358691224341,7760,"Running"
30244,"nio-stream-prod",1419358691232101,199896,"R"
30244,"nio-stream-prod",1419358691431997,1420625,"Running"
30244,"nio-stream-prod",1419358692852622,6667,"R+"
30244,"nio-stream-prod",1419358692859289,13750,"Running"
30244,"nio-stream-prod",1419358692873039,7395,"R+"
30244,"nio-stream-prod",1419358692880434,148750,"Running"
30232,"nio-webserver-r",1419358692978039,49687,"R"
30232,"nio-webserver-r",1419358693027726,74271,"Running"
30244,"nio-stream-prod",1419358693029184,49636,"R+"
30244,"nio-stream-prod",1419358693078820,59583,"Running"
30232,"nio-webserver-r",1419358693101997,36406,"R"
30232,"nio-webserver-r",1419358693138403,145417,"Running"
30244,"nio-stream-prod",1419358693138403,43191979,"S"
30232,"nio-webserver-r",1419358693283820,9583,"R+"
30232,"nio-webserver-r",1419358693293403,179688,"Running"
30232,"nio-webserver-r",1419358693473091,32604,"R+"
30232,"nio-webserver-r",1419358693505695,109375,"Running"
30232,"nio-webserver-r",1419358693615070,32991771,"S"
30232,"nio-webserver-r",1419358726606841,32760,"R"
30232,"nio-webserver-r",1419358726639601,165208,"Running"
30232,"nio-webserver-r",1419358726804809,52344,"S"
30232,"nio-webserver-r",1419358726857153,13906,"R"
30232,"nio-webserver-r",1419358726871059,8907,"Running"
30232,"nio-webserver-r",1419358726879966,27812,"S"
30232,"nio-webserver-r",1419358726907778,60781,"R"
30232,"nio-webserver-r",1419358726968559,186719,"Running"
30232,"nio-webserver-r",1419358727155278,392344,"S"
30232,"nio-webserver-r",1419358727547622,40937,"R"
30232,"nio-webserver-r",1419358727588559,356407,"Running"
30295,"NIO-Worker",1419358727906372,14375,"R"
30295,"NIO-Worker",1419358727920747,335260,"Running"
30232,"nio-webserver-r",1419358727944966,8482656,"S"
30295,"NIO-Worker",1419358728256007,3008021,"S"
30295,"NIO-Worker",1419358731264028,15886,"R"
30295,"NIO-Worker",1419358731279914,492083,"Running"
30295,"NIO-Worker",1419358731771997,150000,"S"
30295,"NIO-Worker",1419358731921997,47917,"R"
30295,"NIO-Worker",1419358731969914,49895,"Running"
30295,"NIO-Worker",1419358732019809,302813,"S"
30295,"NIO-Worker",1419358732322622,63698,"R"
30295,"NIO-Worker",1419358732386320,252083,"Running"
30295,"NIO-Worker",1419358732638403,517656,"S"
30295,"NIO-Worker",1419358733156059,16042,"R"
30295,"NIO-Worker",1419358733172101,42708,"Running"
30295,"NIO-Worker",1419358733214809,48125,"S"
30295,"NIO-Worker",1419358733262934,22605,"R"
30295,"NIO-Worker",1419358733285539,47031,"Running"
30295,"NIO-Worker",1419358733332570,43333,"R+"
30295,"NIO-Worker",1419358733375903,4688,"Running"
30295,"NIO-Worker",1419358733380591,8125,"S"
30295,"NIO-Worker",1419358733388716,15468,"R"
30295,"NIO-Worker",1419358733404184,2765938,"Running"
30295,"NIO-Worker",1419358736170122,31562,"S"
30295,"NIO-Worker",1419358736201684,15469,"R"
30295,"NIO-Worker",1419358736217153,264323,"Running"
30244,"nio-stream-prod",1419358736330382,16302,"R"
30244,"nio-stream-prod",1419358736346684,155313,"Running"
30232,"nio-webserver-r",1419358736427622,56094,"R"
30295,"NIO-Worker",1419358736481476,407846302,"S"
30232,"nio-webserver-r",1419358736483716,221875,"Running"
30244,"nio-stream-prod",1419358736501997,290156,"S"
30232,"nio-webserver-r",1419358736705591,71562,"R+"
30232,"nio-webserver-r",1419358736777153,107917,"Running"
30244,"nio-stream-prod",1419358736792153,38906,"R"
30244,"nio-stream-prod",1419358736831059,19375,"Running"
30244,"nio-stream-prod",1419358736850434,50261,"S"
30232,"nio-webserver-r",1419358736885070,15011094,"S"
30244,"nio-stream-prod",1419358736900695,51406,"R"
30244,"nio-stream-prod",1419358736952101,72552,"Running"
30244,"nio-stream-prod",1419358737024653,96875,"S"
30244,"nio-stream-prod",1419358737121528,15156,"R"
30244,"nio-stream-prod",1419358737136684,3022605,"Running"
30244,"nio-stream-prod",1419358740159289,31875,"R"
30244,"nio-stream-prod",1419358740191164,354062,"Running"
30244,"nio-stream-prod",1419358740545226,80208,"R"
30244,"nio-stream-prod",1419358740625434,222032,"Running"
30244,"nio-stream-prod",1419358740847466,7812,"R"
30244,"nio-stream-prod",1419358740855278,10417,"Running"
30244,"nio-stream-prod",1419358740865695,48958,"R"
30244,"nio-stream-prod",1419358740914653,32656,"Running"
30244,"nio-stream-prod",1419358740947309,17657,"R+"
30244,"nio-stream-prod",1419358740964966,346718,"Running"
30244,"nio-stream-prod",1419358741311684,10469,"R"
30244,"nio-stream-prod",1419358741322153,108386,"Running"
30244,"nio-stream-prod",1419358741430539,146562,"R"
30244,"nio-stream-prod",1419358741577101,5513333,"Running"
30244,"nio-stream-prod",1419358747090434,24011,"R"
30244,"nio-stream-prod",1419358747114445,1432396,"Running"
30244,"nio-stream-prod",1419358748546841,97968,"R"
30244,"nio-stream-prod",1419358748644809,292032,"Running"
30244,"nio-stream-prod",1419358748936841,84479,"R"
30244,"nio-stream-prod",1419358749021320,525833,"Running"
30244,"nio-stream-prod",1419358749547153,79479,"R"
30244,"nio-stream-prod",1419358749626632,1249896,"Running"
30244,"nio-stream-prod",1419358750876528,34479,"R"
30244,"nio-stream-prod",1419358750911007,1065052,"Running"
30232,"nio-webserver-r",1419358751896164,20208,"R"
30232,"nio-webserver-r",1419358751916372,8542,"Running"
30232,"nio-webserver-r",1419358751924914,5364,"R+"
30232,"nio-webserver-r",1419358751930278,143073,"Running"
30244,"nio-stream-prod",1419358751976059,10000,"R+"
30244,"nio-stream-prod",1419358751986059,6563,"Running"
30244,"nio-stream-prod",1419358751992622,84375,"S"
30232,"nio-webserver-r",1419358752073351,23125,"R+"
30244,"nio-stream-prod",1419358752076997,31406,"R"
30232,"nio-webserver-r",1419358752096476,106771,"Running"
30244,"nio-stream-prod",1419358752108403,381094,"Running"
30232,"nio-webserver-r",1419358752203247,70937,"R+"
30232,"nio-webserver-r",1419358752274184,421719,"Running"
30244,"nio-stream-prod",1419358752489497,36874948,"S"
30232,"nio-webserver-r",1419358752695903,25908698,"S"
30232,"nio-webserver-r",1419358778604601,80313,"R"
30232,"nio-webserver-r",1419358778684914,21093,"Running"
30232,"nio-webserver-r",1419358778706007,599584,"S"
30232,"nio-webserver-r",1419358779305591,46718,"R"
30232,"nio-webserver-r",1419358779352309,344375,"Running"
30232,"nio-webserver-r",1419358779696684,235261,"S"
30232,"nio-webserver-r",1419358779931945,65364,"R"
30232,"nio-webserver-r",1419358779997309,876563,"Running"
30296,"NIO-Worker",1419358780768195,37239,"R"
30296,"NIO-Worker",1419358780805434,97500,"Running"
30232,"nio-webserver-r",1419358780873872,85625,"R+"
30296,"NIO-Worker",1419358780902934,22344,"R"
30296,"NIO-Worker",1419358780925278,10573,"Running"
30296,"NIO-Worker",1419358780935851,21302,"R"
30296,"NIO-Worker",1419358780957153,771250,"Running"
30232,"nio-webserver-r",1419358780959497,11406,"Running"
30232,"nio-webserver-r",1419358780970903,8613750,"S"
30296,"NIO-Worker",1419358781728403,78594,"S"
30296,"NIO-Worker",1419358781806997,14219,"R"
30296,"NIO-Worker",1419358781821216,69843,"Running"
30296,"NIO-Worker",1419358781891059,25625,"R"
30296,"NIO-Worker",1419358781916684,6198,"Running"
30296,"NIO-Worker",1419358781922882,96459,"R"
30296,"NIO-Worker",1419358782019341,13541,"Running"
30296,"NIO-Worker",1419358782032882,376615,"R"
30296,"NIO-Worker",1419358782409497,426667,"Running"
30296,"NIO-Worker",1419358782836164,295989,"R+"
30296,"NIO-Worker",1419358783132153,197969,"Running"
30296,"NIO-Worker",1419358783330122,163385,"R+"
30296,"NIO-Worker",1419358783493507,27344,"Running"
30296,"NIO-Worker",1419358783520851,806458,"S"
30296,"NIO-Worker",1419358784327309,87344,"R"
30296,"NIO-Worker",1419358784414653,385729,"Running"
30296,"NIO-Worker",1419358784800382,538750,"S"
30296,"NIO-Worker",1419358785339132,262813,"R"
30296,"NIO-Worker",1419358785601945,17083,"Running"
30296,"NIO-Worker",1419358785619028,106094,"R+"
30296,"NIO-Worker",1419358785725122,52344,"Running"
30296,"NIO-Worker",1419358785777466,66406,"R+"
30296,"NIO-Worker",1419358785843872,2234062,"Running"
30296,"NIO-Worker",1419358788077934,147188,"R"
30296,"NIO-Worker",1419358788225122,638542,"Running"
30296,"NIO-Worker",1419358788863664,40520,"R"
30296,"NIO-Worker",1419358788904184,63282,"Running"
30296,"NIO-Worker",1419358788967466,15729,"R"
30296,"NIO-Worker",1419358788983195,89114,"Running"
30296,"NIO-Worker",1419358789072309,51980,"R+"
30296,"NIO-Worker",1419358789124289,17031,"Running"
30296,"NIO-Worker",1419358789141320,77552,"R+"
30296,"NIO-Worker",1419358789218872,194167,"Running"
30244,"nio-stream-prod",1419358789364445,58125,"R"
30296,"NIO-Worker",1419358789413039,62187,"R"
30244,"nio-stream-prod",1419358789422570,201250,"Running"
30296,"NIO-Worker",1419358789475226,164427,"Running"
30232,"nio-webserver-r",1419358789584653,86511,"R"
30244,"nio-stream-prod",1419358789623820,115312,"R+"
30296,"NIO-Worker",1419358789639653,18386,"R+"
30296,"NIO-Worker",1419358789658039,13125,"Running"
30232,"nio-webserver-r",1419358789671164,321302,"Running"
30296,"NIO-Worker",1419358789671164,404512551,"S"
30244,"nio-stream-prod",1419358789739132,5625,"Running"
30244,"nio-stream-prod",1419358789744757,291771,"S"
30232,"nio-webserver-r",1419358789992466,554375,"R+"
30244,"nio-stream-prod",1419358790036528,93906,"R"
30244,"nio-stream-prod",1419358790130434,53438,"Running"
30244,"nio-stream-prod",1419358790183872,205156,"S"
30244,"nio-stream-prod",1419358790389028,18594,"R"
30244,"nio-stream-prod",1419358790407622,78906,"Running"
30244,"nio-stream-prod",1419358790486528,79844,"S"
30232,"nio-webserver-r",1419358790546841,73541,"Running"
30244,"nio-stream-prod",1419358790566372,54010,"R"
30232,"nio-webserver-r",1419358790620382,22425834,"S"
30244,"nio-stream-prod",1419358790620382,240469,"Running"
30244,"nio-stream-prod",1419358790860851,14531,"R"
30244,"nio-stream-prod",1419358790875382,532240,"Running"
30244,"nio-stream-prod",1419358791407622,335104,"R"
30244,"nio-stream-prod",1419358791742726,797708,"Running"
30244,"nio-stream-prod",1419358792540434,7761,"R"
30244,"nio-stream-prod",1419358792548195,1042656,"Running"
30244,"nio-stream-prod",1419358793590851,28490,"R"
30244,"nio-stream-prod",1419358793619341,632968,"Running"
30244,"nio-stream-prod",1419358794252309,120782,"R"
30244,"nio-stream-prod",1419358794373091,928229,"Running"
30244,"nio-stream-prod",1419358795301320,1984687,"R"
30244,"nio-stream-prod",1419358797286007,1356459,"Running"
30244,"nio-stream-prod",1419358798642466,44531,"R"
30244,"nio-stream-prod",1419358798686997,1074010,"Running"
30244,"nio-stream-prod",1419358799761007,13021,"R"
30244,"nio-stream-prod",1419358799774028,1611719,"Running"
30244,"nio-stream-prod",1419358801385747,739792,"R"
30244,"nio-stream-prod",1419358802125539,2883333,"Running"
30244,"nio-stream-prod",1419358805008872,69635,"R"
30244,"nio-stream-prod",1419358805078507,8059427,"Running"
30232,"nio-webserver-r",1419358813046216,15468,"R"
30232,"nio-webserver-r",1419358813061684,288750,"Running"
30244,"nio-stream-prod",1419358813137934,56094,"R+"
30244,"nio-stream-prod",1419358813194028,246979,"Running"
30232,"nio-webserver-r",1419358813350434,2500,"S"
30232,"nio-webserver-r",1419358813352934,19688,"R"
30232,"nio-webserver-r",1419358813372622,128281,"Running"
30244,"nio-stream-prod",1419358813441007,2084,"S"
30244,"nio-stream-prod",1419358813443091,42916,"R"
30244,"nio-stream-prod",1419358813486007,78282,"Running"
30232,"nio-webserver-r",1419358813500903,20781,"S"
30232,"nio-webserver-r",1419358813521684,15417,"R"
30232,"nio-webserver-r",1419358813537101,223646,"Running"
30244,"nio-stream-prod",1419358813564289,29556302,"S"
30232,"nio-webserver-r",1419358813760747,18939531,"S"
30232,"nio-webserver-r",1419358832700278,609531,"R"
30232,"nio-webserver-r",1419358833309809,44167,"Running"
30232,"nio-webserver-r",1419358833353976,32188,"R"
30232,"nio-webserver-r",1419358833386164,69895,"Running"
30232,"nio-webserver-r",1419358833456059,26563,"R+"
30232,"nio-webserver-r",1419358833482622,18750,"Running"
30232,"nio-webserver-r",1419358833501372,60937,"R+"
30232,"nio-webserver-r",1419358833562309,61198,"Running"
30232,"nio-webserver-r",1419358833623507,34844,"R"
30232,"nio-webserver-r",1419358833658351,98490,"Running"
30232,"nio-webserver-r",1419358833756841,43593,"R+"
30232,"nio-webserver-r",1419358833800434,53907,"Running"
30232,"nio-webserver-r",1419358833854341,136562,"S"
30232,"nio-webserver-r",1419358833990903,39688,"R"
30232,"nio-webserver-r",1419358834030591,215312,"Running"
30232,"nio-webserver-r",1419358834245903,34792,"R"
30232,"nio-webserver-r",1419358834280695,199583,"Running"
30299,"NIO-Worker",1419358834430070,26094,"R"
30299,"NIO-Worker",1419358834456164,336250,"Running"
30232,"nio-webserver-r",1419358834480278,9065729,"S"
30299,"NIO-Worker",1419358834792414,2416302,"S"
30299,"NIO-Worker",1419358837208716,26250,"R"
30299,"NIO-Worker",1419358837234966,552031,"Running"
30299,"NIO-Worker",1419358837786997,67135,"R+"
30299,"NIO-Worker",1419358837854132,7032,"Running"
30299,"NIO-Worker",1419358837861164,51875,"S"
30299,"NIO-Worker",1419358837913039,32343,"R"
30299,"NIO-Worker",1419358837945382,43594,"Running"
30299,"NIO-Worker",1419358837988976,228177,"S"
30299,"NIO-Worker",1419358838217153,55156,"R"
30299,"NIO-Worker",1419358838272309,233698,"Running"
30299,"NIO-Worker",1419358838506007,304532,"S"
30299,"NIO-Worker",1419358838810539,11770,"R"
30299,"NIO-Worker",1419358838822309,14011,"Running"
30299,"NIO-Worker",1419358838836320,41250,"R+"
30299,"NIO-Worker",1419358838877570,13594,"Running"
30299,"NIO-Worker",1419358838891164,7708,"S"
30299,"NIO-Worker",1419358838898872,25104,"R"
30299,"NIO-Worker",1419358838923976,64896,"Running"
30299,"NIO-Worker",1419358838988872,47031,"S"
30299,"NIO-Worker",1419358839035903,20938,"R"
30299,"NIO-Worker",1419358839056841,1169948,"Running"
30299,"NIO-Worker",1419358840226789,230364,"R"
30299,"NIO-Worker",1419358840457153,617136,"Running"
30299,"NIO-Worker",1419358841074289,56302,"R"
30299,"NIO-Worker",1419358841130591,8125,"Running"
30299,"NIO-Worker",1419358841138716,35416,"R"
30299,"NIO-Worker",1419358841174132,1374375,"Running"
30299,"NIO-Worker",1419358842548507,112709,"S"
30299,"NIO-Worker",1419358842661216,81198,"R"
30299,"NIO-Worker",1419358842742414,964895,"Running"
30244,"nio-stream-prod",1419358843120591,96093,"R"
30244,"nio-stream-prod",1419358843216684,492813,"Running"
30232,"nio-webserver-r",1419358843546007,95677,"R"
30232,"nio-webserver-r",1419358843641684,437917,"Running"
30299,"NIO-Worker",1419358843707309,407349844,"S"
30244,"nio-stream-prod",1419358843709497,445781,"S"
30232,"nio-webserver-r",1419358844079601,26502552,"S"
30244,"nio-stream-prod",1419358844155278,39688,"R"
30244,"nio-stream-prod",1419358844194966,58281,"Running"
30244,"nio-stream-prod",1419358844253247,58594,"S"
30244,"nio-stream-prod",1419358844311841,11406,"R"
30244,"nio-stream-prod",1419358844323247,48594,"Running"
30244,"nio-stream-prod",1419358844371841,52187,"R+"
30244,"nio-stream-prod",1419358844424028,476511,"Running"
30244,"nio-stream-prod",1419358844900539,45833,"R"
30244,"nio-stream-prod",1419358844946372,4414531,"Running"
30244,"nio-stream-prod",1419358849360903,87031,"R"
30244,"nio-stream-prod",1419358849447934,21221875,"Running"
30232,"nio-webserver-r",1419358870582153,29063,"R"
30232,"nio-webserver-r",1419358870611216,324687,"Running"
30244,"nio-stream-prod",1419358870669809,57969,"R+"
30244,"nio-stream-prod",1419358870727778,160469,"Running"
30244,"nio-stream-prod",1419358870888247,35260,"S"
30244,"nio-stream-prod",1419358870923507,111719,"Running"
30232,"nio-webserver-r",1419358870935903,30104,"S"
30232,"nio-webserver-r",1419358870966007,59115,"R"
30232,"nio-webserver-r",1419358871025122,101667,"Running"
30244,"nio-stream-prod",1419358871035226,35365,"S"
30244,"nio-stream-prod",1419358871070591,27291,"R"
30244,"nio-stream-prod",1419358871097882,104844,"Running"
30232,"nio-webserver-r",1419358871126789,1302,"S"
30232,"nio-webserver-r",1419358871128091,75781,"R"
30244,"nio-stream-prod",1419358871202726,21398906,"S"
30232,"nio-webserver-r",1419358871203872,234479,"Running"
30232,"nio-webserver-r",1419358871438351,11724740,"S"
30232,"nio-webserver-r",1419358883163091,64687,"R"
30232,"nio-webserver-r",1419358883227778,95625,"Running"
30232,"nio-webserver-r",1419358883323403,150573,"S"
30232,"nio-webserver-r",1419358883473976,125781,"R"
30232,"nio-webserver-r",1419358883599757,23959,"Running"
30232,"nio-webserver-r",1419358883623716,21718,"R+"
30232,"nio-webserver-r",1419358883645434,21355,"Running"
30232,"nio-webserver-r",1419358883666789,10989,"R"
30232,"nio-webserver-r",1419358883677778,134011,"Running"
30232,"nio-webserver-r",1419358883811789,21302,"R"
30232,"nio-webserver-r",1419358883833091,46198,"Running"
30232,"nio-webserver-r",1419358883879289,345468,"S"
30232,"nio-webserver-r",1419358884224757,85834,"R"
30232,"nio-webserver-r",1419358884310591,327135,"Running"
30300,"NIO-Worker",1419358884599132,21615,"R"
30300,"NIO-Worker",1419358884620747,299948,"Running"
30232,"nio-webserver-r",1419358884637726,8444375,"S"
30300,"NIO-Worker",1419358884920695,26771,"R"
30300,"NIO-Worker",1419358884947466,290156,"Running"
30300,"NIO-Worker",1419358885237622,2377135,"S"
30300,"NIO-Worker",1419358887614757,13490,"R"
30300,"NIO-Worker",1419358887628247,28906,"Running"
30300,"NIO-Worker",1419358887657153,16406,"S"
30300,"NIO-Worker",1419358887673559,253594,"Running"
30300,"NIO-Worker",1419358887927153,116719,"S"
30300,"NIO-Worker",1419358888043872,12812,"R"
30300,"NIO-Worker",1419358888056684,34948,"Running"
30300,"NIO-Worker",1419358888091632,178021,"R+"
30300,"NIO-Worker",1419358888269653,294531,"Running"
30300,"NIO-Worker",1419358888564184,384532,"S"
30300,"NIO-Worker",1419358888948716,28541,"R"
30300,"NIO-Worker",1419358888977257,33594,"Running"
30300,"NIO-Worker",1419358889010851,73646,"S"
30300,"NIO-Worker",1419358889084497,25000,"R"
30300,"NIO-Worker",1419358889109497,56406,"Running"
30300,"NIO-Worker",1419358889165903,48125,"S"
30300,"NIO-Worker",1419358889214028,43594,"R"
30300,"NIO-Worker",1419358889257622,841562,"Running"
30300,"NIO-Worker",1419358890099184,30313,"R"
30300,"NIO-Worker",1419358890129497,88594,"Running"
30300,"NIO-Worker",1419358890218091,58854,"R"
30300,"NIO-Worker",1419358890276945,442083,"Running"
30300,"NIO-Worker",1419358890719028,39375,"R"
30300,"NIO-Worker",1419358890758403,243125,"Running"
30300,"NIO-Worker",1419358891001528,83125,"R"
30300,"NIO-Worker",1419358891084653,7813,"Running"
30300,"NIO-Worker",1419358891092466,62812,"R"
30300,"NIO-Worker",1419358891155278,1280313,"Running"
30300,"NIO-Worker",1419358892435591,36979,"S"
30300,"NIO-Worker",1419358892472570,36250,"R"
30300,"NIO-Worker",1419358892508820,127396,"Running"
30244,"nio-stream-prod",1419358892601632,32396,"R"
30244,"nio-stream-prod",1419358892634028,110625,"Running"
30300,"NIO-Worker",1419358892636216,344010,"R"
30244,"nio-stream-prod",1419358892744653,55313,"R+"
30244,"nio-stream-prod",1419358892799966,10729,"Running"
30244,"nio-stream-prod",1419358892810695,451614,"S"
30300,"NIO-Worker",1419358892980226,164063,"Running"
30232,"nio-webserver-r",1419358893082101,62188,"R"
30232,"nio-webserver-r",1419358893144289,213958,"Running"
30300,"NIO-Worker",1419358893144289,409120520,"S"
30244,"nio-stream-prod",1419358893262309,18438,"R"
30244,"nio-stream-prod",1419358893280747,32760,"Running"
30244,"nio-stream-prod",1419358893313507,69115,"S"
30232,"nio-webserver-r",1419358893358247,73281,"R+"
30244,"nio-stream-prod",1419358893382622,39844,"R"
30244,"nio-stream-prod",1419358893422466,40625,"Running"
30232,"nio-webserver-r",1419358893431528,60417,"Running"
30244,"nio-stream-prod",1419358893463091,28854,"R+"
30232,"nio-webserver-r",1419358893491945,13805833,"S"
30244,"nio-stream-prod",1419358893491945,6614,"Running"
30244,"nio-stream-prod",1419358893498559,18125,"S"
30244,"nio-stream-prod",1419358893516684,17188,"R"
30244,"nio-stream-prod",1419358893533872,84167,"Running"
30244,"nio-stream-prod",1419358893618039,32864,"R"
30244,"nio-stream-prod",1419358893650903,224063,"Running"
30244,"nio-stream-prod",1419358893874966,22916,"R"
30244,"nio-stream-prod",1419358893897882,2926927,"Running"
30244,"nio-stream-prod",1419358896824809,141094,"R"
30244,"nio-stream-prod",1419358896965903,1576198,"Running"
30244,"nio-stream-prod",1419358898542101,150833,"R"
30244,"nio-stream-prod",1419358898692934,83594,"Running"
30244,"nio-stream-prod",1419358898776528,15781,"R"
30244,"nio-stream-prod",1419358898792309,255782,"Running"
30244,"nio-stream-prod",1419358899048091,26093,"R"
30244,"nio-stream-prod",1419358899074184,236511,"Running"
30244,"nio-stream-prod",1419358899310695,115208,"R+"
30244,"nio-stream-prod",1419358899425903,1410469,"Running"
30244,"nio-stream-prod",1419358900836372,35625,"R"
30244,"nio-stream-prod",1419358900871997,59531,"Running"
30244,"nio-stream-prod",1419358900931528,21563,"R"
30244,"nio-stream-prod",1419358900953091,3950000,"Running"
30244,"nio-stream-prod",1419358904903091,109218,"R"
30244,"nio-stream-prod",1419358905012309,2350782,"Running"
30232,"nio-webserver-r",1419358907297778,20729,"R"
30232,"nio-webserver-r",1419358907318507,245521,"Running"
30244,"nio-stream-prod",1419358907363091,34062,"S"
30244,"nio-stream-prod",1419358907397153,13438,"R"
30244,"nio-stream-prod",1419358907410591,235156,"Running"
30232,"nio-webserver-r",1419358907564028,4948,"S"
30232,"nio-webserver-r",1419358907568976,167500,"R"
30244,"nio-stream-prod",1419358907645747,302135,"S"
30232,"nio-webserver-r",1419358907736476,44531,"Running"
30232,"nio-webserver-r",1419358907781007,152032,"R"
30232,"nio-webserver-r",1419358907933039,63645,"Running"
30244,"nio-stream-prod",1419358907947882,35052,"R"
30244,"nio-stream-prod",1419358907982934,196094,"Running"
30232,"nio-webserver-r",1419358907996684,29219,"S"
30232,"nio-webserver-r",1419358908025903,17969,"R"
30232,"nio-webserver-r",1419358908043872,216823,"Running"
30244,"nio-stream-prod",1419358908179028,33929479,"S"
30232,"nio-webserver-r",1419358908260695,26765000,"S"
30232,"nio-webserver-r",1419358935025695,15625,"R"
30232,"nio-webserver-r",1419358935041320,226458,"Running"
30232,"nio-webserver-r",1419358935267778,137500,"S"
30232,"nio-webserver-r",1419358935405278,37969,"R"
30232,"nio-webserver-r",1419358935443247,8125,"Running"
30232,"nio-webserver-r",1419358935451372,51354,"S"
30232,"nio-webserver-r",1419358935502726,28281,"R"
30232,"nio-webserver-r",1419358935531007,74063,"Running"
30232,"nio-webserver-r",1419358935605070,43906,"R"
30232,"nio-webserver-r",1419358935648976,133490,"Running"
30232,"nio-webserver-r",1419358935782466,357343,"S"
30232,"nio-webserver-r",1419358936139809,63438,"R"
30232,"nio-webserver-r",1419358936203247,343385,"Running"
30234,"NIO-Worker",1419358936513663,12344,"R"
30234,"NIO-Worker",1419358936526007,544427,"Running"
30232,"nio-webserver-r",1419358936546632,5670313,"S"
30234,"NIO-Worker",1419358937070434,5625,"S"
30234,"NIO-Worker",1419358937076059,15782,"R"
30234,"NIO-Worker",1419358937091841,70729,"Running"
30234,"NIO-Worker",1419358937162570,56927,"S"
30234,"NIO-Worker",1419358937219497,12500,"R"
30234,"NIO-Worker",1419358937231997,258437,"Running"
30234,"NIO-Worker",1419358937490434,140000,"S"
30234,"NIO-Worker",1419358937630434,18438,"R"
30234,"NIO-Worker",1419358937648872,63750,"Running"
30234,"NIO-Worker",1419358937712622,20625,"R+"
30234,"NIO-Worker",1419358937733247,10156,"Running"
30234,"NIO-Worker",1419358937743403,195625,"S"
30234,"NIO-Worker",1419358937939028,59792,"R"
30234,"NIO-Worker",1419358937998820,180833,"Running"
30234,"NIO-Worker",1419358938179653,235625,"S"
30234,"NIO-Worker",1419358938415278,37448,"R"
30234,"NIO-Worker",1419358938452726,30937,"Running"
30234,"NIO-Worker",1419358938483663,59115,"S"
30234,"NIO-Worker",1419358938542778,27813,"R"
30234,"NIO-Worker",1419358938570591,44322,"Running"
30234,"NIO-Worker",1419358938614913,44375,"S"
30234,"NIO-Worker",1419358938659288,28282,"R"
30234,"NIO-Worker",1419358938687570,2254739,"Running"
30234,"NIO-Worker",1419358940942309,10625,"R"
30234,"NIO-Worker",1419358940952934,983594,"Running"
30234,"NIO-Worker",1419358941936528,62188,"R+"
30234,"NIO-Worker",1419358941998716,246510,"Running"
30244,"nio-stream-prod",1419358942108507,22240,"R"
30244,"nio-stream-prod",1419358942130747,110885,"Running"
30232,"nio-webserver-r",1419358942216945,16771,"R"
30232,"nio-webserver-r",1419358942233716,220156,"Running"
30244,"nio-stream-prod",1419358942241632,248281,"S"
30234,"NIO-Worker",1419358942245226,412828281,"S"
30232,"nio-webserver-r",1419358942453872,12074166,"S"
30244,"nio-stream-prod",1419358942489913,13646,"R"
30244,"nio-stream-prod",1419358942503559,41875,"Running"
30244,"nio-stream-prod",1419358942545434,68750,"S"
30244,"nio-stream-prod",1419358942614184,13750,"R"
30244,"nio-stream-prod",1419358942627934,37657,"Running"
30244,"nio-stream-prod",1419358942665591,54635,"S"
30244,"nio-stream-prod",1419358942720226,49740,"R"
30244,"nio-stream-prod",1419358942769966,3718072,"Running"
30244,"nio-stream-prod",1419358946488038,5521,"R"
30244,"nio-stream-prod",1419358946493559,2056198,"Running"
30244,"nio-stream-prod",1419358948549757,190677,"R+"
30244,"nio-stream-prod",1419358948740434,173907,"Running"
30244,"nio-stream-prod",1419358948914341,81510,"R"
30244,"nio-stream-prod",1419358948995851,224583,"Running"
30244,"nio-stream-prod",1419358949220434,19948,"R"
30244,"nio-stream-prod",1419358949240382,114063,"Running"
30244,"nio-stream-prod",1419358949354445,219531,"R+"
30244,"nio-stream-prod",1419358949573976,5012708,"Running"
30232,"nio-webserver-r",1419358954528038,29844,"R"
30232,"nio-webserver-r",1419358954557882,275156,"Running"
30244,"nio-stream-prod",1419358954586684,20782,"R+"
30244,"nio-stream-prod",1419358954607466,5781,"Running"
30244,"nio-stream-prod",1419358954613247,11719,"S"
30244,"nio-stream-prod",1419358954624966,221562,"R"
30232,"nio-webserver-r",1419358954833038,46771,"S"
30244,"nio-stream-prod",1419358954846528,77500,"Running"
30232,"nio-webserver-r",1419358954879809,49636,"R"
30244,"nio-stream-prod",1419358954924028,42268073,"S"
30232,"nio-webserver-r",1419358954929445,129271,"Running"
30232,"nio-webserver-r",1419358955058716,26406,"R+"
30232,"nio-webserver-r",1419358955085122,67031,"Running"
30232,"nio-webserver-r",1419358955152153,34035000,"S"
30232,"nio-webserver-r",1419358989187153,53750,"R"
30232,"nio-webserver-r",1419358989240903,211510,"Running"
30232,"nio-webserver-r",1419358989452413,84844,"S"
30232,"nio-webserver-r",1419358989537257,41302,"R"
30232,"nio-webserver-r",1419358989578559,165938,"Running"
30232,"nio-webserver-r",1419358989744497,195937,"S"
30232,"nio-webserver-r",1419358989940434,60261,"R"
30232,"nio-webserver-r",1419358990000695,132812,"Running"
30232,"nio-webserver-r",1419358990133507,56146,"R"
30232,"nio-webserver-r",1419358990189653,53281,"Running"
30232,"nio-webserver-r",1419358990242934,45000,"R"
30232,"nio-webserver-r",1419358990287934,243125,"Running"
30285,"NIO-Worker",1419358990512466,114375,"R"
30232,"nio-webserver-r",1419358990531059,74688,"R"
30232,"nio-webserver-r",1419358990605747,60416,"Running"
30285,"NIO-Worker",1419358990626841,394479,"Running"
30232,"nio-webserver-r",1419358990666163,6729740,"S"
30285,"NIO-Worker",1419358991021320,1159739,"S"
30285,"NIO-Worker",1419358992181059,16719,"R"
30285,"NIO-Worker",1419358992197778,221042,"Running"
30285,"NIO-Worker",1419358992418820,2864,"S"
30285,"NIO-Worker",1419358992421684,37188,"R"
30285,"NIO-Worker",1419358992458872,342187,"Running"
30285,"NIO-Worker",1419358992801059,159011,"R+"
30285,"NIO-Worker",1419358992960070,25833,"Running"
30285,"NIO-Worker",1419358992985903,100469,"R+"
30285,"NIO-Worker",1419358993086372,53281,"Running"
30285,"NIO-Worker",1419358993139653,91406,"S"
30285,"NIO-Worker",1419358993231059,86250,"R"
30285,"NIO-Worker",1419358993317309,216250,"Running"
30285,"NIO-Worker",1419358993533559,186823,"R+"
30285,"NIO-Worker",1419358993720382,5156,"Running"
30285,"NIO-Worker",1419358993725538,77344,"S"
30285,"NIO-Worker",1419358993802882,13646,"R"
30285,"NIO-Worker",1419358993816528,20729,"Running"
30285,"NIO-Worker",1419358993837257,60781,"S"
30285,"NIO-Worker",1419358993898038,42396,"R"
30285,"NIO-Worker",1419358993940434,50938,"Running"
30285,"NIO-Worker",1419358993991372,52344,"S"
30285,"NIO-Worker",1419358994043716,15000,"R"
30285,"NIO-Worker",1419358994058716,2385625,"Running"
30285,"NIO-Worker",1419358996444341,7187,"R"
30285,"NIO-Worker",1419358996451528,121563,"Running"
30285,"NIO-Worker",1419358996573091,54062,"R"
30285,"NIO-Worker",1419358996627153,279167,"Running"
30285,"NIO-Worker",1419358996906320,74062,"R+"
30285,"NIO-Worker",1419358996980382,67344,"Running"
30285,"NIO-Worker",1419358997047726,22083,"S"
30285,"NIO-Worker",1419358997069809,29167,"R"
30285,"NIO-Worker",1419358997098976,376406,"Running"
30244,"nio-stream-prod",1419358997192101,68490,"R"
30244,"nio-stream-prod",1419358997260591,147187,"Running"
30232,"nio-webserver-r",1419358997395903,71354,"R"
30244,"nio-stream-prod",1419358997407778,183750,"R+"
30232,"nio-webserver-r",1419358997467257,277709,"Running"
30285,"NIO-Worker",1419358997475382,408164531,"S"
30244,"nio-stream-prod",1419358997591528,11510,"Running"
30244,"nio-stream-prod",1419358997603038,147969,"S"
30232,"nio-webserver-r",1419358997744966,10228697,"S"
30244,"nio-stream-prod",1419358997751007,111146,"R"
30244,"nio-stream-prod",1419358997862153,35729,"Running"
30244,"nio-stream-prod",1419358997897882,57969,"S"
30244,"nio-stream-prod",1419358997955851,38437,"R"
30244,"nio-stream-prod",1419358997994288,63438,"Running"
30244,"nio-stream-prod",1419358998057726,67552,"S"
30244,"nio-stream-prod",1419358998125278,46875,"R"
30244,"nio-stream-prod",1419358998172153,295260,"Running"
30244,"nio-stream-prod",1419358998467413,33803,"R"
30244,"nio-stream-prod",1419358998501216,25000,"Running"
30244,"nio-stream-prod",1419358998526216,34843,"R"
30244,"nio-stream-prod",1419358998561059,40313,"Running"
30244,"nio-stream-prod",1419358998601372,117448,"R"
30244,"nio-stream-prod",1419358998718820,3464375,"Running"
30244,"nio-stream-prod",1419359002183195,48906,"R"
30244,"nio-stream-prod",1419359002232101,2667552,"Running"
30244,"nio-stream-prod",1419359004899653,66510,"R"
30244,"nio-stream-prod",1419359004966163,1863438,"Running"
30244,"nio-stream-prod",1419359006829601,130677,"R"
30244,"nio-stream-prod",1419359006960278,701875,"Running"
30244,"nio-stream-prod",1419359007662153,118906,"R+"
30244,"nio-stream-prod",1419359007781059,250104,"Running"
30232,"nio-webserver-r",1419359007973663,20313,"R"
30232,"nio-webserver-r",1419359007993976,473281,"Running"
30244,"nio-stream-prod",1419359008031163,50209,"R+"
30244,"nio-stream-prod",1419359008081372,227500,"Running"
30244,"nio-stream-prod",1419359008308872,42524531,"S"
30232,"nio-webserver-r",1419359008467257,33211771,"S"
30232,"nio-webserver-r",1419359041679028,87760,"R"
30232,"nio-webserver-r",1419359041766788,148178,"Running"
30232,"nio-webserver-r",1419359041914966,144062,"S"
30232,"nio-webserver-r",1419359042059028,38594,"R"
30232,"nio-webserver-r",1419359042097622,178906,"Running"
30232,"nio-webserver-r",1419359042276528,453594,"S"
30232,"nio-webserver-r",1419359042730122,49375,"R"
30232,"nio-webserver-r",1419359042779497,394687,"Running"
30290,"NIO-Worker",1419359043122466,51197,"R"
30290,"NIO-Worker",1419359043173663,372188,"Running"
30232,"nio-webserver-r",1419359043174184,7775000,"S"
30290,"NIO-Worker",1419359043545851,2125208,"S"
30290,"NIO-Worker",1419359045671059,23750,"R"
30290,"NIO-Worker",1419359045694809,465104,"Running"
30290,"NIO-Worker",1419359046159913,154115,"S"
30290,"NIO-Worker",1419359046314028,24844,"R"
30290,"NIO-Worker",1419359046338872,50573,"Running"
30290,"NIO-Worker",1419359046389445,218750,"S"
30290,"NIO-Worker",1419359046608195,45521,"R"
30290,"NIO-Worker",1419359046653716,215260,"Running"
30290,"NIO-Worker",1419359046868976,55365,"R+"
30290,"NIO-Worker",1419359046924341,9375,"Running"
30290,"NIO-Worker",1419359046933716,237135,"S"
30290,"NIO-Worker",1419359047170851,36562,"R"
30290,"NIO-Worker",1419359047207413,30521,"Running"
30290,"NIO-Worker",1419359047237934,48594,"S"
30290,"NIO-Worker",1419359047286528,15625,"R"
30290,"NIO-Worker",1419359047302153,52917,"Running"
30290,"NIO-Worker",1419359047355070,52396,"S"
30290,"NIO-Worker",1419359047407466,17968,"R"
30290,"NIO-Worker",1419359047425434,1139011,"Running"
30290,"NIO-Worker",1419359048564445,35937,"R"
30290,"NIO-Worker",1419359048600382,165052,"Running"
30290,"NIO-Worker",1419359048765434,22292,"R"
30290,"NIO-Worker",1419359048787726,52865,"Running"
30290,"NIO-Worker",1419359048840591,22031,"R"
30290,"NIO-Worker",1419359048862622,35000,"Running"
30290,"NIO-Worker",1419359048897622,41719,"R"
30290,"NIO-Worker",1419359048939341,224375,"Running"
30290,"NIO-Worker",1419359049163716,212968,"R"
30290,"NIO-Worker",1419359049376684,1273125,"Running"
30290,"NIO-Worker",1419359050649809,37813,"S"
30290,"NIO-Worker",1419359050687622,19375,"R"
30290,"NIO-Worker",1419359050706997,283541,"Running"
30244,"nio-stream-prod",1419359050833403,35885,"R"
30244,"nio-stream-prod",1419359050869288,126407,"Running"
30232,"nio-webserver-r",1419359050949184,69792,"R"
30290,"NIO-Worker",1419359050990538,416272865,"S"
30244,"nio-stream-prod",1419359050995695,231718,"S"
30232,"nio-webserver-r",1419359051018976,254687,"Running"
30244,"nio-stream-prod",1419359051227413,16094,"R"
30244,"nio-stream-prod",1419359051243507,63906,"Running"
30232,"nio-webserver-r",1419359051273663,17765678,"S"
30244,"nio-stream-prod",1419359051307413,62657,"S"
30244,"nio-stream-prod",1419359051370070,13021,"R"
30244,"nio-stream-prod",1419359051383091,45572,"Running"
30244,"nio-stream-prod",1419359051428663,27553,"R+"
30244,"nio-stream-prod",1419359051456216,6250,"Running"
30244,"nio-stream-prod",1419359051462466,47812,"S"
30244,"nio-stream-prod",1419359051510278,10313,"R"
30244,"nio-stream-prod",1419359051520591,5357500,"Running"
30244,"nio-stream-prod",1419359056878091,187656,"R"
30244,"nio-stream-prod",1419359057065747,8080469,"Running"
30244,"nio-stream-prod",1419359065146216,36979,"R"
30244,"nio-stream-prod",1419359065183195,704427,"Running"
30244,"nio-stream-prod",1419359065887622,131094,"R"
30244,"nio-stream-prod",1419359066018716,3083906,"Running"
30232,"nio-webserver-r",1419359069039341,13541,"R"
30232,"nio-webserver-r",1419359069052882,391927,"Running"
30244,"nio-stream-prod",1419359069102622,65000,"R+"
30244,"nio-stream-prod",1419359069167622,145781,"Running"
30244,"nio-stream-prod",1419359069313403,30387917,"S"
30232,"nio-webserver-r",1419359069444809,22622917,"S"
30232,"nio-webserver-r",1419359092067726,76094,"R"
30232,"nio-webserver-r",1419359092143820,158489,"Running"
30232,"nio-webserver-r",1419359092302309,312813,"S"
30232,"nio-webserver-r",1419359092615122,34948,"R"
30232,"nio-webserver-r",1419359092650070,266927,"Running"
30232,"nio-webserver-r",1419359092916997,532031,"S"
30232,"nio-webserver-r",1419359093449028,87188,"R"
30232,"nio-webserver-r",1419359093536216,430937,"Running"
30293,"NIO-Worker",1419359093907466,54687,"R"
30293,"NIO-Worker",1419359093962153,407188,"Running"
30232,"nio-webserver-r",1419359093967153,5928229,"S"
30293,"NIO-Worker",1419359094369341,137343,"S"
30293,"NIO-Worker",1419359094506684,13542,"R"
30293,"NIO-Worker",1419359094520226,503281,"Running"
30293,"NIO-Worker",1419359095023507,164740,"S"
30293,"NIO-Worker",1419359095188247,22916,"R"
30293,"NIO-Worker",1419359095211163,43178,"Running"
30293,"NIO-Worker",1419359095254341,330000,"S"
30293,"NIO-Worker",1419359095584341,58437,"R"
30293,"NIO-Worker",1419359095642778,224323,"Running"
30293,"NIO-Worker",1419359095867101,277396,"S"
30293,"NIO-Worker",1419359096144497,18906,"R"
30293,"NIO-Worker",1419359096163403,18438,"Running"
30293,"NIO-Worker",1419359096181841,50625,"S"
30293,"NIO-Worker",1419359096232466,14843,"R"
30293,"NIO-Worker",1419359096247309,202344,"Running"
30293,"NIO-Worker",1419359096449653,5885,"R"
30293,"NIO-Worker",1419359096455538,60209,"Running"
30293,"NIO-Worker",1419359096515747,52031,"S"
30293,"NIO-Worker",1419359096567778,14063,"R"
30293,"NIO-Worker",1419359096581841,1858072,"Running"
30293,"NIO-Worker",1419359098439913,8125,"R"
30293,"NIO-Worker",1419359098448038,23750,"Running"
30293,"NIO-Worker",1419359098471788,16615,"R"
30293,"NIO-Worker",1419359098488403,82500,"Running"
30293,"NIO-Worker",1419359098570903,59688,"R"
30293,"NIO-Worker",1419359098630591,367812,"Running"
30293,"NIO-Worker",1419359098998403,68073,"R"
30293,"NIO-Worker",1419359099066476,477344,"Running"
30293,"NIO-Worker",1419359099543820,23593,"R+"
30293,"NIO-Worker",1419359099567413,5521,"Running"
30293,"NIO-Worker",1419359099572934,21354,"S"
30293,"NIO-Worker",1419359099594288,126771,"Running"
30244,"nio-stream-prod",1419359099701320,48958,"R"
30293,"NIO-Worker",1419359099721059,79844,"R+"
30244,"nio-stream-prod",1419359099750278,162813,"Running"
30293,"NIO-Worker",1419359099800903,143281,"Running"
30232,"nio-webserver-r",1419359099895382,63594,"R"
30244,"nio-stream-prod",1419359099913091,161510,"R+"
30293,"NIO-Worker",1419359099944184,425230156,"S"
30232,"nio-webserver-r",1419359099958976,251146,"Running"
30244,"nio-stream-prod",1419359100074601,17240,"Running"
30244,"nio-stream-prod",1419359100091841,188281,"S"
30232,"nio-webserver-r",1419359100210122,25386094,"S"
30244,"nio-stream-prod",1419359100280122,56823,"R"
30244,"nio-stream-prod",1419359100336945,33437,"Running"
30244,"nio-stream-prod",1419359100370382,103021,"S"
30244,"nio-stream-prod",1419359100473403,140781,"R"
30244,"nio-stream-prod",1419359100614184,50157,"Running"
30244,"nio-stream-prod",1419359100664341,16666,"R+"
30244,"nio-stream-prod",1419359100681007,19688,"Running"
30244,"nio-stream-prod",1419359100700695,25677,"S"
30244,"nio-stream-prod",1419359100726372,50104,"R"
30244,"nio-stream-prod",1419359100776476,70156,"Running"
30244,"nio-stream-prod",1419359100846632,65781,"R+"
30244,"nio-stream-prod",1419359100912413,3981875,"Running"
30244,"nio-stream-prod",1419359104894288,15990,"R"
30244,"nio-stream-prod",1419359104910278,2019167,"Running"
30244,"nio-stream-prod",1419359106929445,82812,"R"
30244,"nio-stream-prod",1419359107012257,881563,"Running"
30244,"nio-stream-prod",1419359107893820,38021,"R"
30244,"nio-stream-prod",1419359107931841,7224479,"Running"
30244,"nio-stream-prod",1419359115156320,25677,"R+"
30244,"nio-stream-prod",1419359115181997,24219,"Running"
30244,"nio-stream-prod",1419359115206216,61406,"R"
30244,"nio-stream-prod",1419359115267622,151562,"Running"
30244,"nio-stream-prod",1419359115419184,16719,"R"
30244,"nio-stream-prod",1419359115435903,541823,"Running"
30244,"nio-stream-prod",1419359115977726,72083,"R"
30244,"nio-stream-prod",1419359116049809,5385782,"Running"
30244,"nio-stream-prod",1419359121435591,39010,"R"
30244,"nio-stream-prod",1419359121474601,4186927,"Running"
30232,"nio-webserver-r",1419359125596216,18593,"R"
30232,"nio-webserver-r",1419359125614809,246250,"Running"
30244,"nio-stream-prod",1419359125661528,24010,"R+"
30244,"nio-stream-prod",1419359125685538,9584,"Running"
30244,"nio-stream-prod",1419359125695122,165937,"S"
30232,"nio-webserver-r",1419359125861059,294219,"R+"
30244,"nio-stream-prod",1419359125861059,275469,"Running"
30244,"nio-stream-prod",1419359126136528,129531,"S"
30232,"nio-webserver-r",1419359126155278,174844,"Running"
30244,"nio-stream-prod",1419359126266059,19375,"R"
30244,"nio-stream-prod",1419359126285434,11250,"Running"
30244,"nio-stream-prod",1419359126296684,32448,"S"
30244,"nio-stream-prod",1419359126329132,85365,"Running"
30232,"nio-webserver-r",1419359126330122,29531,"S"
30232,"nio-webserver-r",1419359126359653,38281,"R"
30232,"nio-webserver-r",1419359126397934,264636,"Running"
30244,"nio-stream-prod",1419359126414497,52031,"R"
30244,"nio-stream-prod",1419359126466528,24323,"Running"
30244,"nio-stream-prod",1419359126490851,25689687,"S"
30232,"nio-webserver-r",1419359126662570,16337083,"S"
30232,"nio-webserver-r",1419359142999653,42760,"R"
30232,"nio-webserver-r",1419359143042413,117500,"Running"
30232,"nio-webserver-r",1419359143159913,73334,"S"
30232,"nio-webserver-r",1419359143233247,94062,"R"
30232,"nio-webserver-r",1419359143327309,176094,"Running"
30232,"nio-webserver-r",1419359143503403,29219,"R+"
30232,"nio-webserver-r",1419359143532622,46875,"Running"
30232,"nio-webserver-r",1419359143579497,401562,"S"
30232,"nio-webserver-r",1419359143981059,56667,"R"
30232,"nio-webserver-r",1419359144037726,340937,"Running"
30295,"NIO-Worker",1419359144327778,33750,"R"
30295,"NIO-Worker",1419359144361528,400781,"Running"
30232,"nio-webserver-r",1419359144378663,7905365,"S"
30295,"NIO-Worker",1419359144762309,2287188,"S"
30295,"NIO-Worker",1419359147049497,12968,"R"
30295,"NIO-Worker",1419359147062465,504948,"Running"
30295,"NIO-Worker",1419359147567413,143490,"S"
30295,"NIO-Worker",1419359147710903,50417,"R"
30295,"NIO-Worker",1419359147761320,22708,"Running"
30295,"NIO-Worker",1419359147784028,221354,"S"
30295,"NIO-Worker",1419359148005382,25521,"R"
30295,"NIO-Worker",1419359148030903,241094,"Running"
30295,"NIO-Worker",1419359148271997,603125,"S"
30295,"NIO-Worker",1419359148875122,81041,"R"
30295,"NIO-Worker",1419359148956163,55990,"Running"
30295,"NIO-Worker",1419359149012153,21562,"R+"
30295,"NIO-Worker",1419359149033715,13438,"Running"
30295,"NIO-Worker",1419359149047153,19010,"S"
30295,"NIO-Worker",1419359149066163,32552,"R"
30295,"NIO-Worker",1419359149098715,39063,"Running"
30295,"NIO-Worker",1419359149137778,48594,"S"
30295,"NIO-Worker",1419359149186372,15156,"R"
30295,"NIO-Worker",1419359149201528,192760,"Running"
30295,"NIO-Worker",1419359149394288,80313,"R"
30295,"NIO-Worker",1419359149474601,2576250,"Running"
30295,"NIO-Worker",1419359152050851,33333,"R+"
30295,"NIO-Worker",1419359152084184,237188,"Running"
30244,"nio-stream-prod",1419359152180538,66094,"R"
30244,"nio-stream-prod",1419359152246632,119531,"Running"
30232,"nio-webserver-r",1419359152284028,18594,"R"
30232,"nio-webserver-r",1419359152302622,264375,"Running"
30295,"NIO-Worker",1419359152321372,423131718,"S"
30244,"nio-stream-prod",1419359152366163,45625,"R+"
30244,"nio-stream-prod",1419359152411788,4584,"Running"
30244,"nio-stream-prod",1419359152416372,296406,"S"
30232,"nio-webserver-r",1419359152566997,29260260,"S"
30244,"nio-stream-prod",1419359152712778,20156,"R"
30244,"nio-stream-prod",1419359152732934,31094,"Running"
30244,"nio-stream-prod",1419359152764028,131562,"S"
30244,"nio-stream-prod",1419359152895590,75938,"R"
30244,"nio-stream-prod",1419359152971528,63281,"Running"
30244,"nio-stream-prod",1419359153034809,55104,"S"
30244,"nio-stream-prod",1419359153089913,15677,"R"
30244,"nio-stream-prod",1419359153105590,3700157,"Running"
30244,"nio-stream-prod",1419359156805747,312916,"R"
30244,"nio-stream-prod",1419359157118663,24567709,"Running"
30244,"nio-stream-prod",1419359181686372,14687,"R"
30244,"nio-stream-prod",1419359181701059,237813,"Running"
30232,"nio-webserver-r",1419359181827257,353802,"R"
30244,"nio-stream-prod",1419359181938872,36510,"S"
30244,"nio-stream-prod",1419359181975382,13177,"R"
30244,"nio-stream-prod",1419359181988559,64688,"Running"
30244,"nio-stream-prod",1419359182053247,22512968,"S"
30232,"nio-webserver-r",1419359182181059,258698,"Running"
30232,"nio-webserver-r",1419359182439757,109219,"R+"
30232,"nio-webserver-r",1419359182548976,62656,"Running"
30232,"nio-webserver-r",1419359182611632,290990,"R"
30232,"nio-webserver-r",1419359182902622,249323,"Running"
30232,"nio-webserver-r",1419359183151945,9312343,"S"
30232,"nio-webserver-r",1419359192464288,46719,"R"
30232,"nio-webserver-r",1419359192511007,104271,"Running"
30232,"nio-webserver-r",1419359192615278,357135,"S"
30232,"nio-webserver-r",1419359192972413,11615,"R"
30232,"nio-webserver-r",1419359192984028,6042,"Running"
30232,"nio-webserver-r",1419359192990070,91614,"S"
30232,"nio-webserver-r",1419359193081684,85573,"R"
30232,"nio-webserver-r",1419359193167257,190677,"Running"
30232,"nio-webserver-r",1419359193357934,445625,"S"
30232,"nio-webserver-r",1419359193803559,32761,"R"
30232,"nio-webserver-r",1419359193836320,395937,"Running"
30296,"NIO-Worker",1419359194183715,24219,"R"
30296,"NIO-Worker",1419359194207934,379636,"Running"
30232,"nio-webserver-r",1419359194232257,10439063,"S"
30296,"NIO-Worker",1419359194587570,5002864,"S"
30296,"NIO-Worker",1419359199590434,74219,"R"
30296,"NIO-Worker",1419359199664653,83437,"Running"
30296,"NIO-Worker",1419359199748090,43438,"R+"
30296,"NIO-Worker",1419359199791528,568750,"Running"
30296,"NIO-Worker",1419359200360278,150156,"R+"
30296,"NIO-Worker",1419359200510434,40313,"Running"
30296,"NIO-Worker",1419359200550747,378385,"S"
30296,"NIO-Worker",1419359200929132,19583,"R"
30296,"NIO-Worker",1419359200948715,232917,"Running"
30296,"NIO-Worker",1419359201181632,279427,"S"
30296,"NIO-Worker",1419359201461059,14479,"R"
30296,"NIO-Worker",1419359201475538,21146,"Running"
30296,"NIO-Worker",1419359201496684,63906,"S"
30296,"NIO-Worker",1419359201560590,16250,"R"
30296,"NIO-Worker",1419359201576840,45625,"Running"
30296,"NIO-Worker",1419359201622465,50782,"S"
30296,"NIO-Worker",1419359201673247,14323,"R"
30296,"NIO-Worker",1419359201687570,2754270,"Running"
30296,"NIO-Worker",1419359204441840,24323,"S"
30296,"NIO-Worker",1419359204466163,14219,"R"
30296,"NIO-Worker",1419359204480382,229688,"Running"
30244,"nio-stream-prod",1419359204566215,184532,"R"
30232,"nio-webserver-r",1419359204671320,17812,"R"
30232,"nio-webserver-r",1419359204689132,184375,"Running"
30296,"NIO-Worker",1419359204710070,423251874,"S"
30244,"nio-stream-prod",1419359204750747,163125,"Running"
30232,"nio-webserver-r",1419359204873507,23333,"R+"
30232,"nio-webserver-r",1419359204896840,108438,"Running"
30244,"nio-stream-prod",1419359204913872,294323,"R+"
30232,"nio-webserver-r",1419359205005278,9655781,"S"
30244,"nio-stream-prod",1419359205208195,33489,"Running"
30244,"nio-stream-prod",1419359205241684,46250,"S"
30244,"nio-stream-prod",1419359205287934,15261,"R"
30244,"nio-stream-prod",1419359205303195,37239,"Running"
30244,"nio-stream-prod",1419359205340434,46094,"S"
30244,"nio-stream-prod",1419359205386528,13906,"R"
30244,"nio-stream-prod",1419359205400434,667656,"Running"
30244,"nio-stream-prod",1419359206068090,32188,"R"
30244,"nio-stream-prod",1419359206100278,8625000,"Running"
30232,"nio-webserver-r",1419359214661059,23386,"R"
30232,"nio-webserver-r",1419359214684445,352656,"Running"
30244,"nio-stream-prod",1419359214725278,40781,"R+"
30244,"nio-stream-prod",1419359214766059,188906,"Running"
30244,"nio-stream-prod",1419359214954965,13594,"S"
30244,"nio-stream-prod",1419359214968559,121667,"R"
30232,"nio-webserver-r",1419359215037101,374114,"S"
30244,"nio-stream-prod",1419359215090226,8958,"Running"
30244,"nio-stream-prod",1419359215099184,27813,"R"
30244,"nio-stream-prod",1419359215126997,22760,"Running"
30244,"nio-stream-prod",1419359215149757,248333,"R"
30244,"nio-stream-prod",1419359215398090,68750,"Running"
30232,"nio-webserver-r",1419359215411215,107657,"R"
30244,"nio-stream-prod",1419359215466840,48969063,"S"
30232,"nio-webserver-r",1419359215518872,265000,"Running"
30232,"nio-webserver-r",1419359215783872,33912604,"S"
30232,"nio-webserver-r",1419359249696476,361094,"R"
30232,"nio-webserver-r",1419359250057570,276093,"Running"
30232,"nio-webserver-r",1419359250333663,18594,"R+"
30232,"nio-webserver-r",1419359250352257,15156,"Running"
30232,"nio-webserver-r",1419359250367413,58750,"R+"
30232,"nio-webserver-r",1419359250426163,62240,"Running"
30232,"nio-webserver-r",1419359250488403,10781,"R"
30232,"nio-webserver-r",1419359250499184,17969,"Running"
30232,"nio-webserver-r",1419359250517153,69219,"R"
30232,"nio-webserver-r",1419359250586372,512760,"Running"
30299,"NIO-Worker",1419359251057153,22604,"R"
30299,"NIO-Worker",1419359251079757,342396,"Running"
30232,"nio-webserver-r",1419359251099132,13445677,"S"
30299,"NIO-Worker",1419359251422153,7878125,"S"
30299,"NIO-Worker",1419359259300278,22917,"R"
30299,"NIO-Worker",1419359259323195,233489,"Running"
30299,"NIO-Worker",1419359259556684,71250,"S"
30299,"NIO-Worker",1419359259627934,15156,"R"
30299,"NIO-Worker",1419359259643090,50730,"Running"
30299,"NIO-Worker",1419359259693820,17968,"S"
30299,"NIO-Worker",1419359259711788,296719,"Running"
30299,"NIO-Worker",1419359260008507,187240,"S"
30299,"NIO-Worker",1419359260195747,17968,"R"
30299,"NIO-Worker",1419359260213715,50938,"Running"
30299,"NIO-Worker",1419359260264653,240781,"S"
30299,"NIO-Worker",1419359260505434,32813,"R"
30299,"NIO-Worker",1419359260538247,256406,"Running"
30299,"NIO-Worker",1419359260794653,274531,"S"
30299,"NIO-Worker",1419359261069184,22917,"R"
30299,"NIO-Worker",1419359261092101,19896,"Running"
30299,"NIO-Worker",1419359261111997,39791,"S"
30299,"NIO-Worker",1419359261151788,28021,"R"
30299,"NIO-Worker",1419359261179809,62969,"Running"
30299,"NIO-Worker",1419359261242778,70781,"S"
30299,"NIO-Worker",1419359261313559,40573,"R"
30299,"NIO-Worker",1419359261354132,1739740,"Running"
30299,"NIO-Worker",1419359263093872,43906,"R"
30299,"NIO-Worker",1419359263137778,1115937,"Running"
30299,"NIO-Worker",1419359264253715,34688,"S"
30299,"NIO-Worker",1419359264288403,48281,"R"
30299,"NIO-Worker",1419359264336684,253125,"Running"
30244,"nio-stream-prod",1419359264435903,36562,"R"
30244,"nio-stream-prod",1419359264472465,141094,"Running"
30232,"nio-webserver-r",1419359264544809,37136,"R"
30232,"nio-webserver-r",1419359264581945,265937,"Running"
30299,"NIO-Worker",1419359264589809,414883906,"S"
30244,"nio-stream-prod",1419359264613559,246406,"S"
30232,"nio-webserver-r",1419359264847882,42865,"R+"
30244,"nio-stream-prod",1419359264859965,60157,"R"
30232,"nio-webserver-r",1419359264890747,93593,"Running"
30244,"nio-stream-prod",1419359264920122,60000,"Running"
30244,"nio-stream-prod",1419359264980122,122187,"S"
30232,"nio-webserver-r",1419359264984340,14498386,"S"
30244,"nio-stream-prod",1419359265102309,48386,"R"
30244,"nio-stream-prod",1419359265150695,44739,"Running"
30244,"nio-stream-prod",1419359265195434,68073,"R+"
30244,"nio-stream-prod",1419359265263507,216615,"Running"
30244,"nio-stream-prod",1419359265480122,24062,"R"
30244,"nio-stream-prod",1419359265504184,434688,"Running"
30244,"nio-stream-prod",1419359265938872,56718,"R"
30244,"nio-stream-prod",1419359265995590,2916198,"Running"
30244,"nio-stream-prod",1419359268911788,59740,"R"
30244,"nio-stream-prod",1419359268971528,4476667,"Running"
30244,"nio-stream-prod",1419359273448195,17552,"R"
30244,"nio-stream-prod",1419359273465747,693229,"Running"
30244,"nio-stream-prod",1419359274158976,62239,"R"
30244,"nio-stream-prod",1419359274221215,5546198,"Running"
30232,"nio-webserver-r",1419359279482726,18333,"R"
30232,"nio-webserver-r",1419359279501059,307500,"Running"
30244,"nio-stream-prod",1419359279767413,20625,"S"
30244,"nio-stream-prod",1419359279788038,72865,"R"
30232,"nio-webserver-r",1419359279808559,101250,"S"
30244,"nio-stream-prod",1419359279860903,107604,"Running"
30232,"nio-webserver-r",1419359279909809,58698,"R"
30232,"nio-webserver-r",1419359279968507,240990,"Running"
30244,"nio-stream-prod",1419359279968507,27703958,"S"
30232,"nio-webserver-r",1419359280209497,20543073,"S"
30232,"nio-webserver-r",1419359300752570,45989,"R"
30232,"nio-webserver-r",1419359300798559,94636,"Running"
30232,"nio-webserver-r",1419359300893195,17500,"R"
30232,"nio-webserver-r",1419359300910695,237864,"Running"
30232,"nio-webserver-r",1419359301148559,43125,"S"
30232,"nio-webserver-r",1419359301191684,37656,"R"
30232,"nio-webserver-r",1419359301229340,5313,"Running"
30232,"nio-webserver-r",1419359301234653,17187,"S"
30232,"nio-webserver-r",1419359301251840,10938,"R"
30232,"nio-webserver-r",1419359301262778,175625,"Running"
30232,"nio-webserver-r",1419359301438403,357656,"S"
30232,"nio-webserver-r",1419359301796059,104375,"R"
30232,"nio-webserver-r",1419359301900434,408125,"Running"
30300,"NIO-Worker",1419359302264809,17188,"R"
30300,"NIO-Worker",1419359302281997,286562,"Running"
30232,"nio-webserver-r",1419359302308559,5579531,"S"
30300,"NIO-Worker",1419359302568559,34531,"S"
30300,"NIO-Worker",1419359302603090,12605,"R"
30300,"NIO-Worker",1419359302615695,170468,"Running"
30300,"NIO-Worker",1419359302786163,20052,"S"
30300,"NIO-Worker",1419359302806215,130573,"Running"
30300,"NIO-Worker",1419359302936788,4375,"S"
30300,"NIO-Worker",1419359302941163,30521,"R"
30300,"NIO-Worker",1419359302971684,199323,"Running"
30300,"NIO-Worker",1419359303171007,162500,"S"
30300,"NIO-Worker",1419359303333507,46406,"R"
30300,"NIO-Worker",1419359303379913,32084,"Running"
30300,"NIO-Worker",1419359303411997,58698,"R+"
30300,"NIO-Worker",1419359303470695,15833,"Running"
30300,"NIO-Worker",1419359303486528,148750,"S"
30300,"NIO-Worker",1419359303635278,44375,"R"
30300,"NIO-Worker",1419359303679653,237031,"Running"
30300,"NIO-Worker",1419359303916684,230469,"S"
30300,"NIO-Worker",1419359304147153,27760,"R"
30300,"NIO-Worker",1419359304174913,18177,"Running"
30300,"NIO-Worker",1419359304193090,47032,"S"
30300,"NIO-Worker",1419359304240122,57135,"R"
30300,"NIO-Worker",1419359304297257,49219,"Running"
30300,"NIO-Worker",1419359304346476,79739,"R+"
30300,"NIO-Worker",1419359304426215,2456875,"Running"
30300,"NIO-Worker",1419359306883090,121094,"R"
30300,"NIO-Worker",1419359307004184,516563,"Running"
30300,"NIO-Worker",1419359307520747,34479,"S"
30300,"NIO-Worker",1419359307555226,24062,"R"
30300,"NIO-Worker",1419359307579288,360365,"Running"
30244,"nio-stream-prod",1419359307672465,267188,"R"
30232,"nio-webserver-r",1419359307888090,58125,"R"
30244,"nio-stream-prod",1419359307939653,104844,"Running"
30300,"NIO-Worker",1419359307939653,426672135,"S"
30232,"nio-webserver-r",1419359307946215,285886,"Running"
30244,"nio-stream-prod",1419359308044497,38125,"R+"
30244,"nio-stream-prod",1419359308082622,7187,"Running"
30244,"nio-stream-prod",1419359308089809,231719,"S"
30232,"nio-webserver-r",1419359308232101,13434062,"S"
30244,"nio-stream-prod",1419359308321528,25417,"R"
30244,"nio-stream-prod",1419359308346945,16093,"Running"
30244,"nio-stream-prod",1419359308363038,66146,"S"
30244,"nio-stream-prod",1419359308429184,25313,"R"
30244,"nio-stream-prod",1419359308454497,46354,"Running"
30244,"nio-stream-prod",1419359308500851,71771,"R+"
30244,"nio-stream-prod",1419359308572622,302500,"Running"
30244,"nio-stream-prod",1419359308875122,8229,"R"
30244,"nio-stream-prod",1419359308883351,4018333,"Running"
30244,"nio-stream-prod",1419359312901684,150156,"R"
30244,"nio-stream-prod",1419359313051840,30000,"Running"
30244,"nio-stream-prod",1419359313081840,218750,"R"
30244,"nio-stream-prod",1419359313300590,170625,"Running"
30244,"nio-stream-prod",1419359313471215,32136,"R"
30244,"nio-stream-prod",1419359313503351,2426927,"Running"
30244,"nio-stream-prod",1419359315930278,24010,"R"
30244,"nio-stream-prod",1419359315954288,20209,"Running"
30244,"nio-stream-prod",1419359315974497,5312,"R"
30244,"nio-stream-prod",1419359315979809,92188,"Running"
30244,"nio-stream-prod",1419359316071997,38906,"R"
30244,"nio-stream-prod",1419359316110903,2381823,"Running"
30244,"nio-stream-prod",1419359318492726,62239,"R"
30244,"nio-stream-prod",1419359318554965,3166667,"Running"
30232,"nio-webserver-r",1419359321666163,15157,"R"
30232,"nio-webserver-r",1419359321681320,412812,"Running"
30244,"nio-stream-prod",1419359321721632,56146,"R+"
30244,"nio-stream-prod",1419359321777778,198281,"Running"
30244,"nio-stream-prod",1419359321976059,48010573,"S"
30232,"nio-webserver-r",1419359322094132,31501094,"S"
30232,"nio-webserver-r",1419359353595226,12552,"R"
30232,"nio-webserver-r",1419359353607778,156354,"Running"
30232,"nio-webserver-r",1419359353764132,191250,"S"
30232,"nio-webserver-r",1419359353955382,48906,"R"
30232,"nio-webserver-r",1419359354004288,190365,"Running"
30232,"nio-webserver-r",1419359354194653,315885,"S"
30232,"nio-webserver-r",1419359354510538,82188,"R"
30232,"nio-webserver-r",1419359354592726,529896,"Running"
30234,"NIO-Worker",1419359355073507,16927,"R"
30234,"NIO-Worker",1419359355090434,363594,"Running"
30232,"nio-webserver-r",1419359355122622,14972448,"S"
30234,"NIO-Worker",1419359355454028,8981198,"S"
30234,"NIO-Worker",1419359364435226,15052,"R"
30234,"NIO-Worker",1419359364450278,263437,"Running"
30234,"NIO-Worker",1419359364713715,13073,"S"
30234,"NIO-Worker",1419359364726788,20365,"R"
30234,"NIO-Worker",1419359364747153,30469,"Running"
30234,"NIO-Worker",1419359364777622,16406,"S"
30234,"NIO-Worker",1419359364794028,69635,"Running"
30234,"NIO-Worker",1419359364863663,29740,"S"
30234,"NIO-Worker",1419359364893403,211094,"Running"
30234,"NIO-Worker",1419359365104497,288750,"R"
30234,"NIO-Worker",1419359365393247,126979,"Running"
30234,"NIO-Worker",1419359365520226,160677,"S"
30234,"NIO-Worker",1419359365680903,15156,"R"
30234,"NIO-Worker",1419359365696059,43125,"Running"
30234,"NIO-Worker",1419359365739184,303542,"R+"
30234,"NIO-Worker",1419359366042726,30312,"Running"
30234,"NIO-Worker",1419359366073038,124219,"S"
30234,"NIO-Worker",1419359366197257,19688,"R"
30234,"NIO-Worker",1419359366216945,246770,"Running"
30234,"NIO-Worker",1419359366463715,300625,"S"
30234,"NIO-Worker",1419359366764340,19063,"R"
30234,"NIO-Worker",1419359366783403,23385,"Running"
30234,"NIO-Worker",1419359366806788,93334,"R+"
30234,"NIO-Worker",1419359366900122,48281,"Running"
30234,"NIO-Worker",1419359366948403,26875,"R+"
30234,"NIO-Worker",1419359366975278,5156,"Running"
30234,"NIO-Worker",1419359366980434,18229,"S"
30234,"NIO-Worker",1419359366998663,35834,"R"
30234,"NIO-Worker",1419359367034497,2796406,"Running"
30234,"NIO-Worker",1419359369830903,57656,"R+"
30234,"NIO-Worker",1419359369888559,279063,"Running"
30244,"nio-stream-prod",1419359369986632,28333,"R"
30244,"nio-stream-prod",1419359370014965,143594,"Running"
30232,"nio-webserver-r",1419359370095070,17239,"R"
30232,"nio-webserver-r",1419359370112309,349323,"Running"
30244,"nio-stream-prod",1419359370158559,33229,"R+"
30234,"NIO-Worker",1419359370167622,414745104,"S"
30244,"nio-stream-prod",1419359370191788,34740,"Running"
30244,"nio-stream-prod",1419359370226528,438594,"S"
30232,"nio-webserver-r",1419359370461632,75156,"R+"
30232,"nio-webserver-r",1419359370536788,62084,"Running"
30232,"nio-webserver-r",1419359370598872,17641250,"S"
30244,"nio-stream-prod",1419359370665122,37656,"R"
30244,"nio-stream-prod",1419359370702778,30781,"Running"
30244,"nio-stream-prod",1419359370733559,35104,"R+"
30244,"nio-stream-prod",1419359370768663,82813,"Running"
30244,"nio-stream-prod",1419359370851476,104062,"S"
30244,"nio-stream-prod",1419359370955538,13021,"R"
30244,"nio-stream-prod",1419359370968559,10662969,"Running"
30244,"nio-stream-prod",1419359381631528,19375,"R"
30244,"nio-stream-prod",1419359381650903,168385,"Running"
30244,"nio-stream-prod",1419359381819288,20677,"R"
30244,"nio-stream-prod",1419359381839965,6493698,"Running"
30232,"nio-webserver-r",1419359388240122,20937,"R"
30232,"nio-webserver-r",1419359388261059,296094,"Running"
30244,"nio-stream-prod",1419359388333663,46302,"R+"
30244,"nio-stream-prod",1419359388379965,251511,"Running"
30232,"nio-webserver-r",1419359388557153,18073,"R+"
30232,"nio-webserver-r",1419359388575226,220312,"Running"
30244,"nio-stream-prod",1419359388631476,57708,"S"
30244,"nio-stream-prod",1419359388689184,107292,"R"
30232,"nio-webserver-r",1419359388795538,70209,"S"
30244,"nio-stream-prod",1419359388796476,125989,"Running"
30232,"nio-webserver-r",1419359388865747,56718,"R"
30232,"nio-webserver-r",1419359388922465,45105,"Running"
30244,"nio-stream-prod",1419359388922465,35935157,"S"
30232,"nio-webserver-r",1419359388967570,54114,"R+"
30232,"nio-webserver-r",1419359389021684,255729,"Running"
30232,"nio-webserver-r",1419359389277413,14577500,"S"
30232,"nio-webserver-r",1419359403854913,33907,"R"
30232,"nio-webserver-r",1419359403888820,107239,"Running"
30232,"nio-webserver-r",1419359403996059,171250,"S"
30232,"nio-webserver-r",1419359404167309,75156,"R"
30232,"nio-webserver-r",1419359404242465,186980,"Running"
30232,"nio-webserver-r",1419359404429445,808802,"S"
30232,"nio-webserver-r",1419359405238247,61666,"R"
30232,"nio-webserver-r",1419359405299913,412396,"Running"
30285,"NIO-Worker",1419359405639913,73334,"R"
30232,"nio-webserver-r",1419359405712309,19387188,"S"
30285,"NIO-Worker",1419359405713247,365729,"Running"
30285,"NIO-Worker",1419359406078976,13057083,"S"
30285,"NIO-Worker",1419359419136059,19167,"R"
30285,"NIO-Worker",1419359419155226,588594,"Running"
30285,"NIO-Worker",1419359419743820,32239,"R+"
30285,"NIO-Worker",1419359419776059,7917,"Running"
30285,"NIO-Worker",1419359419783976,147708,"S"
30285,"NIO-Worker",1419359419931684,27500,"R"
30285,"NIO-Worker",1419359419959184,39531,"Running"
30285,"NIO-Worker",1419359419998715,294688,"S"
30285,"NIO-Worker",1419359420293403,22292,"R"
30285,"NIO-Worker",1419359420315695,273958,"Running"
30285,"NIO-Worker",1419359420589653,73854,"R+"
30285,"NIO-Worker",1419359420663507,5625,"Running"
30285,"NIO-Worker",1419359420669132,221771,"S"
30285,"NIO-Worker",1419359420890903,24219,"R"
30285,"NIO-Worker",1419359420915122,24791,"Running"
30285,"NIO-Worker",1419359420939913,50209,"S"
30285,"NIO-Worker",1419359420990122,20885,"R"
30285,"NIO-Worker",1419359421011007,64896,"Running"
30285,"NIO-Worker",1419359421075903,68906,"S"
30285,"NIO-Worker",1419359421144809,233073,"R"
30285,"NIO-Worker",1419359421377882,2181458,"Running"
30285,"NIO-Worker",1419359423559340,28698,"R"
30285,"NIO-Worker",1419359423588038,660209,"Running"
30285,"NIO-Worker",1419359424248247,169687,"R"
30285,"NIO-Worker",1419359424417934,236719,"Running"
30285,"NIO-Worker",1419359424654653,38229,"S"
30285,"NIO-Worker",1419359424692882,14219,"R"
30285,"NIO-Worker",1419359424707101,241146,"Running"
30244,"nio-stream-prod",1419359424857622,30885,"R"
30244,"nio-stream-prod",1419359424888507,132083,"Running"
30285,"NIO-Worker",1419359424948247,76198,"R"
30244,"nio-stream-prod",1419359425020590,233073,"S"
30285,"NIO-Worker",1419359425024445,120677,"Running"
30232,"nio-webserver-r",1419359425099497,34843,"R"
30232,"nio-webserver-r",1419359425134340,252032,"Running"
30285,"NIO-Worker",1419359425145122,412581041,"S"
30244,"nio-stream-prod",1419359425253663,43125,"R"
30244,"nio-stream-prod",1419359425296788,35157,"Running"
30244,"nio-stream-prod",1419359425331945,42552,"S"
30244,"nio-stream-prod",1419359425374497,94531,"R"
30232,"nio-webserver-r",1419359425386372,171406,"R+"
30244,"nio-stream-prod",1419359425469028,43750,"Running"
30244,"nio-stream-prod",1419359425512778,74635,"S"
30232,"nio-webserver-r",1419359425557778,53906,"Running"
30244,"nio-stream-prod",1419359425587413,53594,"R"
30232,"nio-webserver-r",1419359425611684,33560000,"S"
30244,"nio-stream-prod",1419359425641007,626094,"Running"
30244,"nio-stream-prod",1419359426267101,34062,"R"
30244,"nio-stream-prod",1419359426301163,185834,"Running"
30244,"nio-stream-prod",1419359426486997,46823,"R"
30244,"nio-stream-prod",1419359426533820,9169218,"Running"
30244,"nio-stream-prod",1419359435703038,606875,"S"
30244,"nio-stream-prod",1419359436309913,46302,"R"
30244,"nio-stream-prod",1419359436356215,4237032,"Running"
30244,"nio-stream-prod",1419359440593247,2919791,"S"
30244,"nio-stream-prod",1419359443513038,145052,"R"
30244,"nio-stream-prod",1419359443658090,3391875,"Running"
30244,"nio-stream-prod",1419359447049965,10938,"R"
30244,"nio-stream-prod",1419359447060903,1360156,"Running"
30244,"nio-stream-prod",1419359448421059,103438,"R"
30244,"nio-stream-prod",1419359448524497,350156,"Running"
30244,"nio-stream-prod",1419359448874653,27292,"R"
30244,"nio-stream-prod",1419359448901945,764895,"Running"
30244,"nio-stream-prod",1419359449666840,92500,"R"
30244,"nio-stream-prod",1419359449759340,5202032,"Running"
30244,"nio-stream-prod",1419359454961372,117291,"R"
30244,"nio-stream-prod",1419359455078663,1472865,"Running"
30244,"nio-stream-prod",1419359456551528,79323,"R+"
30244,"nio-stream-prod",1419359456630851,34583,"Running"
30244,"nio-stream-prod",1419359456665434,69375,"R"
30244,"nio-stream-prod",1419359456734809,46094,"Running"
30244,"nio-stream-prod",1419359456780903,63594,"R"
30244,"nio-stream-prod",1419359456844497,77812,"Running"
30244,"nio-stream-prod",1419359456922309,66875,"R"
30244,"nio-stream-prod",1419359456989184,2262969,"Running"
30232,"nio-webserver-r",1419359459171684,58542,"R"
30232,"nio-webserver-r",1419359459230226,359531,"Running"
30244,"nio-stream-prod",1419359459252153,92969,"S"
30244,"nio-stream-prod",1419359459345122,17187,"R"
30244,"nio-stream-prod",1419359459362309,263438,"Running"
30232,"nio-webserver-r",1419359459589757,149896,"R+"
30244,"nio-stream-prod",1419359459625747,196875,"S"
30232,"nio-webserver-r",1419359459739653,167187,"Running"
30244,"nio-stream-prod",1419359459822622,47343,"R"
30244,"nio-stream-prod",1419359459869965,121719,"Running"
30232,"nio-webserver-r",1419359459906840,8750,"S"
30232,"nio-webserver-r",1419359459915590,71042,"R"
30232,"nio-webserver-r",1419359459986632,420521,"Running"
30244,"nio-stream-prod",1419359459991684,16682292,"S"
30232,"nio-webserver-r",1419359460407153,4472292,"S"
30232,"nio-webserver-r",1419359464879445,436458,"R"
30232,"nio-webserver-r",1419359465315903,49792,"Running"
30232,"nio-webserver-r",1419359465365695,262864,"R"
30232,"nio-webserver-r",1419359465628559,48594,"Running"
30232,"nio-webserver-r",1419359465677153,17187,"R+"
30232,"nio-webserver-r",1419359465694340,63594,"Running"
30232,"nio-webserver-r",1419359465757934,51198,"R+"
30232,"nio-webserver-r",1419359465809132,101250,"Running"
30232,"nio-webserver-r",1419359465910382,46771,"S"
30232,"nio-webserver-r",1419359465957153,37812,"R"
30232,"nio-webserver-r",1419359465994965,17032,"Running"
30232,"nio-webserver-r",1419359466011997,7812,"S"
30232,"nio-webserver-r",1419359466019809,26042,"R"
30232,"nio-webserver-r",1419359466045851,154271,"Running"
30232,"nio-webserver-r",1419359466200122,528125,"S"
30232,"nio-webserver-r",1419359466728247,104323,"R"
30232,"nio-webserver-r",1419359466832570,482968,"Running"
30290,"NIO-Worker",1419359467263403,77292,"R"
30232,"nio-webserver-r",1419359467315538,9455157,"S"
30290,"NIO-Worker",1419359467340695,457395,"Running"
30290,"NIO-Worker",1419359467798090,3568386,"S"
30290,"NIO-Worker",1419359471366476,22812,"R"
30290,"NIO-Worker",1419359471389288,221615,"Running"
30290,"NIO-Worker",1419359471610903,20937,"S"
30290,"NIO-Worker",1419359471631840,16667,"R"
30290,"NIO-Worker",1419359471648507,69427,"Running"
30290,"NIO-Worker",1419359471717934,15469,"S"
30290,"NIO-Worker",1419359471733403,379687,"Running"
30290,"NIO-Worker",1419359472113090,141042,"S"
30290,"NIO-Worker",1419359472254132,22552,"R"
30290,"NIO-Worker",1419359472276684,65469,"Running"
30290,"NIO-Worker",1419359472342153,10625,"R+"
30290,"NIO-Worker",1419359472352778,12500,"Running"
30290,"NIO-Worker",1419359472365278,237292,"S"
30290,"NIO-Worker",1419359472602570,28645,"R"
30290,"NIO-Worker",1419359472631215,274948,"Running"
30290,"NIO-Worker",1419359472906163,33177,"R+"
30290,"NIO-Worker",1419359472939340,10573,"Running"
30290,"NIO-Worker",1419359472949913,306719,"S"
30290,"NIO-Worker",1419359473256632,13646,"R"
30290,"NIO-Worker",1419359473270278,42656,"Running"
30290,"NIO-Worker",1419359473312934,89167,"S"
30290,"NIO-Worker",1419359473402101,49583,"R"
30290,"NIO-Worker",1419359473451684,52136,"Running"
30290,"NIO-Worker",1419359473503820,48333,"S"
30290,"NIO-Worker",1419359473552153,33594,"R"
30290,"NIO-Worker",1419359473585747,308229,"Running"
30290,"NIO-Worker",1419359473893976,31771,"R"
30290,"NIO-Worker",1419359473925747,460104,"Running"
30290,"NIO-Worker",1419359474385851,84583,"R+"
30290,"NIO-Worker",1419359474470434,2041250,"Running"
30290,"NIO-Worker",1419359476511684,34792,"S"
30290,"NIO-Worker",1419359476546476,27396,"R"
30290,"NIO-Worker",1419359476573872,235625,"Running"
30244,"nio-stream-prod",1419359476673976,34219,"R"
30244,"nio-stream-prod",1419359476708195,191406,"Running"
30232,"nio-webserver-r",1419359476770695,29427,"R"
30232,"nio-webserver-r",1419359476800122,273385,"Running"
30290,"NIO-Worker",1419359476809497,414949374,"S"
30244,"nio-stream-prod",1419359476899601,29271,"R+"
30244,"nio-stream-prod",1419359476928872,6250,"Running"
30244,"nio-stream-prod",1419359476935122,223906,"S"
30232,"nio-webserver-r",1419359477073507,36094,"R+"
30232,"nio-webserver-r",1419359477109601,51146,"Running"
30244,"nio-stream-prod",1419359477159028,22031,"R"
30232,"nio-webserver-r",1419359477160747,39418229,"S"
30244,"nio-stream-prod",1419359477181059,34219,"Running"
30244,"nio-stream-prod",1419359477215278,94375,"R+"
30244,"nio-stream-prod",1419359477309653,41198,"Running"
30244,"nio-stream-prod",1419359477350851,79427,"S"
30244,"nio-stream-prod",1419359477430278,28125,"R"
30244,"nio-stream-prod",1419359477458403,3424687,"Running"
30244,"nio-stream-prod",1419359480883090,15886,"R"
30244,"nio-stream-prod",1419359480898976,35781,"Running"
30244,"nio-stream-prod",1419359480934757,20208,"R"
30244,"nio-stream-prod",1419359480954965,1065782,"Running"
30244,"nio-stream-prod",1419359482020747,191250,"R"
30244,"nio-stream-prod",1419359482211997,17656,"Running"
30244,"nio-stream-prod",1419359482229653,20260,"R"
30244,"nio-stream-prod",1419359482249913,1298177,"Running"
30244,"nio-stream-prod",1419359483548090,284219,"R"
30244,"nio-stream-prod",1419359483832309,718386,"Running"
30244,"nio-stream-prod",1419359484550695,40781,"R"
30244,"nio-stream-prod",1419359484591476,5284896,"Running"
30244,"nio-stream-prod",1419359489876372,11562,"R"
30244,"nio-stream-prod",1419359489887934,216198,"Running"
30244,"nio-stream-prod",1419359490104132,40208,"R"
30244,"nio-stream-prod",1419359490144340,183542,"Running"
30244,"nio-stream-prod",1419359490327882,13646,"R"
30244,"nio-stream-prod",1419359490341528,350417,"Running"
30244,"nio-stream-prod",1419359490691945,10520,"R"
30244,"nio-stream-prod",1419359490702465,126563,"Running"
30244,"nio-stream-prod",1419359490829028,214219,"R"
30244,"nio-stream-prod",1419359491043247,5862343,"Running"
30244,"nio-stream-prod",1419359496905590,41407,"R"
30244,"nio-stream-prod",1419359496946997,1600781,"Running"
30244,"nio-stream-prod",1419359498547778,62969,"R"
30244,"nio-stream-prod",1419359498610747,24948,"Running"
30244,"nio-stream-prod",1419359498635695,97708,"R"
30244,"nio-stream-prod",1419359498733403,570312,"Running"
30244,"nio-stream-prod",1419359499303715,19375,"R"
30244,"nio-stream-prod",1419359499323090,125730,"Running"
30244,"nio-stream-prod",1419359499448820,188125,"R"
30244,"nio-stream-prod",1419359499636945,7055052,"Running"
30244,"nio-stream-prod",1419359506691997,789062,"R"
30244,"nio-stream-prod",1419359507481059,9171563,"Running"
30232,"nio-webserver-r",1419359516578976,34844,"R"
30232,"nio-webserver-r",1419359516613820,310052,"Running"
30244,"nio-stream-prod",1419359516652622,89375,"R+"
30244,"nio-stream-prod",1419359516741997,403125,"Running"
30232,"nio-webserver-r",1419359516923872,121666,"R+"
30232,"nio-webserver-r",1419359517045538,158490,"Running"
30244,"nio-stream-prod",1419359517145122,11823,"S"
30244,"nio-stream-prod",1419359517156945,44270,"R"
30244,"nio-stream-prod",1419359517201215,87813,"Running"
30232,"nio-webserver-r",1419359517204028,16094,"S"
30232,"nio-webserver-r",1419359517220122,61666,"R"
30232,"nio-webserver-r",1419359517281788,254271,"Running"
30244,"nio-stream-prod",1419359517289028,30692500,"S"
30232,"nio-webserver-r",1419359517536059,5634375,"S"
30232,"nio-webserver-r",1419359523170434,25729,"R"
30232,"nio-webserver-r",1419359523196163,365000,"Running"
30232,"nio-webserver-r",1419359523561163,68907,"R+"
30232,"nio-webserver-r",1419359523630070,16302,"Running"
30232,"nio-webserver-r",1419359523646372,14062,"R+"
30232,"nio-webserver-r",1419359523660434,22500,"Running"
30232,"nio-webserver-r",1419359523682934,7813,"R+"
30232,"nio-webserver-r",1419359523690747,136041,"Running"
30232,"nio-webserver-r",1419359523826788,21615,"R+"
30232,"nio-webserver-r",1419359523848403,17344,"Running"
30232,"nio-webserver-r",1419359523865747,75937,"R+"
30232,"nio-webserver-r",1419359523941684,41719,"Running"
30232,"nio-webserver-r",1419359523983403,19687,"R"
30232,"nio-webserver-r",1419359524003090,14792,"Running"
30232,"nio-webserver-r",1419359524017882,28333,"R"
30232,"nio-webserver-r",1419359524046215,47500,"Running"
30232,"nio-webserver-r",1419359524093715,42969,"R"
30232,"nio-webserver-r",1419359524136684,99688,"Running"
30232,"nio-webserver-r",1419359524236372,475000,"S"
30232,"nio-webserver-r",1419359524711372,52968,"R"
30232,"nio-webserver-r",1419359524764340,120573,"Running"
30232,"nio-webserver-r",1419359524884913,8282,"R"
30232,"nio-webserver-r",1419359524893195,316406,"Running"
30293,"NIO-Worker",1419359525174340,17969,"R"
30293,"NIO-Worker",1419359525192309,363906,"Running"
30232,"nio-webserver-r",1419359525209601,22880469,"S"
30293,"NIO-Worker",1419359525556215,17147657,"S"
30293,"NIO-Worker",1419359542703872,15781,"R"
30293,"NIO-Worker",1419359542719653,254062,"Running"
30293,"NIO-Worker",1419359542973715,76407,"S"
30293,"NIO-Worker",1419359543050122,17135,"R"
30293,"NIO-Worker",1419359543067257,359688,"Running"
30293,"NIO-Worker",1419359543426945,10520,"R+"
30293,"NIO-Worker",1419359543437465,5938,"Running"
30293,"NIO-Worker",1419359543443403,158854,"S"
30293,"NIO-Worker",1419359543602257,30156,"R"
30293,"NIO-Worker",1419359543632413,39844,"Running"
30293,"NIO-Worker",1419359543672257,264271,"S"
30293,"NIO-Worker",1419359543936528,17969,"R"
30293,"NIO-Worker",1419359543954497,224323,"Running"
30293,"NIO-Worker",1419359544178820,322552,"S"
30293,"NIO-Worker",1419359544501372,15625,"R"
30293,"NIO-Worker",1419359544516997,43125,"Running"
30293,"NIO-Worker",1419359544560122,44531,"S"
30293,"NIO-Worker",1419359544604653,37031,"R"
30293,"NIO-Worker",1419359544641684,49063,"Running"
30293,"NIO-Worker",1419359544690747,39479,"S"
30293,"NIO-Worker",1419359544730226,15208,"R"
30293,"NIO-Worker",1419359544745434,252656,"Running"
30293,"NIO-Worker",1419359544998090,18750,"R"
30293,"NIO-Worker",1419359545016840,2767032,"Running"
30293,"NIO-Worker",1419359547783872,44323,"S"
30293,"NIO-Worker",1419359547828195,47239,"R"
30293,"NIO-Worker",1419359547875434,258698,"Running"
30244,"nio-stream-prod",1419359547981528,32344,"R"
30244,"nio-stream-prod",1419359548013872,88125,"Running"
30232,"nio-webserver-r",1419359548090070,19427,"R"
30244,"nio-stream-prod",1419359548101997,38750,"R"
30232,"nio-webserver-r",1419359548109497,255625,"Running"
30293,"NIO-Worker",1419359548134132,395451614,"S"
30244,"nio-stream-prod",1419359548140747,52968,"Running"
30244,"nio-stream-prod",1419359548193715,512605,"S"
30232,"nio-webserver-r",1419359548365122,6562,"R+"
30232,"nio-webserver-r",1419359548371684,48750,"Running"
30232,"nio-webserver-r",1419359548420434,12747031,"S"
30244,"nio-stream-prod",1419359548706320,43177,"R"
30244,"nio-stream-prod",1419359548749497,27656,"Running"
30244,"nio-stream-prod",1419359548777153,35625,"R+"
30244,"nio-stream-prod",1419359548812778,51823,"Running"
30244,"nio-stream-prod",1419359548864601,49583,"S"
30244,"nio-stream-prod",1419359548914184,72813,"R"
30244,"nio-stream-prod",1419359548986997,12500,"Running"
30244,"nio-stream-prod",1419359548999497,32812,"R+"
30244,"nio-stream-prod",1419359549032309,60781,"Running"
30244,"nio-stream-prod",1419359549093090,49844,"S"
30244,"nio-stream-prod",1419359549142934,12656,"R"
30244,"nio-stream-prod",1419359549155590,12070313,"Running"
30232,"nio-webserver-r",1419359561167465,15625,"R"
30232,"nio-webserver-r",1419359561183090,435157,"Running"
30244,"nio-stream-prod",1419359561225903,30156,"R+"
30244,"nio-stream-prod",1419359561256059,202292,"Running"
30244,"nio-stream-prod",1419359561458351,60833,"S"
30244,"nio-stream-prod",1419359561519184,67656,"R"
30244,"nio-stream-prod",1419359561586840,125469,"Running"
30232,"nio-webserver-r",1419359561618247,37656,"S"
30232,"nio-webserver-r",1419359561655903,24062,"R"
30232,"nio-webserver-r",1419359561679965,249688,"Running"
30244,"nio-stream-prod",1419359561712309,24480781,"S"
30232,"nio-webserver-r",1419359561929653,12200937,"S"
30232,"nio-webserver-r",1419359574130590,29219,"R"
30232,"nio-webserver-r",1419359574159809,96719,"Running"
30232,"nio-webserver-r",1419359574256528,38385,"R+"
30232,"nio-webserver-r",1419359574294913,23594,"Running"
30232,"nio-webserver-r",1419359574318507,139271,"S"
30232,"nio-webserver-r",1419359574457778,84375,"R"
30232,"nio-webserver-r",1419359574542153,19375,"Running"
30232,"nio-webserver-r",1419359574561528,8073,"R+"
30232,"nio-webserver-r",1419359574569601,177083,"Running"
30232,"nio-webserver-r",1419359574746684,345781,"S"
30232,"nio-webserver-r",1419359575092465,44219,"R"
30232,"nio-webserver-r",1419359575136684,364688,"Running"
30295,"NIO-Worker",1419359575453090,28125,"R"
30295,"NIO-Worker",1419359575481215,425157,"Running"
30232,"nio-webserver-r",1419359575501372,10788281,"S"
30295,"NIO-Worker",1419359575906372,4801041,"S"
30295,"NIO-Worker",1419359580707413,16406,"R"
30295,"NIO-Worker",1419359580723819,568490,"Running"
30295,"NIO-Worker",1419359581292309,126875,"S"
30295,"NIO-Worker",1419359581419184,38750,"R"
30295,"NIO-Worker",1419359581457934,27292,"Running"
30295,"NIO-Worker",1419359581485226,397239,"S"
30295,"NIO-Worker",1419359581882465,107344,"R"
30295,"NIO-Worker",1419359581989809,258125,"Running"
30295,"NIO-Worker",1419359582247934,489167,"S"
30295,"NIO-Worker",1419359582737101,73281,"R"
30295,"NIO-Worker",1419359582810382,41302,"Running"
30295,"NIO-Worker",1419359582851684,9010,"R+"
30295,"NIO-Worker",1419359582860694,4896,"Running"
30295,"NIO-Worker",1419359582865590,58125,"S"
30295,"NIO-Worker",1419359582923715,29375,"R"
30295,"NIO-Worker",1419359582953090,47188,"Running"
30295,"NIO-Worker",1419359583000278,50573,"S"
30295,"NIO-Worker",1419359583050851,15208,"R"
30295,"NIO-Worker",1419359583066059,907135,"Running"
30295,"NIO-Worker",1419359583973194,9271,"R"
30295,"NIO-Worker",1419359583982465,944948,"Running"
30295,"NIO-Worker",1419359584927413,38021,"R"
30295,"NIO-Worker",1419359584965434,152344,"Running"
30295,"NIO-Worker",1419359585117778,7187,"R"
30295,"NIO-Worker",1419359585124965,936094,"Running"
30295,"NIO-Worker",1419359586061059,43073,"R+"
30295,"NIO-Worker",1419359586104132,225312,"Running"
30244,"nio-stream-prod",1419359586193090,38125,"R"
30244,"nio-stream-prod",1419359586231215,201823,"Running"
30232,"nio-webserver-r",1419359586289653,17969,"R"
30232,"nio-webserver-r",1419359586307622,269635,"Running"
30295,"NIO-Worker",1419359586329444,409623334,"S"
30244,"nio-stream-prod",1419359586433038,322396,"S"
30232,"nio-webserver-r",1419359586577257,7969687,"S"
30244,"nio-stream-prod",1419359586755434,65625,"R"
30244,"nio-stream-prod",1419359586821059,35156,"Running"
30244,"nio-stream-prod",1419359586856215,68438,"S"
30244,"nio-stream-prod",1419359586924653,38541,"R"
30244,"nio-stream-prod",1419359586963194,69428,"Running"
30244,"nio-stream-prod",1419359587032622,45416,"S"
30244,"nio-stream-prod",1419359587078038,19115,"R"
30244,"nio-stream-prod",1419359587097153,2888125,"Running"
30244,"nio-stream-prod",1419359589985278,34166,"R"
30244,"nio-stream-prod",1419359590019444,23803,"Running"
30244,"nio-stream-prod",1419359590043247,38593,"R"
30244,"nio-stream-prod",1419359590081840,10313,"Running"
30244,"nio-stream-prod",1419359590092153,115104,"R"
30244,"nio-stream-prod",1419359590207257,655156,"Running"
30244,"nio-stream-prod",1419359590862413,19584,"R"
30244,"nio-stream-prod",1419359590881997,151510,"Running"
30244,"nio-stream-prod",1419359591033507,63490,"R"
30244,"nio-stream-prod",1419359591096997,54843,"Running"
30244,"nio-stream-prod",1419359591151840,59532,"R"
30244,"nio-stream-prod",1419359591211372,1045260,"Running"
30244,"nio-stream-prod",1419359592256632,19271,"R"
30244,"nio-stream-prod",1419359592275903,29062,"Running"
30244,"nio-stream-prod",1419359592304965,6719,"R"
30244,"nio-stream-prod",1419359592311684,1014792,"Running"
30244,"nio-stream-prod",1419359593326476,5833,"R"
30244,"nio-stream-prod",1419359593332309,1274219,"Running"
30232,"nio-webserver-r",1419359594546944,15000,"R"
30232,"nio-webserver-r",1419359594561944,398907,"Running"
30244,"nio-stream-prod",1419359594606528,38594,"S"
30244,"nio-stream-prod",1419359594645122,14531,"R"
30244,"nio-stream-prod",1419359594659653,370156,"Running"
30232,"nio-webserver-r",1419359594960851,68958,"S"
30232,"nio-webserver-r",1419359595029809,242292,"Running"
30244,"nio-stream-prod",1419359595029809,49264375,"S"
30232,"nio-webserver-r",1419359595272101,31440937,"S"
30232,"nio-webserver-r",1419359626713038,145521,"R"
30232,"nio-webserver-r",1419359626858559,27031,"Running"
30232,"nio-webserver-r",1419359626885590,32188,"R"
30232,"nio-webserver-r",1419359626917778,176562,"Running"
30232,"nio-webserver-r",1419359627094340,17500,"S"
30232,"nio-webserver-r",1419359627111840,28750,"R"
30232,"nio-webserver-r",1419359627140590,10573,"Running"
30232,"nio-webserver-r",1419359627151163,22709,"S"
30232,"nio-webserver-r",1419359627173872,171093,"Running"
30232,"nio-webserver-r",1419359627344965,262344,"S"
30232,"nio-webserver-r",1419359627607309,54479,"R"
30232,"nio-webserver-r",1419359627661788,358177,"Running"
30296,"NIO-Worker",1419359627961944,34115,"R"
30296,"NIO-Worker",1419359627996059,327604,"Running"
30232,"nio-webserver-r",1419359628019965,16368750,"S"
30296,"NIO-Worker",1419359628323663,10906406,"S"
30296,"NIO-Worker",1419359639230069,14063,"R"
30296,"NIO-Worker",1419359639244132,579271,"Running"
30296,"NIO-Worker",1419359639823403,142969,"S"
30296,"NIO-Worker",1419359639966372,33281,"R"
30296,"NIO-Worker",1419359639999653,52187,"Running"
30296,"NIO-Worker",1419359640051840,115625,"R+"
30296,"NIO-Worker",1419359640167465,22032,"Running"
30296,"NIO-Worker",1419359640189497,229062,"S"
30296,"NIO-Worker",1419359640418559,14531,"R"
30296,"NIO-Worker",1419359640433090,239011,"Running"
30296,"NIO-Worker",1419359640672101,27239,"R+"
30296,"NIO-Worker",1419359640699340,9688,"Running"
30296,"NIO-Worker",1419359640709028,433750,"S"
30296,"NIO-Worker",1419359641142778,12500,"R"
30296,"NIO-Worker",1419359641155278,19010,"Running"
30296,"NIO-Worker",1419359641174288,17188,"R+"
30296,"NIO-Worker",1419359641191476,7187,"Running"
30296,"NIO-Worker",1419359641198663,45781,"S"
30296,"NIO-Worker",1419359641244444,11563,"R"
30296,"NIO-Worker",1419359641256007,58594,"Running"
30296,"NIO-Worker",1419359641314601,66093,"S"
30296,"NIO-Worker",1419359641380694,15209,"R"
30296,"NIO-Worker",1419359641395903,2757760,"Running"
30296,"NIO-Worker",1419359644153663,26459,"S"
30296,"NIO-Worker",1419359644180122,18385,"R"
30296,"NIO-Worker",1419359644198507,234583,"Running"
30244,"nio-stream-prod",1419359644294184,14531,"R"
30244,"nio-stream-prod",1419359644308715,98594,"Running"
30232,"nio-webserver-r",1419359644388715,13594,"R"
30232,"nio-webserver-r",1419359644402309,245000,"Running"
30244,"nio-stream-prod",1419359644407309,25781,"R+"
30244,"nio-stream-prod",1419359644433090,4844,"Running"
30296,"NIO-Worker",1419359644433090,403589844,"S"
30244,"nio-stream-prod",1419359644437934,251563,"S"
30232,"nio-webserver-r",1419359644647309,14869479,"S"
30244,"nio-stream-prod",1419359644689497,17031,"R"
30244,"nio-stream-prod",1419359644706528,20781,"Running"
30244,"nio-stream-prod",1419359644727309,57500,"S"
30244,"nio-stream-prod",1419359644784809,17500,"R"
30244,"nio-stream-prod",1419359644802309,91979,"Running"
30244,"nio-stream-prod",1419359644894288,74688,"S"
30244,"nio-stream-prod",1419359644968976,40521,"R"
30244,"nio-stream-prod",1419359645009497,4131979,"Running"
30244,"nio-stream-prod",1419359649141476,68021,"R"
30244,"nio-stream-prod",1419359649209497,2651510,"Running"
30244,"nio-stream-prod",1419359651861007,9115,"R"
30244,"nio-stream-prod",1419359651870122,112760,"Running"
30244,"nio-stream-prod",1419359651982882,49583,"R"
30244,"nio-stream-prod",1419359652032465,807188,"Running"
30244,"nio-stream-prod",1419359652839653,15312,"R"
30244,"nio-stream-prod",1419359652854965,4472344,"Running"
30244,"nio-stream-prod",1419359657327309,28229,"R"
30244,"nio-stream-prod",1419359657355538,263490,"Running"
30244,"nio-stream-prod",1419359657619028,53750,"R+"
30244,"nio-stream-prod",1419359657672778,1907656,"Running"
30232,"nio-webserver-r",1419359659516788,20677,"R"
30232,"nio-webserver-r",1419359659537465,210000,"Running"
30244,"nio-stream-prod",1419359659580434,54219,"R+"
30244,"nio-stream-prod",1419359659634653,300104,"Running"
30232,"nio-webserver-r",1419359659747465,74011,"R+"
30232,"nio-webserver-r",1419359659821476,224427,"Running"
30244,"nio-stream-prod",1419359659934757,31302,"S"
30244,"nio-stream-prod",1419359659966059,29219,"Running"
30244,"nio-stream-prod",1419359659995278,32135,"S"
30244,"nio-stream-prod",1419359660027413,105052,"Running"
30232,"nio-webserver-r",1419359660045903,8125,"S"
30232,"nio-webserver-r",1419359660054028,30781,"R"
30232,"nio-webserver-r",1419359660084809,283438,"Running"
30244,"nio-stream-prod",1419359660132465,24023438,"S"
30232,"nio-webserver-r",1419359660368247,17654375,"S"
30232,"nio-webserver-r",1419359678022622,67968,"R"
30232,"nio-webserver-r",1419359678090590,101250,"Running"
30232,"nio-webserver-r",1419359678191840,76875,"S"
30232,"nio-webserver-r",1419359678268715,33282,"R"
30232,"nio-webserver-r",1419359678301997,178697,"Running"
30232,"nio-webserver-r",1419359678480694,625313,"S"
30232,"nio-webserver-r",1419359679106007,59427,"R"
30232,"nio-webserver-r",1419359679165434,376719,"Running"
30299,"NIO-Worker",1419359679473715,24375,"R"
30299,"NIO-Worker",1419359679498090,313750,"Running"
30232,"nio-webserver-r",1419359679542153,4714844,"S"
30299,"NIO-Worker",1419359679811840,259063,"S"
30299,"NIO-Worker",1419359680070903,55937,"R"
30299,"NIO-Worker",1419359680126840,458438,"Running"
30299,"NIO-Worker",1419359680585278,111094,"S"
30299,"NIO-Worker",1419359680696372,17135,"R"
30299,"NIO-Worker",1419359680713507,29896,"Running"
30299,"NIO-Worker",1419359680743403,219687,"S"
30299,"NIO-Worker",1419359680963090,25938,"R"
30299,"NIO-Worker",1419359680989028,186979,"Running"
30299,"NIO-Worker",1419359681176007,262865,"S"
30299,"NIO-Worker",1419359681438872,36666,"R"
30299,"NIO-Worker",1419359681475538,49844,"Running"
30299,"NIO-Worker",1419359681525382,47500,"S"
30299,"NIO-Worker",1419359681572882,12083,"R"
30299,"NIO-Worker",1419359681584965,43907,"Running"
30299,"NIO-Worker",1419359681628872,87916,"R+"
30299,"NIO-Worker",1419359681716788,204584,"Running"
30299,"NIO-Worker",1419359681921372,17968,"R"
30299,"NIO-Worker",1419359681939340,143386,"Running"
30299,"NIO-Worker",1419359682082726,57552,"R"
30299,"NIO-Worker",1419359682140278,1817135,"Running"
30299,"NIO-Worker",1419359683957413,23959,"R+"
30299,"NIO-Worker",1419359683981372,29375,"Running"
30299,"NIO-Worker",1419359684010747,37812,"S"
30299,"NIO-Worker",1419359684048559,263594,"Running"
30244,"nio-stream-prod",1419359684155903,67448,"R"
30244,"nio-stream-prod",1419359684223351,118906,"Running"
30232,"nio-webserver-r",1419359684256997,55156,"R"
30232,"nio-webserver-r",1419359684312153,186094,"Running"
30299,"NIO-Worker",1419359684312153,418547187,"S"
30244,"nio-stream-prod",1419359684342257,121458,"R+"
30244,"nio-stream-prod",1419359684463715,16354,"Running"
30244,"nio-stream-prod",1419359684480069,199115,"S"
30232,"nio-webserver-r",1419359684498247,81406,"R+"
30232,"nio-webserver-r",1419359684579653,50000,"Running"
30232,"nio-webserver-r",1419359684629653,18298594,"S"
30244,"nio-stream-prod",1419359684679184,19167,"R"
30244,"nio-stream-prod",1419359684698351,63646,"Running"
30244,"nio-stream-prod",1419359684761997,40104,"R+"
30244,"nio-stream-prod",1419359684802101,51302,"Running"
30244,"nio-stream-prod",1419359684853403,44010,"R+"
30244,"nio-stream-prod",1419359684897413,18114896,"Running"
30232,"nio-webserver-r",1419359702928247,14218,"R"
30232,"nio-webserver-r",1419359702942465,277500,"Running"
30244,"nio-stream-prod",1419359703012309,45938,"R+"
30244,"nio-stream-prod",1419359703058247,242500,"Running"
30232,"nio-webserver-r",1419359703219965,20313,"S"
30232,"nio-webserver-r",1419359703240278,114687,"Running"
30244,"nio-stream-prod",1419359703300747,6822,"S"
30244,"nio-stream-prod",1419359703307569,51563,"R"
30232,"nio-webserver-r",1419359703354965,51198,"S"
30244,"nio-stream-prod",1419359703359132,67865,"Running"
30232,"nio-webserver-r",1419359703406163,23177,"R"
30244,"nio-stream-prod",1419359703426997,36093,"R+"
30232,"nio-webserver-r",1419359703429340,47292,"Running"
30244,"nio-stream-prod",1419359703463090,40625,"Running"
30232,"nio-webserver-r",1419359703476632,27083,"R"
30232,"nio-webserver-r",1419359703503715,274375,"Running"
30244,"nio-stream-prod",1419359703503715,42297448,"S"
30232,"nio-webserver-r",1419359703778090,29160313,"S"
30232,"nio-webserver-r",1419359732938403,68594,"R"
30232,"nio-webserver-r",1419359733006997,92812,"Running"
30232,"nio-webserver-r",1419359733099809,193594,"S"
30232,"nio-webserver-r",1419359733293403,27916,"R"
30232,"nio-webserver-r",1419359733321319,159584,"Running"
30232,"nio-webserver-r",1419359733480903,735781,"S"
30232,"nio-webserver-r",1419359734216684,65469,"R"
30232,"nio-webserver-r",1419359734282153,364010,"Running"
30300,"NIO-Worker",1419359734611788,15000,"R"
30300,"NIO-Worker",1419359734626788,434271,"Running"
30232,"nio-webserver-r",1419359734646163,11253177,"S"
30300,"NIO-Worker",1419359735061059,5663594,"S"
30300,"NIO-Worker",1419359740724653,203906,"R"
30300,"NIO-Worker",1419359740928559,621354,"Running"
30300,"NIO-Worker",1419359741549913,156563,"S"
30300,"NIO-Worker",1419359741706476,57083,"R"
30300,"NIO-Worker",1419359741763559,34844,"Running"
30300,"NIO-Worker",1419359741798403,193281,"S"
30300,"NIO-Worker",1419359741991684,27448,"R"
30300,"NIO-Worker",1419359742019132,240833,"Running"
30300,"NIO-Worker",1419359742259965,324844,"S"
30300,"NIO-Worker",1419359742584809,17500,"R"
30300,"NIO-Worker",1419359742602309,58906,"Running"
30300,"NIO-Worker",1419359742661215,60782,"S"
30300,"NIO-Worker",1419359742721997,41250,"R"
30300,"NIO-Worker",1419359742763247,45781,"Running"
30300,"NIO-Worker",1419359742809028,48906,"S"
30300,"NIO-Worker",1419359742857934,15313,"R"
30300,"NIO-Worker",1419359742873247,2767812,"Running"
30300,"NIO-Worker",1419359745641059,23281,"S"
30300,"NIO-Worker",1419359745664340,22657,"R"
30300,"NIO-Worker",1419359745686997,250312,"Running"
30244,"nio-stream-prod",1419359745801163,30834,"R"
30244,"nio-stream-prod",1419359745831997,153697,"Running"
30232,"nio-webserver-r",1419359745899340,13073,"R"
30232,"nio-webserver-r",1419359745912413,215052,"Running"
30300,"NIO-Worker",1419359745937309,410203073,"S"
30244,"nio-stream-prod",1419359745985694,414375,"S"
30232,"nio-webserver-r",1419359746127465,25294011,"S"
30244,"nio-stream-prod",1419359746400069,41771,"R"
30244,"nio-stream-prod",1419359746441840,52344,"Running"
30244,"nio-stream-prod",1419359746494184,83438,"S"
30244,"nio-stream-prod",1419359746577622,47500,"R"
30244,"nio-stream-prod",1419359746625122,70625,"Running"
30244,"nio-stream-prod",1419359746695747,42187,"S"
30244,"nio-stream-prod",1419359746737934,29688,"R"
30244,"nio-stream-prod",1419359746767622,12812,"Running"
30244,"nio-stream-prod",1419359746780434,29531,"R"
30244,"nio-stream-prod",1419359746809965,24684375,"Running"
30232,"nio-webserver-r",1419359771421476,24114,"R"
30232,"nio-webserver-r",1419359771445590,442292,"Running"
30244,"nio-stream-prod",1419359771494340,30886,"R+"
30244,"nio-stream-prod",1419359771525226,292239,"Running"
30244,"nio-stream-prod",1419359771817465,14688,"S"
30244,"nio-stream-prod",1419359771832153,31875,"R"
30244,"nio-stream-prod",1419359771864028,64219,"Running"
30232,"nio-webserver-r",1419359771887882,27240,"S"
30232,"nio-webserver-r",1419359771915122,218125,"Running"
30244,"nio-stream-prod",1419359771928247,20119531,"S"
30232,"nio-webserver-r",1419359772133247,11067343,"S"
30232,"nio-webserver-r",1419359783200590,14063,"R"
30232,"nio-webserver-r",1419359783214653,104844,"Running"
30232,"nio-webserver-r",1419359783319497,43385,"S"
30232,"nio-webserver-r",1419359783362882,17031,"R"
30232,"nio-webserver-r",1419359783379913,7084,"Running"
30232,"nio-webserver-r",1419359783386997,30416,"S"
30232,"nio-webserver-r",1419359783417413,26459,"R"
30232,"nio-webserver-r",1419359783443872,193437,"Running"
30232,"nio-webserver-r",1419359783637309,772448,"S"
30232,"nio-webserver-r",1419359784409757,39375,"R"
30232,"nio-webserver-r",1419359784449132,89583,"Running"
30232,"nio-webserver-r",1419359784538715,71250,"R"
30232,"nio-webserver-r",1419359784609965,270886,"Running"
30232,"nio-webserver-r",1419359784880851,24427,"R"
30232,"nio-webserver-r",1419359784905278,54062,"Running"
30234,"NIO-Worker",1419359784912726,49739,"R"
30232,"nio-webserver-r",1419359784959340,7195469,"S"
30234,"NIO-Worker",1419359784962465,438594,"Running"
30234,"NIO-Worker",1419359785401059,1442292,"S"
30234,"NIO-Worker",1419359786843351,22343,"R"
30234,"NIO-Worker",1419359786865694,132657,"Running"
30234,"NIO-Worker",1419359786998351,27500,"R"
30234,"NIO-Worker",1419359787025851,408333,"Running"
30234,"NIO-Worker",1419359787434184,125885,"S"
30234,"NIO-Worker",1419359787560069,18490,"R"
30234,"NIO-Worker",1419359787578559,47188,"Running"
30234,"NIO-Worker",1419359787625747,233281,"S"
30234,"NIO-Worker",1419359787859028,57187,"R"
30234,"NIO-Worker",1419359787916215,223854,"Running"
30234,"NIO-Worker",1419359788140069,246303,"S"
30234,"NIO-Worker",1419359788386372,25625,"R"
30234,"NIO-Worker",1419359788411997,26197,"Running"
30234,"NIO-Worker",1419359788438194,36615,"S"
30234,"NIO-Worker",1419359788474809,19219,"R"
30234,"NIO-Worker",1419359788494028,59166,"Running"
30234,"NIO-Worker",1419359788553194,43178,"S"
30234,"NIO-Worker",1419359788596372,15572,"R"
30234,"NIO-Worker",1419359788611944,1595834,"Running"
30234,"NIO-Worker",1419359790207778,19062,"R"
30234,"NIO-Worker",1419359790226840,267344,"Running"
30234,"NIO-Worker",1419359790494184,34219,"R"
30234,"NIO-Worker",1419359790528403,129844,"Running"
30234,"NIO-Worker",1419359790658247,32031,"R"
30234,"NIO-Worker",1419359790690278,272291,"Running"
30234,"NIO-Worker",1419359790962569,124271,"R"
30234,"NIO-Worker",1419359791086840,763073,"Running"
30234,"NIO-Worker",1419359791849913,30209,"S"
30234,"NIO-Worker",1419359791880122,31197,"R"
30234,"NIO-Worker",1419359791911319,28646,"Running"
30234,"NIO-Worker",1419359791939965,22188,"R+"
30234,"NIO-Worker",1419359791962153,229062,"Running"
30244,"nio-stream-prod",1419359792047778,87031,"R"
30244,"nio-stream-prod",1419359792134809,102969,"Running"
30232,"nio-webserver-r",1419359792154809,36406,"R"
30232,"nio-webserver-r",1419359792191215,83750,"Running"
30234,"NIO-Worker",1419359792191215,418539792,"S"
30244,"nio-stream-prod",1419359792237778,7656,"R+"
30244,"nio-stream-prod",1419359792245434,12760,"Running"
30244,"nio-stream-prod",1419359792258194,469428,"S"
30232,"nio-webserver-r",1419359792274965,17969,"R"
30232,"nio-webserver-r",1419359792292934,163750,"Running"
30232,"nio-webserver-r",1419359792456684,13228594,"S"
30244,"nio-stream-prod",1419359792727622,72135,"R"
30244,"nio-stream-prod",1419359792799757,20990,"Running"
30244,"nio-stream-prod",1419359792820747,33593,"S"
30244,"nio-stream-prod",1419359792854340,42761,"R"
30244,"nio-stream-prod",1419359792897101,57396,"Running"
30244,"nio-stream-prod",1419359792954497,58437,"R+"
30244,"nio-stream-prod",1419359793012934,12735625,"Running"
30232,"nio-webserver-r",1419359805685278,16979,"R"
30232,"nio-webserver-r",1419359805702257,429844,"Running"
30244,"nio-stream-prod",1419359805748559,26094,"R+"
30244,"nio-stream-prod",1419359805774653,235156,"Running"
30244,"nio-stream-prod",1419359806009809,39844,"S"
30244,"nio-stream-prod",1419359806049653,52135,"R"
30244,"nio-stream-prod",1419359806101788,87396,"Running"
30232,"nio-webserver-r",1419359806132101,14062,"S"
30232,"nio-webserver-r",1419359806146163,11302,"R"
30232,"nio-webserver-r",1419359806157465,213854,"Running"
30244,"nio-stream-prod",1419359806189184,39115469,"S"
30232,"nio-webserver-r",1419359806371319,30139740,"S"
30232,"nio-webserver-r",1419359836511059,51094,"R"
30232,"nio-webserver-r",1419359836562153,111718,"Running"
30232,"nio-webserver-r",1419359836673871,49844,"S"
30232,"nio-webserver-r",1419359836723715,39688,"R"
30232,"nio-webserver-r",1419359836763403,225885,"Running"
30232,"nio-webserver-r",1419359836989288,351250,"S"
30232,"nio-webserver-r",1419359837340538,46302,"R"
30232,"nio-webserver-r",1419359837386840,407344,"Running"
30285,"NIO-Worker",1419359837726163,220677,"R"
30232,"nio-webserver-r",1419359837794184,7625156,"S"
30285,"NIO-Worker",1419359837946840,400000,"Running"
30285,"NIO-Worker",1419359838346840,2042917,"S"
30285,"NIO-Worker",1419359840389757,18281,"R"
30285,"NIO-Worker",1419359840408038,211927,"Running"
30285,"NIO-Worker",1419359840619965,16563,"S"
30285,"NIO-Worker",1419359840636528,54948,"R"
30285,"NIO-Worker",1419359840691476,66406,"Running"
30285,"NIO-Worker",1419359840757882,9844,"R"
30285,"NIO-Worker",1419359840767726,29218,"Running"
30285,"NIO-Worker",1419359840796944,24584,"S"
30285,"NIO-Worker",1419359840821528,283125,"Running"
30285,"NIO-Worker",1419359841104653,134791,"S"
30285,"NIO-Worker",1419359841239444,24115,"R"
30285,"NIO-Worker",1419359841263559,44531,"Running"
30285,"NIO-Worker",1419359841308090,64792,"R+"
30285,"NIO-Worker",1419359841372882,4531,"Running"
30285,"NIO-Worker",1419359841377413,121458,"S"
30285,"NIO-Worker",1419359841498871,36875,"R"
30285,"NIO-Worker",1419359841535746,235000,"Running"
30285,"NIO-Worker",1419359841770746,255938,"S"
30285,"NIO-Worker",1419359842026684,16719,"R"
30285,"NIO-Worker",1419359842043403,90000,"Running"
30285,"NIO-Worker",1419359842133403,66406,"S"
30285,"NIO-Worker",1419359842199809,12135,"R"
30285,"NIO-Worker",1419359842211944,44427,"Running"
30285,"NIO-Worker",1419359842256371,29532,"R+"
30285,"NIO-Worker",1419359842285903,17604,"Running"
30285,"NIO-Worker",1419359842303507,5364,"S"
30285,"NIO-Worker",1419359842308871,24688,"R"
30285,"NIO-Worker",1419359842333559,2780937,"Running"
30285,"NIO-Worker",1419359845114496,22136,"S"
30285,"NIO-Worker",1419359845136632,17500,"R"
30285,"NIO-Worker",1419359845154132,325469,"Running"
30244,"nio-stream-prod",1419359845304653,86718,"R"
30244,"nio-stream-prod",1419359845391371,119948,"Running"
30232,"nio-webserver-r",1419359845419340,61511,"R"
30285,"NIO-Worker",1419359845479601,420563333,"S"
30232,"nio-webserver-r",1419359845480851,253958,"Running"
30244,"nio-stream-prod",1419359845511319,116146,"R+"
30244,"nio-stream-prod",1419359845627465,10000,"Running"
30244,"nio-stream-prod",1419359845637465,195104,"S"
30232,"nio-webserver-r",1419359845734809,10984844,"S"
30244,"nio-stream-prod",1419359845832569,79688,"R"
30244,"nio-stream-prod",1419359845912257,23802,"Running"
30244,"nio-stream-prod",1419359845936059,41094,"S"
30244,"nio-stream-prod",1419359845977153,31979,"R"
30244,"nio-stream-prod",1419359846009132,13333,"Running"
30244,"nio-stream-prod",1419359846022465,33386,"R+"
30244,"nio-stream-prod",1419359846055851,84739,"Running"
30244,"nio-stream-prod",1419359846140590,102969,"S"
30244,"nio-stream-prod",1419359846243559,54844,"R"
30244,"nio-stream-prod",1419359846298403,35937,"Running"
30244,"nio-stream-prod",1419359846334340,34063,"R"
30244,"nio-stream-prod",1419359846368403,10427968,"Running"
30232,"nio-webserver-r",1419359856719653,25312,"R"
30232,"nio-webserver-r",1419359856744965,253438,"Running"
30244,"nio-stream-prod",1419359856796371,51250,"R+"
30244,"nio-stream-prod",1419359856847621,242344,"Running"
30232,"nio-webserver-r",1419359856998403,78854,"R+"
30232,"nio-webserver-r",1419359857077257,141250,"Running"
30244,"nio-stream-prod",1419359857089965,65156,"S"
30244,"nio-stream-prod",1419359857155121,101511,"R"
30232,"nio-webserver-r",1419359857218507,80989,"R+"
30244,"nio-stream-prod",1419359857256632,37656,"Running"
30244,"nio-stream-prod",1419359857294288,130208,"R"
30232,"nio-webserver-r",1419359857299496,18750,"Running"
30232,"nio-webserver-r",1419359857318246,207969,"S"
30244,"nio-stream-prod",1419359857424496,8282,"Running"
30244,"nio-stream-prod",1419359857432778,83906,"R"
30244,"nio-stream-prod",1419359857516684,42187,"Running"
30232,"nio-webserver-r",1419359857526215,32656,"R"
30232,"nio-webserver-r",1419359857558871,27813,"Running"
30244,"nio-stream-prod",1419359857558871,130782,"R+"
30232,"nio-webserver-r",1419359857586684,7812,"R"
30232,"nio-webserver-r",1419359857594496,55782,"Running"
30232,"nio-webserver-r",1419359857650278,11250,"R"
30232,"nio-webserver-r",1419359857661528,303281,"Running"
30244,"nio-stream-prod",1419359857689653,41093,"Running"
30244,"nio-stream-prod",1419359857730746,44960938,"S"
30232,"nio-webserver-r",1419359857964809,31588281,"S"
30232,"nio-webserver-r",1419359889553090,25625,"R"
30232,"nio-webserver-r",1419359889578715,241198,"Running"
30232,"nio-webserver-r",1419359889819913,347240,"S"
30232,"nio-webserver-r",1419359890167153,50156,"R"
30232,"nio-webserver-r",1419359890217309,192656,"Running"
30232,"nio-webserver-r",1419359890409965,978750,"S"
30232,"nio-webserver-r",1419359891388715,42188,"R"
30232,"nio-webserver-r",1419359891430903,365625,"Running"
30290,"NIO-Worker",1419359891758871,16980,"R"
30290,"NIO-Worker",1419359891775851,335156,"Running"
30232,"nio-webserver-r",1419359891796528,10992187,"S"
30290,"NIO-Worker",1419359892111007,4629844,"S"
30290,"NIO-Worker",1419359896740851,31718,"R"
30290,"NIO-Worker",1419359896772569,87865,"Running"
30290,"NIO-Worker",1419359896860434,10781,"R"
30290,"NIO-Worker",1419359896871215,477031,"Running"
30290,"NIO-Worker",1419359897348246,28230,"R+"
30290,"NIO-Worker",1419359897376476,10833,"Running"
30290,"NIO-Worker",1419359897387309,126719,"S"
30290,"NIO-Worker",1419359897514028,18437,"R"
30290,"NIO-Worker",1419359897532465,70625,"Running"
30290,"NIO-Worker",1419359897603090,244792,"S"
30290,"NIO-Worker",1419359897847882,25677,"R"
30290,"NIO-Worker",1419359897873559,211719,"Running"
30290,"NIO-Worker",1419359898085278,345000,"R+"
30290,"NIO-Worker",1419359898430278,29218,"Running"
30290,"NIO-Worker",1419359898459496,221511,"S"
30290,"NIO-Worker",1419359898681007,107083,"R"
30290,"NIO-Worker",1419359898788090,26823,"Running"
30290,"NIO-Worker",1419359898814913,75990,"S"
30290,"NIO-Worker",1419359898890903,16250,"R"
30290,"NIO-Worker",1419359898907153,47968,"Running"
30290,"NIO-Worker",1419359898955121,426719,"S"
30290,"NIO-Worker",1419359899381840,51563,"R"
30290,"NIO-Worker",1419359899433403,848437,"Running"
30290,"NIO-Worker",1419359900281840,12500,"R"
30290,"NIO-Worker",1419359900294340,251875,"Running"
30290,"NIO-Worker",1419359900546215,13698,"R"
30290,"NIO-Worker",1419359900559913,333490,"Running"
30290,"NIO-Worker",1419359900893403,9166,"R"
30290,"NIO-Worker",1419359900902569,347500,"Running"
30290,"NIO-Worker",1419359901250069,40834,"R"
30290,"NIO-Worker",1419359901290903,1159791,"Running"
30290,"NIO-Worker",1419359902450694,10052,"R+"
30290,"NIO-Worker",1419359902460746,5625,"Running"
30290,"NIO-Worker",1419359902466371,33073,"S"
30290,"NIO-Worker",1419359902499444,70000,"R"
30290,"NIO-Worker",1419359902569444,291146,"Running"
30244,"nio-stream-prod",1419359902691684,23385,"R"
30244,"nio-stream-prod",1419359902715069,149063,"Running"
30232,"nio-webserver-r",1419359902788715,71875,"R"
30232,"nio-webserver-r",1419359902860590,201823,"Running"
30244,"nio-stream-prod",1419359902864132,300833,"S"
30232,"nio-webserver-r",1419359903062413,78333,"R+"
30232,"nio-webserver-r",1419359903140746,46407,"Running"
30244,"nio-stream-prod",1419359903164965,51406,"R"
30232,"nio-webserver-r",1419359903187153,10838593,"S"
30244,"nio-stream-prod",1419359903216371,34532,"Running"
30244,"nio-stream-prod",1419359903250903,9687,"R+"
30244,"nio-stream-prod",1419359903260590,6042,"Running"
30244,"nio-stream-prod",1419359903266632,40312,"S"
30244,"nio-stream-prod",1419359903306944,24063,"R"
30244,"nio-stream-prod",1419359903331007,39062,"Running"
30244,"nio-stream-prod",1419359903370069,60365,"S"
30244,"nio-stream-prod",1419359903430434,45469,"R"
30244,"nio-stream-prod",1419359903475903,4240937,"Running"
30244,"nio-stream-prod",1419359907716840,150625,"R"
30244,"nio-stream-prod",1419359907867465,6219479,"Running"
30232,"nio-webserver-r",1419359914025746,19480,"R"
30232,"nio-webserver-r",1419359914045226,201927,"Running"
30244,"nio-stream-prod",1419359914086944,15521,"R+"
30244,"nio-stream-prod",1419359914102465,13229,"Running"
30244,"nio-stream-prod",1419359914115694,10521,"S"
30244,"nio-stream-prod",1419359914126215,38542,"R"
30244,"nio-stream-prod",1419359914164757,233333,"Running"
30232,"nio-webserver-r",1419359914247153,77812,"R+"
30232,"nio-webserver-r",1419359914324965,92448,"Running"
30244,"nio-stream-prod",1419359914398090,21042,"S"
30232,"nio-webserver-r",1419359914417413,24219,"S"
30244,"nio-stream-prod",1419359914419132,62083,"Running"
30232,"nio-webserver-r",1419359914441632,9739,"R"
30232,"nio-webserver-r",1419359914451371,211355,"Running"
30244,"nio-stream-prod",1419359914481215,41794375,"S"
30232,"nio-webserver-r",1419359914662726,27461770,"S"
30232,"nio-webserver-r",1419359942124496,14219,"R"
30232,"nio-webserver-r",1419359942138715,204479,"Running"
30232,"nio-webserver-r",1419359942343194,114584,"S"
30232,"nio-webserver-r",1419359942457778,66093,"R"
30232,"nio-webserver-r",1419359942523871,214532,"Running"
30232,"nio-webserver-r",1419359942738403,438750,"S"
30232,"nio-webserver-r",1419359943177153,44218,"R"
30232,"nio-webserver-r",1419359943221371,88125,"Running"
30232,"nio-webserver-r",1419359943309496,14844,"R"
30232,"nio-webserver-r",1419359943324340,309375,"Running"
30293,"NIO-Worker",1419359943585746,16719,"R"
30293,"NIO-Worker",1419359943602465,394636,"Running"
30232,"nio-webserver-r",1419359943633715,12736875,"S"
30293,"NIO-Worker",1419359943997101,7400364,"S"
30293,"NIO-Worker",1419359951397465,14479,"R"
30293,"NIO-Worker",1419359951411944,230209,"Running"
30293,"NIO-Worker",1419359951642153,5937,"S"
30293,"NIO-Worker",1419359951648090,15261,"R"
30293,"NIO-Worker",1419359951663351,461770,"Running"
30293,"NIO-Worker",1419359952125121,138125,"S"
30293,"NIO-Worker",1419359952263246,26719,"R"
30293,"NIO-Worker",1419359952289965,40625,"Running"
30293,"NIO-Worker",1419359952330590,233750,"S"
30293,"NIO-Worker",1419359952564340,15156,"R"
30293,"NIO-Worker",1419359952579496,258282,"Running"
30293,"NIO-Worker",1419359952837778,253698,"S"
30293,"NIO-Worker",1419359953091476,36770,"R"
30293,"NIO-Worker",1419359953128246,14063,"Running"
30293,"NIO-Worker",1419359953142309,52031,"S"
30293,"NIO-Worker",1419359953194340,41563,"R"
30293,"NIO-Worker",1419359953235903,52656,"Running"
30293,"NIO-Worker",1419359953288559,46562,"S"
30293,"NIO-Worker",1419359953335121,35313,"R"
30293,"NIO-Worker",1419359953370434,2768437,"Running"
30293,"NIO-Worker",1419359956138871,28907,"S"
30293,"NIO-Worker",1419359956167778,18229,"R"
30293,"NIO-Worker",1419359956186007,233489,"Running"
30244,"nio-stream-prod",1419359956275590,20000,"R"
30244,"nio-stream-prod",1419359956295590,126250,"Running"
30232,"nio-webserver-r",1419359956370590,20104,"R"
30232,"nio-webserver-r",1419359956390694,238021,"Running"
30244,"nio-stream-prod",1419359956421840,1379219,"S"
30232,"nio-webserver-r",1419359956628715,204219,"R+"
30232,"nio-webserver-r",1419359956832934,9948,"Running"
30232,"nio-webserver-r",1419359956842882,47239,"R+"
30232,"nio-webserver-r",1419359956890121,31563,"Running"
30232,"nio-webserver-r",1419359956921684,96719,"R"
30232,"nio-webserver-r",1419359957018403,55781,"Running"
30232,"nio-webserver-r",1419359957074184,19617812,"S"
30244,"nio-stream-prod",1419359957801059,32604,"R"
30244,"nio-stream-prod",1419359957833663,15990,"Running"
30244,"nio-stream-prod",1419359957849653,50000,"S"
30244,"nio-stream-prod",1419359957899653,18593,"R"
30244,"nio-stream-prod",1419359957918246,70625,"Running"
30244,"nio-stream-prod",1419359957988871,53907,"S"
30244,"nio-stream-prod",1419359958042778,18854,"R"
30244,"nio-stream-prod",1419359958061632,6987708,"Running"
30244,"nio-stream-prod",1419359965049340,281042,"R"
30244,"nio-stream-prod",1419359965330382,676302,"Running"
30244,"nio-stream-prod",1419359966006684,26510,"R"
30244,"nio-stream-prod",1419359966033194,910677,"Running"
30244,"nio-stream-prod",1419359966943871,26042,"R"
30244,"nio-stream-prod",1419359966969913,4242500,"Running"
30244,"nio-stream-prod",1419359971212413,9896,"R"
30244,"nio-stream-prod",1419359971222309,1690000,"Running"
30244,"nio-stream-prod",1419359972912309,11719,"R"
30244,"nio-stream-prod",1419359972924028,628073,"Running"
30244,"nio-stream-prod",1419359973552101,18437,"R"
30244,"nio-stream-prod",1419359973570538,570521,"Running"
30244,"nio-stream-prod",1419359974141059,22500,"R"
30244,"nio-stream-prod",1419359974163559,144948,"Running"
30244,"nio-stream-prod",1419359974308507,10052,"R"
30244,"nio-stream-prod",1419359974318559,2437604,"Running"
30232,"nio-webserver-r",1419359976691996,29792,"R"
30232,"nio-webserver-r",1419359976721788,227708,"Running"
30244,"nio-stream-prod",1419359976756163,39531,"S"
30244,"nio-stream-prod",1419359976795694,65365,"R"
30244,"nio-stream-prod",1419359976861059,287656,"Running"
30232,"nio-webserver-r",1419359976949496,42448,"R+"
30232,"nio-webserver-r",1419359976991944,76094,"Running"
30232,"nio-webserver-r",1419359977068038,8646,"S"
30232,"nio-webserver-r",1419359977076684,16979,"R"
30232,"nio-webserver-r",1419359977093663,30833,"Running"
30232,"nio-webserver-r",1419359977124496,34167,"R+"
30244,"nio-stream-prod",1419359977148715,52188,"S"
30232,"nio-webserver-r",1419359977158663,106250,"Running"
30244,"nio-stream-prod",1419359977200903,21250,"R"
30244,"nio-stream-prod",1419359977222153,9218,"Running"
30244,"nio-stream-prod",1419359977231371,33230,"S"
30244,"nio-stream-prod",1419359977264601,101562,"Running"
30232,"nio-webserver-r",1419359977264913,21927,"S"
30232,"nio-webserver-r",1419359977286840,39167,"R"
30232,"nio-webserver-r",1419359977326007,204896,"Running"
30244,"nio-stream-prod",1419359977366163,23367083,"S"
30232,"nio-webserver-r",1419359977530903,17047291,"S"
30232,"nio-webserver-r",1419359994578194,82969,"R"
30232,"nio-webserver-r",1419359994661163,213802,"Running"
30232,"nio-webserver-r",1419359994874965,14531,"R+"
30232,"nio-webserver-r",1419359994889496,53594,"Running"
30232,"nio-webserver-r",1419359994943090,4531,"S"
30232,"nio-webserver-r",1419359994947621,36667,"R"
30232,"nio-webserver-r",1419359994984288,196146,"Running"
30232,"nio-webserver-r",1419359995180434,411562,"S"
30232,"nio-webserver-r",1419359995591996,24063,"R"
30232,"nio-webserver-r",1419359995616059,379687,"Running"
30295,"NIO-Worker",1419359995952778,17656,"R"
30295,"NIO-Worker",1419359995970434,318750,"Running"
30232,"nio-webserver-r",1419359995995746,4951407,"S"
30295,"NIO-Worker",1419359996289184,90312,"S"
30295,"NIO-Worker",1419359996379496,21511,"R"
30295,"NIO-Worker",1419359996401007,452031,"Running"
30295,"NIO-Worker",1419359996853038,21875,"R"
30295,"NIO-Worker",1419359996874913,47552,"Running"
30295,"NIO-Worker",1419359996922465,121198,"S"
30295,"NIO-Worker",1419359997043663,12552,"R"
30295,"NIO-Worker",1419359997056215,29219,"Running"
30295,"NIO-Worker",1419359997085434,7500,"R+"
30295,"NIO-Worker",1419359997092934,9219,"Running"
30295,"NIO-Worker",1419359997102153,194687,"S"
30295,"NIO-Worker",1419359997296840,17031,"R"
30295,"NIO-Worker",1419359997313871,208907,"Running"
30295,"NIO-Worker",1419359997522778,83593,"R+"
30295,"NIO-Worker",1419359997606371,4688,"Running"
30295,"NIO-Worker",1419359997611059,166667,"S"
30295,"NIO-Worker",1419359997777726,18645,"R"
30295,"NIO-Worker",1419359997796371,23438,"Running"
30295,"NIO-Worker",1419359997819809,60312,"S"
30295,"NIO-Worker",1419359997880121,18750,"R"
30295,"NIO-Worker",1419359997898871,65938,"Running"
30295,"NIO-Worker",1419359997964809,51094,"S"
30295,"NIO-Worker",1419359998015903,32448,"R"
30295,"NIO-Worker",1419359998048351,227083,"Running"
30295,"NIO-Worker",1419359998275434,14062,"R"
30295,"NIO-Worker",1419359998289496,83386,"Running"
30295,"NIO-Worker",1419359998372882,29531,"R"
30295,"NIO-Worker",1419359998402413,60833,"Running"
30295,"NIO-Worker",1419359998463246,32761,"R"
30295,"NIO-Worker",1419359998496007,265156,"Running"
30295,"NIO-Worker",1419359998761163,78802,"R+"
30295,"NIO-Worker",1419359998839965,1747292,"Running"
30295,"NIO-Worker",1419360000587257,47344,"R+"
30295,"NIO-Worker",1419360000634601,357343,"Running"
30244,"nio-stream-prod",1419360000733246,23542,"R"
30244,"nio-stream-prod",1419360000756788,100938,"Running"
30244,"nio-stream-prod",1419360000857726,8020,"R"
30244,"nio-stream-prod",1419360000865746,65261,"Running"
30244,"nio-stream-prod",1419360000931007,419739,"S"
30232,"nio-webserver-r",1419360000947153,70729,"R"
30232,"nio-webserver-r",1419360001017882,275677,"Running"
30232,"nio-webserver-r",1419360001293559,26487031,"S"
30244,"nio-stream-prod",1419360001350746,26094,"R"
30244,"nio-stream-prod",1419360001376840,22500,"Running"
30244,"nio-stream-prod",1419360001399340,92500,"S"
30244,"nio-stream-prod",1419360001491840,19531,"R"
30244,"nio-stream-prod",1419360001511371,53750,"Running"
30244,"nio-stream-prod",1419360001565121,60625,"S"
30244,"nio-stream-prod",1419360001625746,15938,"R"
30244,"nio-stream-prod",1419360001641684,5990312,"Running"
30244,"nio-stream-prod",1419360007631996,65782,"R"
30244,"nio-stream-prod",1419360007697778,1176510,"Running"
30244,"nio-stream-prod",1419360008874288,33021,"R"
30244,"nio-stream-prod",1419360008907309,6805937,"Running"
30244,"nio-stream-prod",1419360015713246,13594,"R"
30244,"nio-stream-prod",1419360015726840,1154219,"Running"
30244,"nio-stream-prod",1419360016881059,13906,"R"
30244,"nio-stream-prod",1419360016894965,7091563,"Running"
30244,"nio-stream-prod",1419360023986528,13698,"R"
30244,"nio-stream-prod",1419360024000226,3866093,"Running"
30232,"nio-webserver-r",1419360027780590,52656,"R"
30232,"nio-webserver-r",1419360027833246,415938,"Running"
30244,"nio-stream-prod",1419360027866319,64844,"R+"
30244,"nio-stream-prod",1419360027931163,257708,"Running"
30244,"nio-stream-prod",1419360028188871,28438,"S"
30244,"nio-stream-prod",1419360028217309,18750,"R"
30244,"nio-stream-prod",1419360028236059,107656,"Running"
30232,"nio-webserver-r",1419360028249184,15781,"S"
30232,"nio-webserver-r",1419360028264965,49844,"R"
30232,"nio-webserver-r",1419360028314809,402448,"Running"
30244,"nio-stream-prod",1419360028343715,33860781,"S"
30232,"nio-webserver-r",1419360028717257,17735937,"S"
30232,"nio-webserver-r",1419360046453194,55469,"R"
30232,"nio-webserver-r",1419360046508663,152813,"Running"
30232,"nio-webserver-r",1419360046661476,65468,"S"
30232,"nio-webserver-r",1419360046726944,35469,"R"
30232,"nio-webserver-r",1419360046762413,157708,"Running"
30232,"nio-webserver-r",1419360046920121,576563,"S"
30232,"nio-webserver-r",1419360047496684,86562,"R"
30232,"nio-webserver-r",1419360047583246,523855,"Running"
30296,"NIO-Worker",1419360048022934,66250,"R"
30296,"NIO-Worker",1419360048089184,644948,"Running"
30232,"nio-webserver-r",1419360048107101,14200989,"S"
30296,"NIO-Worker",1419360048734132,303958,"R"
30296,"NIO-Worker",1419360049038090,43281,"Running"
30296,"NIO-Worker",1419360049081371,29792,"R"
30296,"NIO-Worker",1419360049111163,881094,"Running"
30296,"NIO-Worker",1419360049992257,6699062,"S"
30296,"NIO-Worker",1419360056691319,62344,"R"
30296,"NIO-Worker",1419360056753663,94375,"Running"
30296,"NIO-Worker",1419360056848038,30833,"R+"
30296,"NIO-Worker",1419360056878871,59219,"Running"
30296,"NIO-Worker",1419360056938090,13281,"R+"
30296,"NIO-Worker",1419360056951371,13750,"Running"
30296,"NIO-Worker",1419360056965121,187500,"R"
30296,"NIO-Worker",1419360057152621,95000,"Running"
30296,"NIO-Worker",1419360057247621,70417,"R"
30296,"NIO-Worker",1419360057318038,106146,"Running"
30296,"NIO-Worker",1419360057424184,63750,"R"
30296,"NIO-Worker",1419360057487934,290729,"Running"
30296,"NIO-Worker",1419360057778663,137656,"S"
30296,"NIO-Worker",1419360057916319,22344,"R"
30296,"NIO-Worker",1419360057938663,27344,"Running"
30296,"NIO-Worker",1419360057966007,151146,"R+"
30296,"NIO-Worker",1419360058117153,10573,"Running"
30296,"NIO-Worker",1419360058127726,82343,"S"
30296,"NIO-Worker",1419360058210069,16615,"R"
30296,"NIO-Worker",1419360058226684,243750,"Running"
30296,"NIO-Worker",1419360058470434,86562,"R+"
30296,"NIO-Worker",1419360058556996,9063,"Running"
30296,"NIO-Worker",1419360058566059,206250,"S"
30296,"NIO-Worker",1419360058772309,21406,"R"
30296,"NIO-Worker",1419360058793715,47656,"Running"
30296,"NIO-Worker",1419360058841371,82917,"R+"
30296,"NIO-Worker",1419360058924288,7656,"Running"
30296,"NIO-Worker",1419360058931944,58750,"S"
30296,"NIO-Worker",1419360058990694,45834,"R"
30296,"NIO-Worker",1419360059036528,74218,"Running"
30296,"NIO-Worker",1419360059110746,68073,"S"
30296,"NIO-Worker",1419360059178819,35625,"R"
30296,"NIO-Worker",1419360059214444,2841459,"Running"
30296,"NIO-Worker",1419360062055903,24375,"S"
30296,"NIO-Worker",1419360062080278,11250,"R"
30296,"NIO-Worker",1419360062091528,254843,"Running"
30244,"nio-stream-prod",1419360062204496,20938,"R"
30244,"nio-stream-prod",1419360062225434,116875,"Running"
30232,"nio-webserver-r",1419360062308090,28438,"R"
30232,"nio-webserver-r",1419360062336528,285104,"Running"
30244,"nio-stream-prod",1419360062342309,229948,"S"
30244,"nio-stream-prod",1419360062572257,28177,"R"
30244,"nio-stream-prod",1419360062600434,20625,"Running"
30244,"nio-stream-prod",1419360062621059,78750,"R+"
30232,"nio-webserver-r",1419360062621632,31489219,"S"
30244,"nio-stream-prod",1419360062699809,198594,"Running"
30244,"nio-stream-prod",1419360062898403,108541,"S"
30244,"nio-stream-prod",1419360063006944,15157,"R"
30244,"nio-stream-prod",1419360063022101,1902968,"Running"
30244,"nio-stream-prod",1419360064925069,38021,"R"
30244,"nio-stream-prod",1419360064963090,62136,"Running"
30244,"nio-stream-prod",1419360065025226,63489,"R"
30244,"nio-stream-prod",1419360065088715,593750,"Running"
30244,"nio-stream-prod",1419360065682465,88386,"R"
30244,"nio-stream-prod",1419360065770851,18147552,"Running"
30244,"nio-stream-prod",1419360083918403,27656,"R"
30244,"nio-stream-prod",1419360083946059,961250,"Running"
30244,"nio-stream-prod",1419360084907309,88125,"R"
30244,"nio-stream-prod",1419360084995434,5009844,"Running"
30244,"nio-stream-prod",1419360090005278,79062,"R"
30244,"nio-stream-prod",1419360090084340,803386,"Running"
30244,"nio-stream-prod",1419360090887726,100781,"R"
30244,"nio-stream-prod",1419360090988507,1313489,"Running"
30244,"nio-stream-prod",1419360092301996,25938,"R"
30244,"nio-stream-prod",1419360092327934,1857344,"Running"
30232,"nio-webserver-r",1419360094110851,34739,"R"
30232,"nio-webserver-r",1419360094145590,444063,"Running"
30244,"nio-stream-prod",1419360094185278,47760,"S"
30244,"nio-stream-prod",1419360094233038,10365,"R"
30244,"nio-stream-prod",1419360094243403,261198,"Running"
30244,"nio-stream-prod",1419360094504601,116927,"S"
30232,"nio-webserver-r",1419360094589653,79218,"S"
30244,"nio-stream-prod",1419360094621528,114218,"Running"
30232,"nio-webserver-r",1419360094668871,39948,"R"
30232,"nio-webserver-r",1419360094708819,318594,"Running"
30244,"nio-stream-prod",1419360094735746,19420938,"S"
30232,"nio-webserver-r",1419360095027413,6256927,"S"
30232,"nio-webserver-r",1419360101284340,69219,"R"
30232,"nio-webserver-r",1419360101353559,97031,"Running"
30232,"nio-webserver-r",1419360101450590,126094,"S"
30232,"nio-webserver-r",1419360101576684,32656,"R"
30232,"nio-webserver-r",1419360101609340,141875,"Running"
30232,"nio-webserver-r",1419360101751215,630261,"S"
30232,"nio-webserver-r",1419360102381476,105677,"R"
30232,"nio-webserver-r",1419360102487153,410468,"Running"
30299,"NIO-Worker",1419360102859340,29167,"R"
30299,"NIO-Worker",1419360102888507,374739,"Running"
30232,"nio-webserver-r",1419360102897621,11364063,"S"
30299,"NIO-Worker",1419360103263246,5165782,"S"
30299,"NIO-Worker",1419360108429028,14375,"R"
30299,"NIO-Worker",1419360108443403,181562,"Running"
30299,"NIO-Worker",1419360108624965,88438,"R"
30299,"NIO-Worker",1419360108713403,51979,"Running"
30299,"NIO-Worker",1419360108765382,4583,"S"
30299,"NIO-Worker",1419360108769965,588438,"R"
30299,"NIO-Worker",1419360109358403,349218,"Running"
30299,"NIO-Worker",1419360109707621,244792,"S"
30299,"NIO-Worker",1419360109952413,44375,"R"
30299,"NIO-Worker",1419360109996788,36563,"Running"
30299,"NIO-Worker",1419360110033351,244895,"R+"
30299,"NIO-Worker",1419360110278246,246407,"Running"
30299,"NIO-Worker",1419360110524653,308750,"S"
30299,"NIO-Worker",1419360110833403,27812,"R"
30299,"NIO-Worker",1419360110861215,15729,"Running"
30299,"NIO-Worker",1419360110876944,50209,"S"
30299,"NIO-Worker",1419360110927153,30104,"R"
30299,"NIO-Worker",1419360110957257,51458,"Running"
30299,"NIO-Worker",1419360111008715,70573,"S"
30299,"NIO-Worker",1419360111079288,21875,"R"
30299,"NIO-Worker",1419360111101163,1857396,"Running"
30299,"NIO-Worker",1419360112958559,68854,"R"
30299,"NIO-Worker",1419360113027413,938333,"Running"
30299,"NIO-Worker",1419360113965746,32969,"S"
30299,"NIO-Worker",1419360113998715,57188,"R"
30299,"NIO-Worker",1419360114055903,242291,"Running"
30244,"nio-stream-prod",1419360114156684,30625,"R"
30244,"nio-stream-prod",1419360114187309,116510,"Running"
30232,"nio-webserver-r",1419360114261684,16094,"R"
30232,"nio-webserver-r",1419360114277778,284531,"Running"
30244,"nio-stream-prod",1419360114303819,267344,"S"
30232,"nio-webserver-r",1419360114562309,12820625,"S"
30244,"nio-stream-prod",1419360114571163,25677,"R"
30244,"nio-stream-prod",1419360114596840,19323,"Running"
30244,"nio-stream-prod",1419360114616163,76615,"R+"
30244,"nio-stream-prod",1419360114692778,44687,"Running"
30244,"nio-stream-prod",1419360114737465,48438,"R+"
30244,"nio-stream-prod",1419360114785903,12099479,"Running"
30244,"nio-stream-prod",1419360126885382,42864,"R"
30244,"nio-stream-prod",1419360126928246,522448,"Running"
30232,"nio-webserver-r",1419360127382934,20156,"R"
30232,"nio-webserver-r",1419360127403090,115625,"Running"
30244,"nio-stream-prod",1419360127450694,48282,"R+"
30244,"nio-stream-prod",1419360127498976,145000,"Running"
30232,"nio-webserver-r",1419360127518715,119219,"R"
30232,"nio-webserver-r",1419360127637934,82969,"Running"
30244,"nio-stream-prod",1419360127643976,20000,"S"
30244,"nio-stream-prod",1419360127663976,33177,"R"
30244,"nio-stream-prod",1419360127697153,118593,"Running"
30232,"nio-webserver-r",1419360127720903,13281,"S"
30232,"nio-webserver-r",1419360127734184,11250,"R"
30232,"nio-webserver-r",1419360127745434,17656,"Running"
30232,"nio-webserver-r",1419360127763090,42761,"R"
30232,"nio-webserver-r",1419360127805851,50520,"Running"
30244,"nio-stream-prod",1419360127815746,16250,"R+"
30244,"nio-stream-prod",1419360127831996,177344,"Running"
30232,"nio-webserver-r",1419360127856371,107344,"S"
30232,"nio-webserver-r",1419360127963715,21094,"R"
30232,"nio-webserver-r",1419360127984809,184531,"Running"
30244,"nio-stream-prod",1419360128009340,249323,"S"
30232,"nio-webserver-r",1419360128169340,10625,"R+"
30232,"nio-webserver-r",1419360128179965,157656,"Running"
30244,"nio-stream-prod",1419360128258663,74583,"R"
30244,"nio-stream-prod",1419360128333246,62969,"Running"
30232,"nio-webserver-r",1419360128337621,13750,"S"
30232,"nio-webserver-r",1419360128351371,336407,"R"
30244,"nio-stream-prod",1419360128396215,33551667,"S"
30232,"nio-webserver-r",1419360128687778,271562,"Running"
30232,"nio-webserver-r",1419360128959340,25693854,"S"
30232,"nio-webserver-r",1419360154653194,59427,"R"
30232,"nio-webserver-r",1419360154712621,234011,"Running"
30232,"nio-webserver-r",1419360154946632,38594,"S"
30232,"nio-webserver-r",1419360154985226,34062,"R"
30232,"nio-webserver-r",1419360155019288,318958,"Running"
30232,"nio-webserver-r",1419360155338246,322500,"S"
30232,"nio-webserver-r",1419360155660746,63073,"R"
30232,"nio-webserver-r",1419360155723819,44740,"Running"
30232,"nio-webserver-r",1419360155768559,16875,"R"
30232,"nio-webserver-r",1419360155785434,390156,"Running"
30300,"NIO-Worker",1419360156140382,17344,"R"
30300,"NIO-Worker",1419360156157726,1194895,"Running"
30232,"nio-webserver-r",1419360156175590,5930938,"S"
30300,"NIO-Worker",1419360157352621,164792,"R+"
30300,"NIO-Worker",1419360157517413,27240,"Running"
30300,"NIO-Worker",1419360157544653,319687,"S"
30300,"NIO-Worker",1419360157864340,13281,"R"
30300,"NIO-Worker",1419360157877621,382917,"Running"
30300,"NIO-Worker",1419360158260538,24375,"R+"
30300,"NIO-Worker",1419360158284913,5156,"Running"
30300,"NIO-Worker",1419360158290069,221146,"S"
30300,"NIO-Worker",1419360158511215,17656,"R"
30300,"NIO-Worker",1419360158528871,23907,"Running"
30300,"NIO-Worker",1419360158552778,70104,"S"
30300,"NIO-Worker",1419360158622882,16458,"R"
30300,"NIO-Worker",1419360158639340,45313,"Running"
30300,"NIO-Worker",1419360158684653,47187,"S"
30300,"NIO-Worker",1419360158731840,31094,"R"
30300,"NIO-Worker",1419360158762934,1197031,"Running"
30300,"NIO-Worker",1419360159959965,9323,"R"
30300,"NIO-Worker",1419360159969288,970677,"Running"
30300,"NIO-Worker",1419360160939965,17656,"R"
30300,"NIO-Worker",1419360160957621,732188,"Running"
30300,"NIO-Worker",1419360161689809,47187,"S"
30300,"NIO-Worker",1419360161736996,18438,"R"
30300,"NIO-Worker",1419360161755434,36875,"Running"
30300,"NIO-Worker",1419360161792309,20625,"R"
30300,"NIO-Worker",1419360161812934,350625,"Running"
30244,"nio-stream-prod",1419360161947882,57031,"R"
30244,"nio-stream-prod",1419360162004913,204740,"Running"
30232,"nio-webserver-r",1419360162106528,55000,"R"
30232,"nio-webserver-r",1419360162161528,380937,"Running"
30244,"nio-stream-prod",1419360162209653,42343,"R+"
30244,"nio-stream-prod",1419360162251996,10625,"Running"
30244,"nio-stream-prod",1419360162262621,334063,"S"
30232,"nio-webserver-r",1419360162542465,142344,"R+"
30244,"nio-stream-prod",1419360162596684,15885,"R"
30244,"nio-stream-prod",1419360162612569,50313,"Running"
30244,"nio-stream-prod",1419360162662882,252552,"S"
30232,"nio-webserver-r",1419360162684809,62187,"Running"
30232,"nio-webserver-r",1419360162746996,15460469,"S"
30244,"nio-stream-prod",1419360162915434,21406,"R"
30244,"nio-stream-prod",1419360162936840,81094,"Running"
30244,"nio-stream-prod",1419360163017934,97031,"R"
30244,"nio-stream-prod",1419360163114965,31094,"Running"
30244,"nio-stream-prod",1419360163146059,212135,"S"
30244,"nio-stream-prod",1419360163358194,39219,"R"
30244,"nio-stream-prod",1419360163397413,1504219,"Running"
30244,"nio-stream-prod",1419360164901632,8177,"R"
30244,"nio-stream-prod",1419360164909809,31406,"Running"
30244,"nio-stream-prod",1419360164941215,46719,"R+"
30244,"nio-stream-prod",1419360164987934,16198,"Running"
30244,"nio-stream-prod",1419360165004132,51094,"R"
30244,"nio-stream-prod",1419360165055226,214270,"Running"
30244,"nio-stream-prod",1419360165269496,16667,"R"
30244,"nio-stream-prod",1419360165286163,611875,"Running"
30244,"nio-stream-prod",1419360165898038,9583,"R+"
30244,"nio-stream-prod",1419360165907621,36042,"Running"
30244,"nio-stream-prod",1419360165943663,90781,"R"
30244,"nio-stream-prod",1419360166034444,8004896,"Running"
30244,"nio-stream-prod",1419360174039340,90313,"R"
30244,"nio-stream-prod",1419360174129653,2722968,"Running"
30244,"nio-stream-prod",1419360176852621,30938,"R"
30244,"nio-stream-prod",1419360176883559,1412760,"Running"
30232,"nio-webserver-r",1419360178207465,30625,"R"
30232,"nio-webserver-r",1419360178238090,485938,"Running"
30244,"nio-stream-prod",1419360178296319,56771,"S"
30244,"nio-stream-prod",1419360178353090,30261,"R"
30244,"nio-stream-prod",1419360178383351,28645,"Running"
30244,"nio-stream-prod",1419360178411996,29844,"R+"
30244,"nio-stream-prod",1419360178441840,125781,"Running"
30244,"nio-stream-prod",1419360178567621,38724167,"S"
30232,"nio-webserver-r",1419360178724028,30540468,"S"
30232,"nio-webserver-r",1419360209264496,19688,"R"
30232,"nio-webserver-r",1419360209284184,137500,"Running"
30232,"nio-webserver-r",1419360209421684,80417,"R+"
30232,"nio-webserver-r",1419360209502101,24062,"Running"
30232,"nio-webserver-r",1419360209526163,114115,"S"
30232,"nio-webserver-r",1419360209640278,34948,"R"
30232,"nio-webserver-r",1419360209675226,10364,"Running"
30232,"nio-webserver-r",1419360209685590,12500,"S"
30232,"nio-webserver-r",1419360209698090,14167,"R"
30232,"nio-webserver-r",1419360209712257,218021,"Running"
30232,"nio-webserver-r",1419360209930278,462812,"S"
30232,"nio-webserver-r",1419360210393090,39375,"R"
30232,"nio-webserver-r",1419360210432465,348125,"Running"
30234,"NIO-Worker",1419360210731007,48333,"R"
30234,"NIO-Worker",1419360210779340,367813,"Running"
30232,"nio-webserver-r",1419360210780590,6647292,"S"
30234,"NIO-Worker",1419360211147153,1110625,"S"
30234,"NIO-Worker",1419360212257778,34531,"R"
30234,"NIO-Worker",1419360212292309,703073,"Running"
30234,"NIO-Worker",1419360212995382,151614,"R+"
30234,"NIO-Worker",1419360213146996,35573,"Running"
30234,"NIO-Worker",1419360213182569,244115,"S"
30234,"NIO-Worker",1419360213426684,23698,"R"
30234,"NIO-Worker",1419360213450382,216406,"Running"
30234,"NIO-Worker",1419360213666788,266615,"S"
30234,"NIO-Worker",1419360213933403,39166,"R"
30234,"NIO-Worker",1419360213972569,31875,"Running"
30234,"NIO-Worker",1419360214004444,70157,"S"
30234,"NIO-Worker",1419360214074601,24739,"R"
30234,"NIO-Worker",1419360214099340,42969,"Running"
30234,"NIO-Worker",1419360214142309,45312,"S"
30234,"NIO-Worker",1419360214187621,16563,"R"
30234,"NIO-Worker",1419360214204184,765625,"Running"
30234,"NIO-Worker",1419360214969809,44219,"R"
30234,"NIO-Worker",1419360215014028,779062,"Running"
30234,"NIO-Worker",1419360215793090,27813,"R"
30234,"NIO-Worker",1419360215820903,1066041,"Running"
30234,"NIO-Worker",1419360216886944,43959,"R"
30234,"NIO-Worker",1419360216930903,209531,"Running"
30234,"NIO-Worker",1419360217140434,22031,"S"
30234,"NIO-Worker",1419360217162465,19479,"R"
30234,"NIO-Worker",1419360217181944,281927,"Running"
30244,"nio-stream-prod",1419360217291788,116146,"R"
30244,"nio-stream-prod",1419360217407934,125260,"Running"
30232,"nio-webserver-r",1419360217427882,18125,"R"
30232,"nio-webserver-r",1419360217446007,263333,"Running"
30244,"nio-stream-prod",1419360217533194,496927,"S"
30232,"nio-webserver-r",1419360217709340,14574167,"S"
30244,"nio-stream-prod",1419360218030121,19219,"R"
30244,"nio-stream-prod",1419360218049340,57813,"Running"
30244,"nio-stream-prod",1419360218107153,77187,"S"
30244,"nio-stream-prod",1419360218184340,36250,"R"
30244,"nio-stream-prod",1419360218220590,46406,"Running"
30244,"nio-stream-prod",1419360218266996,65000,"S"
30244,"nio-stream-prod",1419360218331996,24636,"R"
30244,"nio-stream-prod",1419360218356632,1060469,"Running"
30244,"nio-stream-prod",1419360219417101,29218,"R"
30244,"nio-stream-prod",1419360219446319,1456615,"Running"
30244,"nio-stream-prod",1419360220902934,34687,"R"
30244,"nio-stream-prod",1419360220937621,2231198,"Running"
30244,"nio-stream-prod",1419360223168819,265782,"R"
30244,"nio-stream-prod",1419360223434601,179583,"Running"
30244,"nio-stream-prod",1419360223614184,24687,"R"
30244,"nio-stream-prod",1419360223638871,104792,"Running"
30244,"nio-stream-prod",1419360223743663,20521,"R"
30244,"nio-stream-prod",1419360223764184,177344,"Running"
30244,"nio-stream-prod",1419360223941528,137031,"R"
30244,"nio-stream-prod",1419360224078559,778750,"Running"
30244,"nio-stream-prod",1419360224857309,44062,"R"
30244,"nio-stream-prod",1419360224901371,6816875,"Running"
30244,"nio-stream-prod",1419360231718246,8125,"R"
30244,"nio-stream-prod",1419360231726371,100782,"Running"
30244,"nio-stream-prod",1419360231827153,32812,"R"
30244,"nio-stream-prod",1419360231859965,478594,"Running"
30232,"nio-webserver-r",1419360232283507,30989,"R"
30232,"nio-webserver-r",1419360232314496,26563,"Running"
30244,"nio-stream-prod",1419360232338559,38750,"R+"
30232,"nio-webserver-r",1419360232341059,175573,"R"
30244,"nio-stream-prod",1419360232377309,40625,"Running"
30244,"nio-stream-prod",1419360232417934,99010,"S"
30232,"nio-webserver-r",1419360232516632,193750,"Running"
30244,"nio-stream-prod",1419360232516944,22813,"R"
30244,"nio-stream-prod",1419360232539757,345937,"Running"
30232,"nio-webserver-r",1419360232710382,107031,"R+"
30232,"nio-webserver-r",1419360232817413,94531,"Running"
30244,"nio-stream-prod",1419360232885694,146927,"S"
30232,"nio-webserver-r",1419360232911944,106302,"R"
30232,"nio-webserver-r",1419360233018246,53438,"Running"
30244,"nio-stream-prod",1419360233032621,36407,"R"
30244,"nio-stream-prod",1419360233069028,80625,"Running"
30232,"nio-webserver-r",1419360233071684,22135,"S"
30232,"nio-webserver-r",1419360233093819,22344,"R"
30232,"nio-webserver-r",1419360233116163,208646,"Running"
30244,"nio-stream-prod",1419360233149653,39570572,"S"
30232,"nio-webserver-r",1419360233324809,30930729,"S"
30232,"nio-webserver-r",1419360264255538,55625,"R"
30232,"nio-webserver-r",1419360264311163,233333,"Running"
30232,"nio-webserver-r",1419360264544496,11407,"S"
30232,"nio-webserver-r",1419360264555903,35781,"R"
30232,"nio-webserver-r",1419360264591684,183750,"Running"
30232,"nio-webserver-r",1419360264775434,871094,"S"
30232,"nio-webserver-r",1419360265646528,67187,"R"
30232,"nio-webserver-r",1419360265713715,373229,"Running"
30285,"NIO-Worker",1419360266042934,44010,"R"
30232,"nio-webserver-r",1419360266086944,6718281,"S"
30285,"NIO-Worker",1419360266086944,324688,"Running"
30285,"NIO-Worker",1419360266411632,1483489,"S"
30285,"NIO-Worker",1419360267895121,14219,"R"
30285,"NIO-Worker",1419360267909340,526198,"Running"
30285,"NIO-Worker",1419360268435538,62552,"R+"
30285,"NIO-Worker",1419360268498090,4844,"Running"
30285,"NIO-Worker",1419360268502934,59687,"S"
30285,"NIO-Worker",1419360268562621,26979,"R"
30285,"NIO-Worker",1419360268589600,54428,"Running"
30285,"NIO-Worker",1419360268644028,282135,"S"
30285,"NIO-Worker",1419360268926163,35677,"R"
30285,"NIO-Worker",1419360268961840,218750,"Running"
30285,"NIO-Worker",1419360269180590,296719,"S"
30285,"NIO-Worker",1419360269477309,48125,"R"
30285,"NIO-Worker",1419360269525434,22500,"Running"
30285,"NIO-Worker",1419360269547934,59844,"S"
30285,"NIO-Worker",1419360269607778,15312,"R"
30285,"NIO-Worker",1419360269623090,55573,"Running"
30285,"NIO-Worker",1419360269678663,43021,"S"
30285,"NIO-Worker",1419360269721684,13437,"R"
30285,"NIO-Worker",1419360269735121,2824219,"Running"
30285,"NIO-Worker",1419360272559340,32760,"S"
30285,"NIO-Worker",1419360272592100,28646,"R"
30285,"NIO-Worker",1419360272620746,231875,"Running"
30244,"nio-stream-prod",1419360272720225,16719,"R"
30244,"nio-stream-prod",1419360272736944,24740,"Running"
30244,"nio-stream-prod",1419360272761684,54219,"R"
30232,"nio-webserver-r",1419360272805225,24584,"R"
30244,"nio-stream-prod",1419360272815903,54947,"Running"
30232,"nio-webserver-r",1419360272829809,86719,"Running"
30244,"nio-stream-prod",1419360272870850,31303,"R"
30244,"nio-stream-prod",1419360272902153,147447,"Running"
30232,"nio-webserver-r",1419360272916528,29218,"R"
30232,"nio-webserver-r",1419360272945746,133750,"Running"
30244,"nio-stream-prod",1419360273049600,479115,"S"
30232,"nio-webserver-r",1419360273079496,162188,"R+"
30232,"nio-webserver-r",1419360273241684,57135,"Running"
30232,"nio-webserver-r",1419360273298819,17775000,"S"
30244,"nio-stream-prod",1419360273528715,33229,"R"
30244,"nio-stream-prod",1419360273561944,44740,"Running"
30244,"nio-stream-prod",1419360273606684,63594,"S"
30244,"nio-stream-prod",1419360273670278,61510,"R"
30244,"nio-stream-prod",1419360273731788,43333,"Running"
30244,"nio-stream-prod",1419360273775121,52136,"S"
30244,"nio-stream-prod",1419360273827257,43333,"R"
30244,"nio-stream-prod",1419360273870590,407344,"Running"
30244,"nio-stream-prod",1419360274277934,22812,"R"
30244,"nio-stream-prod",1419360274300746,16841042,"Running"
30232,"nio-webserver-r",1419360291073819,15834,"R"
30232,"nio-webserver-r",1419360291089653,349687,"Running"
30244,"nio-stream-prod",1419360291141788,52187,"R+"
30244,"nio-stream-prod",1419360291193975,207344,"Running"
30244,"nio-stream-prod",1419360291401319,19063,"S"
30244,"nio-stream-prod",1419360291420382,47031,"Running"
30232,"nio-webserver-r",1419360291439340,17760,"S"
30232,"nio-webserver-r",1419360291457100,183282,"Running"
