"ts","value","name"
1419263589590314,61545.000000,"Heap size (KB)"
1419263606292502,61577.000000,"Heap size (KB)"
1419263610483231,61609.000000,"Heap size (KB)"
1419263610817189,61641.000000,"Heap size (KB)"
1419263627473127,61673.000000,"Heap size (KB)"
1419263639317033,61705.000000,"Heap size (KB)"
1419263652500262,61737.000000,"Heap size (KB)"
1419263653788596,61769.000000,"Heap size (KB)"
1419263656187137,61801.000000,"Heap size (KB)"
1419263664280471,19796160512.000000,"mem.virt"
1419263664280471,0.000000,"mem.locked"
1419263664280471,382169088.000000,"mem.rss.watermark"
1419263664280471,302084096.000000,"mem.rss"
1419263664280471,112713728.000000,"mem.rss.anon"
1419263664280471,157634560.000000,"mem.rss.file"
1419263664280471,31735808.000000,"mem.rss.shmem"
1419263664280471,18595840.000000,"mem.swap"
1419263664280471,0.000000,"oom_score_adj"
1419263670447658,61833.000000,"Heap size (KB)"
1419263670701200,61865.000000,"Heap size (KB)"
1419263680006096,61901.000000,"Heap size (KB)"
1419263680988127,61973.000000,"Heap size (KB)"
1419263683267502,62489.000000,"Heap size (KB)"
1419263683273127,63005.000000,"Heap size (KB)"
1419263687332346,63037.000000,"Heap size (KB)"
1419263690086408,63069.000000,"Heap size (KB)"
1419263690773908,63101.000000,"Heap size (KB)"
1419263701641044,19796160512.000000,"mem.virt"
1419263701641044,0.000000,"mem.locked"
1419263701641044,382169088.000000,"mem.rss.watermark"
1419263701641044,302215168.000000,"mem.rss"
1419263701641044,112844800.000000,"mem.rss.anon"
1419263701641044,157634560.000000,"mem.rss.file"
1419263701641044,31735808.000000,"mem.rss.shmem"
1419263701641044,18595840.000000,"mem.swap"
1419263701641044,0.000000,"oom_score_adj"
1419263702019481,63133.000000,"Heap size (KB)"
1419263715749064,63165.000000,"Heap size (KB)"
1419263716605575,63197.000000,"Heap size (KB)"
1419263723632658,63229.000000,"Heap size (KB)"
1419263731259637,63265.000000,"Heap size (KB)"
1419263731960783,63337.000000,"Heap size (KB)"
1419263734289637,63853.000000,"Heap size (KB)"
1419263734295471,64369.000000,"Heap size (KB)"
1419263734467658,8959.000000,"Minflt-GC"
1419263734470158,0.000000,"Majflt-GC"
1419263734630939,9031.000000,"Minflt-GC"
1419263734632919,0.000000,"Majflt-GC"
1419263736480314,64401.000000,"Heap size (KB)"
1419263740917814,9176.000000,"Minflt-GC"
1419263740920939,0.000000,"Majflt-GC"
1419263741011564,64433.000000,"Heap size (KB)"
1419263745345575,64433.000000,"Heap size (KB)"
1419263745348283,28317.000000,"Heap size (KB)"
1419263747935887,28349.000000,"Heap size (KB)"
1419263748425471,22321.000000,"Heap size (KB)"
1419263748433439,9182.000000,"Minflt-GC"
1419263748436721,0.000000,"Majflt-GC"
1419263748465002,22353.000000,"Heap size (KB)"
1419263748476877,22385.000000,"Heap size (KB)"
1419263748491721,22417.000000,"Heap size (KB)"
1419263749134221,22449.000000,"Heap size (KB)"
1419263754492762,22481.000000,"Heap size (KB)"
1419263758890314,9228.000000,"Minflt-GC"
1419263758893908,0.000000,"Majflt-GC"
1419263763776044,6172672.000000,"freed_normal_object_bytes"
1419263763778596,36982784.000000,"freed_large_object_bytes"
1419263763780939,43155456.000000,"freed_bytes"
1419263768556877,22513.000000,"Heap size (KB)"
1419263768840627,22545.000000,"Heap size (KB)"
1419263780424794,22577.000000,"Heap size (KB)"
1419263782072658,22609.000000,"Heap size (KB)"
1419263783722658,19796160512.000000,"mem.virt"
1419263783722658,0.000000,"mem.locked"
1419263783722658,382169088.000000,"mem.rss.watermark"
1419263783722658,292626432.000000,"mem.rss"
1419263783722658,103124992.000000,"mem.rss.anon"
1419263783722658,157765632.000000,"mem.rss.file"
1419263783722658,31735808.000000,"mem.rss.shmem"
1419263783722658,18595840.000000,"mem.swap"
1419263783722658,0.000000,"oom_score_adj"
1419263783940106,22641.000000,"Heap size (KB)"
1419263785321721,22713.000000,"Heap size (KB)"
1419263787587137,23229.000000,"Heap size (KB)"
1419263787592658,23745.000000,"Heap size (KB)"
1419263795095314,23777.000000,"Heap size (KB)"
1419263796929377,23809.000000,"Heap size (KB)"
1419263797600106,23841.000000,"Heap size (KB)"
1419263799697762,23873.000000,"Heap size (KB)"
1419263816528127,23905.000000,"Heap size (KB)"
1419263818550262,23937.000000,"Heap size (KB)"
1419263833798856,23977.000000,"Heap size (KB)"
1419263834587814,24009.000000,"Heap size (KB)"
1419263836369533,24041.000000,"Heap size (KB)"
1419263837981721,24113.000000,"Heap size (KB)"
1419263840649846,24629.000000,"Heap size (KB)"
1419263840657137,25145.000000,"Heap size (KB)"
1419263840912189,25177.000000,"Heap size (KB)"
1419263846300939,25241.000000,"Heap size (KB)"
1419263846302814,25209.000000,"Heap size (KB)"
1419263846792971,25273.000000,"Heap size (KB)"
1419263847315887,25305.000000,"Heap size (KB)"
1419263865397189,25337.000000,"Heap size (KB)"
1419263882554689,25369.000000,"Heap size (KB)"
1419263883659221,19796160512.000000,"mem.virt"
1419263883659221,0.000000,"mem.locked"
1419263883659221,382169088.000000,"mem.rss.watermark"
1419263883659221,293019648.000000,"mem.rss"
1419263883659221,103518208.000000,"mem.rss.anon"
1419263883659221,157765632.000000,"mem.rss.file"
1419263883659221,31735808.000000,"mem.rss.shmem"
1419263883659221,18595840.000000,"mem.swap"
1419263883659221,0.000000,"oom_score_adj"
1419263885615471,25401.000000,"Heap size (KB)"
1419263892570314,25433.000000,"Heap size (KB)"
1419263894067814,25505.000000,"Heap size (KB)"
1419263894828596,25537.000000,"Heap size (KB)"
1419263896329325,26053.000000,"Heap size (KB)"
1419263896334846,26569.000000,"Heap size (KB)"
1419263897917502,26601.000000,"Heap size (KB)"
1419263898841252,26633.000000,"Heap size (KB)"
1419263909088596,26665.000000,"Heap size (KB)"
1419263928724377,26697.000000,"Heap size (KB)"
1419263937883856,26729.000000,"Heap size (KB)"
1419263939851408,26769.000000,"Heap size (KB)"
1419263940595471,26801.000000,"Heap size (KB)"
1419263942368908,26833.000000,"Heap size (KB)"
1419263942522814,26865.000000,"Heap size (KB)"
1419263943540939,26937.000000,"Heap size (KB)"
1419263945985002,27453.000000,"Heap size (KB)"
1419263945990002,27969.000000,"Heap size (KB)"
1419263952605887,28001.000000,"Heap size (KB)"
1419263955108752,28033.000000,"Heap size (KB)"
1419263966791200,28065.000000,"Heap size (KB)"
1419263966800939,28097.000000,"Heap size (KB)"
1419263977687814,28129.000000,"Heap size (KB)"
1419263978702137,28161.000000,"Heap size (KB)"
1419263981913596,28193.000000,"Heap size (KB)"
1419263981950939,28225.000000,"Heap size (KB)"
1419263983454064,19796160512.000000,"mem.virt"
1419263983454064,0.000000,"mem.locked"
1419263983454064,382169088.000000,"mem.rss.watermark"
1419263983454064,293543936.000000,"mem.rss"
1419263983454064,104042496.000000,"mem.rss.anon"
1419263983454064,157765632.000000,"mem.rss.file"
1419263983454064,31735808.000000,"mem.rss.shmem"
1419263983454064,18595840.000000,"mem.swap"
1419263983454064,0.000000,"oom_score_adj"
1419263991347293,28257.000000,"Heap size (KB)"
1419263996487502,28289.000000,"Heap size (KB)"
1419263996875002,28321.000000,"Heap size (KB)"
1419263999822033,28393.000000,"Heap size (KB)"
1419264002381356,28909.000000,"Heap size (KB)"
1419264002387658,29425.000000,"Heap size (KB)"
1419264007858387,29457.000000,"Heap size (KB)"
1419264014844481,29489.000000,"Heap size (KB)"
1419264016069221,29521.000000,"Heap size (KB)"
1419264019966408,29553.000000,"Heap size (KB)"
1419264029029064,29585.000000,"Heap size (KB)"
1419264052775262,29617.000000,"Heap size (KB)"
1419264053563856,29649.000000,"Heap size (KB)"
1419264054669064,29721.000000,"Heap size (KB)"
1419264057277971,30237.000000,"Heap size (KB)"
1419264057284064,30753.000000,"Heap size (KB)"
1419264062238283,30785.000000,"Heap size (KB)"
1419264064911200,30817.000000,"Heap size (KB)"
1419264072204846,30849.000000,"Heap size (KB)"
1419264077381252,30881.000000,"Heap size (KB)"
1419264078935575,30913.000000,"Heap size (KB)"
1419264083873543,19796160512.000000,"mem.virt"
1419264083873543,0.000000,"mem.locked"
1419264083873543,382169088.000000,"mem.rss.watermark"
1419264083873543,294199296.000000,"mem.rss"
1419264083873543,104697856.000000,"mem.rss.anon"
1419264083873543,157765632.000000,"mem.rss.file"
1419264083873543,31735808.000000,"mem.rss.shmem"
1419264083873543,18595840.000000,"mem.swap"
1419264083873543,0.000000,"oom_score_adj"
1419264091212814,30945.000000,"Heap size (KB)"
1419264101247502,30985.000000,"Heap size (KB)"
1419264102102606,31017.000000,"Heap size (KB)"
1419264106013752,31049.000000,"Heap size (KB)"
1419264106709168,31121.000000,"Heap size (KB)"
1419264109053387,31637.000000,"Heap size (KB)"
1419264109059377,32153.000000,"Heap size (KB)"
1419264121650470,32185.000000,"Heap size (KB)"
1419264122776095,32217.000000,"Heap size (KB)"
1419264131516877,32249.000000,"Heap size (KB)"
1419264151272345,32281.000000,"Heap size (KB)"
1419264152195783,32313.000000,"Heap size (KB)"
1419264152339220,32345.000000,"Heap size (KB)"
1419264157432970,32417.000000,"Heap size (KB)"
1419264159689689,32933.000000,"Heap size (KB)"
1419264159695470,33449.000000,"Heap size (KB)"
1419264162436095,33481.000000,"Heap size (KB)"
1419264172609220,33513.000000,"Heap size (KB)"
1419264173167137,33545.000000,"Heap size (KB)"
1419264173368543,33577.000000,"Heap size (KB)"
1419264184241877,19796160512.000000,"mem.virt"
1419264184241877,0.000000,"mem.locked"
1419264184241877,382169088.000000,"mem.rss.watermark"
1419264184241877,294723584.000000,"mem.rss"
1419264184241877,105222144.000000,"mem.rss.anon"
1419264184241877,157765632.000000,"mem.rss.file"
1419264184241877,31735808.000000,"mem.rss.shmem"
1419264184241877,18595840.000000,"mem.swap"
1419264184241877,0.000000,"oom_score_adj"
1419264200010002,33609.000000,"Heap size (KB)"
1419264202683439,33641.000000,"Heap size (KB)"
1419264211930783,33673.000000,"Heap size (KB)"
1419264212068908,33709.000000,"Heap size (KB)"
1419264212653856,33781.000000,"Heap size (KB)"
1419264215069377,34297.000000,"Heap size (KB)"
1419264215075418,34813.000000,"Heap size (KB)"
1419264215965158,34845.000000,"Heap size (KB)"
1419264226467918,34877.000000,"Heap size (KB)"
1419264230523439,34909.000000,"Heap size (KB)"
1419264238838752,34941.000000,"Heap size (KB)"
1419264255344689,34973.000000,"Heap size (KB)"
1419264258175418,35005.000000,"Heap size (KB)"
1419264258247345,35045.000000,"Heap size (KB)"
1419264265518908,35081.000000,"Heap size (KB)"
1419264266214689,35153.000000,"Heap size (KB)"
1419264268468387,35669.000000,"Heap size (KB)"
1419264268473595,36185.000000,"Heap size (KB)"
1419264276170627,36217.000000,"Heap size (KB)"
1419264278631564,36249.000000,"Heap size (KB)"
1419264280513752,36281.000000,"Heap size (KB)"
1419264283633700,19796160512.000000,"mem.virt"
1419264283633700,0.000000,"mem.locked"
1419264283633700,382169088.000000,"mem.rss.watermark"
1419264283633700,295510016.000000,"mem.rss"
1419264283633700,106008576.000000,"mem.rss.anon"
1419264283633700,157765632.000000,"mem.rss.file"
1419264283633700,31735808.000000,"mem.rss.shmem"
1419264283633700,18595840.000000,"mem.swap"
1419264283633700,0.000000,"oom_score_adj"
1419264284216252,36313.000000,"Heap size (KB)"
1419264305357918,36345.000000,"Heap size (KB)"
1419264306043231,36377.000000,"Heap size (KB)"
1419264309395158,36409.000000,"Heap size (KB)"
1419264314082293,36441.000000,"Heap size (KB)"
1419264316523752,36473.000000,"Heap size (KB)"
1419264317352345,36509.000000,"Heap size (KB)"
1419264318031877,36581.000000,"Heap size (KB)"
1419264320296252,37097.000000,"Heap size (KB)"
1419264320301095,37613.000000,"Heap size (KB)"
1419264320854481,37645.000000,"Heap size (KB)"
1419264351072606,37677.000000,"Heap size (KB)"
1419264355314950,37709.000000,"Heap size (KB)"
1419264357407814,37741.000000,"Heap size (KB)"
1419264363791877,37773.000000,"Heap size (KB)"
1419264364603439,37805.000000,"Heap size (KB)"
1419264370109377,37841.000000,"Heap size (KB)"
1419264370741720,37913.000000,"Heap size (KB)"
1419264373156720,38429.000000,"Heap size (KB)"
1419264373163387,38945.000000,"Heap size (KB)"
1419264384468700,19796160512.000000,"mem.virt"
1419264384468700,0.000000,"mem.locked"
1419264384468700,382169088.000000,"mem.rss.watermark"
1419264384468700,296296448.000000,"mem.rss"
1419264384468700,106795008.000000,"mem.rss.anon"
1419264384468700,157765632.000000,"mem.rss.file"
1419264384468700,31735808.000000,"mem.rss.shmem"
1419264384468700,18595840.000000,"mem.swap"
1419264384468700,0.000000,"oom_score_adj"
1419264398624481,38977.000000,"Heap size (KB)"
1419264399149220,39009.000000,"Heap size (KB)"
1419264399272814,39041.000000,"Heap size (KB)"
1419264414977814,39081.000000,"Heap size (KB)"
1419264416482814,39113.000000,"Heap size (KB)"
1419264417371564,39149.000000,"Heap size (KB)"
1419264418159793,39221.000000,"Heap size (KB)"
1419264420423075,39737.000000,"Heap size (KB)"
1419264420428543,40253.000000,"Heap size (KB)"
1419264421880002,40285.000000,"Heap size (KB)"
1419264437476720,40317.000000,"Heap size (KB)"
1419264438700783,40349.000000,"Heap size (KB)"
1419264471300314,40381.000000,"Heap size (KB)"
1419264471529064,40413.000000,"Heap size (KB)"
1419264472431252,40445.000000,"Heap size (KB)"
1419264478237033,40477.000000,"Heap size (KB)"
1419264479165887,40513.000000,"Heap size (KB)"
1419264479881877,40585.000000,"Heap size (KB)"
1419264482336825,41101.000000,"Heap size (KB)"
1419264482343856,41617.000000,"Heap size (KB)"
1419264484293908,19796160512.000000,"mem.virt"
1419264484293908,0.000000,"mem.locked"
1419264484293908,382169088.000000,"mem.rss.watermark"
1419264484293908,296427520.000000,"mem.rss"
1419264484293908,106926080.000000,"mem.rss.anon"
1419264484293908,157765632.000000,"mem.rss.file"
1419264484293908,31735808.000000,"mem.rss.shmem"
1419264484293908,18595840.000000,"mem.swap"
1419264484293908,0.000000,"oom_score_adj"
1419264484678908,41649.000000,"Heap size (KB)"
1419264496818595,41681.000000,"Heap size (KB)"
1419264511201252,41713.000000,"Heap size (KB)"
1419264522757814,41745.000000,"Heap size (KB)"
1419264529455158,41777.000000,"Heap size (KB)"
1419264530849533,41813.000000,"Heap size (KB)"
1419264531452658,41885.000000,"Heap size (KB)"
1419264533784168,42401.000000,"Heap size (KB)"
1419264533789012,42917.000000,"Heap size (KB)"
1419264535507970,42949.000000,"Heap size (KB)"
1419264542873908,42981.000000,"Heap size (KB)"
1419264557225470,43013.000000,"Heap size (KB)"
1419264573238856,43045.000000,"Heap size (KB)"
1419264576875939,43085.000000,"Heap size (KB)"
1419264576922970,43117.000000,"Heap size (KB)"
1419264578374689,43149.000000,"Heap size (KB)"
1419264579218231,43185.000000,"Heap size (KB)"
1419264579340939,43217.000000,"Heap size (KB)"
1419264579908595,43289.000000,"Heap size (KB)"
1419264582382762,43805.000000,"Heap size (KB)"
1419264582389377,44321.000000,"Heap size (KB)"
1419264584634845,19796160512.000000,"mem.virt"
1419264584634845,0.000000,"mem.locked"
1419264584634845,382169088.000000,"mem.rss.watermark"
1419264584634845,297213952.000000,"mem.rss"
1419264584634845,107712512.000000,"mem.rss.anon"
1419264584634845,157765632.000000,"mem.rss.file"
1419264584634845,31735808.000000,"mem.rss.shmem"
1419264584634845,18595840.000000,"mem.swap"
1419264584634845,0.000000,"oom_score_adj"
1419264590890627,44353.000000,"Heap size (KB)"
1419264596356981,44385.000000,"Heap size (KB)"
1419264613268283,44417.000000,"Heap size (KB)"
1419264625243439,44449.000000,"Heap size (KB)"
1419264625337189,44481.000000,"Heap size (KB)"
1419264627182658,44513.000000,"Heap size (KB)"
1419264637003595,44545.000000,"Heap size (KB)"
1419264638609220,44617.000000,"Heap size (KB)"
1419264641006252,44649.000000,"Heap size (KB)"
1419264641087606,45165.000000,"Heap size (KB)"
1419264641092762,45681.000000,"Heap size (KB)"
1419264652891720,45713.000000,"Heap size (KB)"
1419264663675158,45745.000000,"Heap size (KB)"
1419264664427814,45777.000000,"Heap size (KB)"
1419264683778908,19796160512.000000,"mem.virt"
1419264683778908,0.000000,"mem.locked"
1419264683778908,382169088.000000,"mem.rss.watermark"
1419264683778908,297963520.000000,"mem.rss"
1419264683778908,108462080.000000,"mem.rss.anon"
1419264683778908,157765632.000000,"mem.rss.file"
1419264683778908,31735808.000000,"mem.rss.shmem"
1419264683778908,18595840.000000,"mem.swap"
1419264683778908,0.000000,"oom_score_adj"
1419264685028439,45809.000000,"Heap size (KB)"
1419264685050939,45881.000000,"Heap size (KB)"
1419264687237814,45913.000000,"Heap size (KB)"
1419264687314845,46429.000000,"Heap size (KB)"
1419264687321252,46945.000000,"Heap size (KB)"
1419264687796408,46977.000000,"Heap size (KB)"
1419264697285158,47009.000000,"Heap size (KB)"
1419264714074220,47041.000000,"Heap size (KB)"
1419264717536668,47073.000000,"Heap size (KB)"
1419264726245783,47105.000000,"Heap size (KB)"
1419264727508595,47137.000000,"Heap size (KB)"
1419264736980939,47177.000000,"Heap size (KB)"
1419264742704845,47209.000000,"Heap size (KB)"
1419264745358231,47281.000000,"Heap size (KB)"
1419264747897814,47313.000000,"Heap size (KB)"
1419264747980783,47829.000000,"Heap size (KB)"
1419264747986720,48345.000000,"Heap size (KB)"
1419264757954064,48377.000000,"Heap size (KB)"
1419264765827918,48409.000000,"Heap size (KB)"
1419264770876251,48441.000000,"Heap size (KB)"
1419264770900158,48473.000000,"Heap size (KB)"
1419264778634168,48505.000000,"Heap size (KB)"
1419264783939949,19796160512.000000,"mem.virt"
1419264783939949,0.000000,"mem.locked"
1419264783939949,382169088.000000,"mem.rss.watermark"
1419264783939949,298598400.000000,"mem.rss"
1419264783939949,108965888.000000,"mem.rss.anon"
1419264783939949,157765632.000000,"mem.rss.file"
1419264783939949,31866880.000000,"mem.rss.shmem"
1419264783939949,18595840.000000,"mem.swap"
1419264783939949,0.000000,"oom_score_adj"
1419264790403595,48537.000000,"Heap size (KB)"
1419264792964012,48569.000000,"Heap size (KB)"
1419264804716876,48601.000000,"Heap size (KB)"
1419264806557918,48673.000000,"Heap size (KB)"
1419264808762137,48705.000000,"Heap size (KB)"
1419264808856408,49221.000000,"Heap size (KB)"
1419264808861356,49737.000000,"Heap size (KB)"
1419264816571408,49769.000000,"Heap size (KB)"
1419264822262345,49801.000000,"Heap size (KB)"
1419264824127658,49833.000000,"Heap size (KB)"
1419264824358543,49865.000000,"Heap size (KB)"
1419264846996251,49897.000000,"Heap size (KB)"
1419264848344689,49969.000000,"Heap size (KB)"
1419264850536408,50001.000000,"Heap size (KB)"
1419264850614012,50517.000000,"Heap size (KB)"
1419264850619168,51033.000000,"Heap size (KB)"
1419264856830001,51065.000000,"Heap size (KB)"
1419264859598074,51097.000000,"Heap size (KB)"
1419264859743595,51129.000000,"Heap size (KB)"
1419264865017762,51161.000000,"Heap size (KB)"
1419264875807814,51193.000000,"Heap size (KB)"
1419264883452501,19796160512.000000,"mem.virt"
1419264883452501,0.000000,"mem.locked"
1419264883452501,382169088.000000,"mem.rss.watermark"
1419264883452501,299618304.000000,"mem.rss"
1419264883452501,109854720.000000,"mem.rss.anon"
1419264883452501,157765632.000000,"mem.rss.file"
1419264883452501,31997952.000000,"mem.rss.shmem"
1419264883452501,18595840.000000,"mem.swap"
1419264883452501,0.000000,"oom_score_adj"
1419264890212449,51225.000000,"Heap size (KB)"
1419264897791876,51265.000000,"Heap size (KB)"
1419264902995626,51297.000000,"Heap size (KB)"
1419264904552762,51329.000000,"Heap size (KB)"
1419264904590783,51401.000000,"Heap size (KB)"
1419264905649689,51433.000000,"Heap size (KB)"
1419264907047345,51465.000000,"Heap size (KB)"
1419264907129324,51981.000000,"Heap size (KB)"
1419264907134949,52497.000000,"Heap size (KB)"
1419264927081668,52529.000000,"Heap size (KB)"
1419264936177345,52561.000000,"Heap size (KB)"
1419264951369689,52593.000000,"Heap size (KB)"
1419264952323595,52625.000000,"Heap size (KB)"
1419264952327189,52657.000000,"Heap size (KB)"
1419264953186824,52729.000000,"Heap size (KB)"
1419264955395887,52761.000000,"Heap size (KB)"
1419264955624220,53277.000000,"Heap size (KB)"
1419264955630470,53793.000000,"Heap size (KB)"
1419264956789533,53825.000000,"Heap size (KB)"
1419264960001512,53857.000000,"Heap size (KB)"
1419264977380783,53889.000000,"Heap size (KB)"
1419264984164220,19796160512.000000,"mem.virt"
1419264984164220,0.000000,"mem.locked"
1419264984164220,382169088.000000,"mem.rss.watermark"
1419264984164220,300142592.000000,"mem.rss"
1419264984164220,110379008.000000,"mem.rss.anon"
1419264984164220,157765632.000000,"mem.rss.file"
1419264984164220,31997952.000000,"mem.rss.shmem"
1419264984164220,18595840.000000,"mem.swap"
1419264984164220,0.000000,"oom_score_adj"
1419265013526824,53921.000000,"Heap size (KB)"
1419265013639064,53953.000000,"Heap size (KB)"
1419265013880158,54025.000000,"Heap size (KB)"
1419265016284793,54057.000000,"Heap size (KB)"
1419265016365106,54573.000000,"Heap size (KB)"
1419265016370262,55089.000000,"Heap size (KB)"
1419265019677918,55121.000000,"Heap size (KB)"
1419265023582658,55153.000000,"Heap size (KB)"
1419265031397918,55185.000000,"Heap size (KB)"
1419265059908699,55225.000000,"Heap size (KB)"
1419265062265418,55297.000000,"Heap size (KB)"
1419265063810314,55329.000000,"Heap size (KB)"
1419265064613231,55845.000000,"Heap size (KB)"
1419265064620158,56361.000000,"Heap size (KB)"
1419265065654533,56393.000000,"Heap size (KB)"
1419265076381043,56425.000000,"Heap size (KB)"
1419265076954481,56457.000000,"Heap size (KB)"
1419265077451199,56489.000000,"Heap size (KB)"
1419265077484949,56521.000000,"Heap size (KB)"
1419265077517033,56553.000000,"Heap size (KB)"
1419265077998283,56585.000000,"Heap size (KB)"
1419265078931876,56617.000000,"Heap size (KB)"
1419265079973595,56649.000000,"Heap size (KB)"
1419265080210262,56681.000000,"Heap size (KB)"
1419265080669064,56713.000000,"Heap size (KB)"
1419265080689376,56745.000000,"Heap size (KB)"
1419265080949637,56777.000000,"Heap size (KB)"
1419265081179168,56809.000000,"Heap size (KB)"
1419265081284845,56841.000000,"Heap size (KB)"
1419265081430887,56873.000000,"Heap size (KB)"
1419265081725314,56905.000000,"Heap size (KB)"
1419265082305939,56937.000000,"Heap size (KB)"
1419265085520418,19796160512.000000,"mem.virt"
1419265085520418,0.000000,"mem.locked"
1419265085520418,382169088.000000,"mem.rss.watermark"
1419265085520418,300929024.000000,"mem.rss"
1419265085520418,111165440.000000,"mem.rss.anon"
1419265085520418,157765632.000000,"mem.rss.file"
1419265085520418,31997952.000000,"mem.rss.shmem"
1419265085520418,18595840.000000,"mem.swap"
1419265085520418,0.000000,"oom_score_adj"
1419265100051408,56969.000000,"Heap size (KB)"
1419265114093439,57001.000000,"Heap size (KB)"
1419265114691876,57033.000000,"Heap size (KB)"
1419265116645731,57105.000000,"Heap size (KB)"
1419265118985783,57621.000000,"Heap size (KB)"
1419265118990887,58137.000000,"Heap size (KB)"
1419265132410158,58169.000000,"Heap size (KB)"
1419265133658595,58201.000000,"Heap size (KB)"
1419265134458231,58233.000000,"Heap size (KB)"
1419265150078543,58265.000000,"Heap size (KB)"
1419265171665158,58297.000000,"Heap size (KB)"
1419265176688595,58329.000000,"Heap size (KB)"
1419265178722918,58361.000000,"Heap size (KB)"
1419265181321720,58393.000000,"Heap size (KB)"
1419265182826668,58465.000000,"Heap size (KB)"
1419265183900158,19796160512.000000,"mem.virt"
1419265183900158,0.000000,"mem.locked"
1419265183900158,382169088.000000,"mem.rss.watermark"
1419265183900158,301924352.000000,"mem.rss"
1419265183900158,112160768.000000,"mem.rss.anon"
1419265183900158,157765632.000000,"mem.rss.file"
1419265183900158,31997952.000000,"mem.rss.shmem"
1419265183900158,18595840.000000,"mem.swap"
1419265183900158,0.000000,"oom_score_adj"
1419265185180418,58981.000000,"Heap size (KB)"
1419265185186512,59497.000000,"Heap size (KB)"
1419265186435158,59529.000000,"Heap size (KB)"
1419265187320939,59561.000000,"Heap size (KB)"
1419265187573439,59593.000000,"Heap size (KB)"
1419265201025262,59625.000000,"Heap size (KB)"
1419265205044533,59657.000000,"Heap size (KB)"
1419265212285626,59689.000000,"Heap size (KB)"
1419265219186564,59729.000000,"Heap size (KB)"
1419265222376251,59801.000000,"Heap size (KB)"
1419265224637658,60317.000000,"Heap size (KB)"
1419265224642501,60833.000000,"Heap size (KB)"
1419265226573595,60865.000000,"Heap size (KB)"
1419265242417970,60897.000000,"Heap size (KB)"
1419265244798126,60929.000000,"Heap size (KB)"
1419265250095001,60961.000000,"Heap size (KB)"
1419265255392033,60993.000000,"Heap size (KB)"
1419265274018751,61025.000000,"Heap size (KB)"
1419265275946251,61057.000000,"Heap size (KB)"
1419265276327293,61129.000000,"Heap size (KB)"
1419265278836408,61645.000000,"Heap size (KB)"
1419265278842918,62161.000000,"Heap size (KB)"
1419265281388751,62193.000000,"Heap size (KB)"
1419265282722970,62225.000000,"Heap size (KB)"
1419265282761199,62257.000000,"Heap size (KB)"
1419265282824949,62289.000000,"Heap size (KB)"
1419265284153126,62321.000000,"Heap size (KB)"
1419265284521876,19796160512.000000,"mem.virt"
1419265284521876,0.000000,"mem.locked"
1419265284521876,382169088.000000,"mem.rss.watermark"
1419265284521876,302710784.000000,"mem.rss"
1419265284521876,112947200.000000,"mem.rss.anon"
1419265284521876,157765632.000000,"mem.rss.file"
1419265284521876,31997952.000000,"mem.rss.shmem"
1419265284521876,18595840.000000,"mem.swap"
1419265284521876,0.000000,"oom_score_adj"
1419265287646251,62353.000000,"Heap size (KB)"
1419265306065574,62385.000000,"Heap size (KB)"
1419265311958751,62417.000000,"Heap size (KB)"
1419265337487033,62449.000000,"Heap size (KB)"
1419265337655158,62481.000000,"Heap size (KB)"
1419265338766564,62553.000000,"Heap size (KB)"
1419265340696095,62585.000000,"Heap size (KB)"
1419265341073751,63101.000000,"Heap size (KB)"
1419265341078908,63617.000000,"Heap size (KB)"
1419265360216251,63649.000000,"Heap size (KB)"
1419265362958439,63681.000000,"Heap size (KB)"
1419265376565262,63713.000000,"Heap size (KB)"
1419265379348855,63745.000000,"Heap size (KB)"
1419265380454845,63785.000000,"Heap size (KB)"
1419265383747189,19796160512.000000,"mem.virt"
1419265383747189,0.000000,"mem.locked"
1419265383747189,382169088.000000,"mem.rss.watermark"
1419265383747189,303366144.000000,"mem.rss"
1419265383747189,113602560.000000,"mem.rss.anon"
1419265383747189,157765632.000000,"mem.rss.file"
1419265383747189,31997952.000000,"mem.rss.shmem"
1419265383747189,18595840.000000,"mem.swap"
1419265383747189,0.000000,"oom_score_adj"
1419265386316980,63857.000000,"Heap size (KB)"
1419265389001095,64373.000000,"Heap size (KB)"
1419265389007658,64889.000000,"Heap size (KB)"
1419265390415001,64921.000000,"Heap size (KB)"
1419265393134064,64953.000000,"Heap size (KB)"
1419265413666876,64985.000000,"Heap size (KB)"
1419265424704689,65017.000000,"Heap size (KB)"
1419265425024220,65049.000000,"Heap size (KB)"
1419265427332970,65081.000000,"Heap size (KB)"
1419265429218439,65113.000000,"Heap size (KB)"
1419265434900782,65145.000000,"Heap size (KB)"
1419265439937449,65217.000000,"Heap size (KB)"
1419265442263230,65733.000000,"Heap size (KB)"
1419265442307657,66249.000000,"Heap size (KB)"
1419265442376564,9228.000000,"Minflt-GC"
1419265442379532,0.000000,"Majflt-GC"
1419265442460105,9228.000000,"Minflt-GC"
1419265442462657,0.000000,"Majflt-GC"
1419265464039689,66281.000000,"Heap size (KB)"
1419265470146564,66313.000000,"Heap size (KB)"
1419265471020730,9719.000000,"Minflt-GC"
1419265471023595,0.000000,"Majflt-GC"
1419265471294637,66345.000000,"Heap size (KB)"
1419265472026251,66377.000000,"Heap size (KB)"
1419265474590782,66377.000000,"Heap size (KB)"
1419265475206407,28909.000000,"Heap size (KB)"
1419265475452814,28941.000000,"Heap size (KB)"
1419265478234220,28973.000000,"Heap size (KB)"
1419265478467501,20669.000000,"Heap size (KB)"
1419265478474532,9739.000000,"Minflt-GC"
1419265478477189,0.000000,"Majflt-GC"
1419265478570157,20701.000000,"Heap size (KB)"
1419265480716564,20733.000000,"Heap size (KB)"
1419265481612189,20765.000000,"Heap size (KB)"
1419265483724949,19796160512.000000,"mem.virt"
1419265483724949,0.000000,"mem.locked"
1419265483724949,382169088.000000,"mem.rss.watermark"
1419265483724949,293519360.000000,"mem.rss"
1419265483724949,103755776.000000,"mem.rss.anon"
1419265483724949,157765632.000000,"mem.rss.file"
1419265483724949,31997952.000000,"mem.rss.shmem"
1419265483724949,18595840.000000,"mem.swap"
1419265483724949,0.000000,"oom_score_adj"
1419265484406251,20797.000000,"Heap size (KB)"
1419265489390262,20829.000000,"Heap size (KB)"
1419265491746980,20861.000000,"Heap size (KB)"
1419265492459689,9817.000000,"Minflt-GC"
1419265492462657,0.000000,"Majflt-GC"
1419265494922189,20893.000000,"Heap size (KB)"
1419265496337137,20965.000000,"Heap size (KB)"
1419265496618126,8503296.000000,"freed_normal_object_bytes"
1419265496620730,38367232.000000,"freed_large_object_bytes"
1419265496624064,46870528.000000,"freed_bytes"
1419265498575626,20997.000000,"Heap size (KB)"
1419265498733907,21029.000000,"Heap size (KB)"
1419265498904689,21545.000000,"Heap size (KB)"
1419265498910782,22061.000000,"Heap size (KB)"
1419265500519012,22093.000000,"Heap size (KB)"
1419265505158230,22125.000000,"Heap size (KB)"
1419265505468439,22157.000000,"Heap size (KB)"
1419265516738074,22189.000000,"Heap size (KB)"
1419265523508907,22221.000000,"Heap size (KB)"
1419265531427970,22253.000000,"Heap size (KB)"
1419265534248282,22285.000000,"Heap size (KB)"
1419265534367293,22317.000000,"Heap size (KB)"
1419265537482605,22349.000000,"Heap size (KB)"
1419265543572814,22389.000000,"Heap size (KB)"
1419265544623595,22421.000000,"Heap size (KB)"
1419265550065001,22453.000000,"Heap size (KB)"
1419265551384689,22525.000000,"Heap size (KB)"
1419265553618126,22557.000000,"Heap size (KB)"
1419265553679532,23073.000000,"Heap size (KB)"
1419265553685887,23589.000000,"Heap size (KB)"
1419265553925001,23621.000000,"Heap size (KB)"
1419265566150887,23653.000000,"Heap size (KB)"
1419265566777293,23685.000000,"Heap size (KB)"
1419265583553126,23717.000000,"Heap size (KB)"
1419265583752501,19796160512.000000,"mem.virt"
1419265583752501,0.000000,"mem.locked"
1419265583752501,382169088.000000,"mem.rss.watermark"
1419265583752501,293650432.000000,"mem.rss"
1419265583752501,103886848.000000,"mem.rss.anon"
1419265583752501,157765632.000000,"mem.rss.file"
1419265583752501,31997952.000000,"mem.rss.shmem"
1419265583752501,18595840.000000,"mem.swap"
1419265583752501,0.000000,"oom_score_adj"
1419265584897293,23749.000000,"Heap size (KB)"
1419265588500626,23781.000000,"Heap size (KB)"
1419265599828595,23813.000000,"Heap size (KB)"
1419265602179689,23845.000000,"Heap size (KB)"
1419265603467657,23917.000000,"Heap size (KB)"
1419265605997501,24433.000000,"Heap size (KB)"
1419265606004064,24949.000000,"Heap size (KB)"
1419265627360001,24981.000000,"Heap size (KB)"
1419265629083907,25013.000000,"Heap size (KB)"
1419265630787032,25045.000000,"Heap size (KB)"
1419265638555314,25077.000000,"Heap size (KB)"
1419265648017449,25109.000000,"Heap size (KB)"
1419265653634220,25149.000000,"Heap size (KB)"
1419265654629220,25181.000000,"Heap size (KB)"
1419265655801407,25213.000000,"Heap size (KB)"
1419265657028387,25285.000000,"Heap size (KB)"
1419265659329376,25801.000000,"Heap size (KB)"
1419265659334689,26317.000000,"Heap size (KB)"
1419265667452449,26349.000000,"Heap size (KB)"
1419265683637814,19796160512.000000,"mem.virt"
1419265683637814,0.000000,"mem.locked"
1419265683637814,382169088.000000,"mem.rss.watermark"
1419265683637814,294305792.000000,"mem.rss"
1419265683637814,104542208.000000,"mem.rss.anon"
1419265683637814,157765632.000000,"mem.rss.file"
1419265683637814,31997952.000000,"mem.rss.shmem"
1419265683637814,18595840.000000,"mem.swap"
1419265683637814,0.000000,"oom_score_adj"
1419265686267918,26381.000000,"Heap size (KB)"
1419265689812970,26413.000000,"Heap size (KB)"
1419265692167345,26445.000000,"Heap size (KB)"
1419265694839064,26477.000000,"Heap size (KB)"
1419265707192137,26509.000000,"Heap size (KB)"
1419265707337605,26541.000000,"Heap size (KB)"
1419265713203595,26573.000000,"Heap size (KB)"
1419265714315001,26645.000000,"Heap size (KB)"
1419265716578439,27161.000000,"Heap size (KB)"
1419265716583595,27677.000000,"Heap size (KB)"
1419265730652345,27709.000000,"Heap size (KB)"
1419265731714949,27741.000000,"Heap size (KB)"
1419265746597449,27773.000000,"Heap size (KB)"
1419265747561564,27805.000000,"Heap size (KB)"
1419265760606824,27837.000000,"Heap size (KB)"
1419265764312345,27869.000000,"Heap size (KB)"
1419265765013282,27941.000000,"Heap size (KB)"
1419265767273387,28457.000000,"Heap size (KB)"
1419265767279064,28973.000000,"Heap size (KB)"
1419265770732918,29005.000000,"Heap size (KB)"
1419265772331720,29037.000000,"Heap size (KB)"
1419265783925157,19796160512.000000,"mem.virt"
1419265783925157,0.000000,"mem.locked"
1419265783925157,382169088.000000,"mem.rss.watermark"
1419265783925157,294830080.000000,"mem.rss"
1419265783925157,105066496.000000,"mem.rss.anon"
1419265783925157,157765632.000000,"mem.rss.file"
1419265783925157,31997952.000000,"mem.rss.shmem"
1419265783925157,18595840.000000,"mem.swap"
1419265783925157,0.000000,"oom_score_adj"
1419265790217293,29069.000000,"Heap size (KB)"
1419265796769689,29101.000000,"Heap size (KB)"
1419265796911720,29133.000000,"Heap size (KB)"
1419265815288282,29173.000000,"Heap size (KB)"
1419265816048126,29205.000000,"Heap size (KB)"
1419265820133907,29277.000000,"Heap size (KB)"
1419265822672137,29793.000000,"Heap size (KB)"
1419265822678699,30309.000000,"Heap size (KB)"
1419265826915470,30341.000000,"Heap size (KB)"
1419265829227293,30373.000000,"Heap size (KB)"
1419265830259689,30405.000000,"Heap size (KB)"
1419265835487501,30437.000000,"Heap size (KB)"
1419265844270574,30469.000000,"Heap size (KB)"
1419265862995574,30501.000000,"Heap size (KB)"
1419265863220782,30533.000000,"Heap size (KB)"
1419265863497032,30565.000000,"Heap size (KB)"
1419265870658855,30597.000000,"Heap size (KB)"
1419265870801980,30629.000000,"Heap size (KB)"
1419265877364064,30701.000000,"Heap size (KB)"
1419265879726720,31217.000000,"Heap size (KB)"
1419265879732136,31733.000000,"Heap size (KB)"
1419265881319376,31765.000000,"Heap size (KB)"
1419265884310157,19796160512.000000,"mem.virt"
1419265884310157,0.000000,"mem.locked"
1419265884310157,382169088.000000,"mem.rss.watermark"
1419265884310157,295485440.000000,"mem.rss"
1419265884310157,105721856.000000,"mem.rss.anon"
1419265884310157,157765632.000000,"mem.rss.file"
1419265884310157,31997952.000000,"mem.rss.shmem"
1419265884310157,18595840.000000,"mem.swap"
1419265884310157,0.000000,"oom_score_adj"
1419265892131824,31797.000000,"Heap size (KB)"
1419265900588282,31829.000000,"Heap size (KB)"
1419265901368230,31861.000000,"Heap size (KB)"
1419265903917970,31893.000000,"Heap size (KB)"
1419265932237657,31925.000000,"Heap size (KB)"
1419265932981251,31961.000000,"Heap size (KB)"
1419265933749168,32033.000000,"Heap size (KB)"
1419265935252189,32065.000000,"Heap size (KB)"
1419265936033074,32581.000000,"Heap size (KB)"
1419265936037970,33097.000000,"Heap size (KB)"
1419265938142814,33129.000000,"Heap size (KB)"
1419265947557657,33161.000000,"Heap size (KB)"
1419265951618543,33193.000000,"Heap size (KB)"
1419265957341251,33225.000000,"Heap size (KB)"
1419265957890626,33257.000000,"Heap size (KB)"
1419265958284220,33289.000000,"Heap size (KB)"
1419265964452970,33321.000000,"Heap size (KB)"
1419265964658907,33353.000000,"Heap size (KB)"
1419265964789532,33385.000000,"Heap size (KB)"
1419265964925782,33417.000000,"Heap size (KB)"
1419265965575157,33449.000000,"Heap size (KB)"
1419265965629793,33481.000000,"Heap size (KB)"
1419265965823595,33513.000000,"Heap size (KB)"
1419265965836720,33545.000000,"Heap size (KB)"
1419265965911407,33577.000000,"Heap size (KB)"
1419265966318907,33609.000000,"Heap size (KB)"
1419265966467814,33641.000000,"Heap size (KB)"
1419265966521564,33673.000000,"Heap size (KB)"
1419265966569532,33705.000000,"Heap size (KB)"
1419265966625314,33737.000000,"Heap size (KB)"
1419265966645470,33769.000000,"Heap size (KB)"
1419265966695001,33801.000000,"Heap size (KB)"
1419265974483907,33833.000000,"Heap size (KB)"
1419265976605314,33865.000000,"Heap size (KB)"
1419265977705939,33905.000000,"Heap size (KB)"
1419265984381876,19796160512.000000,"mem.virt"
1419265984381876,0.000000,"mem.locked"
1419265984381876,382169088.000000,"mem.rss.watermark"
1419265984381876,296591360.000000,"mem.rss"
1419265984381876,106827776.000000,"mem.rss.anon"
1419265984381876,157765632.000000,"mem.rss.file"
1419265984381876,31997952.000000,"mem.rss.shmem"
1419265984381876,18595840.000000,"mem.swap"
1419265984381876,0.000000,"oom_score_adj"
1419265987994064,33937.000000,"Heap size (KB)"
1419265988974480,33969.000000,"Heap size (KB)"
1419265989180418,34001.000000,"Heap size (KB)"
1419265989284220,34037.000000,"Heap size (KB)"
1419265990107501,34109.000000,"Heap size (KB)"
1419265992379220,34625.000000,"Heap size (KB)"
1419265992384480,35141.000000,"Heap size (KB)"
1419266008420261,35173.000000,"Heap size (KB)"
1419266009272293,35205.000000,"Heap size (KB)"
1419266015927293,35237.000000,"Heap size (KB)"
1419266033698543,35269.000000,"Heap size (KB)"
1419266033791720,35301.000000,"Heap size (KB)"
1419266035007814,35337.000000,"Heap size (KB)"
1419266035754376,35409.000000,"Heap size (KB)"
1419266038243595,35925.000000,"Heap size (KB)"
1419266038249689,36441.000000,"Heap size (KB)"
1419266039023595,36473.000000,"Heap size (KB)"
1419266049611720,36505.000000,"Heap size (KB)"
1419266050314949,36537.000000,"Heap size (KB)"
1419266050563907,36569.000000,"Heap size (KB)"
1419266064612970,36601.000000,"Heap size (KB)"
1419266065639845,36633.000000,"Heap size (KB)"
1419266066393439,36665.000000,"Heap size (KB)"
1419266066563699,36697.000000,"Heap size (KB)"
1419266066886251,36729.000000,"Heap size (KB)"
1419266067442605,36761.000000,"Heap size (KB)"
1419266067474532,36793.000000,"Heap size (KB)"
1419266068582189,36825.000000,"Heap size (KB)"
1419266072295626,36857.000000,"Heap size (KB)"
1419266073100314,36889.000000,"Heap size (KB)"
1419266076319689,36921.000000,"Heap size (KB)"
1419266083293230,36953.000000,"Heap size (KB)"
1419266083895261,19796160512.000000,"mem.virt"
1419266083895261,0.000000,"mem.locked"
1419266083895261,382169088.000000,"mem.rss.watermark"
1419266083895261,297771008.000000,"mem.rss"
1419266083895261,108007424.000000,"mem.rss.anon"
1419266083895261,157765632.000000,"mem.rss.file"
1419266083895261,31997952.000000,"mem.rss.shmem"
1419266083895261,18595840.000000,"mem.swap"
1419266083895261,0.000000,"oom_score_adj"
1419266087409532,36989.000000,"Heap size (KB)"
1419266088972657,37061.000000,"Heap size (KB)"
1419266091287188,37577.000000,"Heap size (KB)"
1419266091293438,38093.000000,"Heap size (KB)"
1419266095755782,38125.000000,"Heap size (KB)"
1419266101963282,38157.000000,"Heap size (KB)"
1419266111502813,38189.000000,"Heap size (KB)"
1419266122685261,38221.000000,"Heap size (KB)"
1419266134047970,38253.000000,"Heap size (KB)"
1419266140091407,38293.000000,"Heap size (KB)"
1419266141663751,38325.000000,"Heap size (KB)"
1419266142607449,38361.000000,"Heap size (KB)"
1419266143276720,38433.000000,"Heap size (KB)"
1419266144201095,38465.000000,"Heap size (KB)"
1419266145540626,38981.000000,"Heap size (KB)"
1419266145545938,39497.000000,"Heap size (KB)"
1419266148570574,39529.000000,"Heap size (KB)"
1419266154252345,39561.000000,"Heap size (KB)"
1419266155577293,39593.000000,"Heap size (KB)"
1419266158088282,39625.000000,"Heap size (KB)"
1419266158536876,39657.000000,"Heap size (KB)"
1419266161080782,39689.000000,"Heap size (KB)"
1419266161375938,39721.000000,"Heap size (KB)"
1419266180147657,39753.000000,"Heap size (KB)"
1419266184652293,19796160512.000000,"mem.virt"
1419266184652293,0.000000,"mem.locked"
1419266184652293,382169088.000000,"mem.rss.watermark"
1419266184652293,298819584.000000,"mem.rss"
1419266184652293,109056000.000000,"mem.rss.anon"
1419266184652293,157765632.000000,"mem.rss.file"
1419266184652293,31997952.000000,"mem.rss.shmem"
1419266184652293,18595840.000000,"mem.swap"
1419266184652293,0.000000,"oom_score_adj"
1419266193075626,39785.000000,"Heap size (KB)"
1419266194182136,39817.000000,"Heap size (KB)"
1419266194941095,39849.000000,"Heap size (KB)"
1419266195747657,39881.000000,"Heap size (KB)"
1419266196973386,39917.000000,"Heap size (KB)"
1419266198117813,39989.000000,"Heap size (KB)"
1419266200433282,40505.000000,"Heap size (KB)"
1419266200439845,41021.000000,"Heap size (KB)"
1419266213213855,41053.000000,"Heap size (KB)"
1419266230357918,41085.000000,"Heap size (KB)"
1419266241608595,41117.000000,"Heap size (KB)"
1419266241859949,41149.000000,"Heap size (KB)"
1419266251819688,41181.000000,"Heap size (KB)"
1419266252435886,41213.000000,"Heap size (KB)"
1419266252741563,41249.000000,"Heap size (KB)"
1419266253519532,41321.000000,"Heap size (KB)"
1419266256134688,41837.000000,"Heap size (KB)"
1419266256144220,42353.000000,"Heap size (KB)"
1419266281138595,42385.000000,"Heap size (KB)"
1419266284296199,19796160512.000000,"mem.virt"
1419266284296199,0.000000,"mem.locked"
1419266284296199,382169088.000000,"mem.rss.watermark"
1419266284296199,299212800.000000,"mem.rss"
1419266284296199,109449216.000000,"mem.rss.anon"
1419266284296199,157765632.000000,"mem.rss.file"
1419266284296199,31997952.000000,"mem.rss.shmem"
1419266284296199,18595840.000000,"mem.swap"
1419266284296199,0.000000,"oom_score_adj"
1419266289863595,42417.000000,"Heap size (KB)"
1419266291809532,42449.000000,"Heap size (KB)"
1419266296568282,42481.000000,"Heap size (KB)"
1419266300244793,42513.000000,"Heap size (KB)"
1419266302009324,42553.000000,"Heap size (KB)"
1419266308393907,42589.000000,"Heap size (KB)"
1419266309283282,42661.000000,"Heap size (KB)"
1419266311775001,43177.000000,"Heap size (KB)"
1419266311781095,43693.000000,"Heap size (KB)"
1419266338277813,43725.000000,"Heap size (KB)"
1419266343108595,43757.000000,"Heap size (KB)"
1419266343241668,43789.000000,"Heap size (KB)"
1419266343338699,43821.000000,"Heap size (KB)"
1419266347124063,43853.000000,"Heap size (KB)"
1419266357111876,43885.000000,"Heap size (KB)"
1419266358671876,43917.000000,"Heap size (KB)"
1419266359840261,43989.000000,"Heap size (KB)"
1419266362221668,44021.000000,"Heap size (KB)"
1419266362304845,44537.000000,"Heap size (KB)"
1419266362310418,45053.000000,"Heap size (KB)"
1419266371840105,45085.000000,"Heap size (KB)"
1419266384218595,19796160512.000000,"mem.virt"
1419266384218595,0.000000,"mem.locked"
1419266384218595,382169088.000000,"mem.rss.watermark"
1419266384218595,299999232.000000,"mem.rss"
1419266384218595,110235648.000000,"mem.rss.anon"
1419266384218595,157765632.000000,"mem.rss.file"
1419266384218595,31997952.000000,"mem.rss.shmem"
1419266384218595,18595840.000000,"mem.swap"
1419266384218595,0.000000,"oom_score_adj"
1419266393667813,45117.000000,"Heap size (KB)"
1419266404364845,45149.000000,"Heap size (KB)"
1419266407069793,45181.000000,"Heap size (KB)"
1419266411449480,45213.000000,"Heap size (KB)"
1419266421293543,45285.000000,"Heap size (KB)"
1419266422096251,45317.000000,"Heap size (KB)"
1419266423650938,45349.000000,"Heap size (KB)"
1419266423731251,45865.000000,"Heap size (KB)"
1419266423736511,46381.000000,"Heap size (KB)"
1419266438169688,46413.000000,"Heap size (KB)"
1419266442431563,46445.000000,"Heap size (KB)"
1419266442650418,46477.000000,"Heap size (KB)"
1419266443505313,46509.000000,"Heap size (KB)"
1419266462198699,46549.000000,"Heap size (KB)"
1419266470499688,46581.000000,"Heap size (KB)"
1419266472018855,46653.000000,"Heap size (KB)"
1419266472715470,46685.000000,"Heap size (KB)"
1419266473213595,46717.000000,"Heap size (KB)"
1419266474228282,46749.000000,"Heap size (KB)"
1419266474306355,47265.000000,"Heap size (KB)"
1419266474311095,47781.000000,"Heap size (KB)"
1419266483728386,19796160512.000000,"mem.virt"
1419266483728386,0.000000,"mem.locked"
1419266483728386,382169088.000000,"mem.rss.watermark"
1419266483728386,300392448.000000,"mem.rss"
1419266483728386,110628864.000000,"mem.rss.anon"
1419266483728386,157765632.000000,"mem.rss.file"
1419266483728386,31997952.000000,"mem.rss.shmem"
1419266483728386,18595840.000000,"mem.swap"
1419266483728386,0.000000,"oom_score_adj"
1419266490457813,47813.000000,"Heap size (KB)"
1419266492643543,47845.000000,"Heap size (KB)"
1419266510465782,47877.000000,"Heap size (KB)"
1419266514704688,47909.000000,"Heap size (KB)"
1419266520154376,47981.000000,"Heap size (KB)"
1419266521808282,48013.000000,"Heap size (KB)"
1419266522797188,48045.000000,"Heap size (KB)"
1419266522878907,48561.000000,"Heap size (KB)"
1419266522884636,49077.000000,"Heap size (KB)"
1419266530271042,49109.000000,"Heap size (KB)"
1419266534392657,49141.000000,"Heap size (KB)"
1419266537792501,49173.000000,"Heap size (KB)"
1419266566094324,49205.000000,"Heap size (KB)"
1419266567616720,49277.000000,"Heap size (KB)"
1419266567982761,49309.000000,"Heap size (KB)"
1419266569818907,49341.000000,"Heap size (KB)"
1419266569896251,49857.000000,"Heap size (KB)"
1419266569901095,50373.000000,"Heap size (KB)"
1419266580063907,50405.000000,"Heap size (KB)"
1419266584057605,19796160512.000000,"mem.virt"
1419266584057605,0.000000,"mem.locked"
1419266584057605,382169088.000000,"mem.rss.watermark"
1419266584057605,301178880.000000,"mem.rss"
1419266584057605,111415296.000000,"mem.rss.anon"
1419266584057605,157765632.000000,"mem.rss.file"
1419266584057605,31997952.000000,"mem.rss.shmem"
1419266584057605,18595840.000000,"mem.swap"
1419266584057605,0.000000,"oom_score_adj"
1419266601649532,50437.000000,"Heap size (KB)"
1419266602378751,50469.000000,"Heap size (KB)"
1419266604534063,50501.000000,"Heap size (KB)"
1419266614579636,50533.000000,"Heap size (KB)"
1419266616557188,50573.000000,"Heap size (KB)"
1419266624806095,50645.000000,"Heap size (KB)"
1419266627049532,50677.000000,"Heap size (KB)"
1419266627127345,51193.000000,"Heap size (KB)"
1419266627132345,51709.000000,"Heap size (KB)"
1419266631057345,51741.000000,"Heap size (KB)"
1419266643776563,51773.000000,"Heap size (KB)"
1419266655012501,51805.000000,"Heap size (KB)"
1419266655110782,51837.000000,"Heap size (KB)"
1419266655444845,51869.000000,"Heap size (KB)"
1419266655944845,51901.000000,"Heap size (KB)"
1419266664242813,51933.000000,"Heap size (KB)"
1419266669142761,51965.000000,"Heap size (KB)"
1419266671472188,52037.000000,"Heap size (KB)"
1419266673810417,52069.000000,"Heap size (KB)"
1419266673892501,52585.000000,"Heap size (KB)"
1419266673898438,53101.000000,"Heap size (KB)"
1419266685472188,19796160512.000000,"mem.virt"
1419266685472188,0.000000,"mem.locked"
1419266685472188,382169088.000000,"mem.rss.watermark"
1419266685472188,301703168.000000,"mem.rss"
1419266685472188,111939584.000000,"mem.rss.anon"
1419266685472188,157765632.000000,"mem.rss.file"
1419266685472188,31997952.000000,"mem.rss.shmem"
1419266685472188,18595840.000000,"mem.swap"
1419266685472188,0.000000,"oom_score_adj"
1419266699420470,53133.000000,"Heap size (KB)"
1419266699694167,53165.000000,"Heap size (KB)"
1419266699779636,53197.000000,"Heap size (KB)"
1419266713668907,53229.000000,"Heap size (KB)"
1419266721625730,53261.000000,"Heap size (KB)"
1419266728360157,53333.000000,"Heap size (KB)"
1419266730909845,53365.000000,"Heap size (KB)"
1419266730989376,53881.000000,"Heap size (KB)"
1419266730994532,54397.000000,"Heap size (KB)"
1419266739452188,54429.000000,"Heap size (KB)"
1419266742763907,54461.000000,"Heap size (KB)"
1419266743835938,54493.000000,"Heap size (KB)"
1419266756945105,54525.000000,"Heap size (KB)"
1419266771738230,54557.000000,"Heap size (KB)"
1419266778195105,54597.000000,"Heap size (KB)"
1419266780703594,54669.000000,"Heap size (KB)"
1419266780884844,54701.000000,"Heap size (KB)"
1419266783092657,55217.000000,"Heap size (KB)"
1419266783098386,55733.000000,"Heap size (KB)"
1419266784650313,19796160512.000000,"mem.virt"
1419266784650313,0.000000,"mem.locked"
1419266784650313,382169088.000000,"mem.rss.watermark"
1419266784650313,302358528.000000,"mem.rss"
1419266784650313,112594944.000000,"mem.rss.anon"
1419266784650313,157765632.000000,"mem.rss.file"
1419266784650313,31997952.000000,"mem.rss.shmem"
1419266784650313,18595840.000000,"mem.swap"
1419266784650313,0.000000,"oom_score_adj"
1419266790116563,55765.000000,"Heap size (KB)"
1419266790562188,55797.000000,"Heap size (KB)"
1419266797664688,55829.000000,"Heap size (KB)"
1419266815219844,55861.000000,"Heap size (KB)"
1419266822197657,55893.000000,"Heap size (KB)"
1419266824934532,55925.000000,"Heap size (KB)"
1419266831946199,55957.000000,"Heap size (KB)"
1419266840138074,56029.000000,"Heap size (KB)"
1419266842420782,56545.000000,"Heap size (KB)"
1419266842425730,57061.000000,"Heap size (KB)"
1419266843986199,57093.000000,"Heap size (KB)"
1419266845264011,57125.000000,"Heap size (KB)"
1419266855591094,57157.000000,"Heap size (KB)"
1419266865878542,57189.000000,"Heap size (KB)"
1419266872433907,57221.000000,"Heap size (KB)"
1419266883768074,19796160512.000000,"mem.virt"
1419266883768074,0.000000,"mem.locked"
1419266883768074,382169088.000000,"mem.rss.watermark"
1419266883768074,302751744.000000,"mem.rss"
1419266883768074,112988160.000000,"mem.rss.anon"
1419266883768074,157765632.000000,"mem.rss.file"
1419266883768074,31997952.000000,"mem.rss.shmem"
1419266883768074,18595840.000000,"mem.swap"
1419266883768074,0.000000,"oom_score_adj"
1419266894564532,57253.000000,"Heap size (KB)"
1419266894578126,57285.000000,"Heap size (KB)"
1419266894786094,57357.000000,"Heap size (KB)"
1419266895641511,57389.000000,"Heap size (KB)"
1419266897408282,57905.000000,"Heap size (KB)"
1419266897415574,58421.000000,"Heap size (KB)"
1419266907725626,58453.000000,"Heap size (KB)"
1419266928112188,58485.000000,"Heap size (KB)"
1419266929773074,58517.000000,"Heap size (KB)"
1419266941084219,58549.000000,"Heap size (KB)"
1419266942278594,58581.000000,"Heap size (KB)"
1419266942513386,58621.000000,"Heap size (KB)"
1419266948787605,58653.000000,"Heap size (KB)"
1419266950163282,58725.000000,"Heap size (KB)"
1419266952425469,59241.000000,"Heap size (KB)"
1419266952430626,59757.000000,"Heap size (KB)"
1419266961234063,59789.000000,"Heap size (KB)"
1419266963125730,59821.000000,"Heap size (KB)"
1419266984000626,19796160512.000000,"mem.virt"
1419266984000626,0.000000,"mem.locked"
1419266984000626,382169088.000000,"mem.rss.watermark"
1419266984000626,303538176.000000,"mem.rss"
1419266984000626,113774592.000000,"mem.rss.anon"
1419266984000626,157765632.000000,"mem.rss.file"
1419266984000626,31997952.000000,"mem.rss.shmem"
1419266984000626,18595840.000000,"mem.swap"
1419266984000626,0.000000,"oom_score_adj"
1419266984725626,59853.000000,"Heap size (KB)"
1419266985155938,59885.000000,"Heap size (KB)"
1419266999372136,59917.000000,"Heap size (KB)"
1419266999549688,59949.000000,"Heap size (KB)"
1419266999753594,59981.000000,"Heap size (KB)"
1419267001335469,60053.000000,"Heap size (KB)"
1419267004457657,60569.000000,"Heap size (KB)"
1419267004463230,61085.000000,"Heap size (KB)"
1419267013476355,61117.000000,"Heap size (KB)"
1419267031173751,61149.000000,"Heap size (KB)"
1419267036721407,61181.000000,"Heap size (KB)"
1419267040106042,61213.000000,"Heap size (KB)"
1419267048364167,61245.000000,"Heap size (KB)"
1419267061835574,61317.000000,"Heap size (KB)"
1419267064222761,61833.000000,"Heap size (KB)"
1419267064227501,62349.000000,"Heap size (KB)"
1419267064306094,62381.000000,"Heap size (KB)"
1419267075269324,62413.000000,"Heap size (KB)"
1419267077981094,62445.000000,"Heap size (KB)"
1419267078048751,62477.000000,"Heap size (KB)"
1419267083920938,19796160512.000000,"mem.virt"
1419267083920938,0.000000,"mem.locked"
1419267083920938,382169088.000000,"mem.rss.watermark"
1419267083920938,304455680.000000,"mem.rss"
1419267083920938,114692096.000000,"mem.rss.anon"
1419267083920938,157765632.000000,"mem.rss.file"
1419267083920938,31997952.000000,"mem.rss.shmem"
1419267083920938,18595840.000000,"mem.swap"
1419267083920938,0.000000,"oom_score_adj"
1419267089496667,62509.000000,"Heap size (KB)"
1419267100205938,62549.000000,"Heap size (KB)"
1419267106708907,62621.000000,"Heap size (KB)"
1419267106795938,9817.000000,"Minflt-GC"
1419267106799063,0.000000,"Majflt-GC"
1419267106994376,9889.000000,"Minflt-GC"
1419267106997188,0.000000,"Majflt-GC"
1419267109192501,63137.000000,"Heap size (KB)"
1419267109197969,63653.000000,"Heap size (KB)"
1419267110930001,63685.000000,"Heap size (KB)"
1419267114225417,10092.000000,"Minflt-GC"
1419267114228126,0.000000,"Majflt-GC"
1419267114264480,63717.000000,"Heap size (KB)"
1419267114265938,63749.000000,"Heap size (KB)"
1419267115866407,63781.000000,"Heap size (KB)"
1419267118291251,63781.000000,"Heap size (KB)"
1419267118294063,29629.000000,"Heap size (KB)"
1419267120912032,29661.000000,"Heap size (KB)"
1419267121049480,20773.000000,"Heap size (KB)"
1419267121056876,10103.000000,"Minflt-GC"
1419267121059688,0.000000,"Majflt-GC"
1419267121689532,20805.000000,"Heap size (KB)"
1419267122522605,20837.000000,"Heap size (KB)"
1419267133009219,10162.000000,"Minflt-GC"
1419267133012501,0.000000,"Majflt-GC"
1419267138051563,9101312.000000,"freed_normal_object_bytes"
1419267138054480,34971648.000000,"freed_large_object_bytes"
1419267138056719,44072960.000000,"freed_bytes"
1419267145497501,20869.000000,"Heap size (KB)"
1419267151741563,20901.000000,"Heap size (KB)"
1419267153153907,20933.000000,"Heap size (KB)"
1419267153434063,20965.000000,"Heap size (KB)"
1419267153712344,20997.000000,"Heap size (KB)"
1419267155315730,21069.000000,"Heap size (KB)"
1419267155542449,21101.000000,"Heap size (KB)"
1419267156446042,21133.000000,"Heap size (KB)"
1419267157605626,21649.000000,"Heap size (KB)"
1419267157610938,22165.000000,"Heap size (KB)"
1419267157831563,22197.000000,"Heap size (KB)"
1419267164297032,22229.000000,"Heap size (KB)"
1419267169880626,22261.000000,"Heap size (KB)"
1419267184180469,19796160512.000000,"mem.virt"
1419267184180469,0.000000,"mem.locked"
1419267184180469,382169088.000000,"mem.rss.watermark"
1419267184180469,293253120.000000,"mem.rss"
1419267184180469,103489536.000000,"mem.rss.anon"
1419267184180469,157765632.000000,"mem.rss.file"
1419267184180469,31997952.000000,"mem.rss.shmem"
1419267184180469,18595840.000000,"mem.swap"
1419267184180469,0.000000,"oom_score_adj"
1419267187852761,22293.000000,"Heap size (KB)"
1419267188032969,22325.000000,"Heap size (KB)"
1419267188235938,22357.000000,"Heap size (KB)"
1419267202700001,22389.000000,"Heap size (KB)"
1419267203288073,22421.000000,"Heap size (KB)"
1419267206720469,22461.000000,"Heap size (KB)"
1419267207373282,22493.000000,"Heap size (KB)"
1419267213456198,22525.000000,"Heap size (KB)"
1419267214276094,22557.000000,"Heap size (KB)"
1419267214584219,22629.000000,"Heap size (KB)"
1419267216913542,23145.000000,"Heap size (KB)"
1419267216920157,23661.000000,"Heap size (KB)"
1419267218961094,23693.000000,"Heap size (KB)"
1419267227549480,23725.000000,"Heap size (KB)"
1419267230288751,23757.000000,"Heap size (KB)"
1419267230879792,23789.000000,"Heap size (KB)"
1419267243918751,23821.000000,"Heap size (KB)"
1419267260228751,23853.000000,"Heap size (KB)"
1419267262094532,23885.000000,"Heap size (KB)"
1419267268749167,23917.000000,"Heap size (KB)"
1419267268995157,23949.000000,"Heap size (KB)"
1419267270051823,24021.000000,"Heap size (KB)"
1419267272265886,24537.000000,"Heap size (KB)"
1419267272270417,25053.000000,"Heap size (KB)"
1419267272279167,25085.000000,"Heap size (KB)"
1419267284215886,19796160512.000000,"mem.virt"
1419267284215886,0.000000,"mem.locked"
1419267284215886,382169088.000000,"mem.rss.watermark"
1419267284215886,293834752.000000,"mem.rss"
1419267284215886,104071168.000000,"mem.rss.anon"
1419267284215886,157765632.000000,"mem.rss.file"
1419267284215886,31997952.000000,"mem.rss.shmem"
1419267284215886,18595840.000000,"mem.swap"
1419267284215886,0.000000,"oom_score_adj"
1419267287869063,25117.000000,"Heap size (KB)"
1419267301384063,25149.000000,"Heap size (KB)"
1419267301526563,25181.000000,"Heap size (KB)"
1419267305703282,25213.000000,"Heap size (KB)"
1419267317517501,25253.000000,"Heap size (KB)"
1419267318660782,25285.000000,"Heap size (KB)"
1419267319351980,25317.000000,"Heap size (KB)"
1419267323041094,25349.000000,"Heap size (KB)"
1419267324211251,25381.000000,"Heap size (KB)"
1419267325141563,25453.000000,"Heap size (KB)"
1419267327627032,25969.000000,"Heap size (KB)"
1419267327633594,26485.000000,"Heap size (KB)"
1419267338209219,26517.000000,"Heap size (KB)"
1419267353778907,26549.000000,"Heap size (KB)"
1419267353862813,26581.000000,"Heap size (KB)"
1419267355023855,26613.000000,"Heap size (KB)"
1419267367709792,26645.000000,"Heap size (KB)"
1419267367853907,26677.000000,"Heap size (KB)"
1419267370299480,26749.000000,"Heap size (KB)"
1419267372919323,27265.000000,"Heap size (KB)"
1419267372924948,27781.000000,"Heap size (KB)"
1419267376667969,27813.000000,"Heap size (KB)"
1419267384321198,19796160512.000000,"mem.virt"
1419267384321198,0.000000,"mem.locked"
1419267384321198,382169088.000000,"mem.rss.watermark"
1419267384321198,294359040.000000,"mem.rss"
1419267384321198,104595456.000000,"mem.rss.anon"
1419267384321198,157765632.000000,"mem.rss.file"
1419267384321198,31997952.000000,"mem.rss.shmem"
1419267384321198,18595840.000000,"mem.swap"
1419267384321198,0.000000,"oom_score_adj"
1419267389205000,27845.000000,"Heap size (KB)"
1419267400935886,27877.000000,"Heap size (KB)"
1419267400960105,27909.000000,"Heap size (KB)"
1419267401133438,27941.000000,"Heap size (KB)"
1419267415367969,27973.000000,"Heap size (KB)"
1419267419404844,28005.000000,"Heap size (KB)"
1419267430034688,28077.000000,"Heap size (KB)"
1419267432300313,28593.000000,"Heap size (KB)"
1419267432306407,29109.000000,"Heap size (KB)"
1419267446087917,29141.000000,"Heap size (KB)"
1419267455270313,29173.000000,"Heap size (KB)"
1419267456298907,29205.000000,"Heap size (KB)"
1419267458968125,29237.000000,"Heap size (KB)"
1419267459472344,29269.000000,"Heap size (KB)"
1419267472414792,29309.000000,"Heap size (KB)"
1419267473294688,29341.000000,"Heap size (KB)"
1419267475432032,29413.000000,"Heap size (KB)"
1419267477992500,29929.000000,"Heap size (KB)"
1419267477997917,30445.000000,"Heap size (KB)"
1419267484238282,19796160512.000000,"mem.virt"
1419267484238282,0.000000,"mem.locked"
1419267484238282,382169088.000000,"mem.rss.watermark"
1419267484238282,295014400.000000,"mem.rss"
1419267484238282,105250816.000000,"mem.rss.anon"
1419267484238282,157765632.000000,"mem.rss.file"
1419267484238282,31997952.000000,"mem.rss.shmem"
1419267484238282,18595840.000000,"mem.swap"
1419267484238282,0.000000,"oom_score_adj"
1419267496610157,30477.000000,"Heap size (KB)"
1419267503369948,30509.000000,"Heap size (KB)"
1419267504390625,30541.000000,"Heap size (KB)"
1419267510317813,30573.000000,"Heap size (KB)"
1419267510566511,30605.000000,"Heap size (KB)"
1419267510627500,30637.000000,"Heap size (KB)"
1419267525894167,30669.000000,"Heap size (KB)"
1419267526062292,30701.000000,"Heap size (KB)"
1419267530287188,30733.000000,"Heap size (KB)"
1419267530988386,30765.000000,"Heap size (KB)"
1419267532632032,30837.000000,"Heap size (KB)"
1419267535066875,31353.000000,"Heap size (KB)"
1419267535074844,31869.000000,"Heap size (KB)"
1419267542394844,31901.000000,"Heap size (KB)"
1419267543161563,31933.000000,"Heap size (KB)"
1419267543172292,31965.000000,"Heap size (KB)"
1419267569542813,31997.000000,"Heap size (KB)"
1419267580114219,32029.000000,"Heap size (KB)"
1419267583840157,19796160512.000000,"mem.virt"
1419267583840157,0.000000,"mem.locked"
1419267583840157,382169088.000000,"mem.rss.watermark"
1419267583840157,295931904.000000,"mem.rss"
1419267583840157,106168320.000000,"mem.rss.anon"
1419267583840157,157765632.000000,"mem.rss.file"
1419267583840157,31997952.000000,"mem.rss.shmem"
1419267583840157,18595840.000000,"mem.swap"
1419267583840157,0.000000,"oom_score_adj"
1419267585450417,32061.000000,"Heap size (KB)"
1419267586214219,32097.000000,"Heap size (KB)"
1419267586969844,32169.000000,"Heap size (KB)"
1419267589584688,32685.000000,"Heap size (KB)"
1419267589590313,33201.000000,"Heap size (KB)"
1419267593251823,33233.000000,"Heap size (KB)"
1419267602579219,33265.000000,"Heap size (KB)"
1419267608642605,33297.000000,"Heap size (KB)"
1419267626703125,33329.000000,"Heap size (KB)"
1419267632157448,33369.000000,"Heap size (KB)"
1419267637398073,33401.000000,"Heap size (KB)"
1419267639417813,33437.000000,"Heap size (KB)"
1419267640144167,33509.000000,"Heap size (KB)"
1419267642520469,34025.000000,"Heap size (KB)"
1419267642542032,34541.000000,"Heap size (KB)"
1419267658003907,34573.000000,"Heap size (KB)"
1419267658648542,34605.000000,"Heap size (KB)"
1419267679051355,34637.000000,"Heap size (KB)"
1419267683522292,19796160512.000000,"mem.virt"
1419267683522292,0.000000,"mem.locked"
1419267683522292,382169088.000000,"mem.rss.watermark"
1419267683522292,296587264.000000,"mem.rss"
1419267683522292,106823680.000000,"mem.rss.anon"
1419267683522292,157765632.000000,"mem.rss.file"
1419267683522292,31997952.000000,"mem.rss.shmem"
1419267683522292,18595840.000000,"mem.swap"
1419267683522292,0.000000,"oom_score_adj"
1419267687886667,34669.000000,"Heap size (KB)"
1419267688442188,34701.000000,"Heap size (KB)"
1419267689955261,34737.000000,"Heap size (KB)"
1419267690730573,34809.000000,"Heap size (KB)"
1419267692736563,34841.000000,"Heap size (KB)"
1419267693037344,35357.000000,"Heap size (KB)"
1419267693042657,35873.000000,"Heap size (KB)"
1419267700040313,35905.000000,"Heap size (KB)"
1419267703102448,35937.000000,"Heap size (KB)"
1419267722677448,35969.000000,"Heap size (KB)"
1419267738115573,36001.000000,"Heap size (KB)"
1419267738842188,36033.000000,"Heap size (KB)"
1419267738987188,36065.000000,"Heap size (KB)"
1419267742645625,36097.000000,"Heap size (KB)"
1419267743967500,36133.000000,"Heap size (KB)"
1419267744664063,36205.000000,"Heap size (KB)"
1419267747077136,36721.000000,"Heap size (KB)"
1419267747083594,37237.000000,"Heap size (KB)"
1419267776238594,37269.000000,"Heap size (KB)"
1419267784337657,19796160512.000000,"mem.virt"
1419267784337657,0.000000,"mem.locked"
1419267784337657,382169088.000000,"mem.rss.watermark"
1419267784337657,296718336.000000,"mem.rss"
1419267784337657,106954752.000000,"mem.rss.anon"
1419267784337657,157765632.000000,"mem.rss.file"
1419267784337657,31997952.000000,"mem.rss.shmem"
1419267784337657,18595840.000000,"mem.swap"
1419267784337657,0.000000,"oom_score_adj"
1419267786661094,37301.000000,"Heap size (KB)"
1419267789272500,37333.000000,"Heap size (KB)"
1419267792896094,37373.000000,"Heap size (KB)"
1419267793982032,37405.000000,"Heap size (KB)"
1419267800083386,37437.000000,"Heap size (KB)"
1419267800735313,37473.000000,"Heap size (KB)"
1419267801422657,37545.000000,"Heap size (KB)"
1419267802508073,37577.000000,"Heap size (KB)"
1419267804115157,38093.000000,"Heap size (KB)"
1419267804120625,38609.000000,"Heap size (KB)"
1419267821802813,38641.000000,"Heap size (KB)"
1419267822374532,38673.000000,"Heap size (KB)"
1419267837621563,38705.000000,"Heap size (KB)"
1419267837960729,38737.000000,"Heap size (KB)"
1419267838217188,38769.000000,"Heap size (KB)"
1419267843956250,38801.000000,"Heap size (KB)"
1419267851441667,38837.000000,"Heap size (KB)"
1419267852161563,38909.000000,"Heap size (KB)"
1419267854479532,39425.000000,"Heap size (KB)"
1419267854486511,39941.000000,"Heap size (KB)"
1419267866645417,39973.000000,"Heap size (KB)"
1419267874249479,40005.000000,"Heap size (KB)"
1419267877887032,40037.000000,"Heap size (KB)"
1419267879439532,40069.000000,"Heap size (KB)"
1419267884747344,19796160512.000000,"mem.virt"
1419267884747344,0.000000,"mem.locked"
1419267884747344,382169088.000000,"mem.rss.watermark"
1419267884747344,297897984.000000,"mem.rss"
1419267884747344,108134400.000000,"mem.rss.anon"
1419267884747344,157765632.000000,"mem.rss.file"
1419267884747344,31997952.000000,"mem.rss.shmem"
1419267884747344,18595840.000000,"mem.swap"
1419267884747344,0.000000,"oom_score_adj"
1419267901272969,40105.000000,"Heap size (KB)"
1419267901966511,40177.000000,"Heap size (KB)"
1419267904494479,40693.000000,"Heap size (KB)"
1419267904509844,41209.000000,"Heap size (KB)"
1419267904844688,41241.000000,"Heap size (KB)"
1419267920279219,41273.000000,"Heap size (KB)"
1419267924063125,41305.000000,"Heap size (KB)"
1419267928553854,41337.000000,"Heap size (KB)"
1419267929837969,41369.000000,"Heap size (KB)"
1419267948603907,41409.000000,"Heap size (KB)"
1419267956459532,41441.000000,"Heap size (KB)"
1419267957038282,41473.000000,"Heap size (KB)"
1419267957464844,41509.000000,"Heap size (KB)"
1419267958091979,41581.000000,"Heap size (KB)"
1419267960352032,42097.000000,"Heap size (KB)"
1419267960357917,42613.000000,"Heap size (KB)"
1419267961786563,42645.000000,"Heap size (KB)"
1419267972221250,42677.000000,"Heap size (KB)"
1419267980713229,42709.000000,"Heap size (KB)"
1419267983776407,19796160512.000000,"mem.virt"
1419267983776407,0.000000,"mem.locked"
1419267983776407,382169088.000000,"mem.rss.watermark"
1419267983776407,298553344.000000,"mem.rss"
1419267983776407,108658688.000000,"mem.rss.anon"
1419267983776407,157765632.000000,"mem.rss.file"
1419267983776407,32129024.000000,"mem.rss.shmem"
1419267983776407,18595840.000000,"mem.swap"
1419267983776407,0.000000,"oom_score_adj"
1419268000188282,42741.000000,"Heap size (KB)"
1419268000822032,42773.000000,"Heap size (KB)"
1419268000935417,42805.000000,"Heap size (KB)"
1419268001978698,42877.000000,"Heap size (KB)"
1419268003997448,42909.000000,"Heap size (KB)"
1419268004243542,42941.000000,"Heap size (KB)"
1419268004352188,43457.000000,"Heap size (KB)"
1419268004357344,43973.000000,"Heap size (KB)"
1419268011048438,44005.000000,"Heap size (KB)"
1419268037745782,44037.000000,"Heap size (KB)"
1419268042740417,44069.000000,"Heap size (KB)"
1419268050741875,44101.000000,"Heap size (KB)"
1419268050828594,44133.000000,"Heap size (KB)"
1419268063543854,44205.000000,"Heap size (KB)"
1419268065823125,44237.000000,"Heap size (KB)"
1419268065903542,44753.000000,"Heap size (KB)"
1419268065917969,45269.000000,"Heap size (KB)"
1419268066326354,45301.000000,"Heap size (KB)"
1419268072800417,45333.000000,"Heap size (KB)"
1419268081017969,45365.000000,"Heap size (KB)"
1419268084263594,19796160512.000000,"mem.virt"
1419268084263594,0.000000,"mem.locked"
1419268084263594,382169088.000000,"mem.rss.watermark"
1419268084263594,299208704.000000,"mem.rss"
1419268084263594,109314048.000000,"mem.rss.anon"
1419268084263594,157765632.000000,"mem.rss.file"
1419268084263594,32129024.000000,"mem.rss.shmem"
1419268084263594,18595840.000000,"mem.swap"
1419268084263594,0.000000,"oom_score_adj"
1419268086581563,45397.000000,"Heap size (KB)"
1419268088148281,45429.000000,"Heap size (KB)"
1419268089565417,45461.000000,"Heap size (KB)"
1419268096104219,45493.000000,"Heap size (KB)"
1419268102545729,45533.000000,"Heap size (KB)"
1419268105887292,45605.000000,"Heap size (KB)"
1419268108078125,45637.000000,"Heap size (KB)"
1419268108157031,46153.000000,"Heap size (KB)"
1419268108162031,46669.000000,"Heap size (KB)"
1419268112489375,46701.000000,"Heap size (KB)"
1419268121223594,46733.000000,"Heap size (KB)"
1419268134203125,46765.000000,"Heap size (KB)"
1419268138512500,46797.000000,"Heap size (KB)"
1419268152640886,46829.000000,"Heap size (KB)"
1419268153074844,46861.000000,"Heap size (KB)"
1419268156866823,46893.000000,"Heap size (KB)"
1419268165459219,46925.000000,"Heap size (KB)"
1419268167086406,46997.000000,"Heap size (KB)"
1419268169310313,47029.000000,"Heap size (KB)"
1419268169388750,47545.000000,"Heap size (KB)"
1419268169393698,48061.000000,"Heap size (KB)"
1419268172382031,48093.000000,"Heap size (KB)"
1419268178309219,48125.000000,"Heap size (KB)"
1419268184146719,19796160512.000000,"mem.virt"
1419268184146719,0.000000,"mem.locked"
1419268184146719,382169088.000000,"mem.rss.watermark"
1419268184146719,299732992.000000,"mem.rss"
1419268184146719,109838336.000000,"mem.rss.anon"
1419268184146719,157765632.000000,"mem.rss.file"
1419268184146719,32129024.000000,"mem.rss.shmem"
1419268184146719,18595840.000000,"mem.swap"
1419268184146719,0.000000,"oom_score_adj"
1419268193695313,48157.000000,"Heap size (KB)"
1419268194476094,48189.000000,"Heap size (KB)"
1419268197992188,48221.000000,"Heap size (KB)"
1419268209827813,48253.000000,"Heap size (KB)"
1419268211709063,48325.000000,"Heap size (KB)"
1419268214076406,48357.000000,"Heap size (KB)"
1419268214154844,48873.000000,"Heap size (KB)"
1419268214160261,49389.000000,"Heap size (KB)"
1419268229306979,49421.000000,"Heap size (KB)"
1419268233947031,49453.000000,"Heap size (KB)"
1419268233955625,49485.000000,"Heap size (KB)"
1419268240578906,49517.000000,"Heap size (KB)"
1419268251095156,49549.000000,"Heap size (KB)"
1419268259197136,49589.000000,"Heap size (KB)"
1419268264215469,49661.000000,"Heap size (KB)"
1419268266435729,49693.000000,"Heap size (KB)"
1419268266513594,50209.000000,"Heap size (KB)"
1419268266518750,50725.000000,"Heap size (KB)"
1419268278129011,50757.000000,"Heap size (KB)"
1419268278308386,50789.000000,"Heap size (KB)"
1419268279523854,50821.000000,"Heap size (KB)"
1419268284771250,19796160512.000000,"mem.virt"
1419268284771250,0.000000,"mem.locked"
1419268284771250,382169088.000000,"mem.rss.watermark"
1419268284771250,300388352.000000,"mem.rss"
1419268284771250,110493696.000000,"mem.rss.anon"
1419268284771250,157765632.000000,"mem.rss.file"
1419268284771250,32129024.000000,"mem.rss.shmem"
1419268284771250,18595840.000000,"mem.swap"
1419268284771250,0.000000,"oom_score_adj"
1419268290280886,50853.000000,"Heap size (KB)"
1419268306861406,50885.000000,"Heap size (KB)"
1419268314029531,50917.000000,"Heap size (KB)"
1419268316383750,50989.000000,"Heap size (KB)"
1419268318624063,51021.000000,"Heap size (KB)"
1419268318701094,51537.000000,"Heap size (KB)"
1419268318706406,52053.000000,"Heap size (KB)"
1419268327879167,52085.000000,"Heap size (KB)"
1419268330357188,52117.000000,"Heap size (KB)"
1419268332803281,52149.000000,"Heap size (KB)"
1419268337965469,52181.000000,"Heap size (KB)"
1419268353198594,52213.000000,"Heap size (KB)"
1419268368325156,52245.000000,"Heap size (KB)"
1419268369243906,52317.000000,"Heap size (KB)"
1419268370185886,52349.000000,"Heap size (KB)"
1419268370682813,52381.000000,"Heap size (KB)"
1419268372121719,52413.000000,"Heap size (KB)"
1419268372202604,52929.000000,"Heap size (KB)"
1419268372208125,53445.000000,"Heap size (KB)"
1419268380520469,53477.000000,"Heap size (KB)"
1419268380571875,53509.000000,"Heap size (KB)"
1419268383936719,19796160512.000000,"mem.virt"
1419268383936719,0.000000,"mem.locked"
1419268383936719,382169088.000000,"mem.rss.watermark"
1419268383936719,301043712.000000,"mem.rss"
1419268383936719,111149056.000000,"mem.rss.anon"
1419268383936719,157765632.000000,"mem.rss.file"
1419268383936719,32129024.000000,"mem.rss.shmem"
1419268383936719,18595840.000000,"mem.swap"
1419268383936719,0.000000,"oom_score_adj"
1419268396059479,53541.000000,"Heap size (KB)"
1419268407995417,53573.000000,"Heap size (KB)"
1419268408932969,53605.000000,"Heap size (KB)"
1419268415604688,53645.000000,"Heap size (KB)"
1419268420551563,53677.000000,"Heap size (KB)"
1419268421871406,53749.000000,"Heap size (KB)"
1419268424131250,54265.000000,"Heap size (KB)"
1419268424137656,54781.000000,"Heap size (KB)"
1419268424336406,54813.000000,"Heap size (KB)"
1419268437635469,54845.000000,"Heap size (KB)"
1419268445944531,54877.000000,"Heap size (KB)"
1419268453271354,54909.000000,"Heap size (KB)"
1419268468837813,54941.000000,"Heap size (KB)"
1419268471012969,54973.000000,"Heap size (KB)"
1419268472475000,55005.000000,"Heap size (KB)"
1419268480544063,55037.000000,"Heap size (KB)"
1419268480780625,55109.000000,"Heap size (KB)"
1419268483177292,55625.000000,"Heap size (KB)"
1419268483182656,56141.000000,"Heap size (KB)"
1419268484079948,19796160512.000000,"mem.virt"
1419268484079948,0.000000,"mem.locked"
1419268484079948,382169088.000000,"mem.rss.watermark"
1419268484079948,301830144.000000,"mem.rss"
1419268484079948,111935488.000000,"mem.rss.anon"
1419268484079948,157765632.000000,"mem.rss.file"
1419268484079948,32129024.000000,"mem.rss.shmem"
1419268484079948,18595840.000000,"mem.swap"
1419268484079948,0.000000,"oom_score_adj"
1419268488240938,56173.000000,"Heap size (KB)"
1419268498778698,56205.000000,"Heap size (KB)"
1419268521457344,56237.000000,"Heap size (KB)"
1419268527141354,56269.000000,"Heap size (KB)"
1419268528754375,56341.000000,"Heap size (KB)"
1419268530675156,56373.000000,"Heap size (KB)"
1419268531233438,56889.000000,"Heap size (KB)"
1419268531240573,57405.000000,"Heap size (KB)"
1419268548271563,57437.000000,"Heap size (KB)"
1419268552585625,57469.000000,"Heap size (KB)"
1419268569900104,57501.000000,"Heap size (KB)"
1419268571849010,57533.000000,"Heap size (KB)"
1419268581388438,57573.000000,"Heap size (KB)"
1419268584001198,19796160512.000000,"mem.virt"
1419268584001198,0.000000,"mem.locked"
1419268584001198,382169088.000000,"mem.rss.watermark"
1419268584001198,302456832.000000,"mem.rss"
1419268584001198,112431104.000000,"mem.rss.anon"
1419268584001198,157765632.000000,"mem.rss.file"
1419268584001198,32260096.000000,"mem.rss.shmem"
1419268584001198,18595840.000000,"mem.swap"
1419268584001198,0.000000,"oom_score_adj"
1419268586475313,57605.000000,"Heap size (KB)"
1419268587226354,57677.000000,"Heap size (KB)"
1419268589586719,58193.000000,"Heap size (KB)"
1419268589591094,58709.000000,"Heap size (KB)"
1419268591114167,58741.000000,"Heap size (KB)"
1419268603235625,58773.000000,"Heap size (KB)"
1419268605809688,58805.000000,"Heap size (KB)"
1419268619151823,58837.000000,"Heap size (KB)"
1419268629309792,58869.000000,"Heap size (KB)"
1419268636876719,58901.000000,"Heap size (KB)"
1419268639831354,58973.000000,"Heap size (KB)"
1419268642116719,59489.000000,"Heap size (KB)"
1419268642123125,60005.000000,"Heap size (KB)"
1419268643818281,60037.000000,"Heap size (KB)"
1419268659435469,60069.000000,"Heap size (KB)"
1419268660454688,60101.000000,"Heap size (KB)"
1419268661552344,60133.000000,"Heap size (KB)"
1419268663097031,60165.000000,"Heap size (KB)"
1419268663210781,60197.000000,"Heap size (KB)"
1419268663462448,60229.000000,"Heap size (KB)"
1419268663671354,60261.000000,"Heap size (KB)"
1419268664332500,60293.000000,"Heap size (KB)"
1419268664395573,60325.000000,"Heap size (KB)"
1419268664446719,60357.000000,"Heap size (KB)"
1419268664517813,60389.000000,"Heap size (KB)"
1419268664610260,60421.000000,"Heap size (KB)"
1419268664715938,60453.000000,"Heap size (KB)"
1419268664930885,60485.000000,"Heap size (KB)"
1419268675380260,60517.000000,"Heap size (KB)"
1419268679509479,60549.000000,"Heap size (KB)"
1419268680727135,60581.000000,"Heap size (KB)"
1419268683875938,19796160512.000000,"mem.virt"
1419268683875938,0.000000,"mem.locked"
1419268683875938,382169088.000000,"mem.rss.watermark"
1419268683875938,304013312.000000,"mem.rss"
1419268683875938,113987584.000000,"mem.rss.anon"
1419268683875938,157765632.000000,"mem.rss.file"
1419268683875938,32260096.000000,"mem.rss.shmem"
1419268683875938,18595840.000000,"mem.swap"
1419268683875938,0.000000,"oom_score_adj"
1419268693599167,60653.000000,"Heap size (KB)"
1419268695940885,60685.000000,"Heap size (KB)"
1419268696133750,61201.000000,"Heap size (KB)"
1419268696177969,61717.000000,"Heap size (KB)"
1419268696256042,10162.000000,"Minflt-GC"
1419268696259063,0.000000,"Majflt-GC"
1419268696337448,10162.000000,"Minflt-GC"
1419268696340156,0.000000,"Majflt-GC"
1419268697428281,61749.000000,"Heap size (KB)"
1419268712685312,61781.000000,"Heap size (KB)"
1419268713026250,61813.000000,"Heap size (KB)"
1419268724101406,10645.000000,"Minflt-GC"
1419268724104167,0.000000,"Majflt-GC"
1419268727406875,61813.000000,"Heap size (KB)"
1419268728005312,28621.000000,"Heap size (KB)"
1419268728249375,28653.000000,"Heap size (KB)"
1419268730905104,28685.000000,"Heap size (KB)"
1419268731347031,28717.000000,"Heap size (KB)"
1419268731352448,20561.000000,"Heap size (KB)"
1419268731360312,10664.000000,"Minflt-GC"
1419268731363281,0.000000,"Majflt-GC"
1419268731446354,20593.000000,"Heap size (KB)"
1419268731466250,20625.000000,"Heap size (KB)"
1419268731470260,20657.000000,"Heap size (KB)"
1419268738941510,20689.000000,"Heap size (KB)"
1419268740667031,20721.000000,"Heap size (KB)"
1419268745209375,10756.000000,"Minflt-GC"
1419268745212760,0.000000,"Majflt-GC"
1419268746470573,20753.000000,"Heap size (KB)"
1419268748213281,20825.000000,"Heap size (KB)"
1419268749302656,8351744.000000,"freed_normal_object_bytes"
1419268749305156,33988608.000000,"freed_large_object_bytes"
1419268749307656,42340352.000000,"freed_bytes"
1419268750548542,21341.000000,"Heap size (KB)"
1419268750554167,21857.000000,"Heap size (KB)"
1419268750817344,21889.000000,"Heap size (KB)"
1419268750951094,21921.000000,"Heap size (KB)"
1419268751121719,21953.000000,"Heap size (KB)"
1419268776861823,21985.000000,"Heap size (KB)"
1419268779209375,22017.000000,"Heap size (KB)"
1419268779265625,22049.000000,"Heap size (KB)"
1419268780623125,22081.000000,"Heap size (KB)"
1419268783963073,19796160512.000000,"mem.virt"
1419268783963073,0.000000,"mem.locked"
1419268783963073,382169088.000000,"mem.rss.watermark"
1419268783963073,293593088.000000,"mem.rss"
1419268783963073,103567360.000000,"mem.rss.anon"
1419268783963073,157765632.000000,"mem.rss.file"
1419268783963073,32260096.000000,"mem.rss.shmem"
1419268783963073,18595840.000000,"mem.swap"
1419268783963073,0.000000,"oom_score_adj"
1419268784438385,22113.000000,"Heap size (KB)"
1419268793350469,22153.000000,"Heap size (KB)"
1419268794097760,22185.000000,"Heap size (KB)"
1419268794697812,22217.000000,"Heap size (KB)"
1419268795763906,22289.000000,"Heap size (KB)"
1419268798422656,22805.000000,"Heap size (KB)"
1419268798429219,23321.000000,"Heap size (KB)"
1419268807669219,23353.000000,"Heap size (KB)"
1419268814697500,23385.000000,"Heap size (KB)"
1419268815329219,23417.000000,"Heap size (KB)"
1419268815662031,23449.000000,"Heap size (KB)"
1419268815817135,23481.000000,"Heap size (KB)"
1419268815818125,23513.000000,"Heap size (KB)"
1419268815964375,23545.000000,"Heap size (KB)"
1419268816114479,23577.000000,"Heap size (KB)"
1419268816259531,23609.000000,"Heap size (KB)"
1419268816270937,23641.000000,"Heap size (KB)"
1419268816407760,23673.000000,"Heap size (KB)"
1419268819540885,23705.000000,"Heap size (KB)"
1419268819679531,23737.000000,"Heap size (KB)"
1419268819749219,23769.000000,"Heap size (KB)"
1419268820072969,23801.000000,"Heap size (KB)"
1419268820519635,23833.000000,"Heap size (KB)"
1419268829548073,23865.000000,"Heap size (KB)"
1419268846738125,23897.000000,"Heap size (KB)"
1419268847271979,23929.000000,"Heap size (KB)"
1419268848368125,24001.000000,"Heap size (KB)"
1419268850663385,24517.000000,"Heap size (KB)"
1419268850668854,25033.000000,"Heap size (KB)"
1419268856400000,25065.000000,"Heap size (KB)"
1419268858018437,25097.000000,"Heap size (KB)"
1419268858716042,25129.000000,"Heap size (KB)"
1419268859129687,25161.000000,"Heap size (KB)"
1419268880409323,25193.000000,"Heap size (KB)"
1419268884782812,19796160512.000000,"mem.virt"
1419268884782812,0.000000,"mem.locked"
1419268884782812,382169088.000000,"mem.rss.watermark"
1419268884782812,294248448.000000,"mem.rss"
1419268884782812,104222720.000000,"mem.rss.anon"
1419268884782812,157765632.000000,"mem.rss.file"
1419268884782812,32260096.000000,"mem.rss.shmem"
1419268884782812,18595840.000000,"mem.swap"
1419268884782812,0.000000,"oom_score_adj"
1419268895412656,25225.000000,"Heap size (KB)"
1419268897032135,25257.000000,"Heap size (KB)"
1419268897870937,25297.000000,"Heap size (KB)"
1419268898670312,25329.000000,"Heap size (KB)"
1419268900091406,25361.000000,"Heap size (KB)"
1419268901431979,25433.000000,"Heap size (KB)"
1419268903693281,25949.000000,"Heap size (KB)"
1419268903698750,26465.000000,"Heap size (KB)"
1419268907917500,26497.000000,"Heap size (KB)"
1419268907978229,26529.000000,"Heap size (KB)"
1419268935035104,26561.000000,"Heap size (KB)"
1419268935574479,26593.000000,"Heap size (KB)"
1419268937612031,26625.000000,"Heap size (KB)"
1419268949679948,26657.000000,"Heap size (KB)"
1419268950026875,26689.000000,"Heap size (KB)"
1419268950147031,26721.000000,"Heap size (KB)"
1419268950166042,26753.000000,"Heap size (KB)"
1419268963452917,26785.000000,"Heap size (KB)"
1419268963935937,26857.000000,"Heap size (KB)"
1419268965437135,26889.000000,"Heap size (KB)"
1419268966284062,27405.000000,"Heap size (KB)"
1419268966289635,27921.000000,"Heap size (KB)"
1419268967046354,27953.000000,"Heap size (KB)"
1419268967086094,27985.000000,"Heap size (KB)"
1419268967242656,28017.000000,"Heap size (KB)"
1419268967540625,28049.000000,"Heap size (KB)"
1419268967626094,28081.000000,"Heap size (KB)"
1419268967678698,28113.000000,"Heap size (KB)"
1419268967902969,28145.000000,"Heap size (KB)"
1419268968347917,28177.000000,"Heap size (KB)"
1419268973164635,28209.000000,"Heap size (KB)"
1419268981752031,28241.000000,"Heap size (KB)"
1419268983584323,19796160512.000000,"mem.virt"
1419268983584323,0.000000,"mem.locked"
1419268983584323,382169088.000000,"mem.rss.watermark"
1419268983584323,295297024.000000,"mem.rss"
1419268983584323,105271296.000000,"mem.rss.anon"
1419268983584323,157765632.000000,"mem.rss.file"
1419268983584323,32260096.000000,"mem.rss.shmem"
1419268983584323,18595840.000000,"mem.swap"
1419268983584323,0.000000,"oom_score_adj"
1419268993855000,28273.000000,"Heap size (KB)"
1419268995221823,28305.000000,"Heap size (KB)"
1419269004129844,28337.000000,"Heap size (KB)"
1419269005233437,28369.000000,"Heap size (KB)"
1419269007490104,28401.000000,"Heap size (KB)"
1419269008858906,28473.000000,"Heap size (KB)"
1419269011125469,28989.000000,"Heap size (KB)"
1419269011130937,29505.000000,"Heap size (KB)"
1419269030415000,29537.000000,"Heap size (KB)"
1419269032799844,29569.000000,"Heap size (KB)"
1419269043046979,29601.000000,"Heap size (KB)"
1419269054523750,29633.000000,"Heap size (KB)"
1419269055021823,29673.000000,"Heap size (KB)"
1419269055764844,29705.000000,"Heap size (KB)"
1419269057647760,29777.000000,"Heap size (KB)"
1419269059931354,30293.000000,"Heap size (KB)"
1419269059937031,30809.000000,"Heap size (KB)"
1419269060404219,30841.000000,"Heap size (KB)"
1419269075031406,30873.000000,"Heap size (KB)"
1419269077855625,30905.000000,"Heap size (KB)"
1419269079307500,30937.000000,"Heap size (KB)"
1419269083596250,19796160512.000000,"mem.virt"
1419269083596250,0.000000,"mem.locked"
1419269083596250,382169088.000000,"mem.rss.watermark"
1419269083596250,295821312.000000,"mem.rss"
1419269083596250,105795584.000000,"mem.rss.anon"
1419269083596250,157765632.000000,"mem.rss.file"
1419269083596250,32260096.000000,"mem.rss.shmem"
1419269083596250,18595840.000000,"mem.swap"
1419269083596250,0.000000,"oom_score_adj"
1419269085034844,30969.000000,"Heap size (KB)"
1419269099659948,31001.000000,"Heap size (KB)"
1419269105002812,31033.000000,"Heap size (KB)"
1419269111403385,31065.000000,"Heap size (KB)"
1419269111556562,31097.000000,"Heap size (KB)"
1419269112794323,31129.000000,"Heap size (KB)"
1419269114514219,31201.000000,"Heap size (KB)"
1419269114970885,31233.000000,"Heap size (KB)"
1419269115251406,31265.000000,"Heap size (KB)"
1419269116771562,31781.000000,"Heap size (KB)"
1419269116776406,32297.000000,"Heap size (KB)"
1419269131801719,32329.000000,"Heap size (KB)"
1419269145033125,32361.000000,"Heap size (KB)"
1419269145384479,32393.000000,"Heap size (KB)"
1419269145812187,32425.000000,"Heap size (KB)"
1419269161914479,32457.000000,"Heap size (KB)"
1419269171527031,32489.000000,"Heap size (KB)"
1419269172025000,32525.000000,"Heap size (KB)"
1419269172677031,32597.000000,"Heap size (KB)"
1419269174969791,33113.000000,"Heap size (KB)"
1419269174977656,33629.000000,"Heap size (KB)"
1419269182899375,33661.000000,"Heap size (KB)"
1419269184169375,19796160512.000000,"mem.virt"
1419269184169375,0.000000,"mem.locked"
1419269184169375,382169088.000000,"mem.rss.watermark"
1419269184169375,296345600.000000,"mem.rss"
1419269184169375,106319872.000000,"mem.rss.anon"
1419269184169375,157765632.000000,"mem.rss.file"
1419269184169375,32260096.000000,"mem.rss.shmem"
1419269184169375,18595840.000000,"mem.swap"
1419269184169375,0.000000,"oom_score_adj"
1419269187024062,33693.000000,"Heap size (KB)"
1419269207191979,33725.000000,"Heap size (KB)"
1419269212559948,33757.000000,"Heap size (KB)"
1419269215025156,33797.000000,"Heap size (KB)"
1419269218263906,33829.000000,"Heap size (KB)"
1419269218761198,33865.000000,"Heap size (KB)"
1419269219352916,33937.000000,"Heap size (KB)"
1419269222129844,34453.000000,"Heap size (KB)"
1419269222135312,34969.000000,"Heap size (KB)"
1419269228607031,35001.000000,"Heap size (KB)"
1419269236402916,35033.000000,"Heap size (KB)"
1419269237584687,35065.000000,"Heap size (KB)"
1419269248529010,35097.000000,"Heap size (KB)"
1419269252074219,35129.000000,"Heap size (KB)"
1419269266835469,35161.000000,"Heap size (KB)"
1419269270951719,35193.000000,"Heap size (KB)"
1419269271427291,35225.000000,"Heap size (KB)"
1419269278295312,35261.000000,"Heap size (KB)"
1419269279003125,35333.000000,"Heap size (KB)"
1419269279492916,35365.000000,"Heap size (KB)"
1419269281363437,35881.000000,"Heap size (KB)"
1419269281369219,36397.000000,"Heap size (KB)"
1419269284222448,19796160512.000000,"mem.virt"
1419269284222448,0.000000,"mem.locked"
1419269284222448,382169088.000000,"mem.rss.watermark"
1419269284222448,297000960.000000,"mem.rss"
1419269284222448,106975232.000000,"mem.rss.anon"
1419269284222448,157765632.000000,"mem.rss.file"
1419269284222448,32260096.000000,"mem.rss.shmem"
1419269284222448,18595840.000000,"mem.swap"
1419269284222448,0.000000,"oom_score_adj"
1419269296196666,36429.000000,"Heap size (KB)"
1419269296212604,36461.000000,"Heap size (KB)"
1419269303171719,36493.000000,"Heap size (KB)"
1419269310530156,36525.000000,"Heap size (KB)"
1419269327609219,36557.000000,"Heap size (KB)"
1419269328127656,36593.000000,"Heap size (KB)"
1419269328804375,36665.000000,"Heap size (KB)"
1419269331215937,37181.000000,"Heap size (KB)"
1419269331231094,37697.000000,"Heap size (KB)"
1419269336069531,37729.000000,"Heap size (KB)"
1419269346873594,37761.000000,"Heap size (KB)"
1419269351967604,37793.000000,"Heap size (KB)"
1419269352640104,37825.000000,"Heap size (KB)"
1419269376786354,37865.000000,"Heap size (KB)"
1419269377184687,37897.000000,"Heap size (KB)"
1419269378684010,37929.000000,"Heap size (KB)"
1419269378862916,37965.000000,"Heap size (KB)"
1419269379730468,38037.000000,"Heap size (KB)"
1419269382015156,38553.000000,"Heap size (KB)"
1419269382020312,39069.000000,"Heap size (KB)"
1419269384197031,19796160512.000000,"mem.virt"
1419269384197031,0.000000,"mem.locked"
1419269384197031,382169088.000000,"mem.rss.watermark"
1419269384197031,297947136.000000,"mem.rss"
1419269384197031,107921408.000000,"mem.rss.anon"
1419269384197031,157765632.000000,"mem.rss.file"
1419269384197031,32260096.000000,"mem.rss.shmem"
1419269384197031,18595840.000000,"mem.swap"
1419269384197031,0.000000,"oom_score_adj"
1419269393932031,39101.000000,"Heap size (KB)"
1419269403365937,39133.000000,"Heap size (KB)"
1419269404316666,39165.000000,"Heap size (KB)"
1419269423166093,39197.000000,"Heap size (KB)"
1419269430690729,39229.000000,"Heap size (KB)"
1419269434588385,39261.000000,"Heap size (KB)"
1419269435266250,39297.000000,"Heap size (KB)"
1419269435872031,39369.000000,"Heap size (KB)"
1419269438472656,39885.000000,"Heap size (KB)"
1419269438479791,40401.000000,"Heap size (KB)"
1419269438676354,40433.000000,"Heap size (KB)"
1419269451025885,40465.000000,"Heap size (KB)"
1419269454360104,40497.000000,"Heap size (KB)"
1419269459153385,40529.000000,"Heap size (KB)"
1419269468151718,40561.000000,"Heap size (KB)"
1419269473085000,40593.000000,"Heap size (KB)"
1419269483598541,19796160512.000000,"mem.virt"
1419269483598541,0.000000,"mem.locked"
1419269483598541,382169088.000000,"mem.rss.watermark"
1419269483598541,298471424.000000,"mem.rss"
1419269483598541,108445696.000000,"mem.rss.anon"
1419269483598541,157765632.000000,"mem.rss.file"
1419269483598541,32260096.000000,"mem.rss.shmem"
1419269483598541,18595840.000000,"mem.swap"
1419269483598541,0.000000,"oom_score_adj"
1419269486239010,40629.000000,"Heap size (KB)"
1419269487120625,40701.000000,"Heap size (KB)"
1419269489581093,41217.000000,"Heap size (KB)"
1419269489587656,41733.000000,"Heap size (KB)"
1419269500708437,41765.000000,"Heap size (KB)"
1419269503103437,41797.000000,"Heap size (KB)"
1419269505348125,41829.000000,"Heap size (KB)"
1419269505412968,41861.000000,"Heap size (KB)"
1419269509367500,41893.000000,"Heap size (KB)"
1419269512245156,41925.000000,"Heap size (KB)"
1419269533666093,41957.000000,"Heap size (KB)"
1419269538583125,41989.000000,"Heap size (KB)"
1419269538702448,42021.000000,"Heap size (KB)"
1419269539359062,42061.000000,"Heap size (KB)"
1419269544530156,42093.000000,"Heap size (KB)"
1419269545427760,42129.000000,"Heap size (KB)"
1419269546291875,42201.000000,"Heap size (KB)"
1419269548557500,42717.000000,"Heap size (KB)"
1419269548563125,43233.000000,"Heap size (KB)"
1419269550951406,43265.000000,"Heap size (KB)"
1419269570169010,43297.000000,"Heap size (KB)"
1419269575783385,43329.000000,"Heap size (KB)"
1419269577035781,43361.000000,"Heap size (KB)"
1419269583284791,43393.000000,"Heap size (KB)"
1419269583868750,19796160512.000000,"mem.virt"
1419269583868750,0.000000,"mem.locked"
1419269583868750,382169088.000000,"mem.rss.watermark"
1419269583868750,299126784.000000,"mem.rss"
1419269583868750,109101056.000000,"mem.rss.anon"
1419269583868750,157765632.000000,"mem.rss.file"
1419269583868750,32260096.000000,"mem.rss.shmem"
1419269583868750,18595840.000000,"mem.swap"
1419269583868750,0.000000,"oom_score_adj"
1419269591215156,43425.000000,"Heap size (KB)"
1419269595777968,43457.000000,"Heap size (KB)"
1419269599471718,43529.000000,"Heap size (KB)"
1419269600170468,43561.000000,"Heap size (KB)"
1419269601687760,43593.000000,"Heap size (KB)"
1419269601766041,44109.000000,"Heap size (KB)"
1419269601770468,44625.000000,"Heap size (KB)"
1419269611170416,44657.000000,"Heap size (KB)"
1419269615024479,44689.000000,"Heap size (KB)"
1419269644551093,44721.000000,"Heap size (KB)"
1419269646023073,44753.000000,"Heap size (KB)"
1419269646198281,44785.000000,"Heap size (KB)"
1419269646590312,44857.000000,"Heap size (KB)"
1419269648774948,44889.000000,"Heap size (KB)"
1419269648866250,45405.000000,"Heap size (KB)"
1419269648870781,45921.000000,"Heap size (KB)"
1419269658067656,45953.000000,"Heap size (KB)"
1419269666123437,45985.000000,"Heap size (KB)"
1419269683811250,46017.000000,"Heap size (KB)"
1419269684598698,19796160512.000000,"mem.virt"
1419269684598698,0.000000,"mem.locked"
1419269684598698,382169088.000000,"mem.rss.watermark"
1419269684598698,299782144.000000,"mem.rss"
1419269684598698,109756416.000000,"mem.rss.anon"
1419269684598698,157765632.000000,"mem.rss.file"
1419269684598698,32260096.000000,"mem.rss.shmem"
1419269684598698,18595840.000000,"mem.swap"
1419269684598698,0.000000,"oom_score_adj"
1419269686396823,46049.000000,"Heap size (KB)"
1419269693321250,46089.000000,"Heap size (KB)"
1419269696743281,46121.000000,"Heap size (KB)"
1419269698841562,46193.000000,"Heap size (KB)"
1419269700171250,46225.000000,"Heap size (KB)"
1419269701085104,46257.000000,"Heap size (KB)"
1419269701167448,46773.000000,"Heap size (KB)"
1419269701172031,47289.000000,"Heap size (KB)"
1419269716401250,47321.000000,"Heap size (KB)"
1419269723586718,47353.000000,"Heap size (KB)"
1419269724611041,47385.000000,"Heap size (KB)"
1419269745838541,47417.000000,"Heap size (KB)"
1419269747789687,47489.000000,"Heap size (KB)"
1419269749159635,47521.000000,"Heap size (KB)"
1419269750006250,47553.000000,"Heap size (KB)"
1419269750083281,48069.000000,"Heap size (KB)"
1419269750087968,48585.000000,"Heap size (KB)"
1419269753845104,48617.000000,"Heap size (KB)"
1419269762066093,48649.000000,"Heap size (KB)"
1419269764254218,48681.000000,"Heap size (KB)"
1419269778479375,48713.000000,"Heap size (KB)"
1419269779707500,48745.000000,"Heap size (KB)"
1419269783744843,19796160512.000000,"mem.virt"
1419269783744843,0.000000,"mem.locked"
1419269783744843,382169088.000000,"mem.rss.watermark"
1419269783744843,300175360.000000,"mem.rss"
1419269783744843,110149632.000000,"mem.rss.anon"
1419269783744843,157765632.000000,"mem.rss.file"
1419269783744843,32260096.000000,"mem.rss.shmem"
1419269783744843,18595840.000000,"mem.swap"
1419269783744843,0.000000,"oom_score_adj"
1419269790005156,48777.000000,"Heap size (KB)"
1419269793359947,48809.000000,"Heap size (KB)"
1419269806069687,48881.000000,"Heap size (KB)"
1419269808243385,48913.000000,"Heap size (KB)"
1419269808320885,49429.000000,"Heap size (KB)"
1419269808325781,49945.000000,"Heap size (KB)"
1419269809044010,49977.000000,"Heap size (KB)"
1419269820883593,50009.000000,"Heap size (KB)"
1419269823899947,50041.000000,"Heap size (KB)"
1419269836800260,50073.000000,"Heap size (KB)"
1419269837759218,50105.000000,"Heap size (KB)"
1419269849608437,50137.000000,"Heap size (KB)"
1419269851829687,50177.000000,"Heap size (KB)"
1419269862660937,50209.000000,"Heap size (KB)"
1419269864483281,50281.000000,"Heap size (KB)"
1419269865722187,50313.000000,"Heap size (KB)"
1419269866687500,50345.000000,"Heap size (KB)"
1419269866764791,50861.000000,"Heap size (KB)"
1419269866769531,51377.000000,"Heap size (KB)"
1419269885141562,19796160512.000000,"mem.virt"
1419269885141562,0.000000,"mem.locked"
1419269885141562,382169088.000000,"mem.rss.watermark"
1419269885141562,300961792.000000,"mem.rss"
1419269885141562,110936064.000000,"mem.rss.anon"
1419269885141562,157765632.000000,"mem.rss.file"
1419269885141562,32260096.000000,"mem.rss.shmem"
1419269885141562,18595840.000000,"mem.swap"
1419269885141562,0.000000,"oom_score_adj"
1419269888042447,51409.000000,"Heap size (KB)"
1419269893587291,51441.000000,"Heap size (KB)"
1419269900524479,51473.000000,"Heap size (KB)"
1419269904353229,51505.000000,"Heap size (KB)"
1419269907043697,51577.000000,"Heap size (KB)"
1419269909516406,51609.000000,"Heap size (KB)"
1419269909597291,52125.000000,"Heap size (KB)"
1419269909601875,52641.000000,"Heap size (KB)"
1419269911740625,52673.000000,"Heap size (KB)"
1419269914450625,52705.000000,"Heap size (KB)"
1419269930476354,52737.000000,"Heap size (KB)"
1419269945354166,52769.000000,"Heap size (KB)"
1419269948222500,52801.000000,"Heap size (KB)"
1419269949592500,52833.000000,"Heap size (KB)"
1419269963007187,52905.000000,"Heap size (KB)"
1419269965286041,52937.000000,"Heap size (KB)"
1419269965363281,53453.000000,"Heap size (KB)"
1419269965368125,53969.000000,"Heap size (KB)"
1419269969219010,54001.000000,"Heap size (KB)"
1419269974386562,54033.000000,"Heap size (KB)"
1419269983528281,19796160512.000000,"mem.virt"
1419269983528281,0.000000,"mem.locked"
1419269983528281,382169088.000000,"mem.rss.watermark"
1419269983528281,301486080.000000,"mem.rss"
1419269983528281,111460352.000000,"mem.rss.anon"
1419269983528281,157765632.000000,"mem.rss.file"
1419269983528281,32260096.000000,"mem.rss.shmem"
1419269983528281,18595840.000000,"mem.swap"
1419269983528281,0.000000,"oom_score_adj"
1419269990481093,54065.000000,"Heap size (KB)"
1419269990604843,54097.000000,"Heap size (KB)"
1419269995874531,54129.000000,"Heap size (KB)"
1419270012885624,54161.000000,"Heap size (KB)"
1419270013852499,54201.000000,"Heap size (KB)"
1419270016412656,54273.000000,"Heap size (KB)"
1419270018707499,54789.000000,"Heap size (KB)"
1419270018712812,55305.000000,"Heap size (KB)"
1419270025766249,55337.000000,"Heap size (KB)"
1419270026786874,55369.000000,"Heap size (KB)"
1419270040347812,55401.000000,"Heap size (KB)"
1419270046072812,55433.000000,"Heap size (KB)"
1419270056189791,55465.000000,"Heap size (KB)"
1419270065299999,55497.000000,"Heap size (KB)"
1419270072382031,55569.000000,"Heap size (KB)"
1419270074660729,56085.000000,"Heap size (KB)"
1419270074665312,56601.000000,"Heap size (KB)"
1419270076181354,56633.000000,"Heap size (KB)"
1419270079242604,56665.000000,"Heap size (KB)"
1419270084007760,19796160512.000000,"mem.virt"
1419270084007760,0.000000,"mem.locked"
1419270084007760,382169088.000000,"mem.rss.watermark"
1419270084007760,302141440.000000,"mem.rss"
1419270084007760,112115712.000000,"mem.rss.anon"
1419270084007760,157765632.000000,"mem.rss.file"
1419270084007760,32260096.000000,"mem.rss.shmem"
1419270084007760,18595840.000000,"mem.swap"
1419270084007760,0.000000,"oom_score_adj"
1419270086774479,56697.000000,"Heap size (KB)"
1419270090212760,56729.000000,"Heap size (KB)"
1419270096703437,56761.000000,"Heap size (KB)"
1419270102630156,56793.000000,"Heap size (KB)"
1419270124646874,56865.000000,"Heap size (KB)"
1419270126581822,56897.000000,"Heap size (KB)"
1419270126948124,57413.000000,"Heap size (KB)"
1419270126953593,57929.000000,"Heap size (KB)"
1419270130257187,57961.000000,"Heap size (KB)"
1419270138047968,57993.000000,"Heap size (KB)"
1419270142912968,58025.000000,"Heap size (KB)"
1419270155269010,58057.000000,"Heap size (KB)"
1419270172722656,58089.000000,"Heap size (KB)"
1419270174879843,58129.000000,"Heap size (KB)"
1419270179478124,58201.000000,"Heap size (KB)"
1419270181785468,58717.000000,"Heap size (KB)"
1419270181790729,59233.000000,"Heap size (KB)"
1419270183714322,19796160512.000000,"mem.virt"
1419270183714322,0.000000,"mem.locked"
1419270183714322,382169088.000000,"mem.rss.watermark"
1419270183714322,302534656.000000,"mem.rss"
1419270183714322,112508928.000000,"mem.rss.anon"
1419270183714322,157765632.000000,"mem.rss.file"
1419270183714322,32260096.000000,"mem.rss.shmem"
1419270183714322,18595840.000000,"mem.swap"
1419270183714322,0.000000,"oom_score_adj"
1419270187331093,59265.000000,"Heap size (KB)"
1419270192151093,59297.000000,"Heap size (KB)"
1419270193488541,59329.000000,"Heap size (KB)"
1419270200598906,59361.000000,"Heap size (KB)"
1419270227445781,59393.000000,"Heap size (KB)"
1419270229798593,59465.000000,"Heap size (KB)"
1419270232128281,59981.000000,"Heap size (KB)"
1419270232133749,60497.000000,"Heap size (KB)"
1419270235705260,60529.000000,"Heap size (KB)"
1419270237657135,60561.000000,"Heap size (KB)"
1419270239799791,60593.000000,"Heap size (KB)"
1419270244283593,60625.000000,"Heap size (KB)"
1419270245327968,60657.000000,"Heap size (KB)"
1419270270415104,60689.000000,"Heap size (KB)"
1419270284088124,19796160512.000000,"mem.virt"
1419270284088124,0.000000,"mem.locked"
1419270284088124,382169088.000000,"mem.rss.watermark"
1419270284088124,303190016.000000,"mem.rss"
1419270284088124,113164288.000000,"mem.rss.anon"
1419270284088124,157765632.000000,"mem.rss.file"
1419270284088124,32260096.000000,"mem.rss.shmem"
1419270284088124,18595840.000000,"mem.swap"
1419270284088124,0.000000,"oom_score_adj"
1419270284937656,60721.000000,"Heap size (KB)"
1419270286362031,60793.000000,"Heap size (KB)"
1419270286815937,60825.000000,"Heap size (KB)"
1419270288377499,60857.000000,"Heap size (KB)"
1419270288884999,61373.000000,"Heap size (KB)"
1419270288937968,61889.000000,"Heap size (KB)"
1419270289833906,61921.000000,"Heap size (KB)"
1419270331022447,61961.000000,"Heap size (KB)"
1419270333118749,61993.000000,"Heap size (KB)"
1419270334699531,62065.000000,"Heap size (KB)"
1419270337028281,62581.000000,"Heap size (KB)"
1419270337077656,63097.000000,"Heap size (KB)"
1419270337136666,10756.000000,"Minflt-GC"
1419270337139374,0.000000,"Majflt-GC"
1419270337309791,10828.000000,"Minflt-GC"
1419270337312499,0.000000,"Majflt-GC"
1419270342307291,63129.000000,"Heap size (KB)"
1419270343571822,11025.000000,"Minflt-GC"
1419270343574635,0.000000,"Majflt-GC"
1419270344798281,63161.000000,"Heap size (KB)"
1419270345271093,63193.000000,"Heap size (KB)"
1419270345929999,63225.000000,"Heap size (KB)"
1419270346871354,63257.000000,"Heap size (KB)"
1419270347269999,63257.000000,"Heap size (KB)"
1419270347273072,29033.000000,"Heap size (KB)"
1419270350198229,20645.000000,"Heap size (KB)"
1419270350205781,11034.000000,"Minflt-GC"
1419270350208749,0.000000,"Majflt-GC"
1419270351040937,20677.000000,"Heap size (KB)"
1419270351957187,20709.000000,"Heap size (KB)"
1419270361243593,11101.000000,"Minflt-GC"
1419270361246979,0.000000,"Majflt-GC"
1419270366786718,8589312.000000,"freed_normal_object_bytes"
1419270366789687,35045376.000000,"freed_large_object_bytes"
1419270366793124,43634688.000000,"freed_bytes"
1419270372429218,20741.000000,"Heap size (KB)"
1419270373144687,20773.000000,"Heap size (KB)"
1419270382229218,20805.000000,"Heap size (KB)"
1419270383304322,20837.000000,"Heap size (KB)"
1419270383879166,19796160512.000000,"mem.virt"
1419270383879166,0.000000,"mem.locked"
1419270383879166,382169088.000000,"mem.rss.watermark"
1419270383879166,293437440.000000,"mem.rss"
1419270383879166,103411712.000000,"mem.rss.anon"
1419270383879166,157765632.000000,"mem.rss.file"
1419270383879166,32260096.000000,"mem.rss.shmem"
1419270383879166,18595840.000000,"mem.swap"
1419270383879166,0.000000,"oom_score_adj"
1419270387583281,20869.000000,"Heap size (KB)"
1419270387726874,20901.000000,"Heap size (KB)"
1419270387749687,20933.000000,"Heap size (KB)"
1419270388835572,21005.000000,"Heap size (KB)"
1419270391113124,21521.000000,"Heap size (KB)"
1419270391118124,22037.000000,"Heap size (KB)"
1419270395916354,22069.000000,"Heap size (KB)"
1419270397144218,22101.000000,"Heap size (KB)"
1419270398397135,22133.000000,"Heap size (KB)"
1419270400405624,22165.000000,"Heap size (KB)"
1419270401727812,22197.000000,"Heap size (KB)"
1419270402979062,22229.000000,"Heap size (KB)"
1419270410786406,22261.000000,"Heap size (KB)"
1419270431898749,22293.000000,"Heap size (KB)"
1419270432649374,22325.000000,"Heap size (KB)"
1419270435796718,22365.000000,"Heap size (KB)"
1419270436684843,22397.000000,"Heap size (KB)"
1419270442328124,22429.000000,"Heap size (KB)"
1419270442474999,22461.000000,"Heap size (KB)"
1419270443879791,22533.000000,"Heap size (KB)"
1419270446129374,23049.000000,"Heap size (KB)"
1419270446135937,23565.000000,"Heap size (KB)"
1419270446475937,23597.000000,"Heap size (KB)"
1419270452879947,23629.000000,"Heap size (KB)"
1419270462132031,23661.000000,"Heap size (KB)"
1419270480986406,23693.000000,"Heap size (KB)"
1419270482723541,23725.000000,"Heap size (KB)"
1419270484520624,19796160512.000000,"mem.virt"
1419270484520624,0.000000,"mem.locked"
1419270484520624,382169088.000000,"mem.rss.watermark"
1419270484520624,293961728.000000,"mem.rss"
1419270484520624,103936000.000000,"mem.rss.anon"
1419270484520624,157765632.000000,"mem.rss.file"
1419270484520624,32260096.000000,"mem.rss.shmem"
1419270484520624,18595840.000000,"mem.swap"
1419270484520624,0.000000,"oom_score_adj"
1419270485668228,23757.000000,"Heap size (KB)"
1419270486582812,23789.000000,"Heap size (KB)"
1419270487394791,23821.000000,"Heap size (KB)"
1419270488511562,23893.000000,"Heap size (KB)"
1419270490869478,24409.000000,"Heap size (KB)"
1419270490875624,24925.000000,"Heap size (KB)"
1419270491169947,24993.000000,"Heap size (KB)"
1419270491189531,25253.000000,"Heap size (KB)"
1419270491194687,25513.000000,"Heap size (KB)"
1419270491941093,25585.000000,"Heap size (KB)"
1419270494238072,26101.000000,"Heap size (KB)"
1419270494244531,26617.000000,"Heap size (KB)"
1419270495867187,26685.000000,"Heap size (KB)"
1419270501648281,26717.000000,"Heap size (KB)"
1419270512571197,26749.000000,"Heap size (KB)"
1419270514410624,26781.000000,"Heap size (KB)"
1419270524706353,26813.000000,"Heap size (KB)"
1419270533134010,26845.000000,"Heap size (KB)"
1419270535368281,26877.000000,"Heap size (KB)"
1419270537779635,26917.000000,"Heap size (KB)"
1419270538386406,26949.000000,"Heap size (KB)"
1419270542359947,26981.000000,"Heap size (KB)"
1419270542594947,27013.000000,"Heap size (KB)"
1419270543703749,27085.000000,"Heap size (KB)"
1419270546169166,27601.000000,"Heap size (KB)"
1419270546175624,28117.000000,"Heap size (KB)"
1419270546404687,28185.000000,"Heap size (KB)"
1419270546413437,28445.000000,"Heap size (KB)"
1419270546418437,28705.000000,"Heap size (KB)"
1419270546948749,28777.000000,"Heap size (KB)"
1419270549300416,29293.000000,"Heap size (KB)"
1419270549306978,29809.000000,"Heap size (KB)"
1419270549339374,30069.000000,"Heap size (KB)"
1419270549343853,30329.000000,"Heap size (KB)"
1419270557621822,30397.000000,"Heap size (KB)"
1419270557899635,30429.000000,"Heap size (KB)"
1419270563186041,30461.000000,"Heap size (KB)"
1419270570485468,30493.000000,"Heap size (KB)"
1419270573063281,30525.000000,"Heap size (KB)"
1419270580081249,30557.000000,"Heap size (KB)"
1419270584529999,19796160512.000000,"mem.virt"
1419270584529999,0.000000,"mem.locked"
1419270584529999,382169088.000000,"mem.rss.watermark"
1419270584529999,295120896.000000,"mem.rss"
1419270584529999,105095168.000000,"mem.rss.anon"
1419270584529999,157765632.000000,"mem.rss.file"
1419270584529999,32260096.000000,"mem.rss.shmem"
1419270584529999,18595840.000000,"mem.swap"
1419270584529999,0.000000,"oom_score_adj"
1419270594095781,30589.000000,"Heap size (KB)"
1419270594243541,30621.000000,"Heap size (KB)"
1419270601232291,30653.000000,"Heap size (KB)"
1419270602549218,30725.000000,"Heap size (KB)"
1419270605165572,31241.000000,"Heap size (KB)"
1419270605170937,31757.000000,"Heap size (KB)"
1419270605179166,31789.000000,"Heap size (KB)"
1419270605364374,31857.000000,"Heap size (KB)"
1419270605372603,32117.000000,"Heap size (KB)"
1419270605377343,32377.000000,"Heap size (KB)"
1419270605385937,32413.000000,"Heap size (KB)"
1419270605977656,32485.000000,"Heap size (KB)"
1419270608227343,33001.000000,"Heap size (KB)"
1419270608232656,33517.000000,"Heap size (KB)"
1419270608262968,33777.000000,"Heap size (KB)"
1419270608267656,34037.000000,"Heap size (KB)"
1419270620400416,34069.000000,"Heap size (KB)"
1419270623017916,34101.000000,"Heap size (KB)"
1419270624108281,34169.000000,"Heap size (KB)"
1419270633419374,34201.000000,"Heap size (KB)"
1419270644294062,34233.000000,"Heap size (KB)"
1419270647328541,34265.000000,"Heap size (KB)"
1419270647926874,34297.000000,"Heap size (KB)"
1419270649252291,34369.000000,"Heap size (KB)"
1419270651510728,34885.000000,"Heap size (KB)"
1419270651515572,35401.000000,"Heap size (KB)"
1419270651730885,35469.000000,"Heap size (KB)"
1419270651738437,35729.000000,"Heap size (KB)"
1419270651742499,35989.000000,"Heap size (KB)"
1419270652318906,36061.000000,"Heap size (KB)"
1419270654855103,36577.000000,"Heap size (KB)"
1419270654860572,37093.000000,"Heap size (KB)"
1419270654892447,37353.000000,"Heap size (KB)"
1419270654897656,37613.000000,"Heap size (KB)"
1419270663514062,37645.000000,"Heap size (KB)"
1419270668793124,37677.000000,"Heap size (KB)"
1419270670545260,37709.000000,"Heap size (KB)"
1419270673410937,37741.000000,"Heap size (KB)"
1419270676017968,37809.000000,"Heap size (KB)"
1419270684001562,19796160512.000000,"mem.virt"
1419270684001562,0.000000,"mem.locked"
1419270684001562,382169088.000000,"mem.rss.watermark"
1419270684001562,296431616.000000,"mem.rss"
1419270684001562,106405888.000000,"mem.rss.anon"
1419270684001562,157765632.000000,"mem.rss.file"
1419270684001562,32260096.000000,"mem.rss.shmem"
1419270684001562,18595840.000000,"mem.swap"
1419270684001562,0.000000,"oom_score_adj"
1419270687517655,37841.000000,"Heap size (KB)"
1419270698876405,37873.000000,"Heap size (KB)"
1419270700411562,37913.000000,"Heap size (KB)"
1419270701192135,37945.000000,"Heap size (KB)"
1419270702511249,37977.000000,"Heap size (KB)"
1419270704028853,38009.000000,"Heap size (KB)"
1419270704246510,38081.000000,"Heap size (KB)"
1419270706549218,38597.000000,"Heap size (KB)"
1419270706554062,39113.000000,"Heap size (KB)"
1419270706782187,39181.000000,"Heap size (KB)"
1419270706789530,39441.000000,"Heap size (KB)"
1419270706794010,39701.000000,"Heap size (KB)"
1419270707413541,39773.000000,"Heap size (KB)"
1419270709714478,40289.000000,"Heap size (KB)"
1419270709719947,40805.000000,"Heap size (KB)"
1419270712558124,40837.000000,"Heap size (KB)"
1419270713044374,41097.000000,"Heap size (KB)"
1419270713049374,41357.000000,"Heap size (KB)"
1419270713639062,41389.000000,"Heap size (KB)"
1419270715747343,41457.000000,"Heap size (KB)"
1419270725232916,41489.000000,"Heap size (KB)"
1419270737564530,41521.000000,"Heap size (KB)"
1419270737968437,41553.000000,"Heap size (KB)"
1419270745824687,41585.000000,"Heap size (KB)"
1419270751462343,41617.000000,"Heap size (KB)"
1419270751652187,41649.000000,"Heap size (KB)"
1419270754315937,41681.000000,"Heap size (KB)"
1419270754699218,41713.000000,"Heap size (KB)"
1419270755149478,41785.000000,"Heap size (KB)"
1419270757434166,42301.000000,"Heap size (KB)"
1419270757439843,42817.000000,"Heap size (KB)"
1419270757678124,42885.000000,"Heap size (KB)"
1419270757686510,43145.000000,"Heap size (KB)"
1419270757691093,43405.000000,"Heap size (KB)"
1419270758337916,43477.000000,"Heap size (KB)"
1419270760585937,43993.000000,"Heap size (KB)"
1419270760591510,44509.000000,"Heap size (KB)"
1419270763039530,44541.000000,"Heap size (KB)"
1419270763579687,44801.000000,"Heap size (KB)"
1419270763584530,45061.000000,"Heap size (KB)"
1419270768176978,45129.000000,"Heap size (KB)"
1419270770527916,45161.000000,"Heap size (KB)"
1419270771809166,45193.000000,"Heap size (KB)"
1419270775267655,45225.000000,"Heap size (KB)"
1419270784030260,19796160512.000000,"mem.virt"
1419270784030260,0.000000,"mem.locked"
1419270784030260,382169088.000000,"mem.rss.watermark"
1419270784030260,298135552.000000,"mem.rss"
1419270784030260,108109824.000000,"mem.rss.anon"
1419270784030260,157765632.000000,"mem.rss.file"
1419270784030260,32260096.000000,"mem.rss.shmem"
1419270784030260,18595840.000000,"mem.swap"
1419270784030260,0.000000,"oom_score_adj"
1419270801529635,45257.000000,"Heap size (KB)"
1419270805086562,45325.000000,"Heap size (KB)"
1419270805087135,45289.000000,"Heap size (KB)"
1419270805902499,45397.000000,"Heap size (KB)"
1419270808164218,45913.000000,"Heap size (KB)"
1419270808169322,46429.000000,"Heap size (KB)"
1419270808445728,46497.000000,"Heap size (KB)"
1419270808452968,46757.000000,"Heap size (KB)"
1419270808457812,47017.000000,"Heap size (KB)"
1419270809156405,47089.000000,"Heap size (KB)"
1419270811411562,47605.000000,"Heap size (KB)"
1419270811416405,48121.000000,"Heap size (KB)"
1419270811448280,48381.000000,"Heap size (KB)"
1419270811453853,48641.000000,"Heap size (KB)"
1419270811824999,48673.000000,"Heap size (KB)"
1419270816267603,48741.000000,"Heap size (KB)"
1419270823859843,48773.000000,"Heap size (KB)"
1419270831104322,48805.000000,"Heap size (KB)"
1419270851222655,48845.000000,"Heap size (KB)"
1419270854469843,48881.000000,"Heap size (KB)"
1419270855140312,48953.000000,"Heap size (KB)"
1419270855602499,48985.000000,"Heap size (KB)"
1419270857413541,49501.000000,"Heap size (KB)"
1419270857418749,50017.000000,"Heap size (KB)"
1419270857634530,50085.000000,"Heap size (KB)"
1419270857641978,50345.000000,"Heap size (KB)"
1419270857646718,50605.000000,"Heap size (KB)"
1419270858267135,50677.000000,"Heap size (KB)"
1419270860430885,50709.000000,"Heap size (KB)"
1419270860506978,51225.000000,"Heap size (KB)"
1419270860511874,51741.000000,"Heap size (KB)"
1419270860540780,52001.000000,"Heap size (KB)"
1419270860545260,52261.000000,"Heap size (KB)"
1419270861385780,52293.000000,"Heap size (KB)"
1419270862225468,52325.000000,"Heap size (KB)"
1419270866391718,52357.000000,"Heap size (KB)"
1419270872491874,52425.000000,"Heap size (KB)"
1419270874690260,52457.000000,"Heap size (KB)"
1419270883790312,19796160512.000000,"mem.virt"
1419270883790312,0.000000,"mem.locked"
1419270883790312,382169088.000000,"mem.rss.watermark"
1419270883790312,299446272.000000,"mem.rss"
1419270883790312,109420544.000000,"mem.rss.anon"
1419270883790312,157765632.000000,"mem.rss.file"
1419270883790312,32260096.000000,"mem.rss.shmem"
1419270883790312,18595840.000000,"mem.swap"
1419270883790312,0.000000,"oom_score_adj"
1419270892078905,52489.000000,"Heap size (KB)"
1419270905352135,52521.000000,"Heap size (KB)"
1419270905395624,52553.000000,"Heap size (KB)"
1419270907346093,52585.000000,"Heap size (KB)"
1419270909131874,52617.000000,"Heap size (KB)"
1419270909765260,52653.000000,"Heap size (KB)"
1419270910365312,52725.000000,"Heap size (KB)"
1419270912782655,53241.000000,"Heap size (KB)"
1419270912788385,53757.000000,"Heap size (KB)"
1419270912899166,53789.000000,"Heap size (KB)"
1419270913027655,53857.000000,"Heap size (KB)"
1419270913038853,54117.000000,"Heap size (KB)"
1419270913043541,54377.000000,"Heap size (KB)"
1419270913716353,54449.000000,"Heap size (KB)"
1419270915967187,54965.000000,"Heap size (KB)"
1419270915972291,55481.000000,"Heap size (KB)"
1419270916004530,55741.000000,"Heap size (KB)"
1419270916009062,56001.000000,"Heap size (KB)"
1419270929046353,56033.000000,"Heap size (KB)"
1419270934295260,56101.000000,"Heap size (KB)"
1419270945246353,56133.000000,"Heap size (KB)"
1419270945789999,56165.000000,"Heap size (KB)"
1419270947949687,56197.000000,"Heap size (KB)"
1419270948075937,56229.000000,"Heap size (KB)"
1419270955613749,56261.000000,"Heap size (KB)"
1419270961635468,56297.000000,"Heap size (KB)"
1419270962424322,56369.000000,"Heap size (KB)"
1419270964678228,56885.000000,"Heap size (KB)"
1419270964683124,57401.000000,"Heap size (KB)"
1419270965008124,57469.000000,"Heap size (KB)"
1419270965015937,57729.000000,"Heap size (KB)"
1419270965020624,57989.000000,"Heap size (KB)"
1419270965790780,58025.000000,"Heap size (KB)"
1419270965847916,58097.000000,"Heap size (KB)"
1419270968102291,58613.000000,"Heap size (KB)"
1419270968107135,59129.000000,"Heap size (KB)"
1419270968139010,59389.000000,"Heap size (KB)"
1419270968143749,59649.000000,"Heap size (KB)"
1419270974181822,59681.000000,"Heap size (KB)"
1419270984230416,19796160512.000000,"mem.virt"
1419270984230416,0.000000,"mem.locked"
1419270984230416,382169088.000000,"mem.rss.watermark"
1419270984230416,301019136.000000,"mem.rss"
1419270984230416,110993408.000000,"mem.rss.anon"
1419270984230416,157765632.000000,"mem.rss.file"
1419270984230416,32260096.000000,"mem.rss.shmem"
1419270984230416,18595840.000000,"mem.swap"
1419270984230416,0.000000,"oom_score_adj"
1419270984777187,59713.000000,"Heap size (KB)"
1419270993488749,59781.000000,"Heap size (KB)"
1419270996910780,59813.000000,"Heap size (KB)"
1419270998197187,59845.000000,"Heap size (KB)"
1419271008634062,59877.000000,"Heap size (KB)"
1419271010323749,59917.000000,"Heap size (KB)"
1419271013210468,59949.000000,"Heap size (KB)"
1419271014239374,59985.000000,"Heap size (KB)"
1419271014829062,60057.000000,"Heap size (KB)"
1419271017115885,60573.000000,"Heap size (KB)"
1419271017120885,61089.000000,"Heap size (KB)"
1419271017378072,61157.000000,"Heap size (KB)"
1419271017385468,61417.000000,"Heap size (KB)"
1419271017389218,61677.000000,"Heap size (KB)"
1419271018282291,61749.000000,"Heap size (KB)"
1419271020733437,62265.000000,"Heap size (KB)"
1419271020769478,62781.000000,"Heap size (KB)"
1419271020884999,11101.000000,"Minflt-GC"
1419271020887760,0.000000,"Majflt-GC"
1419271020957812,11101.000000,"Minflt-GC"
1419271020960624,0.000000,"Majflt-GC"
1419271022204947,62813.000000,"Heap size (KB)"
1419271022360885,62845.000000,"Heap size (KB)"
1419271023999530,63105.000000,"Heap size (KB)"
1419271024004999,63365.000000,"Heap size (KB)"
1419271027897499,63433.000000,"Heap size (KB)"
1419271045103593,63465.000000,"Heap size (KB)"
1419271046064687,11497.000000,"Minflt-GC"
1419271046066874,0.000000,"Majflt-GC"
1419271046114218,63497.000000,"Heap size (KB)"
1419271046125937,63529.000000,"Heap size (KB)"
1419271046256718,63561.000000,"Heap size (KB)"
1419271046437760,63593.000000,"Heap size (KB)"
1419271047702291,63593.000000,"Heap size (KB)"
1419271048062916,63625.000000,"Heap size (KB)"
1419271048628905,25301.000000,"Heap size (KB)"
1419271051167812,20325.000000,"Heap size (KB)"
1419271051172812,11517.000000,"Minflt-GC"
1419271051174843,0.000000,"Majflt-GC"
1419271059289687,20357.000000,"Heap size (KB)"
1419271062328593,11587.000000,"Minflt-GC"
1419271062331562,0.000000,"Majflt-GC"
1419271063674062,20389.000000,"Heap size (KB)"
1419271064746093,20421.000000,"Heap size (KB)"
1419271066555624,5095424.000000,"freed_normal_object_bytes"
1419271066557812,39243776.000000,"freed_large_object_bytes"
1419271066560468,44339200.000000,"freed_bytes"
1419271067288437,20453.000000,"Heap size (KB)"
1419271067429530,20485.000000,"Heap size (KB)"
1419271075367447,20517.000000,"Heap size (KB)"
1419271076582760,20589.000000,"Heap size (KB)"
1419271079015572,21105.000000,"Heap size (KB)"
1419271079021405,21621.000000,"Heap size (KB)"
1419271079287655,21653.000000,"Heap size (KB)"
1419271079305312,21721.000000,"Heap size (KB)"
1419271079321249,21981.000000,"Heap size (KB)"
1419271079326353,22241.000000,"Heap size (KB)"
1419271079930312,22313.000000,"Heap size (KB)"
1419271082202812,22829.000000,"Heap size (KB)"
1419271082208280,23345.000000,"Heap size (KB)"
1419271083638541,19796160512.000000,"mem.virt"
1419271083638541,0.000000,"mem.locked"
1419271083638541,382169088.000000,"mem.rss.watermark"
1419271083638541,292782080.000000,"mem.rss"
1419271083638541,102756352.000000,"mem.rss.anon"
1419271083638541,157765632.000000,"mem.rss.file"
1419271083638541,32260096.000000,"mem.rss.shmem"
1419271083638541,18595840.000000,"mem.swap"
1419271083638541,0.000000,"oom_score_adj"
1419271085056353,23377.000000,"Heap size (KB)"
1419271085525312,23637.000000,"Heap size (KB)"
1419271085538280,23897.000000,"Heap size (KB)"
1419271091108280,23929.000000,"Heap size (KB)"
1419271091226874,23961.000000,"Heap size (KB)"
1419271091515103,23993.000000,"Heap size (KB)"
1419271091696197,24025.000000,"Heap size (KB)"
1419271091777291,24093.000000,"Heap size (KB)"
1419271093128749,24125.000000,"Heap size (KB)"
1419271095738905,24157.000000,"Heap size (KB)"
1419271106682447,24189.000000,"Heap size (KB)"
1419271117381874,24229.000000,"Heap size (KB)"
1419271118135312,24261.000000,"Heap size (KB)"
1419271119291978,24293.000000,"Heap size (KB)"
1419271120914530,24365.000000,"Heap size (KB)"
1419271121746562,24397.000000,"Heap size (KB)"
1419271123175780,24913.000000,"Heap size (KB)"
1419271123181093,25429.000000,"Heap size (KB)"
1419271123404999,25497.000000,"Heap size (KB)"
1419271123413541,25757.000000,"Heap size (KB)"
1419271123418593,26017.000000,"Heap size (KB)"
1419271124138905,26089.000000,"Heap size (KB)"
1419271126637499,26605.000000,"Heap size (KB)"
1419271126642655,27121.000000,"Heap size (KB)"
1419271126674218,27381.000000,"Heap size (KB)"
1419271126679062,27641.000000,"Heap size (KB)"
1419271133687812,27709.000000,"Heap size (KB)"
1419271135358593,27741.000000,"Heap size (KB)"
1419271146427447,27773.000000,"Heap size (KB)"
1419271146493124,27805.000000,"Heap size (KB)"
1419271148068437,27837.000000,"Heap size (KB)"
1419271172002916,27869.000000,"Heap size (KB)"
1419271179220780,27901.000000,"Heap size (KB)"
1419271179254530,27933.000000,"Heap size (KB)"
1419271180327916,28005.000000,"Heap size (KB)"
1419271180764218,28037.000000,"Heap size (KB)"
1419271182722447,28553.000000,"Heap size (KB)"
1419271182727655,29069.000000,"Heap size (KB)"
1419271182959687,29137.000000,"Heap size (KB)"
1419271182967812,29397.000000,"Heap size (KB)"
1419271182972655,29657.000000,"Heap size (KB)"
1419271183820103,29689.000000,"Heap size (KB)"
1419271183839687,29761.000000,"Heap size (KB)"
1419271184232499,19796160512.000000,"mem.virt"
1419271184232499,0.000000,"mem.locked"
1419271184232499,382169088.000000,"mem.rss.watermark"
1419271184232499,294223872.000000,"mem.rss"
1419271184232499,104198144.000000,"mem.rss.anon"
1419271184232499,157765632.000000,"mem.rss.file"
1419271184232499,32260096.000000,"mem.rss.shmem"
1419271184232499,18595840.000000,"mem.swap"
1419271184232499,0.000000,"oom_score_adj"
1419271186093124,30277.000000,"Heap size (KB)"
1419271186098072,30793.000000,"Heap size (KB)"
1419271186128541,31053.000000,"Heap size (KB)"
1419271186132968,31313.000000,"Heap size (KB)"
1419271193318593,31345.000000,"Heap size (KB)"
1419271195983072,31377.000000,"Heap size (KB)"
1419271200787291,31445.000000,"Heap size (KB)"
1419271203573280,31477.000000,"Heap size (KB)"
1419271222980937,31517.000000,"Heap size (KB)"
1419271223802968,31549.000000,"Heap size (KB)"
1419271226109843,31581.000000,"Heap size (KB)"
1419271226444999,31613.000000,"Heap size (KB)"
1419271227607343,31685.000000,"Heap size (KB)"
1419271227616978,31717.000000,"Heap size (KB)"
1419271227945572,31749.000000,"Heap size (KB)"
1419271230383124,32265.000000,"Heap size (KB)"
1419271230389791,32781.000000,"Heap size (KB)"
1419271230647187,32849.000000,"Heap size (KB)"
1419271230654687,33109.000000,"Heap size (KB)"
1419271230659530,33369.000000,"Heap size (KB)"
1419271231268749,33441.000000,"Heap size (KB)"
1419271232360155,33473.000000,"Heap size (KB)"
1419271233534947,33989.000000,"Heap size (KB)"
1419271233539999,34505.000000,"Heap size (KB)"
1419271233571562,34765.000000,"Heap size (KB)"
1419271233577030,35025.000000,"Heap size (KB)"
1419271242978593,35057.000000,"Heap size (KB)"
1419271244806718,35089.000000,"Heap size (KB)"
1419271253573749,35157.000000,"Heap size (KB)"
1419271253680624,35189.000000,"Heap size (KB)"
1419271263220728,35221.000000,"Heap size (KB)"
1419271267370468,35253.000000,"Heap size (KB)"
1419271268210155,35285.000000,"Heap size (KB)"
1419271270817499,35317.000000,"Heap size (KB)"
1419271276961874,35349.000000,"Heap size (KB)"
1419271277107343,35381.000000,"Heap size (KB)"
1419271280340416,35453.000000,"Heap size (KB)"
1419271282639843,35969.000000,"Heap size (KB)"
1419271282645624,36485.000000,"Heap size (KB)"
1419271282884999,36553.000000,"Heap size (KB)"
1419271282892499,36813.000000,"Heap size (KB)"
1419271282897812,37073.000000,"Heap size (KB)"
1419271283489374,37109.000000,"Heap size (KB)"
1419271283547030,37181.000000,"Heap size (KB)"
1419271284028437,37213.000000,"Heap size (KB)"
1419271284280312,19796160512.000000,"mem.virt"
1419271284280312,0.000000,"mem.locked"
1419271284280312,382169088.000000,"mem.rss.watermark"
1419271284280312,295272448.000000,"mem.rss"
1419271284280312,105246720.000000,"mem.rss.anon"
1419271284280312,157765632.000000,"mem.rss.file"
1419271284280312,32260096.000000,"mem.rss.shmem"
1419271284280312,18595840.000000,"mem.swap"
1419271284280312,0.000000,"oom_score_adj"
1419271285850312,37729.000000,"Heap size (KB)"
1419271285855937,38245.000000,"Heap size (KB)"
1419271285890572,38505.000000,"Heap size (KB)"
1419271285898280,38765.000000,"Heap size (KB)"
1419271305422343,38797.000000,"Heap size (KB)"
1419271305670780,38829.000000,"Heap size (KB)"
1419271314595937,38897.000000,"Heap size (KB)"
1419271319090312,38929.000000,"Heap size (KB)"
1419271320352186,38961.000000,"Heap size (KB)"
1419271320556093,38993.000000,"Heap size (KB)"
1419271327123124,39025.000000,"Heap size (KB)"
1419271335096249,39097.000000,"Heap size (KB)"
1419271335649374,39129.000000,"Heap size (KB)"
1419271337784061,39645.000000,"Heap size (KB)"
1419271337791249,40161.000000,"Heap size (KB)"
1419271338083853,40229.000000,"Heap size (KB)"
1419271338091561,40489.000000,"Heap size (KB)"
1419271338096666,40749.000000,"Heap size (KB)"
1419271339009634,40821.000000,"Heap size (KB)"
1419271341374218,41337.000000,"Heap size (KB)"
1419271341382655,41853.000000,"Heap size (KB)"
1419271342415572,41885.000000,"Heap size (KB)"
1419271344189374,42145.000000,"Heap size (KB)"
1419271344194686,42405.000000,"Heap size (KB)"
1419271349563384,42437.000000,"Heap size (KB)"
1419271350307655,42505.000000,"Heap size (KB)"
1419271352092968,42537.000000,"Heap size (KB)"
1419271362194843,42569.000000,"Heap size (KB)"
1419271370545936,42601.000000,"Heap size (KB)"
1419271378464843,42641.000000,"Heap size (KB)"
1419271379387186,42673.000000,"Heap size (KB)"
1419271381453593,42745.000000,"Heap size (KB)"
1419271383729374,43261.000000,"Heap size (KB)"
1419271383735416,43777.000000,"Heap size (KB)"
1419271383987655,43845.000000,"Heap size (KB)"
1419271383995468,44105.000000,"Heap size (KB)"
1419271384000572,44365.000000,"Heap size (KB)"
1419271384368436,19796160512.000000,"mem.virt"
1419271384368436,0.000000,"mem.locked"
1419271384368436,382169088.000000,"mem.rss.watermark"
1419271384368436,296714240.000000,"mem.rss"
1419271384368436,106688512.000000,"mem.rss.anon"
1419271384368436,157765632.000000,"mem.rss.file"
1419271384368436,32260096.000000,"mem.rss.shmem"
1419271384368436,18595840.000000,"mem.swap"
1419271384368436,0.000000,"oom_score_adj"
1419271384610624,44437.000000,"Heap size (KB)"
1419271385943593,44469.000000,"Heap size (KB)"
1419271387103749,44985.000000,"Heap size (KB)"
1419271387109999,45501.000000,"Heap size (KB)"
1419271387152655,45761.000000,"Heap size (KB)"
1419271387157759,46021.000000,"Heap size (KB)"
1419271390052655,46089.000000,"Heap size (KB)"
1419271401436822,46121.000000,"Heap size (KB)"
1419271413690572,46153.000000,"Heap size (KB)"
1419271418622030,46185.000000,"Heap size (KB)"
1419271420233593,46217.000000,"Heap size (KB)"
1419271421411353,46249.000000,"Heap size (KB)"
1419271434276249,46281.000000,"Heap size (KB)"
1419271434432499,46313.000000,"Heap size (KB)"
1419271436260468,46385.000000,"Heap size (KB)"
1419271438671718,46901.000000,"Heap size (KB)"
1419271438679947,47417.000000,"Heap size (KB)"
1419271438925728,47485.000000,"Heap size (KB)"
1419271438932811,47745.000000,"Heap size (KB)"
1419271438938384,48005.000000,"Heap size (KB)"
1419271438946874,48041.000000,"Heap size (KB)"
1419271439525468,48113.000000,"Heap size (KB)"
1419271441795468,48629.000000,"Heap size (KB)"
1419271441800468,49145.000000,"Heap size (KB)"
1419271441831353,49405.000000,"Heap size (KB)"
1419271441836249,49665.000000,"Heap size (KB)"
1419271450407811,49697.000000,"Heap size (KB)"
1419271451619530,49765.000000,"Heap size (KB)"
1419271459410780,49797.000000,"Heap size (KB)"
1419271464257499,49829.000000,"Heap size (KB)"
1419271468034686,49861.000000,"Heap size (KB)"
1419271478587811,49893.000000,"Heap size (KB)"
1419271484567759,19796160512.000000,"mem.virt"
1419271484567759,0.000000,"mem.locked"
1419271484567759,382169088.000000,"mem.rss.watermark"
1419271484567759,298024960.000000,"mem.rss"
1419271484567759,107999232.000000,"mem.rss.anon"
1419271484567759,157765632.000000,"mem.rss.file"
1419271484567759,32260096.000000,"mem.rss.shmem"
1419271484567759,18595840.000000,"mem.swap"
1419271484567759,0.000000,"oom_score_adj"
1419271497437603,49929.000000,"Heap size (KB)"
1419271498144009,50001.000000,"Heap size (KB)"
1419271500047603,50033.000000,"Heap size (KB)"
1419271500447186,50549.000000,"Heap size (KB)"
1419271500462291,51065.000000,"Heap size (KB)"
1419271500709218,51133.000000,"Heap size (KB)"
1419271500716822,51393.000000,"Heap size (KB)"
1419271500730155,51653.000000,"Heap size (KB)"
1419271501657811,51725.000000,"Heap size (KB)"
1419271503171718,51757.000000,"Heap size (KB)"
1419271504288124,52273.000000,"Heap size (KB)"
1419271504294322,52789.000000,"Heap size (KB)"
1419271504327968,53049.000000,"Heap size (KB)"
1419271504335780,53309.000000,"Heap size (KB)"
1419271513144843,53341.000000,"Heap size (KB)"
1419271519578228,53373.000000,"Heap size (KB)"
1419271521083749,53441.000000,"Heap size (KB)"
1419271528686249,53473.000000,"Heap size (KB)"
1419271535960311,53513.000000,"Heap size (KB)"
1419271545138593,53545.000000,"Heap size (KB)"
1419271545249374,53577.000000,"Heap size (KB)"
1419271546046197,53613.000000,"Heap size (KB)"
1419271546766509,53685.000000,"Heap size (KB)"
1419271548104843,53717.000000,"Heap size (KB)"
1419271548849634,53749.000000,"Heap size (KB)"
1419271549101561,54265.000000,"Heap size (KB)"
1419271549106978,54781.000000,"Heap size (KB)"
1419271549339061,54849.000000,"Heap size (KB)"
1419271549351093,55109.000000,"Heap size (KB)"
1419271549355936,55369.000000,"Heap size (KB)"
1419271549364322,55405.000000,"Heap size (KB)"
1419271550037186,55477.000000,"Heap size (KB)"
1419271552293436,55993.000000,"Heap size (KB)"
1419271552299322,56509.000000,"Heap size (KB)"
1419271552332968,56769.000000,"Heap size (KB)"
1419271552338228,57029.000000,"Heap size (KB)"
1419271560495155,57061.000000,"Heap size (KB)"
1419271561272499,57093.000000,"Heap size (KB)"
1419271562067499,57125.000000,"Heap size (KB)"
1419271573606249,57193.000000,"Heap size (KB)"
1419271584400259,19796160512.000000,"mem.virt"
1419271584400259,0.000000,"mem.locked"
1419271584400259,382169088.000000,"mem.rss.watermark"
1419271584400259,299859968.000000,"mem.rss"
1419271584400259,109834240.000000,"mem.rss.anon"
1419271584400259,157765632.000000,"mem.rss.file"
1419271584400259,32260096.000000,"mem.rss.shmem"
1419271584400259,18595840.000000,"mem.swap"
1419271584400259,0.000000,"oom_score_adj"
1419271587266874,57225.000000,"Heap size (KB)"
1419271588443228,57257.000000,"Heap size (KB)"
1419271590163905,57289.000000,"Heap size (KB)"
1419271590785155,57325.000000,"Heap size (KB)"
1419271591405728,57397.000000,"Heap size (KB)"
1419271593672343,57913.000000,"Heap size (KB)"
1419271593677811,58429.000000,"Heap size (KB)"
1419271593911509,58497.000000,"Heap size (KB)"
1419271593918905,58757.000000,"Heap size (KB)"
1419271593932447,59017.000000,"Heap size (KB)"
1419271594512499,59089.000000,"Heap size (KB)"
1419271597206405,59605.000000,"Heap size (KB)"
1419271597212655,60121.000000,"Heap size (KB)"
1419271597614530,60153.000000,"Heap size (KB)"
1419271600033749,60413.000000,"Heap size (KB)"
1419271600039686,60673.000000,"Heap size (KB)"
1419271600172186,11587.000000,"Minflt-GC"
1419271600175416,0.000000,"Majflt-GC"
1419271600352343,11659.000000,"Minflt-GC"
1419271600354999,0.000000,"Majflt-GC"
1419271605310884,60705.000000,"Heap size (KB)"
1419271606559218,11737.000000,"Minflt-GC"
1419271606562030,0.000000,"Majflt-GC"
1419271606604999,60737.000000,"Heap size (KB)"
1419271607330936,60769.000000,"Heap size (KB)"
1419271607679999,60801.000000,"Heap size (KB)"
1419271608376249,60869.000000,"Heap size (KB)"
1419271608551509,60901.000000,"Heap size (KB)"
1419271609532916,60901.000000,"Heap size (KB)"
1419271609536249,25885.000000,"Heap size (KB)"
1419271612148124,25917.000000,"Heap size (KB)"
1419271612357655,25949.000000,"Heap size (KB)"
1419271612658853,22405.000000,"Heap size (KB)"
1419271612665780,11742.000000,"Minflt-GC"
1419271612668593,0.000000,"Majflt-GC"
1419271613176561,22437.000000,"Heap size (KB)"
1419271622044791,22469.000000,"Heap size (KB)"
1419271622050311,11816.000000,"Minflt-GC"
1419271622053749,0.000000,"Majflt-GC"
1419271627334322,3629056.000000,"freed_normal_object_bytes"
1419271627337343,35856384.000000,"freed_large_object_bytes"
1419271627340572,39485440.000000,"freed_bytes"
1419271629977030,22501.000000,"Heap size (KB)"
1419271639047968,22533.000000,"Heap size (KB)"
1419271639637968,22565.000000,"Heap size (KB)"
1419271640694530,22637.000000,"Heap size (KB)"
1419271642985728,23153.000000,"Heap size (KB)"
1419271642991041,23669.000000,"Heap size (KB)"
1419271643171561,23737.000000,"Heap size (KB)"
1419271643190728,23997.000000,"Heap size (KB)"
1419271643195780,24257.000000,"Heap size (KB)"
1419271643416822,24289.000000,"Heap size (KB)"
1419271643632499,24321.000000,"Heap size (KB)"
1419271643715311,24393.000000,"Heap size (KB)"
1419271646129061,24909.000000,"Heap size (KB)"
1419271646134061,25425.000000,"Heap size (KB)"
1419271648691561,25457.000000,"Heap size (KB)"
1419271649543749,25717.000000,"Heap size (KB)"
1419271649548749,25977.000000,"Heap size (KB)"
1419271653441093,26045.000000,"Heap size (KB)"
1419271657504686,26077.000000,"Heap size (KB)"
1419271660127811,26109.000000,"Heap size (KB)"
1419271661965936,26141.000000,"Heap size (KB)"
1419271671089530,26173.000000,"Heap size (KB)"
1419271683918853,19796160512.000000,"mem.virt"
1419271683918853,0.000000,"mem.locked"
1419271683918853,382169088.000000,"mem.rss.watermark"
1419271683918853,293322752.000000,"mem.rss"
1419271683918853,103297024.000000,"mem.rss.anon"
1419271683918853,157765632.000000,"mem.rss.file"
1419271683918853,32260096.000000,"mem.rss.shmem"
1419271683918853,18595840.000000,"mem.swap"
1419271683918853,0.000000,"oom_score_adj"
1419271686420155,26205.000000,"Heap size (KB)"
1419271689889166,26245.000000,"Heap size (KB)"
1419271690799999,26277.000000,"Heap size (KB)"
1419271692353384,26309.000000,"Heap size (KB)"
1419271693698228,26381.000000,"Heap size (KB)"
1419271696325728,26897.000000,"Heap size (KB)"
1419271696331666,27413.000000,"Heap size (KB)"
1419271696721718,27481.000000,"Heap size (KB)"
1419271696731405,27741.000000,"Heap size (KB)"
1419271696736718,28001.000000,"Heap size (KB)"
1419271697756041,28073.000000,"Heap size (KB)"
1419271700023593,28589.000000,"Heap size (KB)"
1419271700028593,29105.000000,"Heap size (KB)"
1419271700063228,29365.000000,"Heap size (KB)"
1419271700067811,29625.000000,"Heap size (KB)"
1419271705162968,29657.000000,"Heap size (KB)"
1419271706065780,29725.000000,"Heap size (KB)"
1419271708902030,29757.000000,"Heap size (KB)"
1419271712402968,29789.000000,"Heap size (KB)"
1419271718232186,29821.000000,"Heap size (KB)"
1419271738414478,29853.000000,"Heap size (KB)"
1419271743361718,29885.000000,"Heap size (KB)"
1419271744443436,29917.000000,"Heap size (KB)"
1419271746382968,29989.000000,"Heap size (KB)"
1419271748642811,30505.000000,"Heap size (KB)"
1419271748648280,31021.000000,"Heap size (KB)"
1419271748973280,31089.000000,"Heap size (KB)"
1419271748982343,31349.000000,"Heap size (KB)"
1419271748987968,31609.000000,"Heap size (KB)"
1419271749610311,31641.000000,"Heap size (KB)"
1419271749654843,31713.000000,"Heap size (KB)"
1419271751924999,32229.000000,"Heap size (KB)"
1419271751932759,32745.000000,"Heap size (KB)"
1419271751964843,33005.000000,"Heap size (KB)"
1419271751970155,33265.000000,"Heap size (KB)"
1419271762475780,33297.000000,"Heap size (KB)"
1419271762802030,33329.000000,"Heap size (KB)"
1419271765231353,33397.000000,"Heap size (KB)"
1419271766849999,33429.000000,"Heap size (KB)"
1419271767155468,33461.000000,"Heap size (KB)"
1419271783465468,19796160512.000000,"mem.virt"
1419271783465468,0.000000,"mem.locked"
1419271783465468,382169088.000000,"mem.rss.watermark"
1419271783465468,294109184.000000,"mem.rss"
1419271783465468,104083456.000000,"mem.rss.anon"
1419271783465468,157765632.000000,"mem.rss.file"
1419271783465468,32260096.000000,"mem.rss.shmem"
1419271783465468,18595840.000000,"mem.swap"
1419271783465468,0.000000,"oom_score_adj"
1419271783486093,33493.000000,"Heap size (KB)"
1419271798052134,33533.000000,"Heap size (KB)"
1419271799206822,33565.000000,"Heap size (KB)"
1419271801606405,33597.000000,"Heap size (KB)"
1419271802876040,33669.000000,"Heap size (KB)"
1419271805333593,34185.000000,"Heap size (KB)"
1419271805340311,34701.000000,"Heap size (KB)"
1419271805563124,34769.000000,"Heap size (KB)"
1419271805570728,35029.000000,"Heap size (KB)"
1419271805575468,35289.000000,"Heap size (KB)"
1419271806292499,35361.000000,"Heap size (KB)"
1419271808553228,35877.000000,"Heap size (KB)"
1419271808558593,36393.000000,"Heap size (KB)"
1419271808595311,36653.000000,"Heap size (KB)"
1419271808600468,36913.000000,"Heap size (KB)"
1419271818337968,36945.000000,"Heap size (KB)"
1419271820349061,36977.000000,"Heap size (KB)"
1419271820598124,37009.000000,"Heap size (KB)"
1419271821593749,37041.000000,"Heap size (KB)"
1419271823424999,37073.000000,"Heap size (KB)"
1419271827975936,37141.000000,"Heap size (KB)"
1419271839505624,37173.000000,"Heap size (KB)"
1419271848720936,37205.000000,"Heap size (KB)"
1419271848882343,37237.000000,"Heap size (KB)"
1419271854246561,37309.000000,"Heap size (KB)"
1419271856516978,37825.000000,"Heap size (KB)"
1419271856522759,38341.000000,"Heap size (KB)"
1419271856776822,38409.000000,"Heap size (KB)"
1419271856784009,38669.000000,"Heap size (KB)"
1419271856789686,38929.000000,"Heap size (KB)"
1419271857498697,38961.000000,"Heap size (KB)"
1419271857613697,39033.000000,"Heap size (KB)"
1419271858509374,39065.000000,"Heap size (KB)"
1419271859876665,39581.000000,"Heap size (KB)"
1419271859881822,40097.000000,"Heap size (KB)"
1419271859915572,40357.000000,"Heap size (KB)"
1419271859920259,40617.000000,"Heap size (KB)"
1419271865074686,40649.000000,"Heap size (KB)"
1419271866373384,40681.000000,"Heap size (KB)"
1419271870530936,40713.000000,"Heap size (KB)"
1419271876321874,40745.000000,"Heap size (KB)"
1419271876958436,40777.000000,"Heap size (KB)"
1419271884200780,19796160512.000000,"mem.virt"
1419271884200780,0.000000,"mem.locked"
1419271884200780,382169088.000000,"mem.rss.watermark"
1419271884200780,295550976.000000,"mem.rss"
1419271884200780,105525248.000000,"mem.rss.anon"
1419271884200780,157765632.000000,"mem.rss.file"
1419271884200780,32260096.000000,"mem.rss.shmem"
1419271884200780,18595840.000000,"mem.swap"
1419271884200780,0.000000,"oom_score_adj"
1419271885371718,40845.000000,"Heap size (KB)"
1419271886939374,40877.000000,"Heap size (KB)"
1419271900867655,40909.000000,"Heap size (KB)"
1419271902411561,40941.000000,"Heap size (KB)"
1419271903157968,41013.000000,"Heap size (KB)"
1419271905565468,41529.000000,"Heap size (KB)"
1419271905570728,42045.000000,"Heap size (KB)"
1419271905789843,42113.000000,"Heap size (KB)"
1419271905797811,42373.000000,"Heap size (KB)"
1419271905802811,42633.000000,"Heap size (KB)"
1419271906379061,42705.000000,"Heap size (KB)"
1419271908615780,43221.000000,"Heap size (KB)"
1419271908621561,43737.000000,"Heap size (KB)"
1419271909007343,43769.000000,"Heap size (KB)"
1419271912111874,44029.000000,"Heap size (KB)"
1419271912119947,44289.000000,"Heap size (KB)"
1419271916096978,44357.000000,"Heap size (KB)"
1419271917231093,44389.000000,"Heap size (KB)"
1419271917329530,44421.000000,"Heap size (KB)"
1419271918404530,44453.000000,"Heap size (KB)"
1419271937186040,44485.000000,"Heap size (KB)"
1419271942322343,44517.000000,"Heap size (KB)"
1419271954727343,44557.000000,"Heap size (KB)"
1419271955552186,44589.000000,"Heap size (KB)"
1419271955592134,44621.000000,"Heap size (KB)"
1419271957415780,44693.000000,"Heap size (KB)"
1419271959686405,45209.000000,"Heap size (KB)"
1419271959691561,45725.000000,"Heap size (KB)"
1419271959922655,45793.000000,"Heap size (KB)"
1419271959929843,46053.000000,"Heap size (KB)"
1419271959934322,46313.000000,"Heap size (KB)"
1419271960459843,46345.000000,"Heap size (KB)"
1419271960483436,46417.000000,"Heap size (KB)"
1419271961407030,46449.000000,"Heap size (KB)"
1419271963145155,46965.000000,"Heap size (KB)"
1419271963151405,47481.000000,"Heap size (KB)"
1419271966255780,47741.000000,"Heap size (KB)"
1419271966260780,48001.000000,"Heap size (KB)"
1419271967697915,48033.000000,"Heap size (KB)"
1419271973044061,48101.000000,"Heap size (KB)"
1419271982807499,48133.000000,"Heap size (KB)"
1419271984015936,19796160512.000000,"mem.virt"
1419271984015936,0.000000,"mem.locked"
1419271984015936,382169088.000000,"mem.rss.watermark"
1419271984015936,297123840.000000,"mem.rss"
1419271984015936,107098112.000000,"mem.rss.anon"
1419271984015936,157765632.000000,"mem.rss.file"
1419271984015936,32260096.000000,"mem.rss.shmem"
1419271984015936,18595840.000000,"mem.swap"
1419271984015936,0.000000,"oom_score_adj"
1419271988137499,48165.000000,"Heap size (KB)"
1419271995097342,48197.000000,"Heap size (KB)"
1419272006760936,48229.000000,"Heap size (KB)"
1419272006916040,48261.000000,"Heap size (KB)"
1419272010841249,48333.000000,"Heap size (KB)"
1419272013426978,48849.000000,"Heap size (KB)"
1419272013433124,49365.000000,"Heap size (KB)"
1419272013691561,49433.000000,"Heap size (KB)"
1419272013703697,49693.000000,"Heap size (KB)"
1419272013709790,49953.000000,"Heap size (KB)"
1419272014353280,49985.000000,"Heap size (KB)"
1419272014392134,50021.000000,"Heap size (KB)"
1419272014409165,50053.000000,"Heap size (KB)"
1419272014454947,50125.000000,"Heap size (KB)"
1419272016719947,50641.000000,"Heap size (KB)"
1419272016725311,51157.000000,"Heap size (KB)"
1419272016761249,51417.000000,"Heap size (KB)"
1419272016766249,51677.000000,"Heap size (KB)"
1419272025105884,51745.000000,"Heap size (KB)"
1419272043304634,51777.000000,"Heap size (KB)"
1419272044882290,51809.000000,"Heap size (KB)"
1419272045687342,51841.000000,"Heap size (KB)"
1419272061508280,51873.000000,"Heap size (KB)"
1419272062371249,51909.000000,"Heap size (KB)"
1419272062998697,51981.000000,"Heap size (KB)"
1419272065317186,52497.000000,"Heap size (KB)"
1419272065322290,53013.000000,"Heap size (KB)"
1419272065605936,53081.000000,"Heap size (KB)"
1419272065613072,53341.000000,"Heap size (KB)"
1419272065618124,53601.000000,"Heap size (KB)"
1419272066322342,53673.000000,"Heap size (KB)"
1419272066993384,53705.000000,"Heap size (KB)"
1419272068571874,54221.000000,"Heap size (KB)"
1419272068577759,54737.000000,"Heap size (KB)"
1419272068613124,54997.000000,"Heap size (KB)"
1419272068617759,55257.000000,"Heap size (KB)"
1419272083826561,19796160512.000000,"mem.virt"
1419272083826561,0.000000,"mem.locked"
1419272083826561,382169088.000000,"mem.rss.watermark"
1419272083826561,298565632.000000,"mem.rss"
1419272083826561,108539904.000000,"mem.rss.anon"
1419272083826561,157765632.000000,"mem.rss.file"
1419272083826561,32260096.000000,"mem.rss.shmem"
1419272083826561,18595840.000000,"mem.swap"
1419272083826561,0.000000,"oom_score_adj"
1419272084310415,55325.000000,"Heap size (KB)"
1419272095318384,55357.000000,"Heap size (KB)"
1419272096930103,55389.000000,"Heap size (KB)"
1419272096934530,55421.000000,"Heap size (KB)"
1419272098147447,55453.000000,"Heap size (KB)"
1419272113249842,55493.000000,"Heap size (KB)"
1419272120767967,55529.000000,"Heap size (KB)"
1419272121432342,55601.000000,"Heap size (KB)"
1419272122796092,55633.000000,"Heap size (KB)"
1419272124015259,56149.000000,"Heap size (KB)"
1419272124020936,56665.000000,"Heap size (KB)"
1419272124251717,56733.000000,"Heap size (KB)"
1419272124258853,56993.000000,"Heap size (KB)"
1419272124266353,57253.000000,"Heap size (KB)"
1419272124931405,57289.000000,"Heap size (KB)"
1419272124992342,57361.000000,"Heap size (KB)"
1419272127246978,57877.000000,"Heap size (KB)"
1419272127252655,58393.000000,"Heap size (KB)"
1419272127285884,58653.000000,"Heap size (KB)"
1419272127290780,58913.000000,"Heap size (KB)"
1419272134640728,58945.000000,"Heap size (KB)"
1419272136284686,58977.000000,"Heap size (KB)"
1419272137417967,59009.000000,"Heap size (KB)"
1419272145859530,59041.000000,"Heap size (KB)"
1419272149412603,59109.000000,"Heap size (KB)"
1419272165501874,59141.000000,"Heap size (KB)"
1419272168919530,59177.000000,"Heap size (KB)"
1419272169735311,59249.000000,"Heap size (KB)"
1419272172062030,59765.000000,"Heap size (KB)"
1419272172067759,60281.000000,"Heap size (KB)"
1419272172376665,60349.000000,"Heap size (KB)"
1419272172385311,60609.000000,"Heap size (KB)"
1419272172390103,60869.000000,"Heap size (KB)"
1419272172515259,11816.000000,"Minflt-GC"
1419272172518280,0.000000,"Majflt-GC"
1419272172600728,11816.000000,"Minflt-GC"
1419272172603592,0.000000,"Majflt-GC"
1419272173165624,60941.000000,"Heap size (KB)"
1419272175481092,61457.000000,"Heap size (KB)"
1419272175486405,61973.000000,"Heap size (KB)"
1419272175519842,62233.000000,"Heap size (KB)"
1419272175524165,62493.000000,"Heap size (KB)"
1419272178601405,62525.000000,"Heap size (KB)"
1419272182492915,62557.000000,"Heap size (KB)"
1419272182611092,62589.000000,"Heap size (KB)"
1419272182717811,62621.000000,"Heap size (KB)"
1419272183365624,62653.000000,"Heap size (KB)"
1419272184609686,19796160512.000000,"mem.virt"
1419272184609686,0.000000,"mem.locked"
1419272184609686,382169088.000000,"mem.rss.watermark"
1419272184609686,300314624.000000,"mem.rss"
1419272184609686,110288896.000000,"mem.rss.anon"
1419272184609686,157765632.000000,"mem.rss.file"
1419272184609686,32260096.000000,"mem.rss.shmem"
1419272184609686,18595840.000000,"mem.swap"
1419272184609686,0.000000,"oom_score_adj"
1419272189156249,62685.000000,"Heap size (KB)"
1419272200579374,12212.000000,"Minflt-GC"
1419272200582967,0.000000,"Majflt-GC"
1419272200706874,62717.000000,"Heap size (KB)"
1419272200719842,62749.000000,"Heap size (KB)"
1419272200990572,62781.000000,"Heap size (KB)"
1419272201210728,62813.000000,"Heap size (KB)"
1419272202638280,62813.000000,"Heap size (KB)"
1419272203013280,62845.000000,"Heap size (KB)"
1419272203824061,62877.000000,"Heap size (KB)"
1419272204642134,25065.000000,"Heap size (KB)"
1419272204718749,25097.000000,"Heap size (KB)"
1419272207867186,21777.000000,"Heap size (KB)"
1419272207873436,12227.000000,"Minflt-GC"
1419272207875884,0.000000,"Majflt-GC"
1419272210348072,21845.000000,"Heap size (KB)"
1419272210602030,21877.000000,"Heap size (KB)"
1419272218366665,21909.000000,"Heap size (KB)"
1419272218618853,21941.000000,"Heap size (KB)"
1419272219182186,12303.000000,"Minflt-GC"
1419272219185572,0.000000,"Majflt-GC"
1419272223579374,3399680.000000,"freed_normal_object_bytes"
1419272223581717,38719488.000000,"freed_large_object_bytes"
1419272223584478,42119168.000000,"freed_bytes"
1419272223593853,463.000000,"JNI Global Refs"
1419272224144009,21973.000000,"Heap size (KB)"
1419272224266353,22005.000000,"Heap size (KB)"
1419272232752811,22037.000000,"Heap size (KB)"
1419272234119634,22109.000000,"Heap size (KB)"
1419272236368072,22625.000000,"Heap size (KB)"
1419272236373280,23141.000000,"Heap size (KB)"
1419272236589374,23209.000000,"Heap size (KB)"
1419272236609165,23469.000000,"Heap size (KB)"
1419272236614530,23729.000000,"Heap size (KB)"
1419272237495624,23801.000000,"Heap size (KB)"
1419272239756249,24317.000000,"Heap size (KB)"
1419272239761665,24833.000000,"Heap size (KB)"
1419272242384999,24865.000000,"Heap size (KB)"
1419272243043592,25125.000000,"Heap size (KB)"
1419272243048749,25385.000000,"Heap size (KB)"
1419272245801353,25417.000000,"Heap size (KB)"
1419272246350311,25449.000000,"Heap size (KB)"
1419272250459374,25481.000000,"Heap size (KB)"
1419272251616092,25549.000000,"Heap size (KB)"
1419272253667499,25581.000000,"Heap size (KB)"
1419272256201509,25613.000000,"Heap size (KB)"
1419272269656561,25653.000000,"Heap size (KB)"
1419272270669686,25685.000000,"Heap size (KB)"
1419272271360311,25717.000000,"Heap size (KB)"
1419272272509478,25789.000000,"Heap size (KB)"
1419272274856197,26305.000000,"Heap size (KB)"
1419272274861874,26821.000000,"Heap size (KB)"
1419272275058905,26889.000000,"Heap size (KB)"
1419272275068280,27149.000000,"Heap size (KB)"
1419272275076717,27409.000000,"Heap size (KB)"
1419272275105936,27441.000000,"Heap size (KB)"
1419272275685155,27513.000000,"Heap size (KB)"
1419272278066249,28029.000000,"Heap size (KB)"
1419272278072499,28545.000000,"Heap size (KB)"
1419272278104530,28805.000000,"Heap size (KB)"
1419272278109530,29065.000000,"Heap size (KB)"
1419272281595780,29133.000000,"Heap size (KB)"
1419272283968592,19796160512.000000,"mem.virt"
1419272283968592,0.000000,"mem.locked"
1419272283968592,382169088.000000,"mem.rss.watermark"
1419272283968592,293056512.000000,"mem.rss"
1419272283968592,103030784.000000,"mem.rss.anon"
1419272283968592,157765632.000000,"mem.rss.file"
1419272283968592,32260096.000000,"mem.rss.shmem"
1419272283968592,18595840.000000,"mem.swap"
1419272283968592,0.000000,"oom_score_adj"
1419272284407499,29165.000000,"Heap size (KB)"
1419272288009947,29197.000000,"Heap size (KB)"
1419272302927499,29229.000000,"Heap size (KB)"
1419272303700155,29261.000000,"Heap size (KB)"
1419272320389634,29293.000000,"Heap size (KB)"
1419272320721405,29325.000000,"Heap size (KB)"
1419272321656717,29357.000000,"Heap size (KB)"
1419272321668280,29389.000000,"Heap size (KB)"
1419272322358280,29421.000000,"Heap size (KB)"
1419272323518905,29493.000000,"Heap size (KB)"
1419272325852134,30009.000000,"Heap size (KB)"
1419272325858436,30525.000000,"Heap size (KB)"
1419272326109999,30593.000000,"Heap size (KB)"
1419272326117603,30853.000000,"Heap size (KB)"
1419272326122811,31113.000000,"Heap size (KB)"
1419272326712655,31145.000000,"Heap size (KB)"
1419272326731874,31217.000000,"Heap size (KB)"
1419272329415780,31733.000000,"Heap size (KB)"
1419272329425103,32249.000000,"Heap size (KB)"
1419272329460936,32509.000000,"Heap size (KB)"
1419272329465936,32769.000000,"Heap size (KB)"
1419272336844009,32801.000000,"Heap size (KB)"
1419272339716561,32869.000000,"Heap size (KB)"
1419272354324061,32901.000000,"Heap size (KB)"
1419272355540311,32933.000000,"Heap size (KB)"
1419272369571405,32965.000000,"Heap size (KB)"
1419272371612967,32997.000000,"Heap size (KB)"
1419272376605624,33037.000000,"Heap size (KB)"
1419272377493072,33069.000000,"Heap size (KB)"
1419272383538124,33101.000000,"Heap size (KB)"
1419272383725103,33133.000000,"Heap size (KB)"
1419272384040311,19796160512.000000,"mem.virt"
1419272384040311,0.000000,"mem.locked"
1419272384040311,382169088.000000,"mem.rss.watermark"
1419272384040311,294498304.000000,"mem.rss"
1419272384040311,104472576.000000,"mem.rss.anon"
1419272384040311,157765632.000000,"mem.rss.file"
1419272384040311,32260096.000000,"mem.rss.shmem"
1419272384040311,18595840.000000,"mem.swap"
1419272384040311,0.000000,"oom_score_adj"
1419272385148749,33205.000000,"Heap size (KB)"
1419272387685467,33721.000000,"Heap size (KB)"
1419272387691978,34237.000000,"Heap size (KB)"
1419272387972030,34305.000000,"Heap size (KB)"
1419272387981405,34565.000000,"Heap size (KB)"
1419272387987342,34825.000000,"Heap size (KB)"
1419272389033124,34897.000000,"Heap size (KB)"
1419272391301822,35413.000000,"Heap size (KB)"
1419272391307030,35929.000000,"Heap size (KB)"
1419272391340936,36189.000000,"Heap size (KB)"
1419272391346092,36449.000000,"Heap size (KB)"
1419272397822759,36481.000000,"Heap size (KB)"
1419272409189999,36549.000000,"Heap size (KB)"
1419272411723540,36581.000000,"Heap size (KB)"
1419272419287655,36613.000000,"Heap size (KB)"
1419272430347030,36645.000000,"Heap size (KB)"
1419272430504530,36677.000000,"Heap size (KB)"
1419272433304842,36749.000000,"Heap size (KB)"
1419272434351665,36781.000000,"Heap size (KB)"
1419272435551092,37297.000000,"Heap size (KB)"
1419272435556196,37813.000000,"Heap size (KB)"
1419272435745624,37881.000000,"Heap size (KB)"
1419272435752186,38141.000000,"Heap size (KB)"
1419272435756874,38401.000000,"Heap size (KB)"
1419272435843592,38433.000000,"Heap size (KB)"
1419272436424790,38469.000000,"Heap size (KB)"
1419272436476978,38541.000000,"Heap size (KB)"
1419272439069374,39057.000000,"Heap size (KB)"
1419272439076405,39573.000000,"Heap size (KB)"
1419272439111717,39833.000000,"Heap size (KB)"
1419272439116717,40093.000000,"Heap size (KB)"
1419272448300311,40125.000000,"Heap size (KB)"
1419272461961874,40157.000000,"Heap size (KB)"
1419272462782030,40189.000000,"Heap size (KB)"
1419272464190467,40257.000000,"Heap size (KB)"
1419272477820259,40289.000000,"Heap size (KB)"
1419272477852342,40321.000000,"Heap size (KB)"
1419272480600259,40353.000000,"Heap size (KB)"
1419272483363228,40425.000000,"Heap size (KB)"
1419272484213853,19796160512.000000,"mem.virt"
1419272484213853,0.000000,"mem.locked"
1419272484213853,382169088.000000,"mem.rss.watermark"
1419272484213853,296202240.000000,"mem.rss"
1419272484213853,106176512.000000,"mem.rss.anon"
1419272484213853,157765632.000000,"mem.rss.file"
1419272484213853,32260096.000000,"mem.rss.shmem"
1419272484213853,18595840.000000,"mem.swap"
1419272484213853,0.000000,"oom_score_adj"
1419272484332030,40457.000000,"Heap size (KB)"
1419272485676405,40973.000000,"Heap size (KB)"
1419272485688696,41489.000000,"Heap size (KB)"
1419272485910311,41557.000000,"Heap size (KB)"
1419272485918540,41817.000000,"Heap size (KB)"
1419272485923436,42077.000000,"Heap size (KB)"
1419272486990884,42149.000000,"Heap size (KB)"
1419272489281561,42665.000000,"Heap size (KB)"
1419272489286978,43181.000000,"Heap size (KB)"
1419272489692811,43213.000000,"Heap size (KB)"
1419272490288436,43245.000000,"Heap size (KB)"
1419272493403592,43505.000000,"Heap size (KB)"
1419272493410103,43765.000000,"Heap size (KB)"
1419272496828280,43797.000000,"Heap size (KB)"
1419272499490936,43829.000000,"Heap size (KB)"
1419272499837030,43897.000000,"Heap size (KB)"
1419272528496509,43929.000000,"Heap size (KB)"
1419272531336717,43969.000000,"Heap size (KB)"
1419272532216821,44001.000000,"Heap size (KB)"
1419272534284530,44033.000000,"Heap size (KB)"
1419272535783436,44105.000000,"Heap size (KB)"
1419272538584374,44621.000000,"Heap size (KB)"
1419272538590467,45137.000000,"Heap size (KB)"
1419272538832186,45205.000000,"Heap size (KB)"
1419272538839165,45465.000000,"Heap size (KB)"
1419272538844374,45725.000000,"Heap size (KB)"
1419272539484946,45757.000000,"Heap size (KB)"
1419272539492655,45829.000000,"Heap size (KB)"
1419272539727655,45861.000000,"Heap size (KB)"
1419272541775467,46377.000000,"Heap size (KB)"
1419272541780884,46893.000000,"Heap size (KB)"
1419272544992811,46925.000000,"Heap size (KB)"
1419272546107446,46957.000000,"Heap size (KB)"
1419272546418124,47217.000000,"Heap size (KB)"
1419272546423124,47477.000000,"Heap size (KB)"
1419272549353228,47509.000000,"Heap size (KB)"
1419272550730311,47577.000000,"Heap size (KB)"
1419272571484217,47609.000000,"Heap size (KB)"
1419272573092186,47641.000000,"Heap size (KB)"
1419272579099999,47673.000000,"Heap size (KB)"
1419272583223436,47705.000000,"Heap size (KB)"
1419272583387186,47737.000000,"Heap size (KB)"
1419272584266978,19796160512.000000,"mem.virt"
1419272584266978,0.000000,"mem.locked"
1419272584266978,382169088.000000,"mem.rss.watermark"
1419272584266978,297250816.000000,"mem.rss"
1419272584266978,107225088.000000,"mem.rss.anon"
1419272584266978,157765632.000000,"mem.rss.file"
1419272584266978,32260096.000000,"mem.rss.shmem"
1419272584266978,18595840.000000,"mem.swap"
1419272584266978,0.000000,"oom_score_adj"
1419272588640624,47809.000000,"Heap size (KB)"
1419272589500728,47841.000000,"Heap size (KB)"
1419272590984634,48357.000000,"Heap size (KB)"
1419272590990415,48873.000000,"Heap size (KB)"
1419272591205467,48941.000000,"Heap size (KB)"
1419272591213280,49201.000000,"Heap size (KB)"
1419272591218384,49461.000000,"Heap size (KB)"
1419272591880467,49533.000000,"Heap size (KB)"
1419272594195624,50049.000000,"Heap size (KB)"
1419272594202446,50565.000000,"Heap size (KB)"
1419272594238749,50825.000000,"Heap size (KB)"
1419272594246874,51085.000000,"Heap size (KB)"
1419272601253228,51153.000000,"Heap size (KB)"
1419272604837811,51185.000000,"Heap size (KB)"
1419272619883071,51217.000000,"Heap size (KB)"
1419272620201040,51249.000000,"Heap size (KB)"
1419272636304061,51281.000000,"Heap size (KB)"
1419272645896873,51317.000000,"Heap size (KB)"
1419272646493905,51389.000000,"Heap size (KB)"
1419272648750467,51905.000000,"Heap size (KB)"
1419272648755728,52421.000000,"Heap size (KB)"
1419272648985623,52489.000000,"Heap size (KB)"
1419272648992967,52749.000000,"Heap size (KB)"
1419272649001717,53009.000000,"Heap size (KB)"
1419272649577290,53081.000000,"Heap size (KB)"
1419272649941873,53113.000000,"Heap size (KB)"
1419272650852655,53145.000000,"Heap size (KB)"
1419272651742655,53177.000000,"Heap size (KB)"
1419272651818071,53693.000000,"Heap size (KB)"
1419272651823123,54209.000000,"Heap size (KB)"
1419272651853592,54469.000000,"Heap size (KB)"
1419272651858905,54729.000000,"Heap size (KB)"
1419272652777655,54761.000000,"Heap size (KB)"
1419272654124165,54793.000000,"Heap size (KB)"
1419272665493592,54861.000000,"Heap size (KB)"
1419272685279373,19796160512.000000,"mem.virt"
1419272685279373,0.000000,"mem.locked"
1419272685279373,382169088.000000,"mem.rss.watermark"
1419272685279373,298692608.000000,"mem.rss"
1419272685279373,108666880.000000,"mem.rss.anon"
1419272685279373,157765632.000000,"mem.rss.file"
1419272685279373,32260096.000000,"mem.rss.shmem"
1419272685279373,18595840.000000,"mem.swap"
1419272685279373,0.000000,"oom_score_adj"
1419272686896405,54893.000000,"Heap size (KB)"
1419272691332498,54933.000000,"Heap size (KB)"
1419272693253696,54965.000000,"Heap size (KB)"
1419272693935467,55001.000000,"Heap size (KB)"
1419272694689478,55073.000000,"Heap size (KB)"
1419272696510571,55589.000000,"Heap size (KB)"
1419272696514998,56105.000000,"Heap size (KB)"
1419272696790259,56173.000000,"Heap size (KB)"
1419272696798436,56433.000000,"Heap size (KB)"
1419272696804061,56693.000000,"Heap size (KB)"
1419272697449842,56765.000000,"Heap size (KB)"
1419272697748123,56797.000000,"Heap size (KB)"
1419272699246561,56829.000000,"Heap size (KB)"
1419272699700467,57345.000000,"Heap size (KB)"
1419272699706248,57861.000000,"Heap size (KB)"
1419272699742342,58121.000000,"Heap size (KB)"
1419272699747498,58381.000000,"Heap size (KB)"
1419272709709217,58413.000000,"Heap size (KB)"
1419272720482498,58481.000000,"Heap size (KB)"
1419272726894842,58513.000000,"Heap size (KB)"
1419272727383071,58545.000000,"Heap size (KB)"
1419272728068436,58577.000000,"Heap size (KB)"
1419272728806092,58609.000000,"Heap size (KB)"
1419272729497134,58641.000000,"Heap size (KB)"
1419272737576717,58673.000000,"Heap size (KB)"
1419272747580728,58705.000000,"Heap size (KB)"
1419272748962811,58737.000000,"Heap size (KB)"
1419272749643748,58809.000000,"Heap size (KB)"
1419272752073071,59325.000000,"Heap size (KB)"
1419272752079946,59841.000000,"Heap size (KB)"
1419272752307186,59909.000000,"Heap size (KB)"
1419272752316561,60169.000000,"Heap size (KB)"
1419272752323280,60429.000000,"Heap size (KB)"
1419272753508071,60465.000000,"Heap size (KB)"
1419272753585780,60537.000000,"Heap size (KB)"
1419272756449842,61053.000000,"Heap size (KB)"
1419272756456873,61569.000000,"Heap size (KB)"
1419272756498696,61829.000000,"Heap size (KB)"
1419272756505311,62089.000000,"Heap size (KB)"
1419272770654686,62121.000000,"Heap size (KB)"
1419272774554061,62153.000000,"Heap size (KB)"
1419272775333071,62185.000000,"Heap size (KB)"
1419272776090780,62217.000000,"Heap size (KB)"
1419272776864165,62249.000000,"Heap size (KB)"
1419272777642498,62281.000000,"Heap size (KB)"
1419272778441509,62313.000000,"Heap size (KB)"
1419272779217915,62345.000000,"Heap size (KB)"
1419272779992603,62377.000000,"Heap size (KB)"
1419272780774321,62409.000000,"Heap size (KB)"
1419272781550780,62441.000000,"Heap size (KB)"
1419272782266092,62473.000000,"Heap size (KB)"
1419272783014998,62505.000000,"Heap size (KB)"
1419272783445936,19796160512.000000,"mem.virt"
1419272783445936,0.000000,"mem.locked"
1419272783445936,382169088.000000,"mem.rss.watermark"
1419272783445936,300679168.000000,"mem.rss"
1419272783445936,110632960.000000,"mem.rss.anon"
1419272783445936,157765632.000000,"mem.rss.file"
1419272783445936,32280576.000000,"mem.rss.shmem"
1419272783445936,18595840.000000,"mem.swap"
1419272783445936,0.000000,"oom_score_adj"
1419272783647290,62573.000000,"Heap size (KB)"
1419272783795311,62605.000000,"Heap size (KB)"
1419272784577290,62637.000000,"Heap size (KB)"
1419272785410467,62669.000000,"Heap size (KB)"
1419272786096665,62701.000000,"Heap size (KB)"
1419272786951040,62733.000000,"Heap size (KB)"
1419272787747186,62765.000000,"Heap size (KB)"
1419272788523748,62797.000000,"Heap size (KB)"
1419272789316561,62829.000000,"Heap size (KB)"
1419272790738592,62861.000000,"Heap size (KB)"
1419272791958280,62893.000000,"Heap size (KB)"
1419272793168228,62925.000000,"Heap size (KB)"
1419272794382030,62957.000000,"Heap size (KB)"
1419272795703592,62989.000000,"Heap size (KB)"
1419272797280467,63021.000000,"Heap size (KB)"
1419272798521717,63053.000000,"Heap size (KB)"
1419272799778436,63085.000000,"Heap size (KB)"
1419272799820780,63117.000000,"Heap size (KB)"
1419272800625571,63189.000000,"Heap size (KB)"
1419272801039373,63221.000000,"Heap size (KB)"
1419272801856405,63253.000000,"Heap size (KB)"
1419272802626092,63285.000000,"Heap size (KB)"
1419272803139321,63801.000000,"Heap size (KB)"
1419272803147446,64317.000000,"Heap size (KB)"
1419272803414061,64385.000000,"Heap size (KB)"
1419272803422030,64645.000000,"Heap size (KB)"
1419272803463280,64905.000000,"Heap size (KB)"
1419272803478905,64937.000000,"Heap size (KB)"
1419272803564634,12303.000000,"Minflt-GC"
1419272803567603,0.000000,"Majflt-GC"
1419272803826405,12375.000000,"Minflt-GC"
1419272803829165,0.000000,"Majflt-GC"
1419272804227446,65009.000000,"Heap size (KB)"
1419272804549842,65041.000000,"Heap size (KB)"
1419272805408592,65073.000000,"Heap size (KB)"
1419272806248696,65105.000000,"Heap size (KB)"
1419272806603592,65621.000000,"Heap size (KB)"
1419272806609842,66137.000000,"Heap size (KB)"
1419272806947759,66169.000000,"Heap size (KB)"
1419272807575936,66201.000000,"Heap size (KB)"
1419272807695155,66233.000000,"Heap size (KB)"
1419272808455623,66265.000000,"Heap size (KB)"
1419272809627186,12467.000000,"Minflt-GC"
1419272809629998,0.000000,"Majflt-GC"
1419272809643228,66297.000000,"Heap size (KB)"
1419272809656665,66329.000000,"Heap size (KB)"
1419272810300884,66589.000000,"Heap size (KB)"
1419272810308280,66849.000000,"Heap size (KB)"
1419272810371092,66881.000000,"Heap size (KB)"
1419272811068071,66913.000000,"Heap size (KB)"
1419272811120936,66945.000000,"Heap size (KB)"
1419272811789946,66977.000000,"Heap size (KB)"
1419272812168905,67009.000000,"Heap size (KB)"
1419272812499373,67009.000000,"Heap size (KB)"
1419272812502290,28541.000000,"Heap size (KB)"
1419272812596092,28573.000000,"Heap size (KB)"
1419272815455780,24533.000000,"Heap size (KB)"
1419272815464217,12476.000000,"Minflt-GC"
1419272815467030,0.000000,"Majflt-GC"
1419272816160884,24565.000000,"Heap size (KB)"
1419272818065780,24633.000000,"Heap size (KB)"
1419272818280311,24665.000000,"Heap size (KB)"
1419272820146405,24697.000000,"Heap size (KB)"
1419272820707342,24729.000000,"Heap size (KB)"
1419272821084061,24761.000000,"Heap size (KB)"
1419272821294009,24793.000000,"Heap size (KB)"
1419272821834998,24825.000000,"Heap size (KB)"
1419272822385311,24857.000000,"Heap size (KB)"
1419272822913436,24889.000000,"Heap size (KB)"
1419272823460467,24921.000000,"Heap size (KB)"
1419272823969373,24953.000000,"Heap size (KB)"
1419272824516873,24985.000000,"Heap size (KB)"
1419272825085259,25017.000000,"Heap size (KB)"
1419272825206196,12508.000000,"Minflt-GC"
1419272825209842,0.000000,"Majflt-GC"
1419272825597446,25049.000000,"Heap size (KB)"
1419272826134373,25081.000000,"Heap size (KB)"
1419272826688592,25113.000000,"Heap size (KB)"
1419272827215467,25145.000000,"Heap size (KB)"
1419272827773384,25177.000000,"Heap size (KB)"
1419272828265936,25209.000000,"Heap size (KB)"
1419272828804998,25241.000000,"Heap size (KB)"
1419272829383436,25273.000000,"Heap size (KB)"
1419272829918280,25305.000000,"Heap size (KB)"
1419272830432030,25337.000000,"Heap size (KB)"
1419272830564946,4136960.000000,"freed_normal_object_bytes"
1419272830567811,39391232.000000,"freed_large_object_bytes"
1419272830570780,43528192.000000,"freed_bytes"
1419272831238748,25369.000000,"Heap size (KB)"
1419272832273592,25401.000000,"Heap size (KB)"
1419272833324009,25433.000000,"Heap size (KB)"
1419272833348071,25465.000000,"Heap size (KB)"
1419272834116561,25497.000000,"Heap size (KB)"
1419272834789998,25529.000000,"Heap size (KB)"
1419272835512290,25561.000000,"Heap size (KB)"
1419272836237759,25593.000000,"Heap size (KB)"
1419272837081509,25625.000000,"Heap size (KB)"
1419272837829686,25657.000000,"Heap size (KB)"
1419272838483905,25689.000000,"Heap size (KB)"
1419272839210259,25721.000000,"Heap size (KB)"
1419272839821405,25753.000000,"Heap size (KB)"
1419272840554686,25785.000000,"Heap size (KB)"
1419272841271092,25817.000000,"Heap size (KB)"
1419272841935259,25849.000000,"Heap size (KB)"
1419272842568540,25881.000000,"Heap size (KB)"
1419272843173853,25913.000000,"Heap size (KB)"
1419272843844061,25945.000000,"Heap size (KB)"
1419272844421405,25977.000000,"Heap size (KB)"
1419272845220155,26009.000000,"Heap size (KB)"
1419272845903905,26041.000000,"Heap size (KB)"
1419272846507603,26073.000000,"Heap size (KB)"
1419272847142915,26105.000000,"Heap size (KB)"
1419272847782498,26137.000000,"Heap size (KB)"
1419272848485728,26169.000000,"Heap size (KB)"
1419272850944373,26201.000000,"Heap size (KB)"
1419272851477811,26233.000000,"Heap size (KB)"
1419272851984009,26265.000000,"Heap size (KB)"
1419272852489478,26297.000000,"Heap size (KB)"
1419272853240467,26329.000000,"Heap size (KB)"
1419272853832915,26361.000000,"Heap size (KB)"
1419272854390728,26393.000000,"Heap size (KB)"
1419272854989946,26425.000000,"Heap size (KB)"
1419272855107134,26457.000000,"Heap size (KB)"
1419272855572967,26489.000000,"Heap size (KB)"
1419272856172030,26521.000000,"Heap size (KB)"
1419272856841405,26553.000000,"Heap size (KB)"
1419272857083905,26585.000000,"Heap size (KB)"
1419272857395571,26617.000000,"Heap size (KB)"
1419272857949217,26649.000000,"Heap size (KB)"
1419272858495103,26681.000000,"Heap size (KB)"
1419272859007030,26713.000000,"Heap size (KB)"
1419272859540936,26745.000000,"Heap size (KB)"
1419272859707030,26817.000000,"Heap size (KB)"
1419272860094373,26849.000000,"Heap size (KB)"
1419272860640936,26881.000000,"Heap size (KB)"
1419272861264530,26913.000000,"Heap size (KB)"
1419272861816717,26945.000000,"Heap size (KB)"
1419272862684217,26977.000000,"Heap size (KB)"
1419272862769842,27009.000000,"Heap size (KB)"
1419272863361821,27041.000000,"Heap size (KB)"
1419272863991405,27073.000000,"Heap size (KB)"
1419272864593592,27105.000000,"Heap size (KB)"
1419272865129009,27137.000000,"Heap size (KB)"
1419272865212811,27653.000000,"Heap size (KB)"
1419272865222811,28169.000000,"Heap size (KB)"
1419272865706509,28237.000000,"Heap size (KB)"
1419272865744217,28269.000000,"Heap size (KB)"
1419272865758540,28529.000000,"Heap size (KB)"
1419272865776248,28789.000000,"Heap size (KB)"
1419272866358748,28821.000000,"Heap size (KB)"
1419272866942967,28853.000000,"Heap size (KB)"
1419272867519686,28885.000000,"Heap size (KB)"
1419272868069998,28917.000000,"Heap size (KB)"
1419272868171978,28989.000000,"Heap size (KB)"
1419272868651561,29021.000000,"Heap size (KB)"
1419272869284686,29053.000000,"Heap size (KB)"
1419272869906092,29085.000000,"Heap size (KB)"
1419272870546821,29117.000000,"Heap size (KB)"
1419272871081196,29153.000000,"Heap size (KB)"
1419272871640780,29185.000000,"Heap size (KB)"
1419272872178696,29217.000000,"Heap size (KB)"
1419272872786092,29249.000000,"Heap size (KB)"
1419272873335623,29281.000000,"Heap size (KB)"
1419272873651509,29797.000000,"Heap size (KB)"
1419272873665467,30313.000000,"Heap size (KB)"
1419272873800467,30345.000000,"Heap size (KB)"
1419272874251873,30377.000000,"Heap size (KB)"
1419272874719061,30409.000000,"Heap size (KB)"
1419272875186717,30441.000000,"Heap size (KB)"
1419272875649217,30477.000000,"Heap size (KB)"
1419272878434217,30509.000000,"Heap size (KB)"
1419272878880259,30541.000000,"Heap size (KB)"
1419272879052342,30573.000000,"Heap size (KB)"
1419272879673853,30605.000000,"Heap size (KB)"
1419272880256248,30637.000000,"Heap size (KB)"
1419272880893748,30669.000000,"Heap size (KB)"
1419272881495103,30701.000000,"Heap size (KB)"
1419272882154946,30733.000000,"Heap size (KB)"
1419272882430728,30993.000000,"Heap size (KB)"
1419272882437186,31253.000000,"Heap size (KB)"
1419272882721405,31285.000000,"Heap size (KB)"
1419272883090623,19800354816.000000,"mem.virt"
1419272883090623,0.000000,"mem.locked"
1419272883090623,382169088.000000,"mem.rss.watermark"
1419272883090623,298803200.000000,"mem.rss"
1419272883090623,107999232.000000,"mem.rss.anon"
1419272883090623,157765632.000000,"mem.rss.file"
1419272883090623,33038336.000000,"mem.rss.shmem"
1419272883090623,18595840.000000,"mem.swap"
1419272883090623,0.000000,"oom_score_adj"
1419272883266821,31317.000000,"Heap size (KB)"
1419272883801353,31349.000000,"Heap size (KB)"
1419272884310884,31381.000000,"Heap size (KB)"
1419272884894217,31413.000000,"Heap size (KB)"
1419272885404686,31445.000000,"Heap size (KB)"
1419272885920155,31477.000000,"Heap size (KB)"
1419272886462603,31509.000000,"Heap size (KB)"
1419272886965311,31541.000000,"Heap size (KB)"
1419272887542446,31573.000000,"Heap size (KB)"
1419272888116248,31605.000000,"Heap size (KB)"
1419272888641978,31637.000000,"Heap size (KB)"
1419272889185728,31669.000000,"Heap size (KB)"
1419272889602811,31737.000000,"Heap size (KB)"
1419272889860311,31769.000000,"Heap size (KB)"
1419272890319842,31801.000000,"Heap size (KB)"
1419272890785884,31833.000000,"Heap size (KB)"
1419272891248905,31865.000000,"Heap size (KB)"
1419272891708853,31897.000000,"Heap size (KB)"
1419272892144009,31929.000000,"Heap size (KB)"
1419272892496196,31961.000000,"Heap size (KB)"
1419272893020259,31993.000000,"Heap size (KB)"
1419272893475884,32025.000000,"Heap size (KB)"
1419272893915415,32057.000000,"Heap size (KB)"
1419272894371196,32089.000000,"Heap size (KB)"
1419272894841092,32121.000000,"Heap size (KB)"
1419272895306873,32153.000000,"Heap size (KB)"
1419272895769217,32185.000000,"Heap size (KB)"
1419272896166196,32217.000000,"Heap size (KB)"
1419272896635623,32249.000000,"Heap size (KB)"
1419272897093853,32281.000000,"Heap size (KB)"
1419272897528123,32313.000000,"Heap size (KB)"
1419272897965936,32345.000000,"Heap size (KB)"
1419272898409530,32377.000000,"Heap size (KB)"
1419272898843592,32409.000000,"Heap size (KB)"
1419272899274842,32441.000000,"Heap size (KB)"
1419272899698123,32473.000000,"Heap size (KB)"
1419272899988592,32505.000000,"Heap size (KB)"
1419272900416561,32537.000000,"Heap size (KB)"
1419272902911040,32569.000000,"Heap size (KB)"
1419272903464217,32601.000000,"Heap size (KB)"
1419272903479061,32641.000000,"Heap size (KB)"
1419272904031665,32673.000000,"Heap size (KB)"
1419272904066665,32705.000000,"Heap size (KB)"
1419272904620155,32737.000000,"Heap size (KB)"
1419272904921248,32769.000000,"Heap size (KB)"
1419272905207498,32801.000000,"Heap size (KB)"
1419272905751196,32833.000000,"Heap size (KB)"
1419272906073696,32905.000000,"Heap size (KB)"
1419272906268280,32937.000000,"Heap size (KB)"
1419272906808905,32969.000000,"Heap size (KB)"
1419272907360311,33001.000000,"Heap size (KB)"
1419272907881561,33033.000000,"Heap size (KB)"
1419272908354217,33549.000000,"Heap size (KB)"
1419272908359634,34065.000000,"Heap size (KB)"
1419272908417030,34097.000000,"Heap size (KB)"
1419272908550415,34165.000000,"Heap size (KB)"
1419272908557915,34425.000000,"Heap size (KB)"
1419272908562967,34685.000000,"Heap size (KB)"
1419272909020936,34717.000000,"Heap size (KB)"
1419272909218228,34789.000000,"Heap size (KB)"
1419272909567342,34821.000000,"Heap size (KB)"
1419272910106092,34853.000000,"Heap size (KB)"
1419272910600884,34885.000000,"Heap size (KB)"
1419272911165103,34917.000000,"Heap size (KB)"
1419272911713228,34949.000000,"Heap size (KB)"
1419272912227967,34981.000000,"Heap size (KB)"
1419272912534478,35497.000000,"Heap size (KB)"
1419272912542186,36013.000000,"Heap size (KB)"
1419272912588592,36273.000000,"Heap size (KB)"
1419272912594790,36533.000000,"Heap size (KB)"
1419272912644634,36565.000000,"Heap size (KB)"
1419272912799634,36597.000000,"Heap size (KB)"
1419272913335311,36629.000000,"Heap size (KB)"
1419272913969842,36661.000000,"Heap size (KB)"
1419272914428905,36693.000000,"Heap size (KB)"
1419272914873748,36725.000000,"Heap size (KB)"
1419272915320936,36757.000000,"Heap size (KB)"
1419272915764530,36789.000000,"Heap size (KB)"
1419272916199321,36821.000000,"Heap size (KB)"
1419272916640623,36853.000000,"Heap size (KB)"
1419272917151405,36885.000000,"Heap size (KB)"
1419272917582603,36917.000000,"Heap size (KB)"
1419272918041196,36949.000000,"Heap size (KB)"
1419272918485936,36981.000000,"Heap size (KB)"
1419272918932134,37013.000000,"Heap size (KB)"
1419272919274478,37045.000000,"Heap size (KB)"
1419272919739165,37077.000000,"Heap size (KB)"
1419272920200467,37109.000000,"Heap size (KB)"
1419272920679165,37141.000000,"Heap size (KB)"
1419272921156509,37173.000000,"Heap size (KB)"
1419272921614634,37205.000000,"Heap size (KB)"
1419272922046405,37237.000000,"Heap size (KB)"
1419272922484009,37269.000000,"Heap size (KB)"
1419272922922655,37309.000000,"Heap size (KB)"
1419272923123436,37377.000000,"Heap size (KB)"
1419272923332811,37409.000000,"Heap size (KB)"
1419272923790884,37441.000000,"Heap size (KB)"
1419272924226717,37473.000000,"Heap size (KB)"
1419272926728436,37505.000000,"Heap size (KB)"
1419272927277759,37537.000000,"Heap size (KB)"
1419272927803123,37569.000000,"Heap size (KB)"
1419272928338280,37601.000000,"Heap size (KB)"
1419272928908905,37633.000000,"Heap size (KB)"
1419272929481353,37665.000000,"Heap size (KB)"
1419272930032967,37697.000000,"Heap size (KB)"
1419272930571248,37729.000000,"Heap size (KB)"
1419272931111092,37761.000000,"Heap size (KB)"
1419272931662342,37793.000000,"Heap size (KB)"
1419272932174946,37825.000000,"Heap size (KB)"
1419272932732186,37857.000000,"Heap size (KB)"
1419272933379530,37889.000000,"Heap size (KB)"
1419272933915780,37921.000000,"Heap size (KB)"
1419272934426405,37953.000000,"Heap size (KB)"
1419272934949373,37985.000000,"Heap size (KB)"
1419272935477915,38017.000000,"Heap size (KB)"
1419272936017811,38049.000000,"Heap size (KB)"
1419272936555155,38081.000000,"Heap size (KB)"
1419272937102342,38113.000000,"Heap size (KB)"
1419272937725155,38145.000000,"Heap size (KB)"
1419272938167603,38177.000000,"Heap size (KB)"
1419272938617446,38209.000000,"Heap size (KB)"
1419272939056509,38241.000000,"Heap size (KB)"
1419272939502030,38273.000000,"Heap size (KB)"
1419272939941092,38305.000000,"Heap size (KB)"
1419272940377498,38337.000000,"Heap size (KB)"
1419272940858905,38369.000000,"Heap size (KB)"
1419272941316196,38401.000000,"Heap size (KB)"
1419272941763696,38433.000000,"Heap size (KB)"
1419272942150259,38465.000000,"Heap size (KB)"
1419272942589165,38497.000000,"Heap size (KB)"
1419272943033905,38529.000000,"Heap size (KB)"
1419272943480780,38561.000000,"Heap size (KB)"
1419272943917811,38593.000000,"Heap size (KB)"
1419272944350311,38625.000000,"Heap size (KB)"
1419272944791040,38657.000000,"Heap size (KB)"
1419272945269478,38689.000000,"Heap size (KB)"
1419272945742811,38721.000000,"Heap size (KB)"
1419272946221821,38753.000000,"Heap size (KB)"
1419272946684478,38785.000000,"Heap size (KB)"
1419272946945467,38833.000000,"Heap size (KB)"
1419272947381353,38865.000000,"Heap size (KB)"
1419272947800415,38897.000000,"Heap size (KB)"
1419272950338905,38929.000000,"Heap size (KB)"
1419272950905936,38961.000000,"Heap size (KB)"
1419272951463592,38993.000000,"Heap size (KB)"
1419272952001717,39025.000000,"Heap size (KB)"
1419272952547811,39057.000000,"Heap size (KB)"
1419272953141821,39089.000000,"Heap size (KB)"
1419272953674373,39121.000000,"Heap size (KB)"
1419272954207290,39153.000000,"Heap size (KB)"
1419272954758436,39185.000000,"Heap size (KB)"
1419272955348436,39217.000000,"Heap size (KB)"
1419272955913384,39249.000000,"Heap size (KB)"
1419272956466873,39281.000000,"Heap size (KB)"
1419272957055571,39313.000000,"Heap size (KB)"
1419272957582290,39345.000000,"Heap size (KB)"
1419272958070623,39377.000000,"Heap size (KB)"
1419272958607342,39409.000000,"Heap size (KB)"
1419272959157030,39441.000000,"Heap size (KB)"
1419272959718280,39473.000000,"Heap size (KB)"
1419272960257342,39505.000000,"Heap size (KB)"
1419272960973280,39537.000000,"Heap size (KB)"
1419272961324530,39569.000000,"Heap size (KB)"
1419272961453696,39601.000000,"Heap size (KB)"
1419272961972915,39633.000000,"Heap size (KB)"
1419272962481561,39665.000000,"Heap size (KB)"
1419272962991509,39697.000000,"Heap size (KB)"
1419272963483123,39729.000000,"Heap size (KB)"
1419272963548071,39761.000000,"Heap size (KB)"
1419272964078123,39793.000000,"Heap size (KB)"
1419272964566248,39825.000000,"Heap size (KB)"
1419272965062655,39857.000000,"Heap size (KB)"
1419272965409321,39889.000000,"Heap size (KB)"
1419272965535623,39921.000000,"Heap size (KB)"
1419272965974009,39993.000000,"Heap size (KB)"
1419272965980155,40025.000000,"Heap size (KB)"
1419272966421040,40057.000000,"Heap size (KB)"
1419272966865936,40089.000000,"Heap size (KB)"
1419272967326040,40121.000000,"Heap size (KB)"
1419272967778592,40153.000000,"Heap size (KB)"
1419272968226405,40185.000000,"Heap size (KB)"
1419272968682655,40217.000000,"Heap size (KB)"
1419272968995623,40249.000000,"Heap size (KB)"
1419272969432811,40281.000000,"Heap size (KB)"
1419272969887186,40313.000000,"Heap size (KB)"
1419272970359478,40345.000000,"Heap size (KB)"
1419272970842811,40377.000000,"Heap size (KB)"
1419272971305884,40409.000000,"Heap size (KB)"
1419272971796405,40441.000000,"Heap size (KB)"
1419272972057030,40957.000000,"Heap size (KB)"
1419272972070467,41473.000000,"Heap size (KB)"
1419272972280467,41505.000000,"Heap size (KB)"
1419272972547967,41573.000000,"Heap size (KB)"
1419272972557446,41833.000000,"Heap size (KB)"
1419272972563123,42093.000000,"Heap size (KB)"
1419272972575728,42129.000000,"Heap size (KB)"
1419272973456717,42201.000000,"Heap size (KB)"
1419272975004061,42233.000000,"Heap size (KB)"
1419272975547655,42265.000000,"Heap size (KB)"
1419272976108540,42297.000000,"Heap size (KB)"
1419272976641873,42329.000000,"Heap size (KB)"
1419272976719530,42845.000000,"Heap size (KB)"
1419272976730571,43361.000000,"Heap size (KB)"
1419272976805155,43621.000000,"Heap size (KB)"
1419272976871821,43881.000000,"Heap size (KB)"
1419272977205311,43913.000000,"Heap size (KB)"
1419272977762030,43945.000000,"Heap size (KB)"
1419272978309998,43977.000000,"Heap size (KB)"
1419272978857603,44009.000000,"Heap size (KB)"
1419272979424061,44041.000000,"Heap size (KB)"
1419272979984373,44073.000000,"Heap size (KB)"
1419272980536717,44105.000000,"Heap size (KB)"
1419272981190311,44137.000000,"Heap size (KB)"
1419272981741873,44169.000000,"Heap size (KB)"
1419272982238853,19800354816.000000,"mem.virt"
1419272982238853,0.000000,"mem.locked"
1419272982238853,382169088.000000,"mem.rss.watermark"
1419272982238853,305618944.000000,"mem.rss"
1419272982238853,114814976.000000,"mem.rss.anon"
1419272982238853,157765632.000000,"mem.rss.file"
1419272982238853,33038336.000000,"mem.rss.shmem"
1419272982238853,18595840.000000,"mem.swap"
1419272982238853,0.000000,"oom_score_adj"
1419272982281665,44201.000000,"Heap size (KB)"
1419272982766196,44233.000000,"Heap size (KB)"
1419272983283592,44265.000000,"Heap size (KB)"
1419272983820259,44297.000000,"Heap size (KB)"
1419272984371561,44329.000000,"Heap size (KB)"
1419272984947186,44361.000000,"Heap size (KB)"
1419272985492186,44393.000000,"Heap size (KB)"
1419272986133228,44425.000000,"Heap size (KB)"
1419272986651717,44457.000000,"Heap size (KB)"
1419272987164217,44489.000000,"Heap size (KB)"
1419272987684217,44521.000000,"Heap size (KB)"
1419272988160155,44553.000000,"Heap size (KB)"
1419272988605311,44585.000000,"Heap size (KB)"
1419272989025623,44617.000000,"Heap size (KB)"
1419272989472655,44649.000000,"Heap size (KB)"
1419272989919530,44681.000000,"Heap size (KB)"
1419272990356092,44713.000000,"Heap size (KB)"
1419272990790155,44745.000000,"Heap size (KB)"
1419272991234321,44777.000000,"Heap size (KB)"
1419272991674946,44809.000000,"Heap size (KB)"
1419272992117498,44841.000000,"Heap size (KB)"
1419272992557446,44873.000000,"Heap size (KB)"
1419272993007290,44905.000000,"Heap size (KB)"
1419272993430311,44937.000000,"Heap size (KB)"
1419272993855155,44969.000000,"Heap size (KB)"
1419272994267967,45001.000000,"Heap size (KB)"
1419272994726092,45033.000000,"Heap size (KB)"
1419272995201248,45065.000000,"Heap size (KB)"
1419272995553905,45133.000000,"Heap size (KB)"
1419272995663436,45165.000000,"Heap size (KB)"
1419272996121248,45197.000000,"Heap size (KB)"
1419272996571821,45229.000000,"Heap size (KB)"
1419272999173540,45261.000000,"Heap size (KB)"
1419272999690259,45293.000000,"Heap size (KB)"
1419273000226248,45325.000000,"Heap size (KB)"
1419273000733436,45357.000000,"Heap size (KB)"
1419273001264061,45389.000000,"Heap size (KB)"
1419273001812030,45421.000000,"Heap size (KB)"
1419273002314634,45453.000000,"Heap size (KB)"
1419273002856717,45485.000000,"Heap size (KB)"
1419273003393071,45517.000000,"Heap size (KB)"
1419273003909530,45549.000000,"Heap size (KB)"
1419273004442030,45581.000000,"Heap size (KB)"
1419273005021092,45613.000000,"Heap size (KB)"
1419273005534842,45645.000000,"Heap size (KB)"
1419273006047967,45677.000000,"Heap size (KB)"
1419273006568123,45709.000000,"Heap size (KB)"
1419273007067030,45741.000000,"Heap size (KB)"
1419273007570259,45773.000000,"Heap size (KB)"
1419273008077498,45805.000000,"Heap size (KB)"
1419273008618748,45837.000000,"Heap size (KB)"
1419273009162967,45869.000000,"Heap size (KB)"
1419273009862759,45901.000000,"Heap size (KB)"
1419273010299321,45933.000000,"Heap size (KB)"
1419273010750155,45965.000000,"Heap size (KB)"
1419273011196040,45997.000000,"Heap size (KB)"
1419273011571665,46029.000000,"Heap size (KB)"
1419273012053280,46061.000000,"Heap size (KB)"
1419273012518436,46093.000000,"Heap size (KB)"
1419273012988436,46125.000000,"Heap size (KB)"
1419273013418071,46157.000000,"Heap size (KB)"
1419273013845728,46189.000000,"Heap size (KB)"
1419273014273436,46221.000000,"Heap size (KB)"
1419273014718748,46253.000000,"Heap size (KB)"
1419273015136821,46285.000000,"Heap size (KB)"
1419273015563280,46317.000000,"Heap size (KB)"
1419273015987030,46349.000000,"Heap size (KB)"
1419273016403436,46381.000000,"Heap size (KB)"
1419273016842186,46413.000000,"Heap size (KB)"
1419273017279530,46445.000000,"Heap size (KB)"
1419273017707967,46477.000000,"Heap size (KB)"
1419273018132186,46509.000000,"Heap size (KB)"
1419273018556509,46541.000000,"Heap size (KB)"
1419273018724634,46597.000000,"Heap size (KB)"
1419273019172342,46629.000000,"Heap size (KB)"
1419273019601717,46661.000000,"Heap size (KB)"
1419273020104842,46693.000000,"Heap size (KB)"
1419273022177290,46725.000000,"Heap size (KB)"
1419273022719061,46757.000000,"Heap size (KB)"
1419273023278540,46789.000000,"Heap size (KB)"
1419273023828384,46821.000000,"Heap size (KB)"
1419273024372967,46853.000000,"Heap size (KB)"
1419273024910571,46885.000000,"Heap size (KB)"
1419273025467290,46917.000000,"Heap size (KB)"
1419273026005884,46949.000000,"Heap size (KB)"
1419273026583280,46981.000000,"Heap size (KB)"
1419273027114998,47013.000000,"Heap size (KB)"
1419273027623071,47045.000000,"Heap size (KB)"
1419273028169686,47077.000000,"Heap size (KB)"
1419273028715780,47109.000000,"Heap size (KB)"
1419273029286405,47141.000000,"Heap size (KB)"
1419273029867915,47173.000000,"Heap size (KB)"
1419273030393853,47205.000000,"Heap size (KB)"
1419273030979165,47237.000000,"Heap size (KB)"
1419273031513592,47269.000000,"Heap size (KB)"
1419273032072186,47301.000000,"Heap size (KB)"
1419273032610936,47333.000000,"Heap size (KB)"
1419273033302186,47365.000000,"Heap size (KB)"
1419273033761717,47397.000000,"Heap size (KB)"
1419273034203905,47429.000000,"Heap size (KB)"
1419273034658592,47461.000000,"Heap size (KB)"
1419273035111873,47493.000000,"Heap size (KB)"
1419273035559998,47525.000000,"Heap size (KB)"
1419273036002030,47557.000000,"Heap size (KB)"
1419273036467759,47589.000000,"Heap size (KB)"
1419273036968280,47621.000000,"Heap size (KB)"
1419273037462759,47653.000000,"Heap size (KB)"
1419273037859061,47685.000000,"Heap size (KB)"
1419273038248853,47717.000000,"Heap size (KB)"
1419273038624061,47749.000000,"Heap size (KB)"
1419273038994217,47781.000000,"Heap size (KB)"
1419273039358228,47813.000000,"Heap size (KB)"
1419273039753696,47845.000000,"Heap size (KB)"
1419273040116561,47877.000000,"Heap size (KB)"
1419273040481092,47909.000000,"Heap size (KB)"
1419273040853592,47941.000000,"Heap size (KB)"
1419273041217030,47973.000000,"Heap size (KB)"
1419273041578280,48005.000000,"Heap size (KB)"
1419273041937811,48037.000000,"Heap size (KB)"
1419273042303592,48069.000000,"Heap size (KB)"
1419273042494061,48101.000000,"Heap size (KB)"
1419273042885155,48133.000000,"Heap size (KB)"
1419273045450728,48165.000000,"Heap size (KB)"
1419273046022186,48197.000000,"Heap size (KB)"
1419273046564998,48229.000000,"Heap size (KB)"
1419273047119321,48261.000000,"Heap size (KB)"
1419273047675780,48293.000000,"Heap size (KB)"
1419273048263540,48325.000000,"Heap size (KB)"
1419273048825155,48357.000000,"Heap size (KB)"
1419273049401717,48389.000000,"Heap size (KB)"
1419273049969530,48421.000000,"Heap size (KB)"
1419273050502811,48453.000000,"Heap size (KB)"
1419273051068280,48485.000000,"Heap size (KB)"
1419273051636092,48517.000000,"Heap size (KB)"
1419273052177915,48549.000000,"Heap size (KB)"
1419273052732655,48581.000000,"Heap size (KB)"
1419273053378905,48613.000000,"Heap size (KB)"
1419273053949009,48645.000000,"Heap size (KB)"
1419273054503905,48677.000000,"Heap size (KB)"
1419273055059061,48709.000000,"Heap size (KB)"
1419273055596092,48741.000000,"Heap size (KB)"
1419273056295155,48773.000000,"Heap size (KB)"
1419273056673071,48805.000000,"Heap size (KB)"
1419273057092030,48837.000000,"Heap size (KB)"
1419273057527811,48869.000000,"Heap size (KB)"
1419273057899842,48901.000000,"Heap size (KB)"
1419273058272967,48933.000000,"Heap size (KB)"
1419273058647655,48965.000000,"Heap size (KB)"
1419273059022290,48997.000000,"Heap size (KB)"
1419273059395780,49029.000000,"Heap size (KB)"
1419273059754790,49061.000000,"Heap size (KB)"
1419273060125155,49093.000000,"Heap size (KB)"
1419273060498540,49125.000000,"Heap size (KB)"
1419273060996821,49157.000000,"Heap size (KB)"
1419273061370155,49189.000000,"Heap size (KB)"
1419273061737811,49221.000000,"Heap size (KB)"
1419273062143853,49253.000000,"Heap size (KB)"
1419273062541248,49285.000000,"Heap size (KB)"
1419273062964530,49317.000000,"Heap size (KB)"
1419273063362655,49349.000000,"Heap size (KB)"
1419273063739217,49381.000000,"Heap size (KB)"
1419273064126405,49413.000000,"Heap size (KB)"
1419273064499686,49445.000000,"Heap size (KB)"
1419273064883123,49477.000000,"Heap size (KB)"
1419273065245311,49509.000000,"Heap size (KB)"
1419273067895259,49541.000000,"Heap size (KB)"
1419273068429477,49573.000000,"Heap size (KB)"
1419273069038748,49605.000000,"Heap size (KB)"
1419273069559842,49637.000000,"Heap size (KB)"
1419273070101561,49669.000000,"Heap size (KB)"
1419273070614217,49701.000000,"Heap size (KB)"
1419273070722030,49733.000000,"Heap size (KB)"
1419273071138905,49765.000000,"Heap size (KB)"
1419273071692030,49797.000000,"Heap size (KB)"
1419273072257134,49829.000000,"Heap size (KB)"
1419273072787498,49861.000000,"Heap size (KB)"
1419273073311717,49893.000000,"Heap size (KB)"
1419273073824373,49925.000000,"Heap size (KB)"
1419273074353592,49957.000000,"Heap size (KB)"
1419273074891821,49989.000000,"Heap size (KB)"
1419273075420415,50021.000000,"Heap size (KB)"
1419273075919530,50053.000000,"Heap size (KB)"
1419273076458748,50085.000000,"Heap size (KB)"
1419273077018071,50117.000000,"Heap size (KB)"
1419273077549217,50149.000000,"Heap size (KB)"
1419273078081509,50181.000000,"Heap size (KB)"
1419273078690467,50213.000000,"Heap size (KB)"
1419273078845623,50269.000000,"Heap size (KB)"
1419273079227498,50301.000000,"Heap size (KB)"
1419273079608280,50333.000000,"Heap size (KB)"
1419273079972342,50365.000000,"Heap size (KB)"
1419273080335259,50397.000000,"Heap size (KB)"
1419273080699217,50429.000000,"Heap size (KB)"
1419273081068384,50461.000000,"Heap size (KB)"
1419273081420884,50493.000000,"Heap size (KB)"
1419273081789998,50525.000000,"Heap size (KB)"
1419273082147030,50557.000000,"Heap size (KB)"
1419273082277446,19796160512.000000,"mem.virt"
1419273082277446,0.000000,"mem.locked"
1419273082277446,382169088.000000,"mem.rss.watermark"
1419273082277446,311910400.000000,"mem.rss"
1419273082277446,121761792.000000,"mem.rss.anon"
1419273082277446,157765632.000000,"mem.rss.file"
1419273082277446,32382976.000000,"mem.rss.shmem"
1419273082277446,18595840.000000,"mem.swap"
1419273082277446,0.000000,"oom_score_adj"
1419273082509530,50589.000000,"Heap size (KB)"
1419273082877655,50621.000000,"Heap size (KB)"
1419273083244998,50653.000000,"Heap size (KB)"
1419273083624790,50685.000000,"Heap size (KB)"
1419273083990727,50717.000000,"Heap size (KB)"
1419273084352811,50749.000000,"Heap size (KB)"
1419273084716509,50781.000000,"Heap size (KB)"
1419273085114634,50813.000000,"Heap size (KB)"
1419273085471092,50845.000000,"Heap size (KB)"
1419273085831873,50877.000000,"Heap size (KB)"
1419273086191040,50909.000000,"Heap size (KB)"
1419273086565155,50941.000000,"Heap size (KB)"
1419273086936561,50973.000000,"Heap size (KB)"
1419273087336040,51005.000000,"Heap size (KB)"
1419273089976092,51037.000000,"Heap size (KB)"
1419273090506092,51069.000000,"Heap size (KB)"
1419273091051821,51101.000000,"Heap size (KB)"
1419273091598280,51133.000000,"Heap size (KB)"
1419273092117655,51165.000000,"Heap size (KB)"
1419273092665311,51197.000000,"Heap size (KB)"
1419273093254530,51229.000000,"Heap size (KB)"
1419273093794061,51261.000000,"Heap size (KB)"
1419273094345571,51293.000000,"Heap size (KB)"
1419273094857811,51325.000000,"Heap size (KB)"
1419273095412759,51357.000000,"Heap size (KB)"
1419273095945311,51389.000000,"Heap size (KB)"
1419273096494686,51421.000000,"Heap size (KB)"
1419273097050936,51453.000000,"Heap size (KB)"
1419273097560780,51485.000000,"Heap size (KB)"
1419273098073071,51517.000000,"Heap size (KB)"
1419273098609790,51549.000000,"Heap size (KB)"
1419273099128905,51581.000000,"Heap size (KB)"
1419273099682967,51613.000000,"Heap size (KB)"
1419273100355259,51645.000000,"Heap size (KB)"
1419273100737655,51677.000000,"Heap size (KB)"
1419273101157967,51717.000000,"Heap size (KB)"
1419273101497186,51749.000000,"Heap size (KB)"
1419273101858071,51781.000000,"Heap size (KB)"
1419273102218123,51813.000000,"Heap size (KB)"
1419273102578436,51845.000000,"Heap size (KB)"
1419273102958384,51877.000000,"Heap size (KB)"
1419273103330415,51909.000000,"Heap size (KB)"
1419273103711405,51941.000000,"Heap size (KB)"
1419273104104998,51973.000000,"Heap size (KB)"
1419273104248852,52005.000000,"Heap size (KB)"
1419273104493905,52037.000000,"Heap size (KB)"
1419273104887186,52069.000000,"Heap size (KB)"
1419273105268227,52101.000000,"Heap size (KB)"
1419273105627655,52133.000000,"Heap size (KB)"
1419273105994530,52165.000000,"Heap size (KB)"
1419273106358123,52197.000000,"Heap size (KB)"
1419273106722498,52229.000000,"Heap size (KB)"
1419273107090467,52261.000000,"Heap size (KB)"
1419273107460623,52293.000000,"Heap size (KB)"
1419273107826717,52325.000000,"Heap size (KB)"
1419273108188748,52357.000000,"Heap size (KB)"
1419273108551873,52389.000000,"Heap size (KB)"
1419273108968592,52421.000000,"Heap size (KB)"
1419273111616717,52453.000000,"Heap size (KB)"
1419273112169373,52485.000000,"Heap size (KB)"
1419273112729998,52517.000000,"Heap size (KB)"
1419273113269217,52549.000000,"Heap size (KB)"
1419273113788748,52581.000000,"Heap size (KB)"
1419273114307342,52613.000000,"Heap size (KB)"
1419273114844217,52645.000000,"Heap size (KB)"
1419273115403436,52677.000000,"Heap size (KB)"
1419273115922134,52709.000000,"Heap size (KB)"
1419273116462290,52741.000000,"Heap size (KB)"
1419273117050780,52773.000000,"Heap size (KB)"
1419273117575571,52805.000000,"Heap size (KB)"
1419273118114998,52837.000000,"Heap size (KB)"
1419273118637602,52869.000000,"Heap size (KB)"
1419273119159165,52901.000000,"Heap size (KB)"
1419273119646092,52933.000000,"Heap size (KB)"
1419273120164061,52965.000000,"Heap size (KB)"
1419273120711092,52997.000000,"Heap size (KB)"
1419273121250780,53029.000000,"Heap size (KB)"
1419273121463852,53061.000000,"Heap size (KB)"
1419273121816873,53093.000000,"Heap size (KB)"
1419273122459998,53125.000000,"Heap size (KB)"
1419273122829321,53157.000000,"Heap size (KB)"
1419273123209373,53189.000000,"Heap size (KB)"
1419273123584217,53221.000000,"Heap size (KB)"
1419273123951196,53253.000000,"Heap size (KB)"
1419273124319373,53285.000000,"Heap size (KB)"
1419273124527655,53353.000000,"Heap size (KB)"
1419273124955259,53385.000000,"Heap size (KB)"
1419273125330884,53417.000000,"Heap size (KB)"
1419273125692030,53449.000000,"Heap size (KB)"
1419273126067030,53481.000000,"Heap size (KB)"
1419273126449373,53513.000000,"Heap size (KB)"
1419273126823123,53545.000000,"Heap size (KB)"
1419273127192030,53577.000000,"Heap size (KB)"
1419273127564686,53609.000000,"Heap size (KB)"
1419273127952967,53641.000000,"Heap size (KB)"
1419273128342602,53673.000000,"Heap size (KB)"
1419273128726405,53705.000000,"Heap size (KB)"
1419273129132134,53737.000000,"Heap size (KB)"
1419273129505467,53769.000000,"Heap size (KB)"
1419273129862186,53801.000000,"Heap size (KB)"
1419273130228384,53833.000000,"Heap size (KB)"
1419273130599009,53865.000000,"Heap size (KB)"
1419273130968436,53897.000000,"Heap size (KB)"
1419273133773748,53929.000000,"Heap size (KB)"
1419273134307342,53961.000000,"Heap size (KB)"
1419273134858592,53993.000000,"Heap size (KB)"
1419273135382915,54025.000000,"Heap size (KB)"
1419273135901977,54057.000000,"Heap size (KB)"
1419273136442342,54089.000000,"Heap size (KB)"
1419273137004373,54121.000000,"Heap size (KB)"
1419273137530259,54153.000000,"Heap size (KB)"
1419273138099530,54185.000000,"Heap size (KB)"
1419273138650155,54217.000000,"Heap size (KB)"
1419273139199477,54249.000000,"Heap size (KB)"
1419273139729165,54281.000000,"Heap size (KB)"
1419273140271405,54313.000000,"Heap size (KB)"
1419273140800780,54345.000000,"Heap size (KB)"
1419273141368436,54377.000000,"Heap size (KB)"
1419273141861665,54409.000000,"Heap size (KB)"
1419273142395259,54441.000000,"Heap size (KB)"
1419273142928905,54473.000000,"Heap size (KB)"
1419273143475623,54505.000000,"Heap size (KB)"
1419273143991873,54537.000000,"Heap size (KB)"
1419273144660936,54569.000000,"Heap size (KB)"
1419273145087655,54601.000000,"Heap size (KB)"
1419273145491561,54633.000000,"Heap size (KB)"
1419273145899946,54665.000000,"Heap size (KB)"
1419273146296248,54697.000000,"Heap size (KB)"
1419273146668436,54729.000000,"Heap size (KB)"
1419273147051248,54761.000000,"Heap size (KB)"
1419273147426717,54793.000000,"Heap size (KB)"
1419273147804373,54825.000000,"Heap size (KB)"
1419273148182030,54857.000000,"Heap size (KB)"
1419273148561196,54889.000000,"Heap size (KB)"
1419273148970780,54921.000000,"Heap size (KB)"
1419273149342342,54953.000000,"Heap size (KB)"
1419273149706092,54985.000000,"Heap size (KB)"
1419273150073123,55017.000000,"Heap size (KB)"
1419273150349998,55073.000000,"Heap size (KB)"
1419273150732759,55105.000000,"Heap size (KB)"
1419273151107186,55137.000000,"Heap size (KB)"
1419273151468123,55169.000000,"Heap size (KB)"
1419273151842498,55201.000000,"Heap size (KB)"
1419273152207186,55233.000000,"Heap size (KB)"
1419273152571248,55265.000000,"Heap size (KB)"
1419273152983592,55297.000000,"Heap size (KB)"
1419273153358436,55329.000000,"Heap size (KB)"
1419273159618436,55361.000000,"Heap size (KB)"
1419273160154373,55393.000000,"Heap size (KB)"
1419273160679373,55425.000000,"Heap size (KB)"
1419273161199373,55457.000000,"Heap size (KB)"
1419273161749061,55489.000000,"Heap size (KB)"
1419273162280571,55521.000000,"Heap size (KB)"
1419273162814686,55553.000000,"Heap size (KB)"
1419273163341092,55585.000000,"Heap size (KB)"
1419273163880311,55617.000000,"Heap size (KB)"
1419273164412759,55649.000000,"Heap size (KB)"
1419273165038384,55681.000000,"Heap size (KB)"
1419273165571092,55713.000000,"Heap size (KB)"
1419273166096509,55745.000000,"Heap size (KB)"
1419273166628852,55777.000000,"Heap size (KB)"
1419273167172342,55809.000000,"Heap size (KB)"
1419273167682498,55841.000000,"Heap size (KB)"
1419273168219373,55873.000000,"Heap size (KB)"
1419273168746561,55905.000000,"Heap size (KB)"
1419273169279842,55937.000000,"Heap size (KB)"
1419273169796509,55969.000000,"Heap size (KB)"
1419273170470467,56001.000000,"Heap size (KB)"
1419273170882186,56033.000000,"Heap size (KB)"
1419273171278905,56065.000000,"Heap size (KB)"
1419273171665155,56097.000000,"Heap size (KB)"
1419273172042967,56129.000000,"Heap size (KB)"
1419273172409373,56161.000000,"Heap size (KB)"
1419273172786040,56193.000000,"Heap size (KB)"
1419273173193071,56225.000000,"Heap size (KB)"
1419273173554842,56257.000000,"Heap size (KB)"
1419273173916821,56289.000000,"Heap size (KB)"
1419273174273436,56321.000000,"Heap size (KB)"
1419273174631509,56353.000000,"Heap size (KB)"
1419273174989842,56385.000000,"Heap size (KB)"
1419273175346092,56417.000000,"Heap size (KB)"
1419273175701352,56449.000000,"Heap size (KB)"
1419273176059842,56481.000000,"Heap size (KB)"
1419273176431977,56513.000000,"Heap size (KB)"
1419273176793592,56545.000000,"Heap size (KB)"
1419273177162290,56577.000000,"Heap size (KB)"
1419273177528748,56609.000000,"Heap size (KB)"
1419273177905155,56641.000000,"Heap size (KB)"
1419273178287342,56673.000000,"Heap size (KB)"
1419273178347811,56705.000000,"Heap size (KB)"
1419273178670155,56737.000000,"Heap size (KB)"
1419273179055780,56769.000000,"Heap size (KB)"
1419273183417342,19796160512.000000,"mem.virt"
1419273183417342,0.000000,"mem.locked"
1419273183417342,382169088.000000,"mem.rss.watermark"
1419273183417342,317415424.000000,"mem.rss"
1419273183417342,127266816.000000,"mem.rss.anon"
1419273183417342,157765632.000000,"mem.rss.file"
1419273183417342,32382976.000000,"mem.rss.shmem"
1419273183417342,18595840.000000,"mem.swap"
1419273183417342,0.000000,"oom_score_adj"
1419273183700936,56801.000000,"Heap size (KB)"
1419273184246561,56833.000000,"Heap size (KB)"
1419273184789373,56865.000000,"Heap size (KB)"
1419273185344061,56897.000000,"Heap size (KB)"
1419273185880155,56929.000000,"Heap size (KB)"
1419273186412759,56961.000000,"Heap size (KB)"
1419273186914998,56993.000000,"Heap size (KB)"
1419273187478748,57025.000000,"Heap size (KB)"
1419273188033905,57057.000000,"Heap size (KB)"
1419273188624373,57089.000000,"Heap size (KB)"
1419273189167290,57121.000000,"Heap size (KB)"
1419273189795780,57153.000000,"Heap size (KB)"
1419273190184998,57185.000000,"Heap size (KB)"
1419273190571405,57217.000000,"Heap size (KB)"
1419273190949477,57249.000000,"Heap size (KB)"
1419273191329686,57281.000000,"Heap size (KB)"
1419273191709061,57313.000000,"Heap size (KB)"
1419273192085623,57345.000000,"Heap size (KB)"
1419273192443123,57377.000000,"Heap size (KB)"
1419273192836717,57409.000000,"Heap size (KB)"
1419273193227290,57441.000000,"Heap size (KB)"
1419273193591092,57473.000000,"Heap size (KB)"
1419273193937290,57505.000000,"Heap size (KB)"
1419273194295259,57537.000000,"Heap size (KB)"
1419273194648123,57569.000000,"Heap size (KB)"
1419273201827811,57589.000000,"Heap size (KB)"
1419273201893852,57621.000000,"Heap size (KB)"
1419273202075102,57653.000000,"Heap size (KB)"
1419273202388748,57685.000000,"Heap size (KB)"
1419273202573436,57717.000000,"Heap size (KB)"
1419273202809217,57749.000000,"Heap size (KB)"
1419273202993696,57781.000000,"Heap size (KB)"
1419273203218852,57813.000000,"Heap size (KB)"
1419273203354998,57845.000000,"Heap size (KB)"
1419273203524061,57877.000000,"Heap size (KB)"
1419273205833852,57917.000000,"Heap size (KB)"
1419273205842030,57937.000000,"Heap size (KB)"
1419273205978696,57969.000000,"Heap size (KB)"
1419273206086873,58001.000000,"Heap size (KB)"
1419273206277915,58033.000000,"Heap size (KB)"
1419273206446405,58065.000000,"Heap size (KB)"
1419273206568280,58097.000000,"Heap size (KB)"
1419273206734530,58129.000000,"Heap size (KB)"
1419273206858123,58161.000000,"Heap size (KB)"
1419273206999009,58193.000000,"Heap size (KB)"
1419273207108592,58225.000000,"Heap size (KB)"
1419273207277967,58257.000000,"Heap size (KB)"
1419273207404842,58289.000000,"Heap size (KB)"
1419273207550155,58321.000000,"Heap size (KB)"
1419273207665727,58353.000000,"Heap size (KB)"
1419273207826352,58385.000000,"Heap size (KB)"
1419273207941821,58417.000000,"Heap size (KB)"
1419273208088592,58449.000000,"Heap size (KB)"
1419273208224217,58481.000000,"Heap size (KB)"
1419273208387134,58513.000000,"Heap size (KB)"
1419273208500467,58545.000000,"Heap size (KB)"
1419273208692811,58577.000000,"Heap size (KB)"
1419273208829009,58609.000000,"Heap size (KB)"
1419273208981248,58641.000000,"Heap size (KB)"
1419273209108384,58673.000000,"Heap size (KB)"
1419273209293748,58705.000000,"Heap size (KB)"
1419273209429998,58737.000000,"Heap size (KB)"
1419273209591248,58769.000000,"Heap size (KB)"
1419273209721352,58801.000000,"Heap size (KB)"
1419273209885884,58833.000000,"Heap size (KB)"
1419273210008852,58865.000000,"Heap size (KB)"
1419273210190259,58897.000000,"Heap size (KB)"
1419273210322655,58929.000000,"Heap size (KB)"
1419273210487290,58961.000000,"Heap size (KB)"
1419273210618123,58993.000000,"Heap size (KB)"
1419273210764790,59025.000000,"Heap size (KB)"
1419273210884842,59057.000000,"Heap size (KB)"
1419273211070415,59089.000000,"Heap size (KB)"
1419273211238696,59121.000000,"Heap size (KB)"
1419273211373696,59153.000000,"Heap size (KB)"
1419273211557655,59185.000000,"Heap size (KB)"
1419273211688436,59217.000000,"Heap size (KB)"
1419273211852655,59249.000000,"Heap size (KB)"
1419273211984217,59281.000000,"Heap size (KB)"
1419273212162498,59313.000000,"Heap size (KB)"
1419273212288852,59345.000000,"Heap size (KB)"
1419273212467655,59377.000000,"Heap size (KB)"
1419273212594634,59409.000000,"Heap size (KB)"
1419273212751405,59441.000000,"Heap size (KB)"
1419273212899061,59473.000000,"Heap size (KB)"
1419273213102811,59505.000000,"Heap size (KB)"
1419273213220311,59537.000000,"Heap size (KB)"
1419273213379061,59569.000000,"Heap size (KB)"
1419273213496405,59601.000000,"Heap size (KB)"
1419273213658696,59633.000000,"Heap size (KB)"
1419273213784842,59665.000000,"Heap size (KB)"
1419273213938227,59697.000000,"Heap size (KB)"
1419273214058592,59729.000000,"Heap size (KB)"
1419273214206665,59761.000000,"Heap size (KB)"
1419273214330884,59793.000000,"Heap size (KB)"
1419273214493696,59825.000000,"Heap size (KB)"
1419273214620102,59857.000000,"Heap size (KB)"
1419273214769373,59889.000000,"Heap size (KB)"
1419273214889790,59921.000000,"Heap size (KB)"
1419273215063592,59953.000000,"Heap size (KB)"
1419273215188592,59985.000000,"Heap size (KB)"
1419273215336821,60017.000000,"Heap size (KB)"
1419273215465311,60049.000000,"Heap size (KB)"
1419273215637915,60081.000000,"Heap size (KB)"
1419273215754842,60113.000000,"Heap size (KB)"
1419273215917655,60145.000000,"Heap size (KB)"
1419273216044061,60177.000000,"Heap size (KB)"
1419273216199373,60209.000000,"Heap size (KB)"
1419273216320936,60241.000000,"Heap size (KB)"
1419273216489217,60273.000000,"Heap size (KB)"
1419273216612446,60305.000000,"Heap size (KB)"
1419273216794061,60337.000000,"Heap size (KB)"
1419273216916040,60369.000000,"Heap size (KB)"
1419273217094217,60401.000000,"Heap size (KB)"
1419273217247915,60433.000000,"Heap size (KB)"
1419273217375727,60465.000000,"Heap size (KB)"
1419273217545623,60497.000000,"Heap size (KB)"
1419273217668123,60529.000000,"Heap size (KB)"
1419273217839061,60561.000000,"Heap size (KB)"
1419273217966248,60593.000000,"Heap size (KB)"
1419273218115780,60625.000000,"Heap size (KB)"
1419273218240936,60657.000000,"Heap size (KB)"
1419273218412030,60689.000000,"Heap size (KB)"
1419273218544790,60721.000000,"Heap size (KB)"
1419273218706405,60753.000000,"Heap size (KB)"
1419273218844217,60785.000000,"Heap size (KB)"
1419273219019009,60817.000000,"Heap size (KB)"
1419273219147811,60849.000000,"Heap size (KB)"
1419273219306092,60881.000000,"Heap size (KB)"
1419273219435102,60913.000000,"Heap size (KB)"
1419273219610884,60945.000000,"Heap size (KB)"
1419273219737759,60977.000000,"Heap size (KB)"
1419273219903592,61009.000000,"Heap size (KB)"
1419273220048696,61041.000000,"Heap size (KB)"
1419273220223227,61073.000000,"Heap size (KB)"
1419273220347811,61105.000000,"Heap size (KB)"
1419273220521509,61137.000000,"Heap size (KB)"
1419273220671405,61169.000000,"Heap size (KB)"
1419273220831717,12508.000000,"Minflt-GC"
1419273220833905,0.000000,"Majflt-GC"
1419273220907655,61201.000000,"Heap size (KB)"
1419273220911821,12508.000000,"Minflt-GC"
1419273220913748,0.000000,"Majflt-GC"
1419273221138748,61233.000000,"Heap size (KB)"
1419273221308280,61265.000000,"Heap size (KB)"
1419273221440623,61297.000000,"Heap size (KB)"
1419273221604842,61329.000000,"Heap size (KB)"
1419273221749061,61361.000000,"Heap size (KB)"
1419273221915311,61393.000000,"Heap size (KB)"
1419273222049686,61425.000000,"Heap size (KB)"
1419273222231561,61457.000000,"Heap size (KB)"
1419273222379686,61489.000000,"Heap size (KB)"
1419273222548540,61521.000000,"Heap size (KB)"
1419273222684686,61553.000000,"Heap size (KB)"
1419273222871717,61585.000000,"Heap size (KB)"
1419273223024998,61617.000000,"Heap size (KB)"
1419273223201821,61649.000000,"Heap size (KB)"
1419273223368123,61681.000000,"Heap size (KB)"
1419273223501092,61713.000000,"Heap size (KB)"
1419273223682186,61745.000000,"Heap size (KB)"
1419273223797186,61777.000000,"Heap size (KB)"
1419273223945415,61809.000000,"Heap size (KB)"
1419273224074686,61841.000000,"Heap size (KB)"
1419273224254790,61873.000000,"Heap size (KB)"
1419273224385623,61905.000000,"Heap size (KB)"
1419273224541196,61937.000000,"Heap size (KB)"
1419273224697655,61969.000000,"Heap size (KB)"
1419273224887967,62001.000000,"Heap size (KB)"
1419273225068852,62033.000000,"Heap size (KB)"
1419273225234946,62065.000000,"Heap size (KB)"
1419273225364321,62097.000000,"Heap size (KB)"
1419273225544842,62129.000000,"Heap size (KB)"
1419273225676092,62161.000000,"Heap size (KB)"
1419273225864217,62193.000000,"Heap size (KB)"
1419273226002186,62225.000000,"Heap size (KB)"
1419273226166665,62257.000000,"Heap size (KB)"
1419273226301561,62289.000000,"Heap size (KB)"
1419273226477602,62321.000000,"Heap size (KB)"
1419273226596873,62353.000000,"Heap size (KB)"
1419273226773905,62385.000000,"Heap size (KB)"
1419273226905155,62417.000000,"Heap size (KB)"
1419273227076405,62449.000000,"Heap size (KB)"
1419273227215259,62481.000000,"Heap size (KB)"
1419273227383436,62513.000000,"Heap size (KB)"
1419273227516717,62545.000000,"Heap size (KB)"
1419273227688123,62577.000000,"Heap size (KB)"
1419273227832134,62609.000000,"Heap size (KB)"
1419273228030884,62641.000000,"Heap size (KB)"
1419273228178384,62673.000000,"Heap size (KB)"
1419273228351092,62705.000000,"Heap size (KB)"
1419273228459686,62737.000000,"Heap size (KB)"
1419273228501040,62769.000000,"Heap size (KB)"
1419273228685884,62801.000000,"Heap size (KB)"
1419273228859790,62833.000000,"Heap size (KB)"
1419273229081405,62865.000000,"Heap size (KB)"
1419273229210467,62897.000000,"Heap size (KB)"
1419273229391092,62929.000000,"Heap size (KB)"
1419273229533852,62961.000000,"Heap size (KB)"
1419273229707915,62993.000000,"Heap size (KB)"
1419273229834790,63025.000000,"Heap size (KB)"
1419273229979061,63057.000000,"Heap size (KB)"
1419273230114217,63089.000000,"Heap size (KB)"
1419273230318280,63121.000000,"Heap size (KB)"
1419273230449061,63153.000000,"Heap size (KB)"
1419273230666977,63185.000000,"Heap size (KB)"
1419273230864009,63217.000000,"Heap size (KB)"
1419273231050311,63249.000000,"Heap size (KB)"
1419273231179530,63281.000000,"Heap size (KB)"
1419273231369842,63313.000000,"Heap size (KB)"
1419273231520311,63345.000000,"Heap size (KB)"
1419273231700727,63377.000000,"Heap size (KB)"
1419273231849217,63409.000000,"Heap size (KB)"
1419273232057498,63441.000000,"Heap size (KB)"
1419273232196248,63473.000000,"Heap size (KB)"
1419273232374477,63505.000000,"Heap size (KB)"
1419273232540780,63537.000000,"Heap size (KB)"
1419273232704634,63569.000000,"Heap size (KB)"
1419273232843905,63601.000000,"Heap size (KB)"
1419273233057655,63633.000000,"Heap size (KB)"
1419273233418748,63665.000000,"Heap size (KB)"
1419273233606040,63697.000000,"Heap size (KB)"
1419273233769998,63729.000000,"Heap size (KB)"
1419273233905936,63761.000000,"Heap size (KB)"
1419273234083280,63793.000000,"Heap size (KB)"
1419273234226977,63825.000000,"Heap size (KB)"
1419273234401405,63857.000000,"Heap size (KB)"
1419273234524686,63889.000000,"Heap size (KB)"
1419273234801717,63921.000000,"Heap size (KB)"
1419273234933436,63953.000000,"Heap size (KB)"
1419273235117811,63985.000000,"Heap size (KB)"
1419273235248280,64017.000000,"Heap size (KB)"
1419273235459217,64049.000000,"Heap size (KB)"
1419273235634321,64081.000000,"Heap size (KB)"
1419273235804477,64113.000000,"Heap size (KB)"
1419273235947655,64145.000000,"Heap size (KB)"
1419273236153280,64177.000000,"Heap size (KB)"
1419273236295311,64209.000000,"Heap size (KB)"
1419273236476561,64241.000000,"Heap size (KB)"
1419273236647134,64273.000000,"Heap size (KB)"
1419273236854686,64305.000000,"Heap size (KB)"
1419273237039998,64337.000000,"Heap size (KB)"
1419273237241717,64369.000000,"Heap size (KB)"
1419273237374321,64401.000000,"Heap size (KB)"
1419273237552498,64433.000000,"Heap size (KB)"
1419273237680311,64465.000000,"Heap size (KB)"
1419273237874373,64497.000000,"Heap size (KB)"
1419273238019373,64529.000000,"Heap size (KB)"
1419273238187498,64561.000000,"Heap size (KB)"
1419273238326561,64593.000000,"Heap size (KB)"
1419273238674009,64625.000000,"Heap size (KB)"
1419273238798592,64657.000000,"Heap size (KB)"
1419273238977498,64689.000000,"Heap size (KB)"
1419273239119061,64721.000000,"Heap size (KB)"
1419273239288280,64753.000000,"Heap size (KB)"
1419273239392915,64785.000000,"Heap size (KB)"
1419273239568748,64817.000000,"Heap size (KB)"
1419273239679061,64849.000000,"Heap size (KB)"
1419273239822342,64881.000000,"Heap size (KB)"
1419273239941040,64913.000000,"Heap size (KB)"
1419273240087342,64945.000000,"Heap size (KB)"
1419273240209998,64977.000000,"Heap size (KB)"
1419273240384009,65009.000000,"Heap size (KB)"
1419273240499373,65041.000000,"Heap size (KB)"
1419273240654842,65073.000000,"Heap size (KB)"
1419273240772811,65105.000000,"Heap size (KB)"
1419273240962655,65137.000000,"Heap size (KB)"
1419273241093123,65169.000000,"Heap size (KB)"
1419273241248748,65201.000000,"Heap size (KB)"
1419273241378071,65233.000000,"Heap size (KB)"
1419273241751561,65265.000000,"Heap size (KB)"
1419273241875467,65297.000000,"Heap size (KB)"
1419273242028696,65329.000000,"Heap size (KB)"
1419273242184061,65361.000000,"Heap size (KB)"
1419273242304009,65393.000000,"Heap size (KB)"
1419273242484686,65425.000000,"Heap size (KB)"
1419273242612759,65457.000000,"Heap size (KB)"
1419273242764217,65489.000000,"Heap size (KB)"
1419273242891873,65521.000000,"Heap size (KB)"
1419273243084842,65553.000000,"Heap size (KB)"
1419273243220155,65585.000000,"Heap size (KB)"
1419273243514530,65617.000000,"Heap size (KB)"
1419273243637290,65649.000000,"Heap size (KB)"
1419273243756561,65681.000000,"Heap size (KB)"
1419273243956717,65713.000000,"Heap size (KB)"
1419273244119686,65745.000000,"Heap size (KB)"
1419273244267655,65777.000000,"Heap size (KB)"
1419273244423280,65809.000000,"Heap size (KB)"
1419273244553696,65841.000000,"Heap size (KB)"
1419273244742446,65873.000000,"Heap size (KB)"
1419273244955884,65905.000000,"Heap size (KB)"
1419273245082655,65937.000000,"Heap size (KB)"
1419273245256248,65969.000000,"Heap size (KB)"
1419273245410311,66001.000000,"Heap size (KB)"
1419273245591873,66033.000000,"Heap size (KB)"
1419273245783592,66065.000000,"Heap size (KB)"
1419273245932498,66097.000000,"Heap size (KB)"
1419273246122342,66129.000000,"Heap size (KB)"
1419273247151665,13204.000000,"Minflt-GC"
1419273247154998,0.000000,"Majflt-GC"
1419273247161717,66161.000000,"Heap size (KB)"
1419273247197759,66193.000000,"Heap size (KB)"
1419273247345467,66225.000000,"Heap size (KB)"
1419273247485311,66257.000000,"Heap size (KB)"
1419273247649530,66289.000000,"Heap size (KB)"
1419273248730884,66289.000000,"Heap size (KB)"
1419273249075311,51769.000000,"Heap size (KB)"
1419273252281561,28533.000000,"Heap size (KB)"
1419273252287030,13267.000000,"Minflt-GC"
1419273252289373,0.000000,"Majflt-GC"
1419273254084842,28565.000000,"Heap size (KB)"
1419273254420936,28585.000000,"Heap size (KB)"
1419273254903696,28617.000000,"Heap size (KB)"
1419273255157655,28649.000000,"Heap size (KB)"
1419273262360155,28669.000000,"Heap size (KB)"
1419273262379373,28701.000000,"Heap size (KB)"
1419273262507342,28733.000000,"Heap size (KB)"
1419273262687498,28765.000000,"Heap size (KB)"
1419273262816405,28797.000000,"Heap size (KB)"
1419273262968436,28829.000000,"Heap size (KB)"
1419273263087915,28861.000000,"Heap size (KB)"
1419273263246092,28893.000000,"Heap size (KB)"
1419273263360155,28925.000000,"Heap size (KB)"
1419273263506821,28957.000000,"Heap size (KB)"
1419273263629634,28989.000000,"Heap size (KB)"
1419273263788748,29021.000000,"Heap size (KB)"
1419273263894217,29053.000000,"Heap size (KB)"
1419273264038905,29085.000000,"Heap size (KB)"
1419273264150623,29117.000000,"Heap size (KB)"
1419273264301248,29149.000000,"Heap size (KB)"
1419273264413436,29181.000000,"Heap size (KB)"
1419273264583436,29213.000000,"Heap size (KB)"
1419273264703280,29245.000000,"Heap size (KB)"
1419273264869686,29277.000000,"Heap size (KB)"
1419273264989009,29309.000000,"Heap size (KB)"
1419273265203123,29341.000000,"Heap size (KB)"
1419273265327967,29373.000000,"Heap size (KB)"
1419273265481873,29405.000000,"Heap size (KB)"
1419273265597446,29437.000000,"Heap size (KB)"
1419273265745884,29469.000000,"Heap size (KB)"
1419273265870623,29501.000000,"Heap size (KB)"
1419273266041092,29533.000000,"Heap size (KB)"
1419273266192915,29565.000000,"Heap size (KB)"
1419273266313436,29597.000000,"Heap size (KB)"
1419273266443123,29629.000000,"Heap size (KB)"
1419273266616717,29661.000000,"Heap size (KB)"
1419273266743748,29693.000000,"Heap size (KB)"
1419273266894842,29725.000000,"Heap size (KB)"
1419273267054373,29757.000000,"Heap size (KB)"
1419273267172342,29789.000000,"Heap size (KB)"
1419273267377602,29821.000000,"Heap size (KB)"
1419273267506405,29853.000000,"Heap size (KB)"
1419273267683592,29885.000000,"Heap size (KB)"
1419273267797186,29917.000000,"Heap size (KB)"
1419273267981717,29949.000000,"Heap size (KB)"
1419273268096717,29981.000000,"Heap size (KB)"
1419273268257186,30013.000000,"Heap size (KB)"
1419273268375155,30045.000000,"Heap size (KB)"
1419273268515936,30077.000000,"Heap size (KB)"
1419273268635571,30109.000000,"Heap size (KB)"
1419273268798852,30141.000000,"Heap size (KB)"
1419273268952134,30173.000000,"Heap size (KB)"
1419273269099842,30205.000000,"Heap size (KB)"
1419273269218384,30237.000000,"Heap size (KB)"
1419273269393384,30269.000000,"Heap size (KB)"
1419273269514790,30301.000000,"Heap size (KB)"
1419273269684530,30333.000000,"Heap size (KB)"
1419273269805311,30365.000000,"Heap size (KB)"
1419273269983071,30397.000000,"Heap size (KB)"
1419273270117655,30429.000000,"Heap size (KB)"
1419273270287602,30461.000000,"Heap size (KB)"
1419273270414686,30493.000000,"Heap size (KB)"
1419273270567655,30525.000000,"Heap size (KB)"
1419273270687342,30557.000000,"Heap size (KB)"
1419273270855884,30589.000000,"Heap size (KB)"
1419273270981248,30621.000000,"Heap size (KB)"
1419273271135311,30653.000000,"Heap size (KB)"
1419273271244842,30685.000000,"Heap size (KB)"
1419273271414998,30717.000000,"Heap size (KB)"
1419273271546196,30749.000000,"Heap size (KB)"
1419273271696352,30781.000000,"Heap size (KB)"
1419273271816040,30813.000000,"Heap size (KB)"
1419273271974946,30845.000000,"Heap size (KB)"
1419273272085884,30877.000000,"Heap size (KB)"
1419273272243592,30909.000000,"Heap size (KB)"
1419273272334842,13349.000000,"Minflt-GC"
1419273272337655,0.000000,"Majflt-GC"
1419273272358123,30941.000000,"Heap size (KB)"
1419273272523748,30973.000000,"Heap size (KB)"
1419273272634842,31005.000000,"Heap size (KB)"
1419273272804373,31037.000000,"Heap size (KB)"
1419273272935780,31069.000000,"Heap size (KB)"
1419273273084998,31101.000000,"Heap size (KB)"
1419273273200936,31133.000000,"Heap size (KB)"
1419273273373071,31165.000000,"Heap size (KB)"
1419273273495780,31197.000000,"Heap size (KB)"
1419273273657915,31229.000000,"Heap size (KB)"
1419273273801405,31261.000000,"Heap size (KB)"
1419273273920623,31293.000000,"Heap size (KB)"
1419273274092030,31325.000000,"Heap size (KB)"
1419273274212186,31357.000000,"Heap size (KB)"
1419273274355155,31389.000000,"Heap size (KB)"
1419273274462967,31421.000000,"Heap size (KB)"
1419273274623592,31453.000000,"Heap size (KB)"
1419273274741665,31485.000000,"Heap size (KB)"
1419273274896352,31517.000000,"Heap size (KB)"
1419273275008696,31549.000000,"Heap size (KB)"
1419273275172342,31581.000000,"Heap size (KB)"
1419273275306248,31613.000000,"Heap size (KB)"
1419273275462030,31645.000000,"Heap size (KB)"
1419273275583071,31677.000000,"Heap size (KB)"
1419273275732030,31709.000000,"Heap size (KB)"
1419273275852290,31741.000000,"Heap size (KB)"
1419273276022030,31773.000000,"Heap size (KB)"
1419273276130780,31805.000000,"Heap size (KB)"
1419273276273436,31837.000000,"Heap size (KB)"
1419273276378384,31869.000000,"Heap size (KB)"
1419273276543123,31901.000000,"Heap size (KB)"
1419273276667602,31933.000000,"Heap size (KB)"
1419273276804321,31965.000000,"Heap size (KB)"
1419273276858748,23793696.000000,"freed_normal_object_bytes"
1419273276861092,14868480.000000,"freed_large_object_bytes"
1419273276863280,38662176.000000,"freed_bytes"
1419273276950311,31997.000000,"Heap size (KB)"
1419273277096717,32029.000000,"Heap size (KB)"
1419273277121248,32061.000000,"Heap size (KB)"
1419273277186405,32093.000000,"Heap size (KB)"
1419273277239530,32125.000000,"Heap size (KB)"
1419273277409165,32157.000000,"Heap size (KB)"
1419273277525259,32189.000000,"Heap size (KB)"
1419273277686717,32221.000000,"Heap size (KB)"
1419273277814686,32253.000000,"Heap size (KB)"
1419273277971821,32285.000000,"Heap size (KB)"
1419273278087811,32317.000000,"Heap size (KB)"
1419273278244477,32349.000000,"Heap size (KB)"
1419273278362342,32381.000000,"Heap size (KB)"
1419273278532342,32413.000000,"Heap size (KB)"
1419273278649686,32445.000000,"Heap size (KB)"
1419273278804477,32477.000000,"Heap size (KB)"
1419273278924217,32509.000000,"Heap size (KB)"
1419273279090259,32541.000000,"Heap size (KB)"
1419273279214217,32573.000000,"Heap size (KB)"
1419273279352290,32605.000000,"Heap size (KB)"
1419273279463227,32637.000000,"Heap size (KB)"
1419273279628436,32669.000000,"Heap size (KB)"
1419273279745623,32701.000000,"Heap size (KB)"
1419273279890623,32733.000000,"Heap size (KB)"
1419273280009477,32765.000000,"Heap size (KB)"
1419273280160259,32797.000000,"Heap size (KB)"
1419273280286561,32829.000000,"Heap size (KB)"
1419273280441717,32861.000000,"Heap size (KB)"
1419273280547759,32893.000000,"Heap size (KB)"
1419273280704686,32925.000000,"Heap size (KB)"
1419273280826665,32957.000000,"Heap size (KB)"
1419273280996196,32989.000000,"Heap size (KB)"
1419273281121873,33021.000000,"Heap size (KB)"
1419273281266092,33053.000000,"Heap size (KB)"
1419273281385623,33085.000000,"Heap size (KB)"
1419273281524946,33117.000000,"Heap size (KB)"
1419273281635311,33149.000000,"Heap size (KB)"
1419273281803852,33181.000000,"Heap size (KB)"
1419273281956717,33213.000000,"Heap size (KB)"
1419273282070936,33245.000000,"Heap size (KB)"
1419273282136196,19796160512.000000,"mem.virt"
1419273282136196,0.000000,"mem.locked"
1419273282136196,382169088.000000,"mem.rss.watermark"
1419273282136196,308617216.000000,"mem.rss"
1419273282136196,118468608.000000,"mem.rss.anon"
1419273282136196,157765632.000000,"mem.rss.file"
1419273282136196,32382976.000000,"mem.rss.shmem"
1419273282136196,18595840.000000,"mem.swap"
1419273282136196,0.000000,"oom_score_adj"
1419273282234321,33277.000000,"Heap size (KB)"
1419273282337446,33309.000000,"Heap size (KB)"
1419273282459530,33341.000000,"Heap size (KB)"
1419273282613852,33373.000000,"Heap size (KB)"
1419273282759009,33405.000000,"Heap size (KB)"
1419273282874998,33437.000000,"Heap size (KB)"
1419273283042186,33469.000000,"Heap size (KB)"
1419273283164842,33501.000000,"Heap size (KB)"
1419273283309217,33533.000000,"Heap size (KB)"
1419273283423384,33565.000000,"Heap size (KB)"
1419273283580102,33597.000000,"Heap size (KB)"
1419273283696821,33629.000000,"Heap size (KB)"
1419273283848227,33661.000000,"Heap size (KB)"
1419273283978748,33693.000000,"Heap size (KB)"
1419273284133748,33725.000000,"Heap size (KB)"
1419273284246873,33757.000000,"Heap size (KB)"
1419273284412811,33789.000000,"Heap size (KB)"
1419273284521561,33821.000000,"Heap size (KB)"
1419273284671717,33853.000000,"Heap size (KB)"
1419273284797602,33885.000000,"Heap size (KB)"
1419273285034634,33917.000000,"Heap size (KB)"
1419273285157030,33949.000000,"Heap size (KB)"
1419273285309998,33981.000000,"Heap size (KB)"
1419273285427186,34013.000000,"Heap size (KB)"
1419273285609842,34045.000000,"Heap size (KB)"
1419273285736873,34077.000000,"Heap size (KB)"
1419273285885155,34109.000000,"Heap size (KB)"
1419273286009373,34141.000000,"Heap size (KB)"
1419273286156977,34173.000000,"Heap size (KB)"
1419273286286821,34205.000000,"Heap size (KB)"
1419273286461561,34237.000000,"Heap size (KB)"
1419273286590259,34269.000000,"Heap size (KB)"
1419273286744842,34301.000000,"Heap size (KB)"
1419273286877759,34333.000000,"Heap size (KB)"
1419273287047029,34365.000000,"Heap size (KB)"
1419273287176873,34397.000000,"Heap size (KB)"
1419273287337967,34429.000000,"Heap size (KB)"
1419273287456873,34461.000000,"Heap size (KB)"
1419273287628592,34493.000000,"Heap size (KB)"
1419273287753852,34525.000000,"Heap size (KB)"
1419273287908696,34557.000000,"Heap size (KB)"
1419273288032967,34589.000000,"Heap size (KB)"
1419273288191404,34621.000000,"Heap size (KB)"
1419273288320311,34653.000000,"Heap size (KB)"
1419273288485415,34685.000000,"Heap size (KB)"
1419273288600311,34717.000000,"Heap size (KB)"
1419273288803384,34749.000000,"Heap size (KB)"
1419273288989529,34781.000000,"Heap size (KB)"
1419273289108592,34813.000000,"Heap size (KB)"
1419273289264686,34845.000000,"Heap size (KB)"
1419273289395936,34877.000000,"Heap size (KB)"
1419273289556873,34909.000000,"Heap size (KB)"
1419273289677811,34941.000000,"Heap size (KB)"
1419273289828696,34973.000000,"Heap size (KB)"
1419273289957029,35005.000000,"Heap size (KB)"
1419273290108436,35037.000000,"Heap size (KB)"
1419273290237446,35069.000000,"Heap size (KB)"
1419273290418540,35101.000000,"Heap size (KB)"
1419273290537186,35133.000000,"Heap size (KB)"
1419273290659842,35165.000000,"Heap size (KB)"
1419273290815467,35197.000000,"Heap size (KB)"
1419273290936873,35229.000000,"Heap size (KB)"
1419273291113436,35261.000000,"Heap size (KB)"
1419273291229061,35293.000000,"Heap size (KB)"
1419273291391352,35325.000000,"Heap size (KB)"
1419273291567654,35357.000000,"Heap size (KB)"
1419273291696717,35389.000000,"Heap size (KB)"
1419273294308748,35409.000000,"Heap size (KB)"
1419273296208904,35429.000000,"Heap size (KB)"
1419273296235779,35461.000000,"Heap size (KB)"
1419273296266977,35493.000000,"Heap size (KB)"
1419273296363904,35525.000000,"Heap size (KB)"
1419273296561821,35557.000000,"Heap size (KB)"
1419273296676977,35589.000000,"Heap size (KB)"
1419273296838227,35621.000000,"Heap size (KB)"
1419273296962186,35653.000000,"Heap size (KB)"
1419273297112029,35685.000000,"Heap size (KB)"
1419273297234373,35717.000000,"Heap size (KB)"
1419273297516873,35749.000000,"Heap size (KB)"
1419273297661665,35781.000000,"Heap size (KB)"
1419273297767654,35813.000000,"Heap size (KB)"
1419273297920154,35845.000000,"Heap size (KB)"
1419273298044842,35877.000000,"Heap size (KB)"
1419273298216873,35909.000000,"Heap size (KB)"
1419273298338748,35941.000000,"Heap size (KB)"
1419273298502811,35973.000000,"Heap size (KB)"
1419273298636092,36005.000000,"Heap size (KB)"
1419273298785311,36037.000000,"Heap size (KB)"
1419273298898540,36069.000000,"Heap size (KB)"
1419273299034529,36101.000000,"Heap size (KB)"
1419273299158696,36133.000000,"Heap size (KB)"
1419273299415259,36165.000000,"Heap size (KB)"
1419273299582029,36197.000000,"Heap size (KB)"
1419273299715259,36229.000000,"Heap size (KB)"
1419273299878696,36261.000000,"Heap size (KB)"
1419273300000311,36293.000000,"Heap size (KB)"
1419273300204634,36325.000000,"Heap size (KB)"
1419273300341092,36357.000000,"Heap size (KB)"
1419273300499373,36389.000000,"Heap size (KB)"
1419273300638904,36421.000000,"Heap size (KB)"
1419273300795623,36453.000000,"Heap size (KB)"
1419273300988436,36485.000000,"Heap size (KB)"
1419273301115259,36517.000000,"Heap size (KB)"
1419273301287759,36549.000000,"Heap size (KB)"
1419273301421092,36581.000000,"Heap size (KB)"
1419273301571248,36613.000000,"Heap size (KB)"
1419273301700936,36645.000000,"Heap size (KB)"
1419273301856717,36677.000000,"Heap size (KB)"
1419273301974529,36709.000000,"Heap size (KB)"
1419273302138592,36741.000000,"Heap size (KB)"
1419273302299842,36773.000000,"Heap size (KB)"
1419273302425623,36805.000000,"Heap size (KB)"
1419273302566092,36837.000000,"Heap size (KB)"
1419273302689998,36869.000000,"Heap size (KB)"
1419273302840936,36901.000000,"Heap size (KB)"
1419273302963592,36933.000000,"Heap size (KB)"
1419273303145415,36965.000000,"Heap size (KB)"
1419273303258748,36997.000000,"Heap size (KB)"
1419273303408540,37029.000000,"Heap size (KB)"
1419273303534165,37061.000000,"Heap size (KB)"
1419273303698384,37093.000000,"Heap size (KB)"
1419273303878071,37125.000000,"Heap size (KB)"
1419273304004842,37157.000000,"Heap size (KB)"
1419273304161821,37189.000000,"Heap size (KB)"
1419273304300779,37221.000000,"Heap size (KB)"
1419273304467915,37253.000000,"Heap size (KB)"
1419273304589321,37285.000000,"Heap size (KB)"
1419273304746977,37317.000000,"Heap size (KB)"
1419273304875779,37349.000000,"Heap size (KB)"
1419273305048436,37381.000000,"Heap size (KB)"
1419273305155311,37413.000000,"Heap size (KB)"
1419273305304842,37445.000000,"Heap size (KB)"
1419273305416977,37477.000000,"Heap size (KB)"
1419273305565571,37509.000000,"Heap size (KB)"
1419273305683123,37541.000000,"Heap size (KB)"
1419273305896561,37573.000000,"Heap size (KB)"
1419273306049529,37605.000000,"Heap size (KB)"
1419273306173904,37637.000000,"Heap size (KB)"
1419273306319529,37669.000000,"Heap size (KB)"
1419273306446352,37701.000000,"Heap size (KB)"
1419273306607342,37733.000000,"Heap size (KB)"
1419273306722342,37765.000000,"Heap size (KB)"
1419273306924686,37797.000000,"Heap size (KB)"
1419273307047498,37829.000000,"Heap size (KB)"
1419273307217498,37861.000000,"Heap size (KB)"
1419273307344217,37893.000000,"Heap size (KB)"
1419273307520623,37925.000000,"Heap size (KB)"
1419273307636873,37957.000000,"Heap size (KB)"
1419273307798696,37989.000000,"Heap size (KB)"
1419273307954217,38021.000000,"Heap size (KB)"
1419273308084686,38053.000000,"Heap size (KB)"
1419273308228748,38085.000000,"Heap size (KB)"
1419273308351561,38117.000000,"Heap size (KB)"
1419273308529686,38149.000000,"Heap size (KB)"
1419273310607290,38169.000000,"Heap size (KB)"
1419273310630102,38201.000000,"Heap size (KB)"
1419273310760154,38233.000000,"Heap size (KB)"
1419273310935154,38265.000000,"Heap size (KB)"
1419273311061248,38297.000000,"Heap size (KB)"
1419273311219009,38329.000000,"Heap size (KB)"
1419273311348071,38361.000000,"Heap size (KB)"
1419273311523227,38393.000000,"Heap size (KB)"
1419273311641821,38425.000000,"Heap size (KB)"
1419273311797134,38457.000000,"Heap size (KB)"
1419273311930571,38489.000000,"Heap size (KB)"
1419273315477134,38509.000000,"Heap size (KB)"
1419273315622967,38541.000000,"Heap size (KB)"
1419273315853384,38573.000000,"Heap size (KB)"
1419273316209842,38605.000000,"Heap size (KB)"
1419273316630936,38637.000000,"Heap size (KB)"
1419273316966821,38669.000000,"Heap size (KB)"
1419273317208227,38701.000000,"Heap size (KB)"
1419273320321248,38741.000000,"Heap size (KB)"
1419273320333436,38761.000000,"Heap size (KB)"
1419273320519529,38793.000000,"Heap size (KB)"
1419273320779842,38825.000000,"Heap size (KB)"
1419273320973748,38857.000000,"Heap size (KB)"
1419273321178436,38889.000000,"Heap size (KB)"
1419273321241248,38921.000000,"Heap size (KB)"
1419273321345936,38953.000000,"Heap size (KB)"
1419273321542498,38985.000000,"Heap size (KB)"
1419273324233071,39025.000000,"Heap size (KB)"
1419273324241248,39045.000000,"Heap size (KB)"
1419273324430884,39077.000000,"Heap size (KB)"
1419273324683540,39109.000000,"Heap size (KB)"
1419273324946873,39141.000000,"Heap size (KB)"
1419273325177290,39173.000000,"Heap size (KB)"
1419273325367342,39205.000000,"Heap size (KB)"
1419273325599321,39237.000000,"Heap size (KB)"
1419273325786977,39269.000000,"Heap size (KB)"
1419273326045154,39301.000000,"Heap size (KB)"
1419273326295154,39333.000000,"Heap size (KB)"
1419273326487602,39365.000000,"Heap size (KB)"
1419273326730102,39397.000000,"Heap size (KB)"
1419273326923540,39429.000000,"Heap size (KB)"
1419273327159477,39461.000000,"Heap size (KB)"
1419273327362602,39493.000000,"Heap size (KB)"
1419273327607967,39525.000000,"Heap size (KB)"
1419273327784790,39557.000000,"Heap size (KB)"
1419273327994842,39589.000000,"Heap size (KB)"
1419273328211404,39621.000000,"Heap size (KB)"
1419273328392446,39653.000000,"Heap size (KB)"
1419273328620467,39685.000000,"Heap size (KB)"
1419273328802967,39717.000000,"Heap size (KB)"
1419273329060779,39749.000000,"Heap size (KB)"
1419273329238436,39781.000000,"Heap size (KB)"
1419273329464998,39813.000000,"Heap size (KB)"
1419273329648852,39845.000000,"Heap size (KB)"
1419273329874686,39877.000000,"Heap size (KB)"
1419273330078904,39909.000000,"Heap size (KB)"
1419273330244686,39941.000000,"Heap size (KB)"
1419273330487654,39973.000000,"Heap size (KB)"
1419273330666873,40005.000000,"Heap size (KB)"
1419273330876717,40037.000000,"Heap size (KB)"
1419273331073123,40069.000000,"Heap size (KB)"
1419273331281196,40101.000000,"Heap size (KB)"
1419273331459998,40133.000000,"Heap size (KB)"
1419273331711977,40165.000000,"Heap size (KB)"
1419273331889842,40197.000000,"Heap size (KB)"
1419273332108904,40229.000000,"Heap size (KB)"
1419273332350154,40261.000000,"Heap size (KB)"
1419273332521717,40293.000000,"Heap size (KB)"
1419273332768384,40325.000000,"Heap size (KB)"
1419273332991717,40357.000000,"Heap size (KB)"
1419273333230779,40389.000000,"Heap size (KB)"
1419273333420154,40421.000000,"Heap size (KB)"
1419273333664634,40453.000000,"Heap size (KB)"
1419273333834842,40485.000000,"Heap size (KB)"
1419273334070415,40517.000000,"Heap size (KB)"
1419273334271248,40549.000000,"Heap size (KB)"
1419273334529061,40581.000000,"Heap size (KB)"
1419273334779217,40613.000000,"Heap size (KB)"
1419273334972134,40645.000000,"Heap size (KB)"
1419273335209634,40677.000000,"Heap size (KB)"
1419273335407029,40709.000000,"Heap size (KB)"
1419273335649842,40741.000000,"Heap size (KB)"
1419273335842602,40773.000000,"Heap size (KB)"
1419273336072186,40805.000000,"Heap size (KB)"
1419273336246352,40837.000000,"Heap size (KB)"
1419273336476561,40869.000000,"Heap size (KB)"
1419273336698540,40901.000000,"Heap size (KB)"
1419273336886092,40933.000000,"Heap size (KB)"
1419273337118592,40965.000000,"Heap size (KB)"
1419273337294217,40997.000000,"Heap size (KB)"
1419273337514217,41029.000000,"Heap size (KB)"
1419273337690311,41061.000000,"Heap size (KB)"
1419273337938852,41093.000000,"Heap size (KB)"
1419273338111873,41125.000000,"Heap size (KB)"
1419273338320936,41157.000000,"Heap size (KB)"
1419273338541821,41189.000000,"Heap size (KB)"
1419273338730467,41221.000000,"Heap size (KB)"
1419273338958123,41253.000000,"Heap size (KB)"
1419273339133123,41285.000000,"Heap size (KB)"
1419273339347967,41317.000000,"Heap size (KB)"
1419273339526717,41349.000000,"Heap size (KB)"
1419273339751821,41381.000000,"Heap size (KB)"
1419273339922290,41413.000000,"Heap size (KB)"
1419273340173071,41445.000000,"Heap size (KB)"
1419273340351196,41477.000000,"Heap size (KB)"
1419273340586561,41509.000000,"Heap size (KB)"
1419273340769061,41541.000000,"Heap size (KB)"
1419273341036977,41573.000000,"Heap size (KB)"
1419273341251561,41605.000000,"Heap size (KB)"
1419273341421248,41637.000000,"Heap size (KB)"
1419273341659529,41669.000000,"Heap size (KB)"
1419273341838279,41701.000000,"Heap size (KB)"
1419273342075571,41733.000000,"Heap size (KB)"
1419273342251717,41765.000000,"Heap size (KB)"
1419273342459842,41797.000000,"Heap size (KB)"
1419273342632811,41829.000000,"Heap size (KB)"
1419273342888279,41861.000000,"Heap size (KB)"
1419273343073748,41893.000000,"Heap size (KB)"
1419273343381717,41925.000000,"Heap size (KB)"
1419273343602967,41957.000000,"Heap size (KB)"
1419273343777029,41989.000000,"Heap size (KB)"
1419273344003436,42021.000000,"Heap size (KB)"
1419273344188071,42053.000000,"Heap size (KB)"
1419273344441196,42085.000000,"Heap size (KB)"
1419273344621873,42117.000000,"Heap size (KB)"
1419273344924165,42149.000000,"Heap size (KB)"
1419273345067967,42181.000000,"Heap size (KB)"
1419273345251873,42213.000000,"Heap size (KB)"
1419273345408748,42245.000000,"Heap size (KB)"
1419273345586717,42277.000000,"Heap size (KB)"
1419273345748592,42309.000000,"Heap size (KB)"
1419273345875623,42341.000000,"Heap size (KB)"
1419273346032602,42373.000000,"Heap size (KB)"
1419273346160884,42405.000000,"Heap size (KB)"
1419273346321561,42437.000000,"Heap size (KB)"
1419273346443071,42469.000000,"Heap size (KB)"
1419273346617029,42501.000000,"Heap size (KB)"
1419273346754529,42533.000000,"Heap size (KB)"
1419273346921561,42565.000000,"Heap size (KB)"
1419273347056404,42597.000000,"Heap size (KB)"
1419273347205259,42629.000000,"Heap size (KB)"
1419273347324998,42661.000000,"Heap size (KB)"
1419273347480467,42693.000000,"Heap size (KB)"
1419273347658748,42725.000000,"Heap size (KB)"
1419273347777498,42757.000000,"Heap size (KB)"
1419273347935102,42789.000000,"Heap size (KB)"
1419273348059373,42821.000000,"Heap size (KB)"
1419273348209946,42853.000000,"Heap size (KB)"
1419273348331821,42885.000000,"Heap size (KB)"
1419273348499373,42917.000000,"Heap size (KB)"
1419273348630415,42949.000000,"Heap size (KB)"
1419273348785623,42981.000000,"Heap size (KB)"
1419273348981248,43013.000000,"Heap size (KB)"
1419273349138123,43045.000000,"Heap size (KB)"
1419273349264477,43077.000000,"Heap size (KB)"
1419273349450311,43109.000000,"Heap size (KB)"
1419273349613279,43141.000000,"Heap size (KB)"
1419273349742134,43173.000000,"Heap size (KB)"
1419273349981509,43205.000000,"Heap size (KB)"
1419273350102342,43237.000000,"Heap size (KB)"
1419273350268748,43269.000000,"Heap size (KB)"
1419273350382759,43301.000000,"Heap size (KB)"
1419273350555154,43333.000000,"Heap size (KB)"
1419273350683748,43365.000000,"Heap size (KB)"
1419273350842134,43397.000000,"Heap size (KB)"
1419273350965727,43429.000000,"Heap size (KB)"
1419273351155623,43461.000000,"Heap size (KB)"
1419273351265779,43493.000000,"Heap size (KB)"
1419273351466561,43525.000000,"Heap size (KB)"
1419273351596977,43557.000000,"Heap size (KB)"
1419273351751040,43589.000000,"Heap size (KB)"
1419273351918904,43621.000000,"Heap size (KB)"
1419273353460936,43653.000000,"Heap size (KB)"
1419273362986352,43685.000000,"Heap size (KB)"
1419273363872134,43717.000000,"Heap size (KB)"
1419273364529998,119.000000,"JNI Weak Global Refs"
1419273364849217,43749.000000,"Heap size (KB)"
1419273365433384,43781.000000,"Heap size (KB)"
1419273371484061,474.000000,"JNI Global Refs"
1419273371548748,114.000000,"JNI Weak Global Refs"
1419273371839321,43813.000000,"Heap size (KB)"
1419273376118748,43845.000000,"Heap size (KB)"
1419273376422342,43877.000000,"Heap size (KB)"
1419273381068904,43909.000000,"Heap size (KB)"
1419273381183279,43941.000000,"Heap size (KB)"
1419273382135467,19856617472.000000,"mem.virt"
1419273382135467,0.000000,"mem.locked"
1419273382135467,382169088.000000,"mem.rss.watermark"
1419273382135467,317894656.000000,"mem.rss"
1419273382135467,126828544.000000,"mem.rss.anon"
1419273382135467,158683136.000000,"mem.rss.file"
1419273382135467,32382976.000000,"mem.rss.shmem"
1419273382135467,18595840.000000,"mem.swap"
1419273382135467,0.000000,"oom_score_adj"
1419273384737290,43973.000000,"Heap size (KB)"
1419273388441873,113.000000,"JNI Weak Global Refs"
1419273388638748,44005.000000,"Heap size (KB)"
1419273390315936,44037.000000,"Heap size (KB)"
1419273390956196,481.000000,"JNI Global Refs"
1419273391022967,44069.000000,"Heap size (KB)"
1419273394972186,44101.000000,"Heap size (KB)"
1419273401905779,44133.000000,"Heap size (KB)"
1419273405045415,44165.000000,"Heap size (KB)"
1419273405979998,44197.000000,"Heap size (KB)"
1419273407349061,44229.000000,"Heap size (KB)"
1419273413188227,44261.000000,"Heap size (KB)"
1419273418233592,44293.000000,"Heap size (KB)"
1419273420251717,44325.000000,"Heap size (KB)"
1419273421689790,484.000000,"JNI Global Refs"
1419273421708384,44358.000000,"Heap size (KB)"
1419273426627654,44390.000000,"Heap size (KB)"
1419273426854946,118.000000,"JNI Weak Global Refs"
1419273431604165,44422.000000,"Heap size (KB)"
1419273432301717,44454.000000,"Heap size (KB)"
1419273439829217,44486.000000,"Heap size (KB)"
1419273444928384,44518.000000,"Heap size (KB)"
1419273445316404,44550.000000,"Heap size (KB)"
1419273448725936,44582.000000,"Heap size (KB)"
1419273450354477,129.000000,"JNI Weak Global Refs"
1419273454886248,44614.000000,"Heap size (KB)"
1419273455868696,44646.000000,"Heap size (KB)"
1419273456705727,44678.000000,"Heap size (KB)"
