"tid","name","ts","dur","state"
29136,"nio-webserver-r",1419286147224837,74063,"R"
29136,"nio-webserver-r",1419286147298900,393854,"Running"
29136,"nio-webserver-r",1419286147692754,63021,"S"
29136,"nio-webserver-r",1419286147755775,81823,"R"
29136,"nio-webserver-r",1419286147837598,171093,"Running"
29136,"nio-webserver-r",1419286148008691,574063,"S"
29136,"nio-webserver-r",1419286148582754,38646,"R"
29136,"nio-webserver-r",1419286148621400,472343,"Running"
29267,"NIO-Worker",1419286149049993,43750,"R"
29136,"nio-webserver-r",1419286149093743,6455938,"S"
29267,"NIO-Worker",1419286149093743,49375,"Running"
29267,"NIO-Worker",1419286149143118,30313,"R+"
29267,"NIO-Worker",1419286149173431,13125,"Running"
29267,"NIO-Worker",1419286149186556,83594,"R"
29267,"NIO-Worker",1419286149270150,207656,"Running"
29267,"NIO-Worker",1419286149477806,10729,"R"
29267,"NIO-Worker",1419286149488535,222500,"Running"
29267,"NIO-Worker",1419286149711035,43802,"S"
29267,"NIO-Worker",1419286149754837,30313,"R"
29267,"NIO-Worker",1419286149785150,126666,"Running"
29267,"NIO-Worker",1419286149911816,237188,"R"
29267,"NIO-Worker",1419286150149004,45989,"Running"
29267,"NIO-Worker",1419286150194993,85469,"R"
29267,"NIO-Worker",1419286150280462,65104,"Running"
29267,"NIO-Worker",1419286150345566,5521,"S"
29267,"NIO-Worker",1419286150351087,17500,"R"
29267,"NIO-Worker",1419286150368587,373281,"Running"
29267,"NIO-Worker",1419286150741868,291407,"R+"
29267,"NIO-Worker",1419286151033275,51562,"Running"
29267,"NIO-Worker",1419286151084837,356563,"S"
29267,"NIO-Worker",1419286151441400,34687,"R"
29267,"NIO-Worker",1419286151476087,219011,"Running"
29267,"NIO-Worker",1419286151695098,47656,"R+"
29267,"NIO-Worker",1419286151742754,8906,"Running"
29267,"NIO-Worker",1419286151751660,315833,"S"
29267,"NIO-Worker",1419286152067493,86823,"R"
29267,"NIO-Worker",1419286152154316,15052,"Running"
29267,"NIO-Worker",1419286152169368,46094,"S"
29267,"NIO-Worker",1419286152215462,226667,"R"
29267,"NIO-Worker",1419286152442129,70833,"Running"
29267,"NIO-Worker",1419286152512962,84323,"S"
29267,"NIO-Worker",1419286152597285,17865,"R"
29267,"NIO-Worker",1419286152615150,115885,"Running"
29267,"NIO-Worker",1419286152731035,723438,"R"
29267,"NIO-Worker",1419286153454473,1772395,"Running"
29267,"NIO-Worker",1419286155226868,35938,"S"
29267,"NIO-Worker",1419286155262806,16562,"R"
29267,"NIO-Worker",1419286155279368,325157,"Running"
29136,"nio-webserver-r",1419286155549681,14844,"R"
29136,"nio-webserver-r",1419286155564525,168593,"Running"
29267,"NIO-Worker",1419286155604525,418851874,"S"
29136,"nio-webserver-r",1419286155733118,22032,"R+"
29136,"nio-webserver-r",1419286155755150,50625,"Running"
29136,"nio-webserver-r",1419286155805775,17448,"R+"
29136,"nio-webserver-r",1419286155823223,75364,"Running"
29136,"nio-webserver-r",1419286155898587,72344,"R+"
29136,"nio-webserver-r",1419286155970931,204479,"Running"
29136,"nio-webserver-r",1419286156175410,45452865,"S"
29136,"nio-webserver-r",1419286201628275,77916,"R"
29136,"nio-webserver-r",1419286201706191,1854740,"Running"
29136,"nio-webserver-r",1419286203560931,727291,"R+"
29136,"nio-webserver-r",1419286204288222,15053,"Running"
29136,"nio-webserver-r",1419286204303275,54531,"R+"
29136,"nio-webserver-r",1419286204357806,200156,"Running"
29136,"nio-webserver-r",1419286204557962,625781,"S"
29136,"nio-webserver-r",1419286205183743,70938,"R"
29136,"nio-webserver-r",1419286205254681,88906,"Running"
29136,"nio-webserver-r",1419286205343587,95781,"R"
29136,"nio-webserver-r",1419286205439368,284375,"Running"
29277,"NIO-Worker",1419286205689993,42657,"R"
29136,"nio-webserver-r",1419286205723743,5919375,"S"
29277,"NIO-Worker",1419286205732650,282604,"Running"
29277,"NIO-Worker",1419286206015254,258021,"S"
29277,"NIO-Worker",1419286206273275,55260,"R"
29277,"NIO-Worker",1419286206328535,255312,"Running"
29277,"NIO-Worker",1419286206583847,50365,"S"
29277,"NIO-Worker",1419286206634212,31094,"R"
29277,"NIO-Worker",1419286206665306,284323,"Running"
29277,"NIO-Worker",1419286206949629,9218,"R"
29277,"NIO-Worker",1419286206958847,127188,"Running"
29277,"NIO-Worker",1419286207086035,317969,"S"
29277,"NIO-Worker",1419286207404004,32239,"R"
29277,"NIO-Worker",1419286207436243,59688,"Running"
29277,"NIO-Worker",1419286207495931,282187,"R+"
29277,"NIO-Worker",1419286207778118,223594,"Running"
29277,"NIO-Worker",1419286208001712,297135,"R+"
29277,"NIO-Worker",1419286208298847,16250,"Running"
29277,"NIO-Worker",1419286208315097,41875,"R+"
29277,"NIO-Worker",1419286208356972,41615,"Running"
29277,"NIO-Worker",1419286208398587,271667,"R+"
29277,"NIO-Worker",1419286208670254,179687,"Running"
29277,"NIO-Worker",1419286208849941,6771,"R"
29277,"NIO-Worker",1419286208856712,1617344,"Running"
29277,"NIO-Worker",1419286210474056,19844,"R"
29277,"NIO-Worker",1419286210493900,772656,"Running"
29277,"NIO-Worker",1419286211266556,48437,"S"
29277,"NIO-Worker",1419286211314993,18438,"R"
29277,"NIO-Worker",1419286211333431,110885,"Running"
29277,"NIO-Worker",1419286211444316,18802,"R"
29277,"NIO-Worker",1419286211463118,234011,"Running"
29165,"nio-stream-prod",1419286211468900,15937,"R"
29165,"nio-stream-prod",1419286211484837,32292,"Running"
29165,"nio-stream-prod",1419286211517129,35833,"R+"
29165,"nio-stream-prod",1419286211552962,99531,"Running"
29136,"nio-webserver-r",1419286211643118,51563,"R"
29165,"nio-stream-prod",1419286211652493,108418750,"S"
29136,"nio-webserver-r",1419286211694681,459687,"Running"
29277,"NIO-Worker",1419286211697129,416089270,"S"
29136,"nio-webserver-r",1419286212154368,43817292,"S"
29136,"nio-webserver-r",1419286255971660,38490,"R"
29136,"nio-webserver-r",1419286256010150,126093,"Running"
29136,"nio-webserver-r",1419286256136243,39532,"S"
29136,"nio-webserver-r",1419286256175775,35625,"R"
29136,"nio-webserver-r",1419286256211400,14010,"Running"
29136,"nio-webserver-r",1419286256225410,33802,"S"
29136,"nio-webserver-r",1419286256259212,8438,"R"
29136,"nio-webserver-r",1419286256267650,127916,"Running"
29136,"nio-webserver-r",1419286256395566,944271,"S"
29136,"nio-webserver-r",1419286257339837,44531,"R"
29136,"nio-webserver-r",1419286257384368,52188,"Running"
29136,"nio-webserver-r",1419286257436556,247291,"R"
29136,"nio-webserver-r",1419286257683847,247084,"Running"
29279,"NIO-Worker",1419286257894837,398281,"R"
29136,"nio-webserver-r",1419286257930931,11392135,"S"
29279,"NIO-Worker",1419286258293118,24948,"Running"
29279,"NIO-Worker",1419286258318066,295209,"R+"
29279,"NIO-Worker",1419286258613275,273072,"Running"
29279,"NIO-Worker",1419286258886347,3954584,"S"
29279,"NIO-Worker",1419286262840931,64375,"R"
29279,"NIO-Worker",1419286262905306,249062,"Running"
29279,"NIO-Worker",1419286263154368,18438,"S"
29279,"NIO-Worker",1419286263172806,33906,"Running"
29279,"NIO-Worker",1419286263206712,56094,"S"
29279,"NIO-Worker",1419286263262806,9062,"R"
29279,"NIO-Worker",1419286263271868,12657,"Running"
29279,"NIO-Worker",1419286263284525,594531,"S"
29279,"NIO-Worker",1419286263879056,140885,"Running"
29279,"NIO-Worker",1419286264019941,38177,"S"
29279,"NIO-Worker",1419286264058118,315782,"Running"
29279,"NIO-Worker",1419286264373900,258854,"R+"
29279,"NIO-Worker",1419286264632754,36302,"Running"
29279,"NIO-Worker",1419286264669056,233229,"R+"
29279,"NIO-Worker",1419286264902285,235365,"Running"
29279,"NIO-Worker",1419286265137650,274947,"S"
29279,"NIO-Worker",1419286265412597,45209,"R"
29279,"NIO-Worker",1419286265457806,38541,"Running"
29279,"NIO-Worker",1419286265496347,103594,"S"
29279,"NIO-Worker",1419286265599941,53646,"R"
29279,"NIO-Worker",1419286265653587,79323,"Running"
29279,"NIO-Worker",1419286265732910,273437,"S"
29279,"NIO-Worker",1419286266006347,277969,"R"
29279,"NIO-Worker",1419286266284316,152084,"Running"
29279,"NIO-Worker",1419286266436400,40312,"R"
29279,"NIO-Worker",1419286266476712,265000,"Running"
29279,"NIO-Worker",1419286266741712,204323,"R"
29279,"NIO-Worker",1419286266946035,174062,"Running"
29279,"NIO-Worker",1419286267120097,537709,"R"
29279,"NIO-Worker",1419286267657806,1373906,"Running"
29279,"NIO-Worker",1419286269031712,104479,"S"
29279,"NIO-Worker",1419286269136191,34896,"R"
29279,"NIO-Worker",1419286269171087,185938,"Running"
29136,"nio-webserver-r",1419286269323066,33959,"R"
29136,"nio-webserver-r",1419286269357025,321718,"Running"
29279,"NIO-Worker",1419286269357025,411934218,"S"
29136,"nio-webserver-r",1419286269678743,40552604,"S"
29136,"nio-webserver-r",1419286310231347,79271,"R"
29136,"nio-webserver-r",1419286310310618,143282,"Running"
29136,"nio-webserver-r",1419286310453900,152968,"S"
29136,"nio-webserver-r",1419286310606868,29948,"R"
29136,"nio-webserver-r",1419286310636816,4115,"Running"
29136,"nio-webserver-r",1419286310640931,91666,"S"
29136,"nio-webserver-r",1419286310732597,5678,"R"
29136,"nio-webserver-r",1419286310738275,98750,"Running"
29136,"nio-webserver-r",1419286310837025,26562,"R"
29136,"nio-webserver-r",1419286310863587,99844,"Running"
29136,"nio-webserver-r",1419286310963431,421510,"S"
29136,"nio-webserver-r",1419286311384941,80938,"R"
29136,"nio-webserver-r",1419286311465879,358489,"Running"
29284,"NIO-Worker",1419286311774785,12708,"R"
29284,"NIO-Worker",1419286311787493,419688,"Running"
29136,"nio-webserver-r",1419286311824368,8363698,"S"
29284,"NIO-Worker",1419286312207181,2260469,"S"
29284,"NIO-Worker",1419286314467650,15729,"R"
29284,"NIO-Worker",1419286314483379,266875,"Running"
29284,"NIO-Worker",1419286314750254,225156,"S"
29284,"NIO-Worker",1419286314975410,23958,"R"
29284,"NIO-Worker",1419286314999368,335417,"Running"
29284,"NIO-Worker",1419286315334785,187500,"S"
29284,"NIO-Worker",1419286315522285,58021,"R"
29284,"NIO-Worker",1419286315580306,47760,"Running"
29284,"NIO-Worker",1419286315628066,249844,"S"
29284,"NIO-Worker",1419286315877910,52552,"R"
29284,"NIO-Worker",1419286315930462,126510,"Running"
29284,"NIO-Worker",1419286316056972,71719,"R"
29284,"NIO-Worker",1419286316128691,84844,"Running"
29284,"NIO-Worker",1419286316213535,73177,"R+"
29284,"NIO-Worker",1419286316286712,20000,"Running"
29284,"NIO-Worker",1419286316306712,347969,"R+"
29284,"NIO-Worker",1419286316654681,24219,"Running"
29284,"NIO-Worker",1419286316678900,276562,"R+"
29284,"NIO-Worker",1419286316955462,53385,"Running"
29284,"NIO-Worker",1419286317008847,220678,"R+"
29284,"NIO-Worker",1419286317229525,15885,"Running"
29284,"NIO-Worker",1419286317245410,75208,"S"
29284,"NIO-Worker",1419286317320618,29844,"R"
29284,"NIO-Worker",1419286317350462,2496042,"Running"
29284,"NIO-Worker",1419286319846504,103646,"R+"
29284,"NIO-Worker",1419286319950150,261875,"Running"
29165,"nio-stream-prod",1419286320071243,32969,"R"
29165,"nio-stream-prod",1419286320104212,103594,"Running"
29136,"nio-webserver-r",1419286320188066,40990,"R"
29165,"nio-stream-prod",1419286320207806,104520468,"S"
29284,"NIO-Worker",1419286320212025,416289374,"S"
29136,"nio-webserver-r",1419286320229056,231875,"Running"
29136,"nio-webserver-r",1419286320460931,60000,"R+"
29136,"nio-webserver-r",1419286320520931,285885,"Running"
29136,"nio-webserver-r",1419286320806816,41818802,"S"
29136,"nio-webserver-r",1419286362625618,82969,"R"
29136,"nio-webserver-r",1419286362708587,11094,"Running"
29136,"nio-webserver-r",1419286362719681,185000,"R+"
29136,"nio-webserver-r",1419286362904681,221823,"Running"
29136,"nio-webserver-r",1419286363126504,27239,"R+"
29136,"nio-webserver-r",1419286363153743,79219,"Running"
29136,"nio-webserver-r",1419286363232962,16510,"S"
29136,"nio-webserver-r",1419286363249472,7709,"R"
29136,"nio-webserver-r",1419286363257181,3281,"Running"
29136,"nio-webserver-r",1419286363260462,71563,"S"
29136,"nio-webserver-r",1419286363332025,27187,"R"
29136,"nio-webserver-r",1419286363359212,142604,"Running"
29136,"nio-webserver-r",1419286363501816,952865,"S"
29136,"nio-webserver-r",1419286364454681,53437,"R"
29136,"nio-webserver-r",1419286364508118,346823,"Running"
29136,"nio-webserver-r",1419286364854941,5365,"R"
29136,"nio-webserver-r",1419286364860306,84635,"Running"
29285,"NIO-Worker",1419286364907441,20209,"R"
29285,"NIO-Worker",1419286364927650,894531,"Running"
29136,"nio-webserver-r",1419286364944941,4558438,"S"
29285,"NIO-Worker",1419286365822181,101198,"S"
29285,"NIO-Worker",1419286365923379,39114,"R"
29285,"NIO-Worker",1419286365962493,34063,"Running"
29285,"NIO-Worker",1419286365996556,267760,"S"
29285,"NIO-Worker",1419286366264316,12396,"R"
29285,"NIO-Worker",1419286366276712,246250,"Running"
29285,"NIO-Worker",1419286366522962,195938,"R+"
29285,"NIO-Worker",1419286366718900,31510,"Running"
29285,"NIO-Worker",1419286366750410,45365,"R+"
29285,"NIO-Worker",1419286366795775,9166,"Running"
29285,"NIO-Worker",1419286366804941,263959,"R"
29285,"NIO-Worker",1419286367068900,48437,"Running"
29285,"NIO-Worker",1419286367117337,110313,"R+"
29285,"NIO-Worker",1419286367227650,79843,"Running"
29285,"NIO-Worker",1419286367307493,58438,"R"
29285,"NIO-Worker",1419286367365931,263906,"Running"
29285,"NIO-Worker",1419286367629837,55625,"R"
29285,"NIO-Worker",1419286367685462,1633750,"Running"
29285,"NIO-Worker",1419286369319212,25260,"S"
29285,"NIO-Worker",1419286369344472,23490,"R"
29285,"NIO-Worker",1419286369367962,158125,"Running"
29136,"nio-webserver-r",1419286369503379,1627864,"R"
29285,"NIO-Worker",1419286369526087,425706198,"S"
29136,"nio-webserver-r",1419286371131243,243229,"Running"
29136,"nio-webserver-r",1419286371374472,88490,"R+"
29136,"nio-webserver-r",1419286371462962,206042,"Running"
29136,"nio-webserver-r",1419286371669004,44015833,"S"
29136,"nio-webserver-r",1419286415684837,98594,"R"
29136,"nio-webserver-r",1419286415783431,206041,"Running"
29136,"nio-webserver-r",1419286415989472,277969,"S"
29136,"nio-webserver-r",1419286416267441,24688,"R"
29136,"nio-webserver-r",1419286416292129,22812,"Running"
29136,"nio-webserver-r",1419286416314941,35990,"S"
29136,"nio-webserver-r",1419286416350931,13906,"R"
29136,"nio-webserver-r",1419286416364837,166979,"Running"
29136,"nio-webserver-r",1419286416531816,48594,"S"
29136,"nio-webserver-r",1419286416580410,41927,"R"
29136,"nio-webserver-r",1419286416622337,216667,"Running"
29136,"nio-webserver-r",1419286416839004,61302,"R"
29136,"nio-webserver-r",1419286416900306,156250,"Running"
29286,"NIO-Worker",1419286417023431,15729,"R"
29286,"NIO-Worker",1419286417039160,611719,"Running"
29136,"nio-webserver-r",1419286417056556,7861666,"S"
29286,"NIO-Worker",1419286417650879,2542031,"S"
29286,"NIO-Worker",1419286420192910,11614,"R"
29286,"NIO-Worker",1419286420204524,312448,"Running"
29286,"NIO-Worker",1419286420516972,136875,"S"
29286,"NIO-Worker",1419286420653847,17084,"R"
29286,"NIO-Worker",1419286420670931,21093,"Running"
29286,"NIO-Worker",1419286420692024,21250,"R+"
29286,"NIO-Worker",1419286420713274,13125,"Running"
29286,"NIO-Worker",1419286420726399,188855,"S"
29286,"NIO-Worker",1419286420915254,46250,"R"
29286,"NIO-Worker",1419286420961504,216875,"Running"
29286,"NIO-Worker",1419286421178379,219270,"S"
29286,"NIO-Worker",1419286421397649,37657,"R"
29286,"NIO-Worker",1419286421435306,39062,"Running"
29286,"NIO-Worker",1419286421474368,60781,"S"
29286,"NIO-Worker",1419286421535149,29688,"R"
29286,"NIO-Worker",1419286421564837,50937,"Running"
29286,"NIO-Worker",1419286421615774,41094,"S"
29286,"NIO-Worker",1419286421656868,50261,"R"
29286,"NIO-Worker",1419286421707129,2095520,"Running"
29286,"NIO-Worker",1419286423802649,28125,"R"
29286,"NIO-Worker",1419286423830774,264636,"Running"
29286,"NIO-Worker",1419286424095410,173646,"R"
29286,"NIO-Worker",1419286424269056,76562,"Running"
29286,"NIO-Worker",1419286424345618,17448,"R"
29286,"NIO-Worker",1419286424363066,100208,"Running"
29286,"NIO-Worker",1419286424463274,38438,"S"
29286,"NIO-Worker",1419286424501712,16719,"R"
29286,"NIO-Worker",1419286424518431,17656,"Running"
29286,"NIO-Worker",1419286424536087,106979,"R+"
29286,"NIO-Worker",1419286424643066,189688,"Running"
29165,"nio-stream-prod",1419286424728274,15105,"R"
29165,"nio-stream-prod",1419286424743379,103750,"Running"
29286,"NIO-Worker",1419286424832754,6875,"R"
29286,"NIO-Worker",1419286424839629,109895,"Running"
29165,"nio-stream-prod",1419286424847129,108248489,"S"
29136,"nio-webserver-r",1419286424918222,288490,"R"
29286,"NIO-Worker",1419286424949524,421136875,"S"
29136,"nio-webserver-r",1419286425206712,192344,"Running"
29136,"nio-webserver-r",1419286425399056,12187,"R+"
29136,"nio-webserver-r",1419286425411243,273906,"Running"
29136,"nio-webserver-r",1419286425685149,42802969,"S"
29136,"nio-webserver-r",1419286468488118,24688,"R"
29136,"nio-webserver-r",1419286468512806,131250,"Running"
29136,"nio-webserver-r",1419286468644056,605885,"S"
29136,"nio-webserver-r",1419286469249941,147552,"R"
29136,"nio-webserver-r",1419286469397493,6406,"Running"
29136,"nio-webserver-r",1419286469403899,12344,"R"
29136,"nio-webserver-r",1419286469416243,77188,"Running"
29136,"nio-webserver-r",1419286469493431,52656,"R"
29136,"nio-webserver-r",1419286469546087,126667,"Running"
29136,"nio-webserver-r",1419286469672754,152083,"S"
29136,"nio-webserver-r",1419286469824837,38385,"R"
29136,"nio-webserver-r",1419286469863222,123750,"Running"
29136,"nio-webserver-r",1419286469986972,23490,"R"
29136,"nio-webserver-r",1419286470010462,205781,"Running"
29138,"NIO-Worker",1419286470169056,47187,"R"
29136,"nio-webserver-r",1419286470216243,5997500,"S"
29138,"NIO-Worker",1419286470216243,319688,"Running"
29138,"NIO-Worker",1419286470535931,1674531,"S"
29138,"NIO-Worker",1419286472210462,18906,"R"
29138,"NIO-Worker",1419286472229368,205417,"Running"
29138,"NIO-Worker",1419286472434785,17552,"S"
29138,"NIO-Worker",1419286472452337,250312,"Running"
29138,"NIO-Worker",1419286472702649,151667,"S"
29138,"NIO-Worker",1419286472854316,55677,"R"
29138,"NIO-Worker",1419286472909993,29323,"Running"
29138,"NIO-Worker",1419286472939316,168333,"S"
29138,"NIO-Worker",1419286473107649,12813,"R"
29138,"NIO-Worker",1419286473120462,193437,"Running"
29138,"NIO-Worker",1419286473313899,38438,"R+"
29138,"NIO-Worker",1419286473352337,6875,"Running"
29138,"NIO-Worker",1419286473359212,155625,"S"
29138,"NIO-Worker",1419286473514837,45625,"R"
29138,"NIO-Worker",1419286473560462,41510,"Running"
29138,"NIO-Worker",1419286473601972,41927,"S"
29138,"NIO-Worker",1419286473643899,19375,"R"
29138,"NIO-Worker",1419286473663274,45000,"Running"
29138,"NIO-Worker",1419286473708274,64011,"R+"
29138,"NIO-Worker",1419286473772285,1793333,"Running"
29138,"NIO-Worker",1419286475565618,448229,"S"
29138,"NIO-Worker",1419286476013847,31771,"R"
29138,"NIO-Worker",1419286476045618,201563,"Running"
29136,"nio-webserver-r",1419286476213743,15469,"R"
29136,"nio-webserver-r",1419286476229212,196406,"Running"
29138,"NIO-Worker",1419286476247181,422841666,"S"
29136,"nio-webserver-r",1419286476425618,106563,"R+"
29136,"nio-webserver-r",1419286476532181,144062,"Running"
29136,"nio-webserver-r",1419286476676243,41942656,"S"
29136,"nio-webserver-r",1419286518618899,47917,"R"
29136,"nio-webserver-r",1419286518666816,251146,"Running"
29136,"nio-webserver-r",1419286518917962,253073,"S"
29136,"nio-webserver-r",1419286519171035,18125,"R"
29136,"nio-webserver-r",1419286519189160,5208,"Running"
29136,"nio-webserver-r",1419286519194368,30000,"S"
29136,"nio-webserver-r",1419286519224368,13281,"R"
29136,"nio-webserver-r",1419286519237649,188907,"Running"
29136,"nio-webserver-r",1419286519426556,229218,"S"
29136,"nio-webserver-r",1419286519655774,33855,"R"
29136,"nio-webserver-r",1419286519689629,347708,"Running"
29252,"NIO-Worker",1419286520007129,14531,"R"
29252,"NIO-Worker",1419286520021660,425989,"Running"
29136,"nio-webserver-r",1419286520037337,13145417,"S"
29252,"NIO-Worker",1419286520447649,7888125,"S"
29252,"NIO-Worker",1419286528335774,15938,"R"
29252,"NIO-Worker",1419286528351712,229531,"Running"
29252,"NIO-Worker",1419286528581243,13594,"S"
29252,"NIO-Worker",1419286528594837,32135,"R"
29252,"NIO-Worker",1419286528626972,289532,"Running"
29252,"NIO-Worker",1419286528916504,39895,"R+"
29252,"NIO-Worker",1419286528956399,108907,"Running"
29252,"NIO-Worker",1419286529065306,169375,"S"
29252,"NIO-Worker",1419286529234681,31093,"R"
29252,"NIO-Worker",1419286529265774,36511,"Running"
29252,"NIO-Worker",1419286529302285,231146,"S"
29252,"NIO-Worker",1419286529533431,29687,"R"
29252,"NIO-Worker",1419286529563118,232604,"Running"
29252,"NIO-Worker",1419286529795722,291875,"S"
29252,"NIO-Worker",1419286530087597,16927,"R"
29252,"NIO-Worker",1419286530104524,32188,"Running"
29252,"NIO-Worker",1419286530136712,47292,"S"
29252,"NIO-Worker",1419286530184004,26614,"R"
29252,"NIO-Worker",1419286530210618,84063,"Running"
29252,"NIO-Worker",1419286530294681,37968,"S"
29252,"NIO-Worker",1419286530332649,25469,"R"
29252,"NIO-Worker",1419286530358118,2051406,"Running"
29252,"NIO-Worker",1419286532409524,12500,"R"
29252,"NIO-Worker",1419286532422024,33125,"Running"
29252,"NIO-Worker",1419286532455149,42500,"R"
29252,"NIO-Worker",1419286532497649,128750,"Running"
29252,"NIO-Worker",1419286532626399,9532,"R"
29252,"NIO-Worker",1419286532635931,333073,"Running"
29252,"NIO-Worker",1419286532969004,34687,"R+"
29252,"NIO-Worker",1419286533003691,217344,"Running"
29165,"nio-stream-prod",1419286533095618,224531,"R"
29136,"nio-webserver-r",1419286533182754,266458,"R"
29252,"NIO-Worker",1419286533221035,392969,"R"
29165,"nio-stream-prod",1419286533320149,117344,"Running"
29165,"nio-stream-prod",1419286533437493,108860938,"S"
29136,"nio-webserver-r",1419286533449212,188594,"Running"
29252,"NIO-Worker",1419286533614004,33177,"Running"
29136,"nio-webserver-r",1419286533637806,9375,"R+"
29136,"nio-webserver-r",1419286533647181,203073,"Running"
29252,"NIO-Worker",1419286533647181,418490572,"S"
29136,"nio-webserver-r",1419286533850254,56770,"R+"
29136,"nio-webserver-r",1419286533907024,55886,"Running"
29136,"nio-webserver-r",1419286533962910,39002552,"S"
29136,"nio-webserver-r",1419286572965462,51667,"R"
29136,"nio-webserver-r",1419286573017129,178333,"Running"
29136,"nio-webserver-r",1419286573195462,114219,"S"
29136,"nio-webserver-r",1419286573309681,43593,"R"
29136,"nio-webserver-r",1419286573353274,4844,"Running"
29136,"nio-webserver-r",1419286573358118,88854,"S"
29136,"nio-webserver-r",1419286573446972,65521,"R"
29136,"nio-webserver-r",1419286573512493,155625,"Running"
29136,"nio-webserver-r",1419286573668118,248281,"S"
29136,"nio-webserver-r",1419286573916399,37500,"R"
29136,"nio-webserver-r",1419286573953899,97917,"Running"
29136,"nio-webserver-r",1419286574051816,38021,"R"
29136,"nio-webserver-r",1419286574089837,21875,"Running"
29136,"nio-webserver-r",1419286574111712,43542,"R"
29136,"nio-webserver-r",1419286574155254,159114,"Running"
29136,"nio-webserver-r",1419286574314368,18854,"R"
29136,"nio-webserver-r",1419286574333222,162969,"Running"
29267,"NIO-Worker",1419286574456399,11875,"R"
29267,"NIO-Worker",1419286574468274,513125,"Running"
29136,"nio-webserver-r",1419286574496191,4808958,"S"
29267,"NIO-Worker",1419286574981399,63750,"R"
29267,"NIO-Worker",1419286575045149,421094,"Running"
29267,"NIO-Worker",1419286575466243,135156,"S"
29267,"NIO-Worker",1419286575601399,23438,"R"
29267,"NIO-Worker",1419286575624837,21562,"Running"
29267,"NIO-Worker",1419286575646399,111511,"R+"
29267,"NIO-Worker",1419286575757910,9896,"Running"
29267,"NIO-Worker",1419286575767806,109218,"S"
29267,"NIO-Worker",1419286575877024,17344,"R"
29267,"NIO-Worker",1419286575894368,245886,"Running"
29267,"NIO-Worker",1419286576140254,235625,"S"
29267,"NIO-Worker",1419286576375879,12812,"R"
29267,"NIO-Worker",1419286576388691,18802,"Running"
29267,"NIO-Worker",1419286576407493,44844,"S"
29267,"NIO-Worker",1419286576452337,19844,"R"
29267,"NIO-Worker",1419286576472181,51093,"Running"
29267,"NIO-Worker",1419286576523274,56980,"S"
29267,"NIO-Worker",1419286576580254,27187,"R"
29267,"NIO-Worker",1419286576607441,2502396,"Running"
29267,"NIO-Worker",1419286579109837,8385,"R+"
29267,"NIO-Worker",1419286579118222,4427,"Running"
29267,"NIO-Worker",1419286579122649,11823,"S"
29267,"NIO-Worker",1419286579134472,14688,"R"
29267,"NIO-Worker",1419286579149160,193750,"Running"
29136,"nio-webserver-r",1419286579305149,35469,"R"
29136,"nio-webserver-r",1419286579340618,395000,"Running"
29267,"NIO-Worker",1419286579342910,428202083,"S"
29136,"nio-webserver-r",1419286579735618,46272656,"S"
29136,"nio-webserver-r",1419286626008274,64532,"R"
29136,"nio-webserver-r",1419286626072806,230312,"Running"
29136,"nio-webserver-r",1419286626303118,183854,"S"
29136,"nio-webserver-r",1419286626486972,90052,"R"
29136,"nio-webserver-r",1419286626577024,174063,"Running"
29136,"nio-webserver-r",1419286626751087,734844,"S"
29136,"nio-webserver-r",1419286627485931,25156,"R"
29136,"nio-webserver-r",1419286627511087,309219,"Running"
29277,"NIO-Worker",1419286627786399,14219,"R"
29277,"NIO-Worker",1419286627800618,374323,"Running"
29136,"nio-webserver-r",1419286627820306,14670000,"S"
29277,"NIO-Worker",1419286628174941,8970990,"S"
29277,"NIO-Worker",1419286637145931,12291,"R"
29277,"NIO-Worker",1419286637158222,255521,"Running"
29277,"NIO-Worker",1419286637413743,85625,"S"
29277,"NIO-Worker",1419286637499368,21094,"R"
29277,"NIO-Worker",1419286637520462,348854,"Running"
29277,"NIO-Worker",1419286637869316,148125,"S"
29277,"NIO-Worker",1419286638017441,17969,"R"
29277,"NIO-Worker",1419286638035410,45156,"Running"
29277,"NIO-Worker",1419286638080566,211302,"S"
29277,"NIO-Worker",1419286638291868,20417,"R"
29277,"NIO-Worker",1419286638312285,262552,"Running"
29277,"NIO-Worker",1419286638574837,274792,"S"
29277,"NIO-Worker",1419286638849629,23645,"R"
29277,"NIO-Worker",1419286638873274,24480,"Running"
29277,"NIO-Worker",1419286638897754,56145,"S"
29277,"NIO-Worker",1419286638953899,23594,"R"
29277,"NIO-Worker",1419286638977493,45625,"Running"
29277,"NIO-Worker",1419286639023118,46823,"S"
29277,"NIO-Worker",1419286639069941,26458,"R"
29277,"NIO-Worker",1419286639096399,1618594,"Running"
29277,"NIO-Worker",1419286640714993,137031,"R"
29277,"NIO-Worker",1419286640852024,11980,"Running"
29277,"NIO-Worker",1419286640864004,5520,"R"
29277,"NIO-Worker",1419286640869524,281875,"Running"
29277,"NIO-Worker",1419286641151399,32500,"R"
29277,"NIO-Worker",1419286641183899,225157,"Running"
29277,"NIO-Worker",1419286641409056,308229,"R"
29277,"NIO-Worker",1419286641717285,417708,"Running"
29277,"NIO-Worker",1419286642134993,21563,"S"
29277,"NIO-Worker",1419286642156556,18385,"R"
29277,"NIO-Worker",1419286642174941,372083,"Running"
29165,"nio-stream-prod",1419286642298431,15260,"R"
29165,"nio-stream-prod",1419286642313691,86563,"Running"
29165,"nio-stream-prod",1419286642400254,109818645,"S"
29136,"nio-webserver-r",1419286642490306,26198,"R"
29136,"nio-webserver-r",1419286642516504,344427,"Running"
29277,"NIO-Worker",1419286642547024,418666042,"S"
29136,"nio-webserver-r",1419286642860931,36198,"R"
29136,"nio-webserver-r",1419286642897129,168437,"Running"
29136,"nio-webserver-r",1419286643065566,37135000,"S"
29136,"nio-webserver-r",1419286680200566,101615,"R"
29136,"nio-webserver-r",1419286680302181,108281,"Running"
29136,"nio-webserver-r",1419286680410462,90312,"S"
29136,"nio-webserver-r",1419286680500774,68698,"R"
29136,"nio-webserver-r",1419286680569472,21146,"Running"
29136,"nio-webserver-r",1419286680590618,50625,"S"
29136,"nio-webserver-r",1419286680641243,14688,"R"
29136,"nio-webserver-r",1419286680655931,174166,"Running"
29136,"nio-webserver-r",1419286680830097,188646,"S"
29136,"nio-webserver-r",1419286681018743,16719,"R"
29136,"nio-webserver-r",1419286681035462,310312,"Running"
29279,"NIO-Worker",1419286681291243,35469,"R"
29279,"NIO-Worker",1419286681326712,377135,"Running"
29136,"nio-webserver-r",1419286681345774,11179219,"S"
29279,"NIO-Worker",1419286681703847,5311459,"S"
29279,"NIO-Worker",1419286687015306,20937,"R"
29279,"NIO-Worker",1419286687036243,219636,"Running"
29279,"NIO-Worker",1419286687255879,134583,"S"
29279,"NIO-Worker",1419286687390462,13281,"R"
29279,"NIO-Worker",1419286687403743,369688,"Running"
29279,"NIO-Worker",1419286687773431,129218,"S"
29279,"NIO-Worker",1419286687902649,13594,"R"
29279,"NIO-Worker",1419286687916243,25104,"Running"
29279,"NIO-Worker",1419286687941347,235521,"R+"
29279,"NIO-Worker",1419286688176868,11979,"Running"
29279,"NIO-Worker",1419286688188847,25052,"S"
29279,"NIO-Worker",1419286688213899,232032,"Running"
29279,"NIO-Worker",1419286688445931,392812,"S"
29279,"NIO-Worker",1419286688838743,86406,"R"
29279,"NIO-Worker",1419286688925149,18073,"Running"
29279,"NIO-Worker",1419286688943222,54532,"S"
29279,"NIO-Worker",1419286688997754,88802,"R"
29279,"NIO-Worker",1419286689086556,46354,"Running"
29279,"NIO-Worker",1419286689132910,45000,"S"
29279,"NIO-Worker",1419286689177910,52656,"R"
29279,"NIO-Worker",1419286689230566,1479688,"Running"
29279,"NIO-Worker",1419286690710254,11302,"R"
29279,"NIO-Worker",1419286690721556,22968,"Running"
29279,"NIO-Worker",1419286690744524,46094,"R"
29279,"NIO-Worker",1419286690790618,28125,"Running"
29279,"NIO-Worker",1419286690818743,169375,"R"
29279,"NIO-Worker",1419286690988118,111875,"Running"
29279,"NIO-Worker",1419286691099993,14063,"R"
29279,"NIO-Worker",1419286691114056,76666,"Running"
29279,"NIO-Worker",1419286691190722,65052,"R"
29279,"NIO-Worker",1419286691255774,276667,"Running"
29279,"NIO-Worker",1419286691532441,243333,"R"
29279,"NIO-Worker",1419286691775774,580157,"Running"
29279,"NIO-Worker",1419286692355931,32135,"R+"
29279,"NIO-Worker",1419286692388066,184583,"Running"
29136,"nio-webserver-r",1419286692524993,47656,"R"
29136,"nio-webserver-r",1419286692572649,204688,"Running"
29279,"NIO-Worker",1419286692572649,420142604,"S"
29136,"nio-webserver-r",1419286692777337,9010,"R+"
29136,"nio-webserver-r",1419286692786347,64115,"Running"
29136,"nio-webserver-r",1419286692850462,10885,"R"
29136,"nio-webserver-r",1419286692861347,9375,"Running"
29136,"nio-webserver-r",1419286692870722,8282,"R"
29136,"nio-webserver-r",1419286692879004,49895,"Running"
29136,"nio-webserver-r",1419286692928899,55938,"R"
29136,"nio-webserver-r",1419286692984837,228906,"Running"
29136,"nio-webserver-r",1419286693213743,41765781,"S"
29136,"nio-webserver-r",1419286734979524,32657,"R"
29136,"nio-webserver-r",1419286735012181,109843,"Running"
29136,"nio-webserver-r",1419286735122024,239063,"S"
29136,"nio-webserver-r",1419286735361087,324167,"R"
29136,"nio-webserver-r",1419286735685254,23125,"Running"
29136,"nio-webserver-r",1419286735708379,38020,"S"
29136,"nio-webserver-r",1419286735746399,49480,"R"
29136,"nio-webserver-r",1419286735795879,195000,"Running"
29136,"nio-webserver-r",1419286735990879,170364,"S"
29136,"nio-webserver-r",1419286736161243,29792,"R"
29136,"nio-webserver-r",1419286736191035,367031,"Running"
29284,"NIO-Worker",1419286736501399,60469,"R"
29136,"nio-webserver-r",1419286736558066,15767813,"S"
29284,"NIO-Worker",1419286736561868,298594,"Running"
29284,"NIO-Worker",1419286736860462,9994687,"S"
29284,"NIO-Worker",1419286746855149,81407,"R"
29284,"NIO-Worker",1419286746936556,247760,"Running"
29284,"NIO-Worker",1419286747184316,16094,"S"
29284,"NIO-Worker",1419286747200410,290000,"Running"
29284,"NIO-Worker",1419286747490410,126302,"S"
29284,"NIO-Worker",1419286747616712,17292,"R"
29284,"NIO-Worker",1419286747634004,44427,"Running"
29284,"NIO-Worker",1419286747678431,118906,"R+"
29284,"NIO-Worker",1419286747797337,4687,"Running"
29284,"NIO-Worker",1419286747802024,87292,"S"
29284,"NIO-Worker",1419286747889316,33646,"R"
29284,"NIO-Worker",1419286747922962,227344,"Running"
29284,"NIO-Worker",1419286748150306,274062,"S"
29284,"NIO-Worker",1419286748424368,37656,"R"
29284,"NIO-Worker",1419286748462024,26980,"Running"
29284,"NIO-Worker",1419286748489004,44427,"S"
29284,"NIO-Worker",1419286748533431,24635,"R"
29284,"NIO-Worker",1419286748558066,53958,"Running"
29284,"NIO-Worker",1419286748612024,43282,"S"
29284,"NIO-Worker",1419286748655306,13073,"R"
29284,"NIO-Worker",1419286748668379,387812,"Running"
29284,"NIO-Worker",1419286749056191,310833,"R"
29284,"NIO-Worker",1419286749367024,124532,"Running"
29284,"NIO-Worker",1419286749491556,19531,"R+"
29284,"NIO-Worker",1419286749511087,190937,"Running"
29284,"NIO-Worker",1419286749702024,198125,"R"
29284,"NIO-Worker",1419286749900149,22344,"Running"
29284,"NIO-Worker",1419286749922493,143229,"R"
29284,"NIO-Worker",1419286750065722,319271,"Running"
29284,"NIO-Worker",1419286750384993,56875,"R"
29284,"NIO-Worker",1419286750441868,1599011,"Running"
29284,"NIO-Worker",1419286752040879,27708,"S"
29284,"NIO-Worker",1419286752068587,20625,"R"
29284,"NIO-Worker",1419286752089212,82656,"Running"
29284,"NIO-Worker",1419286752171868,11094,"R"
29284,"NIO-Worker",1419286752182962,191250,"Running"
29165,"nio-stream-prod",1419286752218899,34688,"R"
29165,"nio-stream-prod",1419286752253587,101510,"Running"
29136,"nio-webserver-r",1419286752325879,47812,"R"
29165,"nio-stream-prod",1419286752355097,108772865,"S"
29136,"nio-webserver-r",1419286752373691,458490,"Running"
29284,"NIO-Worker",1419286752374212,412234218,"S"
29136,"nio-webserver-r",1419286752832181,132187,"R+"
29136,"nio-webserver-r",1419286752964368,28750,"Running"
29136,"nio-webserver-r",1419286752993118,37967656,"S"
29136,"nio-webserver-r",1419286790960774,116667,"R"
29136,"nio-webserver-r",1419286791077441,76615,"Running"
29136,"nio-webserver-r",1419286791154056,964687,"R+"
29136,"nio-webserver-r",1419286792118743,147813,"Running"
29136,"nio-webserver-r",1419286792266556,12604,"R+"
29136,"nio-webserver-r",1419286792279160,15312,"Running"
29136,"nio-webserver-r",1419286792294472,53125,"R+"
29136,"nio-webserver-r",1419286792347597,188177,"Running"
29136,"nio-webserver-r",1419286792535774,2339011,"S"
29136,"nio-webserver-r",1419286794874785,57500,"R"
29136,"nio-webserver-r",1419286794932285,333177,"Running"
29285,"NIO-Worker",1419286795232285,43646,"R"
29136,"nio-webserver-r",1419286795265462,7652187,"S"
29285,"NIO-Worker",1419286795275931,255416,"Running"
29285,"NIO-Worker",1419286795531347,42969,"S"
29285,"NIO-Worker",1419286795574316,20677,"R"
29285,"NIO-Worker",1419286795594993,102344,"Running"
29285,"NIO-Worker",1419286795697337,62969,"S"
29285,"NIO-Worker",1419286795760306,18593,"R"
29285,"NIO-Worker",1419286795778899,186094,"Running"
29285,"NIO-Worker",1419286795964993,129531,"S"
29285,"NIO-Worker",1419286796094524,352969,"R"
29285,"NIO-Worker",1419286796447493,28438,"Running"
29285,"NIO-Worker",1419286796475931,991250,"S"
29285,"NIO-Worker",1419286797467181,120312,"R"
29285,"NIO-Worker",1419286797587493,81719,"Running"
29285,"NIO-Worker",1419286797669212,1070156,"R"
29285,"NIO-Worker",1419286798739368,206511,"Running"
29285,"NIO-Worker",1419286798945879,68333,"R"
29285,"NIO-Worker",1419286799014212,15104,"Running"
29285,"NIO-Worker",1419286799029316,44583,"R"
29285,"NIO-Worker",1419286799073899,33125,"Running"
29285,"NIO-Worker",1419286799107024,449219,"R+"
29285,"NIO-Worker",1419286799556243,23594,"Running"
29285,"NIO-Worker",1419286799579837,1052292,"S"
29285,"NIO-Worker",1419286800632129,45677,"R"
29285,"NIO-Worker",1419286800677806,35468,"Running"
29285,"NIO-Worker",1419286800713274,47344,"S"
29285,"NIO-Worker",1419286800760618,45729,"R"
29285,"NIO-Worker",1419286800806347,115365,"Running"
29285,"NIO-Worker",1419286800921712,53229,"S"
29285,"NIO-Worker",1419286800974941,13021,"R"
29285,"NIO-Worker",1419286800987962,1701562,"Running"
29285,"NIO-Worker",1419286802689524,31875,"S"
29285,"NIO-Worker",1419286802721399,52136,"R"
29285,"NIO-Worker",1419286802773535,169687,"Running"
29136,"nio-webserver-r",1419286802917649,14375,"R"
29136,"nio-webserver-r",1419286802932024,519844,"Running"
29285,"NIO-Worker",1419286802943222,411140833,"S"
29136,"nio-webserver-r",1419286803451868,40972344,"S"
29136,"nio-webserver-r",1419286844424212,193385,"R"
29136,"nio-webserver-r",1419286844617597,161771,"Running"
29136,"nio-webserver-r",1419286844779368,90000,"S"
29136,"nio-webserver-r",1419286844869368,50313,"R"
29136,"nio-webserver-r",1419286844919681,191718,"Running"
29136,"nio-webserver-r",1419286845111399,559063,"S"
29136,"nio-webserver-r",1419286845670462,86094,"R"
29136,"nio-webserver-r",1419286845756556,381562,"Running"
29286,"NIO-Worker",1419286846086399,88542,"R"
29136,"nio-webserver-r",1419286846138118,60313,"R"
29286,"NIO-Worker",1419286846174941,318177,"Running"
29136,"nio-webserver-r",1419286846198431,31354,"Running"
29136,"nio-webserver-r",1419286846229785,15125364,"S"
29286,"NIO-Worker",1419286846493118,9035156,"S"
29286,"NIO-Worker",1419286855528274,10729,"R"
29286,"NIO-Worker",1419286855539003,439584,"Running"
29286,"NIO-Worker",1419286855978587,108385,"S"
29286,"NIO-Worker",1419286856086972,16875,"R"
29286,"NIO-Worker",1419286856103847,33021,"Running"
29286,"NIO-Worker",1419286856136868,186250,"S"
29286,"NIO-Worker",1419286856323118,17448,"R"
29286,"NIO-Worker",1419286856340566,191771,"Running"
29286,"NIO-Worker",1419286856532337,242187,"S"
29286,"NIO-Worker",1419286856774524,21511,"R"
29286,"NIO-Worker",1419286856796035,40521,"Running"
29286,"NIO-Worker",1419286856836556,53593,"S"
29286,"NIO-Worker",1419286856890149,13594,"R"
29286,"NIO-Worker",1419286856903743,132031,"Running"
29286,"NIO-Worker",1419286857035774,61354,"R+"
29286,"NIO-Worker",1419286857097128,443959,"Running"
29286,"NIO-Worker",1419286857541087,11094,"R"
29286,"NIO-Worker",1419286857552181,11875,"Running"
29286,"NIO-Worker",1419286857564056,1177656,"R"
29286,"NIO-Worker",1419286858741712,859219,"Running"
29286,"NIO-Worker",1419286859600931,9531,"R"
29286,"NIO-Worker",1419286859610462,1295625,"Running"
29286,"NIO-Worker",1419286860906087,39635,"R+"
29286,"NIO-Worker",1419286860945722,89531,"Running"
29286,"NIO-Worker",1419286861035253,53334,"R"
29286,"NIO-Worker",1419286861088587,309687,"Running"
29165,"nio-stream-prod",1419286861127962,32187,"R"
29165,"nio-stream-prod",1419286861160149,106354,"Running"
29165,"nio-stream-prod",1419286861266503,108129584,"S"
29136,"nio-webserver-r",1419286861355149,121719,"R"
29286,"NIO-Worker",1419286861398274,403753750,"S"
29136,"nio-webserver-r",1419286861476868,88229,"Running"
29136,"nio-webserver-r",1419286861565097,41459,"R"
29136,"nio-webserver-r",1419286861606556,360000,"Running"
29136,"nio-webserver-r",1419286861966556,35472343,"S"
29136,"nio-webserver-r",1419286897438899,29167,"R"
29136,"nio-webserver-r",1419286897468066,125781,"Running"
29136,"nio-webserver-r",1419286897593847,10365,"R+"
29136,"nio-webserver-r",1419286897604212,19479,"Running"
29136,"nio-webserver-r",1419286897623691,163802,"S"
29136,"nio-webserver-r",1419286897787493,41667,"R"
29136,"nio-webserver-r",1419286897829160,102864,"Running"
29136,"nio-webserver-r",1419286897932024,33438,"R+"
29136,"nio-webserver-r",1419286897965462,95156,"Running"
29136,"nio-webserver-r",1419286898060618,601250,"S"
29136,"nio-webserver-r",1419286898661868,38073,"R"
29136,"nio-webserver-r",1419286898699941,451458,"Running"
29138,"NIO-Worker",1419286899088847,46459,"R"
29138,"NIO-Worker",1419286899135306,372500,"Running"
29136,"nio-webserver-r",1419286899151399,8210729,"S"
29138,"NIO-Worker",1419286899507806,18593,"R"
29138,"NIO-Worker",1419286899526399,62032,"Running"
29138,"NIO-Worker",1419286899588431,3532031,"S"
29138,"NIO-Worker",1419286903120462,18281,"R"
29138,"NIO-Worker",1419286903138743,580573,"Running"
29138,"NIO-Worker",1419286903719316,63437,"S"
29138,"NIO-Worker",1419286903782753,18490,"R"
29138,"NIO-Worker",1419286903801243,38854,"Running"
29138,"NIO-Worker",1419286903840097,150365,"S"
29138,"NIO-Worker",1419286903990462,13385,"R"
29138,"NIO-Worker",1419286904003847,216250,"Running"
29138,"NIO-Worker",1419286904220097,74271,"R+"
29138,"NIO-Worker",1419286904294368,9844,"Running"
29138,"NIO-Worker",1419286904304212,89062,"S"
29138,"NIO-Worker",1419286904393274,32604,"R"
29138,"NIO-Worker",1419286904425878,45782,"Running"
29138,"NIO-Worker",1419286904471660,33489,"S"
29138,"NIO-Worker",1419286904505149,30261,"R"
29138,"NIO-Worker",1419286904535410,54687,"Running"
29138,"NIO-Worker",1419286904590097,53646,"S"
29138,"NIO-Worker",1419286904643743,30156,"R"
29138,"NIO-Worker",1419286904673899,951719,"Running"
29138,"NIO-Worker",1419286905625618,10625,"R"
29138,"NIO-Worker",1419286905636243,1555313,"Running"
29138,"NIO-Worker",1419286907191556,25468,"S"
29138,"NIO-Worker",1419286907217024,17813,"R"
29138,"NIO-Worker",1419286907234837,191719,"Running"
29136,"nio-webserver-r",1419286907362128,64428,"R"
29136,"nio-webserver-r",1419286907426556,181406,"Running"
29138,"NIO-Worker",1419286907426556,407049635,"S"
29136,"nio-webserver-r",1419286907607962,87500,"R+"
29136,"nio-webserver-r",1419286907695462,162031,"Running"
29136,"nio-webserver-r",1419286907857493,43014531,"S"
29136,"nio-webserver-r",1419286950872024,56198,"R"
29136,"nio-webserver-r",1419286950928222,122552,"Running"
29136,"nio-webserver-r",1419286951050774,219636,"S"
29136,"nio-webserver-r",1419286951270410,28802,"R"
29136,"nio-webserver-r",1419286951299212,7344,"Running"
29136,"nio-webserver-r",1419286951306556,11718,"S"
29136,"nio-webserver-r",1419286951318274,37136,"R"
29136,"nio-webserver-r",1419286951355410,162864,"Running"
29136,"nio-webserver-r",1419286951518274,279688,"S"
29136,"nio-webserver-r",1419286951797962,68594,"R"
29136,"nio-webserver-r",1419286951866556,306250,"Running"
29252,"NIO-Worker",1419286952137753,13125,"R"
29252,"NIO-Worker",1419286952150878,332500,"Running"
29136,"nio-webserver-r",1419286952172806,17335885,"S"
29252,"NIO-Worker",1419286952483378,12302084,"S"
29252,"NIO-Worker",1419286964785462,14479,"R"
29252,"NIO-Worker",1419286964799941,570521,"Running"
29252,"NIO-Worker",1419286965370462,117969,"S"
29252,"NIO-Worker",1419286965488431,17187,"R"
29252,"NIO-Worker",1419286965505618,43750,"Running"
29252,"NIO-Worker",1419286965549368,198385,"S"
29252,"NIO-Worker",1419286965747753,87553,"R"
29252,"NIO-Worker",1419286965835306,237031,"Running"
29252,"NIO-Worker",1419286966072337,8229,"R+"
29252,"NIO-Worker",1419286966080566,8802,"Running"
29252,"NIO-Worker",1419286966089368,227969,"S"
29252,"NIO-Worker",1419286966317337,35156,"R"
29252,"NIO-Worker",1419286966352493,22135,"Running"
29252,"NIO-Worker",1419286966374628,43803,"S"
29252,"NIO-Worker",1419286966418431,20156,"R"
29252,"NIO-Worker",1419286966438587,47969,"Running"
29252,"NIO-Worker",1419286966486556,50260,"R+"
29252,"NIO-Worker",1419286966536816,1047552,"Running"
29252,"NIO-Worker",1419286967584368,11406,"R"
29252,"NIO-Worker",1419286967595774,1370886,"Running"
29252,"NIO-Worker",1419286968966660,13021,"R"
29252,"NIO-Worker",1419286968979681,208854,"Running"
29252,"NIO-Worker",1419286969188535,35364,"S"
29252,"NIO-Worker",1419286969223899,40417,"R"
29252,"NIO-Worker",1419286969264316,283646,"Running"
29165,"nio-stream-prod",1419286969396087,60469,"R"
29165,"nio-stream-prod",1419286969456556,104531,"Running"
29136,"nio-webserver-r",1419286969508691,16771,"R"
29136,"nio-webserver-r",1419286969525462,411979,"Running"
29252,"NIO-Worker",1419286969547962,400373593,"S"
29165,"nio-stream-prod",1419286969561087,97062187,"S"
29136,"nio-webserver-r",1419286969937441,35832865,"S"
29136,"nio-webserver-r",1419287005770306,20781,"R"
29136,"nio-webserver-r",1419287005791087,244948,"Running"
29136,"nio-webserver-r",1419287006036035,54271,"S"
29136,"nio-webserver-r",1419287006090306,51197,"R"
29136,"nio-webserver-r",1419287006141503,243178,"Running"
29136,"nio-webserver-r",1419287006384681,39687,"R+"
29136,"nio-webserver-r",1419287006424368,5156,"Running"
29136,"nio-webserver-r",1419287006429524,538907,"S"
29136,"nio-webserver-r",1419287006968431,41406,"R"
29136,"nio-webserver-r",1419287007009837,591250,"Running"
29267,"NIO-Worker",1419287007544993,56094,"R"
29136,"nio-webserver-r",1419287007601087,8281250,"S"
29267,"NIO-Worker",1419287007601087,328125,"Running"
29267,"NIO-Worker",1419287007929212,3444375,"S"
29267,"NIO-Worker",1419287011373587,38437,"R"
29267,"NIO-Worker",1419287011412024,557344,"Running"
29267,"NIO-Worker",1419287011969368,32760,"R+"
29267,"NIO-Worker",1419287012002128,4063,"Running"
29267,"NIO-Worker",1419287012006191,120833,"S"
29267,"NIO-Worker",1419287012127024,26667,"R"
29267,"NIO-Worker",1419287012153691,36250,"Running"
29267,"NIO-Worker",1419287012189941,200208,"S"
29267,"NIO-Worker",1419287012390149,22188,"R"
29267,"NIO-Worker",1419287012412337,200625,"Running"
29267,"NIO-Worker",1419287012612962,82500,"R+"
29267,"NIO-Worker",1419287012695462,8698,"Running"
29267,"NIO-Worker",1419287012704160,220833,"S"
29267,"NIO-Worker",1419287012924993,23125,"R"
29267,"NIO-Worker",1419287012948118,13594,"Running"
29267,"NIO-Worker",1419287012961712,60156,"S"
29267,"NIO-Worker",1419287013021868,17969,"R"
29267,"NIO-Worker",1419287013039837,60000,"Running"
29267,"NIO-Worker",1419287013099837,40937,"S"
29267,"NIO-Worker",1419287013140774,16407,"R"
29267,"NIO-Worker",1419287013157181,2453593,"Running"
29267,"NIO-Worker",1419287015610774,30938,"S"
29267,"NIO-Worker",1419287015641712,131719,"R"
29267,"NIO-Worker",1419287015773431,146875,"Running"
29136,"nio-webserver-r",1419287015882337,31198,"R"
29136,"nio-webserver-r",1419287015913535,192864,"Running"
29267,"NIO-Worker",1419287015920306,407689062,"S"
29136,"nio-webserver-r",1419287016106399,28698,"R+"
29136,"nio-webserver-r",1419287016135097,180156,"Running"
29136,"nio-webserver-r",1419287016315253,43294063,"S"
29136,"nio-webserver-r",1419287059609316,35312,"R"
29136,"nio-webserver-r",1419287059644628,120938,"Running"
29136,"nio-webserver-r",1419287059765566,196927,"S"
29136,"nio-webserver-r",1419287059962493,56510,"R"
29136,"nio-webserver-r",1419287060019003,162344,"Running"
29136,"nio-webserver-r",1419287060181347,682552,"S"
29136,"nio-webserver-r",1419287060863899,53906,"R"
29136,"nio-webserver-r",1419287060917805,358907,"Running"
29277,"NIO-Worker",1419287061213066,30989,"R"
29277,"NIO-Worker",1419287061244055,336563,"Running"
29136,"nio-webserver-r",1419287061276712,5440781,"S"
29277,"NIO-Worker",1419287061580618,824062,"S"
29277,"NIO-Worker",1419287062404680,25469,"R"
29277,"NIO-Worker",1419287062430149,392500,"Running"
29277,"NIO-Worker",1419287062822649,113698,"S"
29277,"NIO-Worker",1419287062936347,17656,"R"
29277,"NIO-Worker",1419287062954003,28594,"Running"
29277,"NIO-Worker",1419287062982597,204583,"S"
29277,"NIO-Worker",1419287063187180,22969,"R"
29277,"NIO-Worker",1419287063210149,185938,"Running"
29277,"NIO-Worker",1419287063396087,237343,"S"
29277,"NIO-Worker",1419287063633430,24375,"R"
29277,"NIO-Worker",1419287063657805,19167,"Running"
29277,"NIO-Worker",1419287063676972,40833,"S"
29277,"NIO-Worker",1419287063717805,37969,"R"
29277,"NIO-Worker",1419287063755774,34531,"Running"
29277,"NIO-Worker",1419287063790305,31042,"S"
29277,"NIO-Worker",1419287063821347,23125,"R"
29277,"NIO-Worker",1419287063844472,2644583,"Running"
29277,"NIO-Worker",1419287066489055,16042,"R+"
29277,"NIO-Worker",1419287066505097,4427,"Running"
29277,"NIO-Worker",1419287066509524,1719,"S"
29277,"NIO-Worker",1419287066511243,16823,"R"
29277,"NIO-Worker",1419287066528066,218906,"Running"
29165,"nio-stream-prod",1419287066623274,29219,"R"
29165,"nio-stream-prod",1419287066652493,85000,"Running"
29136,"nio-webserver-r",1419287066717493,13594,"R"
29136,"nio-webserver-r",1419287066731087,305104,"Running"
29165,"nio-stream-prod",1419287066737493,105915469,"S"
29277,"NIO-Worker",1419287066746972,411759740,"S"
29136,"nio-webserver-r",1419287067036191,44307708,"S"
29136,"nio-webserver-r",1419287111343899,56979,"R"
29136,"nio-webserver-r",1419287111400878,123490,"Running"
29136,"nio-webserver-r",1419287111524368,57500,"S"
29136,"nio-webserver-r",1419287111581868,29531,"R"
29136,"nio-webserver-r",1419287111611399,150781,"Running"
29136,"nio-webserver-r",1419287111762180,664844,"S"
29136,"nio-webserver-r",1419287112427024,37604,"R"
29136,"nio-webserver-r",1419287112464628,319896,"Running"
29279,"NIO-Worker",1419287112715253,40052,"R"
29279,"NIO-Worker",1419287112755305,193386,"Running"
29136,"nio-webserver-r",1419287112784524,7253438,"S"
29279,"NIO-Worker",1419287112948691,26302,"R"
29279,"NIO-Worker",1419287112974993,168906,"Running"
29279,"NIO-Worker",1419287113143899,1800938,"S"
29279,"NIO-Worker",1419287114944837,24479,"R"
29279,"NIO-Worker",1419287114969316,246094,"Running"
29279,"NIO-Worker",1419287115215410,18645,"S"
29279,"NIO-Worker",1419287115234055,299844,"Running"
29279,"NIO-Worker",1419287115533899,223438,"S"
29279,"NIO-Worker",1419287115757337,17343,"R"
29279,"NIO-Worker",1419287115774680,71980,"Running"
29279,"NIO-Worker",1419287115846660,237187,"S"
29279,"NIO-Worker",1419287116083847,22083,"R"
29279,"NIO-Worker",1419287116105930,175886,"Running"
29279,"NIO-Worker",1419287116281816,411406,"R+"
29279,"NIO-Worker",1419287116693222,5833,"Running"
29279,"NIO-Worker",1419287116699055,69011,"S"
29279,"NIO-Worker",1419287116768066,21458,"R"
29279,"NIO-Worker",1419287116789524,142969,"Running"
29279,"NIO-Worker",1419287116932493,15781,"R"
29279,"NIO-Worker",1419287116948274,18073,"Running"
29279,"NIO-Worker",1419287116966347,130156,"S"
29279,"NIO-Worker",1419287117096503,63959,"R"
29279,"NIO-Worker",1419287117160462,52291,"Running"
29279,"NIO-Worker",1419287117212753,49115,"S"
29279,"NIO-Worker",1419287117261868,16510,"R"
29279,"NIO-Worker",1419287117278378,2479896,"Running"
29279,"NIO-Worker",1419287119758274,23229,"S"
29279,"NIO-Worker",1419287119781503,28334,"R"
29279,"NIO-Worker",1419287119809837,276562,"Running"
29136,"nio-webserver-r",1419287120037962,17448,"R"
29136,"nio-webserver-r",1419287120055410,366770,"Running"
29279,"NIO-Worker",1419287120086399,411327031,"S"
29136,"nio-webserver-r",1419287120422180,41823438,"S"
29136,"nio-webserver-r",1419287162245618,279219,"R"
29136,"nio-webserver-r",1419287162524837,362916,"Running"
29136,"nio-webserver-r",1419287162887753,447084,"S"
29136,"nio-webserver-r",1419287163334837,105156,"R"
29136,"nio-webserver-r",1419287163439993,653906,"Running"
29136,"nio-webserver-r",1419287164093899,200156,"S"
29136,"nio-webserver-r",1419287164294055,55782,"R"
29136,"nio-webserver-r",1419287164349837,290156,"Running"
29284,"NIO-Worker",1419287164608430,33386,"R"
29136,"nio-webserver-r",1419287164639993,8098906,"S"
29284,"NIO-Worker",1419287164641816,369427,"Running"
29284,"NIO-Worker",1419287165011243,3235156,"S"
29284,"NIO-Worker",1419287168246399,66042,"R"
29284,"NIO-Worker",1419287168312441,40469,"Running"
29284,"NIO-Worker",1419287168352910,18489,"R"
29284,"NIO-Worker",1419287168371399,511042,"Running"
29284,"NIO-Worker",1419287168882441,100625,"R+"
29284,"NIO-Worker",1419287168983066,6146,"Running"
29284,"NIO-Worker",1419287168989212,66406,"S"
29284,"NIO-Worker",1419287169055618,11719,"R"
29284,"NIO-Worker",1419287169067337,62604,"Running"
29284,"NIO-Worker",1419287169129941,240208,"S"
29284,"NIO-Worker",1419287169370149,17448,"R"
29284,"NIO-Worker",1419287169387597,207188,"Running"
29284,"NIO-Worker",1419287169594785,244739,"S"
29284,"NIO-Worker",1419287169839524,17344,"R"
29284,"NIO-Worker",1419287169856868,21406,"Running"
29284,"NIO-Worker",1419287169878274,60573,"S"
29284,"NIO-Worker",1419287169938847,19583,"R"
29284,"NIO-Worker",1419287169958430,39219,"Running"
29284,"NIO-Worker",1419287169997649,34375,"S"
29284,"NIO-Worker",1419287170032024,14063,"R"
29284,"NIO-Worker",1419287170046087,2472291,"Running"
29284,"NIO-Worker",1419287172518378,26094,"S"
29284,"NIO-Worker",1419287172544472,13333,"R"
29284,"NIO-Worker",1419287172557805,214532,"Running"
29165,"nio-stream-prod",1419287172652962,16562,"R"
29165,"nio-stream-prod",1419287172669524,13281,"Running"
29165,"nio-stream-prod",1419287172682805,42344,"R"
29165,"nio-stream-prod",1419287172725149,113750,"Running"
29136,"nio-webserver-r",1419287172738899,10781,"R"
29136,"nio-webserver-r",1419287172749680,461823,"Running"
29284,"NIO-Worker",1419287172772337,413221562,"S"
29165,"nio-stream-prod",1419287172838899,100205781,"S"
29136,"nio-webserver-r",1419287173211503,39385938,"S"
29136,"nio-webserver-r",1419287212597441,48802,"R"
29136,"nio-webserver-r",1419287212646243,104687,"Running"
29136,"nio-webserver-r",1419287212750930,43230,"S"
29136,"nio-webserver-r",1419287212794160,85833,"R"
29136,"nio-webserver-r",1419287212879993,177917,"Running"
29136,"nio-webserver-r",1419287213057910,690625,"S"
29136,"nio-webserver-r",1419287213748535,52343,"R"
29136,"nio-webserver-r",1419287213800878,355521,"Running"
29285,"NIO-Worker",1419287214084055,64167,"R"
29285,"NIO-Worker",1419287214148222,337240,"Running"
29136,"nio-webserver-r",1419287214156399,10296042,"S"
29285,"NIO-Worker",1419287214485462,5621979,"S"
29285,"NIO-Worker",1419287220107441,53177,"R"
29285,"NIO-Worker",1419287220160618,476406,"Running"
29285,"NIO-Worker",1419287220637024,127500,"S"
29285,"NIO-Worker",1419287220764524,27500,"R"
29285,"NIO-Worker",1419287220792024,70886,"Running"
29285,"NIO-Worker",1419287220862910,318177,"S"
29285,"NIO-Worker",1419287221181087,12500,"R"
29285,"NIO-Worker",1419287221193587,185573,"Running"
29285,"NIO-Worker",1419287221379160,242239,"S"
29285,"NIO-Worker",1419287221621399,24063,"R"
29285,"NIO-Worker",1419287221645462,26718,"Running"
29285,"NIO-Worker",1419287221672180,50261,"S"
29285,"NIO-Worker",1419287221722441,31614,"R"
29285,"NIO-Worker",1419287221754055,47917,"Running"
29285,"NIO-Worker",1419287221801972,42083,"S"
29285,"NIO-Worker",1419287221844055,21250,"R"
29285,"NIO-Worker",1419287221865305,2456563,"Running"
29285,"NIO-Worker",1419287224321868,28281,"R+"
29285,"NIO-Worker",1419287224350149,154011,"Running"
29136,"nio-webserver-r",1419287224452441,25989,"R"
29136,"nio-webserver-r",1419287224478430,192500,"Running"
29285,"NIO-Worker",1419287224504160,413159062,"S"
29136,"nio-webserver-r",1419287224670930,220625,"R+"
29136,"nio-webserver-r",1419287224891555,148855,"Running"
29136,"nio-webserver-r",1419287225040410,38616302,"S"
29136,"nio-webserver-r",1419287263656712,66823,"R"
29136,"nio-webserver-r",1419287263723535,132864,"Running"
29136,"nio-webserver-r",1419287263856399,31511,"S"
29136,"nio-webserver-r",1419287263887910,43958,"R"
29136,"nio-webserver-r",1419287263931868,161979,"Running"
29136,"nio-webserver-r",1419287264093847,680208,"S"
29136,"nio-webserver-r",1419287264774055,61667,"R"
29136,"nio-webserver-r",1419287264835722,348490,"Running"
29286,"NIO-Worker",1419287265152024,13073,"R"
29286,"NIO-Worker",1419287265165097,274375,"Running"
29136,"nio-webserver-r",1419287265184212,7971875,"S"
29286,"NIO-Worker",1419287265439472,3282552,"S"
29286,"NIO-Worker",1419287268722024,34636,"R"
29286,"NIO-Worker",1419287268756660,486875,"Running"
29286,"NIO-Worker",1419287269243535,77239,"R+"
29286,"NIO-Worker",1419287269320774,5417,"Running"
29286,"NIO-Worker",1419287269326191,33958,"S"
29286,"NIO-Worker",1419287269360149,10313,"R"
29286,"NIO-Worker",1419287269370462,31406,"Running"
29286,"NIO-Worker",1419287269401868,234844,"S"
29286,"NIO-Worker",1419287269636712,14687,"R"
29286,"NIO-Worker",1419287269651399,233125,"Running"
29286,"NIO-Worker",1419287269884524,258229,"S"
29286,"NIO-Worker",1419287270142753,20834,"R"
29286,"NIO-Worker",1419287270163587,38698,"Running"
29286,"NIO-Worker",1419287270202285,48645,"S"
29286,"NIO-Worker",1419287270250930,19688,"R"
29286,"NIO-Worker",1419287270270618,57031,"Running"
29286,"NIO-Worker",1419287270327649,64844,"S"
29286,"NIO-Worker",1419287270392493,22187,"R"
29286,"NIO-Worker",1419287270414680,2485157,"Running"
29286,"NIO-Worker",1419287272899837,48385,"R+"
29286,"NIO-Worker",1419287272948222,248802,"Running"
29165,"nio-stream-prod",1419287273044680,42657,"R"
29165,"nio-stream-prod",1419287273087337,88437,"Running"
29136,"nio-webserver-r",1419287273156087,14635,"R"
29136,"nio-webserver-r",1419287273170722,407083,"Running"
29165,"nio-stream-prod",1419287273175774,104076563,"S"
29286,"NIO-Worker",1419287273197024,415154792,"S"
29136,"nio-webserver-r",1419287273577805,39649063,"S"
29136,"nio-webserver-r",1419287313226868,22917,"R"
29136,"nio-webserver-r",1419287313249785,339270,"Running"
29136,"nio-webserver-r",1419287313589055,12761,"S"
29136,"nio-webserver-r",1419287313601816,5312,"Running"
29136,"nio-webserver-r",1419287313607128,47032,"S"
29136,"nio-webserver-r",1419287313654160,18489,"R"
29136,"nio-webserver-r",1419287313672649,203906,"Running"
29136,"nio-webserver-r",1419287313876555,300782,"S"
29136,"nio-webserver-r",1419287314177337,21198,"R"
29136,"nio-webserver-r",1419287314198535,310052,"Running"
29138,"NIO-Worker",1419287314476191,16562,"R"
29138,"NIO-Worker",1419287314492753,354532,"Running"
29136,"nio-webserver-r",1419287314508587,7759218,"S"
29138,"NIO-Worker",1419287314847285,3093802,"S"
29138,"NIO-Worker",1419287317941087,15937,"R"
29138,"NIO-Worker",1419287317957024,525625,"Running"
29138,"NIO-Worker",1419287318482649,170886,"S"
29138,"NIO-Worker",1419287318653535,16458,"R"
29138,"NIO-Worker",1419287318669993,36875,"Running"
29138,"NIO-Worker",1419287318706868,226406,"S"
29138,"NIO-Worker",1419287318933274,19531,"R"
29138,"NIO-Worker",1419287318952805,185730,"Running"
29138,"NIO-Worker",1419287319138535,283333,"S"
29138,"NIO-Worker",1419287319421868,16719,"R"
29138,"NIO-Worker",1419287319438587,23073,"Running"
29138,"NIO-Worker",1419287319461660,39583,"S"
29138,"NIO-Worker",1419287319501243,17135,"R"
29138,"NIO-Worker",1419287319518378,50209,"Running"
29138,"NIO-Worker",1419287319568587,25468,"R+"
29138,"NIO-Worker",1419287319594055,6407,"Running"
29138,"NIO-Worker",1419287319600462,33385,"S"
29138,"NIO-Worker",1419287319633847,11563,"R"
29138,"NIO-Worker",1419287319645410,2460625,"Running"
29138,"NIO-Worker",1419287322106035,27812,"S"
29138,"NIO-Worker",1419287322133847,14271,"R"
29138,"NIO-Worker",1419287322148118,153073,"Running"
29136,"nio-webserver-r",1419287322267805,15886,"R"
29136,"nio-webserver-r",1419287322283691,307083,"Running"
29138,"NIO-Worker",1419287322301191,417348489,"S"
29136,"nio-webserver-r",1419287322590774,45980469,"S"
29136,"nio-webserver-r",1419287368571243,50937,"R"
29136,"nio-webserver-r",1419287368622180,125313,"Running"
29136,"nio-webserver-r",1419287368747493,38437,"S"
29136,"nio-webserver-r",1419287368785930,107292,"R"
29136,"nio-webserver-r",1419287368893222,276406,"Running"
29136,"nio-webserver-r",1419287369169628,336250,"S"
29136,"nio-webserver-r",1419287369505878,69844,"R"
29136,"nio-webserver-r",1419287369575722,385521,"Running"
29252,"NIO-Worker",1419287369921555,23386,"R"
29252,"NIO-Worker",1419287369944941,334844,"Running"
29136,"nio-webserver-r",1419287369961243,7393750,"S"
29252,"NIO-Worker",1419287370279785,1977395,"S"
29252,"NIO-Worker",1419287372257180,13282,"R"
29252,"NIO-Worker",1419287372270462,194687,"Running"
29252,"NIO-Worker",1419287372465149,14688,"S"
29252,"NIO-Worker",1419287372479837,270729,"Running"
29252,"NIO-Worker",1419287372750566,167812,"S"
29252,"NIO-Worker",1419287372918378,11302,"R"
29252,"NIO-Worker",1419287372929680,34844,"Running"
29252,"NIO-Worker",1419287372964524,100781,"R+"
29252,"NIO-Worker",1419287373065305,4480,"Running"
29252,"NIO-Worker",1419287373069785,105781,"S"
29252,"NIO-Worker",1419287373175566,15052,"R"
29252,"NIO-Worker",1419287373190618,238281,"Running"
29252,"NIO-Worker",1419287373428899,270729,"S"
29252,"NIO-Worker",1419287373699628,26615,"R"
29252,"NIO-Worker",1419287373726243,20625,"Running"
29252,"NIO-Worker",1419287373746868,66094,"S"
29252,"NIO-Worker",1419287373812962,32812,"R"
29252,"NIO-Worker",1419287373845774,8906,"Running"
29252,"NIO-Worker",1419287373854680,452032,"R+"
29252,"NIO-Worker",1419287374306712,47031,"Running"
29252,"NIO-Worker",1419287374353743,53698,"S"
29252,"NIO-Worker",1419287374407441,12239,"R"
29252,"NIO-Worker",1419287374419680,301563,"Running"
29252,"NIO-Worker",1419287374721243,73229,"R"
29252,"NIO-Worker",1419287374794472,2195052,"Running"
29252,"NIO-Worker",1419287376989524,37917,"R"
29252,"NIO-Worker",1419287377027441,37083,"Running"
29252,"NIO-Worker",1419287377064524,85781,"R+"
29252,"NIO-Worker",1419287377150305,240157,"Running"
29165,"nio-stream-prod",1419287377252337,42656,"R"
29165,"nio-stream-prod",1419287377294993,85312,"Running"
29136,"nio-webserver-r",1419287377354993,16667,"R"
29136,"nio-webserver-r",1419287377371660,403489,"Running"
29165,"nio-stream-prod",1419287377380305,110828854,"S"
29252,"NIO-Worker",1419287377390462,415789531,"S"
29136,"nio-webserver-r",1419287377775149,44411198,"S"
29136,"nio-webserver-r",1419287422186347,50833,"R"
29136,"nio-webserver-r",1419287422237180,121980,"Running"
29136,"nio-webserver-r",1419287422359160,116458,"S"
29136,"nio-webserver-r",1419287422475618,43125,"R"
29136,"nio-webserver-r",1419287422518743,156198,"Running"
29136,"nio-webserver-r",1419287422674941,671302,"S"
29136,"nio-webserver-r",1419287423346243,21094,"R"
29136,"nio-webserver-r",1419287423367337,272500,"Running"
29267,"NIO-Worker",1419287423609368,14792,"R"
29267,"NIO-Worker",1419287423624160,818281,"Running"
29136,"nio-webserver-r",1419287423639837,5303750,"S"
29267,"NIO-Worker",1419287424442441,211719,"R+"
29267,"NIO-Worker",1419287424654160,22656,"Running"
29267,"NIO-Worker",1419287424676816,647239,"R+"
29267,"NIO-Worker",1419287425324055,219219,"Running"
29267,"NIO-Worker",1419287425543274,289323,"S"
29267,"NIO-Worker",1419287425832597,14271,"R"
29267,"NIO-Worker",1419287425846868,14635,"Running"
29267,"NIO-Worker",1419287425861503,61719,"R+"
29267,"NIO-Worker",1419287425923222,44427,"Running"
29267,"NIO-Worker",1419287425967649,44479,"S"
29267,"NIO-Worker",1419287426012128,10834,"R"
29267,"NIO-Worker",1419287426022962,75937,"Running"
29267,"NIO-Worker",1419287426098899,28854,"R+"
29267,"NIO-Worker",1419287426127753,2436250,"Running"
29267,"NIO-Worker",1419287428564003,41615,"S"
29267,"NIO-Worker",1419287428605618,17812,"R"
29267,"NIO-Worker",1419287428623430,242032,"Running"
29267,"NIO-Worker",1419287428865462,18750,"R+"
29267,"NIO-Worker",1419287428884212,104531,"Running"
29136,"nio-webserver-r",1419287428943587,16718,"R"
29136,"nio-webserver-r",1419287428960305,134688,"Running"
29267,"NIO-Worker",1419287428988743,417572656,"S"
29136,"nio-webserver-r",1419287429094993,18385,"R+"
29136,"nio-webserver-r",1419287429113378,446615,"Running"
29136,"nio-webserver-r",1419287429559993,47371875,"S"
29136,"nio-webserver-r",1419287476931868,121198,"R"
29136,"nio-webserver-r",1419287477053066,44375,"Running"
29136,"nio-webserver-r",1419287477097441,168177,"R"
29136,"nio-webserver-r",1419287477265618,48594,"Running"
29136,"nio-webserver-r",1419287477314212,15156,"R+"
29136,"nio-webserver-r",1419287477329368,28594,"Running"
29136,"nio-webserver-r",1419287477357962,3281,"S"
29136,"nio-webserver-r",1419287477361243,79323,"R"
29136,"nio-webserver-r",1419287477440566,121614,"Running"
29136,"nio-webserver-r",1419287477562180,552813,"S"
29136,"nio-webserver-r",1419287478114993,54062,"R"
29136,"nio-webserver-r",1419287478169055,383125,"Running"
29277,"NIO-Worker",1419287478506712,26718,"R"
29277,"NIO-Worker",1419287478533430,237188,"Running"
29136,"nio-webserver-r",1419287478552180,9833750,"S"
29277,"NIO-Worker",1419287478770618,928906,"S"
29277,"NIO-Worker",1419287479699524,22761,"R"
29277,"NIO-Worker",1419287479722285,313437,"Running"
29277,"NIO-Worker",1419287480035722,5052,"S"
29277,"NIO-Worker",1419287480040774,67656,"R"
29277,"NIO-Worker",1419287480108430,298230,"Running"
29277,"NIO-Worker",1419287480406660,125364,"S"
29277,"NIO-Worker",1419287480532024,27188,"R"
29277,"NIO-Worker",1419287480559212,43906,"Running"
29277,"NIO-Worker",1419287480603118,375312,"S"
29277,"NIO-Worker",1419287480978430,51407,"R"
29277,"NIO-Worker",1419287481029837,177187,"Running"
29277,"NIO-Worker",1419287481207024,223750,"S"
29277,"NIO-Worker",1419287481430774,25938,"R"
29277,"NIO-Worker",1419287481456712,59218,"Running"
29277,"NIO-Worker",1419287481515930,85261,"S"
29277,"NIO-Worker",1419287481601191,118281,"R"
29277,"NIO-Worker",1419287481719472,151615,"Running"
29277,"NIO-Worker",1419287481871087,107916,"S"
29277,"NIO-Worker",1419287481979003,25157,"R"
29277,"NIO-Worker",1419287482004160,431927,"Running"
29277,"NIO-Worker",1419287482436087,69843,"R+"
29277,"NIO-Worker",1419287482505930,30157,"Running"
29277,"NIO-Worker",1419287482536087,141718,"R+"
29277,"NIO-Worker",1419287482677805,367813,"Running"
29277,"NIO-Worker",1419287483045618,1634844,"R"
29277,"NIO-Worker",1419287484680462,317187,"Running"
29277,"NIO-Worker",1419287484997649,23750,"R"
29277,"NIO-Worker",1419287485021399,40573,"Running"
29277,"NIO-Worker",1419287485061972,20521,"R"
29277,"NIO-Worker",1419287485082493,132760,"Running"
29277,"NIO-Worker",1419287485215253,25625,"R"
29277,"NIO-Worker",1419287485240878,72709,"Running"
29277,"NIO-Worker",1419287485313587,19843,"R"
29277,"NIO-Worker",1419287485333430,115886,"Running"
29277,"NIO-Worker",1419287485449316,33958,"R"
29277,"NIO-Worker",1419287485483274,74011,"Running"
29277,"NIO-Worker",1419287485557285,51875,"R"
29277,"NIO-Worker",1419287485609160,140833,"Running"
29277,"NIO-Worker",1419287485749993,34531,"R"
29277,"NIO-Worker",1419287485784524,79688,"Running"
29277,"NIO-Worker",1419287485864212,35885,"R"
29277,"NIO-Worker",1419287485900097,65521,"Running"
29277,"NIO-Worker",1419287485965618,84375,"R"
29277,"NIO-Worker",1419287486049993,255260,"Running"
29277,"NIO-Worker",1419287486305253,322552,"R+"
29277,"NIO-Worker",1419287486627805,52969,"Running"
29277,"NIO-Worker",1419287486680774,13438,"R"
29277,"NIO-Worker",1419287486694212,11822,"Running"
29277,"NIO-Worker",1419287486706034,35053,"R"
29277,"NIO-Worker",1419287486741087,81406,"Running"
29277,"NIO-Worker",1419287486822493,28906,"R"
29277,"NIO-Worker",1419287486851399,925417,"Running"
29277,"NIO-Worker",1419287487776816,23646,"R"
29277,"NIO-Worker",1419287487800462,211041,"Running"
29277,"NIO-Worker",1419287488011503,55677,"S"
29277,"NIO-Worker",1419287488067180,26198,"R"
29277,"NIO-Worker",1419287488093378,147865,"Running"
29165,"nio-stream-prod",1419287488209159,13178,"R"
29165,"nio-stream-prod",1419287488222337,98125,"Running"
29277,"NIO-Worker",1419287488241243,37500,"R"
29277,"NIO-Worker",1419287488278743,153125,"Running"
29165,"nio-stream-prod",1419287488320462,105445156,"S"
29136,"nio-webserver-r",1419287488385930,106250,"R"
29277,"NIO-Worker",1419287488431868,9219,"R+"
29277,"NIO-Worker",1419287488441087,36093,"Running"
29277,"NIO-Worker",1419287488477180,414307292,"S"
29136,"nio-webserver-r",1419287488492180,382032,"Running"
29136,"nio-webserver-r",1419287488874212,57968,"R+"
29136,"nio-webserver-r",1419287488932180,143125,"Running"
29136,"nio-webserver-r",1419287489075305,40896094,"S"
29136,"nio-webserver-r",1419287529971399,53594,"R"
29136,"nio-webserver-r",1419287530024993,256354,"Running"
29136,"nio-webserver-r",1419287530281347,40365,"S"
29136,"nio-webserver-r",1419287530321712,16041,"R"
29136,"nio-webserver-r",1419287530337753,11250,"Running"
29136,"nio-webserver-r",1419287530349003,19844,"S"
29136,"nio-webserver-r",1419287530368847,13177,"R"
29136,"nio-webserver-r",1419287530382024,177292,"Running"
29136,"nio-webserver-r",1419287530559316,430208,"S"
29136,"nio-webserver-r",1419287530989524,47031,"R"
29136,"nio-webserver-r",1419287531036555,413698,"Running"
29279,"NIO-Worker",1419287531413430,15573,"R"
29279,"NIO-Worker",1419287531429003,363802,"Running"
29136,"nio-webserver-r",1419287531450253,6675521,"S"
29279,"NIO-Worker",1419287531792805,2034532,"S"
29279,"NIO-Worker",1419287533827337,17447,"R"
29279,"NIO-Worker",1419287533844784,451771,"Running"
29279,"NIO-Worker",1419287534296555,163125,"S"
29279,"NIO-Worker",1419287534459680,16719,"R"
29279,"NIO-Worker",1419287534476399,25313,"Running"
29279,"NIO-Worker",1419287534501712,61822,"R+"
29279,"NIO-Worker",1419287534563534,5313,"Running"
29279,"NIO-Worker",1419287534568847,120052,"S"
29279,"NIO-Worker",1419287534688899,22760,"R"
29279,"NIO-Worker",1419287534711659,228334,"Running"
29279,"NIO-Worker",1419287534939993,251719,"S"
29279,"NIO-Worker",1419287535191712,28906,"R"
29279,"NIO-Worker",1419287535220618,15573,"Running"
29279,"NIO-Worker",1419287535236191,63593,"S"
29279,"NIO-Worker",1419287535299784,29271,"R"
29279,"NIO-Worker",1419287535329055,47500,"Running"
29279,"NIO-Worker",1419287535376555,62813,"S"
29279,"NIO-Worker",1419287535439368,18698,"R"
29279,"NIO-Worker",1419287535458066,2494375,"Running"
29279,"NIO-Worker",1419287537952441,26614,"R+"
29279,"NIO-Worker",1419287537979055,180938,"Running"
29136,"nio-webserver-r",1419287538125774,39375,"R"
29279,"NIO-Worker",1419287538159993,414614375,"S"
29136,"nio-webserver-r",1419287538165149,445260,"Running"
29136,"nio-webserver-r",1419287538610409,46028594,"S"
29136,"nio-webserver-r",1419287584639003,87865,"R"
29136,"nio-webserver-r",1419287584726868,131562,"Running"
29136,"nio-webserver-r",1419287584858430,37032,"S"
29136,"nio-webserver-r",1419287584895462,32500,"R"
29136,"nio-webserver-r",1419287584927962,31406,"Running"
29136,"nio-webserver-r",1419287584959368,42291,"S"
29136,"nio-webserver-r",1419287585001659,176407,"Running"
29136,"nio-webserver-r",1419287585178066,500781,"S"
29136,"nio-webserver-r",1419287585678847,31719,"R"
29136,"nio-webserver-r",1419287585710566,329583,"Running"
29284,"NIO-Worker",1419287585993899,24635,"R"
29284,"NIO-Worker",1419287586018534,352084,"Running"
29136,"nio-webserver-r",1419287586040149,7902135,"S"
29284,"NIO-Worker",1419287586370618,1442812,"S"
29284,"NIO-Worker",1419287587813430,30313,"R"
29284,"NIO-Worker",1419287587843743,185312,"Running"
29284,"NIO-Worker",1419287588029055,13229,"S"
29284,"NIO-Worker",1419287588042284,307032,"Running"
29284,"NIO-Worker",1419287588349316,204218,"S"
29284,"NIO-Worker",1419287588553534,12657,"R"
29284,"NIO-Worker",1419287588566191,30937,"Running"
29284,"NIO-Worker",1419287588597128,161094,"S"
29284,"NIO-Worker",1419287588758222,50625,"R"
29284,"NIO-Worker",1419287588808847,235521,"Running"
29284,"NIO-Worker",1419287589044368,244375,"S"
29284,"NIO-Worker",1419287589288743,27031,"R"
29284,"NIO-Worker",1419287589315774,23698,"Running"
29284,"NIO-Worker",1419287589339472,59896,"S"
29284,"NIO-Worker",1419287589399368,14844,"R"
29284,"NIO-Worker",1419287589414212,39166,"Running"
29284,"NIO-Worker",1419287589453378,31771,"S"
29284,"NIO-Worker",1419287589485149,9688,"R"
29284,"NIO-Worker",1419287589494837,946562,"Running"
29284,"NIO-Worker",1419287590441399,921042,"R"
29284,"NIO-Worker",1419287591362441,1383489,"Running"
29284,"NIO-Worker",1419287592745930,32344,"R"
29284,"NIO-Worker",1419287592778274,112344,"Running"
29284,"NIO-Worker",1419287592890618,78541,"R+"
29284,"NIO-Worker",1419287592969159,73907,"Running"
29284,"NIO-Worker",1419287593043066,15000,"R"
29284,"NIO-Worker",1419287593058066,6927,"Running"
29284,"NIO-Worker",1419287593064993,293594,"R"
29284,"NIO-Worker",1419287593358587,211718,"Running"
29284,"NIO-Worker",1419287593570305,27344,"S"
29284,"NIO-Worker",1419287593597649,40885,"R"
29284,"NIO-Worker",1419287593638534,370053,"Running"
29165,"nio-stream-prod",1419287593765618,43750,"R"
29165,"nio-stream-prod",1419287593809368,30156,"Running"
29165,"nio-stream-prod",1419287593839524,29479,"R"
29165,"nio-stream-prod",1419287593869003,63334,"Running"
29165,"nio-stream-prod",1419287593932337,104778854,"S"
29136,"nio-webserver-r",1419287593942284,178750,"R"
29284,"NIO-Worker",1419287594008587,412874010,"S"
29136,"nio-webserver-r",1419287594121034,13959,"Running"
29136,"nio-webserver-r",1419287594134993,71198,"R"
29136,"nio-webserver-r",1419287594206191,269739,"Running"
29136,"nio-webserver-r",1419287594475930,352761,"R+"
29136,"nio-webserver-r",1419287594828691,203281,"Running"
29136,"nio-webserver-r",1419287595031972,41021406,"S"
29136,"nio-webserver-r",1419287636053378,45052,"R"
29136,"nio-webserver-r",1419287636098430,144688,"Running"
29136,"nio-webserver-r",1419287636243118,124531,"S"
29136,"nio-webserver-r",1419287636367649,17604,"R"
29136,"nio-webserver-r",1419287636385253,196563,"Running"
29136,"nio-webserver-r",1419287636581816,665468,"S"
29136,"nio-webserver-r",1419287637247284,69532,"R"
29136,"nio-webserver-r",1419287637316816,102864,"Running"
29136,"nio-webserver-r",1419287637419680,28282,"R"
29136,"nio-webserver-r",1419287637447962,260000,"Running"
29285,"NIO-Worker",1419287637663222,26615,"R"
29285,"NIO-Worker",1419287637689837,379322,"Running"
29136,"nio-webserver-r",1419287637707962,6497031,"S"
29285,"NIO-Worker",1419287638069159,1169532,"S"
29285,"NIO-Worker",1419287639238691,26302,"R"
29285,"NIO-Worker",1419287639264993,418281,"Running"
29285,"NIO-Worker",1419287639683274,117292,"S"
29285,"NIO-Worker",1419287639800566,14583,"R"
29285,"NIO-Worker",1419287639815149,35625,"Running"
29285,"NIO-Worker",1419287639850774,161094,"S"
29285,"NIO-Worker",1419287640011868,46562,"R"
29285,"NIO-Worker",1419287640058430,185469,"Running"
29285,"NIO-Worker",1419287640243899,485313,"S"
29285,"NIO-Worker",1419287640729212,52916,"R"
29285,"NIO-Worker",1419287640782128,36406,"Running"
29285,"NIO-Worker",1419287640818534,60000,"S"
29285,"NIO-Worker",1419287640878534,33438,"R"
29285,"NIO-Worker",1419287640911972,25312,"Running"
29285,"NIO-Worker",1419287640937284,82240,"R"
29285,"NIO-Worker",1419287641019524,9167,"Running"
29285,"NIO-Worker",1419287641028691,77708,"R"
29285,"NIO-Worker",1419287641106399,44948,"Running"
29285,"NIO-Worker",1419287641151347,63750,"S"
29285,"NIO-Worker",1419287641215097,288021,"R"
29285,"NIO-Worker",1419287641503118,1338698,"Running"
29285,"NIO-Worker",1419287642841816,12500,"R"
29285,"NIO-Worker",1419287642854316,1168593,"Running"
29285,"NIO-Worker",1419287644022909,40678,"R+"
29285,"NIO-Worker",1419287644063587,186822,"Running"
29136,"nio-webserver-r",1419287644204993,16198,"R"
29136,"nio-webserver-r",1419287644221191,32968,"Running"
29285,"NIO-Worker",1419287644250409,416758177,"S"
29136,"nio-webserver-r",1419287644254159,129896,"R"
29136,"nio-webserver-r",1419287644384055,417188,"Running"
29136,"nio-webserver-r",1419287644801243,41930573,"S"
29136,"nio-webserver-r",1419287686731816,79114,"R"
29136,"nio-webserver-r",1419287686810930,121042,"Running"
29136,"nio-webserver-r",1419287686931972,302083,"S"
29136,"nio-webserver-r",1419287687234055,44375,"R"
29136,"nio-webserver-r",1419287687278430,6250,"Running"
29136,"nio-webserver-r",1419287687284680,61250,"S"
29136,"nio-webserver-r",1419287687345930,45104,"R"
29136,"nio-webserver-r",1419287687391034,147240,"Running"
29136,"nio-webserver-r",1419287687538274,394792,"S"
29136,"nio-webserver-r",1419287687933066,52083,"R"
29136,"nio-webserver-r",1419287687985149,408281,"Running"
29286,"NIO-Worker",1419287688351816,61302,"R"
29136,"nio-webserver-r",1419287688393430,20469,"R"
29286,"NIO-Worker",1419287688413118,423594,"Running"
29136,"nio-webserver-r",1419287688413899,20573,"Running"
29136,"nio-webserver-r",1419287688434472,10561927,"S"
29286,"NIO-Worker",1419287688836712,872760,"S"
29286,"NIO-Worker",1419287689709472,80990,"R"
29286,"NIO-Worker",1419287689790462,226197,"Running"
29286,"NIO-Worker",1419287690016659,41459,"S"
29286,"NIO-Worker",1419287690058118,337187,"R"
29286,"NIO-Worker",1419287690395305,59688,"Running"
29286,"NIO-Worker",1419287690454993,1319844,"R"
29286,"NIO-Worker",1419287691774837,183125,"Running"
29286,"NIO-Worker",1419287691957962,15572,"R"
29286,"NIO-Worker",1419287691973534,13646,"Running"
29286,"NIO-Worker",1419287691987180,219532,"R"
29286,"NIO-Worker",1419287692206712,190156,"Running"
29286,"NIO-Worker",1419287692396868,1064531,"R+"
29286,"NIO-Worker",1419287693461399,44063,"Running"
29286,"NIO-Worker",1419287693505462,263125,"S"
29286,"NIO-Worker",1419287693768587,910000,"R"
29286,"NIO-Worker",1419287694678587,85156,"Running"
29286,"NIO-Worker",1419287694763743,9010,"R"
29286,"NIO-Worker",1419287694772753,169219,"Running"
29286,"NIO-Worker",1419287694941972,84531,"R+"
29286,"NIO-Worker",1419287695026503,5052,"Running"
29286,"NIO-Worker",1419287695031555,226511,"S"
29286,"NIO-Worker",1419287695258066,11562,"R"
29286,"NIO-Worker",1419287695269628,14896,"Running"
29286,"NIO-Worker",1419287695284524,48854,"S"
29286,"NIO-Worker",1419287695333378,11094,"R"
29286,"NIO-Worker",1419287695344472,46771,"Running"
29286,"NIO-Worker",1419287695391243,43594,"R+"
29286,"NIO-Worker",1419287695434837,270416,"Running"
29286,"NIO-Worker",1419287695705253,239584,"R"
29286,"NIO-Worker",1419287695944837,189218,"Running"
29286,"NIO-Worker",1419287696134055,16563,"R"
29286,"NIO-Worker",1419287696150618,326823,"Running"
29286,"NIO-Worker",1419287696477441,19843,"R"
29286,"NIO-Worker",1419287696497284,31563,"Running"
29286,"NIO-Worker",1419287696528847,71927,"R"
29286,"NIO-Worker",1419287696600774,231719,"Running"
29286,"NIO-Worker",1419287696832493,45729,"R"
29286,"NIO-Worker",1419287696878222,10833,"Running"
29286,"NIO-Worker",1419287696889055,43125,"R"
29286,"NIO-Worker",1419287696932180,217500,"Running"
29286,"NIO-Worker",1419287697149680,49219,"R"
29286,"NIO-Worker",1419287697198899,7656,"Running"
29286,"NIO-Worker",1419287697206555,26823,"R"
29286,"NIO-Worker",1419287697233378,1271771,"Running"
29286,"NIO-Worker",1419287698505149,28229,"R+"
29286,"NIO-Worker",1419287698533378,30313,"Running"
29286,"NIO-Worker",1419287698563691,26875,"S"
29286,"NIO-Worker",1419287698590566,14583,"R"
29286,"NIO-Worker",1419287698605149,120573,"Running"
29165,"nio-stream-prod",1419287698711191,100052,"R"
29286,"NIO-Worker",1419287698725722,32396,"R+"
29286,"NIO-Worker",1419287698758118,74062,"Running"
29165,"nio-stream-prod",1419287698811243,88437,"Running"
29286,"NIO-Worker",1419287698832180,152761,"R"
29165,"nio-stream-prod",1419287698899680,105210156,"S"
29286,"NIO-Worker",1419287698984941,42656,"Running"
29136,"nio-webserver-r",1419287698996399,31198,"R"
29136,"nio-webserver-r",1419287699027597,214740,"Running"
29286,"NIO-Worker",1419287699027597,413208437,"S"
29136,"nio-webserver-r",1419287699242337,182031,"R+"
29136,"nio-webserver-r",1419287699424368,112031,"Running"
29136,"nio-webserver-r",1419287699536399,113542,"R"
29136,"nio-webserver-r",1419287699649941,154218,"Running"
29136,"nio-webserver-r",1419287699804159,38517396,"S"
29136,"nio-webserver-r",1419287738321555,42813,"R"
29136,"nio-webserver-r",1419287738364368,230416,"Running"
29136,"nio-webserver-r",1419287738594784,191927,"S"
29136,"nio-webserver-r",1419287738786711,19792,"R"
29136,"nio-webserver-r",1419287738806503,4271,"Running"
29136,"nio-webserver-r",1419287738810774,63594,"S"
29136,"nio-webserver-r",1419287738874368,5937,"R"
29136,"nio-webserver-r",1419287738880305,155417,"Running"
29136,"nio-webserver-r",1419287739035722,354062,"S"
29136,"nio-webserver-r",1419287739389784,17552,"R"
29136,"nio-webserver-r",1419287739407336,282761,"Running"
29138,"NIO-Worker",1419287739649680,40417,"R"
29136,"nio-webserver-r",1419287739690097,8117239,"S"
29138,"NIO-Worker",1419287739690097,265364,"Running"
29138,"NIO-Worker",1419287739955461,3460469,"S"
29138,"NIO-Worker",1419287743415930,14948,"R"
29138,"NIO-Worker",1419287743430878,481406,"Running"
29138,"NIO-Worker",1419287743912284,146459,"S"
29138,"NIO-Worker",1419287744058743,62500,"R"
29138,"NIO-Worker",1419287744121243,47135,"Running"
29138,"NIO-Worker",1419287744168378,224583,"S"
29138,"NIO-Worker",1419287744392961,14792,"R"
29138,"NIO-Worker",1419287744407753,213438,"Running"
29138,"NIO-Worker",1419287744621191,307656,"S"
29138,"NIO-Worker",1419287744928847,17708,"R"
29138,"NIO-Worker",1419287744946555,31094,"Running"
29138,"NIO-Worker",1419287744977649,36823,"S"
29138,"NIO-Worker",1419287745014472,37552,"R"
29138,"NIO-Worker",1419287745052024,45000,"Running"
29138,"NIO-Worker",1419287745097024,44531,"S"
29138,"NIO-Worker",1419287745141555,22031,"R"
29138,"NIO-Worker",1419287745163586,2475573,"Running"
29138,"NIO-Worker",1419287747639159,32032,"S"
29138,"NIO-Worker",1419287747671191,20989,"R"
29138,"NIO-Worker",1419287747692180,151042,"Running"
29136,"nio-webserver-r",1419287747807336,15938,"R"
29136,"nio-webserver-r",1419287747823274,386042,"Running"
29138,"NIO-Worker",1419287747843222,414681927,"S"
29136,"nio-webserver-r",1419287748209316,43666927,"S"
29136,"nio-webserver-r",1419287791876243,67031,"R"
29136,"nio-webserver-r",1419287791943274,178906,"Running"
29136,"nio-webserver-r",1419287792122180,148438,"S"
29136,"nio-webserver-r",1419287792270618,98541,"R"
29136,"nio-webserver-r",1419287792369159,156771,"Running"
29136,"nio-webserver-r",1419287792525930,213073,"S"
29136,"nio-webserver-r",1419287792739003,99531,"R"
29136,"nio-webserver-r",1419287792838534,171719,"Running"
29136,"nio-webserver-r",1419287793010253,8281,"R"
29136,"nio-webserver-r",1419287793018534,224740,"Running"
29252,"NIO-Worker",1419287793179993,48281,"R"
29252,"NIO-Worker",1419287793228274,295781,"Running"
29136,"nio-webserver-r",1419287793243274,11066354,"S"
29252,"NIO-Worker",1419287793524055,5007031,"S"
29252,"NIO-Worker",1419287798531086,22917,"R"
29252,"NIO-Worker",1419287798554003,207500,"Running"
29252,"NIO-Worker",1419287798761503,8750,"S"
29252,"NIO-Worker",1419287798770253,55521,"R"
29252,"NIO-Worker",1419287798825774,282656,"Running"
29252,"NIO-Worker",1419287799108430,197136,"S"
29252,"NIO-Worker",1419287799305566,15364,"R"
29252,"NIO-Worker",1419287799320930,39531,"Running"
29252,"NIO-Worker",1419287799360461,90157,"R+"
29252,"NIO-Worker",1419287799450618,25885,"Running"
29252,"NIO-Worker",1419287799476503,397396,"S"
29252,"NIO-Worker",1419287799873899,33437,"R"
29252,"NIO-Worker",1419287799907336,222032,"Running"
29252,"NIO-Worker",1419287800129368,239791,"S"
29252,"NIO-Worker",1419287800369159,16302,"R"
29252,"NIO-Worker",1419287800385461,18594,"Running"
29252,"NIO-Worker",1419287800404055,50156,"R+"
29252,"NIO-Worker",1419287800454211,38438,"Running"
29252,"NIO-Worker",1419287800492649,48542,"R+"
29252,"NIO-Worker",1419287800541191,814375,"Running"
29252,"NIO-Worker",1419287801355566,72500,"R"
29252,"NIO-Worker",1419287801428066,2247083,"Running"
29252,"NIO-Worker",1419287803675149,238594,"R+"
29252,"NIO-Worker",1419287803913743,430260,"Running"
29165,"nio-stream-prod",1419287804109836,79375,"R"
29165,"nio-stream-prod",1419287804189211,97813,"Running"
29165,"nio-stream-prod",1419287804287024,105456719,"S"
29136,"nio-webserver-r",1419287804309628,26094,"R"
29136,"nio-webserver-r",1419287804335722,184896,"Running"
29252,"NIO-Worker",1419287804344003,409916771,"S"
29136,"nio-webserver-r",1419287804520618,17187,"R+"
29136,"nio-webserver-r",1419287804537805,274219,"Running"
29136,"nio-webserver-r",1419287804812024,40597812,"S"
29136,"nio-webserver-r",1419287845409836,23282,"R"
29136,"nio-webserver-r",1419287845433118,143593,"Running"
29136,"nio-webserver-r",1419287845576711,288594,"S"
29136,"nio-webserver-r",1419287845865305,20886,"R"
29136,"nio-webserver-r",1419287845886191,6458,"Running"
29136,"nio-webserver-r",1419287845892649,8125,"S"
29136,"nio-webserver-r",1419287845900774,8125,"R"
29136,"nio-webserver-r",1419287845908899,153698,"Running"
29136,"nio-webserver-r",1419287846062597,164896,"S"
29136,"nio-webserver-r",1419287846227493,40885,"R"
29136,"nio-webserver-r",1419287846268378,327865,"Running"
29267,"NIO-Worker",1419287846561399,21719,"R"
29267,"NIO-Worker",1419287846583118,429635,"Running"
29136,"nio-webserver-r",1419287846596243,5781,"R+"
29136,"nio-webserver-r",1419287846602024,5781,"Running"
29136,"nio-webserver-r",1419287846607805,7837292,"S"
29267,"NIO-Worker",1419287847012753,3352083,"S"
29267,"NIO-Worker",1419287850364836,14219,"R"
29267,"NIO-Worker",1419287850379055,242188,"Running"
29267,"NIO-Worker",1419287850621243,117656,"S"
29267,"NIO-Worker",1419287850738899,15781,"R"
29267,"NIO-Worker",1419287850754680,27761,"Running"
29267,"NIO-Worker",1419287850782441,224739,"S"
29267,"NIO-Worker",1419287851007180,20261,"R"
29267,"NIO-Worker",1419287851027441,204218,"Running"
29267,"NIO-Worker",1419287851231659,287552,"S"
29267,"NIO-Worker",1419287851519211,17657,"R"
29267,"NIO-Worker",1419287851536868,16718,"Running"
29267,"NIO-Worker",1419287851553586,57657,"S"
29267,"NIO-Worker",1419287851611243,15468,"R"
29267,"NIO-Worker",1419287851626711,42813,"Running"
29267,"NIO-Worker",1419287851669524,45417,"S"
29267,"NIO-Worker",1419287851714941,13489,"R"
29267,"NIO-Worker",1419287851728430,2257656,"Running"
29267,"NIO-Worker",1419287853986086,26094,"R"
29267,"NIO-Worker",1419287854012180,258594,"Running"
29267,"NIO-Worker",1419287854270774,30937,"R+"
29267,"NIO-Worker",1419287854301711,177188,"Running"
29136,"nio-webserver-r",1419287854445097,10833,"R"
29136,"nio-webserver-r",1419287854455930,316563,"Running"
29267,"NIO-Worker",1419287854478899,413934219,"S"
29136,"nio-webserver-r",1419287854772493,45627656,"S"
29136,"nio-webserver-r",1419287900400149,69635,"R"
29136,"nio-webserver-r",1419287900469784,90209,"Running"
29136,"nio-webserver-r",1419287900559993,87291,"S"
29136,"nio-webserver-r",1419287900647284,16146,"R"
29136,"nio-webserver-r",1419287900663430,17292,"Running"
29136,"nio-webserver-r",1419287900680722,107552,"S"
29136,"nio-webserver-r",1419287900788274,19948,"R"
29136,"nio-webserver-r",1419287900808222,142396,"Running"
29136,"nio-webserver-r",1419287900950618,13073,"R"
29136,"nio-webserver-r",1419287900963691,32708,"Running"
29136,"nio-webserver-r",1419287900996399,55937,"R"
29136,"nio-webserver-r",1419287901052336,107500,"Running"
29136,"nio-webserver-r",1419287901159836,1311250,"S"
29136,"nio-webserver-r",1419287902471086,29480,"R"
29136,"nio-webserver-r",1419287902500566,337083,"Running"
29277,"NIO-Worker",1419287902784472,45156,"R"
29277,"NIO-Worker",1419287902829628,332656,"Running"
29136,"nio-webserver-r",1419287902837649,7010625,"S"
29277,"NIO-Worker",1419287903162284,2255313,"S"
29277,"NIO-Worker",1419287905417597,11458,"R"
29277,"NIO-Worker",1419287905429055,200729,"Running"
29277,"NIO-Worker",1419287905629784,21927,"S"
29277,"NIO-Worker",1419287905651711,254323,"Running"
29277,"NIO-Worker",1419287905906034,144219,"S"
29277,"NIO-Worker",1419287906050253,16615,"R"
29277,"NIO-Worker",1419287906066868,40625,"Running"
29277,"NIO-Worker",1419287906107493,191718,"S"
29277,"NIO-Worker",1419287906299211,15625,"R"
29277,"NIO-Worker",1419287906314836,177292,"Running"
29277,"NIO-Worker",1419287906492128,195833,"S"
29277,"NIO-Worker",1419287906687961,15105,"R"
29277,"NIO-Worker",1419287906703066,19583,"Running"
29277,"NIO-Worker",1419287906722649,42812,"S"
29277,"NIO-Worker",1419287906765461,13438,"R"
29277,"NIO-Worker",1419287906778899,42292,"Running"
29277,"NIO-Worker",1419287906821191,59739,"S"
29277,"NIO-Worker",1419287906880930,15313,"R"
29277,"NIO-Worker",1419287906896243,127812,"Running"
29277,"NIO-Worker",1419287907024055,15938,"R"
29277,"NIO-Worker",1419287907039993,714375,"Running"
29277,"NIO-Worker",1419287907754368,100000,"R"
29277,"NIO-Worker",1419287907854368,1035156,"Running"
29277,"NIO-Worker",1419287908889524,11875,"R"
29277,"NIO-Worker",1419287908901399,692656,"Running"
29277,"NIO-Worker",1419287909594055,37917,"S"
29277,"NIO-Worker",1419287909631972,15000,"R"
29277,"NIO-Worker",1419287909646972,230521,"Running"
29165,"nio-stream-prod",1419287909743743,30781,"R"
29165,"nio-stream-prod",1419287909774524,14010,"Running"
29165,"nio-stream-prod",1419287909788534,30990,"R"
29165,"nio-stream-prod",1419287909819524,79948,"Running"
29136,"nio-webserver-r",1419287909848274,10156,"R"
29136,"nio-webserver-r",1419287909858430,390156,"Running"
29277,"NIO-Worker",1419287909877493,413616562,"S"
29165,"nio-stream-prod",1419287909899472,106737083,"S"
29136,"nio-webserver-r",1419287910248586,41425886,"S"
29136,"nio-webserver-r",1419287951674472,47708,"R"
29136,"nio-webserver-r",1419287951722180,115938,"Running"
29136,"nio-webserver-r",1419287951838118,25416,"S"
29136,"nio-webserver-r",1419287951863534,8490,"R"
29136,"nio-webserver-r",1419287951872024,5260,"Running"
29136,"nio-webserver-r",1419287951877284,89532,"S"
29136,"nio-webserver-r",1419287951966816,25677,"R"
29136,"nio-webserver-r",1419287951992493,167968,"Running"
29136,"nio-webserver-r",1419287952160461,332188,"S"
29136,"nio-webserver-r",1419287952492649,45469,"R"
29136,"nio-webserver-r",1419287952538118,269948,"Running"
29279,"NIO-Worker",1419287952774368,14531,"R"
29279,"NIO-Worker",1419287952788899,455573,"Running"
29136,"nio-webserver-r",1419287952808066,4412864,"S"
29279,"NIO-Worker",1419287953244472,45364,"S"
29279,"NIO-Worker",1419287953289836,12344,"R"
29279,"NIO-Worker",1419287953302180,65417,"Running"
29279,"NIO-Worker",1419287953367597,28437,"S"
29279,"NIO-Worker",1419287953396034,13490,"R"
29279,"NIO-Worker",1419287953409524,192031,"Running"
29279,"NIO-Worker",1419287953601555,114531,"S"
29279,"NIO-Worker",1419287953716086,14063,"R"
29279,"NIO-Worker",1419287953730149,30312,"Running"
29279,"NIO-Worker",1419287953760461,187657,"S"
29279,"NIO-Worker",1419287953948118,15312,"R"
29279,"NIO-Worker",1419287953963430,199167,"Running"
29279,"NIO-Worker",1419287954162597,226614,"S"
29279,"NIO-Worker",1419287954389211,15938,"R"
29279,"NIO-Worker",1419287954405149,14531,"Running"
29279,"NIO-Worker",1419287954419680,44219,"S"
29279,"NIO-Worker",1419287954463899,14219,"R"
29279,"NIO-Worker",1419287954478118,40416,"Running"
29279,"NIO-Worker",1419287954518534,42552,"S"
29279,"NIO-Worker",1419287954561086,15573,"R"
29279,"NIO-Worker",1419287954576659,2485313,"Running"
29279,"NIO-Worker",1419287957061972,27083,"R+"
29279,"NIO-Worker",1419287957089055,171563,"Running"
29136,"nio-webserver-r",1419287957220930,36198,"R"
29136,"nio-webserver-r",1419287957257128,279219,"Running"
29279,"NIO-Worker",1419287957260618,420439843,"S"
29136,"nio-webserver-r",1419287957536347,57552,"R"
29136,"nio-webserver-r",1419287957593899,17187,"Running"
29136,"nio-webserver-r",1419287957611086,23907,"R"
29136,"nio-webserver-r",1419287957634993,18281,"Running"
29136,"nio-webserver-r",1419287957653274,47898437,"S"
29136,"nio-webserver-r",1419288005551711,35782,"R"
29136,"nio-webserver-r",1419288005587493,269531,"Running"
29136,"nio-webserver-r",1419288005857024,15312,"S"
29136,"nio-webserver-r",1419288005872336,61719,"R"
29136,"nio-webserver-r",1419288005934055,146094,"Running"
29136,"nio-webserver-r",1419288006080149,460573,"S"
29136,"nio-webserver-r",1419288006540722,33489,"R"
29136,"nio-webserver-r",1419288006574211,77344,"Running"
29136,"nio-webserver-r",1419288006651555,18125,"R"
29136,"nio-webserver-r",1419288006669680,242448,"Running"
29284,"NIO-Worker",1419288006882597,20521,"R"
29284,"NIO-Worker",1419288006903118,198593,"Running"
29136,"nio-webserver-r",1419288006912128,9849531,"S"
29284,"NIO-Worker",1419288007101711,166094,"R"
29284,"NIO-Worker",1419288007267805,165469,"Running"
29284,"NIO-Worker",1419288007433274,3994687,"S"
29284,"NIO-Worker",1419288011427961,16563,"R"
29284,"NIO-Worker",1419288011444524,210156,"Running"
29284,"NIO-Worker",1419288011654680,39479,"S"
29284,"NIO-Worker",1419288011694159,27500,"R"
29284,"NIO-Worker",1419288011721659,358438,"Running"
29284,"NIO-Worker",1419288012080097,203489,"S"
29284,"NIO-Worker",1419288012283586,11719,"R"
29284,"NIO-Worker",1419288012295305,30000,"Running"
29284,"NIO-Worker",1419288012325305,70000,"R+"
29284,"NIO-Worker",1419288012395305,7188,"Running"
29284,"NIO-Worker",1419288012402493,158750,"S"
29284,"NIO-Worker",1419288012561243,10885,"R"
29284,"NIO-Worker",1419288012572128,227396,"Running"
29284,"NIO-Worker",1419288012799524,421094,"S"
29284,"NIO-Worker",1419288013220618,102187,"R"
29284,"NIO-Worker",1419288013322805,58438,"Running"
29284,"NIO-Worker",1419288013381243,35468,"R+"
29284,"NIO-Worker",1419288013416711,11667,"Running"
29284,"NIO-Worker",1419288013428378,11875,"S"
29284,"NIO-Worker",1419288013440253,16458,"R"
29284,"NIO-Worker",1419288013456711,63125,"Running"
29284,"NIO-Worker",1419288013519836,62500,"S"
29284,"NIO-Worker",1419288013582336,16042,"R"
29284,"NIO-Worker",1419288013598378,2451615,"Running"
29284,"NIO-Worker",1419288016049993,32760,"R"
29284,"NIO-Worker",1419288016082753,22708,"Running"
29284,"NIO-Worker",1419288016105461,88230,"R"
29284,"NIO-Worker",1419288016193691,305468,"Running"
29284,"NIO-Worker",1419288016499159,20834,"R+"
29284,"NIO-Worker",1419288016519993,4010,"Running"
29284,"NIO-Worker",1419288016524003,4531,"S"
29284,"NIO-Worker",1419288016528534,10990,"R"
29284,"NIO-Worker",1419288016539524,267187,"Running"
29165,"nio-stream-prod",1419288016636555,32188,"R"
29165,"nio-stream-prod",1419288016668743,83750,"Running"
29165,"nio-stream-prod",1419288016752493,116595625,"S"
29136,"nio-webserver-r",1419288016761659,22396,"R"
29136,"nio-webserver-r",1419288016784055,418750,"Running"
29284,"NIO-Worker",1419288016806711,411328854,"S"
29136,"nio-webserver-r",1419288017202805,42368281,"S"
29136,"nio-webserver-r",1419288059571086,91563,"R"
29136,"nio-webserver-r",1419288059662649,120469,"Running"
29136,"nio-webserver-r",1419288059783118,36562,"S"
29136,"nio-webserver-r",1419288059819680,34479,"R"
29136,"nio-webserver-r",1419288059854159,158802,"Running"
29136,"nio-webserver-r",1419288060012961,630573,"S"
29136,"nio-webserver-r",1419288060643534,27865,"R"
29136,"nio-webserver-r",1419288060671399,371719,"Running"
29285,"NIO-Worker",1419288061008586,14688,"R"
29285,"NIO-Worker",1419288061023274,312969,"Running"
29136,"nio-webserver-r",1419288061043118,14382812,"S"
29285,"NIO-Worker",1419288061336243,9583437,"S"
29285,"NIO-Worker",1419288070919680,14063,"R"
29285,"NIO-Worker",1419288070933743,532968,"Running"
29285,"NIO-Worker",1419288071466711,116875,"S"
29285,"NIO-Worker",1419288071583586,92813,"R"
29285,"NIO-Worker",1419288071676399,55000,"Running"
29285,"NIO-Worker",1419288071731399,190625,"S"
29285,"NIO-Worker",1419288071922024,25417,"R"
29285,"NIO-Worker",1419288071947441,200677,"Running"
29285,"NIO-Worker",1419288072148118,249843,"S"
29285,"NIO-Worker",1419288072397961,13698,"R"
29285,"NIO-Worker",1419288072411659,58282,"Running"
29285,"NIO-Worker",1419288072469941,62083,"S"
29285,"NIO-Worker",1419288072532024,15625,"R"
29285,"NIO-Worker",1419288072547649,39167,"Running"
29285,"NIO-Worker",1419288072586816,41614,"S"
29285,"NIO-Worker",1419288072628430,13594,"R"
29285,"NIO-Worker",1419288072642024,1836875,"Running"
29285,"NIO-Worker",1419288074478899,29687,"R"
29285,"NIO-Worker",1419288074508586,17917,"Running"
29285,"NIO-Worker",1419288074526503,33177,"R"
29285,"NIO-Worker",1419288074559680,668438,"Running"
29285,"NIO-Worker",1419288075228118,24166,"S"
29285,"NIO-Worker",1419288075252284,33177,"R"
29285,"NIO-Worker",1419288075285461,191250,"Running"
29136,"nio-webserver-r",1419288075425930,24688,"R"
29136,"nio-webserver-r",1419288075450618,353750,"Running"
29285,"NIO-Worker",1419288075476711,409847969,"S"
29136,"nio-webserver-r",1419288075804368,35158593,"S"
29136,"nio-webserver-r",1419288110962961,98125,"R"
29136,"nio-webserver-r",1419288111061086,285313,"Running"
29136,"nio-webserver-r",1419288111346399,29375,"R+"
29136,"nio-webserver-r",1419288111375774,21198,"Running"
29136,"nio-webserver-r",1419288111396972,68125,"R+"
29136,"nio-webserver-r",1419288111465097,210000,"Running"
29136,"nio-webserver-r",1419288111675097,200052,"S"
29136,"nio-webserver-r",1419288111875149,54167,"R"
29136,"nio-webserver-r",1419288111929316,337968,"Running"
29286,"NIO-Worker",1419288112236034,16146,"R"
29286,"NIO-Worker",1419288112252180,344219,"Running"
29136,"nio-webserver-r",1419288112267284,21259115,"S"
29286,"NIO-Worker",1419288112596399,15509687,"S"
29286,"NIO-Worker",1419288128106086,24375,"R"
29286,"NIO-Worker",1419288128130461,459011,"Running"
29286,"NIO-Worker",1419288128589472,162239,"S"
29286,"NIO-Worker",1419288128751711,11719,"R"
29286,"NIO-Worker",1419288128763430,35938,"Running"
29286,"NIO-Worker",1419288128799368,89687,"R+"
29286,"NIO-Worker",1419288128889055,17761,"Running"
29286,"NIO-Worker",1419288128906816,119218,"S"
29286,"NIO-Worker",1419288129026034,15052,"R"
29286,"NIO-Worker",1419288129041086,220886,"Running"
29286,"NIO-Worker",1419288129261972,61250,"R+"
29286,"NIO-Worker",1419288129323222,4427,"Running"
29286,"NIO-Worker",1419288129327649,217344,"S"
29286,"NIO-Worker",1419288129544993,14687,"R"
29286,"NIO-Worker",1419288129559680,23438,"Running"
29286,"NIO-Worker",1419288129583118,64687,"S"
29286,"NIO-Worker",1419288129647805,18386,"R"
29286,"NIO-Worker",1419288129666191,54114,"Running"
29286,"NIO-Worker",1419288129720305,223281,"S"
29286,"NIO-Worker",1419288129943586,39532,"R"
29286,"NIO-Worker",1419288129983118,2723541,"Running"
29286,"NIO-Worker",1419288132706659,23334,"S"
29286,"NIO-Worker",1419288132729993,60312,"R"
29286,"NIO-Worker",1419288132790305,11094,"Running"
29286,"NIO-Worker",1419288132801399,362031,"R+"
29286,"NIO-Worker",1419288133163430,427813,"Running"
29165,"nio-stream-prod",1419288133348118,15260,"R"
29165,"nio-stream-prod",1419288133363378,109896,"Running"
29165,"nio-stream-prod",1419288133473274,91016041,"S"
29136,"nio-webserver-r",1419288133526399,36875,"R"
29136,"nio-webserver-r",1419288133563274,229531,"Running"
29286,"NIO-Worker",1419288133591243,401126822,"S"
29136,"nio-webserver-r",1419288133792805,53542,"R+"
29136,"nio-webserver-r",1419288133846347,341614,"Running"
29136,"nio-webserver-r",1419288134187961,27025469,"S"
29136,"nio-webserver-r",1419288161213430,54219,"R"
29136,"nio-webserver-r",1419288161267649,117916,"Running"
29136,"nio-webserver-r",1419288161385565,75678,"S"
29136,"nio-webserver-r",1419288161461243,26406,"R"
29136,"nio-webserver-r",1419288161487649,186666,"Running"
29136,"nio-webserver-r",1419288161674315,458021,"S"
29136,"nio-webserver-r",1419288162132336,56407,"R"
29136,"nio-webserver-r",1419288162188743,94010,"Running"
29136,"nio-webserver-r",1419288162282753,11719,"R"
29136,"nio-webserver-r",1419288162294472,269427,"Running"
29138,"NIO-Worker",1419288162525149,27344,"R"
29138,"NIO-Worker",1419288162552493,343437,"Running"
29136,"nio-webserver-r",1419288162563899,4883281,"S"
29138,"NIO-Worker",1419288162895930,26406,"S"
29138,"NIO-Worker",1419288162922336,14844,"R"
29138,"NIO-Worker",1419288162937180,417656,"Running"
29138,"NIO-Worker",1419288163354836,130469,"S"
29138,"NIO-Worker",1419288163485305,18906,"R"
29138,"NIO-Worker",1419288163504211,36198,"Running"
29138,"NIO-Worker",1419288163540409,211771,"S"
29138,"NIO-Worker",1419288163752180,30000,"R"
29138,"NIO-Worker",1419288163782180,227448,"Running"
29138,"NIO-Worker",1419288164009628,240365,"S"
29138,"NIO-Worker",1419288164249993,28697,"R"
29138,"NIO-Worker",1419288164278690,37396,"Running"
29138,"NIO-Worker",1419288164316086,63125,"S"
29138,"NIO-Worker",1419288164379211,19375,"R"
29138,"NIO-Worker",1419288164398586,49948,"Running"
29138,"NIO-Worker",1419288164448534,45521,"S"
29138,"NIO-Worker",1419288164494055,28750,"R"
29138,"NIO-Worker",1419288164522805,408125,"Running"
29138,"NIO-Worker",1419288164930930,14375,"R"
29138,"NIO-Worker",1419288164945305,1447448,"Running"
29138,"NIO-Worker",1419288166392753,27552,"R"
29138,"NIO-Worker",1419288166420305,22188,"Running"
29138,"NIO-Worker",1419288166442493,45937,"R"
29138,"NIO-Worker",1419288166488430,179479,"Running"
29138,"NIO-Worker",1419288166667909,87084,"R"
29138,"NIO-Worker",1419288166754993,512031,"Running"
29138,"NIO-Worker",1419288167267024,47500,"R+"
29138,"NIO-Worker",1419288167314524,171510,"Running"
29136,"nio-webserver-r",1419288167447180,12760,"R"
29136,"nio-webserver-r",1419288167459940,338907,"Running"
29138,"NIO-Worker",1419288167486034,417675625,"S"
29136,"nio-webserver-r",1419288167798847,44804114,"S"
29136,"nio-webserver-r",1419288212602961,11563,"R"
29136,"nio-webserver-r",1419288212614524,131041,"Running"
29136,"nio-webserver-r",1419288212745565,14740,"R+"
29136,"nio-webserver-r",1419288212760305,15417,"Running"
29136,"nio-webserver-r",1419288212775722,24531,"R+"
29136,"nio-webserver-r",1419288212800253,14062,"Running"
29136,"nio-webserver-r",1419288212814315,65990,"S"
29136,"nio-webserver-r",1419288212880305,110469,"R"
29136,"nio-webserver-r",1419288212990774,219166,"Running"
29136,"nio-webserver-r",1419288213209940,677344,"S"
29136,"nio-webserver-r",1419288213887284,56146,"R"
29136,"nio-webserver-r",1419288213943430,362500,"Running"
29252,"NIO-Worker",1419288214260774,17031,"R"
29252,"NIO-Worker",1419288214277805,412344,"Running"
29136,"nio-webserver-r",1419288214305930,10291667,"S"
29252,"NIO-Worker",1419288214690149,5108125,"S"
29252,"NIO-Worker",1419288219798274,15104,"R"
29252,"NIO-Worker",1419288219813378,560990,"Running"
29252,"NIO-Worker",1419288220374368,73281,"R+"
29252,"NIO-Worker",1419288220447649,4844,"Running"
29252,"NIO-Worker",1419288220452493,117447,"S"
29252,"NIO-Worker",1419288220569940,45625,"R"
29252,"NIO-Worker",1419288220615565,25000,"Running"
29252,"NIO-Worker",1419288220640565,23021,"R+"
29252,"NIO-Worker",1419288220663586,8750,"Running"
29252,"NIO-Worker",1419288220672336,213229,"S"
29252,"NIO-Worker",1419288220885565,24428,"R"
29252,"NIO-Worker",1419288220909993,245416,"Running"
29252,"NIO-Worker",1419288221155409,265521,"S"
29252,"NIO-Worker",1419288221420930,49844,"R"
29252,"NIO-Worker",1419288221470774,32969,"Running"
29252,"NIO-Worker",1419288221503743,63541,"S"
29252,"NIO-Worker",1419288221567284,61302,"R"
29252,"NIO-Worker",1419288221628586,52500,"Running"
29252,"NIO-Worker",1419288221681086,37136,"S"
29252,"NIO-Worker",1419288221718222,25156,"R"
29252,"NIO-Worker",1419288221743378,2598958,"Running"
29252,"NIO-Worker",1419288224342336,34167,"S"
29252,"NIO-Worker",1419288224376503,14219,"R"
29252,"NIO-Worker",1419288224390722,242812,"Running"
29165,"nio-stream-prod",1419288224489315,21615,"R"
29165,"nio-stream-prod",1419288224510930,101719,"Running"
29136,"nio-webserver-r",1419288224597597,16562,"R"
29165,"nio-stream-prod",1419288224612649,112510781,"S"
29136,"nio-webserver-r",1419288224614159,253125,"Running"
29252,"NIO-Worker",1419288224633534,414341927,"S"
29136,"nio-webserver-r",1419288224867284,99896,"R+"
29136,"nio-webserver-r",1419288224967180,236406,"Running"
29136,"nio-webserver-r",1419288225203586,41965000,"S"
29136,"nio-webserver-r",1419288267168586,40417,"R"
29136,"nio-webserver-r",1419288267209003,88594,"Running"
29136,"nio-webserver-r",1419288267297597,101093,"S"
29136,"nio-webserver-r",1419288267398690,31875,"R"
29136,"nio-webserver-r",1419288267430565,163803,"Running"
29136,"nio-webserver-r",1419288267594368,21875,"R+"
29136,"nio-webserver-r",1419288267616243,9062,"Running"
29136,"nio-webserver-r",1419288267625305,534375,"S"
29136,"nio-webserver-r",1419288268159680,30729,"R"
29136,"nio-webserver-r",1419288268190409,250781,"Running"
29267,"NIO-Worker",1419288268413118,11093,"R"
29267,"NIO-Worker",1419288268424211,354219,"Running"
29136,"nio-webserver-r",1419288268441190,7775157,"S"
29267,"NIO-Worker",1419288268778430,2355000,"S"
29267,"NIO-Worker",1419288271133430,15104,"R"
29267,"NIO-Worker",1419288271148534,684584,"Running"
29267,"NIO-Worker",1419288271833118,101562,"R+"
29267,"NIO-Worker",1419288271934680,6510,"Running"
29267,"NIO-Worker",1419288271941190,31928,"S"
29267,"NIO-Worker",1419288271973118,25729,"R"
29267,"NIO-Worker",1419288271998847,46562,"Running"
29267,"NIO-Worker",1419288272045409,214896,"S"
29267,"NIO-Worker",1419288272260305,13698,"R"
29267,"NIO-Worker",1419288272274003,233021,"Running"
29267,"NIO-Worker",1419288272507024,255156,"S"
29267,"NIO-Worker",1419288272762180,77917,"R"
29267,"NIO-Worker",1419288272840097,97968,"Running"
29267,"NIO-Worker",1419288272938065,36459,"S"
29267,"NIO-Worker",1419288272974524,24219,"R"
29267,"NIO-Worker",1419288272998743,58593,"Running"
29267,"NIO-Worker",1419288273057336,50157,"S"
29267,"NIO-Worker",1419288273107493,24947,"R"
29267,"NIO-Worker",1419288273132440,435521,"Running"
29267,"NIO-Worker",1419288273567961,204844,"R"
29267,"NIO-Worker",1419288273772805,22500,"Running"
29267,"NIO-Worker",1419288273795305,10156,"R"
29267,"NIO-Worker",1419288273805461,593907,"Running"
29267,"NIO-Worker",1419288274399368,167656,"R"
29267,"NIO-Worker",1419288274567024,1473437,"Running"
29267,"NIO-Worker",1419288276040461,40313,"S"
29267,"NIO-Worker",1419288276080774,9166,"R"
29267,"NIO-Worker",1419288276089940,164584,"Running"
29136,"nio-webserver-r",1419288276216347,58125,"R"
29267,"NIO-Worker",1419288276254524,412377656,"S"
29136,"nio-webserver-r",1419288276274472,368802,"Running"
29136,"nio-webserver-r",1419288276643274,45400156,"S"
29136,"nio-webserver-r",1419288322043430,10313,"R"
29136,"nio-webserver-r",1419288322053743,262343,"Running"
29136,"nio-webserver-r",1419288322316086,52657,"S"
29136,"nio-webserver-r",1419288322368743,55260,"R"
29136,"nio-webserver-r",1419288322424003,176771,"Running"
29136,"nio-webserver-r",1419288322600774,507656,"S"
29136,"nio-webserver-r",1419288323108430,33073,"R"
29136,"nio-webserver-r",1419288323141503,398646,"Running"
29277,"NIO-Worker",1419288323494055,243073,"R"
29136,"nio-webserver-r",1419288323540149,13690000,"S"
29277,"NIO-Worker",1419288323737128,375833,"Running"
29277,"NIO-Worker",1419288324112961,8443750,"S"
29277,"NIO-Worker",1419288332556711,69063,"R"
29277,"NIO-Worker",1419288332625774,268281,"Running"
29277,"NIO-Worker",1419288332894055,27813,"S"
29277,"NIO-Worker",1419288332921868,369375,"Running"
29277,"NIO-Worker",1419288333291243,189322,"S"
29277,"NIO-Worker",1419288333480565,20938,"R"
29277,"NIO-Worker",1419288333501503,51458,"Running"
29277,"NIO-Worker",1419288333552961,226407,"S"
29277,"NIO-Worker",1419288333779368,24375,"R"
29277,"NIO-Worker",1419288333803743,212916,"Running"
29277,"NIO-Worker",1419288334016659,224531,"S"
29277,"NIO-Worker",1419288334241190,21250,"R"
29277,"NIO-Worker",1419288334262440,28803,"Running"
29277,"NIO-Worker",1419288334291243,74531,"R+"
29277,"NIO-Worker",1419288334365774,54531,"Running"
29277,"NIO-Worker",1419288334420305,35417,"R+"
29277,"NIO-Worker",1419288334455722,5989,"Running"
29277,"NIO-Worker",1419288334461711,12032,"S"
29277,"NIO-Worker",1419288334473743,23437,"R"
29277,"NIO-Worker",1419288334497180,2492969,"Running"
29277,"NIO-Worker",1419288336990149,29791,"R+"
29277,"NIO-Worker",1419288337019940,277084,"Running"
29165,"nio-stream-prod",1419288337123430,76094,"R"
29165,"nio-stream-prod",1419288337199524,21354,"Running"
29165,"nio-stream-prod",1419288337220878,8437,"R"
29165,"nio-stream-prod",1419288337229315,73803,"Running"
29136,"nio-webserver-r",1419288337230149,55573,"R"
29136,"nio-webserver-r",1419288337285722,191302,"Running"
29277,"NIO-Worker",1419288337297024,406976562,"S"
29165,"nio-stream-prod",1419288337303118,101038437,"S"
29136,"nio-webserver-r",1419288337477024,55260,"R+"
29136,"nio-webserver-r",1419288337532284,91406,"Running"
29136,"nio-webserver-r",1419288337623690,27500,"R"
29136,"nio-webserver-r",1419288337651190,158803,"Running"
29136,"nio-webserver-r",1419288337809993,38473906,"S"
29136,"nio-webserver-r",1419288376283899,10937,"R"
29136,"nio-webserver-r",1419288376294836,94844,"Running"
29136,"nio-webserver-r",1419288376389680,34010,"R+"
29136,"nio-webserver-r",1419288376423690,30209,"Running"
29136,"nio-webserver-r",1419288376453899,138073,"S"
29136,"nio-webserver-r",1419288376591972,28802,"R"
29136,"nio-webserver-r",1419288376620774,37031,"Running"
29136,"nio-webserver-r",1419288376657805,98542,"S"
29136,"nio-webserver-r",1419288376756347,33750,"R"
29136,"nio-webserver-r",1419288376790097,179427,"Running"
29136,"nio-webserver-r",1419288376969524,348073,"S"
29136,"nio-webserver-r",1419288377317597,157812,"R"
29136,"nio-webserver-r",1419288377475409,266406,"Running"
29279,"NIO-Worker",1419288377700461,47969,"R"
29136,"nio-webserver-r",1419288377741815,5571459,"S"
29279,"NIO-Worker",1419288377748430,764479,"Running"
29279,"NIO-Worker",1419288378512909,131719,"S"
29279,"NIO-Worker",1419288378644628,19583,"R"
29279,"NIO-Worker",1419288378664211,23125,"Running"
29279,"NIO-Worker",1419288378687336,226042,"S"
29279,"NIO-Worker",1419288378913378,10000,"R"
29279,"NIO-Worker",1419288378923378,210521,"Running"
29279,"NIO-Worker",1419288379133899,52031,"R+"
29279,"NIO-Worker",1419288379185930,13594,"Running"
29279,"NIO-Worker",1419288379199524,135260,"S"
29279,"NIO-Worker",1419288379334784,11250,"R"
29279,"NIO-Worker",1419288379346034,32813,"Running"
29279,"NIO-Worker",1419288379378847,57656,"S"
29279,"NIO-Worker",1419288379436503,22031,"R"
29279,"NIO-Worker",1419288379458534,35990,"Running"
29279,"NIO-Worker",1419288379494524,42916,"S"
29279,"NIO-Worker",1419288379537440,18959,"R"
29279,"NIO-Worker",1419288379556399,2519843,"Running"
29279,"NIO-Worker",1419288382076242,361198,"R"
29279,"NIO-Worker",1419288382437440,439115,"Running"
29279,"NIO-Worker",1419288382876555,85469,"R"
29279,"NIO-Worker",1419288382962024,77343,"Running"
29279,"NIO-Worker",1419288383039367,34375,"S"
29279,"NIO-Worker",1419288383073742,12813,"R"
29279,"NIO-Worker",1419288383086555,270104,"Running"
29136,"nio-webserver-r",1419288383313274,41875,"R"
29136,"nio-webserver-r",1419288383355149,194843,"Running"
29279,"NIO-Worker",1419288383356659,414435625,"S"
29136,"nio-webserver-r",1419288383549992,81407,"R+"
29136,"nio-webserver-r",1419288383631399,166354,"Running"
29136,"nio-webserver-r",1419288383797753,42902031,"S"
29136,"nio-webserver-r",1419288426699784,57083,"R"
29136,"nio-webserver-r",1419288426756867,150313,"Running"
29136,"nio-webserver-r",1419288426907180,59010,"S"
29136,"nio-webserver-r",1419288426966190,40469,"R"
29136,"nio-webserver-r",1419288427006659,206406,"Running"
29136,"nio-webserver-r",1419288427213065,548334,"S"
29136,"nio-webserver-r",1419288427761399,51562,"R"
29136,"nio-webserver-r",1419288427812961,362292,"Running"
29284,"NIO-Worker",1419288428135565,13750,"R"
29284,"NIO-Worker",1419288428149315,369271,"Running"
29136,"nio-webserver-r",1419288428175253,10259739,"S"
29284,"NIO-Worker",1419288428518586,5334844,"S"
29284,"NIO-Worker",1419288433853430,13437,"R"
29284,"NIO-Worker",1419288433866867,512657,"Running"
29284,"NIO-Worker",1419288434379524,146875,"S"
29284,"NIO-Worker",1419288434526399,16406,"R"
29284,"NIO-Worker",1419288434542805,32656,"Running"
29284,"NIO-Worker",1419288434575461,233438,"S"
29284,"NIO-Worker",1419288434808899,14843,"R"
29284,"NIO-Worker",1419288434823742,227500,"Running"
29284,"NIO-Worker",1419288435051242,242813,"S"
29284,"NIO-Worker",1419288435294055,15469,"R"
29284,"NIO-Worker",1419288435309524,29531,"Running"
29284,"NIO-Worker",1419288435339055,62656,"S"
29284,"NIO-Worker",1419288435401711,23594,"R"
29284,"NIO-Worker",1419288435425305,53594,"Running"
29284,"NIO-Worker",1419288435478899,45937,"S"
29284,"NIO-Worker",1419288435524836,88281,"R"
29284,"NIO-Worker",1419288435613117,2555782,"Running"
29284,"NIO-Worker",1419288438168899,13125,"R+"
29284,"NIO-Worker",1419288438182024,4843,"Running"
29284,"NIO-Worker",1419288438186867,15157,"S"
29284,"NIO-Worker",1419288438202024,34323,"R"
29284,"NIO-Worker",1419288438236347,258645,"Running"
29165,"nio-stream-prod",1419288438341555,33750,"R"
29165,"nio-stream-prod",1419288438375305,41562,"Running"
29165,"nio-stream-prod",1419288438416867,33073,"R"
29136,"nio-webserver-r",1419288438434992,22136,"R"
29165,"nio-stream-prod",1419288438449940,88177,"Running"
29136,"nio-webserver-r",1419288438457128,420000,"Running"
29284,"NIO-Worker",1419288438494992,407926563,"S"
29165,"nio-stream-prod",1419288438538117,108045625,"S"
29136,"nio-webserver-r",1419288438877128,43249114,"S"
29136,"nio-webserver-r",1419288482126242,164063,"R"
29136,"nio-webserver-r",1419288482290305,150781,"Running"
29136,"nio-webserver-r",1419288482441086,261354,"S"
29136,"nio-webserver-r",1419288482702440,23490,"R"
29136,"nio-webserver-r",1419288482725930,4062,"Running"
29136,"nio-webserver-r",1419288482729992,65469,"S"
29136,"nio-webserver-r",1419288482795461,15156,"R"
29136,"nio-webserver-r",1419288482810617,109011,"Running"
29136,"nio-webserver-r",1419288482919628,1476875,"S"
29136,"nio-webserver-r",1419288484396503,208802,"R"
29136,"nio-webserver-r",1419288484605305,29687,"Running"
29136,"nio-webserver-r",1419288484634992,329792,"R"
29136,"nio-webserver-r",1419288484964784,113333,"Running"
29136,"nio-webserver-r",1419288485078117,92292,"R"
29136,"nio-webserver-r",1419288485170409,199896,"Running"
29285,"NIO-Worker",1419288485324680,22031,"R"
29285,"NIO-Worker",1419288485346711,349479,"Running"
29136,"nio-webserver-r",1419288485370305,6564635,"S"
29285,"NIO-Worker",1419288485696190,1990313,"S"
29285,"NIO-Worker",1419288487686503,15521,"R"
29285,"NIO-Worker",1419288487702024,387812,"Running"
29285,"NIO-Worker",1419288488089836,6563,"R"
29285,"NIO-Worker",1419288488096399,108437,"Running"
29285,"NIO-Worker",1419288488204836,33438,"R+"
29285,"NIO-Worker",1419288488238274,5104,"Running"
29285,"NIO-Worker",1419288488243378,100208,"S"
29285,"NIO-Worker",1419288488343586,12188,"R"
29285,"NIO-Worker",1419288488355774,36250,"Running"
29285,"NIO-Worker",1419288488392024,200468,"S"
29285,"NIO-Worker",1419288488592492,14323,"R"
29285,"NIO-Worker",1419288488606815,187240,"Running"
29285,"NIO-Worker",1419288488794055,247344,"S"
29285,"NIO-Worker",1419288489041399,14166,"R"
29285,"NIO-Worker",1419288489055565,15834,"Running"
29285,"NIO-Worker",1419288489071399,60781,"S"
29285,"NIO-Worker",1419288489132180,14323,"R"
29285,"NIO-Worker",1419288489146503,37708,"Running"
29285,"NIO-Worker",1419288489184211,44219,"S"
29285,"NIO-Worker",1419288489228430,13125,"R"
29285,"NIO-Worker",1419288489241555,1927812,"Running"
29285,"NIO-Worker",1419288491169367,15105,"R"
29285,"NIO-Worker",1419288491184472,601406,"Running"
29285,"NIO-Worker",1419288491785878,24739,"S"
29285,"NIO-Worker",1419288491810617,11823,"R"
29285,"NIO-Worker",1419288491822440,146927,"Running"
29136,"nio-webserver-r",1419288491934940,34427,"R"
29136,"nio-webserver-r",1419288491969367,287969,"Running"
29285,"NIO-Worker",1419288491969367,410618125,"S"
29136,"nio-webserver-r",1419288492257336,42500,"R+"
29136,"nio-webserver-r",1419288492299836,70000,"Running"
29136,"nio-webserver-r",1419288492369836,40537344,"S"
29136,"nio-webserver-r",1419288532907180,53594,"R"
29136,"nio-webserver-r",1419288532960774,155781,"Running"
29136,"nio-webserver-r",1419288533116555,48750,"R+"
29136,"nio-webserver-r",1419288533165305,20781,"Running"
29136,"nio-webserver-r",1419288533186086,155938,"S"
29136,"nio-webserver-r",1419288533342024,94948,"R"
29136,"nio-webserver-r",1419288533436972,92656,"Running"
29136,"nio-webserver-r",1419288533529628,71771,"R"
29136,"nio-webserver-r",1419288533601399,104062,"Running"
29136,"nio-webserver-r",1419288533705461,697344,"S"
29136,"nio-webserver-r",1419288534402805,34219,"R"
29136,"nio-webserver-r",1419288534437024,357656,"Running"
29286,"NIO-Worker",1419288534718065,60365,"R"
29286,"NIO-Worker",1419288534778430,307187,"Running"
29136,"nio-webserver-r",1419288534794680,11911250,"S"
29286,"NIO-Worker",1419288535085617,6953125,"S"
29286,"NIO-Worker",1419288542038742,48282,"R"
29286,"NIO-Worker",1419288542087024,434843,"Running"
29286,"NIO-Worker",1419288542521867,138855,"S"
29286,"NIO-Worker",1419288542660722,13645,"R"
29286,"NIO-Worker",1419288542674367,59063,"Running"
29286,"NIO-Worker",1419288542733430,248073,"S"
29286,"NIO-Worker",1419288542981503,16302,"R"
29286,"NIO-Worker",1419288542997805,241562,"Running"
29286,"NIO-Worker",1419288543239367,282657,"S"
29286,"NIO-Worker",1419288543522024,31354,"R"
29286,"NIO-Worker",1419288543553378,19739,"Running"
29286,"NIO-Worker",1419288543573117,66719,"S"
29286,"NIO-Worker",1419288543639836,41042,"R"
29286,"NIO-Worker",1419288543680878,79427,"Running"
29286,"NIO-Worker",1419288543760305,43281,"S"
29286,"NIO-Worker",1419288543803586,23386,"R"
29286,"NIO-Worker",1419288543826972,2587187,"Running"
29286,"NIO-Worker",1419288546414159,28958,"S"
29286,"NIO-Worker",1419288546443117,37813,"R"
29286,"NIO-Worker",1419288546480930,266094,"Running"
29165,"nio-stream-prod",1419288546583742,50469,"R"
29165,"nio-stream-prod",1419288546634211,104479,"Running"
29136,"nio-webserver-r",1419288546705930,16250,"R"
29136,"nio-webserver-r",1419288546722180,466562,"Running"
29165,"nio-stream-prod",1419288546738690,98114740,"S"
29286,"NIO-Worker",1419288546747024,405851354,"S"
29136,"nio-webserver-r",1419288547188742,36268907,"S"
29136,"nio-webserver-r",1419288583457649,113541,"R"
29136,"nio-webserver-r",1419288583571190,134896,"Running"
29136,"nio-webserver-r",1419288583706086,71406,"S"
29136,"nio-webserver-r",1419288583777492,7969,"R"
29136,"nio-webserver-r",1419288583785461,3854,"Running"
29136,"nio-webserver-r",1419288583789315,46875,"S"
29136,"nio-webserver-r",1419288583836190,32709,"R"
29136,"nio-webserver-r",1419288583868899,118593,"Running"
29136,"nio-webserver-r",1419288583987492,653125,"S"
29136,"nio-webserver-r",1419288584640617,98750,"R"
29136,"nio-webserver-r",1419288584739367,98855,"Running"
29136,"nio-webserver-r",1419288584838222,28281,"R"
29136,"nio-webserver-r",1419288584866503,68802,"Running"
29136,"nio-webserver-r",1419288584935305,51250,"R"
29136,"nio-webserver-r",1419288584986555,225312,"Running"
29138,"NIO-Worker",1419288585161659,14688,"R"
29138,"NIO-Worker",1419288585176347,308906,"Running"
29136,"nio-webserver-r",1419288585211867,9408386,"S"
29138,"NIO-Worker",1419288585485253,3889583,"S"
29138,"NIO-Worker",1419288589374836,170261,"R"
29138,"NIO-Worker",1419288589545097,245000,"Running"
29138,"NIO-Worker",1419288589790097,26770,"S"
29138,"NIO-Worker",1419288589816867,8438,"Running"
29138,"NIO-Worker",1419288589825305,14062,"S"
29138,"NIO-Worker",1419288589839367,328125,"Running"
29138,"NIO-Worker",1419288590167492,349532,"S"
29138,"NIO-Worker",1419288590517024,54218,"R"
29138,"NIO-Worker",1419288590571242,7813,"Running"
29138,"NIO-Worker",1419288590579055,40260,"R"
29138,"NIO-Worker",1419288590619315,34271,"Running"
29138,"NIO-Worker",1419288590653586,489844,"S"
29138,"NIO-Worker",1419288591143430,11823,"R"
29138,"NIO-Worker",1419288591155253,236146,"Running"
29138,"NIO-Worker",1419288591391399,65312,"R+"
29138,"NIO-Worker",1419288591456711,8125,"Running"
29138,"NIO-Worker",1419288591464836,176719,"S"
29138,"NIO-Worker",1419288591641555,11406,"R"
29138,"NIO-Worker",1419288591652961,19167,"Running"
29138,"NIO-Worker",1419288591672128,66146,"S"
29138,"NIO-Worker",1419288591738274,13906,"R"
29138,"NIO-Worker",1419288591752180,60625,"Running"
29138,"NIO-Worker",1419288591812805,68750,"S"
29138,"NIO-Worker",1419288591881555,19062,"R"
29138,"NIO-Worker",1419288591900617,1028230,"Running"
29138,"NIO-Worker",1419288592928847,28333,"R"
29138,"NIO-Worker",1419288592957180,1460781,"Running"
29138,"NIO-Worker",1419288594417961,20781,"S"
29138,"NIO-Worker",1419288594438742,28698,"R"
29138,"NIO-Worker",1419288594467440,193646,"Running"
29136,"nio-webserver-r",1419288594620253,22708,"R"
29136,"nio-webserver-r",1419288594642961,382761,"Running"
29138,"NIO-Worker",1419288594661086,410772031,"S"
29136,"nio-webserver-r",1419288595025722,40833,"R+"
29136,"nio-webserver-r",1419288595066555,15469,"Running"
29136,"nio-webserver-r",1419288595082024,7343,"R+"
29136,"nio-webserver-r",1419288595089367,41875,"Running"
29136,"nio-webserver-r",1419288595131242,42714219,"S"
29136,"nio-webserver-r",1419288637845461,51511,"R"
29136,"nio-webserver-r",1419288637896972,409583,"Running"
29136,"nio-webserver-r",1419288638306555,12604,"R+"
29136,"nio-webserver-r",1419288638319159,27396,"Running"
29136,"nio-webserver-r",1419288638346555,8281,"S"
29136,"nio-webserver-r",1419288638354836,43281,"R"
29136,"nio-webserver-r",1419288638398117,6823,"Running"
29136,"nio-webserver-r",1419288638404940,29115,"R"
29136,"nio-webserver-r",1419288638434055,152292,"Running"
29136,"nio-webserver-r",1419288638586347,60364,"S"
29136,"nio-webserver-r",1419288638646711,41094,"R"
29136,"nio-webserver-r",1419288638687805,320312,"Running"
29252,"NIO-Worker",1419288638975461,15261,"R"
29252,"NIO-Worker",1419288638990722,301250,"Running"
29136,"nio-webserver-r",1419288639008117,5928750,"S"
29252,"NIO-Worker",1419288639291972,1252239,"S"
29252,"NIO-Worker",1419288640544211,19479,"R"
29252,"NIO-Worker",1419288640563690,195157,"Running"
29252,"NIO-Worker",1419288640758847,20937,"R"
29252,"NIO-Worker",1419288640779784,95365,"Running"
29252,"NIO-Worker",1419288640875149,16093,"R"
29252,"NIO-Worker",1419288640891242,282344,"Running"
29252,"NIO-Worker",1419288641173586,127761,"S"
29252,"NIO-Worker",1419288641301347,16145,"R"
29252,"NIO-Worker",1419288641317492,31980,"Running"
29252,"NIO-Worker",1419288641349472,21145,"R+"
29252,"NIO-Worker",1419288641370617,6511,"Running"
29252,"NIO-Worker",1419288641377128,167239,"S"
29252,"NIO-Worker",1419288641544367,50886,"R"
29252,"NIO-Worker",1419288641595253,198333,"Running"
29252,"NIO-Worker",1419288641793586,196667,"S"
29252,"NIO-Worker",1419288641990253,23281,"R"
29252,"NIO-Worker",1419288642013534,35052,"Running"
29252,"NIO-Worker",1419288642048586,58125,"S"
29252,"NIO-Worker",1419288642106711,25313,"R"
29252,"NIO-Worker",1419288642132024,55937,"Running"
29252,"NIO-Worker",1419288642187961,36719,"S"
29252,"NIO-Worker",1419288642224680,16042,"R"
29252,"NIO-Worker",1419288642240722,2449270,"Running"
29252,"NIO-Worker",1419288644689992,21250,"S"
29252,"NIO-Worker",1419288644711242,14480,"R"
29252,"NIO-Worker",1419288644725722,265208,"Running"
29165,"nio-stream-prod",1419288644853430,71406,"R"
29165,"nio-stream-prod",1419288644924836,90938,"Running"
29136,"nio-webserver-r",1419288644936867,55313,"R"
29252,"NIO-Worker",1419288644990930,413845468,"S"
29136,"nio-webserver-r",1419288644992180,337760,"Running"
29165,"nio-stream-prod",1419288645015774,104095729,"S"
29136,"nio-webserver-r",1419288645329940,42552,"R+"
29136,"nio-webserver-r",1419288645372492,81250,"Running"
29136,"nio-webserver-r",1419288645453742,42036563,"S"
29136,"nio-webserver-r",1419288687490305,25260,"R"
29136,"nio-webserver-r",1419288687515565,179896,"Running"
29136,"nio-webserver-r",1419288687695461,100469,"S"
29136,"nio-webserver-r",1419288687795930,25260,"R"
29136,"nio-webserver-r",1419288687821190,5365,"Running"
29136,"nio-webserver-r",1419288687826555,82031,"S"
29136,"nio-webserver-r",1419288687908586,64844,"R"
29136,"nio-webserver-r",1419288687973430,183594,"Running"
29136,"nio-webserver-r",1419288688157024,125000,"S"
29136,"nio-webserver-r",1419288688282024,66562,"R"
29136,"nio-webserver-r",1419288688348586,332448,"Running"
29267,"NIO-Worker",1419288688632180,31875,"R"
29267,"NIO-Worker",1419288688664055,324010,"Running"
29136,"nio-webserver-r",1419288688681034,6300677,"S"
29267,"NIO-Worker",1419288688988065,1025990,"S"
29267,"NIO-Worker",1419288690014055,12187,"R"
29267,"NIO-Worker",1419288690026242,62500,"Running"
29267,"NIO-Worker",1419288690088742,34688,"R"
29267,"NIO-Worker",1419288690123430,20885,"Running"
29267,"NIO-Worker",1419288690144315,43021,"R"
29267,"NIO-Worker",1419288690187336,114688,"Running"
29267,"NIO-Worker",1419288690302024,65937,"S"
29267,"NIO-Worker",1419288690367961,59531,"R"
29267,"NIO-Worker",1419288690427492,51875,"Running"
29267,"NIO-Worker",1419288690479367,72188,"R+"
29267,"NIO-Worker",1419288690551555,249010,"Running"
29267,"NIO-Worker",1419288690800565,385365,"S"
29267,"NIO-Worker",1419288691185930,25573,"R"
29267,"NIO-Worker",1419288691211503,41458,"Running"
29267,"NIO-Worker",1419288691252961,225625,"S"
29267,"NIO-Worker",1419288691478586,46042,"R"
29267,"NIO-Worker",1419288691524628,203750,"Running"
29267,"NIO-Worker",1419288691728378,233281,"S"
29267,"NIO-Worker",1419288691961659,65365,"R"
29267,"NIO-Worker",1419288692027024,14062,"Running"
29267,"NIO-Worker",1419288692041086,46250,"S"
29267,"NIO-Worker",1419288692087336,21667,"R"
29267,"NIO-Worker",1419288692109003,70677,"Running"
29267,"NIO-Worker",1419288692179680,45937,"S"
29267,"NIO-Worker",1419288692225617,36563,"R"
29267,"NIO-Worker",1419288692262180,2487812,"Running"
29267,"NIO-Worker",1419288694749992,7969,"R+"
29267,"NIO-Worker",1419288694757961,6250,"Running"
29267,"NIO-Worker",1419288694764211,7656,"S"
29267,"NIO-Worker",1419288694771867,10782,"R"
29267,"NIO-Worker",1419288694782649,237448,"Running"
29136,"nio-webserver-r",1419288694981711,18281,"R"
29136,"nio-webserver-r",1419288694999992,368542,"Running"
29267,"NIO-Worker",1419288695020097,418425989,"S"
29136,"nio-webserver-r",1419288695368534,46615,"R+"
29136,"nio-webserver-r",1419288695415149,68385,"Running"
29136,"nio-webserver-r",1419288695483534,47494740,"S"
29136,"nio-webserver-r",1419288742978274,53125,"R"
29136,"nio-webserver-r",1419288743031399,130156,"Running"
29136,"nio-webserver-r",1419288743161555,18437,"S"
29136,"nio-webserver-r",1419288743179992,12813,"R"
29136,"nio-webserver-r",1419288743192805,4948,"Running"
29136,"nio-webserver-r",1419288743197753,15625,"S"
29136,"nio-webserver-r",1419288743213378,10625,"R"
29136,"nio-webserver-r",1419288743224003,171250,"Running"
29136,"nio-webserver-r",1419288743395253,554219,"S"
29136,"nio-webserver-r",1419288743949472,62968,"R"
29136,"nio-webserver-r",1419288744012440,288646,"Running"
29277,"NIO-Worker",1419288744273586,11979,"R"
29277,"NIO-Worker",1419288744285565,290209,"Running"
29136,"nio-webserver-r",1419288744301086,5122136,"S"
29277,"NIO-Worker",1419288744575774,135885,"S"
29277,"NIO-Worker",1419288744711659,18594,"R"
29277,"NIO-Worker",1419288744730253,464739,"Running"
29277,"NIO-Worker",1419288745194992,68594,"R+"
29277,"NIO-Worker",1419288745263586,5625,"Running"
29277,"NIO-Worker",1419288745269211,51406,"S"
29277,"NIO-Worker",1419288745320617,25105,"R"
29277,"NIO-Worker",1419288745345722,54583,"Running"
29277,"NIO-Worker",1419288745400305,70625,"R+"
29277,"NIO-Worker",1419288745470930,4479,"Running"
29277,"NIO-Worker",1419288745475409,109688,"S"
29277,"NIO-Worker",1419288745585097,14114,"R"
29277,"NIO-Worker",1419288745599211,201563,"Running"
29277,"NIO-Worker",1419288745800774,262812,"S"
29277,"NIO-Worker",1419288746063586,30313,"R"
29277,"NIO-Worker",1419288746093899,13906,"Running"
29277,"NIO-Worker",1419288746107805,58437,"S"
29277,"NIO-Worker",1419288746166242,14063,"R"
29277,"NIO-Worker",1419288746180305,231198,"Running"
29277,"NIO-Worker",1419288746411503,33750,"S"
29277,"NIO-Worker",1419288746445253,22396,"R"
29277,"NIO-Worker",1419288746467649,2428750,"Running"
29277,"NIO-Worker",1419288748896399,46406,"R"
29277,"NIO-Worker",1419288748942805,34687,"Running"
29277,"NIO-Worker",1419288748977492,27605,"S"
29277,"NIO-Worker",1419288749005097,14895,"R"
29277,"NIO-Worker",1419288749019992,99636,"Running"
29165,"nio-stream-prod",1419288749111503,82083,"R"
29277,"NIO-Worker",1419288749119628,232396,"R+"
29165,"nio-stream-prod",1419288749193586,85156,"Running"
29165,"nio-stream-prod",1419288749278742,25469,"R"
29165,"nio-stream-prod",1419288749304211,99844,"Running"
29277,"NIO-Worker",1419288749352024,120416,"Running"
29165,"nio-stream-prod",1419288749404055,104223906,"S"
29136,"nio-webserver-r",1419288749423222,29583,"R"
29136,"nio-webserver-r",1419288749452805,351562,"Running"
29277,"NIO-Worker",1419288749472440,418075990,"S"
29136,"nio-webserver-r",1419288749804367,39844,"R"
29136,"nio-webserver-r",1419288749844211,30000,"Running"
29136,"nio-webserver-r",1419288749874211,46610104,"S"
29136,"nio-webserver-r",1419288796484315,87344,"R"
29136,"nio-webserver-r",1419288796571659,138490,"Running"
29136,"nio-webserver-r",1419288796710149,201093,"S"
29136,"nio-webserver-r",1419288796911242,59532,"R"
29136,"nio-webserver-r",1419288796970774,185781,"Running"
29136,"nio-webserver-r",1419288797156555,284844,"S"
29136,"nio-webserver-r",1419288797441399,42500,"R"
29136,"nio-webserver-r",1419288797483899,362500,"Running"
29279,"NIO-Worker",1419288797792284,85156,"R"
29136,"nio-webserver-r",1419288797846399,8117343,"S"
29279,"NIO-Worker",1419288797877440,395365,"Running"
29279,"NIO-Worker",1419288798272805,2518698,"S"
29279,"NIO-Worker",1419288800791503,33177,"R"
29279,"NIO-Worker",1419288800824680,245312,"Running"
29279,"NIO-Worker",1419288801069992,86979,"S"
29279,"NIO-Worker",1419288801156971,29375,"R"
29279,"NIO-Worker",1419288801186346,308282,"Running"
29279,"NIO-Worker",1419288801494628,240468,"R+"
29279,"NIO-Worker",1419288801735096,70521,"Running"
29279,"NIO-Worker",1419288801805617,268750,"S"
29279,"NIO-Worker",1419288802074367,31198,"R"
29279,"NIO-Worker",1419288802105565,192188,"Running"
29279,"NIO-Worker",1419288802297753,238958,"S"
29279,"NIO-Worker",1419288802536711,27604,"R"
29279,"NIO-Worker",1419288802564315,28125,"Running"
29279,"NIO-Worker",1419288802592440,40834,"S"
29279,"NIO-Worker",1419288802633274,68906,"R"
29279,"NIO-Worker",1419288802702180,87031,"Running"
29279,"NIO-Worker",1419288802789211,67500,"S"
29279,"NIO-Worker",1419288802856711,59219,"R"
29279,"NIO-Worker",1419288802915930,503541,"Running"
29279,"NIO-Worker",1419288803419471,47813,"R"
29279,"NIO-Worker",1419288803467284,19115,"Running"
29279,"NIO-Worker",1419288803486399,10000,"R"
29279,"NIO-Worker",1419288803496399,1417291,"Running"
29279,"NIO-Worker",1419288804913690,54896,"R"
29279,"NIO-Worker",1419288804968586,820729,"Running"
29279,"NIO-Worker",1419288805789315,20677,"S"
29279,"NIO-Worker",1419288805809992,19636,"R"
29279,"NIO-Worker",1419288805829628,171302,"Running"
29136,"nio-webserver-r",1419288805963742,20157,"R"
29136,"nio-webserver-r",1419288805983899,331562,"Running"
29279,"NIO-Worker",1419288806000930,413139166,"S"
29136,"nio-webserver-r",1419288806315461,38952604,"S"
29136,"nio-webserver-r",1419288845268065,27969,"R"
29136,"nio-webserver-r",1419288845296034,138750,"Running"
29136,"nio-webserver-r",1419288845434784,182812,"S"
29136,"nio-webserver-r",1419288845617596,29115,"R"
29136,"nio-webserver-r",1419288845646711,5156,"Running"
29136,"nio-webserver-r",1419288845651867,13125,"S"
29136,"nio-webserver-r",1419288845664992,164532,"Running"
29136,"nio-webserver-r",1419288845829524,257760,"S"
29136,"nio-webserver-r",1419288846087284,50833,"R"
29136,"nio-webserver-r",1419288846138117,315782,"Running"
29284,"NIO-Worker",1419288846421555,24166,"R"
29284,"NIO-Worker",1419288846445721,324271,"Running"
29136,"nio-webserver-r",1419288846453899,7360416,"S"
29284,"NIO-Worker",1419288846769992,2193907,"S"
29284,"NIO-Worker",1419288848963899,416250,"R"
29284,"NIO-Worker",1419288849380149,409218,"Running"
29284,"NIO-Worker",1419288849789367,135000,"R+"
29284,"NIO-Worker",1419288849924367,22136,"Running"
29284,"NIO-Worker",1419288849946503,188437,"S"
29284,"NIO-Worker",1419288850134940,8125,"R"
29284,"NIO-Worker",1419288850143065,192084,"Running"
29284,"NIO-Worker",1419288850335149,11562,"R+"
29284,"NIO-Worker",1419288850346711,6563,"Running"
29284,"NIO-Worker",1419288850353274,193906,"S"
29284,"NIO-Worker",1419288850547180,10937,"R"
29284,"NIO-Worker",1419288850558117,21407,"Running"
29284,"NIO-Worker",1419288850579524,59947,"S"
29284,"NIO-Worker",1419288850639471,16459,"R"
29284,"NIO-Worker",1419288850655930,37604,"Running"
29284,"NIO-Worker",1419288850693534,41615,"S"
29284,"NIO-Worker",1419288850735149,17760,"R"
29284,"NIO-Worker",1419288850752909,201094,"Running"
29284,"NIO-Worker",1419288850954003,8646,"R"
29284,"NIO-Worker",1419288850962649,1930312,"Running"
29284,"NIO-Worker",1419288852892961,10260,"R+"
29284,"NIO-Worker",1419288852903221,404532,"Running"
29284,"NIO-Worker",1419288853307753,32708,"S"
29284,"NIO-Worker",1419288853340461,23073,"R"
29284,"NIO-Worker",1419288853363534,495677,"Running"
29165,"nio-stream-prod",1419288853627961,32917,"R"
29165,"nio-stream-prod",1419288853660878,78802,"Running"
29165,"nio-stream-prod",1419288853739680,106315312,"S"
29136,"nio-webserver-r",1419288853814315,44896,"R"
29136,"nio-webserver-r",1419288853859211,524635,"Running"
29284,"NIO-Worker",1419288853859211,418044219,"S"
29136,"nio-webserver-r",1419288854383846,63959,"R+"
29136,"nio-webserver-r",1419288854447805,246875,"Running"
29136,"nio-webserver-r",1419288854694680,46561041,"S"
29136,"nio-webserver-r",1419288901255721,86407,"R"
29136,"nio-webserver-r",1419288901342128,234271,"Running"
29136,"nio-webserver-r",1419288901576399,33854,"S"
29136,"nio-webserver-r",1419288901610253,47239,"R"
29136,"nio-webserver-r",1419288901657492,67292,"Running"
29136,"nio-webserver-r",1419288901724784,72396,"R"
29136,"nio-webserver-r",1419288901797180,117344,"Running"
29136,"nio-webserver-r",1419288901914524,321093,"S"
29136,"nio-webserver-r",1419288902235617,37813,"R"
29136,"nio-webserver-r",1419288902273430,352604,"Running"
29285,"NIO-Worker",1419288902587492,15782,"R"
29285,"NIO-Worker",1419288902603274,340260,"Running"
29136,"nio-webserver-r",1419288902626034,8788021,"S"
29285,"NIO-Worker",1419288902943534,3782865,"S"
29285,"NIO-Worker",1419288906726399,40572,"R"
29285,"NIO-Worker",1419288906766971,217396,"Running"
29285,"NIO-Worker",1419288906984367,26407,"S"
29285,"NIO-Worker",1419288907010774,31250,"Running"
29285,"NIO-Worker",1419288907042024,13593,"S"
29285,"NIO-Worker",1419288907055617,272448,"Running"
29285,"NIO-Worker",1419288907328065,17188,"R+"
29285,"NIO-Worker",1419288907345253,7396,"Running"
29285,"NIO-Worker",1419288907352649,143437,"S"
29285,"NIO-Worker",1419288907496086,183125,"R"
29285,"NIO-Worker",1419288907679211,39323,"Running"
29285,"NIO-Worker",1419288907718534,105208,"R+"
29285,"NIO-Worker",1419288907823742,4688,"Running"
29285,"NIO-Worker",1419288907828430,137500,"S"
29285,"NIO-Worker",1419288907965930,20781,"R"
29285,"NIO-Worker",1419288907986711,217031,"Running"
29285,"NIO-Worker",1419288908203742,32188,"R+"
29285,"NIO-Worker",1419288908235930,4219,"Running"
29285,"NIO-Worker",1419288908240149,234791,"S"
29285,"NIO-Worker",1419288908474940,10677,"R"
29285,"NIO-Worker",1419288908485617,26979,"Running"
29285,"NIO-Worker",1419288908512596,37657,"S"
29285,"NIO-Worker",1419288908550253,18281,"R"
29285,"NIO-Worker",1419288908568534,62396,"Running"
29285,"NIO-Worker",1419288908630930,44844,"S"
29285,"NIO-Worker",1419288908675774,14062,"R"
29285,"NIO-Worker",1419288908689836,2528385,"Running"
29285,"NIO-Worker",1419288911218221,33021,"S"
29285,"NIO-Worker",1419288911251242,16250,"R"
29285,"NIO-Worker",1419288911267492,181563,"Running"
29136,"nio-webserver-r",1419288911414055,10937,"R"
29136,"nio-webserver-r",1419288911424992,326354,"Running"
29285,"NIO-Worker",1419288911449055,410454948,"S"
29136,"nio-webserver-r",1419288911751346,39522657,"S"
29136,"nio-webserver-r",1419288951274003,36927,"R"
29136,"nio-webserver-r",1419288951310930,110000,"Running"
29136,"nio-webserver-r",1419288951420930,88750,"S"
29136,"nio-webserver-r",1419288951509680,33594,"R"
29136,"nio-webserver-r",1419288951543274,178697,"Running"
29136,"nio-webserver-r",1419288951721971,534271,"S"
29136,"nio-webserver-r",1419288952256242,43594,"R"
29136,"nio-webserver-r",1419288952299836,325625,"Running"
29286,"NIO-Worker",1419288952598378,11875,"R"
29286,"NIO-Worker",1419288952610253,338646,"Running"
29136,"nio-webserver-r",1419288952625461,7534219,"S"
29286,"NIO-Worker",1419288952948899,2767656,"S"
29286,"NIO-Worker",1419288955716555,13385,"R"
29286,"NIO-Worker",1419288955729940,199740,"Running"
29286,"NIO-Worker",1419288955929680,16510,"S"
29286,"NIO-Worker",1419288955946190,230781,"Running"
29286,"NIO-Worker",1419288956176971,130521,"S"
29286,"NIO-Worker",1419288956307492,17032,"R"
29286,"NIO-Worker",1419288956324524,39479,"Running"
29286,"NIO-Worker",1419288956364003,197552,"S"
29286,"NIO-Worker",1419288956561555,21354,"R"
29286,"NIO-Worker",1419288956582909,91406,"Running"
29286,"NIO-Worker",1419288956674315,15781,"R"
29286,"NIO-Worker",1419288956690096,118178,"Running"
29286,"NIO-Worker",1419288956808274,309531,"S"
29286,"NIO-Worker",1419288957117805,14844,"R"
29286,"NIO-Worker",1419288957132649,20312,"Running"
29286,"NIO-Worker",1419288957152961,33750,"R+"
29286,"NIO-Worker",1419288957186711,10469,"Running"
29286,"NIO-Worker",1419288957197180,1198,"S"
29286,"NIO-Worker",1419288957198378,22083,"R"
29286,"NIO-Worker",1419288957220461,43281,"Running"
29286,"NIO-Worker",1419288957263742,42448,"S"
29286,"NIO-Worker",1419288957306190,12709,"R"
29286,"NIO-Worker",1419288957318899,216510,"Running"
29286,"NIO-Worker",1419288957535409,89583,"R"
29286,"NIO-Worker",1419288957624992,2258854,"Running"
29286,"NIO-Worker",1419288959883846,33178,"S"
29286,"NIO-Worker",1419288959917024,15937,"R"
29286,"NIO-Worker",1419288959932961,264375,"Running"
29165,"nio-stream-prod",1419288960054992,29011,"R"
29165,"nio-stream-prod",1419288960084003,80677,"Running"
29136,"nio-webserver-r",1419288960159680,37656,"R"
29165,"nio-stream-prod",1419288960164680,106868281,"S"
29136,"nio-webserver-r",1419288960197336,379844,"Running"
29286,"NIO-Worker",1419288960197336,416095885,"S"
29136,"nio-webserver-r",1419288960577180,43697344,"S"
29136,"nio-webserver-r",1419289004274524,37968,"R"
29136,"nio-webserver-r",1419289004312492,375938,"Running"
29136,"nio-webserver-r",1419289004688430,11354,"R+"
29136,"nio-webserver-r",1419289004699784,67500,"Running"
29136,"nio-webserver-r",1419289004767284,17812,"S"
29136,"nio-webserver-r",1419289004785096,82709,"R"
29136,"nio-webserver-r",1419289004867805,152448,"Running"
29136,"nio-webserver-r",1419289005020253,120208,"S"
29136,"nio-webserver-r",1419289005140461,37969,"R"
29136,"nio-webserver-r",1419289005178430,290000,"Running"
29138,"NIO-Worker",1419289005433117,16094,"R"
29138,"NIO-Worker",1419289005449211,327969,"Running"
29136,"nio-webserver-r",1419289005468430,7988906,"S"
29138,"NIO-Worker",1419289005777180,3231666,"S"
29138,"NIO-Worker",1419289009008846,20834,"R"
29138,"NIO-Worker",1419289009029680,200156,"Running"
29138,"NIO-Worker",1419289009229836,8438,"S"
29138,"NIO-Worker",1419289009238274,14479,"R"
29138,"NIO-Worker",1419289009252753,273802,"Running"
29138,"NIO-Worker",1419289009526555,130625,"S"
29138,"NIO-Worker",1419289009657180,15104,"R"
29138,"NIO-Worker",1419289009672284,41458,"Running"
29138,"NIO-Worker",1419289009713742,194479,"S"
29138,"NIO-Worker",1419289009908221,16303,"R"
29138,"NIO-Worker",1419289009924524,194218,"Running"
29138,"NIO-Worker",1419289010118742,242969,"S"
29138,"NIO-Worker",1419289010361711,21250,"R"
29138,"NIO-Worker",1419289010382961,20313,"Running"
29138,"NIO-Worker",1419289010403274,63125,"S"
29138,"NIO-Worker",1419289010466399,16093,"R"
29138,"NIO-Worker",1419289010482492,46563,"Running"
29138,"NIO-Worker",1419289010529055,47031,"S"
29138,"NIO-Worker",1419289010576086,15625,"R"
29138,"NIO-Worker",1419289010591711,1375000,"Running"
29138,"NIO-Worker",1419289011966711,11198,"R+"
29138,"NIO-Worker",1419289011977909,28437,"Running"
29138,"NIO-Worker",1419289012006346,11094,"R"
29138,"NIO-Worker",1419289012017440,887240,"Running"
29138,"NIO-Worker",1419289012904680,8750,"R"
29138,"NIO-Worker",1419289012913430,13541,"Running"
29138,"NIO-Worker",1419289012926971,52553,"R"
29138,"NIO-Worker",1419289012979524,233750,"Running"
29138,"NIO-Worker",1419289013213274,30572,"S"
29138,"NIO-Worker",1419289013243846,17709,"R"
29138,"NIO-Worker",1419289013261555,234479,"Running"
29136,"nio-webserver-r",1419289013457336,17448,"R"
29136,"nio-webserver-r",1419289013474784,200000,"Running"
29138,"NIO-Worker",1419289013496034,417046250,"S"
29136,"nio-webserver-r",1419289013674784,70469,"R+"
29136,"nio-webserver-r",1419289013745253,175677,"Running"
29136,"nio-webserver-r",1419289013920930,43506875,"S"
29136,"nio-webserver-r",1419289057427805,423750,"R"
29136,"nio-webserver-r",1419289057851555,97604,"Running"
29136,"nio-webserver-r",1419289057949159,71719,"S"
29136,"nio-webserver-r",1419289058020878,60052,"R"
29136,"nio-webserver-r",1419289058080930,9218,"Running"
29136,"nio-webserver-r",1419289058090148,37605,"R"
29136,"nio-webserver-r",1419289058127753,112864,"Running"
29136,"nio-webserver-r",1419289058240617,58854,"R"
29136,"nio-webserver-r",1419289058299471,10834,"Running"
29136,"nio-webserver-r",1419289058310305,25573,"R"
29136,"nio-webserver-r",1419289058335878,40989,"Running"
29136,"nio-webserver-r",1419289058376867,76406,"S"
29136,"nio-webserver-r",1419289058453273,63698,"R"
29136,"nio-webserver-r",1419289058516971,8334,"Running"
29136,"nio-webserver-r",1419289058525305,30156,"R"
29136,"nio-webserver-r",1419289058555461,312760,"Running"
29252,"NIO-Worker",1419289058836398,35105,"R"
29136,"nio-webserver-r",1419289058868221,9115,"R+"
29252,"NIO-Worker",1419289058871503,338177,"Running"
29136,"nio-webserver-r",1419289058877336,42760,"Running"
29136,"nio-webserver-r",1419289058920096,8214271,"S"
29252,"NIO-Worker",1419289059209680,3213437,"S"
29252,"NIO-Worker",1419289062423117,27500,"R"
29252,"NIO-Worker",1419289062450617,403750,"Running"
29252,"NIO-Worker",1419289062854367,4792,"R"
29252,"NIO-Worker",1419289062859159,58281,"Running"
29252,"NIO-Worker",1419289062917440,136771,"S"
29252,"NIO-Worker",1419289063054211,17656,"R"
29252,"NIO-Worker",1419289063071867,21563,"Running"
29252,"NIO-Worker",1419289063093430,52656,"R+"
29252,"NIO-Worker",1419289063146086,9948,"Running"
29252,"NIO-Worker",1419289063156034,138646,"S"
29252,"NIO-Worker",1419289063294680,26250,"R"
29252,"NIO-Worker",1419289063320930,217343,"Running"
29252,"NIO-Worker",1419289063538273,208282,"S"
29252,"NIO-Worker",1419289063746555,13437,"R"
29252,"NIO-Worker",1419289063759992,30781,"Running"
29252,"NIO-Worker",1419289063790773,67969,"S"
29252,"NIO-Worker",1419289063858742,14479,"R"
29252,"NIO-Worker",1419289063873221,38750,"Running"
29252,"NIO-Worker",1419289063911971,36615,"S"
29252,"NIO-Worker",1419289063948586,13542,"R"
29252,"NIO-Worker",1419289063962128,971458,"Running"
29252,"NIO-Worker",1419289064933586,16823,"R"
29252,"NIO-Worker",1419289064950409,17864,"Running"
29252,"NIO-Worker",1419289064968273,100417,"R"
29252,"NIO-Worker",1419289065068690,236875,"Running"
29252,"NIO-Worker",1419289065305565,11146,"R"
29252,"NIO-Worker",1419289065316711,347135,"Running"
29252,"NIO-Worker",1419289065663846,23907,"R"
29252,"NIO-Worker",1419289065687753,68645,"Running"
29252,"NIO-Worker",1419289065756398,248698,"R"
29252,"NIO-Worker",1419289066005096,888177,"Running"
29252,"NIO-Worker",1419289066893273,38750,"R+"
29252,"NIO-Worker",1419289066932023,241563,"Running"
29165,"nio-stream-prod",1419289067032961,198385,"R"
29136,"nio-webserver-r",1419289067134367,87656,"R"
29252,"NIO-Worker",1419289067173586,418369010,"S"
29136,"nio-webserver-r",1419289067222023,254167,"Running"
29165,"nio-stream-prod",1419289067231346,19115,"Running"
29165,"nio-stream-prod",1419289067250461,7187,"R"
29165,"nio-stream-prod",1419289067257648,71563,"Running"
29165,"nio-stream-prod",1419289067329211,105038229,"S"
29136,"nio-webserver-r",1419289067476190,82865,"R+"
29136,"nio-webserver-r",1419289067559055,14218,"Running"
29136,"nio-webserver-r",1419289067573273,45782,"R+"
29136,"nio-webserver-r",1419289067619055,10781,"Running"
29136,"nio-webserver-r",1419289067629836,34531,"R+"
29136,"nio-webserver-r",1419289067664367,11406,"Running"
29136,"nio-webserver-r",1419289067675773,172969,"R+"
29136,"nio-webserver-r",1419289067848742,108281,"Running"
29136,"nio-webserver-r",1419289067957023,386407,"R"
29136,"nio-webserver-r",1419289068343430,158281,"Running"
29136,"nio-webserver-r",1419289068501711,6042,"R+"
29136,"nio-webserver-r",1419289068507753,83125,"Running"
29136,"nio-webserver-r",1419289068590878,43604739,"S"
29136,"nio-webserver-r",1419289112195617,22188,"R"
29136,"nio-webserver-r",1419289112217805,113073,"Running"
29136,"nio-webserver-r",1419289112330878,41302,"S"
29136,"nio-webserver-r",1419289112372180,45260,"R"
29136,"nio-webserver-r",1419289112417440,171563,"Running"
29136,"nio-webserver-r",1419289112589003,521458,"S"
29136,"nio-webserver-r",1419289113110461,41719,"R"
29136,"nio-webserver-r",1419289113152180,322656,"Running"
29267,"NIO-Worker",1419289113446086,12656,"R"
29267,"NIO-Worker",1419289113458742,598386,"Running"
29136,"nio-webserver-r",1419289113474836,4376250,"S"
29267,"NIO-Worker",1419289114057128,150781,"S"
29267,"NIO-Worker",1419289114207909,16875,"R"
29267,"NIO-Worker",1419289114224784,31094,"Running"
29267,"NIO-Worker",1419289114255878,204843,"S"
29267,"NIO-Worker",1419289114460721,15469,"R"
29267,"NIO-Worker",1419289114476190,165052,"Running"
29267,"NIO-Worker",1419289114641242,48854,"R+"
29267,"NIO-Worker",1419289114690096,6563,"Running"
29267,"NIO-Worker",1419289114696659,179896,"S"
29267,"NIO-Worker",1419289114876555,12031,"R"
29267,"NIO-Worker",1419289114888586,20729,"Running"
29267,"NIO-Worker",1419289114909315,57708,"S"
29267,"NIO-Worker",1419289114967023,26511,"R"
29267,"NIO-Worker",1419289114993534,45000,"Running"
29267,"NIO-Worker",1419289115038534,41875,"S"
29267,"NIO-Worker",1419289115080409,18802,"R"
29267,"NIO-Worker",1419289115099211,866094,"Running"
29267,"NIO-Worker",1419289115965305,70312,"R"
29267,"NIO-Worker",1419289116035617,1661875,"Running"
29267,"NIO-Worker",1419289117697492,29792,"R+"
29267,"NIO-Worker",1419289117727284,161458,"Running"
29136,"nio-webserver-r",1419289117851086,17135,"R"
29136,"nio-webserver-r",1419289117868221,285209,"Running"
29267,"NIO-Worker",1419289117888742,417629063,"S"
29136,"nio-webserver-r",1419289118153430,48309687,"S"
29136,"nio-webserver-r",1419289166463117,37656,"R"
29136,"nio-webserver-r",1419289166500773,88282,"Running"
29136,"nio-webserver-r",1419289166589055,107500,"S"
29136,"nio-webserver-r",1419289166696555,131093,"R"
29136,"nio-webserver-r",1419289166827648,156563,"Running"
29136,"nio-webserver-r",1419289166984211,233281,"S"
29136,"nio-webserver-r",1419289167217492,50469,"R"
29136,"nio-webserver-r",1419289167267961,317656,"Running"
29277,"NIO-Worker",1419289167548430,15625,"R"
29277,"NIO-Worker",1419289167564055,282291,"Running"
29136,"nio-webserver-r",1419289167585617,4854011,"S"
29277,"NIO-Worker",1419289167846346,375677,"S"
29277,"NIO-Worker",1419289168222023,13230,"R"
29277,"NIO-Worker",1419289168235253,411145,"Running"
29277,"NIO-Worker",1419289168646398,105157,"S"
29277,"NIO-Worker",1419289168751555,34375,"R"
29277,"NIO-Worker",1419289168785930,47812,"Running"
29277,"NIO-Worker",1419289168833742,195781,"S"
29277,"NIO-Worker",1419289169029523,48230,"R"
29277,"NIO-Worker",1419289169077753,198489,"Running"
29277,"NIO-Worker",1419289169276242,231250,"S"
29277,"NIO-Worker",1419289169507492,13854,"R"
29277,"NIO-Worker",1419289169521346,29115,"Running"
29277,"NIO-Worker",1419289169550461,55729,"S"
29277,"NIO-Worker",1419289169606190,12865,"R"
29277,"NIO-Worker",1419289169619055,45625,"Running"
29277,"NIO-Worker",1419289169664680,36250,"S"
29277,"NIO-Worker",1419289169700930,34687,"R"
29277,"NIO-Worker",1419289169735617,1493906,"Running"
29277,"NIO-Worker",1419289171229523,18542,"R"
29277,"NIO-Worker",1419289171248065,966146,"Running"
29277,"NIO-Worker",1419289172214211,29219,"S"
29277,"NIO-Worker",1419289172243430,17500,"R"
29277,"NIO-Worker",1419289172260930,212343,"Running"
29165,"nio-stream-prod",1419289172367440,26875,"R"
29165,"nio-stream-prod",1419289172394315,68958,"Running"
29136,"nio-webserver-r",1419289172439628,21145,"R"
29136,"nio-webserver-r",1419289172460773,165782,"Running"
29165,"nio-stream-prod",1419289172463273,103966719,"S"
29277,"NIO-Worker",1419289172473273,419720938,"S"
29136,"nio-webserver-r",1419289172626555,57031,"R+"
29136,"nio-webserver-r",1419289172683586,224323,"Running"
29136,"nio-webserver-r",1419289172907909,45005208,"S"
29136,"nio-webserver-r",1419289217913117,13906,"R"
29136,"nio-webserver-r",1419289217927023,224532,"Running"
29136,"nio-webserver-r",1419289218151555,63281,"S"
29136,"nio-webserver-r",1419289218214836,45312,"R"
29136,"nio-webserver-r",1419289218260148,186563,"Running"
29136,"nio-webserver-r",1419289218446711,392292,"S"
29136,"nio-webserver-r",1419289218839003,41875,"R"
29136,"nio-webserver-r",1419289218880878,290833,"Running"
29279,"NIO-Worker",1419289219140096,16094,"R"
29279,"NIO-Worker",1419289219156190,693750,"Running"
29136,"nio-webserver-r",1419289219171711,4232448,"S"
29279,"NIO-Worker",1419289219849940,131302,"S"
29279,"NIO-Worker",1419289219981242,14375,"R"
29279,"NIO-Worker",1419289219995617,29688,"Running"
29279,"NIO-Worker",1419289220025305,181718,"S"
29279,"NIO-Worker",1419289220207023,34063,"R"
29279,"NIO-Worker",1419289220241086,178542,"Running"
29279,"NIO-Worker",1419289220419628,194270,"S"
29279,"NIO-Worker",1419289220613898,14532,"R"
29279,"NIO-Worker",1419289220628430,21823,"Running"
29279,"NIO-Worker",1419289220650253,58489,"S"
29279,"NIO-Worker",1419289220708742,15000,"R"
29279,"NIO-Worker",1419289220723742,33438,"Running"
29279,"NIO-Worker",1419289220757180,42500,"S"
29279,"NIO-Worker",1419289220799680,15468,"R"
29279,"NIO-Worker",1419289220815148,2422813,"Running"
29279,"NIO-Worker",1419289223237961,22448,"S"
29279,"NIO-Worker",1419289223260409,25937,"R"
29279,"NIO-Worker",1419289223286346,149584,"Running"
29136,"nio-webserver-r",1419289223404159,28750,"R"
29136,"nio-webserver-r",1419289223432909,284583,"Running"
29279,"NIO-Worker",1419289223435930,420302500,"S"
29136,"nio-webserver-r",1419289223717492,62292,"R"
29136,"nio-webserver-r",1419289223779784,56614,"Running"
29136,"nio-webserver-r",1419289223836398,46733750,"S"
29136,"nio-webserver-r",1419289270570148,13594,"R"
29136,"nio-webserver-r",1419289270583742,109688,"Running"
29136,"nio-webserver-r",1419289270693430,215416,"S"
29136,"nio-webserver-r",1419289270908846,29896,"R"
29136,"nio-webserver-r",1419289270938742,8125,"Running"
29136,"nio-webserver-r",1419289270946867,18281,"S"
29136,"nio-webserver-r",1419289270965148,157500,"Running"
29136,"nio-webserver-r",1419289271122648,440782,"S"
29136,"nio-webserver-r",1419289271563430,71875,"R"
29136,"nio-webserver-r",1419289271635305,304062,"Running"
29284,"NIO-Worker",1419289271903430,23281,"R"
29284,"NIO-Worker",1419289271926711,718125,"Running"
29136,"nio-webserver-r",1419289271939367,4568594,"S"
29284,"NIO-Worker",1419289272644836,116354,"S"
29284,"NIO-Worker",1419289272761190,19219,"R"
29284,"NIO-Worker",1419289272780409,31146,"Running"
29284,"NIO-Worker",1419289272811555,224843,"S"
29284,"NIO-Worker",1419289273036398,34532,"R"
29284,"NIO-Worker",1419289273070930,186979,"Running"
29284,"NIO-Worker",1419289273257909,222552,"S"
29284,"NIO-Worker",1419289273480461,36510,"R"
29284,"NIO-Worker",1419289273516971,32344,"Running"
29284,"NIO-Worker",1419289273549315,60677,"S"
29284,"NIO-Worker",1419289273609992,27761,"R"
29284,"NIO-Worker",1419289273637753,35677,"Running"
29284,"NIO-Worker",1419289273673430,89062,"R+"
29284,"NIO-Worker",1419289273762492,528698,"Running"
29284,"NIO-Worker",1419289274291190,12240,"R"
29284,"NIO-Worker",1419289274303430,79791,"Running"
29284,"NIO-Worker",1419289274383221,14688,"R"
29284,"NIO-Worker",1419289274397909,1873594,"Running"
29284,"NIO-Worker",1419289276271503,23958,"R+"
29284,"NIO-Worker",1419289276295461,14635,"Running"
29284,"NIO-Worker",1419289276310096,14844,"S"
29284,"NIO-Worker",1419289276324940,210156,"Running"
29165,"nio-stream-prod",1419289276429992,47448,"R"
29165,"nio-stream-prod",1419289276477440,83750,"Running"
29136,"nio-webserver-r",1419289276507961,13750,"R"
29136,"nio-webserver-r",1419289276521711,361562,"Running"
29284,"NIO-Worker",1419289276535096,420229271,"S"
29165,"nio-stream-prod",1419289276561190,108042083,"S"
29136,"nio-webserver-r",1419289276883273,9688,"R+"
29136,"nio-webserver-r",1419289276892961,34948,"Running"
29136,"nio-webserver-r",1419289276927909,17396,"R"
29136,"nio-webserver-r",1419289276945305,39791,"Running"
29136,"nio-webserver-r",1419289276985096,43745469,"S"
29136,"nio-webserver-r",1419289320730565,45677,"R"
29136,"nio-webserver-r",1419289320776242,252761,"Running"
29136,"nio-webserver-r",1419289321029003,25625,"S"
29136,"nio-webserver-r",1419289321054628,47500,"R"
29136,"nio-webserver-r",1419289321102128,165677,"Running"
29136,"nio-webserver-r",1419289321267805,357812,"S"
29136,"nio-webserver-r",1419289321625617,19323,"R"
29136,"nio-webserver-r",1419289321644940,305990,"Running"
29285,"NIO-Worker",1419289321904003,37708,"R"
29285,"NIO-Worker",1419289321941711,279844,"Running"
29136,"nio-webserver-r",1419289321950930,5692968,"S"
29285,"NIO-Worker",1419289322221555,642968,"S"
29285,"NIO-Worker",1419289322864523,23855,"R"
29285,"NIO-Worker",1419289322888378,219843,"Running"
29285,"NIO-Worker",1419289323108221,35677,"S"
29285,"NIO-Worker",1419289323143898,11407,"R"
29285,"NIO-Worker",1419289323155305,315260,"Running"
29285,"NIO-Worker",1419289323470565,133750,"S"
29285,"NIO-Worker",1419289323604315,35469,"R"
29285,"NIO-Worker",1419289323639784,50469,"Running"
29285,"NIO-Worker",1419289323690253,233437,"S"
29285,"NIO-Worker",1419289323923690,9115,"R"
29285,"NIO-Worker",1419289323932805,80156,"Running"
29285,"NIO-Worker",1419289324012961,151719,"R"
29285,"NIO-Worker",1419289324164680,158593,"Running"
29285,"NIO-Worker",1419289324323273,29323,"R+"
29285,"NIO-Worker",1419289324352596,4740,"Running"
29285,"NIO-Worker",1419289324357336,239531,"S"
29285,"NIO-Worker",1419289324596867,10573,"R"
29285,"NIO-Worker",1419289324607440,24115,"Running"
29285,"NIO-Worker",1419289324631555,53750,"S"
29285,"NIO-Worker",1419289324685305,13281,"R"
29285,"NIO-Worker",1419289324698586,42969,"Running"
29285,"NIO-Worker",1419289324741555,114843,"R+"
29285,"NIO-Worker",1419289324856398,2515625,"Running"
29285,"NIO-Worker",1419289327372023,33073,"R+"
29285,"NIO-Worker",1419289327405096,293646,"Running"
29136,"nio-webserver-r",1419289327643898,12448,"R"
29136,"nio-webserver-r",1419289327656346,402396,"Running"
29285,"NIO-Worker",1419289327698742,423078385,"S"
29136,"nio-webserver-r",1419289328058742,46926719,"S"
29136,"nio-webserver-r",1419289374985461,56719,"R"
29136,"nio-webserver-r",1419289375042180,117187,"Running"
29136,"nio-webserver-r",1419289375159367,39636,"S"
29136,"nio-webserver-r",1419289375199003,48177,"R"
29136,"nio-webserver-r",1419289375247180,186198,"Running"
29136,"nio-webserver-r",1419289375433378,489062,"S"
29136,"nio-webserver-r",1419289375922440,21615,"R"
29136,"nio-webserver-r",1419289375944055,80312,"Running"
29136,"nio-webserver-r",1419289376024367,17031,"R"
29136,"nio-webserver-r",1419289376041398,287500,"Running"
29286,"NIO-Worker",1419289376293221,13334,"R"
29286,"NIO-Worker",1419289376306555,368281,"Running"
29136,"nio-webserver-r",1419289376328898,8372500,"S"
29286,"NIO-Worker",1419289376674836,3076719,"S"
29286,"NIO-Worker",1419289379751555,11406,"R"
29286,"NIO-Worker",1419289379762961,395729,"Running"
29286,"NIO-Worker",1419289380158690,157708,"S"
29286,"NIO-Worker",1419289380316398,15573,"R"
29286,"NIO-Worker",1419289380331971,32188,"Running"
29286,"NIO-Worker",1419289380364159,199583,"S"
29286,"NIO-Worker",1419289380563742,17969,"R"
29286,"NIO-Worker",1419289380581711,192500,"Running"
29286,"NIO-Worker",1419289380774211,352344,"S"
29286,"NIO-Worker",1419289381126555,14062,"R"
29286,"NIO-Worker",1419289381140617,25886,"Running"
29286,"NIO-Worker",1419289381166503,42708,"S"
29286,"NIO-Worker",1419289381209211,16094,"R"
29286,"NIO-Worker",1419289381225305,38229,"Running"
29286,"NIO-Worker",1419289381263534,41771,"S"
29286,"NIO-Worker",1419289381305305,17656,"R"
29286,"NIO-Worker",1419289381322961,265000,"Running"
29286,"NIO-Worker",1419289381587961,12812,"R"
29286,"NIO-Worker",1419289381600773,12344,"Running"
29286,"NIO-Worker",1419289381613117,43854,"R"
29286,"NIO-Worker",1419289381656971,141146,"Running"
29286,"NIO-Worker",1419289381798117,11719,"R"
29286,"NIO-Worker",1419289381809836,121406,"Running"
29286,"NIO-Worker",1419289381931242,24531,"R+"
29286,"NIO-Worker",1419289381955773,201042,"Running"
29286,"NIO-Worker",1419289382156815,27552,"R"
29286,"NIO-Worker",1419289382184367,116875,"Running"
29286,"NIO-Worker",1419289382301242,174375,"R"
29286,"NIO-Worker",1419289382475617,1180781,"Running"
29286,"NIO-Worker",1419289383656398,10469,"R"
29286,"NIO-Worker",1419289383666867,137448,"Running"
29286,"NIO-Worker",1419289383804315,258281,"R"
29286,"NIO-Worker",1419289384062596,386302,"Running"
29286,"NIO-Worker",1419289384448898,16563,"R+"
29286,"NIO-Worker",1419289384465461,6250,"Running"
29286,"NIO-Worker",1419289384471711,15625,"S"
29286,"NIO-Worker",1419289384487336,12812,"R"
29286,"NIO-Worker",1419289384500148,237969,"Running"
29165,"nio-stream-prod",1419289384603273,15782,"R"
29165,"nio-stream-prod",1419289384619055,85468,"Running"
29136,"nio-webserver-r",1419289384701398,26875,"R"
29165,"nio-stream-prod",1419289384704523,105711094,"S"
29136,"nio-webserver-r",1419289384728273,170157,"Running"
29286,"NIO-Worker",1419289384738117,418994687,"S"
29136,"nio-webserver-r",1419289384898430,8750,"R+"
29136,"nio-webserver-r",1419289384907180,254479,"Running"
29136,"nio-webserver-r",1419289385161659,44018333,"S"
29136,"nio-webserver-r",1419289429179992,47604,"R"
29136,"nio-webserver-r",1419289429227596,98750,"Running"
29136,"nio-webserver-r",1419289429326346,276302,"S"
29136,"nio-webserver-r",1419289429602648,34480,"R"
29136,"nio-webserver-r",1419289429637128,144114,"Running"
29136,"nio-webserver-r",1419289429781242,444219,"S"
29136,"nio-webserver-r",1419289430225461,40156,"R"
29136,"nio-webserver-r",1419289430265617,308386,"Running"
29138,"NIO-Worker",1419289430542284,20000,"R"
29138,"NIO-Worker",1419289430562284,232708,"Running"
29136,"nio-webserver-r",1419289430574003,4501875,"S"
29138,"NIO-Worker",1419289430794992,65938,"S"
29138,"NIO-Worker",1419289430860930,10937,"R"
29138,"NIO-Worker",1419289430871867,314479,"Running"
29138,"NIO-Worker",1419289431186346,142552,"S"
29138,"NIO-Worker",1419289431328898,19532,"R"
29138,"NIO-Worker",1419289431348430,31666,"Running"
29138,"NIO-Worker",1419289431380096,274427,"S"
29138,"NIO-Worker",1419289431654523,27032,"R"
29138,"NIO-Worker",1419289431681555,192760,"Running"
29138,"NIO-Worker",1419289431874315,251146,"S"
29138,"NIO-Worker",1419289432125461,16250,"R"
29138,"NIO-Worker",1419289432141711,20625,"Running"
29138,"NIO-Worker",1419289432162336,51667,"S"
29138,"NIO-Worker",1419289432214003,12395,"R"
29138,"NIO-Worker",1419289432226398,44688,"Running"
29138,"NIO-Worker",1419289432271086,35312,"R+"
29138,"NIO-Worker",1419289432306398,18125,"Running"
29138,"NIO-Worker",1419289432324523,75730,"S"
29138,"NIO-Worker",1419289432400253,21145,"R"
29138,"NIO-Worker",1419289432421398,2494011,"Running"
29138,"NIO-Worker",1419289434915409,21614,"S"
29138,"NIO-Worker",1419289434937023,25000,"R"
29138,"NIO-Worker",1419289434962023,154063,"Running"
29136,"nio-webserver-r",1419289435075878,17343,"R"
29136,"nio-webserver-r",1419289435093221,309427,"Running"
29138,"NIO-Worker",1419289435116086,421567812,"S"
29136,"nio-webserver-r",1419289435402648,48820469,"S"
29136,"nio-webserver-r",1419289484223117,27813,"R"
29136,"nio-webserver-r",1419289484250930,93593,"Running"
29136,"nio-webserver-r",1419289484344523,183594,"S"
29136,"nio-webserver-r",1419289484528117,77604,"R"
29136,"nio-webserver-r",1419289484605721,153959,"Running"
29136,"nio-webserver-r",1419289484759680,419062,"S"
29136,"nio-webserver-r",1419289485178742,57344,"R"
29136,"nio-webserver-r",1419289485236086,349219,"Running"
29252,"NIO-Worker",1419289485542596,22709,"R"
29252,"NIO-Worker",1419289485565305,548437,"Running"
29136,"nio-webserver-r",1419289485585305,4905625,"S"
29252,"NIO-Worker",1419289486113742,87969,"S"
29252,"NIO-Worker",1419289486201711,27344,"R"
29252,"NIO-Worker",1419289486229055,376666,"Running"
29252,"NIO-Worker",1419289486605721,110156,"S"
29252,"NIO-Worker",1419289486715877,39428,"R"
29252,"NIO-Worker",1419289486755305,30625,"Running"
29252,"NIO-Worker",1419289486785930,92760,"R+"
29252,"NIO-Worker",1419289486878690,18021,"Running"
29252,"NIO-Worker",1419289486896711,67344,"S"
29252,"NIO-Worker",1419289486964055,17135,"R"
29252,"NIO-Worker",1419289486981190,172083,"Running"
29252,"NIO-Worker",1419289487153273,23698,"R+"
29252,"NIO-Worker",1419289487176971,5209,"Running"
29252,"NIO-Worker",1419289487182180,157031,"S"
29252,"NIO-Worker",1419289487339211,13281,"R"
29252,"NIO-Worker",1419289487352492,15938,"Running"
29252,"NIO-Worker",1419289487368430,61875,"S"
29252,"NIO-Worker",1419289487430305,30312,"R"
29252,"NIO-Worker",1419289487460617,39063,"Running"
29252,"NIO-Worker",1419289487499680,59375,"S"
29252,"NIO-Worker",1419289487559055,19322,"R"
29252,"NIO-Worker",1419289487578377,2323125,"Running"
29252,"NIO-Worker",1419289489901502,29271,"R"
29252,"NIO-Worker",1419289489930773,209844,"Running"
29252,"NIO-Worker",1419289490140617,15781,"R"
29252,"NIO-Worker",1419289490156398,47292,"Running"
29252,"NIO-Worker",1419289490203690,23906,"S"
29252,"NIO-Worker",1419289490227596,10521,"R"
29252,"NIO-Worker",1419289490238117,18281,"Running"
29252,"NIO-Worker",1419289490256398,44636,"R+"
29252,"NIO-Worker",1419289490301034,76406,"Running"
29252,"NIO-Worker",1419289490377440,32187,"R"
29252,"NIO-Worker",1419289490409627,91146,"Running"
29165,"nio-stream-prod",1419289490415617,53438,"R"
29165,"nio-stream-prod",1419289490469055,87135,"Running"
29136,"nio-webserver-r",1419289490490930,307187,"R"
29252,"NIO-Worker",1419289490500773,213125,"R+"
29165,"nio-stream-prod",1419289490556190,106219427,"S"
29252,"NIO-Worker",1419289490713898,35938,"Running"
29252,"NIO-Worker",1419289490749836,419830781,"S"
29136,"nio-webserver-r",1419289490798117,407604,"Running"
29136,"nio-webserver-r",1419289491205721,42800365,"S"
29136,"nio-webserver-r",1419289534006086,111250,"R"
29136,"nio-webserver-r",1419289534117336,144687,"Running"
29136,"nio-webserver-r",1419289534262023,151407,"S"
29136,"nio-webserver-r",1419289534413430,33072,"R"
29136,"nio-webserver-r",1419289534446502,4740,"Running"
29136,"nio-webserver-r",1419289534451242,17135,"S"
29136,"nio-webserver-r",1419289534468377,5782,"R"
29136,"nio-webserver-r",1419289534474159,189114,"Running"
29136,"nio-webserver-r",1419289534663273,480157,"S"
29136,"nio-webserver-r",1419289535143430,79218,"R"
29136,"nio-webserver-r",1419289535222648,338125,"Running"
29267,"NIO-Worker",1419289535517805,15885,"R"
29267,"NIO-Worker",1419289535533690,295000,"Running"
29136,"nio-webserver-r",1419289535560773,12673542,"S"
29267,"NIO-Worker",1419289535828690,7805365,"S"
29267,"NIO-Worker",1419289543634055,22187,"R"
29267,"NIO-Worker",1419289543656242,246094,"Running"
29267,"NIO-Worker",1419289543902336,78281,"S"
29267,"NIO-Worker",1419289543980617,23438,"R"
29267,"NIO-Worker",1419289544004055,29375,"Running"
29267,"NIO-Worker",1419289544033430,17760,"S"
29267,"NIO-Worker",1419289544051190,9375,"R"
29267,"NIO-Worker",1419289544060565,10937,"Running"
29267,"NIO-Worker",1419289544071502,13803,"S"
29267,"NIO-Worker",1419289544085305,10937,"Running"
29267,"NIO-Worker",1419289544096242,13906,"S"
29267,"NIO-Worker",1419289544110148,252032,"Running"
29267,"NIO-Worker",1419289544362180,133593,"S"
29267,"NIO-Worker",1419289544495773,35417,"R"
29267,"NIO-Worker",1419289544531190,38802,"Running"
29267,"NIO-Worker",1419289544569992,218906,"S"
29267,"NIO-Worker",1419289544788898,16354,"R"
29267,"NIO-Worker",1419289544805252,254271,"Running"
29267,"NIO-Worker",1419289545059523,49844,"R+"
29267,"NIO-Worker",1419289545109367,3906,"Running"
29267,"NIO-Worker",1419289545113273,220104,"S"
29267,"NIO-Worker",1419289545333377,45209,"R"
29267,"NIO-Worker",1419289545378586,16406,"Running"
29267,"NIO-Worker",1419289545394992,60938,"S"
29267,"NIO-Worker",1419289545455930,18229,"R"
29267,"NIO-Worker",1419289545474159,44739,"Running"
29267,"NIO-Worker",1419289545518898,44375,"S"
29267,"NIO-Worker",1419289545563273,31250,"R"
29267,"NIO-Worker",1419289545594523,2466667,"Running"
29267,"NIO-Worker",1419289548061190,21094,"S"
29267,"NIO-Worker",1419289548082284,29583,"R"
29267,"NIO-Worker",1419289548111867,203438,"Running"
29136,"nio-webserver-r",1419289548234315,87240,"R"
29267,"NIO-Worker",1419289548315305,412777031,"S"
29136,"nio-webserver-r",1419289548321555,364687,"Running"
29136,"nio-webserver-r",1419289548686242,41115625,"S"
29136,"nio-webserver-r",1419289589801867,75000,"R"
29136,"nio-webserver-r",1419289589876867,29844,"Running"
29136,"nio-webserver-r",1419289589906711,46041,"R"
29136,"nio-webserver-r",1419289589952752,265053,"Running"
29136,"nio-webserver-r",1419289590217805,25885,"S"
29136,"nio-webserver-r",1419289590243690,31406,"R"
29136,"nio-webserver-r",1419289590275096,12865,"Running"
29136,"nio-webserver-r",1419289590287961,35729,"S"
29136,"nio-webserver-r",1419289590323690,423333,"R"
29136,"nio-webserver-r",1419289590747023,218542,"Running"
29136,"nio-webserver-r",1419289590965565,778021,"S"
29136,"nio-webserver-r",1419289591743586,45937,"R"
29136,"nio-webserver-r",1419289591789523,349844,"Running"
29136,"nio-webserver-r",1419289592139367,8438,"R"
29136,"nio-webserver-r",1419289592147805,90625,"Running"
29277,"NIO-Worker",1419289592194211,44219,"R"
29136,"nio-webserver-r",1419289592238430,4700416,"S"
29277,"NIO-Worker",1419289592238430,892031,"Running"
29277,"NIO-Worker",1419289593130461,187187,"R+"
29277,"NIO-Worker",1419289593317648,25157,"Running"
29277,"NIO-Worker",1419289593342805,209218,"S"
29277,"NIO-Worker",1419289593552023,8073,"R"
29277,"NIO-Worker",1419289593560096,178906,"Running"
29277,"NIO-Worker",1419289593739002,227032,"R+"
29277,"NIO-Worker",1419289593966034,15052,"Running"
29277,"NIO-Worker",1419289593981086,50156,"R+"
29277,"NIO-Worker",1419289594031242,40781,"Running"
29277,"NIO-Worker",1419289594072023,41719,"R+"
29277,"NIO-Worker",1419289594113742,1436198,"Running"
29277,"NIO-Worker",1419289595549940,68021,"R"
29277,"NIO-Worker",1419289595617961,1028385,"Running"
29277,"NIO-Worker",1419289596646346,25365,"R+"
29277,"NIO-Worker",1419289596671711,210312,"Running"
29165,"nio-stream-prod",1419289596775617,115625,"R"
29277,"NIO-Worker",1419289596882023,7344,"R"
29277,"NIO-Worker",1419289596889367,77760,"Running"
29165,"nio-stream-prod",1419289596891242,20573,"Running"
29165,"nio-stream-prod",1419289596911815,11927,"R"
29165,"nio-stream-prod",1419289596923742,74531,"Running"
29136,"nio-webserver-r",1419289596938846,28281,"R"
29136,"nio-webserver-r",1419289596967127,171459,"Running"
29277,"NIO-Worker",1419289596967127,415425834,"S"
29165,"nio-stream-prod",1419289596998273,104536250,"S"
29136,"nio-webserver-r",1419289597138586,20729,"R+"
29136,"nio-webserver-r",1419289597159315,231250,"Running"
29136,"nio-webserver-r",1419289597390565,45242865,"S"
29136,"nio-webserver-r",1419289642633430,26041,"R"
29136,"nio-webserver-r",1419289642659471,220052,"Running"
29136,"nio-webserver-r",1419289642879523,19479,"R+"
29136,"nio-webserver-r",1419289642899002,19115,"Running"
29136,"nio-webserver-r",1419289642918117,5156,"S"
29136,"nio-webserver-r",1419289642923273,6979,"R"
29136,"nio-webserver-r",1419289642930252,5625,"Running"
29136,"nio-webserver-r",1419289642935877,25782,"S"
29136,"nio-webserver-r",1419289642961659,29739,"R"
29136,"nio-webserver-r",1419289642991398,92188,"Running"
29136,"nio-webserver-r",1419289643083586,21979,"R"
29136,"nio-webserver-r",1419289643105565,139375,"Running"
29136,"nio-webserver-r",1419289643244940,211719,"S"
29136,"nio-webserver-r",1419289643456659,28906,"R"
29136,"nio-webserver-r",1419289643485565,286458,"Running"
29279,"NIO-Worker",1419289643738430,16562,"R"
29279,"NIO-Worker",1419289643754992,262813,"Running"
29136,"nio-webserver-r",1419289643772023,5022761,"S"
29279,"NIO-Worker",1419289644017805,1875,"S"
29279,"NIO-Worker",1419289644019680,13229,"R"
29279,"NIO-Worker",1419289644032909,368646,"Running"
29279,"NIO-Worker",1419289644401555,124062,"S"
29279,"NIO-Worker",1419289644525617,16875,"R"
29279,"NIO-Worker",1419289644542492,32656,"Running"
29279,"NIO-Worker",1419289644575148,60625,"R+"
29279,"NIO-Worker",1419289644635773,26407,"Running"
29279,"NIO-Worker",1419289644662180,117135,"S"
29279,"NIO-Worker",1419289644779315,10833,"R"
29279,"NIO-Worker",1419289644790148,201667,"Running"
29279,"NIO-Worker",1419289644991815,238021,"S"
29279,"NIO-Worker",1419289645229836,22291,"R"
29279,"NIO-Worker",1419289645252127,24063,"Running"
29279,"NIO-Worker",1419289645276190,45625,"S"
29279,"NIO-Worker",1419289645321815,20937,"R"
29279,"NIO-Worker",1419289645342752,43959,"Running"
29279,"NIO-Worker",1419289645386711,61719,"S"
29279,"NIO-Worker",1419289645448430,13697,"R"
29279,"NIO-Worker",1419289645462127,2651771,"Running"
29279,"NIO-Worker",1419289648113898,65573,"S"
29279,"NIO-Worker",1419289648179471,80834,"R"
29279,"NIO-Worker",1419289648260305,727812,"Running"
29136,"nio-webserver-r",1419289648794784,697239,"R"
29279,"NIO-Worker",1419289648988117,413536198,"S"
29136,"nio-webserver-r",1419289649492023,1492917,"Running"
29136,"nio-webserver-r",1419289650984940,129740,"R+"
29136,"nio-webserver-r",1419289651114680,68072,"Running"
29136,"nio-webserver-r",1419289651182752,44422500,"S"
29136,"nio-webserver-r",1419289695605252,38802,"R"
29136,"nio-webserver-r",1419289695644054,147761,"Running"
29136,"nio-webserver-r",1419289695791815,101719,"S"
29136,"nio-webserver-r",1419289695893534,108281,"R"
29136,"nio-webserver-r",1419289696001815,177031,"Running"
29136,"nio-webserver-r",1419289696178846,246250,"S"
29136,"nio-webserver-r",1419289696425096,41771,"R"
29136,"nio-webserver-r",1419289696466867,325573,"Running"
29284,"NIO-Worker",1419289696764367,11719,"R"
29284,"NIO-Worker",1419289696776086,703750,"Running"
29136,"nio-webserver-r",1419289696792440,4931406,"S"
29284,"NIO-Worker",1419289697479836,113385,"S"
29284,"NIO-Worker",1419289697593221,14219,"R"
29284,"NIO-Worker",1419289697607440,31302,"Running"
29284,"NIO-Worker",1419289697638742,177969,"S"
29284,"NIO-Worker",1419289697816711,14323,"R"
29284,"NIO-Worker",1419289697831034,173958,"Running"
29284,"NIO-Worker",1419289698004992,244219,"S"
29284,"NIO-Worker",1419289698249211,16666,"R"
29284,"NIO-Worker",1419289698265877,17188,"Running"
29284,"NIO-Worker",1419289698283065,9271,"R+"
29284,"NIO-Worker",1419289698292336,4375,"Running"
29284,"NIO-Worker",1419289698296711,48593,"S"
29284,"NIO-Worker",1419289698345304,25157,"R"
29284,"NIO-Worker",1419289698370461,40260,"Running"
29284,"NIO-Worker",1419289698410721,36146,"S"
29284,"NIO-Worker",1419289698446867,13594,"R"
29284,"NIO-Worker",1419289698460461,370937,"Running"
29284,"NIO-Worker",1419289698831398,190104,"R"
29284,"NIO-Worker",1419289699021502,1888959,"Running"
29284,"NIO-Worker",1419289700910461,34010,"R"
29284,"NIO-Worker",1419289700944471,373177,"Running"
29284,"NIO-Worker",1419289701317648,53854,"R+"
29284,"NIO-Worker",1419289701371502,11459,"Running"
29284,"NIO-Worker",1419289701382961,60312,"S"
29284,"NIO-Worker",1419289701443273,318073,"Running"
29165,"nio-stream-prod",1419289701534523,18854,"R"
29165,"nio-stream-prod",1419289701553377,86146,"Running"
29165,"nio-stream-prod",1419289701639523,108906250,"S"
29136,"nio-webserver-r",1419289701723846,37500,"R"
29136,"nio-webserver-r",1419289701761346,400156,"Running"
29284,"NIO-Worker",1419289701761346,413109115,"S"
29136,"nio-webserver-r",1419289702161502,47406771,"S"
29136,"nio-webserver-r",1419289749568273,53542,"R"
29136,"nio-webserver-r",1419289749621815,97187,"Running"
29136,"nio-webserver-r",1419289749719002,90834,"S"
29136,"nio-webserver-r",1419289749809836,34375,"R"
29136,"nio-webserver-r",1419289749844211,174323,"Running"
29136,"nio-webserver-r",1419289750018534,464218,"S"
29136,"nio-webserver-r",1419289750482752,27396,"R"
29136,"nio-webserver-r",1419289750510148,309792,"Running"
29285,"NIO-Worker",1419289750777127,18646,"R"
29285,"NIO-Worker",1419289750795773,306094,"Running"
29136,"nio-webserver-r",1419289750819940,17174375,"S"
29285,"NIO-Worker",1419289751101867,12147812,"S"
29285,"NIO-Worker",1419289763249679,19375,"R"
29285,"NIO-Worker",1419289763269054,202657,"Running"
29285,"NIO-Worker",1419289763471711,117031,"S"
29285,"NIO-Worker",1419289763588742,53542,"R"
29285,"NIO-Worker",1419289763642284,294739,"Running"
29285,"NIO-Worker",1419289763937023,73594,"R+"
29285,"NIO-Worker",1419289764010617,6875,"Running"
29285,"NIO-Worker",1419289764017492,52448,"S"
29285,"NIO-Worker",1419289764069940,17864,"R"
29285,"NIO-Worker",1419289764087804,35782,"Running"
29285,"NIO-Worker",1419289764123586,184531,"S"
29285,"NIO-Worker",1419289764308117,37500,"R"
29285,"NIO-Worker",1419289764345617,235260,"Running"
29285,"NIO-Worker",1419289764580877,337552,"S"
29285,"NIO-Worker",1419289764918429,29011,"R"
29285,"NIO-Worker",1419289764947440,29271,"Running"
29285,"NIO-Worker",1419289764976711,15260,"R+"
29285,"NIO-Worker",1419289764991971,4740,"Running"
29285,"NIO-Worker",1419289764996711,25625,"S"
29285,"NIO-Worker",1419289765022336,55625,"R"
29285,"NIO-Worker",1419289765077961,55781,"Running"
29285,"NIO-Worker",1419289765133742,50156,"S"
29285,"NIO-Worker",1419289765183898,24531,"R"
29285,"NIO-Worker",1419289765208429,82344,"Running"
29285,"NIO-Worker",1419289765290773,10938,"R"
29285,"NIO-Worker",1419289765301711,318385,"Running"
29285,"NIO-Worker",1419289765620096,8177,"R"
29285,"NIO-Worker",1419289765628273,133438,"Running"
29285,"NIO-Worker",1419289765761711,5937,"R"
29285,"NIO-Worker",1419289765767648,12917,"Running"
29285,"NIO-Worker",1419289765780565,71614,"R"
29285,"NIO-Worker",1419289765852179,1976250,"Running"
29285,"NIO-Worker",1419289767828429,31407,"R+"
29285,"NIO-Worker",1419289767859836,186979,"Running"
29136,"nio-webserver-r",1419289767994315,30312,"R"
29136,"nio-webserver-r",1419289768024627,342657,"Running"
29285,"NIO-Worker",1419289768046815,399204427,"S"
29136,"nio-webserver-r",1419289768367284,33865833,"S"
29136,"nio-webserver-r",1419289802233117,32031,"R"
29136,"nio-webserver-r",1419289802265148,85469,"Running"
29136,"nio-webserver-r",1419289802350617,279375,"S"
29136,"nio-webserver-r",1419289802629992,30312,"R"
29136,"nio-webserver-r",1419289802660304,4323,"Running"
29136,"nio-webserver-r",1419289802664627,68177,"S"
29136,"nio-webserver-r",1419289802732804,12917,"R"
29136,"nio-webserver-r",1419289802745721,139740,"Running"
29136,"nio-webserver-r",1419289802885461,551250,"S"
29136,"nio-webserver-r",1419289803436711,59948,"R"
29136,"nio-webserver-r",1419289803496659,281614,"Running"
29286,"NIO-Worker",1419289803732804,27657,"R"
29286,"NIO-Worker",1419289803760461,270729,"Running"
29136,"nio-webserver-r",1419289803778273,6867500,"S"
29286,"NIO-Worker",1419289804031190,1674531,"S"
29286,"NIO-Worker",1419289805705721,12031,"R"
29286,"NIO-Worker",1419289805717752,180052,"Running"
29286,"NIO-Worker",1419289805897804,16563,"S"
29286,"NIO-Worker",1419289805914367,278594,"Running"
29286,"NIO-Worker",1419289806192961,145312,"S"
29286,"NIO-Worker",1419289806338273,15625,"R"
29286,"NIO-Worker",1419289806353898,286198,"Running"
29286,"NIO-Worker",1419289806640096,313021,"S"
29286,"NIO-Worker",1419289806953117,13698,"R"
29286,"NIO-Worker",1419289806966815,197969,"Running"
29286,"NIO-Worker",1419289807164784,193437,"R+"
29286,"NIO-Worker",1419289807358221,26927,"Running"
29286,"NIO-Worker",1419289807385148,167031,"S"
29286,"NIO-Worker",1419289807552179,25730,"R"
29286,"NIO-Worker",1419289807577909,22708,"Running"
29286,"NIO-Worker",1419289807600617,41042,"R+"
29286,"NIO-Worker",1419289807641659,3958,"Running"
29286,"NIO-Worker",1419289807645617,10937,"S"
29286,"NIO-Worker",1419289807656554,85261,"R"
29286,"NIO-Worker",1419289807741815,50364,"Running"
29286,"NIO-Worker",1419289807792179,40782,"S"
29286,"NIO-Worker",1419289807832961,18385,"R"
29286,"NIO-Worker",1419289807851346,1003333,"Running"
29286,"NIO-Worker",1419289808854679,62969,"R"
29286,"NIO-Worker",1419289808917648,1477500,"Running"
29286,"NIO-Worker",1419289810395148,29948,"S"
29286,"NIO-Worker",1419289810425096,32552,"R"
29286,"NIO-Worker",1419289810457648,219636,"Running"
29165,"nio-stream-prod",1419289810545773,24636,"R"
29165,"nio-stream-prod",1419289810570409,84583,"Running"
29136,"nio-webserver-r",1419289810645773,13438,"R"
29165,"nio-stream-prod",1419289810654992,107960312,"S"
29136,"nio-webserver-r",1419289810659211,391562,"Running"
29286,"NIO-Worker",1419289810677284,408642552,"S"
29136,"nio-webserver-r",1419289811050773,44442031,"S"
29136,"nio-webserver-r",1419289855492804,46094,"R"
29136,"nio-webserver-r",1419289855538898,104531,"Running"
29136,"nio-webserver-r",1419289855643429,123542,"S"
29136,"nio-webserver-r",1419289855766971,45000,"R"
29136,"nio-webserver-r",1419289855811971,182240,"Running"
29136,"nio-webserver-r",1419289855994211,363541,"S"
29136,"nio-webserver-r",1419289856357752,64584,"R"
29136,"nio-webserver-r",1419289856422336,296875,"Running"
29138,"NIO-Worker",1419289856683898,26354,"R"
29138,"NIO-Worker",1419289856710252,134427,"Running"
29136,"nio-webserver-r",1419289856719211,12353281,"S"
29138,"NIO-Worker",1419289856844679,36250,"R"
29138,"NIO-Worker",1419289856880929,190157,"Running"
29138,"NIO-Worker",1419289857071086,7627031,"S"
29138,"NIO-Worker",1419289864698117,46875,"R"
29138,"NIO-Worker",1419289864744992,251094,"Running"
29138,"NIO-Worker",1419289864996086,41823,"S"
29138,"NIO-Worker",1419289865037909,203750,"Running"
29138,"NIO-Worker",1419289865241659,92083,"R"
29138,"NIO-Worker",1419289865333742,109219,"Running"
29138,"NIO-Worker",1419289865442961,111250,"S"
29138,"NIO-Worker",1419289865554211,26041,"R"
29138,"NIO-Worker",1419289865580252,39063,"Running"
29138,"NIO-Worker",1419289865619315,47812,"R+"
29138,"NIO-Worker",1419289865667127,4063,"Running"
29138,"NIO-Worker",1419289865671190,109062,"S"
29138,"NIO-Worker",1419289865780252,9427,"R"
29138,"NIO-Worker",1419289865789679,197344,"Running"
29138,"NIO-Worker",1419289865987023,238750,"S"
29138,"NIO-Worker",1419289866225773,18125,"R"
29138,"NIO-Worker",1419289866243898,24844,"Running"
29138,"NIO-Worker",1419289866268742,46719,"R+"
29138,"NIO-Worker",1419289866315461,58593,"Running"
29138,"NIO-Worker",1419289866374054,63386,"S"
29138,"NIO-Worker",1419289866437440,17239,"R"
29138,"NIO-Worker",1419289866454679,2466407,"Running"
29138,"NIO-Worker",1419289868921086,38385,"R+"
29138,"NIO-Worker",1419289868959471,163333,"Running"
29136,"nio-webserver-r",1419289869072492,36250,"R"
29136,"nio-webserver-r",1419289869108742,378594,"Running"
29138,"NIO-Worker",1419289869122804,405578542,"S"
29136,"nio-webserver-r",1419289869487336,39757187,"S"
29136,"nio-webserver-r",1419289909244523,19636,"R"
29136,"nio-webserver-r",1419289909264159,158645,"Running"
29136,"nio-webserver-r",1419289909422804,112657,"S"
29136,"nio-webserver-r",1419289909535461,55573,"R"
29136,"nio-webserver-r",1419289909591034,170468,"Running"
29136,"nio-webserver-r",1419289909761502,487344,"S"
29136,"nio-webserver-r",1419289910248846,41458,"R"
29136,"nio-webserver-r",1419289910290304,325886,"Running"
29252,"NIO-Worker",1419289910580617,27031,"R"
29252,"NIO-Worker",1419289910607648,320313,"Running"
29136,"nio-webserver-r",1419289910616190,8084114,"S"
29252,"NIO-Worker",1419289910927961,1919635,"S"
29252,"NIO-Worker",1419289912847596,13958,"R"
29252,"NIO-Worker",1419289912861554,169792,"Running"
29252,"NIO-Worker",1419289913031346,15365,"S"
29252,"NIO-Worker",1419289913046711,268125,"Running"
29252,"NIO-Worker",1419289913314836,114010,"S"
29252,"NIO-Worker",1419289913428846,13021,"R"
29252,"NIO-Worker",1419289913441867,35260,"Running"
29252,"NIO-Worker",1419289913477127,185990,"S"
29252,"NIO-Worker",1419289913663117,13437,"R"
29252,"NIO-Worker",1419289913676554,185730,"Running"
29252,"NIO-Worker",1419289913862284,231562,"S"
29252,"NIO-Worker",1419289914093846,15521,"R"
29252,"NIO-Worker",1419289914109367,21250,"Running"
29252,"NIO-Worker",1419289914130617,43125,"S"
29252,"NIO-Worker",1419289914173742,15000,"R"
29252,"NIO-Worker",1419289914188742,56719,"Running"
29252,"NIO-Worker",1419289914245461,57812,"S"
29252,"NIO-Worker",1419289914303273,45156,"R"
29252,"NIO-Worker",1419289914348429,394063,"Running"
29252,"NIO-Worker",1419289914742492,12969,"R"
29252,"NIO-Worker",1419289914755461,22760,"Running"
29252,"NIO-Worker",1419289914778221,64063,"R"
29252,"NIO-Worker",1419289914842284,112083,"Running"
29252,"NIO-Worker",1419289914954367,11875,"R"
29252,"NIO-Worker",1419289914966242,171823,"Running"
29252,"NIO-Worker",1419289915138065,27396,"R"
29252,"NIO-Worker",1419289915165461,331198,"Running"
29252,"NIO-Worker",1419289915496659,155052,"R"
29252,"NIO-Worker",1419289915651711,1243906,"Running"
29252,"NIO-Worker",1419289916895617,1167656,"S"
29252,"NIO-Worker",1419289918063273,14375,"R"
29252,"NIO-Worker",1419289918077648,376563,"Running"
29252,"NIO-Worker",1419289918454211,35156,"S"
29252,"NIO-Worker",1419289918489367,48594,"R"
29252,"NIO-Worker",1419289918537961,220156,"Running"
29165,"nio-stream-prod",1419289918615304,87969,"R"
29136,"nio-webserver-r",1419289918700304,57813,"R"
29165,"nio-stream-prod",1419289918703273,114844,"Running"
29136,"nio-webserver-r",1419289918758117,117448,"Running"
29252,"NIO-Worker",1419289918758117,408909010,"S"
29165,"nio-stream-prod",1419289918818117,108297448,"S"
29136,"nio-webserver-r",1419289918875565,8177,"R+"
29136,"nio-webserver-r",1419289918883742,144479,"Running"
29136,"nio-webserver-r",1419289919028221,74896,"R+"
29136,"nio-webserver-r",1419289919103117,176667,"Running"
29136,"nio-webserver-r",1419289919279784,6480468,"S"
29136,"nio-webserver-r",1419289925760252,39532,"R"
29136,"nio-webserver-r",1419289925799784,81875,"Running"
29136,"nio-webserver-r",1419289925881659,33814427,"S"
29136,"nio-webserver-r",1419289959696086,42031,"R"
29136,"nio-webserver-r",1419289959738117,228906,"Running"
29136,"nio-webserver-r",1419289959967023,45104,"S"
29136,"nio-webserver-r",1419289960012127,20365,"R"
29136,"nio-webserver-r",1419289960032492,6562,"Running"
29136,"nio-webserver-r",1419289960039054,16823,"S"
29136,"nio-webserver-r",1419289960055877,14427,"R"
29136,"nio-webserver-r",1419289960070304,89480,"Running"
29136,"nio-webserver-r",1419289960159784,51927,"R+"
29136,"nio-webserver-r",1419289960211711,116198,"Running"
29136,"nio-webserver-r",1419289960327909,382500,"S"
29136,"nio-webserver-r",1419289960710409,58437,"R"
29136,"nio-webserver-r",1419289960768846,361302,"Running"
29267,"NIO-Worker",1419289961092336,14323,"R"
29267,"NIO-Worker",1419289961106659,380520,"Running"
29136,"nio-webserver-r",1419289961130148,7921563,"S"
29267,"NIO-Worker",1419289961487179,3225469,"S"
29267,"NIO-Worker",1419289964712648,209323,"R"
29267,"NIO-Worker",1419289964921971,233177,"Running"
29267,"NIO-Worker",1419289965155148,136094,"S"
29267,"NIO-Worker",1419289965291242,29167,"R"
29267,"NIO-Worker",1419289965320409,303593,"Running"
29267,"NIO-Worker",1419289965624002,162084,"R+"
29267,"NIO-Worker",1419289965786086,16198,"Running"
29267,"NIO-Worker",1419289965802284,152239,"S"
29267,"NIO-Worker",1419289965954523,31875,"R"
29267,"NIO-Worker",1419289965986398,34063,"Running"
29267,"NIO-Worker",1419289966020461,182031,"S"
29267,"NIO-Worker",1419289966202492,11823,"R"
29267,"NIO-Worker",1419289966214315,194896,"Running"
29267,"NIO-Worker",1419289966409211,139218,"R+"
29267,"NIO-Worker",1419289966548429,11563,"Running"
29267,"NIO-Worker",1419289966559992,65781,"S"
29267,"NIO-Worker",1419289966625773,15313,"R"
29267,"NIO-Worker",1419289966641086,19062,"Running"
29267,"NIO-Worker",1419289966660148,62188,"R+"
29267,"NIO-Worker",1419289966722336,66562,"Running"
29267,"NIO-Worker",1419289966788898,60156,"S"
29267,"NIO-Worker",1419289966849054,11875,"R"
29267,"NIO-Worker",1419289966860929,239636,"Running"
29267,"NIO-Worker",1419289967100565,42656,"R"
29267,"NIO-Worker",1419289967143221,10781,"Running"
29267,"NIO-Worker",1419289967154002,12344,"R"
29267,"NIO-Worker",1419289967166346,1620313,"Running"
29267,"NIO-Worker",1419289968786659,93958,"R+"
29267,"NIO-Worker",1419289968880617,221823,"Running"
29136,"nio-webserver-r",1419289969051711,21510,"R"
29136,"nio-webserver-r",1419289969073221,405313,"Running"
29267,"NIO-Worker",1419289969102440,409086145,"S"
29136,"nio-webserver-r",1419289969478534,41579062,"S"
29136,"nio-webserver-r",1419290011057596,14844,"R"
29136,"nio-webserver-r",1419290011072440,203333,"Running"
29136,"nio-webserver-r",1419290011275773,75156,"S"
29136,"nio-webserver-r",1419290011350929,53698,"R"
29136,"nio-webserver-r",1419290011404627,5052,"Running"
29136,"nio-webserver-r",1419290011409679,33698,"S"
29136,"nio-webserver-r",1419290011443377,23490,"R"
29136,"nio-webserver-r",1419290011466867,164531,"Running"
29136,"nio-webserver-r",1419290011631398,444375,"S"
29136,"nio-webserver-r",1419290012075773,52292,"R"
29136,"nio-webserver-r",1419290012128065,306875,"Running"
29277,"NIO-Worker",1419290012392961,26979,"R"
29277,"NIO-Worker",1419290012419940,322239,"Running"
29136,"nio-webserver-r",1419290012434940,14852969,"S"
29277,"NIO-Worker",1419290012742179,9649844,"S"
29277,"NIO-Worker",1419290022392023,16042,"R"
29277,"NIO-Worker",1419290022408065,218177,"Running"
29277,"NIO-Worker",1419290022626242,22344,"S"
29277,"NIO-Worker",1419290022648586,13698,"Running"
29277,"NIO-Worker",1419290022662284,15677,"S"
29277,"NIO-Worker",1419290022677961,260573,"Running"
29277,"NIO-Worker",1419290022938534,479427,"S"
29277,"NIO-Worker",1419290023417961,14531,"R"
29277,"NIO-Worker",1419290023432492,36354,"Running"
29277,"NIO-Worker",1419290023468846,211615,"S"
29277,"NIO-Worker",1419290023680461,159062,"R"
29277,"NIO-Worker",1419290023839523,205938,"Running"
29277,"NIO-Worker",1419290024045461,228125,"S"
29277,"NIO-Worker",1419290024273586,15000,"R"
29277,"NIO-Worker",1419290024288586,31979,"Running"
29277,"NIO-Worker",1419290024320565,58958,"S"
29277,"NIO-Worker",1419290024379523,16354,"R"
29277,"NIO-Worker",1419290024395877,46615,"Running"
29277,"NIO-Worker",1419290024442492,42604,"S"
29277,"NIO-Worker",1419290024485096,13646,"R"
29277,"NIO-Worker",1419290024498742,369687,"Running"
29277,"NIO-Worker",1419290024868429,10573,"R"
29277,"NIO-Worker",1419290024879002,2101302,"Running"
29277,"NIO-Worker",1419290026980304,18594,"S"
29277,"NIO-Worker",1419290026998898,31875,"R"
29277,"NIO-Worker",1419290027030773,290781,"Running"
29165,"nio-stream-prod",1419290027115565,17969,"R"
29165,"nio-stream-prod",1419290027133534,106145,"Running"
29165,"nio-stream-prod",1419290027239679,100160625,"S"
29136,"nio-webserver-r",1419290027287909,17395,"R"
29136,"nio-webserver-r",1419290027305304,184792,"Running"
29277,"NIO-Worker",1419290027321554,405831042,"S"
29136,"nio-webserver-r",1419290027490096,58281,"R+"
29136,"nio-webserver-r",1419290027548377,258438,"Running"
29136,"nio-webserver-r",1419290027806815,33590208,"S"
29136,"nio-webserver-r",1419290061397023,66511,"R"
29136,"nio-webserver-r",1419290061463534,120312,"Running"
29136,"nio-webserver-r",1419290061583846,69427,"S"
29136,"nio-webserver-r",1419290061653273,41042,"R"
29136,"nio-webserver-r",1419290061694315,152656,"Running"
29136,"nio-webserver-r",1419290061846971,366927,"S"
29136,"nio-webserver-r",1419290062213898,38542,"R"
29136,"nio-webserver-r",1419290062252440,311771,"Running"
29279,"NIO-Worker",1419290062524315,26094,"R"
29279,"NIO-Worker",1419290062550409,337864,"Running"
29136,"nio-webserver-r",1419290062564211,20374323,"S"
29279,"NIO-Worker",1419290062888273,15039375,"S"
29279,"NIO-Worker",1419290077927648,19063,"R"
29279,"NIO-Worker",1419290077946711,217291,"Running"
29279,"NIO-Worker",1419290078164002,197865,"S"
29279,"NIO-Worker",1419290078361867,24219,"R"
29279,"NIO-Worker",1419290078386086,279635,"Running"
29279,"NIO-Worker",1419290078665721,116927,"S"
29279,"NIO-Worker",1419290078782648,30156,"R"
29279,"NIO-Worker",1419290078812804,46563,"Running"
29279,"NIO-Worker",1419290078859367,183437,"S"
29279,"NIO-Worker",1419290079042804,14063,"R"
29279,"NIO-Worker",1419290079056867,178906,"Running"
29279,"NIO-Worker",1419290079235773,242500,"S"
29279,"NIO-Worker",1419290079478273,25313,"R"
29279,"NIO-Worker",1419290079503586,41093,"Running"
29279,"NIO-Worker",1419290079544679,44948,"S"
29279,"NIO-Worker",1419290079589627,21459,"R"
29279,"NIO-Worker",1419290079611086,53541,"Running"
29279,"NIO-Worker",1419290079664627,41146,"S"
29279,"NIO-Worker",1419290079705773,15781,"R"
29279,"NIO-Worker",1419290079721554,1151094,"Running"
29279,"NIO-Worker",1419290080872648,9375,"R"
29279,"NIO-Worker",1419290080882023,445625,"Running"
29279,"NIO-Worker",1419290081327648,310625,"R"
29279,"NIO-Worker",1419290081638273,35261,"Running"
29279,"NIO-Worker",1419290081673534,21302,"R"
29279,"NIO-Worker",1419290081694836,255468,"Running"
29279,"NIO-Worker",1419290081950304,9792,"R"
29279,"NIO-Worker",1419290081960096,141146,"Running"
29279,"NIO-Worker",1419290082101242,122135,"R"
29279,"NIO-Worker",1419290082223377,538802,"Running"
29279,"NIO-Worker",1419290082762179,22917,"R+"
29279,"NIO-Worker",1419290082785096,5052,"Running"
29279,"NIO-Worker",1419290082790148,17656,"S"
29279,"NIO-Worker",1419290082807804,164636,"Running"
29136,"nio-webserver-r",1419290082938534,15156,"R"
29136,"nio-webserver-r",1419290082953690,203125,"Running"
29279,"NIO-Worker",1419290082972440,402546145,"S"
29136,"nio-webserver-r",1419290083156815,103333,"R+"
29136,"nio-webserver-r",1419290083260148,103906,"Running"
29136,"nio-webserver-r",1419290083364054,42344,"R+"
29136,"nio-webserver-r",1419290083406398,126250,"Running"
29136,"nio-webserver-r",1419290083532648,50000,"R+"
29136,"nio-webserver-r",1419290083582648,119948,"Running"
29136,"nio-webserver-r",1419290083702596,29968958,"S"
29136,"nio-webserver-r",1419290113671554,56823,"R"
29136,"nio-webserver-r",1419290113728377,123802,"Running"
29136,"nio-webserver-r",1419290113852179,190625,"S"
29136,"nio-webserver-r",1419290114042804,61094,"R"
29136,"nio-webserver-r",1419290114103898,150156,"Running"
29136,"nio-webserver-r",1419290114254054,217604,"S"
29136,"nio-webserver-r",1419290114471658,32865,"R"
29136,"nio-webserver-r",1419290114504523,52031,"Running"
29136,"nio-webserver-r",1419290114556554,17604,"R"
29136,"nio-webserver-r",1419290114574158,106771,"Running"
29136,"nio-webserver-r",1419290114680929,15782,"R"
29136,"nio-webserver-r",1419290114696711,32500,"Running"
29136,"nio-webserver-r",1419290114729211,23125,"R"
29136,"nio-webserver-r",1419290114752336,143281,"Running"
29284,"NIO-Worker",1419290114870461,15312,"R"
29284,"NIO-Worker",1419290114885773,395781,"Running"
29136,"nio-webserver-r",1419290114895617,40416,"R"
29136,"nio-webserver-r",1419290114936033,23125,"Running"
29136,"nio-webserver-r",1419290114959158,12534532,"S"
29284,"NIO-Worker",1419290115281554,7537657,"S"
29284,"NIO-Worker",1419290122819211,12812,"R"
29284,"NIO-Worker",1419290122832023,200000,"Running"
29284,"NIO-Worker",1419290123032023,43542,"S"
29284,"NIO-Worker",1419290123075565,18437,"R"
29284,"NIO-Worker",1419290123094002,324844,"Running"
29284,"NIO-Worker",1419290123418846,328021,"S"
29284,"NIO-Worker",1419290123746867,15312,"R"
29284,"NIO-Worker",1419290123762179,30625,"Running"
29284,"NIO-Worker",1419290123792804,85157,"R+"
29284,"NIO-Worker",1419290123877961,4843,"Running"
29284,"NIO-Worker",1419290123882804,127344,"S"
29284,"NIO-Worker",1419290124010148,15000,"R"
29284,"NIO-Worker",1419290124025148,204375,"Running"
29284,"NIO-Worker",1419290124229523,256875,"S"
29284,"NIO-Worker",1419290124486398,28750,"R"
29284,"NIO-Worker",1419290124515148,15000,"Running"
29284,"NIO-Worker",1419290124530148,60156,"S"
29284,"NIO-Worker",1419290124590304,27136,"R"
29284,"NIO-Worker",1419290124617440,43125,"Running"
29284,"NIO-Worker",1419290124660565,45312,"S"
29284,"NIO-Worker",1419290124705877,34271,"R"
29284,"NIO-Worker",1419290124740148,243281,"Running"
29284,"NIO-Worker",1419290124983429,17500,"R"
29284,"NIO-Worker",1419290125000929,2257604,"Running"
29284,"NIO-Worker",1419290127258533,22553,"S"
29284,"NIO-Worker",1419290127281086,15729,"R"
29284,"NIO-Worker",1419290127296815,252552,"Running"
29165,"nio-stream-prod",1419290127400304,16511,"R"
29165,"nio-stream-prod",1419290127416815,79114,"Running"
29136,"nio-webserver-r",1419290127493690,36146,"R"
29165,"nio-stream-prod",1419290127495929,104432032,"S"
29136,"nio-webserver-r",1419290127529836,382812,"Running"
29284,"NIO-Worker",1419290127549367,411267187,"S"
29136,"nio-webserver-r",1419290127912648,38298229,"S"
29136,"nio-webserver-r",1419290166210877,46927,"R"
29136,"nio-webserver-r",1419290166257804,117500,"Running"
29136,"nio-webserver-r",1419290166375304,73542,"S"
29136,"nio-webserver-r",1419290166448846,10365,"R"
29136,"nio-webserver-r",1419290166459211,8854,"Running"
29136,"nio-webserver-r",1419290166468065,33958,"S"
29136,"nio-webserver-r",1419290166502023,45313,"R"
29136,"nio-webserver-r",1419290166547336,175260,"Running"
29136,"nio-webserver-r",1419290166722596,144219,"S"
29136,"nio-webserver-r",1419290166866815,43958,"R"
29136,"nio-webserver-r",1419290166910773,200625,"Running"
29136,"nio-webserver-r",1419290167111398,46979,"R"
29136,"nio-webserver-r",1419290167158377,134584,"Running"
29285,"NIO-Worker",1419290167251242,41719,"R"
29136,"nio-webserver-r",1419290167292961,10251562,"S"
29285,"NIO-Worker",1419290167292961,354010,"Running"
29285,"NIO-Worker",1419290167646971,5267240,"S"
29285,"NIO-Worker",1419290172914211,70104,"R"
29285,"NIO-Worker",1419290172984315,261614,"Running"
29285,"NIO-Worker",1419290173245929,52032,"S"
29285,"NIO-Worker",1419290173297961,12291,"R"
29285,"NIO-Worker",1419290173310252,298802,"Running"
29285,"NIO-Worker",1419290173609054,280313,"S"
29285,"NIO-Worker",1419290173889367,16094,"R"
29285,"NIO-Worker",1419290173905461,38281,"Running"
29285,"NIO-Worker",1419290173943742,75156,"R+"
29285,"NIO-Worker",1419290174018898,4531,"Running"
29285,"NIO-Worker",1419290174023429,100313,"S"
29285,"NIO-Worker",1419290174123742,15312,"R"
29285,"NIO-Worker",1419290174139054,129844,"Running"
29285,"NIO-Worker",1419290174268898,12656,"R"
29285,"NIO-Worker",1419290174281554,79375,"Running"
29285,"NIO-Worker",1419290174360929,250261,"S"
29285,"NIO-Worker",1419290174611190,16458,"R"
29285,"NIO-Worker",1419290174627648,18281,"Running"
29285,"NIO-Worker",1419290174645929,63125,"S"
29285,"NIO-Worker",1419290174709054,16198,"R"
29285,"NIO-Worker",1419290174725252,61615,"Running"
29285,"NIO-Worker",1419290174786867,50312,"S"
29285,"NIO-Worker",1419290174837179,15729,"R"
29285,"NIO-Worker",1419290174852908,703646,"Running"
29285,"NIO-Worker",1419290175556554,15157,"R"
29285,"NIO-Worker",1419290175571711,1789947,"Running"
29285,"NIO-Worker",1419290177361658,35365,"R+"
29285,"NIO-Worker",1419290177397023,184948,"Running"
29136,"nio-webserver-r",1419290177544523,14479,"R"
29136,"nio-webserver-r",1419290177559002,349271,"Running"
29285,"NIO-Worker",1419290177581971,413271458,"S"
29136,"nio-webserver-r",1419290177908273,40049531,"S"
29136,"nio-webserver-r",1419290217957804,22969,"R"
29136,"nio-webserver-r",1419290217980773,112969,"Running"
29136,"nio-webserver-r",1419290218093742,161198,"S"
29136,"nio-webserver-r",1419290218254940,62239,"R"
29136,"nio-webserver-r",1419290218317179,187604,"Running"
29136,"nio-webserver-r",1419290218504783,463125,"S"
29136,"nio-webserver-r",1419290218967908,55625,"R"
29136,"nio-webserver-r",1419290219023533,329740,"Running"
29286,"NIO-Worker",1419290219319836,14375,"R"
29286,"NIO-Worker",1419290219334211,356875,"Running"
29136,"nio-webserver-r",1419290219353273,12669844,"S"
29286,"NIO-Worker",1419290219691086,7473697,"S"
29286,"NIO-Worker",1419290227164783,14844,"R"
29286,"NIO-Worker",1419290227179627,212656,"Running"
29286,"NIO-Worker",1419290227392283,18178,"S"
29286,"NIO-Worker",1419290227410461,286979,"Running"
29286,"NIO-Worker",1419290227697440,187187,"S"
29286,"NIO-Worker",1419290227884627,50521,"R"
29286,"NIO-Worker",1419290227935148,23698,"Running"
29286,"NIO-Worker",1419290227958846,214896,"S"
29286,"NIO-Worker",1419290228173742,55781,"R"
29286,"NIO-Worker",1419290228229523,212760,"Running"
29286,"NIO-Worker",1419290228442283,242553,"S"
29286,"NIO-Worker",1419290228684836,22760,"R"
29286,"NIO-Worker",1419290228707596,22187,"Running"
29286,"NIO-Worker",1419290228729783,59063,"R+"
29286,"NIO-Worker",1419290228788846,79583,"Running"
29286,"NIO-Worker",1419290228868429,39948,"R+"
29286,"NIO-Worker",1419290228908377,421146,"Running"
29286,"NIO-Worker",1419290229329523,34635,"R"
29286,"NIO-Worker",1419290229364158,1878021,"Running"
29286,"NIO-Worker",1419290231242179,33750,"R"
29286,"NIO-Worker",1419290231275929,474636,"Running"
29286,"NIO-Worker",1419290231750565,36302,"S"
29286,"NIO-Worker",1419290231786867,17031,"R"
29286,"NIO-Worker",1419290231803898,263281,"Running"
29165,"nio-stream-prod",1419290231927961,22656,"R"
29165,"nio-stream-prod",1419290231950617,86875,"Running"
29136,"nio-webserver-r",1419290232023117,44062,"R"
29165,"nio-stream-prod",1419290232037492,103776354,"S"
29136,"nio-webserver-r",1419290232067179,186250,"Running"
29286,"NIO-Worker",1419290232067179,408342969,"S"
29136,"nio-webserver-r",1419290232253429,162813,"R+"
29136,"nio-webserver-r",1419290232416242,290156,"Running"
29136,"nio-webserver-r",1419290232706398,40296406,"S"
29136,"nio-webserver-r",1419290273002804,125313,"R"
29136,"nio-webserver-r",1419290273128117,74948,"Running"
29136,"nio-webserver-r",1419290273203065,12187,"R"
29136,"nio-webserver-r",1419290273215252,53594,"Running"
29136,"nio-webserver-r",1419290273268846,15677,"S"
29136,"nio-webserver-r",1419290273284523,33281,"R"
29136,"nio-webserver-r",1419290273317804,179479,"Running"
29136,"nio-webserver-r",1419290273497283,782553,"S"
29136,"nio-webserver-r",1419290274279836,65781,"R"
29136,"nio-webserver-r",1419290274345617,48281,"Running"
29136,"nio-webserver-r",1419290274393898,11667,"R+"
29136,"nio-webserver-r",1419290274405565,223021,"Running"
29136,"nio-webserver-r",1419290274628586,9687,"R"
29136,"nio-webserver-r",1419290274638273,112813,"Running"
29138,"NIO-Worker",1419290274701346,48021,"R"
29138,"NIO-Worker",1419290274749367,495156,"Running"
29136,"nio-webserver-r",1419290274751086,4676250,"S"
29138,"NIO-Worker",1419290275244523,8438,"R+"
29138,"NIO-Worker",1419290275252961,216875,"Running"
29138,"NIO-Worker",1419290275469836,15260,"S"
29138,"NIO-Worker",1419290275485096,212031,"Running"
29138,"NIO-Worker",1419290275697127,140365,"S"
29138,"NIO-Worker",1419290275837492,28750,"R"
29138,"NIO-Worker",1419290275866242,23073,"Running"
29138,"NIO-Worker",1419290275889315,17396,"R+"
29138,"NIO-Worker",1419290275906711,5000,"Running"
29138,"NIO-Worker",1419290275911711,177968,"S"
29138,"NIO-Worker",1419290276089679,24063,"R"
29138,"NIO-Worker",1419290276113742,212135,"Running"
29138,"NIO-Worker",1419290276325877,255365,"S"
29138,"NIO-Worker",1419290276581242,18594,"R"
29138,"NIO-Worker",1419290276599836,16250,"Running"
29138,"NIO-Worker",1419290276616086,67031,"S"
29138,"NIO-Worker",1419290276683117,21094,"R"
29138,"NIO-Worker",1419290276704211,42187,"Running"
29138,"NIO-Worker",1419290276746398,48594,"S"
29138,"NIO-Worker",1419290276794992,18281,"R"
29138,"NIO-Worker",1419290276813273,2455729,"Running"
29138,"NIO-Worker",1419290279269002,19271,"S"
29138,"NIO-Worker",1419290279288273,14635,"R"
29138,"NIO-Worker",1419290279302908,158334,"Running"
29136,"nio-webserver-r",1419290279427336,11041,"R"
29136,"nio-webserver-r",1419290279438377,263021,"Running"
29138,"NIO-Worker",1419290279461242,413812968,"S"
29136,"nio-webserver-r",1419290279701398,46580417,"S"
29136,"nio-webserver-r",1419290326281815,13645,"R"
29136,"nio-webserver-r",1419290326295460,241719,"Running"
29136,"nio-webserver-r",1419290326537179,10625,"S"
29136,"nio-webserver-r",1419290326547804,25104,"R"
29136,"nio-webserver-r",1419290326572908,8750,"Running"
29136,"nio-webserver-r",1419290326581658,22396,"S"
29136,"nio-webserver-r",1419290326604054,16250,"R"
29136,"nio-webserver-r",1419290326620304,156979,"Running"
29136,"nio-webserver-r",1419290326777283,554584,"S"
29136,"nio-webserver-r",1419290327331867,66406,"R"
29136,"nio-webserver-r",1419290327398273,298385,"Running"
29252,"NIO-Worker",1419290327667127,12656,"R"
29252,"NIO-Worker",1419290327679783,363334,"Running"
29136,"nio-webserver-r",1419290327696658,8198959,"S"
29252,"NIO-Worker",1419290328043117,3099010,"S"
29252,"NIO-Worker",1419290331142127,12552,"R"
29252,"NIO-Worker",1419290331154679,79688,"Running"
29252,"NIO-Worker",1419290331234367,13593,"R"
29252,"NIO-Worker",1419290331247960,395625,"Running"
29252,"NIO-Worker",1419290331643585,151511,"S"
29252,"NIO-Worker",1419290331795096,30521,"R"
29252,"NIO-Worker",1419290331825617,37760,"Running"
29252,"NIO-Worker",1419290331863377,204844,"R+"
29252,"NIO-Worker",1419290332068221,13958,"Running"
29252,"NIO-Worker",1419290332082179,249375,"S"
29252,"NIO-Worker",1419290332331554,14219,"R"
29252,"NIO-Worker",1419290332345773,189687,"Running"
29252,"NIO-Worker",1419290332535460,321563,"S"
29252,"NIO-Worker",1419290332857023,66510,"R"
29252,"NIO-Worker",1419290332923533,47084,"Running"
29252,"NIO-Worker",1419290332970617,52812,"S"
29252,"NIO-Worker",1419290333023429,27136,"R"
29252,"NIO-Worker",1419290333050565,64375,"Running"
29252,"NIO-Worker",1419290333114940,40989,"S"
29252,"NIO-Worker",1419290333155929,52344,"R"
29252,"NIO-Worker",1419290333208273,2476354,"Running"
29252,"NIO-Worker",1419290335684627,31458,"R+"
29252,"NIO-Worker",1419290335716085,206250,"Running"
29165,"nio-stream-prod",1419290335813846,15781,"R"
29165,"nio-stream-prod",1419290335829627,89896,"Running"
29136,"nio-webserver-r",1419290335895617,22031,"R"
29136,"nio-webserver-r",1419290335917648,355781,"Running"
29165,"nio-stream-prod",1419290335919523,101931562,"S"
29252,"NIO-Worker",1419290335922335,411047136,"S"
29136,"nio-webserver-r",1419290336273429,40597500,"S"
29136,"nio-webserver-r",1419290376870929,20729,"R"
29136,"nio-webserver-r",1419290376891658,119115,"Running"
29136,"nio-webserver-r",1419290377010773,98073,"S"
29136,"nio-webserver-r",1419290377108846,26302,"R"
29136,"nio-webserver-r",1419290377135148,183437,"Running"
29136,"nio-webserver-r",1419290377318585,522500,"S"
29136,"nio-webserver-r",1419290377841085,45625,"R"
29136,"nio-webserver-r",1419290377886710,357188,"Running"
29267,"NIO-Worker",1419290378188585,34844,"R"
29267,"NIO-Worker",1419290378223429,302969,"Running"
29136,"nio-webserver-r",1419290378243898,7109167,"S"
29267,"NIO-Worker",1419290378526398,2130000,"S"
29267,"NIO-Worker",1419290380656398,11562,"R"
29267,"NIO-Worker",1419290380667960,402500,"Running"
29267,"NIO-Worker",1419290381070460,171355,"R+"
29267,"NIO-Worker",1419290381241815,9843,"Running"
29267,"NIO-Worker",1419290381251658,224844,"S"
29267,"NIO-Worker",1419290381476502,11771,"R"
29267,"NIO-Worker",1419290381488273,41510,"Running"
29267,"NIO-Worker",1419290381529783,218125,"S"
29267,"NIO-Worker",1419290381747908,30521,"R"
29267,"NIO-Worker",1419290381778429,129688,"Running"
29267,"NIO-Worker",1419290381908117,174010,"R"
29267,"NIO-Worker",1419290382082127,103177,"Running"
29267,"NIO-Worker",1419290382185304,201511,"R+"
29267,"NIO-Worker",1419290382386815,9687,"Running"
29267,"NIO-Worker",1419290382396502,18021,"S"
29267,"NIO-Worker",1419290382414523,10312,"R"
29267,"NIO-Worker",1419290382424835,18698,"Running"
29267,"NIO-Worker",1419290382443533,33802,"S"
29267,"NIO-Worker",1419290382477335,15782,"R"
29267,"NIO-Worker",1419290382493117,67760,"Running"
29267,"NIO-Worker",1419290382560877,62344,"S"
29267,"NIO-Worker",1419290382623221,19375,"R"
29267,"NIO-Worker",1419290382642596,2242083,"Running"
29267,"NIO-Worker",1419290384884679,33594,"R"
29267,"NIO-Worker",1419290384918273,263854,"Running"
29267,"NIO-Worker",1419290385182127,32240,"S"
29267,"NIO-Worker",1419290385214367,17343,"R"
29267,"NIO-Worker",1419290385231710,166980,"Running"
29136,"nio-webserver-r",1419290385353065,22395,"R"
29136,"nio-webserver-r",1419290385375460,359844,"Running"
29267,"NIO-Worker",1419290385398690,416111302,"S"
29136,"nio-webserver-r",1419290385735304,45980104,"S"
29136,"nio-webserver-r",1419290431715408,52240,"R"
29136,"nio-webserver-r",1419290431767648,96406,"Running"
29136,"nio-webserver-r",1419290431864054,105573,"R+"
29136,"nio-webserver-r",1419290431969627,116615,"Running"
29136,"nio-webserver-r",1419290432086242,18229,"R+"
29136,"nio-webserver-r",1419290432104471,17031,"Running"
29136,"nio-webserver-r",1419290432121502,5156,"S"
29136,"nio-webserver-r",1419290432126658,38959,"R"
29136,"nio-webserver-r",1419290432165617,145312,"Running"
29136,"nio-webserver-r",1419290432310929,527813,"S"
29136,"nio-webserver-r",1419290432838742,41406,"R"
29136,"nio-webserver-r",1419290432880148,305156,"Running"
29277,"NIO-Worker",1419290433152596,17187,"R"
29277,"NIO-Worker",1419290433169783,314740,"Running"
29136,"nio-webserver-r",1419290433185304,4844479,"S"
29277,"NIO-Worker",1419290433484523,8437,"S"
29277,"NIO-Worker",1419290433492960,13855,"R"
29277,"NIO-Worker",1419290433506815,606458,"Running"
29277,"NIO-Worker",1419290434113273,135781,"S"
29277,"NIO-Worker",1419290434249054,25729,"R"
29277,"NIO-Worker",1419290434274783,24688,"Running"
29277,"NIO-Worker",1419290434299471,176250,"S"
29277,"NIO-Worker",1419290434475721,22031,"R"
29277,"NIO-Worker",1419290434497752,227552,"Running"
29277,"NIO-Worker",1419290434725304,48438,"R+"
29277,"NIO-Worker",1419290434773742,5104,"Running"
29277,"NIO-Worker",1419290434778846,199583,"S"
29277,"NIO-Worker",1419290434978429,10156,"R"
29277,"NIO-Worker",1419290434988585,18594,"Running"
29277,"NIO-Worker",1419290435007179,41406,"S"
29277,"NIO-Worker",1419290435048585,14480,"R"
29277,"NIO-Worker",1419290435063065,40989,"Running"
29277,"NIO-Worker",1419290435104054,40625,"S"
29277,"NIO-Worker",1419290435144679,13750,"R"
29277,"NIO-Worker",1419290435158429,2485729,"Running"
29277,"NIO-Worker",1419290437644158,8177,"R+"
29277,"NIO-Worker",1419290437652335,8542,"Running"
29277,"NIO-Worker",1419290437660877,2552,"S"
29277,"NIO-Worker",1419290437663429,88438,"R"
29277,"NIO-Worker",1419290437751867,311406,"Running"
29165,"nio-stream-prod",1419290437851085,11719,"R"
29165,"nio-stream-prod",1419290437862804,74219,"Running"
29165,"nio-stream-prod",1419290437937023,106535156,"S"
29136,"nio-webserver-r",1419290438029783,17396,"R"
29136,"nio-webserver-r",1419290438047179,320156,"Running"
29277,"NIO-Worker",1419290438063273,413677916,"S"
29136,"nio-webserver-r",1419290438367335,45617188,"S"
29136,"nio-webserver-r",1419290483984523,69010,"R"
29136,"nio-webserver-r",1419290484053533,96146,"Running"
29136,"nio-webserver-r",1419290484149679,133906,"S"
29136,"nio-webserver-r",1419290484283585,35573,"R"
29136,"nio-webserver-r",1419290484319158,181146,"Running"
29136,"nio-webserver-r",1419290484500304,606511,"S"
29136,"nio-webserver-r",1419290485106815,24270,"R"
29136,"nio-webserver-r",1419290485131085,289375,"Running"
29136,"nio-webserver-r",1419290485420460,22605,"R"
29136,"nio-webserver-r",1419290485443065,115156,"Running"
29279,"NIO-Worker",1419290485518585,22292,"R"
29279,"NIO-Worker",1419290485540877,356563,"Running"
29136,"nio-webserver-r",1419290485558221,14117864,"S"
29279,"NIO-Worker",1419290485897440,8714687,"S"
29279,"NIO-Worker",1419290494612127,11563,"R"
29279,"NIO-Worker",1419290494623690,224531,"Running"
29279,"NIO-Worker",1419290494848221,65364,"S"
29279,"NIO-Worker",1419290494913585,34375,"R"
29279,"NIO-Worker",1419290494947960,199844,"Running"
29279,"NIO-Worker",1419290495147804,70261,"R"
29279,"NIO-Worker",1419290495218065,137552,"Running"
29279,"NIO-Worker",1419290495355617,131875,"S"
29279,"NIO-Worker",1419290495487492,103385,"R"
29279,"NIO-Worker",1419290495590877,37240,"Running"
29279,"NIO-Worker",1419290495628117,481406,"R+"
29279,"NIO-Worker",1419290496109523,209375,"Running"
29279,"NIO-Worker",1419290496318898,255260,"R+"
29279,"NIO-Worker",1419290496574158,27084,"Running"
29279,"NIO-Worker",1419290496601242,34843,"S"
29279,"NIO-Worker",1419290496636085,13438,"R"
29279,"NIO-Worker",1419290496649523,42344,"Running"
29279,"NIO-Worker",1419290496691867,64531,"S"
29279,"NIO-Worker",1419290496756398,14167,"R"
29279,"NIO-Worker",1419290496770565,1188645,"Running"
29279,"NIO-Worker",1419290497959210,41563,"R"
29279,"NIO-Worker",1419290498000773,217187,"Running"
29279,"NIO-Worker",1419290498217960,20782,"R"
29279,"NIO-Worker",1419290498238742,75885,"Running"
29279,"NIO-Worker",1419290498314627,23646,"R"
29279,"NIO-Worker",1419290498338273,280469,"Running"
29279,"NIO-Worker",1419290498618742,60156,"R"
29279,"NIO-Worker",1419290498678898,131250,"Running"
29279,"NIO-Worker",1419290498810148,69635,"R+"
29279,"NIO-Worker",1419290498879783,617032,"Running"
29279,"NIO-Worker",1419290499496815,46145,"R+"
29279,"NIO-Worker",1419290499542960,175313,"Running"
29136,"nio-webserver-r",1419290499676085,11407,"R"
29136,"nio-webserver-r",1419290499687492,384010,"Running"
29279,"NIO-Worker",1419290499718273,403066875,"S"
29136,"nio-webserver-r",1419290500071502,37319896,"S"
29136,"nio-webserver-r",1419290537391398,50000,"R"
29136,"nio-webserver-r",1419290537441398,137812,"Running"
29136,"nio-webserver-r",1419290537579210,146719,"S"
29136,"nio-webserver-r",1419290537725929,36823,"R"
29136,"nio-webserver-r",1419290537762752,157708,"Running"
29136,"nio-webserver-r",1419290537920460,531355,"S"
29136,"nio-webserver-r",1419290538451815,79583,"R"
29136,"nio-webserver-r",1419290538531398,315312,"Running"
29284,"NIO-Worker",1419290538816554,24375,"R"
29284,"NIO-Worker",1419290538840929,331406,"Running"
29136,"nio-webserver-r",1419290538846710,5757813,"S"
29284,"NIO-Worker",1419290539172335,1037500,"S"
29284,"NIO-Worker",1419290540209835,32292,"R"
29284,"NIO-Worker",1419290540242127,21302,"Running"
29284,"NIO-Worker",1419290540263429,20156,"R"
29284,"NIO-Worker",1419290540283585,134844,"Running"
29284,"NIO-Worker",1419290540418429,60156,"R"
29284,"NIO-Worker",1419290540478585,269167,"Running"
29284,"NIO-Worker",1419290540747752,163125,"S"
29284,"NIO-Worker",1419290540910877,23333,"R"
29284,"NIO-Worker",1419290540934210,36407,"Running"
29284,"NIO-Worker",1419290540970617,192812,"S"
29284,"NIO-Worker",1419290541163429,13125,"R"
29284,"NIO-Worker",1419290541176554,183854,"Running"
29284,"NIO-Worker",1419290541360408,233177,"S"
29284,"NIO-Worker",1419290541593585,43125,"R"
29284,"NIO-Worker",1419290541636710,27032,"Running"
29284,"NIO-Worker",1419290541663742,45468,"S"
29284,"NIO-Worker",1419290541709210,28125,"R"
29284,"NIO-Worker",1419290541737335,68125,"Running"
29284,"NIO-Worker",1419290541805460,63386,"S"
29284,"NIO-Worker",1419290541868846,43750,"R"
29284,"NIO-Worker",1419290541912596,2434583,"Running"
29284,"NIO-Worker",1419290544347179,34167,"S"
29284,"NIO-Worker",1419290544381346,14062,"R"
29284,"NIO-Worker",1419290544395408,173959,"Running"
29165,"nio-stream-prod",1419290544472179,28386,"R"
29165,"nio-stream-prod",1419290544500565,17864,"Running"
29165,"nio-stream-prod",1419290544518429,17969,"R"
29165,"nio-stream-prod",1419290544536398,56667,"Running"
29284,"NIO-Worker",1419290544569367,20468,"R"
29284,"NIO-Worker",1419290544589835,53386,"Running"
29165,"nio-stream-prod",1419290544593065,100545000,"S"
29136,"nio-webserver-r",1419290544604523,11875,"R"
29136,"nio-webserver-r",1419290544616398,183437,"Running"
29284,"NIO-Worker",1419290544643221,413022343,"S"
29136,"nio-webserver-r",1419290544799835,144219,"R+"
29136,"nio-webserver-r",1419290544944054,210000,"Running"
29136,"nio-webserver-r",1419290545154054,43786563,"S"
29136,"nio-webserver-r",1419290588940617,38281,"R"
29136,"nio-webserver-r",1419290588978898,126354,"Running"
29136,"nio-webserver-r",1419290589105252,81458,"S"
29136,"nio-webserver-r",1419290589186710,37448,"R"
29136,"nio-webserver-r",1419290589224158,174375,"Running"
29136,"nio-webserver-r",1419290589398533,776927,"S"
29136,"nio-webserver-r",1419290590175460,55105,"R"
29136,"nio-webserver-r",1419290590230565,125833,"Running"
29136,"nio-webserver-r",1419290590356398,278542,"R"
29136,"nio-webserver-r",1419290590634940,193281,"Running"
29136,"nio-webserver-r",1419290590828221,20781,"R+"
29136,"nio-webserver-r",1419290590849002,61406,"Running"
29285,"NIO-Worker",1419290590853429,54636,"R"
29285,"NIO-Worker",1419290590908065,348281,"Running"
29136,"nio-webserver-r",1419290590910408,7385365,"S"
29285,"NIO-Worker",1419290591256346,2245000,"S"
29285,"NIO-Worker",1419290593501346,48646,"R"
29285,"NIO-Worker",1419290593549992,211510,"Running"
29285,"NIO-Worker",1419290593761502,184427,"S"
29285,"NIO-Worker",1419290593945929,12656,"R"
29285,"NIO-Worker",1419290593958585,307917,"Running"
29285,"NIO-Worker",1419290594266502,166719,"S"
29285,"NIO-Worker",1419290594433221,58489,"R"
29285,"NIO-Worker",1419290594491710,22813,"Running"
29285,"NIO-Worker",1419290594514523,206719,"S"
29285,"NIO-Worker",1419290594721242,16562,"R"
29285,"NIO-Worker",1419290594737804,282813,"Running"
29285,"NIO-Worker",1419290595020617,309531,"S"
29285,"NIO-Worker",1419290595330148,21406,"R"
29285,"NIO-Worker",1419290595351554,25313,"Running"
29285,"NIO-Worker",1419290595376867,8073,"R+"
29285,"NIO-Worker",1419290595384940,7552,"Running"
29285,"NIO-Worker",1419290595392492,45625,"S"
29285,"NIO-Worker",1419290595438117,34375,"R"
29285,"NIO-Worker",1419290595472492,47968,"Running"
29285,"NIO-Worker",1419290595520460,42761,"S"
29285,"NIO-Worker",1419290595563221,25989,"R"
29285,"NIO-Worker",1419290595589210,2531511,"Running"
29285,"NIO-Worker",1419290598120721,28177,"S"
29285,"NIO-Worker",1419290598148898,18906,"R"
29285,"NIO-Worker",1419290598167804,184167,"Running"
29136,"nio-webserver-r",1419290598295773,32031,"R"
29136,"nio-webserver-r",1419290598327804,194688,"Running"
29285,"NIO-Worker",1419290598351971,411600989,"S"
29136,"nio-webserver-r",1419290598522492,29218,"R+"
29136,"nio-webserver-r",1419290598551710,170625,"Running"
29136,"nio-webserver-r",1419290598722335,40530730,"S"
29136,"nio-webserver-r",1419290639253065,61927,"R"
29136,"nio-webserver-r",1419290639314992,121093,"Running"
29136,"nio-webserver-r",1419290639436085,17969,"R+"
29136,"nio-webserver-r",1419290639454054,20781,"Running"
29136,"nio-webserver-r",1419290639474835,5157,"S"
29136,"nio-webserver-r",1419290639479992,66093,"R"
29136,"nio-webserver-r",1419290639546085,168907,"Running"
29136,"nio-webserver-r",1419290639714992,365000,"S"
29136,"nio-webserver-r",1419290640079992,36354,"R"
29136,"nio-webserver-r",1419290640116346,314427,"Running"
29286,"NIO-Worker",1419290640410148,60469,"R"
29136,"nio-webserver-r",1419290640430773,48229,"R"
29286,"NIO-Worker",1419290640470617,385468,"Running"
29136,"nio-webserver-r",1419290640479002,33646,"Running"
29136,"nio-webserver-r",1419290640512648,4703542,"S"
29286,"NIO-Worker",1419290640856085,12761,"R+"
29286,"NIO-Worker",1419290640868846,142187,"Running"
29286,"NIO-Worker",1419290641011033,66563,"S"
29286,"NIO-Worker",1419290641077596,10000,"R"
29286,"NIO-Worker",1419290641087596,42812,"Running"
29286,"NIO-Worker",1419290641130408,13021,"S"
29286,"NIO-Worker",1419290641143429,52136,"Running"
29286,"NIO-Worker",1419290641195565,25000,"S"
29286,"NIO-Worker",1419290641220565,9427,"R"
29286,"NIO-Worker",1419290641229992,193906,"Running"
29286,"NIO-Worker",1419290641423898,113229,"S"
29286,"NIO-Worker",1419290641537127,14688,"R"
29286,"NIO-Worker",1419290641551815,35625,"Running"
29286,"NIO-Worker",1419290641587440,189895,"S"
29286,"NIO-Worker",1419290641777335,28438,"R"
29286,"NIO-Worker",1419290641805773,191406,"Running"
29286,"NIO-Worker",1419290641997179,213750,"S"
29286,"NIO-Worker",1419290642210929,16094,"R"
29286,"NIO-Worker",1419290642227023,34062,"Running"
29286,"NIO-Worker",1419290642261085,61250,"S"
29286,"NIO-Worker",1419290642322335,17448,"R"
29286,"NIO-Worker",1419290642339783,38959,"Running"
29286,"NIO-Worker",1419290642378742,43125,"S"
29286,"NIO-Worker",1419290642421867,14062,"R"
29286,"NIO-Worker",1419290642435929,2549948,"Running"
29286,"NIO-Worker",1419290644985877,19427,"R+"
29286,"NIO-Worker",1419290645005304,7813,"Running"
29286,"NIO-Worker",1419290645013117,27760,"S"
29286,"NIO-Worker",1419290645040877,202813,"Running"
29165,"nio-stream-prod",1419290645138065,12083,"R"
29165,"nio-stream-prod",1419290645150148,77135,"Running"
29136,"nio-webserver-r",1419290645216190,13333,"R"
29165,"nio-stream-prod",1419290645227283,106930782,"S"
29136,"nio-webserver-r",1419290645229523,172604,"Running"
29286,"NIO-Worker",1419290645243690,418975051,"S"
29136,"nio-webserver-r",1419290645402127,69375,"R+"
29136,"nio-webserver-r",1419290645471502,205208,"Running"
29136,"nio-webserver-r",1419290645676710,45877032,"S"
29136,"nio-webserver-r",1419290691553742,58906,"R"
29136,"nio-webserver-r",1419290691612648,196094,"Running"
29136,"nio-webserver-r",1419290691808742,96718,"S"
29136,"nio-webserver-r",1419290691905460,19375,"R"
29136,"nio-webserver-r",1419290691924835,4844,"Running"
29136,"nio-webserver-r",1419290691929679,127969,"S"
29136,"nio-webserver-r",1419290692057648,11250,"R"
29136,"nio-webserver-r",1419290692068898,22500,"Running"
29136,"nio-webserver-r",1419290692091398,22604,"R+"
29136,"nio-webserver-r",1419290692114002,149740,"Running"
29136,"nio-webserver-r",1419290692263742,599375,"S"
29136,"nio-webserver-r",1419290692863117,53906,"R"
29136,"nio-webserver-r",1419290692917023,134323,"Running"
29136,"nio-webserver-r",1419290693051346,33646,"R"
29136,"nio-webserver-r",1419290693084992,41666,"Running"
29136,"nio-webserver-r",1419290693126658,6771,"R"
29136,"nio-webserver-r",1419290693133429,173906,"Running"
29138,"NIO-Worker",1419290693274210,33125,"R"
29136,"nio-webserver-r",1419290693307335,6171094,"S"
29138,"NIO-Worker",1419290693307335,298750,"Running"
29138,"NIO-Worker",1419290693606085,771823,"S"
29138,"NIO-Worker",1419290694377908,28490,"R"
29138,"NIO-Worker",1419290694406398,118594,"Running"
29138,"NIO-Worker",1419290694524992,69010,"R"
29138,"NIO-Worker",1419290694594002,80208,"Running"
29138,"NIO-Worker",1419290694674210,89219,"S"
29138,"NIO-Worker",1419290694763429,17344,"R"
29138,"NIO-Worker",1419290694780773,295469,"Running"
29138,"NIO-Worker",1419290695076242,127968,"S"
29138,"NIO-Worker",1419290695204210,14063,"R"
29138,"NIO-Worker",1419290695218273,32187,"Running"
29138,"NIO-Worker",1419290695250460,67969,"R+"
29138,"NIO-Worker",1419290695318429,4375,"Running"
29138,"NIO-Worker",1419290695322804,137917,"S"
29138,"NIO-Worker",1419290695460721,16927,"R"
29138,"NIO-Worker",1419290695477648,358281,"Running"
29138,"NIO-Worker",1419290695835929,8281,"R"
29138,"NIO-Worker",1419290695844210,32813,"Running"
29138,"NIO-Worker",1419290695877023,68073,"R+"
29138,"NIO-Worker",1419290695945096,11614,"Running"
29138,"NIO-Worker",1419290695956710,148907,"S"
29138,"NIO-Worker",1419290696105617,13906,"R"
29138,"NIO-Worker",1419290696119523,33125,"Running"
29138,"NIO-Worker",1419290696152648,66406,"S"
29138,"NIO-Worker",1419290696219054,70156,"R"
29138,"NIO-Worker",1419290696289210,47188,"Running"
29138,"NIO-Worker",1419290696336398,48437,"S"
29138,"NIO-Worker",1419290696384835,32032,"R"
29138,"NIO-Worker",1419290696416867,424166,"Running"
29138,"NIO-Worker",1419290696841033,55209,"R"
29138,"NIO-Worker",1419290696896242,1045000,"Running"
29138,"NIO-Worker",1419290697941242,57135,"R"
29138,"NIO-Worker",1419290697998377,128125,"Running"
29138,"NIO-Worker",1419290698126502,279583,"R"
29138,"NIO-Worker",1419290698406085,856198,"Running"
29138,"NIO-Worker",1419290699262283,51563,"S"
29138,"NIO-Worker",1419290699313846,27552,"R"
29138,"NIO-Worker",1419290699341398,179687,"Running"
29136,"nio-webserver-r",1419290699478429,77656,"R"
29138,"NIO-Worker",1419290699521085,416567813,"S"
29136,"nio-webserver-r",1419290699556085,216875,"Running"
29136,"nio-webserver-r",1419290699772960,87136,"R+"
29136,"nio-webserver-r",1419290699860096,149114,"Running"
29136,"nio-webserver-r",1419290700009210,45141042,"S"
29136,"nio-webserver-r",1419290745150252,75052,"R"
29136,"nio-webserver-r",1419290745225304,297813,"Running"
29136,"nio-webserver-r",1419290745523117,235625,"S"
29136,"nio-webserver-r",1419290745758742,17656,"R"
29136,"nio-webserver-r",1419290745776398,16979,"Running"
29136,"nio-webserver-r",1419290745793377,17083,"S"
29136,"nio-webserver-r",1419290745810460,23125,"R"
29136,"nio-webserver-r",1419290745833585,225938,"Running"
29136,"nio-webserver-r",1419290746059523,416042,"S"
29136,"nio-webserver-r",1419290746475565,60520,"R"
29136,"nio-webserver-r",1419290746536085,478750,"Running"
29252,"NIO-Worker",1419290746969471,18750,"R"
29252,"NIO-Worker",1419290746988221,909427,"Running"
29136,"nio-webserver-r",1419290747014835,5238438,"S"
29252,"NIO-Worker",1419290747897648,82656,"R+"
29252,"NIO-Worker",1419290747980304,14011,"Running"
29252,"NIO-Worker",1419290747994315,186614,"S"
29252,"NIO-Worker",1419290748180929,25729,"R"
29252,"NIO-Worker",1419290748206658,39063,"Running"
29252,"NIO-Worker",1419290748245721,228646,"S"
29252,"NIO-Worker",1419290748474367,9218,"R"
29252,"NIO-Worker",1419290748483585,255469,"Running"
29252,"NIO-Worker",1419290748739054,202292,"R+"
29252,"NIO-Worker",1419290748941346,17969,"Running"
29252,"NIO-Worker",1419290748959315,252239,"S"
29252,"NIO-Worker",1419290749211554,11667,"R"
29252,"NIO-Worker",1419290749223221,15833,"Running"
29252,"NIO-Worker",1419290749239054,58750,"S"
29252,"NIO-Worker",1419290749297804,25938,"R"
29252,"NIO-Worker",1419290749323742,57500,"Running"
29252,"NIO-Worker",1419290749381242,52500,"S"
29252,"NIO-Worker",1419290749433742,32448,"R"
29252,"NIO-Worker",1419290749466190,2106614,"Running"
29252,"NIO-Worker",1419290751572804,53750,"R"
29252,"NIO-Worker",1419290751626554,390469,"Running"
29252,"NIO-Worker",1419290752017023,35156,"R+"
29252,"NIO-Worker",1419290752052179,233542,"Running"
29165,"nio-stream-prod",1419290752158065,14739,"R"
29165,"nio-stream-prod",1419290752172804,84636,"Running"
29136,"nio-webserver-r",1419290752253273,20156,"R"
29165,"nio-stream-prod",1419290752257440,117804270,"S"
29136,"nio-webserver-r",1419290752273429,385313,"Running"
29252,"NIO-Worker",1419290752285721,416706145,"S"
29136,"nio-webserver-r",1419290752658742,46529166,"S"
29136,"nio-webserver-r",1419290799187908,51719,"R"
29136,"nio-webserver-r",1419290799239627,208802,"Running"
29136,"nio-webserver-r",1419290799448429,43281,"R+"
29136,"nio-webserver-r",1419290799491710,17448,"Running"
29136,"nio-webserver-r",1419290799509158,29584,"S"
29136,"nio-webserver-r",1419290799538742,83125,"R"
29136,"nio-webserver-r",1419290799621867,147500,"Running"
29136,"nio-webserver-r",1419290799769367,1185781,"S"
29136,"nio-webserver-r",1419290800955148,45156,"R"
29136,"nio-webserver-r",1419290801000304,107292,"Running"
29136,"nio-webserver-r",1419290801107596,86146,"R+"
29136,"nio-webserver-r",1419290801193742,130156,"Running"
29136,"nio-webserver-r",1419290801323898,13750,"R"
29136,"nio-webserver-r",1419290801337648,198229,"Running"
29267,"NIO-Worker",1419290801509992,56718,"R"
29136,"nio-webserver-r",1419290801535877,61146,"R"
29267,"NIO-Worker",1419290801566710,326354,"Running"
29136,"nio-webserver-r",1419290801597023,38281,"Running"
29136,"nio-webserver-r",1419290801635304,8765417,"S"
29267,"NIO-Worker",1419290801893064,3104896,"S"
29267,"NIO-Worker",1419290804997960,29375,"R"
29267,"NIO-Worker",1419290805027335,547188,"Running"
29267,"NIO-Worker",1419290805574523,156250,"S"
29267,"NIO-Worker",1419290805730773,15781,"R"
29267,"NIO-Worker",1419290805746554,64531,"Running"
29267,"NIO-Worker",1419290805811085,42500,"R+"
29267,"NIO-Worker",1419290805853585,4219,"Running"
29267,"NIO-Worker",1419290805857804,155417,"S"
29267,"NIO-Worker",1419290806013221,19271,"R"
29267,"NIO-Worker",1419290806032492,142656,"Running"
29267,"NIO-Worker",1419290806175148,44010,"R"
29267,"NIO-Worker",1419290806219158,27396,"Running"
29267,"NIO-Worker",1419290806246554,220469,"R+"
29267,"NIO-Worker",1419290806467023,21094,"Running"
29267,"NIO-Worker",1419290806488117,15781,"R"
29267,"NIO-Worker",1419290806503898,42812,"Running"
29267,"NIO-Worker",1419290806546710,273594,"R+"
29267,"NIO-Worker",1419290806820304,12604,"Running"
29267,"NIO-Worker",1419290806832908,52188,"R+"
29267,"NIO-Worker",1419290806885096,42083,"Running"
29267,"NIO-Worker",1419290806927179,211875,"R+"
29267,"NIO-Worker",1419290807139054,23125,"Running"
29267,"NIO-Worker",1419290807162179,212604,"R"
29267,"NIO-Worker",1419290807374783,1507552,"Running"
29267,"NIO-Worker",1419290808882335,31407,"R"
29267,"NIO-Worker",1419290808913742,24479,"Running"
29267,"NIO-Worker",1419290808938221,149896,"R"
29267,"NIO-Worker",1419290809088117,1017343,"Running"
29267,"NIO-Worker",1419290810105460,34688,"S"
29267,"NIO-Worker",1419290810140148,18073,"R"
29267,"NIO-Worker",1419290810158221,278177,"Running"
29136,"nio-webserver-r",1419290810400721,14896,"R"
29136,"nio-webserver-r",1419290810415617,365468,"Running"
29267,"NIO-Worker",1419290810436398,410824531,"S"
29136,"nio-webserver-r",1419290810781085,39686354,"S"
29136,"nio-webserver-r",1419290850467439,34740,"R"
29136,"nio-webserver-r",1419290850502179,98906,"Running"
29136,"nio-webserver-r",1419290850601085,134375,"S"
29136,"nio-webserver-r",1419290850735460,12136,"R"
29136,"nio-webserver-r",1419290850747596,5156,"Running"
29136,"nio-webserver-r",1419290850752752,85625,"S"
29136,"nio-webserver-r",1419290850838377,11719,"R"
29136,"nio-webserver-r",1419290850850096,153125,"Running"
29136,"nio-webserver-r",1419290851003221,398333,"S"
29136,"nio-webserver-r",1419290851401554,50573,"R"
29136,"nio-webserver-r",1419290851452127,334115,"Running"
29277,"NIO-Worker",1419290851741189,16303,"R"
29277,"NIO-Worker",1419290851757492,270156,"Running"
29136,"nio-webserver-r",1419290851786242,18355468,"S"
29277,"NIO-Worker",1419290852027648,13607604,"S"
29277,"NIO-Worker",1419290865635252,13750,"R"
29277,"NIO-Worker",1419290865649002,214271,"Running"
29277,"NIO-Worker",1419290865863273,50000,"S"
29277,"NIO-Worker",1419290865913273,13750,"R"
29277,"NIO-Worker",1419290865927023,285625,"Running"
29277,"NIO-Worker",1419290866212648,135416,"S"
29277,"NIO-Worker",1419290866348064,15053,"R"
29277,"NIO-Worker",1419290866363117,35468,"Running"
29277,"NIO-Worker",1419290866398585,235104,"S"
29277,"NIO-Worker",1419290866633689,16459,"R"
29277,"NIO-Worker",1419290866650148,212812,"Running"
29277,"NIO-Worker",1419290866862960,249063,"S"
29277,"NIO-Worker",1419290867112023,18437,"R"
29277,"NIO-Worker",1419290867130460,22500,"Running"
29277,"NIO-Worker",1419290867152960,62813,"S"
29277,"NIO-Worker",1419290867215773,19219,"R"
29277,"NIO-Worker",1419290867234992,49062,"Running"
29277,"NIO-Worker",1419290867284054,53854,"S"
29277,"NIO-Worker",1419290867337908,17031,"R"
29277,"NIO-Worker",1419290867354939,2574115,"Running"
29277,"NIO-Worker",1419290869929054,32604,"R+"
29277,"NIO-Worker",1419290869961658,212969,"Running"
29165,"nio-stream-prod",1419290870061710,17188,"R"
29165,"nio-stream-prod",1419290870078898,84062,"Running"
29136,"nio-webserver-r",1419290870141710,16719,"R"
29136,"nio-webserver-r",1419290870158429,342188,"Running"
29165,"nio-stream-prod",1419290870162960,95726563,"S"
29277,"NIO-Worker",1419290870174627,401010989,"S"
29136,"nio-webserver-r",1419290870500617,10625,"R+"
29136,"nio-webserver-r",1419290870511242,52500,"Running"
29136,"nio-webserver-r",1419290870563742,30968281,"S"
29136,"nio-webserver-r",1419290901532023,45937,"R"
29136,"nio-webserver-r",1419290901577960,147969,"Running"
29136,"nio-webserver-r",1419290901725929,107969,"S"
29136,"nio-webserver-r",1419290901833898,50469,"R"
29136,"nio-webserver-r",1419290901884367,179947,"Running"
29136,"nio-webserver-r",1419290902064314,402553,"S"
29136,"nio-webserver-r",1419290902466867,21041,"R"
29136,"nio-webserver-r",1419290902487908,343490,"Running"
29279,"NIO-Worker",1419290902785148,46250,"R"
29136,"nio-webserver-r",1419290902831398,5036562,"S"
29279,"NIO-Worker",1419290902831398,237969,"Running"
29279,"NIO-Worker",1419290903069367,69166,"R"
29279,"NIO-Worker",1419290903138533,180156,"Running"
29279,"NIO-Worker",1419290903318689,109428,"S"
29279,"NIO-Worker",1419290903428117,12031,"R"
29279,"NIO-Worker",1419290903440148,165416,"Running"
29279,"NIO-Worker",1419290903605564,16928,"S"
29279,"NIO-Worker",1419290903622492,289062,"Running"
29279,"NIO-Worker",1419290903911554,132604,"S"
29279,"NIO-Worker",1419290904044158,18334,"R"
29279,"NIO-Worker",1419290904062492,27812,"Running"
29279,"NIO-Worker",1419290904090304,217604,"R+"
29279,"NIO-Worker",1419290904307908,176406,"Running"
29279,"NIO-Worker",1419290904484314,121459,"R+"
29279,"NIO-Worker",1419290904605773,9166,"Running"
29279,"NIO-Worker",1419290904614939,102969,"S"
29279,"NIO-Worker",1419290904717908,29271,"R"
29279,"NIO-Worker",1419290904747179,31250,"Running"
29279,"NIO-Worker",1419290904778429,72604,"S"
29279,"NIO-Worker",1419290904851033,52396,"R"
29279,"NIO-Worker",1419290904903429,52031,"Running"
29279,"NIO-Worker",1419290904955460,65469,"S"
29279,"NIO-Worker",1419290905020929,19323,"R"
29279,"NIO-Worker",1419290905040252,1177240,"Running"
29279,"NIO-Worker",1419290906217492,52656,"R"
29279,"NIO-Worker",1419290906270148,801354,"Running"
29279,"NIO-Worker",1419290907071502,51927,"R"
29279,"NIO-Worker",1419290907123429,570313,"Running"
29279,"NIO-Worker",1419290907693742,25156,"S"
29279,"NIO-Worker",1419290907718898,29844,"R"
29279,"NIO-Worker",1419290907748742,154010,"Running"
29136,"nio-webserver-r",1419290907867960,19479,"R"
29136,"nio-webserver-r",1419290907887439,364532,"Running"
29279,"NIO-Worker",1419290907902752,413672656,"S"
29136,"nio-webserver-r",1419290908251971,47223281,"S"
29136,"nio-webserver-r",1419290955475252,54896,"R"
29136,"nio-webserver-r",1419290955530148,126562,"Running"
29136,"nio-webserver-r",1419290955656710,61875,"S"
29136,"nio-webserver-r",1419290955718585,21563,"R"
29136,"nio-webserver-r",1419290955740148,8594,"Running"
29136,"nio-webserver-r",1419290955748742,32916,"S"
29136,"nio-webserver-r",1419290955781658,40781,"R"
29136,"nio-webserver-r",1419290955822439,194063,"Running"
29136,"nio-webserver-r",1419290956016502,1119115,"S"
29136,"nio-webserver-r",1419290957135617,66354,"R"
29136,"nio-webserver-r",1419290957201971,83333,"Running"
29136,"nio-webserver-r",1419290957285304,97760,"R"
29136,"nio-webserver-r",1419290957383064,322553,"Running"
29284,"NIO-Worker",1419290957665564,31928,"R"
29284,"NIO-Worker",1419290957697492,61250,"Running"
29136,"nio-webserver-r",1419290957705617,8280000,"S"
29284,"NIO-Worker",1419290957758742,45937,"R"
29284,"NIO-Worker",1419290957804679,292344,"Running"
29284,"NIO-Worker",1419290958097023,3669010,"S"
29284,"NIO-Worker",1419290961766033,12865,"R"
29284,"NIO-Worker",1419290961778898,563594,"Running"
29284,"NIO-Worker",1419290962342492,66822,"R+"
29284,"NIO-Worker",1419290962409314,49428,"Running"
29284,"NIO-Worker",1419290962458742,153906,"S"
29284,"NIO-Worker",1419290962612648,13906,"R"
29284,"NIO-Worker",1419290962626554,32031,"Running"
29284,"NIO-Worker",1419290962658585,139688,"R+"
29284,"NIO-Worker",1419290962798273,5000,"Running"
29284,"NIO-Worker",1419290962803273,67500,"S"
29284,"NIO-Worker",1419290962870773,24844,"R"
29284,"NIO-Worker",1419290962895617,207031,"Running"
29284,"NIO-Worker",1419290963102648,19010,"R+"
29284,"NIO-Worker",1419290963121658,9896,"Running"
29284,"NIO-Worker",1419290963131554,205781,"S"
29284,"NIO-Worker",1419290963337335,17032,"R"
29284,"NIO-Worker",1419290963354367,23593,"Running"
29284,"NIO-Worker",1419290963377960,65313,"S"
29284,"NIO-Worker",1419290963443273,61198,"R"
29284,"NIO-Worker",1419290963504471,117656,"Running"
29284,"NIO-Worker",1419290963622127,141771,"R+"
29284,"NIO-Worker",1419290963763898,1935781,"Running"
29284,"NIO-Worker",1419290965699679,20104,"S"
29284,"NIO-Worker",1419290965719783,61459,"R"
29284,"NIO-Worker",1419290965781242,242031,"Running"
29165,"nio-stream-prod",1419290965889523,131562,"R"
29136,"nio-webserver-r",1419290965985617,37656,"R"
29165,"nio-stream-prod",1419290966021085,77969,"Running"
29136,"nio-webserver-r",1419290966023273,234531,"Running"
29284,"NIO-Worker",1419290966023273,405528541,"S"
29165,"nio-stream-prod",1419290966099054,24219,"R"
29165,"nio-stream-prod",1419290966123273,22604,"Running"
29165,"nio-stream-prod",1419290966145877,19427,"R"
29165,"nio-stream-prod",1419290966165304,33125,"Running"
29165,"nio-stream-prod",1419290966198429,45885,"R"
29165,"nio-stream-prod",1419290966244314,46459,"Running"
29136,"nio-webserver-r",1419290966257804,90000,"R+"
29165,"nio-stream-prod",1419290966290773,23437,"R"
29165,"nio-stream-prod",1419290966314210,37188,"Running"
29136,"nio-webserver-r",1419290966347804,90573,"Running"
29165,"nio-stream-prod",1419290966351398,86979,"R"
29136,"nio-webserver-r",1419290966438377,14583,"S"
29165,"nio-stream-prod",1419290966438377,46562,"Running"
29136,"nio-webserver-r",1419290966452960,52604,"R"
29165,"nio-stream-prod",1419290966484939,114336927,"S"
29136,"nio-webserver-r",1419290966505564,118021,"Running"
29136,"nio-webserver-r",1419290966623585,20417,"R+"
29136,"nio-webserver-r",1419290966644002,81406,"Running"
29136,"nio-webserver-r",1419290966725408,32813,"R+"
29136,"nio-webserver-r",1419290966758221,87343,"Running"
29136,"nio-webserver-r",1419290966845564,41892240,"S"
29136,"nio-webserver-r",1419291008737804,37656,"R"
29136,"nio-webserver-r",1419291008775460,60938,"Running"
29136,"nio-webserver-r",1419291008836398,28125,"R"
29136,"nio-webserver-r",1419291008864523,57343,"Running"
29136,"nio-webserver-r",1419291008921866,126719,"S"
29136,"nio-webserver-r",1419291009048585,8906,"R"
29136,"nio-webserver-r",1419291009057491,4063,"Running"
29136,"nio-webserver-r",1419291009061554,42344,"S"
29136,"nio-webserver-r",1419291009103898,12031,"R"
29136,"nio-webserver-r",1419291009115929,146094,"Running"
29136,"nio-webserver-r",1419291009262023,352448,"S"
29136,"nio-webserver-r",1419291009614471,27864,"R"
29136,"nio-webserver-r",1419291009642335,78750,"Running"
29136,"nio-webserver-r",1419291009721085,20573,"R"
29136,"nio-webserver-r",1419291009741658,246719,"Running"
29285,"NIO-Worker",1419291009952960,15156,"R"
29285,"NIO-Worker",1419291009968116,344219,"Running"
29136,"nio-webserver-r",1419291009988377,9598802,"S"
29285,"NIO-Worker",1419291010312335,4825938,"S"
29285,"NIO-Worker",1419291015138273,16198,"R"
29285,"NIO-Worker",1419291015154471,237239,"Running"
29285,"NIO-Worker",1419291015391710,215469,"R"
29285,"NIO-Worker",1419291015607179,176562,"Running"
29285,"NIO-Worker",1419291015783741,138073,"R+"
29285,"NIO-Worker",1419291015921814,15365,"Running"
29285,"NIO-Worker",1419291015937179,3125,"S"
29285,"NIO-Worker",1419291015940304,8125,"R"
29285,"NIO-Worker",1419291015948429,31042,"Running"
29285,"NIO-Worker",1419291015979471,64114,"R+"
29285,"NIO-Worker",1419291016043585,4688,"Running"
29285,"NIO-Worker",1419291016048273,137812,"S"
29285,"NIO-Worker",1419291016186085,25313,"R"
29285,"NIO-Worker",1419291016211398,200156,"Running"
29285,"NIO-Worker",1419291016411554,225000,"S"
29285,"NIO-Worker",1419291016636554,8698,"R"
29285,"NIO-Worker",1419291016645252,11771,"Running"
29285,"NIO-Worker",1419291016657023,49323,"R+"
29285,"NIO-Worker",1419291016706346,10364,"Running"
29285,"NIO-Worker",1419291016716710,11250,"S"
29285,"NIO-Worker",1419291016727960,12656,"R"
29285,"NIO-Worker",1419291016740616,53230,"Running"
29285,"NIO-Worker",1419291016793846,48802,"R+"
29285,"NIO-Worker",1419291016842648,4531,"Running"
29285,"NIO-Worker",1419291016847179,59687,"S"
29285,"NIO-Worker",1419291016906866,23594,"R"
29285,"NIO-Worker",1419291016930460,2465886,"Running"
29285,"NIO-Worker",1419291019396346,26302,"S"
29285,"NIO-Worker",1419291019422648,15000,"R"
29285,"NIO-Worker",1419291019437648,186250,"Running"
29136,"nio-webserver-r",1419291019587179,15156,"R"
29136,"nio-webserver-r",1419291019602335,341250,"Running"
29285,"NIO-Worker",1419291019623898,406221666,"S"
29136,"nio-webserver-r",1419291019943585,43070000,"S"
29136,"nio-webserver-r",1419291063013585,68750,"R"
29136,"nio-webserver-r",1419291063082335,93906,"Running"
29136,"nio-webserver-r",1419291063176241,84063,"S"
29136,"nio-webserver-r",1419291063260304,9635,"R"
29136,"nio-webserver-r",1419291063269939,4219,"Running"
29136,"nio-webserver-r",1419291063274158,14740,"S"
29136,"nio-webserver-r",1419291063288898,36979,"R"
29136,"nio-webserver-r",1419291063325877,151927,"Running"
29136,"nio-webserver-r",1419291063477804,451094,"S"
29136,"nio-webserver-r",1419291063928898,44062,"R"
29136,"nio-webserver-r",1419291063972960,283125,"Running"
29286,"NIO-Worker",1419291064218741,22032,"R"
29286,"NIO-Worker",1419291064240773,303125,"Running"
29136,"nio-webserver-r",1419291064256085,16634688,"S"
29286,"NIO-Worker",1419291064543898,26198,"R"
29286,"NIO-Worker",1419291064570096,207864,"Running"
29286,"NIO-Worker",1419291064777960,11750886,"S"
29286,"NIO-Worker",1419291076528846,12552,"R"
29286,"NIO-Worker",1419291076541398,358698,"Running"
29286,"NIO-Worker",1419291076900096,35052,"R+"
29286,"NIO-Worker",1419291076935148,7291,"Running"
29286,"NIO-Worker",1419291076942439,81302,"S"
29286,"NIO-Worker",1419291077023741,27813,"R"
29286,"NIO-Worker",1419291077051554,61875,"Running"
29286,"NIO-Worker",1419291077113429,294687,"S"
29286,"NIO-Worker",1419291077408116,52188,"R"
29286,"NIO-Worker",1419291077460304,208281,"Running"
29286,"NIO-Worker",1419291077668585,217656,"S"
29286,"NIO-Worker",1419291077886241,16407,"R"
29286,"NIO-Worker",1419291077902648,13541,"Running"
29286,"NIO-Worker",1419291077916189,48646,"S"
29286,"NIO-Worker",1419291077964835,20625,"R"
29286,"NIO-Worker",1419291077985460,45469,"Running"
29286,"NIO-Worker",1419291078030929,64375,"S"
29286,"NIO-Worker",1419291078095304,60469,"R"
29286,"NIO-Worker",1419291078155773,84791,"Running"
29286,"NIO-Worker",1419291078240564,83959,"R"
29286,"NIO-Worker",1419291078324523,2368593,"Running"
29286,"NIO-Worker",1419291080693116,23282,"S"
29286,"NIO-Worker",1419291080716398,14531,"R"
29286,"NIO-Worker",1419291080730929,212500,"Running"
29165,"nio-stream-prod",1419291080821866,47761,"R"
29165,"nio-stream-prod",1419291080869627,94844,"Running"
29136,"nio-webserver-r",1419291080890773,29375,"R"
29136,"nio-webserver-r",1419291080920148,189218,"Running"
29286,"NIO-Worker",1419291080943429,396161823,"S"
29165,"nio-stream-prod",1419291080964471,92725052,"S"
29136,"nio-webserver-r",1419291081109366,57657,"R+"
29136,"nio-webserver-r",1419291081167023,40156,"Running"
29136,"nio-webserver-r",1419291081207179,39323,"R"
29136,"nio-webserver-r",1419291081246502,207083,"Running"
29136,"nio-webserver-r",1419291081453585,32827761,"S"
29136,"nio-webserver-r",1419291114281346,57083,"R"
29136,"nio-webserver-r",1419291114338429,151667,"Running"
29136,"nio-webserver-r",1419291114490096,68958,"R+"
29136,"nio-webserver-r",1419291114559054,146823,"Running"
29136,"nio-webserver-r",1419291114705877,14531,"S"
29136,"nio-webserver-r",1419291114720408,38906,"R"
29136,"nio-webserver-r",1419291114759314,10157,"Running"
29136,"nio-webserver-r",1419291114769471,36614,"S"
29136,"nio-webserver-r",1419291114806085,6563,"R"
29136,"nio-webserver-r",1419291114812648,68541,"Running"
29136,"nio-webserver-r",1419291114881189,74688,"R"
29136,"nio-webserver-r",1419291114955877,138021,"Running"
29136,"nio-webserver-r",1419291115093898,655000,"S"
29136,"nio-webserver-r",1419291115748898,40729,"R"
29136,"nio-webserver-r",1419291115789627,333750,"Running"
29138,"NIO-Worker",1419291116088898,14323,"R"
29138,"NIO-Worker",1419291116103221,348750,"Running"
29136,"nio-webserver-r",1419291116123377,5533958,"S"
29138,"NIO-Worker",1419291116451971,740468,"S"
29138,"NIO-Worker",1419291117192439,29740,"R"
29138,"NIO-Worker",1419291117222179,300260,"Running"
29138,"NIO-Worker",1419291117522439,18490,"S"
29138,"NIO-Worker",1419291117540929,287448,"Running"
29138,"NIO-Worker",1419291117828377,153489,"S"
29138,"NIO-Worker",1419291117981866,13750,"R"
29138,"NIO-Worker",1419291117995616,37917,"Running"
29138,"NIO-Worker",1419291118033533,224375,"S"
29138,"NIO-Worker",1419291118257908,25365,"R"
29138,"NIO-Worker",1419291118283273,181406,"Running"
29138,"NIO-Worker",1419291118464679,258750,"S"
29138,"NIO-Worker",1419291118723429,34375,"R"
29138,"NIO-Worker",1419291118757804,54792,"Running"
29138,"NIO-Worker",1419291118812596,62864,"S"
29138,"NIO-Worker",1419291118875460,25729,"R"
29138,"NIO-Worker",1419291118901189,42188,"Running"
29138,"NIO-Worker",1419291118943377,43750,"S"
29138,"NIO-Worker",1419291118987127,48646,"R"
29138,"NIO-Worker",1419291119035773,2477187,"Running"
29138,"NIO-Worker",1419291121512960,29323,"R+"
29138,"NIO-Worker",1419291121542283,148750,"Running"
29136,"nio-webserver-r",1419291121657335,15573,"R"
29136,"nio-webserver-r",1419291121672908,179531,"Running"
29138,"NIO-Worker",1419291121691033,408573958,"S"
29136,"nio-webserver-r",1419291121852439,77813,"R+"
29136,"nio-webserver-r",1419291121930252,48802,"Running"
29136,"nio-webserver-r",1419291121979054,42969,"R"
29136,"nio-webserver-r",1419291122022023,117343,"Running"
29136,"nio-webserver-r",1419291122139366,45692344,"S"
29136,"nio-webserver-r",1419291167831710,53594,"R"
29136,"nio-webserver-r",1419291167885304,113594,"Running"
29136,"nio-webserver-r",1419291167998898,92291,"S"
29136,"nio-webserver-r",1419291168091189,16094,"R"
29136,"nio-webserver-r",1419291168107283,4375,"Running"
29136,"nio-webserver-r",1419291168111658,15365,"S"
29136,"nio-webserver-r",1419291168127023,21562,"R"
29136,"nio-webserver-r",1419291168148585,18594,"Running"
29136,"nio-webserver-r",1419291168167179,27656,"R"
29136,"nio-webserver-r",1419291168194835,149011,"Running"
29136,"nio-webserver-r",1419291168343846,258020,"S"
29136,"nio-webserver-r",1419291168601866,42136,"R"
29136,"nio-webserver-r",1419291168644002,403021,"Running"
29252,"NIO-Worker",1419291168991866,51563,"R"
29252,"NIO-Worker",1419291169043429,354167,"Running"
29136,"nio-webserver-r",1419291169047023,4729791,"S"
29252,"NIO-Worker",1419291169397596,37864,"S"
29252,"NIO-Worker",1419291169435460,11406,"R"
29252,"NIO-Worker",1419291169446866,161563,"Running"
29252,"NIO-Worker",1419291169608429,23594,"S"
29252,"NIO-Worker",1419291169632023,11979,"R"
29252,"NIO-Worker",1419291169644002,17239,"Running"
29252,"NIO-Worker",1419291169661241,20469,"S"
29252,"NIO-Worker",1419291169681710,286354,"Running"
29252,"NIO-Worker",1419291169968064,118177,"S"
29252,"NIO-Worker",1419291170086241,18750,"R"
29252,"NIO-Worker",1419291170104991,39063,"Running"
29252,"NIO-Worker",1419291170144054,198750,"S"
29252,"NIO-Worker",1419291170342804,42969,"R"
29252,"NIO-Worker",1419291170385773,195156,"Running"
29252,"NIO-Worker",1419291170580929,184479,"S"
29252,"NIO-Worker",1419291170765408,36719,"R"
29252,"NIO-Worker",1419291170802127,38489,"Running"
29252,"NIO-Worker",1419291170840616,64063,"R+"
29252,"NIO-Worker",1419291170904679,36875,"Running"
29252,"NIO-Worker",1419291170941554,48281,"R+"
29252,"NIO-Worker",1419291170989835,1893854,"Running"
29252,"NIO-Worker",1419291172883689,49532,"R"
29252,"NIO-Worker",1419291172933221,624531,"Running"
29252,"NIO-Worker",1419291173557752,21562,"S"
29252,"NIO-Worker",1419291173579314,13594,"R"
29252,"NIO-Worker",1419291173592908,238021,"Running"
29165,"nio-stream-prod",1419291173689523,97812,"R"
29136,"nio-webserver-r",1419291173776814,28177,"R"
29165,"nio-stream-prod",1419291173787335,84323,"Running"
29136,"nio-webserver-r",1419291173804991,399323,"Running"
29252,"NIO-Worker",1419291173830929,411180781,"S"
29165,"nio-stream-prod",1419291173871658,115673490,"S"
29136,"nio-webserver-r",1419291174204314,45593594,"S"
29136,"nio-webserver-r",1419291219797908,89740,"R"
29136,"nio-webserver-r",1419291219887648,229062,"Running"
29136,"nio-webserver-r",1419291220116710,18750,"S"
29136,"nio-webserver-r",1419291220135460,97292,"R"
29136,"nio-webserver-r",1419291220232752,17708,"Running"
29136,"nio-webserver-r",1419291220250460,4219,"S"
29136,"nio-webserver-r",1419291220254679,26719,"R"
29136,"nio-webserver-r",1419291220281398,153437,"Running"
29136,"nio-webserver-r",1419291220434835,504375,"S"
29136,"nio-webserver-r",1419291220939210,27813,"R"
29136,"nio-webserver-r",1419291220967023,330781,"Running"
29267,"NIO-Worker",1419291221260929,31875,"R"
29267,"NIO-Worker",1419291221292804,685937,"Running"
29136,"nio-webserver-r",1419291221297804,4625417,"S"
29267,"NIO-Worker",1419291221978741,150313,"S"
29267,"NIO-Worker",1419291222129054,19062,"R"
29267,"NIO-Worker",1419291222148116,36094,"Running"
29267,"NIO-Worker",1419291222184210,198229,"S"
29267,"NIO-Worker",1419291222382439,14271,"R"
29267,"NIO-Worker",1419291222396710,187136,"Running"
29267,"NIO-Worker",1419291222583846,262708,"S"
29267,"NIO-Worker",1419291222846554,23437,"R"
29267,"NIO-Worker",1419291222869991,31563,"Running"
29267,"NIO-Worker",1419291222901554,65000,"S"
29267,"NIO-Worker",1419291222966554,13594,"R"
29267,"NIO-Worker",1419291222980148,46198,"Running"
29267,"NIO-Worker",1419291223026346,69218,"S"
29267,"NIO-Worker",1419291223095564,14427,"R"
29267,"NIO-Worker",1419291223109991,689375,"Running"
29267,"NIO-Worker",1419291223799366,9948,"R"
29267,"NIO-Worker",1419291223809314,1833282,"Running"
29267,"NIO-Worker",1419291225642596,46406,"R+"
29267,"NIO-Worker",1419291225689002,275989,"Running"
29136,"nio-webserver-r",1419291225923221,16145,"R"
29136,"nio-webserver-r",1419291225939366,351563,"Running"
29267,"NIO-Worker",1419291225964991,410047448,"S"
29136,"nio-webserver-r",1419291226290929,43698437,"S"
29136,"nio-webserver-r",1419291269989366,53750,"R"
29136,"nio-webserver-r",1419291270043116,102761,"Running"
29136,"nio-webserver-r",1419291270145877,86458,"S"
29136,"nio-webserver-r",1419291270232335,39063,"R"
29136,"nio-webserver-r",1419291270271398,12187,"Running"
29136,"nio-webserver-r",1419291270283585,36875,"S"
29136,"nio-webserver-r",1419291270320460,155417,"Running"
29136,"nio-webserver-r",1419291270475877,378489,"S"
29136,"nio-webserver-r",1419291270854366,61563,"R"
29136,"nio-webserver-r",1419291270915929,302292,"Running"
29277,"NIO-Worker",1419291271185616,16198,"R"
29277,"NIO-Worker",1419291271201814,293490,"Running"
29136,"nio-webserver-r",1419291271218221,18452708,"S"
29277,"NIO-Worker",1419291271495304,13051979,"S"
29277,"NIO-Worker",1419291284547283,15365,"R"
29277,"NIO-Worker",1419291284562648,207968,"Running"
29277,"NIO-Worker",1419291284770616,4844,"S"
29277,"NIO-Worker",1419291284775460,25573,"R"
29277,"NIO-Worker",1419291284801033,442031,"Running"
29277,"NIO-Worker",1419291285243064,151615,"S"
29277,"NIO-Worker",1419291285394679,26719,"R"
29277,"NIO-Worker",1419291285421398,27656,"Running"
29277,"NIO-Worker",1419291285449054,228073,"S"
29277,"NIO-Worker",1419291285677127,30312,"R"
29277,"NIO-Worker",1419291285707439,227865,"Running"
29277,"NIO-Worker",1419291285935304,243594,"S"
29277,"NIO-Worker",1419291286178898,101406,"R"
29277,"NIO-Worker",1419291286280304,14062,"Running"
29277,"NIO-Worker",1419291286294366,40938,"R+"
29277,"NIO-Worker",1419291286335304,4844,"Running"
29277,"NIO-Worker",1419291286340148,2187,"S"
29277,"NIO-Worker",1419291286342335,17448,"R"
29277,"NIO-Worker",1419291286359783,80052,"Running"
29277,"NIO-Worker",1419291286439835,54375,"S"
29277,"NIO-Worker",1419291286494210,59792,"R"
29277,"NIO-Worker",1419291286554002,2715364,"Running"
29277,"NIO-Worker",1419291289269366,39844,"R+"
29277,"NIO-Worker",1419291289309210,8229,"Running"
29277,"NIO-Worker",1419291289317439,18334,"S"
29277,"NIO-Worker",1419291289335773,99843,"Running"
29277,"NIO-Worker",1419291289435616,79844,"R"
29277,"NIO-Worker",1419291289515460,219688,"Running"
29165,"nio-stream-prod",1419291289545148,316823,"R"
29136,"nio-webserver-r",1419291289670929,77187,"R"
29277,"NIO-Worker",1419291289735148,397441249,"S"
29136,"nio-webserver-r",1419291289748116,113750,"Running"
29136,"nio-webserver-r",1419291289861866,24167,"R"
29165,"nio-stream-prod",1419291289861971,82395,"Running"
29136,"nio-webserver-r",1419291289886033,110052,"Running"
29165,"nio-stream-prod",1419291289944366,17188,"R"
29165,"nio-stream-prod",1419291289961554,15417,"Running"
29165,"nio-stream-prod",1419291289976971,15520,"R"
29165,"nio-stream-prod",1419291289992491,12813,"Running"
29136,"nio-webserver-r",1419291289996085,110886,"R+"
29165,"nio-stream-prod",1419291290005304,24062,"R"
29165,"nio-stream-prod",1419291290029366,40469,"Running"
29165,"nio-stream-prod",1419291290069835,32500,"R"
29165,"nio-stream-prod",1419291290102335,14063,"Running"
29136,"nio-webserver-r",1419291290106971,55052,"Running"
29165,"nio-stream-prod",1419291290116398,40729,"R"
29165,"nio-stream-prod",1419291290157127,91458,"Running"
29136,"nio-webserver-r",1419291290162023,40312,"S"
29136,"nio-webserver-r",1419291290202335,29531,"R"
29136,"nio-webserver-r",1419291290231866,284323,"Running"
29165,"nio-stream-prod",1419291290248585,89502031,"S"
29136,"nio-webserver-r",1419291290516189,29824844,"S"
29136,"nio-webserver-r",1419291320341033,31771,"R"
29136,"nio-webserver-r",1419291320372804,119479,"Running"
29136,"nio-webserver-r",1419291320492283,40365,"S"
29136,"nio-webserver-r",1419291320532648,58750,"R"
29136,"nio-webserver-r",1419291320591398,169062,"Running"
29136,"nio-webserver-r",1419291320760460,505781,"S"
29136,"nio-webserver-r",1419291321266241,36980,"R"
29136,"nio-webserver-r",1419291321303221,301927,"Running"
29279,"NIO-Worker",1419291321575408,15990,"R"
29279,"NIO-Worker",1419291321591398,481250,"Running"
29136,"nio-webserver-r",1419291321605148,6394166,"S"
29279,"NIO-Worker",1419291322072648,42760,"S"
29279,"NIO-Worker",1419291322115408,1602708,"Running"
29279,"NIO-Worker",1419291323718116,463282,"S"
29279,"NIO-Worker",1419291324181398,18281,"R"
29279,"NIO-Worker",1419291324199679,40260,"Running"
29279,"NIO-Worker",1419291324239939,185677,"S"
29279,"NIO-Worker",1419291324425616,26719,"R"
29279,"NIO-Worker",1419291324452335,159948,"Running"
29279,"NIO-Worker",1419291324612283,41458,"R"
29279,"NIO-Worker",1419291324653741,66407,"Running"
29279,"NIO-Worker",1419291324720148,32812,"R+"
29279,"NIO-Worker",1419291324752960,23594,"Running"
29279,"NIO-Worker",1419291324776554,294531,"S"
29279,"NIO-Worker",1419291325071085,11094,"R"
29279,"NIO-Worker",1419291325082179,25000,"Running"
29279,"NIO-Worker",1419291325107179,60469,"S"
29279,"NIO-Worker",1419291325167648,26823,"R"
29279,"NIO-Worker",1419291325194471,51770,"Running"
29279,"NIO-Worker",1419291325246241,64844,"S"
29279,"NIO-Worker",1419291325311085,26354,"R"
29279,"NIO-Worker",1419291325337439,2483750,"Running"
29279,"NIO-Worker",1419291327821189,22552,"S"
29279,"NIO-Worker",1419291327843741,26980,"R"
29279,"NIO-Worker",1419291327870721,167395,"Running"
29136,"nio-webserver-r",1419291327999314,14688,"R"
29136,"nio-webserver-r",1419291328014002,209739,"Running"
29279,"NIO-Worker",1419291328038116,408080417,"S"
29136,"nio-webserver-r",1419291328223741,58282,"R+"
29136,"nio-webserver-r",1419291328282023,243229,"Running"
29136,"nio-webserver-r",1419291328525252,41959375,"S"
29136,"nio-webserver-r",1419291370484627,144896,"R"
29136,"nio-webserver-r",1419291370629523,138125,"Running"
29136,"nio-webserver-r",1419291370767648,20729,"R+"
29136,"nio-webserver-r",1419291370788377,31094,"Running"
29136,"nio-webserver-r",1419291370819471,12187,"R+"
29136,"nio-webserver-r",1419291370831658,11771,"Running"
29136,"nio-webserver-r",1419291370843429,10573,"S"
29136,"nio-webserver-r",1419291370854002,15312,"R"
29136,"nio-webserver-r",1419291370869314,185834,"Running"
29136,"nio-webserver-r",1419291371055148,185573,"S"
29136,"nio-webserver-r",1419291371240721,22812,"R"
29136,"nio-webserver-r",1419291371263533,328594,"Running"
29284,"NIO-Worker",1419291371551814,40313,"R"
29136,"nio-webserver-r",1419291371592127,8252396,"S"
29284,"NIO-Worker",1419291371592127,303646,"Running"
29284,"NIO-Worker",1419291371895773,3411250,"S"
29284,"NIO-Worker",1419291375307023,18593,"R"
29284,"NIO-Worker",1419291375325616,504011,"Running"
29284,"NIO-Worker",1419291375829627,63802,"R+"
29284,"NIO-Worker",1419291375893429,35000,"Running"
29284,"NIO-Worker",1419291375928429,116562,"S"
29284,"NIO-Worker",1419291376044991,15000,"R"
29284,"NIO-Worker",1419291376059991,44792,"Running"
29284,"NIO-Worker",1419291376104783,242656,"S"
29284,"NIO-Worker",1419291376347439,14584,"R"
29284,"NIO-Worker",1419291376362023,209375,"Running"
29284,"NIO-Worker",1419291376571398,224218,"S"
29284,"NIO-Worker",1419291376795616,15782,"R"
29284,"NIO-Worker",1419291376811398,22916,"Running"
29284,"NIO-Worker",1419291376834314,23959,"S"
29284,"NIO-Worker",1419291376858273,30781,"R"
29284,"NIO-Worker",1419291376889054,51979,"Running"
29284,"NIO-Worker",1419291376941033,61771,"S"
29284,"NIO-Worker",1419291377002804,95156,"R"
29284,"NIO-Worker",1419291377097960,2505886,"Running"
29284,"NIO-Worker",1419291379603846,30052,"S"
29284,"NIO-Worker",1419291379633898,25781,"R"
29284,"NIO-Worker",1419291379659679,221979,"Running"
29165,"nio-stream-prod",1419291379750616,29688,"R"
29165,"nio-stream-prod",1419291379780304,78437,"Running"
29136,"nio-webserver-r",1419291379844523,18593,"R"
29165,"nio-stream-prod",1419291379858741,102738073,"S"
29136,"nio-webserver-r",1419291379863116,405157,"Running"
29284,"NIO-Worker",1419291379881658,412205208,"S"
29136,"nio-webserver-r",1419291380268273,43585000,"S"
29136,"nio-webserver-r",1419291423853273,10937,"R"
29136,"nio-webserver-r",1419291423864210,258125,"Running"
29136,"nio-webserver-r",1419291424122335,443854,"R+"
29136,"nio-webserver-r",1419291424566189,16927,"Running"
29136,"nio-webserver-r",1419291424583116,54167,"R+"
29136,"nio-webserver-r",1419291424637283,165208,"Running"
29136,"nio-webserver-r",1419291424802491,621042,"R"
29136,"nio-webserver-r",1419291425423533,38177,"Running"
29136,"nio-webserver-r",1419291425461710,116250,"S"
29136,"nio-webserver-r",1419291425577960,24688,"R"
29136,"nio-webserver-r",1419291425602648,274635,"Running"
29285,"NIO-Worker",1419291425845564,31719,"R"
29136,"nio-webserver-r",1419291425877283,7922031,"S"
29285,"NIO-Worker",1419291425877283,12865,"Running"
29285,"NIO-Worker",1419291425890148,12343,"R"
29285,"NIO-Worker",1419291425902491,40104,"Running"
29285,"NIO-Worker",1419291425942595,105053,"R"
29285,"NIO-Worker",1419291426047648,322135,"Running"
29285,"NIO-Worker",1419291426369783,3125365,"S"
29285,"NIO-Worker",1419291429495148,10781,"R"
29285,"NIO-Worker",1419291429505929,422031,"Running"
29285,"NIO-Worker",1419291429927960,146250,"S"
29285,"NIO-Worker",1419291430074210,17500,"R"
29285,"NIO-Worker",1419291430091710,39219,"Running"
29285,"NIO-Worker",1419291430130929,193698,"S"
29285,"NIO-Worker",1419291430324627,14062,"R"
29285,"NIO-Worker",1419291430338689,177865,"Running"
29285,"NIO-Worker",1419291430516554,231198,"S"
29285,"NIO-Worker",1419291430747752,15521,"R"
29285,"NIO-Worker",1419291430763273,23229,"Running"
29285,"NIO-Worker",1419291430786502,51771,"S"
29285,"NIO-Worker",1419291430838273,14843,"R"
29285,"NIO-Worker",1419291430853116,40157,"Running"
29285,"NIO-Worker",1419291430893273,48072,"S"
29285,"NIO-Worker",1419291430941345,14219,"R"
29285,"NIO-Worker",1419291430955564,1147084,"Running"
29285,"NIO-Worker",1419291432102648,107291,"R"
29285,"NIO-Worker",1419291432209939,665365,"Running"
29285,"NIO-Worker",1419291432875304,18437,"R"
29285,"NIO-Worker",1419291432893741,720000,"Running"
29285,"NIO-Worker",1419291433613741,26407,"S"
29285,"NIO-Worker",1419291433640148,18125,"R"
29285,"NIO-Worker",1419291433658273,173697,"Running"
29136,"nio-webserver-r",1419291433799314,11875,"R"
29136,"nio-webserver-r",1419291433811189,351146,"Running"
29285,"NIO-Worker",1419291433831970,410303490,"S"
29136,"nio-webserver-r",1419291434162335,41832344,"S"
29136,"nio-webserver-r",1419291475994679,41406,"R"
29136,"nio-webserver-r",1419291476036085,121094,"Running"
29136,"nio-webserver-r",1419291476157179,78906,"S"
29136,"nio-webserver-r",1419291476236085,28281,"R"
29136,"nio-webserver-r",1419291476264366,180729,"Running"
29136,"nio-webserver-r",1419291476445095,273178,"S"
29136,"nio-webserver-r",1419291476718273,37031,"R"
29136,"nio-webserver-r",1419291476755304,375781,"Running"
29286,"NIO-Worker",1419291477105252,12343,"R"
29286,"NIO-Worker",1419291477117595,686250,"Running"
29136,"nio-webserver-r",1419291477131085,5552917,"S"
29286,"NIO-Worker",1419291477803845,124740,"S"
29286,"NIO-Worker",1419291477928585,17760,"R"
29286,"NIO-Worker",1419291477946345,35209,"Running"
29286,"NIO-Worker",1419291477981554,187656,"S"
29286,"NIO-Worker",1419291478169210,26875,"R"
29286,"NIO-Worker",1419291478196085,180625,"Running"
29286,"NIO-Worker",1419291478376710,225938,"S"
29286,"NIO-Worker",1419291478602648,15468,"R"
29286,"NIO-Worker",1419291478618116,21563,"Running"
29286,"NIO-Worker",1419291478639679,59166,"S"
29286,"NIO-Worker",1419291478698845,15625,"R"
29286,"NIO-Worker",1419291478714470,40678,"Running"
29286,"NIO-Worker",1419291478755148,44531,"S"
29286,"NIO-Worker",1419291478799679,14531,"R"
29286,"NIO-Worker",1419291478814210,2061406,"Running"
29286,"NIO-Worker",1419291480875616,8750,"R"
29286,"NIO-Worker",1419291480884366,356250,"Running"
29286,"NIO-Worker",1419291481240616,972344,"R"
29286,"NIO-Worker",1419291482212960,250781,"Running"
29286,"NIO-Worker",1419291482463741,36407,"R+"
29286,"NIO-Worker",1419291482500148,220104,"Running"
29165,"nio-stream-prod",1419291482596814,18334,"R"
29165,"nio-stream-prod",1419291482615148,92135,"Running"
29136,"nio-webserver-r",1419291482684002,23281,"R"
29136,"nio-webserver-r",1419291482707283,186615,"Running"
29165,"nio-stream-prod",1419291482707283,107650469,"S"
29286,"NIO-Worker",1419291482720252,417442083,"S"
29136,"nio-webserver-r",1419291482893898,86822,"R+"
29136,"nio-webserver-r",1419291482980720,210313,"Running"
29136,"nio-webserver-r",1419291483191033,45583646,"S"
29136,"nio-webserver-r",1419291528774679,26875,"R"
29136,"nio-webserver-r",1419291528801554,293750,"Running"
29136,"nio-webserver-r",1419291529095304,205937,"S"
29136,"nio-webserver-r",1419291529301241,52188,"R"
29136,"nio-webserver-r",1419291529353429,174375,"Running"
29136,"nio-webserver-r",1419291529527804,377187,"S"
29136,"nio-webserver-r",1419291529904991,33125,"R"
29136,"nio-webserver-r",1419291529938116,64844,"Running"
29136,"nio-webserver-r",1419291530002960,18125,"R"
29136,"nio-webserver-r",1419291530021085,288385,"Running"
29138,"NIO-Worker",1419291530264991,13229,"R"
29138,"NIO-Worker",1419291530278220,336094,"Running"
29136,"nio-webserver-r",1419291530309470,5649896,"S"
29138,"NIO-Worker",1419291530614314,764584,"S"
29138,"NIO-Worker",1419291531378898,26562,"R"
29138,"NIO-Worker",1419291531405460,253125,"Running"
29138,"NIO-Worker",1419291531658585,54844,"R"
29138,"NIO-Worker",1419291531713429,223073,"Running"
29138,"NIO-Worker",1419291531936502,129896,"S"
29138,"NIO-Worker",1419291532066398,14166,"R"
29138,"NIO-Worker",1419291532080564,29740,"Running"
29138,"NIO-Worker",1419291532110304,232500,"S"
29138,"NIO-Worker",1419291532342804,23594,"R"
29138,"NIO-Worker",1419291532366398,219947,"Running"
29138,"NIO-Worker",1419291532586345,305313,"S"
29138,"NIO-Worker",1419291532891658,36562,"R"
29138,"NIO-Worker",1419291532928220,48959,"Running"
29138,"NIO-Worker",1419291532977179,54062,"S"
29138,"NIO-Worker",1419291533031241,16719,"R"
29138,"NIO-Worker",1419291533047960,45938,"Running"
29138,"NIO-Worker",1419291533093898,64062,"S"
29138,"NIO-Worker",1419291533157960,46667,"R"
29138,"NIO-Worker",1419291533204627,2462552,"Running"
29138,"NIO-Worker",1419291535667179,21875,"S"
29138,"NIO-Worker",1419291535689054,43594,"R"
29138,"NIO-Worker",1419291535732648,275416,"Running"
29136,"nio-webserver-r",1419291535959366,30313,"R"
29136,"nio-webserver-r",1419291535989679,402812,"Running"
29138,"NIO-Worker",1419291536008064,416097813,"S"
29136,"nio-webserver-r",1419291536392491,47126875,"S"
29136,"nio-webserver-r",1419291583519366,32032,"R"
29136,"nio-webserver-r",1419291583551398,119479,"Running"
29136,"nio-webserver-r",1419291583670877,16771,"R+"
29136,"nio-webserver-r",1419291583687648,20885,"Running"
29136,"nio-webserver-r",1419291583708533,7396,"S"
29136,"nio-webserver-r",1419291583715929,28854,"R"
29136,"nio-webserver-r",1419291583744783,12552,"Running"
29136,"nio-webserver-r",1419291583757335,10469,"S"
29136,"nio-webserver-r",1419291583767804,38594,"R"
29136,"nio-webserver-r",1419291583806398,191875,"Running"
29136,"nio-webserver-r",1419291583998273,607604,"S"
29136,"nio-webserver-r",1419291584605877,20677,"R"
29136,"nio-webserver-r",1419291584626554,211823,"Running"
29136,"nio-webserver-r",1419291584838377,13802,"R"
29136,"nio-webserver-r",1419291584852179,9687,"Running"
29136,"nio-webserver-r",1419291584861866,19792,"R"
29136,"nio-webserver-r",1419291584881658,165937,"Running"
29252,"NIO-Worker",1419291585011710,13906,"R"
29252,"NIO-Worker",1419291585025616,336250,"Running"
29136,"nio-webserver-r",1419291585047595,5394428,"S"
29252,"NIO-Worker",1419291585361866,62813,"S"
29252,"NIO-Worker",1419291585424679,11041,"R"
29252,"NIO-Worker",1419291585435720,390053,"Running"
29252,"NIO-Worker",1419291585825773,50625,"R+"
29252,"NIO-Worker",1419291585876398,7760,"Running"
29252,"NIO-Worker",1419291585884158,64219,"S"
29252,"NIO-Worker",1419291585948377,19739,"R"
29252,"NIO-Worker",1419291585968116,21719,"Running"
29252,"NIO-Worker",1419291585989835,78906,"R+"
29252,"NIO-Worker",1419291586068741,5261,"Running"
29252,"NIO-Worker",1419291586074002,167864,"S"
29252,"NIO-Worker",1419291586241866,11823,"R"
29252,"NIO-Worker",1419291586253689,207396,"Running"
29252,"NIO-Worker",1419291586461085,246198,"S"
29252,"NIO-Worker",1419291586707283,28177,"R"
29252,"NIO-Worker",1419291586735460,18906,"Running"
29252,"NIO-Worker",1419291586754366,44948,"S"
29252,"NIO-Worker",1419291586799314,17865,"R"
29252,"NIO-Worker",1419291586817179,49844,"Running"
29252,"NIO-Worker",1419291586867023,60468,"S"
29252,"NIO-Worker",1419291586927491,15782,"R"
29252,"NIO-Worker",1419291586943273,371406,"Running"
29252,"NIO-Worker",1419291587314679,6354,"R"
29252,"NIO-Worker",1419291587321033,2006302,"Running"
29252,"NIO-Worker",1419291589327335,22500,"R"
29252,"NIO-Worker",1419291589349835,8698,"Running"
29252,"NIO-Worker",1419291589358533,229375,"R"
29252,"NIO-Worker",1419291589587908,19687,"Running"
29252,"NIO-Worker",1419291589607595,13907,"R"
29252,"NIO-Worker",1419291589621502,165208,"Running"
29252,"NIO-Worker",1419291589786710,12031,"R"
29252,"NIO-Worker",1419291589798741,51719,"Running"
29252,"NIO-Worker",1419291589850460,56563,"S"
29252,"NIO-Worker",1419291589907023,367447,"R"
29252,"NIO-Worker",1419291590274470,196615,"Running"
29165,"nio-stream-prod",1419291590357752,1290468,"R"
29136,"nio-webserver-r",1419291590442023,14375,"R"
29136,"nio-webserver-r",1419291590456398,176718,"Running"
29252,"NIO-Worker",1419291590471085,414891042,"S"
29136,"nio-webserver-r",1419291590633116,202188,"R+"
29136,"nio-webserver-r",1419291590835304,21250,"Running"
29136,"nio-webserver-r",1419291590856554,73437,"R"
29136,"nio-webserver-r",1419291590929991,9532,"Running"
29136,"nio-webserver-r",1419291590939523,85625,"R"
29136,"nio-webserver-r",1419291591025148,39947,"Running"
29136,"nio-webserver-r",1419291591065095,928021,"S"
29165,"nio-stream-prod",1419291591648220,53803,"Running"
29165,"nio-stream-prod",1419291591702023,258437,"R"
29165,"nio-stream-prod",1419291591960460,63906,"Running"
29136,"nio-webserver-r",1419291591993116,73750,"R"
29165,"nio-stream-prod",1419291592024366,29011,"R"
29165,"nio-stream-prod",1419291592053377,13489,"Running"
29136,"nio-webserver-r",1419291592066866,129375,"Running"
29165,"nio-stream-prod",1419291592066866,102335886,"S"
29136,"nio-webserver-r",1419291592196241,46719,"R+"
29136,"nio-webserver-r",1419291592242960,153125,"Running"
29136,"nio-webserver-r",1419291592396085,42311094,"S"
29136,"nio-webserver-r",1419291634707179,60000,"R"
29136,"nio-webserver-r",1419291634767179,102656,"Running"
29136,"nio-webserver-r",1419291634869835,74375,"S"
29136,"nio-webserver-r",1419291634944210,58594,"R"
29136,"nio-webserver-r",1419291635002804,142656,"Running"
29136,"nio-webserver-r",1419291635145460,563125,"S"
29136,"nio-webserver-r",1419291635708585,24688,"R"
29136,"nio-webserver-r",1419291635733273,153281,"Running"
29136,"nio-webserver-r",1419291635886554,22812,"R"
29136,"nio-webserver-r",1419291635909366,146719,"Running"
29267,"NIO-Worker",1419291636012439,40052,"R"
29267,"NIO-Worker",1419291636052491,257604,"Running"
29136,"nio-webserver-r",1419291636056085,6920260,"S"
29267,"NIO-Worker",1419291636310095,1780052,"S"
29267,"NIO-Worker",1419291638090147,11563,"R"
29267,"NIO-Worker",1419291638101710,402656,"Running"
29267,"NIO-Worker",1419291638504366,140625,"S"
29267,"NIO-Worker",1419291638644991,13229,"R"
29267,"NIO-Worker",1419291638658220,31250,"Running"
29267,"NIO-Worker",1419291638689470,220938,"S"
29267,"NIO-Worker",1419291638910408,38177,"R"
29267,"NIO-Worker",1419291638948585,178281,"Running"
29267,"NIO-Worker",1419291639126866,203438,"S"
29267,"NIO-Worker",1419291639330304,45156,"R"
29267,"NIO-Worker",1419291639375460,56250,"Running"
29267,"NIO-Worker",1419291639431710,40573,"S"
29267,"NIO-Worker",1419291639472283,29896,"R"
29267,"NIO-Worker",1419291639502179,42343,"Running"
29267,"NIO-Worker",1419291639544522,61250,"S"
29267,"NIO-Worker",1419291639605772,41875,"R"
29267,"NIO-Worker",1419291639647647,457188,"Running"
29267,"NIO-Worker",1419291640104835,53542,"R"
29267,"NIO-Worker",1419291640158377,2200989,"Running"
29267,"NIO-Worker",1419291642359366,165469,"R+"
29267,"NIO-Worker",1419291642524835,635937,"Running"
29136,"nio-webserver-r",1419291642976345,50469,"R"
29136,"nio-webserver-r",1419291643026814,839115,"Running"
29267,"NIO-Worker",1419291643160772,416009688,"S"
29136,"nio-webserver-r",1419291643865929,41913125,"S"
29136,"nio-webserver-r",1419291685779054,51562,"R"
29136,"nio-webserver-r",1419291685830616,121250,"Running"
29136,"nio-webserver-r",1419291685951866,138229,"S"
29136,"nio-webserver-r",1419291686090095,96302,"R"
29136,"nio-webserver-r",1419291686186397,187969,"Running"
29136,"nio-webserver-r",1419291686374366,394688,"S"
29136,"nio-webserver-r",1419291686769054,49218,"R"
29136,"nio-webserver-r",1419291686818272,32917,"Running"
29136,"nio-webserver-r",1419291686851189,36615,"R"
29136,"nio-webserver-r",1419291686887804,77291,"Running"
29136,"nio-webserver-r",1419291686965095,11302,"R"
29136,"nio-webserver-r",1419291686976397,294636,"Running"
29277,"NIO-Worker",1419291687176397,88750,"R"
29277,"NIO-Worker",1419291687265147,402969,"Running"
29136,"nio-webserver-r",1419291687271033,7401562,"S"
29277,"NIO-Worker",1419291687668116,1185156,"S"
29277,"NIO-Worker",1419291688853272,21719,"R"
29277,"NIO-Worker",1419291688874991,208229,"Running"
29277,"NIO-Worker",1419291689083220,114532,"S"
29277,"NIO-Worker",1419291689197752,58802,"R"
29277,"NIO-Worker",1419291689256554,169531,"Running"
29277,"NIO-Worker",1419291689426085,49219,"R"
29277,"NIO-Worker",1419291689475304,89218,"Running"
29277,"NIO-Worker",1419291689564522,292605,"S"
29277,"NIO-Worker",1419291689857127,204895,"R"
29277,"NIO-Worker",1419291690062022,45782,"Running"
29277,"NIO-Worker",1419291690107804,252187,"R+"
29277,"NIO-Worker",1419291690359991,158542,"Running"
29277,"NIO-Worker",1419291690518533,157239,"R"
29277,"NIO-Worker",1419291690675772,71719,"Running"
29277,"NIO-Worker",1419291690747491,306511,"S"
29277,"NIO-Worker",1419291691054002,26927,"R"
29277,"NIO-Worker",1419291691080929,37916,"Running"
29277,"NIO-Worker",1419291691118845,46094,"S"
29277,"NIO-Worker",1419291691164939,80052,"R"
29277,"NIO-Worker",1419291691244991,54063,"Running"
29277,"NIO-Worker",1419291691299054,43698,"S"
29277,"NIO-Worker",1419291691342752,17708,"R"
29277,"NIO-Worker",1419291691360460,64687,"Running"
29277,"NIO-Worker",1419291691425147,243125,"R+"
29277,"NIO-Worker",1419291691668272,2508282,"Running"
29277,"NIO-Worker",1419291694176554,73073,"R+"
29277,"NIO-Worker",1419291694249627,11145,"Running"
29277,"NIO-Worker",1419291694260772,5938,"R+"
29277,"NIO-Worker",1419291694266710,119687,"Running"
29277,"NIO-Worker",1419291694386397,8750,"S"
29277,"NIO-Worker",1419291694395147,14219,"Running"
29165,"nio-stream-prod",1419291694402752,6614,"R"
29165,"nio-stream-prod",1419291694409366,14844,"Running"
29277,"NIO-Worker",1419291694409366,49375,"R+"
29165,"nio-stream-prod",1419291694424210,8594,"R"
29165,"nio-stream-prod",1419291694432804,20260,"Running"
29165,"nio-stream-prod",1419291694453064,48490,"R"
29277,"NIO-Worker",1419291694458741,19375,"Running"
29277,"NIO-Worker",1419291694478116,61719,"R"
29165,"nio-stream-prod",1419291694501554,31666,"Running"
29165,"nio-stream-prod",1419291694533220,53490,"R"
29277,"NIO-Worker",1419291694539835,17292,"Running"
29277,"NIO-Worker",1419291694557127,5468,"R"
29277,"NIO-Worker",1419291694562595,15052,"Running"
29277,"NIO-Worker",1419291694577647,45625,"R"
29165,"nio-stream-prod",1419291694586710,10781,"Running"
29165,"nio-stream-prod",1419291694597491,4844,"R"
29165,"nio-stream-prod",1419291694602335,15156,"Running"
29165,"nio-stream-prod",1419291694617491,77500,"R"
29277,"NIO-Worker",1419291694623272,71719,"Running"
29136,"nio-webserver-r",1419291694672595,69584,"R"
29165,"nio-stream-prod",1419291694694991,20469,"Running"
29277,"NIO-Worker",1419291694694991,417142344,"S"
29165,"nio-stream-prod",1419291694715460,105989375,"S"
29136,"nio-webserver-r",1419291694742179,93750,"Running"
29136,"nio-webserver-r",1419291694835929,127343,"R+"
29136,"nio-webserver-r",1419291694963272,89636,"Running"
29136,"nio-webserver-r",1419291695052908,13021,"S"
29136,"nio-webserver-r",1419291695065929,17604,"Running"
29136,"nio-webserver-r",1419291695083533,51771,"R"
29136,"nio-webserver-r",1419291695135304,9843,"Running"
29136,"nio-webserver-r",1419291695145147,7032,"R"
29136,"nio-webserver-r",1419291695152179,281875,"Running"
29136,"nio-webserver-r",1419291695434054,39665625,"S"
29136,"nio-webserver-r",1419291735099679,45625,"R"
29136,"nio-webserver-r",1419291735145304,110625,"Running"
29136,"nio-webserver-r",1419291735255929,37187,"S"
29136,"nio-webserver-r",1419291735293116,30156,"R"
29136,"nio-webserver-r",1419291735323272,181094,"Running"
29136,"nio-webserver-r",1419291735504366,324844,"S"
29136,"nio-webserver-r",1419291735829210,49010,"R"
29136,"nio-webserver-r",1419291735878220,270625,"Running"
29279,"NIO-Worker",1419291736118533,15521,"R"
29279,"NIO-Worker",1419291736134054,290729,"Running"
29136,"nio-webserver-r",1419291736148845,12093490,"S"
29279,"NIO-Worker",1419291736424783,127083,"R"
29279,"NIO-Worker",1419291736551866,345469,"Running"
29279,"NIO-Worker",1419291736897335,6244219,"S"
29279,"NIO-Worker",1419291743141554,17500,"R"
29279,"NIO-Worker",1419291743159054,112187,"Running"
29279,"NIO-Worker",1419291743271241,19011,"R"
29279,"NIO-Worker",1419291743290252,259583,"Running"
29279,"NIO-Worker",1419291743549835,170469,"S"
29279,"NIO-Worker",1419291743720304,15104,"R"
29279,"NIO-Worker",1419291743735408,38489,"Running"
29279,"NIO-Worker",1419291743773897,65730,"R+"
29279,"NIO-Worker",1419291743839627,4270,"Running"
29279,"NIO-Worker",1419291743843897,166355,"S"
29279,"NIO-Worker",1419291744010252,23281,"R"
29279,"NIO-Worker",1419291744033533,223489,"Running"
29279,"NIO-Worker",1419291744257022,271250,"S"
29279,"NIO-Worker",1419291744528272,317292,"R"
29279,"NIO-Worker",1419291744845564,44115,"Running"
29279,"NIO-Worker",1419291744889679,136250,"S"
29279,"NIO-Worker",1419291745025929,17500,"R"
29279,"NIO-Worker",1419291745043429,38750,"Running"
29279,"NIO-Worker",1419291745082179,5156,"R+"
29279,"NIO-Worker",1419291745087335,9687,"Running"
29279,"NIO-Worker",1419291745097022,15105,"S"
29279,"NIO-Worker",1419291745112127,16458,"R"
29279,"NIO-Worker",1419291745128585,356510,"Running"
29279,"NIO-Worker",1419291745485095,217188,"R"
29279,"NIO-Worker",1419291745702283,1931302,"Running"
29279,"NIO-Worker",1419291747633585,39219,"R"
29279,"NIO-Worker",1419291747672804,40781,"Running"
29279,"NIO-Worker",1419291747713585,71719,"R"
29279,"NIO-Worker",1419291747785304,282760,"Running"
29279,"NIO-Worker",1419291748068064,37240,"R+"
29279,"NIO-Worker",1419291748105304,185729,"Running"
29136,"nio-webserver-r",1419291748242335,124479,"R"
29279,"NIO-Worker",1419291748291033,413056093,"S"
29136,"nio-webserver-r",1419291748366814,105313,"Running"
29136,"nio-webserver-r",1419291748472127,191145,"R"
29136,"nio-webserver-r",1419291748663272,44323,"Running"
29136,"nio-webserver-r",1419291748707595,75521,"R+"
29136,"nio-webserver-r",1419291748783116,143750,"Running"
29136,"nio-webserver-r",1419291748926866,22344,"R+"
29136,"nio-webserver-r",1419291748949210,64479,"Running"
29136,"nio-webserver-r",1419291749013689,33490,"R"
29136,"nio-webserver-r",1419291749047179,167187,"Running"
29136,"nio-webserver-r",1419291749214366,29636,"R"
29136,"nio-webserver-r",1419291749244002,45989,"Running"
29136,"nio-webserver-r",1419291749289991,40845417,"S"
29136,"nio-webserver-r",1419291790135408,20521,"R"
29136,"nio-webserver-r",1419291790155929,140260,"Running"
29136,"nio-webserver-r",1419291790296189,28594,"S"
29136,"nio-webserver-r",1419291790324783,28594,"R"
29136,"nio-webserver-r",1419291790353377,13645,"Running"
29136,"nio-webserver-r",1419291790367022,180469,"S"
29136,"nio-webserver-r",1419291790547491,17448,"R"
29136,"nio-webserver-r",1419291790564939,217813,"Running"
29136,"nio-webserver-r",1419291790782752,820677,"S"
29136,"nio-webserver-r",1419291791603429,80729,"R"
29136,"nio-webserver-r",1419291791684158,245521,"Running"
29136,"nio-webserver-r",1419291791929679,65416,"R"
29136,"nio-webserver-r",1419291791995095,113021,"Running"
29284,"NIO-Worker",1419291792086866,44063,"R"
29136,"nio-webserver-r",1419291792108116,64636,"R"
29284,"NIO-Worker",1419291792130929,321718,"Running"
29136,"nio-webserver-r",1419291792172752,44427,"Running"
29136,"nio-webserver-r",1419291792217179,8745000,"S"
29284,"NIO-Worker",1419291792452647,3567448,"S"
29284,"NIO-Worker",1419291796020095,28959,"R"
29284,"NIO-Worker",1419291796049054,621562,"Running"
29284,"NIO-Worker",1419291796670616,329844,"S"
29284,"NIO-Worker",1419291797000460,26406,"R"
29284,"NIO-Worker",1419291797026866,44636,"Running"
29284,"NIO-Worker",1419291797071502,85468,"R+"
29284,"NIO-Worker",1419291797156970,9219,"Running"
29284,"NIO-Worker",1419291797166189,120052,"S"
29284,"NIO-Worker",1419291797286241,19479,"R"
29284,"NIO-Worker",1419291797305720,216927,"Running"
29284,"NIO-Worker",1419291797522647,474636,"S"
29284,"NIO-Worker",1419291797997283,357656,"R"
29284,"NIO-Worker",1419291798354939,37552,"Running"
29284,"NIO-Worker",1419291798392491,86563,"R+"
29284,"NIO-Worker",1419291798479054,87187,"Running"
29284,"NIO-Worker",1419291798566241,37188,"S"
29284,"NIO-Worker",1419291798603429,50260,"R"
29284,"NIO-Worker",1419291798653689,257552,"Running"
29284,"NIO-Worker",1419291798911241,19844,"R"
29284,"NIO-Worker",1419291798931085,1408437,"Running"
29284,"NIO-Worker",1419291800339522,21250,"R"
29284,"NIO-Worker",1419291800360772,150000,"Running"
29284,"NIO-Worker",1419291800510772,35625,"S"
29284,"NIO-Worker",1419291800546397,34636,"R"
29284,"NIO-Worker",1419291800581033,155052,"Running"
29165,"nio-stream-prod",1419291800704835,371875,"R"
29284,"NIO-Worker",1419291800736085,10312,"R"
29284,"NIO-Worker",1419291800746397,241511,"Running"
29136,"nio-webserver-r",1419291800962179,11718,"R"
29136,"nio-webserver-r",1419291800973897,68125,"Running"
29284,"NIO-Worker",1419291800987908,416090468,"S"
29136,"nio-webserver-r",1419291801042022,30417,"R+"
29136,"nio-webserver-r",1419291801072439,209375,"Running"
29165,"nio-stream-prod",1419291801076710,59323,"Running"
29165,"nio-stream-prod",1419291801136033,70469,"R"
29165,"nio-stream-prod",1419291801206502,13958,"Running"
29165,"nio-stream-prod",1419291801220460,48437,"R"
29165,"nio-stream-prod",1419291801268897,14480,"Running"
29136,"nio-webserver-r",1419291801281814,42344,"R+"
29165,"nio-stream-prod",1419291801283377,34114,"R"
29165,"nio-stream-prod",1419291801317491,14688,"Running"
29136,"nio-webserver-r",1419291801324158,69062,"Running"
29165,"nio-stream-prod",1419291801332179,45000,"R"
29165,"nio-stream-prod",1419291801377179,10781,"Running"
29165,"nio-stream-prod",1419291801387960,23906,"R"
29136,"nio-webserver-r",1419291801393220,295313,"S"
29165,"nio-stream-prod",1419291801411866,11511,"Running"
29165,"nio-stream-prod",1419291801423377,85468,"R"
29165,"nio-stream-prod",1419291801508845,10521,"Running"
29165,"nio-stream-prod",1419291801519366,139948,"R"
29165,"nio-stream-prod",1419291801659314,12396,"Running"
29165,"nio-stream-prod",1419291801671710,15156,"R+"
29165,"nio-stream-prod",1419291801686866,14844,"Running"
29136,"nio-webserver-r",1419291801688533,16146,"R"
29165,"nio-stream-prod",1419291801701710,56875,"R+"
29136,"nio-webserver-r",1419291801704679,96666,"Running"
29165,"nio-stream-prod",1419291801758585,36719,"Running"
29165,"nio-stream-prod",1419291801795304,2310000,"S"
29136,"nio-webserver-r",1419291801801345,20782,"R+"
29136,"nio-webserver-r",1419291801822127,28333,"Running"
29136,"nio-webserver-r",1419291801850460,2173125,"D"
29136,"nio-webserver-r",1419291804023585,39219,"R"
29136,"nio-webserver-r",1419291804062804,261718,"Running"
29165,"nio-stream-prod",1419291804105304,48125,"R"
29165,"nio-stream-prod",1419291804153429,28437,"Running"
29165,"nio-stream-prod",1419291804181866,108898906,"S"
29136,"nio-webserver-r",1419291804324522,80938,"R+"
29136,"nio-webserver-r",1419291804405460,154531,"Running"
29136,"nio-webserver-r",1419291804559991,31094,"R+"
29136,"nio-webserver-r",1419291804591085,125625,"Running"
29136,"nio-webserver-r",1419291804716710,38192031,"S"
29136,"nio-webserver-r",1419291842908741,42448,"R"
29136,"nio-webserver-r",1419291842951189,207031,"Running"
29136,"nio-webserver-r",1419291843158220,89740,"S"
29136,"nio-webserver-r",1419291843247960,40156,"R"
29136,"nio-webserver-r",1419291843288116,201198,"Running"
29136,"nio-webserver-r",1419291843489314,268958,"S"
29136,"nio-webserver-r",1419291843758272,26719,"R"
29136,"nio-webserver-r",1419291843784991,143750,"Running"
29136,"nio-webserver-r",1419291843928741,24219,"R"
29136,"nio-webserver-r",1419291843952960,222656,"Running"
29285,"NIO-Worker",1419291844135460,15885,"R"
29285,"NIO-Worker",1419291844151345,345521,"Running"
29136,"nio-webserver-r",1419291844175616,8081719,"S"
29285,"NIO-Worker",1419291844496866,2479531,"S"
29285,"NIO-Worker",1419291846976397,11042,"R"
29285,"NIO-Worker",1419291846987439,242083,"Running"
29285,"NIO-Worker",1419291847229522,16875,"S"
29285,"NIO-Worker",1419291847246397,410313,"Running"
29285,"NIO-Worker",1419291847656710,253385,"R+"
29285,"NIO-Worker",1419291847910095,15469,"Running"
29285,"NIO-Worker",1419291847925564,117552,"S"
29285,"NIO-Worker",1419291848043116,15469,"R"
29285,"NIO-Worker",1419291848058585,55937,"Running"
29285,"NIO-Worker",1419291848114522,264532,"R+"
29285,"NIO-Worker",1419291848379054,164791,"Running"
29285,"NIO-Worker",1419291848543845,135677,"R"
29285,"NIO-Worker",1419291848679522,87188,"Running"
29285,"NIO-Worker",1419291848766710,436406,"S"
29285,"NIO-Worker",1419291849203116,29948,"R"
29285,"NIO-Worker",1419291849233064,38802,"Running"
29285,"NIO-Worker",1419291849271866,69948,"S"
29285,"NIO-Worker",1419291849341814,39427,"R"
29285,"NIO-Worker",1419291849381241,67761,"Running"
29285,"NIO-Worker",1419291849449002,29270,"R+"
29285,"NIO-Worker",1419291849478272,5105,"Running"
29285,"NIO-Worker",1419291849483377,25677,"S"
29285,"NIO-Worker",1419291849509054,24843,"R"
29285,"NIO-Worker",1419291849533897,2537032,"Running"
29285,"NIO-Worker",1419291852070929,26823,"S"
29285,"NIO-Worker",1419291852097752,13333,"R"
29285,"NIO-Worker",1419291852111085,205417,"Running"
29136,"nio-webserver-r",1419291852257335,31562,"R"
29136,"nio-webserver-r",1419291852288897,405469,"Running"
29285,"NIO-Worker",1419291852316502,419143749,"S"
29136,"nio-webserver-r",1419291852694366,46210000,"S"
29136,"nio-webserver-r",1419291898904366,252344,"R"
29136,"nio-webserver-r",1419291899156710,16823,"Running"
29136,"nio-webserver-r",1419291899173533,16562,"R"
29136,"nio-webserver-r",1419291899190095,128021,"Running"
29136,"nio-webserver-r",1419291899318116,33125,"R+"
29136,"nio-webserver-r",1419291899351241,27344,"Running"
29136,"nio-webserver-r",1419291899378585,7031,"S"
29136,"nio-webserver-r",1419291899385616,6823,"R"
29136,"nio-webserver-r",1419291899392439,5677,"Running"
29136,"nio-webserver-r",1419291899398116,31250,"S"
29136,"nio-webserver-r",1419291899429366,6563,"R"
29136,"nio-webserver-r",1419291899435929,55104,"Running"
29136,"nio-webserver-r",1419291899491033,15364,"R"
29136,"nio-webserver-r",1419291899506397,171042,"Running"
29136,"nio-webserver-r",1419291899677439,88490,"S"
29136,"nio-webserver-r",1419291899765929,54791,"R"
29136,"nio-webserver-r",1419291899820720,62709,"Running"
29136,"nio-webserver-r",1419291899883429,6979,"R"
29136,"nio-webserver-r",1419291899890408,43333,"Running"
29136,"nio-webserver-r",1419291899933741,8125,"R"
29136,"nio-webserver-r",1419291899941866,248281,"Running"
29286,"NIO-Worker",1419291900162335,94062,"R"
29136,"nio-webserver-r",1419291900190147,13008386,"S"
29286,"NIO-Worker",1419291900256397,355157,"Running"
29286,"NIO-Worker",1419291900611554,8003385,"S"
29286,"NIO-Worker",1419291908614939,27969,"R"
29286,"NIO-Worker",1419291908642908,278906,"Running"
29286,"NIO-Worker",1419291908921814,19271,"S"
29286,"NIO-Worker",1419291908941085,310469,"Running"
29286,"NIO-Worker",1419291909251554,168593,"S"
29286,"NIO-Worker",1419291909420147,14480,"R"
29286,"NIO-Worker",1419291909434627,62239,"Running"
29286,"NIO-Worker",1419291909496866,101094,"R+"
29286,"NIO-Worker",1419291909597960,4792,"Running"
29286,"NIO-Worker",1419291909602752,107552,"S"
29286,"NIO-Worker",1419291909710304,21406,"R"
29286,"NIO-Worker",1419291909731710,198594,"Running"
29286,"NIO-Worker",1419291909930304,268125,"S"
29286,"NIO-Worker",1419291910198429,14375,"R"
29286,"NIO-Worker",1419291910212804,18854,"Running"
29286,"NIO-Worker",1419291910231658,61614,"S"
29286,"NIO-Worker",1419291910293272,30157,"R"
29286,"NIO-Worker",1419291910323429,55625,"Running"
29286,"NIO-Worker",1419291910379054,53593,"S"
29286,"NIO-Worker",1419291910432647,25469,"R"
29286,"NIO-Worker",1419291910458116,2510156,"Running"
29286,"NIO-Worker",1419291912968272,22344,"R+"
29286,"NIO-Worker",1419291912990616,238073,"Running"
29165,"nio-stream-prod",1419291913080772,45261,"R"
29165,"nio-stream-prod",1419291913126033,82396,"Running"
29136,"nio-webserver-r",1419291913198533,16927,"R"
29165,"nio-stream-prod",1419291913208429,99444218,"S"
29136,"nio-webserver-r",1419291913215460,362656,"Running"
29286,"NIO-Worker",1419291913228689,409899739,"S"
29136,"nio-webserver-r",1419291913578116,37666719,"S"
29136,"nio-webserver-r",1419291951244835,30885,"R"
29136,"nio-webserver-r",1419291951275720,105521,"Running"
29136,"nio-webserver-r",1419291951381241,161979,"S"
29136,"nio-webserver-r",1419291951543220,27865,"R"
29136,"nio-webserver-r",1419291951571085,162448,"Running"
29136,"nio-webserver-r",1419291951733533,99427,"S"
29136,"nio-webserver-r",1419291951832960,27187,"R"
29136,"nio-webserver-r",1419291951860147,268907,"Running"
29138,"NIO-Worker",1419291952105877,11614,"R"
29138,"NIO-Worker",1419291952117491,609688,"Running"
29136,"nio-webserver-r",1419291952129054,4291875,"S"
29138,"NIO-Worker",1419291952727179,39531,"R+"
29138,"NIO-Worker",1419291952766710,7031,"Running"
29138,"NIO-Worker",1419291952773741,72813,"S"
29138,"NIO-Worker",1419291952846554,24479,"R"
29138,"NIO-Worker",1419291952871033,35833,"Running"
29138,"NIO-Worker",1419291952906866,159063,"S"
29138,"NIO-Worker",1419291953065929,20468,"R"
29138,"NIO-Worker",1419291953086397,170417,"Running"
29138,"NIO-Worker",1419291953256814,217708,"S"
29138,"NIO-Worker",1419291953474522,15625,"R"
29138,"NIO-Worker",1419291953490147,22969,"Running"
29138,"NIO-Worker",1419291953513116,49844,"S"
29138,"NIO-Worker",1419291953562960,16562,"R"
29138,"NIO-Worker",1419291953579522,38282,"Running"
29138,"NIO-Worker",1419291953617804,43385,"S"
29138,"NIO-Worker",1419291953661189,14063,"R"
29138,"NIO-Worker",1419291953675252,2266458,"Running"
29138,"NIO-Worker",1419291955941710,17812,"R"
29138,"NIO-Worker",1419291955959522,26563,"Running"
29138,"NIO-Worker",1419291955986085,48906,"R"
29138,"NIO-Worker",1419291956034991,55313,"Running"
29138,"NIO-Worker",1419291956090304,8593,"R"
29138,"NIO-Worker",1419291956098897,127500,"Running"
29138,"NIO-Worker",1419291956226397,19480,"S"
29138,"NIO-Worker",1419291956245877,15364,"R"
29138,"NIO-Worker",1419291956261241,26042,"Running"
29138,"NIO-Worker",1419291956287283,19375,"R+"
29138,"NIO-Worker",1419291956306658,146771,"Running"
29136,"nio-webserver-r",1419291956420929,14218,"R"
29136,"nio-webserver-r",1419291956435147,209532,"Running"
29138,"NIO-Worker",1419291956453429,421775624,"S"
29136,"nio-webserver-r",1419291956644679,75260,"R"
29136,"nio-webserver-r",1419291956719939,148802,"Running"
29136,"nio-webserver-r",1419291956868741,18854,"R+"
29136,"nio-webserver-r",1419291956887595,73646,"Running"
29136,"nio-webserver-r",1419291956961241,47001406,"S"
29136,"nio-webserver-r",1419292003962647,51719,"R"
29136,"nio-webserver-r",1419292004014366,240000,"Running"
29136,"nio-webserver-r",1419292004254366,11667,"R+"
29136,"nio-webserver-r",1419292004266033,15677,"Running"
29136,"nio-webserver-r",1419292004281710,25312,"R+"
29136,"nio-webserver-r",1419292004307022,8230,"Running"
29136,"nio-webserver-r",1419292004315252,10156,"S"
29136,"nio-webserver-r",1419292004325408,18021,"R"
29136,"nio-webserver-r",1419292004343429,205625,"Running"
29136,"nio-webserver-r",1419292004549054,456198,"S"
29136,"nio-webserver-r",1419292005005252,59531,"R"
29136,"nio-webserver-r",1419292005064783,331146,"Running"
29252,"NIO-Worker",1419292005362127,12864,"R"
29252,"NIO-Worker",1419292005374991,391406,"Running"
29136,"nio-webserver-r",1419292005395929,7339218,"S"
29252,"NIO-Worker",1419292005766397,2364532,"S"
29252,"NIO-Worker",1419292008130929,20000,"R"
29252,"NIO-Worker",1419292008150929,239687,"Running"
29252,"NIO-Worker",1419292008390616,15886,"S"
29252,"NIO-Worker",1419292008406502,301406,"Running"
29252,"NIO-Worker",1419292008707908,192552,"S"
29252,"NIO-Worker",1419292008900460,39323,"R"
29252,"NIO-Worker",1419292008939783,38333,"Running"
29252,"NIO-Worker",1419292008978116,6875,"R+"
29252,"NIO-Worker",1419292008984991,9844,"Running"
29252,"NIO-Worker",1419292008994835,250729,"S"
29252,"NIO-Worker",1419292009245564,17188,"R"
29252,"NIO-Worker",1419292009262752,220520,"Running"
29252,"NIO-Worker",1419292009483272,324688,"S"
29252,"NIO-Worker",1419292009807960,22292,"R"
29252,"NIO-Worker",1419292009830252,22812,"Running"
29252,"NIO-Worker",1419292009853064,62344,"S"
29252,"NIO-Worker",1419292009915408,17708,"R"
29252,"NIO-Worker",1419292009933116,53281,"Running"
29252,"NIO-Worker",1419292009986397,64844,"S"
29252,"NIO-Worker",1419292010051241,10938,"R"
29252,"NIO-Worker",1419292010062179,2473541,"Running"
29252,"NIO-Worker",1419292012535720,27032,"R+"
29252,"NIO-Worker",1419292012562752,202812,"Running"
29165,"nio-stream-prod",1419292012652647,14480,"R"
29165,"nio-stream-prod",1419292012667127,78958,"Running"
29136,"nio-webserver-r",1419292012735147,17917,"R"
29165,"nio-stream-prod",1419292012746085,104722344,"S"
29136,"nio-webserver-r",1419292012753064,350365,"Running"
29252,"NIO-Worker",1419292012765564,417110364,"S"
29136,"nio-webserver-r",1419292013103429,29687,"R+"
29136,"nio-webserver-r",1419292013133116,236719,"Running"
29136,"nio-webserver-r",1419292013369835,44432031,"S"
29136,"nio-webserver-r",1419292057801866,53854,"R"
29136,"nio-webserver-r",1419292057855720,100521,"Running"
29136,"nio-webserver-r",1419292057956241,257188,"S"
29136,"nio-webserver-r",1419292058213429,31250,"R"
29136,"nio-webserver-r",1419292058244679,8593,"Running"
29136,"nio-webserver-r",1419292058253272,32032,"S"
29136,"nio-webserver-r",1419292058285304,31718,"R"
29136,"nio-webserver-r",1419292058317022,181250,"Running"
29136,"nio-webserver-r",1419292058498272,287448,"S"
29136,"nio-webserver-r",1419292058785720,44584,"R"
29136,"nio-webserver-r",1419292058830304,44218,"Running"
29136,"nio-webserver-r",1419292058874522,44375,"R"
29136,"nio-webserver-r",1419292058918897,311250,"Running"
29267,"NIO-Worker",1419292059170460,25781,"R"
29267,"NIO-Worker",1419292059196241,337813,"Running"
29136,"nio-webserver-r",1419292059230147,6206719,"S"
29267,"NIO-Worker",1419292059534054,1137343,"S"
29267,"NIO-Worker",1419292060671397,45313,"R"
29267,"NIO-Worker",1419292060716710,220312,"Running"
29267,"NIO-Worker",1419292060937022,296719,"S"
29267,"NIO-Worker",1419292061233741,25261,"R"
29267,"NIO-Worker",1419292061259002,247343,"Running"
29267,"NIO-Worker",1419292061506345,126302,"S"
29267,"NIO-Worker",1419292061632647,39375,"R"
29267,"NIO-Worker",1419292061672022,29480,"Running"
29267,"NIO-Worker",1419292061701502,62708,"R+"
29267,"NIO-Worker",1419292061764210,11198,"Running"
29267,"NIO-Worker",1419292061775408,140937,"S"
29267,"NIO-Worker",1419292061916345,22552,"R"
29267,"NIO-Worker",1419292061938897,199532,"Running"
29267,"NIO-Worker",1419292062138429,310312,"S"
29267,"NIO-Worker",1419292062448741,11094,"R"
29267,"NIO-Worker",1419292062459835,33125,"Running"
29267,"NIO-Worker",1419292062492960,49375,"S"
29267,"NIO-Worker",1419292062542335,16875,"R"
29267,"NIO-Worker",1419292062559210,71250,"Running"
29267,"NIO-Worker",1419292062630460,38229,"S"
29267,"NIO-Worker",1419292062668689,25833,"R"
29267,"NIO-Worker",1419292062694522,2162969,"Running"
29267,"NIO-Worker",1419292064857491,12500,"R"
29267,"NIO-Worker",1419292064869991,150625,"Running"
29267,"NIO-Worker",1419292065020616,19792,"R"
29267,"NIO-Worker",1419292065040408,222396,"Running"
29267,"NIO-Worker",1419292065262804,30312,"S"
29267,"NIO-Worker",1419292065293116,13698,"R"
29267,"NIO-Worker",1419292065306814,166250,"Running"
29136,"nio-webserver-r",1419292065436866,14531,"R"
29136,"nio-webserver-r",1419292065451397,297188,"Running"
29267,"NIO-Worker",1419292065473064,419531771,"S"
29136,"nio-webserver-r",1419292065748585,44552500,"S"
29136,"nio-webserver-r",1419292110301085,45000,"R"
29136,"nio-webserver-r",1419292110346085,205937,"Running"
29136,"nio-webserver-r",1419292110552022,185625,"S"
29136,"nio-webserver-r",1419292110737647,55886,"R"
29136,"nio-webserver-r",1419292110793533,172500,"Running"
29136,"nio-webserver-r",1419292110966033,512343,"S"
29136,"nio-webserver-r",1419292111478376,57084,"R"
29136,"nio-webserver-r",1419292111535460,331406,"Running"
29277,"NIO-Worker",1419292111837335,14166,"R"
29277,"NIO-Worker",1419292111851501,380834,"Running"
29136,"nio-webserver-r",1419292111866866,5811875,"S"
29277,"NIO-Worker",1419292112232335,535781,"S"
29277,"NIO-Worker",1419292112768116,12760,"R"
29277,"NIO-Worker",1419292112780876,81407,"Running"
29277,"NIO-Worker",1419292112862283,9531,"R"
29277,"NIO-Worker",1419292112871814,126458,"Running"
29277,"NIO-Worker",1419292112998272,3282,"S"
29277,"NIO-Worker",1419292113001554,13437,"R"
29277,"NIO-Worker",1419292113014991,294844,"Running"
29277,"NIO-Worker",1419292113309835,166562,"S"
29277,"NIO-Worker",1419292113476397,25104,"R"
29277,"NIO-Worker",1419292113501501,50625,"Running"
29277,"NIO-Worker",1419292113552126,229896,"S"
29277,"NIO-Worker",1419292113782022,20625,"R"
29277,"NIO-Worker",1419292113802647,199532,"Running"
29277,"NIO-Worker",1419292114002179,255937,"S"
29277,"NIO-Worker",1419292114258116,119375,"R"
29277,"NIO-Worker",1419292114377491,29375,"Running"
29277,"NIO-Worker",1419292114406866,68594,"S"
29277,"NIO-Worker",1419292114475460,14791,"R"
29277,"NIO-Worker",1419292114490251,56303,"Running"
29277,"NIO-Worker",1419292114546554,49687,"S"
29277,"NIO-Worker",1419292114596241,52135,"R"
29277,"NIO-Worker",1419292114648376,209896,"Running"
29277,"NIO-Worker",1419292114858272,35157,"R"
29277,"NIO-Worker",1419292114893429,135468,"Running"
29277,"NIO-Worker",1419292115028897,16667,"R"
29277,"NIO-Worker",1419292115045564,7708,"Running"
29277,"NIO-Worker",1419292115053272,11198,"R"
29277,"NIO-Worker",1419292115064470,2230365,"Running"
29277,"NIO-Worker",1419292117294835,71823,"R+"
29277,"NIO-Worker",1419292117366658,346250,"Running"
29165,"nio-stream-prod",1419292117468429,66875,"R"
29165,"nio-stream-prod",1419292117535304,89375,"Running"
29165,"nio-stream-prod",1419292117624679,106687187,"S"
29136,"nio-webserver-r",1419292117678741,49531,"R"
29277,"NIO-Worker",1419292117712908,33021,"R"
29136,"nio-webserver-r",1419292117728272,379636,"Running"
29277,"NIO-Worker",1419292117745929,34479,"Running"
29277,"NIO-Worker",1419292117780408,418154739,"S"
29136,"nio-webserver-r",1419292118107908,41996458,"S"
29136,"nio-webserver-r",1419292160104366,34323,"R"
29136,"nio-webserver-r",1419292160138689,105521,"Running"
29136,"nio-webserver-r",1419292160244210,166562,"S"
29136,"nio-webserver-r",1419292160410772,82032,"R"
29136,"nio-webserver-r",1419292160492804,15156,"Running"
29136,"nio-webserver-r",1419292160507960,17187,"R+"
29136,"nio-webserver-r",1419292160525147,10625,"Running"
29136,"nio-webserver-r",1419292160535772,7813,"R"
29136,"nio-webserver-r",1419292160543585,91510,"Running"
29136,"nio-webserver-r",1419292160635095,26406,"R"
29136,"nio-webserver-r",1419292160661501,11459,"Running"
29136,"nio-webserver-r",1419292160672960,8229,"R"
29136,"nio-webserver-r",1419292160681189,85677,"Running"
29136,"nio-webserver-r",1419292160766866,252500,"S"
29136,"nio-webserver-r",1419292161019366,42500,"R"
29136,"nio-webserver-r",1419292161061866,318594,"Running"
29279,"NIO-Worker",1419292161347126,15313,"R"
29279,"NIO-Worker",1419292161362439,605365,"Running"
29136,"nio-webserver-r",1419292161380460,4990625,"S"
29279,"NIO-Worker",1419292161967804,248437,"S"
29279,"NIO-Worker",1419292162216241,20938,"R"
29279,"NIO-Worker",1419292162237179,31510,"Running"
29279,"NIO-Worker",1419292162268689,8490,"R+"
29279,"NIO-Worker",1419292162277179,4843,"Running"
29279,"NIO-Worker",1419292162282022,200469,"S"
29279,"NIO-Worker",1419292162482491,20156,"R"
29279,"NIO-Worker",1419292162502647,194323,"Running"
29279,"NIO-Worker",1419292162696970,237396,"S"
29279,"NIO-Worker",1419292162934366,12031,"R"
29279,"NIO-Worker",1419292162946397,11250,"Running"
29279,"NIO-Worker",1419292162957647,19792,"R+"
29279,"NIO-Worker",1419292162977439,4271,"Running"
29279,"NIO-Worker",1419292162981710,19635,"S"
29279,"NIO-Worker",1419292163001345,9896,"R"
29279,"NIO-Worker",1419292163011241,39375,"Running"
29279,"NIO-Worker",1419292163050616,56406,"S"
29279,"NIO-Worker",1419292163107022,21667,"R"
29279,"NIO-Worker",1419292163128689,1193177,"Running"
29279,"NIO-Worker",1419292164321866,18125,"R"
29279,"NIO-Worker",1419292164339991,167188,"Running"
29279,"NIO-Worker",1419292164507179,13229,"R"
29279,"NIO-Worker",1419292164520408,73958,"Running"
29279,"NIO-Worker",1419292164594366,25260,"R"
29279,"NIO-Worker",1419292164619626,237084,"Running"
29279,"NIO-Worker",1419292164856710,7448,"R"
29279,"NIO-Worker",1419292164864158,135208,"Running"
29279,"NIO-Worker",1419292164999366,275625,"R"
29279,"NIO-Worker",1419292165274991,917656,"Running"
29279,"NIO-Worker",1419292166192647,27188,"S"
29279,"NIO-Worker",1419292166219835,11198,"R"
29279,"NIO-Worker",1419292166231033,190937,"Running"
29136,"nio-webserver-r",1419292166371085,75469,"R"
29279,"NIO-Worker",1419292166421970,423875313,"S"
29136,"nio-webserver-r",1419292166446554,50625,"Running"
29136,"nio-webserver-r",1419292166497179,11406,"R"
29136,"nio-webserver-r",1419292166508585,102344,"Running"
29136,"nio-webserver-r",1419292166610929,108750,"R+"
29136,"nio-webserver-r",1419292166719679,92500,"Running"
29136,"nio-webserver-r",1419292166812179,86875,"R+"
29136,"nio-webserver-r",1419292166899054,209635,"Running"
29136,"nio-webserver-r",1419292167108689,48682812,"S"
29136,"nio-webserver-r",1419292215791501,38490,"R"
29136,"nio-webserver-r",1419292215829991,141510,"Running"
29136,"nio-webserver-r",1419292215971501,521,"S"
29136,"nio-webserver-r",1419292215972022,28907,"R"
29136,"nio-webserver-r",1419292216000929,180625,"Running"
29136,"nio-webserver-r",1419292216181554,498437,"S"
29136,"nio-webserver-r",1419292216679991,33698,"R"
29136,"nio-webserver-r",1419292216713689,177396,"Running"
29136,"nio-webserver-r",1419292216891085,19479,"R"
29136,"nio-webserver-r",1419292216910564,209896,"Running"
29284,"NIO-Worker",1419292217078376,32084,"R"
29284,"NIO-Worker",1419292217110460,349791,"Running"
29136,"nio-webserver-r",1419292217120460,7284375,"S"
29284,"NIO-Worker",1419292217460251,2169063,"S"
29284,"NIO-Worker",1419292219629314,34583,"R"
29284,"NIO-Worker",1419292219663897,208386,"Running"
29284,"NIO-Worker",1419292219872283,86927,"S"
29284,"NIO-Worker",1419292219959210,24062,"R"
29284,"NIO-Worker",1419292219983272,336875,"Running"
29284,"NIO-Worker",1419292220320147,162657,"R+"
29284,"NIO-Worker",1419292220482804,45416,"Running"
29284,"NIO-Worker",1419292220528220,162240,"R+"
29284,"NIO-Worker",1419292220690460,5625,"Running"
29284,"NIO-Worker",1419292220696085,41875,"S"
29284,"NIO-Worker",1419292220737960,53437,"R"
29284,"NIO-Worker",1419292220791397,254844,"Running"
29284,"NIO-Worker",1419292221046241,77500,"R+"
29284,"NIO-Worker",1419292221123741,9063,"Running"
29284,"NIO-Worker",1419292221132804,148593,"S"
29284,"NIO-Worker",1419292221281397,27969,"R"
29284,"NIO-Worker",1419292221309366,25781,"Running"
29284,"NIO-Worker",1419292221335147,56563,"S"
29284,"NIO-Worker",1419292221391710,23750,"R"
29284,"NIO-Worker",1419292221415460,41562,"Running"
29284,"NIO-Worker",1419292221457022,44011,"S"
29284,"NIO-Worker",1419292221501033,20364,"R"
29284,"NIO-Worker",1419292221521397,1002292,"Running"
29284,"NIO-Worker",1419292222523689,34115,"R"
29284,"NIO-Worker",1419292222557804,46562,"Running"
29284,"NIO-Worker",1419292222604366,39688,"R"
29284,"NIO-Worker",1419292222644054,629010,"Running"
29284,"NIO-Worker",1419292223273064,60521,"R"
29284,"NIO-Worker",1419292223333585,841094,"Running"
29284,"NIO-Worker",1419292224174679,33437,"S"
29284,"NIO-Worker",1419292224208116,14688,"R"
29284,"NIO-Worker",1419292224222804,214062,"Running"
29165,"nio-stream-prod",1419292224311866,125000,"R"
29136,"nio-webserver-r",1419292224404835,11406,"R"
29136,"nio-webserver-r",1419292224416241,260625,"Running"
29165,"nio-stream-prod",1419292224436866,281406,"Running"
29284,"NIO-Worker",1419292224436866,421505469,"S"
29136,"nio-webserver-r",1419292224676866,10156,"S"
29136,"nio-webserver-r",1419292224687022,84063,"Running"
29165,"nio-stream-prod",1419292224718272,106064792,"S"
29136,"nio-webserver-r",1419292224771085,21406,"R"
29136,"nio-webserver-r",1419292224792491,58438,"Running"
29136,"nio-webserver-r",1419292224850929,20572,"R+"
29136,"nio-webserver-r",1419292224871501,108334,"Running"
29136,"nio-webserver-r",1419292224979835,10937,"R+"
29136,"nio-webserver-r",1419292224990772,24688,"Running"
29136,"nio-webserver-r",1419292225015460,45321354,"S"
29136,"nio-webserver-r",1419292270336814,94844,"R"
29136,"nio-webserver-r",1419292270431658,108333,"Running"
29136,"nio-webserver-r",1419292270539991,154063,"S"
29136,"nio-webserver-r",1419292270694054,16250,"R"
29136,"nio-webserver-r",1419292270710304,93125,"Running"
29136,"nio-webserver-r",1419292270803429,20468,"R"
29136,"nio-webserver-r",1419292270823897,80782,"Running"
29136,"nio-webserver-r",1419292270904679,238906,"S"
29136,"nio-webserver-r",1419292271143585,28437,"R"
29136,"nio-webserver-r",1419292271172022,317604,"Running"
29285,"NIO-Worker",1419292271460251,12084,"R"
29285,"NIO-Worker",1419292271472335,275469,"Running"
29136,"nio-webserver-r",1419292271489626,5647240,"S"
29285,"NIO-Worker",1419292271747804,769375,"S"
29285,"NIO-Worker",1419292272517179,33385,"R"
29285,"NIO-Worker",1419292272550564,56615,"Running"
29285,"NIO-Worker",1419292272607179,44062,"R"
29285,"NIO-Worker",1419292272651241,148125,"Running"
29285,"NIO-Worker",1419292272799366,22292,"S"
29285,"NIO-Worker",1419292272821658,38177,"R"
29285,"NIO-Worker",1419292272859835,11562,"Running"
29285,"NIO-Worker",1419292272871397,23125,"R"
29285,"NIO-Worker",1419292272894522,284792,"Running"
29285,"NIO-Worker",1419292273179314,290521,"S"
29285,"NIO-Worker",1419292273469835,16875,"R"
29285,"NIO-Worker",1419292273486710,42187,"Running"
29285,"NIO-Worker",1419292273528897,184219,"S"
29285,"NIO-Worker",1419292273713116,14792,"R"
29285,"NIO-Worker",1419292273727908,187552,"Running"
29285,"NIO-Worker",1419292273915460,253906,"S"
29285,"NIO-Worker",1419292274169366,18906,"R"
29285,"NIO-Worker",1419292274188272,24532,"Running"
29285,"NIO-Worker",1419292274212804,52343,"S"
29285,"NIO-Worker",1419292274265147,20104,"R"
29285,"NIO-Worker",1419292274285251,40469,"Running"
29285,"NIO-Worker",1419292274325720,46927,"S"
29285,"NIO-Worker",1419292274372647,16250,"R"
29285,"NIO-Worker",1419292274388897,2536198,"Running"
29285,"NIO-Worker",1419292276925095,31459,"R+"
29285,"NIO-Worker",1419292276956554,211406,"Running"
29136,"nio-webserver-r",1419292277136866,11563,"R"
29136,"nio-webserver-r",1419292277148429,321041,"Running"
29285,"NIO-Worker",1419292277167960,418708281,"S"
29136,"nio-webserver-r",1419292277469470,44397031,"S"
29136,"nio-webserver-r",1419292321866501,43646,"R"
29136,"nio-webserver-r",1419292321910147,105573,"Running"
29136,"nio-webserver-r",1419292322015720,142500,"S"
29136,"nio-webserver-r",1419292322158220,114271,"R"
29136,"nio-webserver-r",1419292322272491,157031,"Running"
29136,"nio-webserver-r",1419292322429522,325938,"S"
29136,"nio-webserver-r",1419292322755460,58437,"R"
29136,"nio-webserver-r",1419292322813897,341823,"Running"
29286,"NIO-Worker",1419292323128428,61250,"R"
29136,"nio-webserver-r",1419292323155720,19688,"R"
29136,"nio-webserver-r",1419292323175408,17968,"Running"
29286,"NIO-Worker",1419292323189678,294688,"Running"
29136,"nio-webserver-r",1419292323193376,7676459,"S"
29286,"NIO-Worker",1419292323484366,3102969,"S"
29286,"NIO-Worker",1419292326587335,37656,"R"
29286,"NIO-Worker",1419292326624991,386562,"Running"
29286,"NIO-Worker",1419292327011553,155313,"S"
29286,"NIO-Worker",1419292327166866,19687,"R"
29286,"NIO-Worker",1419292327186553,38542,"Running"
29286,"NIO-Worker",1419292327225095,201302,"S"
29286,"NIO-Worker",1419292327426397,24375,"R"
29286,"NIO-Worker",1419292327450772,242656,"Running"
29286,"NIO-Worker",1419292327693428,246511,"S"
29286,"NIO-Worker",1419292327939939,45833,"R"
29286,"NIO-Worker",1419292327985772,26719,"Running"
29286,"NIO-Worker",1419292328012491,57448,"S"
29286,"NIO-Worker",1419292328069939,25052,"R"
29286,"NIO-Worker",1419292328094991,42344,"Running"
29286,"NIO-Worker",1419292328137335,34062,"S"
29286,"NIO-Worker",1419292328171397,18281,"R"
29286,"NIO-Worker",1419292328189678,2474844,"Running"
29286,"NIO-Worker",1419292330664522,27500,"R+"
29286,"NIO-Worker",1419292330692022,209479,"Running"
29165,"nio-stream-prod",1419292330783064,25052,"R"
29165,"nio-stream-prod",1419292330808116,15417,"Running"
29165,"nio-stream-prod",1419292330823533,34427,"R"
29165,"nio-stream-prod",1419292330857960,69323,"Running"
29136,"nio-webserver-r",1419292330869835,57448,"R"
29286,"NIO-Worker",1419292330901501,421294531,"S"
29136,"nio-webserver-r",1419292330927283,183489,"Running"
29165,"nio-stream-prod",1419292330927283,103867239,"S"
29136,"nio-webserver-r",1419292331110772,38125,"R+"
29136,"nio-webserver-r",1419292331148897,237969,"Running"
29136,"nio-webserver-r",1419292331386866,45618594,"S"
29136,"nio-webserver-r",1419292377005460,29062,"R"
29136,"nio-webserver-r",1419292377034522,142136,"Running"
29136,"nio-webserver-r",1419292377176658,133020,"S"
29136,"nio-webserver-r",1419292377309678,22969,"R"
29136,"nio-webserver-r",1419292377332647,6719,"Running"
29136,"nio-webserver-r",1419292377339366,7187,"S"
29136,"nio-webserver-r",1419292377346553,21511,"R"
29136,"nio-webserver-r",1419292377368064,206614,"Running"
29136,"nio-webserver-r",1419292377574678,257969,"S"
29136,"nio-webserver-r",1419292377832647,68438,"R"
29136,"nio-webserver-r",1419292377901085,147968,"Running"
29136,"nio-webserver-r",1419292378049053,10573,"R"
29136,"nio-webserver-r",1419292378059626,207084,"Running"
29138,"NIO-Worker",1419292378229053,15625,"R"
29138,"NIO-Worker",1419292378244678,341875,"Running"
29136,"nio-webserver-r",1419292378266710,5745573,"S"
29138,"NIO-Worker",1419292378586553,499167,"S"
29138,"NIO-Worker",1419292379085720,12083,"R"
29138,"NIO-Worker",1419292379097803,180157,"Running"
29138,"NIO-Worker",1419292379277960,100781,"S"
29138,"NIO-Worker",1419292379378741,12500,"R"
29138,"NIO-Worker",1419292379391241,278073,"Running"
29138,"NIO-Worker",1419292379669314,116562,"S"
29138,"NIO-Worker",1419292379785876,15000,"R"
29138,"NIO-Worker",1419292379800876,39844,"Running"
29138,"NIO-Worker",1419292379840720,199063,"S"
29138,"NIO-Worker",1419292380039783,15364,"R"
29138,"NIO-Worker",1419292380055147,180000,"Running"
29138,"NIO-Worker",1419292380235147,231823,"S"
29138,"NIO-Worker",1419292380466970,13802,"R"
29138,"NIO-Worker",1419292380480772,18281,"Running"
29138,"NIO-Worker",1419292380499053,45730,"S"
29138,"NIO-Worker",1419292380544783,15937,"R"
29138,"NIO-Worker",1419292380560720,42865,"Running"
29138,"NIO-Worker",1419292380603585,43125,"S"
29138,"NIO-Worker",1419292380646710,15468,"R"
29138,"NIO-Worker",1419292380662178,405417,"Running"
29138,"NIO-Worker",1419292381067595,30313,"R"
29138,"NIO-Worker",1419292381097908,190677,"Running"
29138,"NIO-Worker",1419292381288585,24218,"R"
29138,"NIO-Worker",1419292381312803,167032,"Running"
29138,"NIO-Worker",1419292381479835,147343,"R"
29138,"NIO-Worker",1419292381627178,15938,"Running"
29138,"NIO-Worker",1419292381643116,120312,"R+"
29138,"NIO-Worker",1419292381763428,2076198,"Running"
29138,"NIO-Worker",1419292383839626,35834,"R+"
29138,"NIO-Worker",1419292383875460,174375,"Running"
29136,"nio-webserver-r",1419292384012283,15989,"R"
29136,"nio-webserver-r",1419292384028272,361042,"Running"
29138,"NIO-Worker",1419292384049835,420256875,"S"
29136,"nio-webserver-r",1419292384389314,44188489,"S"
29136,"nio-webserver-r",1419292428577803,43125,"R"
29136,"nio-webserver-r",1419292428620928,367032,"Running"
29136,"nio-webserver-r",1419292428987960,68073,"S"
29136,"nio-webserver-r",1419292429056033,36875,"R"
29136,"nio-webserver-r",1419292429092908,5833,"Running"
29136,"nio-webserver-r",1419292429098741,17812,"S"
29136,"nio-webserver-r",1419292429116553,163907,"Running"
29136,"nio-webserver-r",1419292429280460,243229,"S"
29136,"nio-webserver-r",1419292429523689,42187,"R"
29136,"nio-webserver-r",1419292429565876,344896,"Running"
29252,"NIO-Worker",1419292429875928,16407,"R"
29252,"NIO-Worker",1419292429892335,668854,"Running"
29136,"nio-webserver-r",1419292429910772,4958386,"S"
29252,"NIO-Worker",1419292430561189,144062,"S"
29252,"NIO-Worker",1419292430705251,18907,"R"
29252,"NIO-Worker",1419292430724158,342812,"Running"
29252,"NIO-Worker",1419292431066970,226302,"S"
29252,"NIO-Worker",1419292431293272,59375,"R"
29252,"NIO-Worker",1419292431352647,225261,"Running"
29252,"NIO-Worker",1419292431577908,316302,"S"
29252,"NIO-Worker",1419292431894210,47500,"R"
29252,"NIO-Worker",1419292431941710,33593,"Running"
29252,"NIO-Worker",1419292431975303,49532,"S"
29252,"NIO-Worker",1419292432024835,41250,"R"
29252,"NIO-Worker",1419292432066085,47135,"Running"
29252,"NIO-Worker",1419292432113220,42656,"S"
29252,"NIO-Worker",1419292432155876,36927,"R"
29252,"NIO-Worker",1419292432192803,733125,"Running"
29252,"NIO-Worker",1419292432925928,22188,"R"
29252,"NIO-Worker",1419292432948116,1726823,"Running"
29252,"NIO-Worker",1419292434674939,19896,"S"
29252,"NIO-Worker",1419292434694835,15000,"R"
29252,"NIO-Worker",1419292434709835,190000,"Running"
29165,"nio-stream-prod",1419292434794522,27813,"R"
29165,"nio-stream-prod",1419292434822335,88593,"Running"
29136,"nio-webserver-r",1419292434869158,11614,"R"
29136,"nio-webserver-r",1419292434880772,357761,"Running"
29252,"NIO-Worker",1419292434899835,421847343,"S"
29165,"nio-stream-prod",1419292434910928,105926250,"S"
29136,"nio-webserver-r",1419292435238533,48347552,"S"
29136,"nio-webserver-r",1419292483586085,30000,"R"
29136,"nio-webserver-r",1419292483616085,93750,"Running"
29136,"nio-webserver-r",1419292483709835,305781,"S"
29136,"nio-webserver-r",1419292484015616,23750,"R"
29136,"nio-webserver-r",1419292484039366,129375,"Running"
29136,"nio-webserver-r",1419292484168741,425781,"S"
29136,"nio-webserver-r",1419292484594522,47031,"R"
29136,"nio-webserver-r",1419292484641553,412917,"Running"
29267,"NIO-Worker",1419292485004835,49635,"R"
29136,"nio-webserver-r",1419292485054470,9489531,"S"
29267,"NIO-Worker",1419292485054470,348177,"Running"
29267,"NIO-Worker",1419292485402647,4346042,"S"
29267,"NIO-Worker",1419292489748689,17552,"R"
29267,"NIO-Worker",1419292489766241,85312,"Running"
29267,"NIO-Worker",1419292489851553,66407,"R"
29267,"NIO-Worker",1419292489917960,421562,"Running"
29267,"NIO-Worker",1419292490339522,124063,"R+"
29267,"NIO-Worker",1419292490463585,59166,"Running"
29267,"NIO-Worker",1419292490522751,62240,"R+"
29267,"NIO-Worker",1419292490584991,15729,"Running"
29267,"NIO-Worker",1419292490600720,317813,"S"
29267,"NIO-Worker",1419292490918533,33958,"R"
29267,"NIO-Worker",1419292490952491,205625,"Running"
29267,"NIO-Worker",1419292491158116,320312,"S"
29267,"NIO-Worker",1419292491478428,14480,"R"
29267,"NIO-Worker",1419292491492908,14114,"Running"
29267,"NIO-Worker",1419292491507022,11563,"R+"
29267,"NIO-Worker",1419292491518585,8073,"Running"
29267,"NIO-Worker",1419292491526658,18281,"S"
29267,"NIO-Worker",1419292491544939,14271,"R"
29267,"NIO-Worker",1419292491559210,36093,"Running"
29267,"NIO-Worker",1419292491595303,53125,"R+"
29267,"NIO-Worker",1419292491648428,2525261,"Running"
29267,"NIO-Worker",1419292494173689,98958,"R+"
29267,"NIO-Worker",1419292494272647,219011,"Running"
29267,"NIO-Worker",1419292494491658,21614,"R+"
29267,"NIO-Worker",1419292494513272,85313,"Running"
29136,"nio-webserver-r",1419292494544001,253802,"R"
29267,"NIO-Worker",1419292494598585,49375,"R"
29267,"NIO-Worker",1419292494647960,21510,"Running"
29267,"NIO-Worker",1419292494669470,416060521,"S"
29136,"nio-webserver-r",1419292494797803,212605,"Running"
29136,"nio-webserver-r",1419292495010408,34531,"R+"
29136,"nio-webserver-r",1419292495044939,240052,"Running"
29136,"nio-webserver-r",1419292495284991,39433854,"S"
29136,"nio-webserver-r",1419292534718845,34271,"R"
29136,"nio-webserver-r",1419292534753116,148125,"Running"
29136,"nio-webserver-r",1419292534901241,68750,"S"
29136,"nio-webserver-r",1419292534969991,74844,"R"
29136,"nio-webserver-r",1419292535044835,232448,"Running"
29136,"nio-webserver-r",1419292535277283,338489,"S"
29136,"nio-webserver-r",1419292535615772,52188,"R"
29136,"nio-webserver-r",1419292535667960,313906,"Running"
29277,"NIO-Worker",1419292535935147,46719,"R"
29136,"nio-webserver-r",1419292535981866,4940781,"S"
29277,"NIO-Worker",1419292535981866,265729,"Running"
29277,"NIO-Worker",1419292536247595,130469,"S"
29277,"NIO-Worker",1419292536378064,13958,"R"
29277,"NIO-Worker",1419292536392022,189011,"Running"
29277,"NIO-Worker",1419292536581033,18489,"S"
29277,"NIO-Worker",1419292536599522,283438,"Running"
29277,"NIO-Worker",1419292536882960,170156,"R+"
29277,"NIO-Worker",1419292537053116,49323,"Running"
29277,"NIO-Worker",1419292537102439,175521,"S"
29277,"NIO-Worker",1419292537277960,23437,"R"
29277,"NIO-Worker",1419292537301397,214844,"Running"
29277,"NIO-Worker",1419292537516241,246354,"S"
29277,"NIO-Worker",1419292537762595,14115,"R"
29277,"NIO-Worker",1419292537776710,29375,"Running"
29277,"NIO-Worker",1419292537806085,57812,"S"
29277,"NIO-Worker",1419292537863897,15729,"R"
29277,"NIO-Worker",1419292537879626,52240,"Running"
29277,"NIO-Worker",1419292537931866,42656,"R+"
29277,"NIO-Worker",1419292537974522,4011,"Running"
29277,"NIO-Worker",1419292537978533,15468,"S"
29277,"NIO-Worker",1419292537994001,16719,"R"
29277,"NIO-Worker",1419292538010720,1125833,"Running"
29277,"NIO-Worker",1419292539136553,24219,"R"
29277,"NIO-Worker",1419292539160772,9479,"Running"
29277,"NIO-Worker",1419292539170251,46250,"R"
29277,"NIO-Worker",1419292539216501,700000,"Running"
29277,"NIO-Worker",1419292539916501,64844,"R"
29277,"NIO-Worker",1419292539981345,685208,"Running"
29277,"NIO-Worker",1419292540666553,23907,"S"
29277,"NIO-Worker",1419292540690460,28125,"R"
29277,"NIO-Worker",1419292540718585,231875,"Running"
29165,"nio-stream-prod",1419292540837178,30782,"R"
29165,"nio-stream-prod",1419292540867960,83437,"Running"
29136,"nio-webserver-r",1419292540922647,13906,"R"
29136,"nio-webserver-r",1419292540936553,323750,"Running"
29277,"NIO-Worker",1419292540950460,420639687,"S"
29165,"nio-stream-prod",1419292540951397,119532344,"S"
29136,"nio-webserver-r",1419292541260303,47401511,"S"
29136,"nio-webserver-r",1419292588661814,56927,"R"
29136,"nio-webserver-r",1419292588718741,144323,"Running"
29136,"nio-webserver-r",1419292588863064,83958,"S"
29136,"nio-webserver-r",1419292588947022,31719,"R"
29136,"nio-webserver-r",1419292588978741,8437,"Running"
29136,"nio-webserver-r",1419292588987178,15938,"S"
29136,"nio-webserver-r",1419292589003116,32812,"R"
29136,"nio-webserver-r",1419292589035928,15261,"Running"
29136,"nio-webserver-r",1419292589051189,69739,"R+"
29136,"nio-webserver-r",1419292589120928,153594,"Running"
29136,"nio-webserver-r",1419292589274522,545469,"S"
29136,"nio-webserver-r",1419292589819991,152656,"R"
29136,"nio-webserver-r",1419292589972647,364636,"Running"
29279,"NIO-Worker",1419292590297283,40000,"R"
29136,"nio-webserver-r",1419292590337283,8712031,"S"
29279,"NIO-Worker",1419292590337283,281145,"Running"
29279,"NIO-Worker",1419292590618428,3328125,"S"
29279,"NIO-Worker",1419292593946553,31355,"R"
29279,"NIO-Worker",1419292593977908,486093,"Running"
29279,"NIO-Worker",1419292594464001,146771,"S"
29279,"NIO-Worker",1419292594610772,21406,"R"
29279,"NIO-Worker",1419292594632178,48594,"Running"
29279,"NIO-Worker",1419292594680772,207136,"S"
29279,"NIO-Worker",1419292594887908,13125,"R"
29279,"NIO-Worker",1419292594901033,201458,"Running"
29279,"NIO-Worker",1419292595102491,446094,"S"
29279,"NIO-Worker",1419292595548585,24062,"R"
29279,"NIO-Worker",1419292595572647,42813,"Running"
29279,"NIO-Worker",1419292595615460,63229,"S"
29279,"NIO-Worker",1419292595678689,47969,"R"
29279,"NIO-Worker",1419292595726658,53177,"Running"
29279,"NIO-Worker",1419292595779835,47656,"R+"
29279,"NIO-Worker",1419292595827491,1042135,"Running"
29279,"NIO-Worker",1419292596869626,33021,"R"
29279,"NIO-Worker",1419292596902647,492188,"Running"
29279,"NIO-Worker",1419292597394835,23385,"R"
29279,"NIO-Worker",1419292597418220,7656,"Running"
29279,"NIO-Worker",1419292597425876,183177,"R"
29279,"NIO-Worker",1419292597609053,113073,"Running"
29279,"NIO-Worker",1419292597722126,11250,"R"
29279,"NIO-Worker",1419292597733376,92396,"Running"
29279,"NIO-Worker",1419292597825772,27136,"R"
29279,"NIO-Worker",1419292597852908,333802,"Running"
29279,"NIO-Worker",1419292598186710,68229,"R+"
29279,"NIO-Worker",1419292598254939,549739,"Running"
29279,"NIO-Worker",1419292598804678,30886,"S"
29279,"NIO-Worker",1419292598835564,57239,"R"
29279,"NIO-Worker",1419292598892803,207188,"Running"
29136,"nio-webserver-r",1419292599049314,81302,"R"
29279,"NIO-Worker",1419292599099991,417291875,"S"
29136,"nio-webserver-r",1419292599130616,357969,"Running"
29136,"nio-webserver-r",1419292599488585,45206250,"S"
29136,"nio-webserver-r",1419292644694835,35625,"R"
29136,"nio-webserver-r",1419292644730460,127916,"Running"
29136,"nio-webserver-r",1419292644858376,126302,"S"
29136,"nio-webserver-r",1419292644984678,80782,"R"
29136,"nio-webserver-r",1419292645065460,346041,"Running"
29136,"nio-webserver-r",1419292645411501,18646,"R"
29136,"nio-webserver-r",1419292645430147,36250,"Running"
29136,"nio-webserver-r",1419292645466397,122917,"S"
29136,"nio-webserver-r",1419292645589314,58958,"R"
29136,"nio-webserver-r",1419292645648272,337969,"Running"
29284,"NIO-Worker",1419292645942335,13541,"R"
29284,"NIO-Worker",1419292645955876,308282,"Running"
29136,"nio-webserver-r",1419292645986241,14587031,"S"
29284,"NIO-Worker",1419292646264158,9851458,"S"
29284,"NIO-Worker",1419292656115616,17656,"R"
29284,"NIO-Worker",1419292656133272,430938,"Running"
29284,"NIO-Worker",1419292656564210,167656,"R+"
29284,"NIO-Worker",1419292656731866,77448,"Running"
29284,"NIO-Worker",1419292656809314,148958,"S"
29284,"NIO-Worker",1419292656958272,14479,"R"
29284,"NIO-Worker",1419292656972751,22240,"Running"
29284,"NIO-Worker",1419292656994991,90729,"R+"
29284,"NIO-Worker",1419292657085720,5208,"Running"
29284,"NIO-Worker",1419292657090928,103907,"S"
29284,"NIO-Worker",1419292657194835,17812,"R"
29284,"NIO-Worker",1419292657212647,207292,"Running"
29284,"NIO-Worker",1419292657419939,242708,"S"
29284,"NIO-Worker",1419292657662647,15938,"R"
29284,"NIO-Worker",1419292657678585,21041,"Running"
29284,"NIO-Worker",1419292657699626,64584,"S"
29284,"NIO-Worker",1419292657764210,16875,"R"
29284,"NIO-Worker",1419292657781085,37656,"Running"
29284,"NIO-Worker",1419292657818741,46198,"S"
29284,"NIO-Worker",1419292657864939,15364,"R"
29284,"NIO-Worker",1419292657880303,2467500,"Running"
29284,"NIO-Worker",1419292660347803,28073,"S"
29284,"NIO-Worker",1419292660375876,15938,"R"
29284,"NIO-Worker",1419292660391814,215677,"Running"
29165,"nio-stream-prod",1419292660483741,24948,"R"
29165,"nio-stream-prod",1419292660508689,87239,"Running"
29136,"nio-webserver-r",1419292660573272,16250,"R"
29136,"nio-webserver-r",1419292660589522,451823,"Running"
29165,"nio-stream-prod",1419292660595928,97076042,"S"
29284,"NIO-Worker",1419292660607491,409319635,"S"
29136,"nio-webserver-r",1419292661041345,33603802,"S"
29136,"nio-webserver-r",1419292694645147,153073,"R"
29136,"nio-webserver-r",1419292694798220,133646,"Running"
29136,"nio-webserver-r",1419292694931866,64062,"R+"
29136,"nio-webserver-r",1419292694995928,16407,"Running"
29136,"nio-webserver-r",1419292695012335,28281,"R+"
29136,"nio-webserver-r",1419292695040616,165417,"Running"
29136,"nio-webserver-r",1419292695206033,339114,"S"
29136,"nio-webserver-r",1419292695545147,56354,"R"
29136,"nio-webserver-r",1419292695601501,310209,"Running"
29285,"NIO-Worker",1419292695876241,17656,"R"
29285,"NIO-Worker",1419292695893897,296250,"Running"
29136,"nio-webserver-r",1419292695911710,4639791,"S"
29285,"NIO-Worker",1419292696190147,140104,"S"
29285,"NIO-Worker",1419292696330251,11771,"R"
29285,"NIO-Worker",1419292696342022,470156,"Running"
29285,"NIO-Worker",1419292696812178,137813,"S"
29285,"NIO-Worker",1419292696949991,73854,"R"
29285,"NIO-Worker",1419292697023845,44896,"Running"
29285,"NIO-Worker",1419292697068741,8906,"R+"
29285,"NIO-Worker",1419292697077647,6719,"Running"
29285,"NIO-Worker",1419292697084366,278594,"S"
29285,"NIO-Worker",1419292697362960,37916,"R"
29285,"NIO-Worker",1419292697400876,27396,"Running"
29285,"NIO-Worker",1419292697428272,50625,"R"
29285,"NIO-Worker",1419292697478897,182344,"Running"
29285,"NIO-Worker",1419292697661241,15260,"R"
29285,"NIO-Worker",1419292697676501,30209,"Running"
29285,"NIO-Worker",1419292697706710,306198,"R+"
29285,"NIO-Worker",1419292698012908,15208,"Running"
29285,"NIO-Worker",1419292698028116,65937,"R+"
29285,"NIO-Worker",1419292698094053,8073,"Running"
29285,"NIO-Worker",1419292698102126,234740,"R+"
29285,"NIO-Worker",1419292698336866,49531,"Running"
29285,"NIO-Worker",1419292698386397,72031,"R+"
29285,"NIO-Worker",1419292698458428,1848594,"Running"
29285,"NIO-Worker",1419292700307022,24531,"S"
29285,"NIO-Worker",1419292700331553,40782,"R"
29285,"NIO-Worker",1419292700372335,222604,"Running"
29136,"nio-webserver-r",1419292700551501,14740,"R"
29136,"nio-webserver-r",1419292700566241,210312,"Running"
29285,"NIO-Worker",1419292700594939,420151406,"S"
29136,"nio-webserver-r",1419292700776553,117813,"R+"
29136,"nio-webserver-r",1419292700894366,202500,"Running"
29136,"nio-webserver-r",1419292701096866,48912344,"S"
29136,"nio-webserver-r",1419292750009210,33697,"R"
29136,"nio-webserver-r",1419292750042907,231563,"Running"
29136,"nio-webserver-r",1419292750274470,140521,"S"
29136,"nio-webserver-r",1419292750414991,116041,"R"
29136,"nio-webserver-r",1419292750531032,172553,"Running"
29136,"nio-webserver-r",1419292750703585,1003906,"S"
29136,"nio-webserver-r",1419292751707491,21041,"R"
29136,"nio-webserver-r",1419292751728532,272032,"Running"
29136,"nio-webserver-r",1419292752000564,79427,"R"
29136,"nio-webserver-r",1419292752079991,26250,"Running"
29136,"nio-webserver-r",1419292752106241,40000,"R"
29136,"nio-webserver-r",1419292752146241,91198,"Running"
29286,"NIO-Worker",1419292752196032,65834,"R"
29136,"nio-webserver-r",1419292752237439,5514583,"S"
29286,"NIO-Worker",1419292752261866,444219,"Running"
29286,"NIO-Worker",1419292752706085,51250,"R+"
29286,"NIO-Worker",1419292752757335,29479,"Running"
29286,"NIO-Worker",1419292752786814,634583,"S"
29286,"NIO-Worker",1419292753421397,27813,"R"
29286,"NIO-Worker",1419292753449210,484062,"Running"
29286,"NIO-Worker",1419292753933272,54063,"R+"
29286,"NIO-Worker",1419292753987335,4843,"Running"
29286,"NIO-Worker",1419292753992178,80104,"S"
29286,"NIO-Worker",1419292754072282,13803,"R"
29286,"NIO-Worker",1419292754086085,37135,"Running"
29286,"NIO-Worker",1419292754123220,200365,"S"
29286,"NIO-Worker",1419292754323585,16093,"R"
29286,"NIO-Worker",1419292754339678,185782,"Running"
29286,"NIO-Worker",1419292754525460,302968,"S"
29286,"NIO-Worker",1419292754828428,14532,"R"
29286,"NIO-Worker",1419292754842960,14166,"Running"
29286,"NIO-Worker",1419292754857126,39219,"S"
29286,"NIO-Worker",1419292754896345,17865,"R"
29286,"NIO-Worker",1419292754914210,52447,"Running"
29286,"NIO-Worker",1419292754966657,44063,"S"
29286,"NIO-Worker",1419292755010720,14115,"R"
29286,"NIO-Worker",1419292755024835,1709635,"Running"
29286,"NIO-Worker",1419292756734470,29375,"R"
29286,"NIO-Worker",1419292756763845,792083,"Running"
29286,"NIO-Worker",1419292757555928,31407,"R+"
29286,"NIO-Worker",1419292757587335,193854,"Running"
29165,"nio-stream-prod",1419292757671970,18437,"R"
29165,"nio-stream-prod",1419292757690407,176615,"Running"
29136,"nio-webserver-r",1419292757752022,16979,"R"
29136,"nio-webserver-r",1419292757769001,345365,"Running"
29286,"NIO-Worker",1419292757781189,418774270,"S"
29165,"nio-stream-prod",1419292757867022,106869688,"S"
29136,"nio-webserver-r",1419292758114366,44661198,"S"
29136,"nio-webserver-r",1419292802775564,42239,"R"
29136,"nio-webserver-r",1419292802817803,143594,"Running"
29136,"nio-webserver-r",1419292802961397,17917,"S"
29136,"nio-webserver-r",1419292802979314,7083,"R"
29136,"nio-webserver-r",1419292802986397,4063,"Running"
29136,"nio-webserver-r",1419292802990460,41354,"S"
29136,"nio-webserver-r",1419292803031814,6927,"R"
29136,"nio-webserver-r",1419292803038741,144375,"Running"
29136,"nio-webserver-r",1419292803183116,782291,"S"
29136,"nio-webserver-r",1419292803965407,11250,"R"
29136,"nio-webserver-r",1419292803976657,367553,"Running"
29138,"NIO-Worker",1419292804306710,14375,"R"
29138,"NIO-Worker",1419292804321085,350312,"Running"
29136,"nio-webserver-r",1419292804344210,12091875,"S"
29138,"NIO-Worker",1419292804671397,6801042,"S"
29138,"NIO-Worker",1419292811472439,12656,"R"
29138,"NIO-Worker",1419292811485095,521771,"Running"
29138,"NIO-Worker",1419292812006866,141823,"S"
29138,"NIO-Worker",1419292812148689,14271,"R"
29138,"NIO-Worker",1419292812162960,51979,"Running"
29138,"NIO-Worker",1419292812214939,198437,"S"
29138,"NIO-Worker",1419292812413376,19063,"R"
29138,"NIO-Worker",1419292812432439,183958,"Running"
29138,"NIO-Worker",1419292812616397,317656,"S"
29138,"NIO-Worker",1419292812934053,42657,"R"
29138,"NIO-Worker",1419292812976710,24531,"Running"
29138,"NIO-Worker",1419292813001241,9687,"R+"
29138,"NIO-Worker",1419292813010928,4532,"Running"
29138,"NIO-Worker",1419292813015460,34375,"S"
29138,"NIO-Worker",1419292813049835,40781,"R"
29138,"NIO-Worker",1419292813090616,79323,"Running"
29138,"NIO-Worker",1419292813169939,53906,"R+"
29138,"NIO-Worker",1419292813223845,18490,"Running"
29138,"NIO-Worker",1419292813242335,57291,"S"
29138,"NIO-Worker",1419292813299626,36875,"R"
29138,"NIO-Worker",1419292813336501,745625,"Running"
29138,"NIO-Worker",1419292814082126,157344,"R"
29138,"NIO-Worker",1419292814239470,597865,"Running"
29138,"NIO-Worker",1419292814837335,108125,"R"
29138,"NIO-Worker",1419292814945460,1225000,"Running"
29138,"NIO-Worker",1419292816170460,29687,"S"
29138,"NIO-Worker",1419292816200147,17500,"R"
29138,"NIO-Worker",1419292816217647,273906,"Running"
29136,"nio-webserver-r",1419292816436085,56562,"R"
29138,"NIO-Worker",1419292816491553,411812344,"S"
29136,"nio-webserver-r",1419292816492647,535938,"Running"
29136,"nio-webserver-r",1419292817028585,38427968,"S"
29136,"nio-webserver-r",1419292855456553,58282,"R"
29136,"nio-webserver-r",1419292855514835,110468,"Running"
29136,"nio-webserver-r",1419292855625303,50104,"S"
29136,"nio-webserver-r",1419292855675407,51719,"R"
29136,"nio-webserver-r",1419292855727126,157552,"Running"
29136,"nio-webserver-r",1419292855884678,443125,"S"
29136,"nio-webserver-r",1419292856327803,63438,"R"
29136,"nio-webserver-r",1419292856391241,47656,"Running"
29136,"nio-webserver-r",1419292856438897,5313,"R"
29136,"nio-webserver-r",1419292856444210,27500,"Running"
29136,"nio-webserver-r",1419292856471710,39635,"R"
29136,"nio-webserver-r",1419292856511345,268021,"Running"
29252,"NIO-Worker",1419292856747178,15573,"R"
29252,"NIO-Worker",1419292856762751,343177,"Running"
29136,"nio-webserver-r",1419292856779366,8063906,"S"
29252,"NIO-Worker",1419292857105928,3043386,"S"
29252,"NIO-Worker",1419292860149314,24062,"R"
29252,"NIO-Worker",1419292860173376,203646,"Running"
29252,"NIO-Worker",1419292860377022,63073,"S"
29252,"NIO-Worker",1419292860440095,16406,"R"
29252,"NIO-Worker",1419292860456501,326719,"Running"
29252,"NIO-Worker",1419292860783220,183646,"S"
29252,"NIO-Worker",1419292860966866,16094,"R"
29252,"NIO-Worker",1419292860982960,42500,"Running"
29252,"NIO-Worker",1419292861025460,147760,"R+"
29252,"NIO-Worker",1419292861173220,8646,"Running"
29252,"NIO-Worker",1419292861181866,53750,"S"
29252,"NIO-Worker",1419292861235616,21979,"R"
29252,"NIO-Worker",1419292861257595,234896,"Running"
29252,"NIO-Worker",1419292861492491,219844,"S"
29252,"NIO-Worker",1419292861712335,25468,"R"
29252,"NIO-Worker",1419292861737803,40938,"Running"
29252,"NIO-Worker",1419292861778741,251198,"S"
29252,"NIO-Worker",1419292862029939,21927,"R"
29252,"NIO-Worker",1419292862051866,49219,"Running"
29252,"NIO-Worker",1419292862101085,53072,"S"
29252,"NIO-Worker",1419292862154157,13646,"R"
29252,"NIO-Worker",1419292862167803,2444167,"Running"
29252,"NIO-Worker",1419292864611970,21302,"S"
29252,"NIO-Worker",1419292864633272,15156,"R"
29252,"NIO-Worker",1419292864648428,177969,"Running"
29165,"nio-stream-prod",1419292864736710,41718,"R"
29165,"nio-stream-prod",1419292864778428,91823,"Running"
29252,"NIO-Worker",1419292864826397,6875,"R"
29252,"NIO-Worker",1419292864833272,36667,"Running"
29136,"nio-webserver-r",1419292864843272,110573,"R"
29252,"NIO-Worker",1419292864869939,85312,"R"
29165,"nio-stream-prod",1419292864870251,59269271,"S"
29136,"nio-webserver-r",1419292864953845,57552,"Running"
29252,"NIO-Worker",1419292864955251,80052,"Running"
29136,"nio-webserver-r",1419292865011397,30781,"R"
29252,"NIO-Worker",1419292865035303,418777500,"S"
29136,"nio-webserver-r",1419292865042178,320938,"Running"
29136,"nio-webserver-r",1419292865363116,44170937,"S"
29136,"nio-webserver-r",1419292909534053,219063,"R"
29136,"nio-webserver-r",1419292909753116,70469,"Running"
29136,"nio-webserver-r",1419292909823585,58906,"R"
29136,"nio-webserver-r",1419292909882491,44479,"Running"
29136,"nio-webserver-r",1419292909926970,16406,"R+"
29136,"nio-webserver-r",1419292909943376,12552,"Running"
29136,"nio-webserver-r",1419292909955928,26407,"R+"
29136,"nio-webserver-r",1419292909982335,79687,"Running"
29136,"nio-webserver-r",1419292910062022,33125,"R"
29136,"nio-webserver-r",1419292910095147,77031,"Running"
29136,"nio-webserver-r",1419292910172178,189323,"S"
29136,"nio-webserver-r",1419292910361501,66146,"R"
29136,"nio-webserver-r",1419292910427647,355781,"Running"
29267,"NIO-Worker",1419292910729991,53437,"R"
29136,"nio-webserver-r",1419292910783428,13441354,"S"
29267,"NIO-Worker",1419292910783428,290782,"Running"
29267,"NIO-Worker",1419292911074210,7962500,"S"
29267,"NIO-Worker",1419292919036710,30937,"R"
29267,"NIO-Worker",1419292919067647,446563,"Running"
29267,"NIO-Worker",1419292919514210,194218,"S"
29267,"NIO-Worker",1419292919708428,28750,"R"
29267,"NIO-Worker",1419292919737178,34167,"Running"
29267,"NIO-Worker",1419292919771345,202500,"S"
29267,"NIO-Worker",1419292919973845,35365,"R"
29267,"NIO-Worker",1419292920009210,223906,"Running"
29267,"NIO-Worker",1419292920233116,236875,"S"
29267,"NIO-Worker",1419292920469991,15625,"R"
29267,"NIO-Worker",1419292920485616,22656,"Running"
29267,"NIO-Worker",1419292920508272,45625,"S"
29267,"NIO-Worker",1419292920553897,15469,"R"
29267,"NIO-Worker",1419292920569366,36719,"Running"
29267,"NIO-Worker",1419292920606085,44479,"S"
29267,"NIO-Worker",1419292920650564,15468,"R"
29267,"NIO-Worker",1419292920666032,1826459,"Running"
29267,"NIO-Worker",1419292922492491,126562,"R"
29267,"NIO-Worker",1419292922619053,1154844,"Running"
29267,"NIO-Worker",1419292923773897,174219,"R+"
29267,"NIO-Worker",1419292923948116,307604,"Running"
29165,"nio-stream-prod",1419292924139522,13906,"R"
29165,"nio-stream-prod",1419292924153428,105157,"Running"
29136,"nio-webserver-r",1419292924224782,13334,"R"
29136,"nio-webserver-r",1419292924238116,230625,"Running"
29267,"NIO-Worker",1419292924255720,413753802,"S"
29165,"nio-stream-prod",1419292924258585,419062,"S"
29136,"nio-webserver-r",1419292924468741,4506719,"S"
29165,"nio-stream-prod",1419292924677647,19323,"R"
29165,"nio-stream-prod",1419292924696970,16875,"Running"
29165,"nio-stream-prod",1419292924713845,57240,"R+"
29165,"nio-stream-prod",1419292924771085,37187,"Running"
29165,"nio-stream-prod",1419292924808272,128281,"R+"
29165,"nio-stream-prod",1419292924936553,2540573,"Running"
29165,"nio-stream-prod",1419292927477126,23177,"R"
29165,"nio-stream-prod",1419292927500303,1554219,"Running"
29136,"nio-webserver-r",1419292928975460,13541,"R"
29136,"nio-webserver-r",1419292928989001,362240,"Running"
29165,"nio-stream-prod",1419292929054522,51667,"R+"
29165,"nio-stream-prod",1419292929106189,138281,"Running"
29165,"nio-stream-prod",1419292929244470,39401458,"S"
29136,"nio-webserver-r",1419292929351241,30804531,"S"
29136,"nio-webserver-r",1419292960155772,67500,"R"
29136,"nio-webserver-r",1419292960223272,110417,"Running"
29136,"nio-webserver-r",1419292960333689,25833,"S"
29136,"nio-webserver-r",1419292960359522,46094,"R"
29136,"nio-webserver-r",1419292960405616,8750,"Running"
29136,"nio-webserver-r",1419292960414366,84218,"S"
29136,"nio-webserver-r",1419292960498584,23855,"R"
29136,"nio-webserver-r",1419292960522439,147656,"Running"
29136,"nio-webserver-r",1419292960670095,480469,"S"
29136,"nio-webserver-r",1419292961150564,29114,"R"
29136,"nio-webserver-r",1419292961179678,452969,"Running"
29277,"NIO-Worker",1419292961590147,16250,"R"
29277,"NIO-Worker",1419292961606397,487344,"Running"
29136,"nio-webserver-r",1419292961632647,7090781,"S"
29277,"NIO-Worker",1419292962093741,2089062,"S"
29277,"NIO-Worker",1419292964182803,15625,"R"
29277,"NIO-Worker",1419292964198428,588854,"Running"
29277,"NIO-Worker",1419292964787282,239844,"S"
29277,"NIO-Worker",1419292965027126,24427,"R"
29277,"NIO-Worker",1419292965051553,33750,"Running"
29277,"NIO-Worker",1419292965085303,64323,"R+"
29277,"NIO-Worker",1419292965149626,19896,"Running"
29277,"NIO-Worker",1419292965169522,172187,"S"
29277,"NIO-Worker",1419292965341709,27657,"R"
29277,"NIO-Worker",1419292965369366,234531,"Running"
29277,"NIO-Worker",1419292965603897,234062,"S"
29277,"NIO-Worker",1419292965837959,14532,"R"
29277,"NIO-Worker",1419292965852491,41041,"Running"
29277,"NIO-Worker",1419292965893532,63021,"S"
29277,"NIO-Worker",1419292965956553,14844,"R"
29277,"NIO-Worker",1419292965971397,44792,"Running"
29277,"NIO-Worker",1419292966016189,40520,"S"
29277,"NIO-Worker",1419292966056709,24792,"R"
29277,"NIO-Worker",1419292966081501,2437552,"Running"
29277,"NIO-Worker",1419292968519053,29844,"S"
29277,"NIO-Worker",1419292968548897,23698,"R"
29277,"NIO-Worker",1419292968572595,179844,"Running"
29165,"nio-stream-prod",1419292968645928,44844,"R"
29165,"nio-stream-prod",1419292968690772,105000,"Running"
29136,"nio-webserver-r",1419292968723428,16875,"R"
29136,"nio-webserver-r",1419292968740303,186563,"Running"
29277,"NIO-Worker",1419292968752439,422624687,"S"
29165,"nio-stream-prod",1419292968795772,253281,"S"
29136,"nio-webserver-r",1419292968926866,67916,"R+"
29136,"nio-webserver-r",1419292968994782,48125,"Running"
29136,"nio-webserver-r",1419292969042907,11383177,"S"
29165,"nio-stream-prod",1419292969049053,29636,"R"
29165,"nio-stream-prod",1419292969078689,20833,"Running"
29165,"nio-stream-prod",1419292969099522,49375,"S"
29165,"nio-stream-prod",1419292969148897,35781,"R"
29165,"nio-stream-prod",1419292969184678,66979,"Running"
29165,"nio-stream-prod",1419292969251657,39740,"S"
29165,"nio-stream-prod",1419292969291397,56823,"R"
29165,"nio-stream-prod",1419292969348220,2971614,"Running"
29165,"nio-stream-prod",1419292972319834,41042,"R"
29165,"nio-stream-prod",1419292972360876,539063,"Running"
29165,"nio-stream-prod",1419292972899939,64895,"R"
29165,"nio-stream-prod",1419292972964834,9636,"Running"
29165,"nio-stream-prod",1419292972974470,4739,"R"
29165,"nio-stream-prod",1419292972979209,5500313,"Running"
29165,"nio-stream-prod",1419292978479522,17656,"R+"
29165,"nio-stream-prod",1419292978497178,77448,"Running"
29165,"nio-stream-prod",1419292978574626,6146,"R"
29165,"nio-stream-prod",1419292978580772,1893594,"Running"
29136,"nio-webserver-r",1419292980426084,13386,"R"
29136,"nio-webserver-r",1419292980439470,313177,"Running"
29165,"nio-stream-prod",1419292980474366,41406,"R+"
29165,"nio-stream-prod",1419292980515772,140625,"Running"
29165,"nio-stream-prod",1419292980656397,42282500,"S"
29136,"nio-webserver-r",1419292980752647,34246667,"S"
29136,"nio-webserver-r",1419293014999314,12239,"R"
29136,"nio-webserver-r",1419293015011553,238438,"Running"
29136,"nio-webserver-r",1419293015249991,145625,"S"
29136,"nio-webserver-r",1419293015395616,22291,"R"
29136,"nio-webserver-r",1419293015417907,15209,"Running"
29136,"nio-webserver-r",1419293015433116,11250,"S"
29136,"nio-webserver-r",1419293015444366,15729,"Running"
29136,"nio-webserver-r",1419293015460095,42396,"R"
29136,"nio-webserver-r",1419293015502491,48906,"Running"
29136,"nio-webserver-r",1419293015551397,12656,"R"
29136,"nio-webserver-r",1419293015564053,120938,"Running"
29136,"nio-webserver-r",1419293015684991,365104,"S"
29136,"nio-webserver-r",1419293016050095,24583,"R"
29136,"nio-webserver-r",1419293016074678,351042,"Running"
29279,"NIO-Worker",1419293016391866,17448,"R"
29279,"NIO-Worker",1419293016409314,278958,"Running"
29136,"nio-webserver-r",1419293016425720,6595937,"S"
29279,"NIO-Worker",1419293016688272,2145469,"S"
29279,"NIO-Worker",1419293018833741,10573,"R"
29279,"NIO-Worker",1419293018844314,363020,"Running"
29279,"NIO-Worker",1419293019207334,153542,"S"
29279,"NIO-Worker",1419293019360876,16406,"R"
29279,"NIO-Worker",1419293019377282,35000,"Running"
29279,"NIO-Worker",1419293019412282,205990,"S"
29279,"NIO-Worker",1419293019618272,15625,"R"
29279,"NIO-Worker",1419293019633897,160312,"Running"
29279,"NIO-Worker",1419293019794209,228542,"S"
29279,"NIO-Worker",1419293020022751,14740,"R"
29279,"NIO-Worker",1419293020037491,34479,"Running"
29279,"NIO-Worker",1419293020071970,52083,"S"
29279,"NIO-Worker",1419293020124053,34948,"R"
29279,"NIO-Worker",1419293020159001,53021,"Running"
29279,"NIO-Worker",1419293020212022,40156,"S"
29279,"NIO-Worker",1419293020252178,26354,"R"
29279,"NIO-Worker",1419293020278532,2484115,"Running"
29279,"NIO-Worker",1419293022762647,29219,"S"
29279,"NIO-Worker",1419293022791866,14479,"R"
29279,"NIO-Worker",1419293022806345,15312,"Running"
29279,"NIO-Worker",1419293022821657,42657,"R+"
29279,"NIO-Worker",1419293022864314,193333,"Running"
29165,"nio-stream-prod",1419293022938897,170260,"R"
29136,"nio-webserver-r",1419293023021657,76094,"R"
29279,"NIO-Worker",1419293023057647,420479323,"S"
29136,"nio-webserver-r",1419293023097751,229844,"Running"
29165,"nio-stream-prod",1419293023109157,102396,"Running"
29165,"nio-stream-prod",1419293023211553,207448,"S"
29136,"nio-webserver-r",1419293023327595,18611771,"S"
29165,"nio-stream-prod",1419293023419001,17865,"R"
29165,"nio-stream-prod",1419293023436866,40260,"Running"
29165,"nio-stream-prod",1419293023477126,62552,"S"
29165,"nio-stream-prod",1419293023539678,21042,"R"
29165,"nio-stream-prod",1419293023560720,37708,"Running"
29165,"nio-stream-prod",1419293023598428,50469,"S"
29165,"nio-stream-prod",1419293023648897,32187,"R"
29165,"nio-stream-prod",1419293023681084,7716719,"Running"
29165,"nio-stream-prod",1419293031397803,27604,"R"
29165,"nio-stream-prod",1419293031425407,1424115,"Running"
29165,"nio-stream-prod",1419293032849522,14792,"R"
29165,"nio-stream-prod",1419293032864314,8475833,"Running"
29165,"nio-stream-prod",1419293041340147,37448,"R"
29165,"nio-stream-prod",1419293041377595,636406,"Running"
29136,"nio-webserver-r",1419293041939366,17187,"R"
29136,"nio-webserver-r",1419293041956553,386719,"Running"
29165,"nio-stream-prod",1419293042014001,38958,"S"
29165,"nio-stream-prod",1419293042052959,29375,"R"
29165,"nio-stream-prod",1419293042082334,29532,"Running"
29165,"nio-stream-prod",1419293042111866,39062,"R+"
29165,"nio-stream-prod",1419293042150928,75573,"Running"
29165,"nio-stream-prod",1419293042226501,34209531,"S"
29136,"nio-webserver-r",1419293042343272,26382292,"S"
29136,"nio-webserver-r",1419293068725564,53802,"R"
29136,"nio-webserver-r",1419293068779366,135156,"Running"
29136,"nio-webserver-r",1419293068914522,110417,"S"
29136,"nio-webserver-r",1419293069024939,38645,"R"
29136,"nio-webserver-r",1419293069063584,159844,"Running"
29136,"nio-webserver-r",1419293069223428,323542,"S"
29136,"nio-webserver-r",1419293069546970,52552,"R"
29136,"nio-webserver-r",1419293069599522,114948,"Running"
29136,"nio-webserver-r",1419293069714470,29844,"R"
29136,"nio-webserver-r",1419293069744314,218958,"Running"
29284,"NIO-Worker",1419293069927126,22865,"R"
29284,"NIO-Worker",1419293069949991,337968,"Running"
29136,"nio-webserver-r",1419293069963272,6582344,"S"
29284,"NIO-Worker",1419293070287959,1688073,"S"
29284,"NIO-Worker",1419293071976032,20313,"R"
29284,"NIO-Worker",1419293071996345,542552,"Running"
29284,"NIO-Worker",1419293072538897,127500,"S"
29284,"NIO-Worker",1419293072666397,14167,"R"
29284,"NIO-Worker",1419293072680564,32864,"Running"
29284,"NIO-Worker",1419293072713428,315156,"S"
29284,"NIO-Worker",1419293073028584,40313,"R"
29284,"NIO-Worker",1419293073068897,132812,"Running"
29284,"NIO-Worker",1419293073201709,55105,"R"
29284,"NIO-Worker",1419293073256814,92343,"Running"
29284,"NIO-Worker",1419293073349157,161250,"R+"
29284,"NIO-Worker",1419293073510407,3907,"Running"
29284,"NIO-Worker",1419293073514314,60208,"S"
29284,"NIO-Worker",1419293073574522,18698,"R"
29284,"NIO-Worker",1419293073593220,19427,"Running"
29284,"NIO-Worker",1419293073612647,50469,"S"
29284,"NIO-Worker",1419293073663116,18750,"R"
29284,"NIO-Worker",1419293073681866,55156,"Running"
29284,"NIO-Worker",1419293073737022,42812,"S"
29284,"NIO-Worker",1419293073779834,20730,"R"
29284,"NIO-Worker",1419293073800564,1766718,"Running"
29284,"NIO-Worker",1419293075567282,7709,"R"
29284,"NIO-Worker",1419293075574991,729218,"Running"
29284,"NIO-Worker",1419293076304209,22032,"S"
29284,"NIO-Worker",1419293076326241,16562,"R"
29284,"NIO-Worker",1419293076342803,253906,"Running"
29165,"nio-stream-prod",1419293076436032,31771,"R"
29165,"nio-stream-prod",1419293076467803,106198,"Running"
29136,"nio-webserver-r",1419293076545616,31562,"R"
29165,"nio-stream-prod",1419293076574001,309427,"S"
29136,"nio-webserver-r",1419293076577178,227813,"Running"
29284,"NIO-Worker",1419293076596709,422343907,"S"
29136,"nio-webserver-r",1419293076804991,26480156,"S"
29165,"nio-stream-prod",1419293076883428,25000,"R"
29165,"nio-stream-prod",1419293076908428,52813,"Running"
29165,"nio-stream-prod",1419293076961241,45312,"S"
29165,"nio-stream-prod",1419293077006553,28594,"R"
29165,"nio-stream-prod",1419293077035147,40625,"Running"
29165,"nio-stream-prod",1419293077075772,63125,"S"
29165,"nio-stream-prod",1419293077138897,15937,"R"
29165,"nio-stream-prod",1419293077154834,3687188,"Running"
29165,"nio-stream-prod",1419293080842022,42917,"R"
29165,"nio-stream-prod",1419293080884939,125000,"Running"
29165,"nio-stream-prod",1419293081009939,12083,"R"
29165,"nio-stream-prod",1419293081022022,471094,"Running"
29165,"nio-stream-prod",1419293081493116,75781,"R"
29165,"nio-stream-prod",1419293081568897,3279844,"Running"
29165,"nio-stream-prod",1419293084848741,25260,"R"
29165,"nio-stream-prod",1419293084874001,2061771,"Running"
29165,"nio-stream-prod",1419293086935772,22500,"R"
29165,"nio-stream-prod",1419293086958272,1941406,"Running"
29165,"nio-stream-prod",1419293088899678,31354,"R+"
29165,"nio-stream-prod",1419293088931032,35677,"Running"
29165,"nio-stream-prod",1419293088966709,35105,"R"
29165,"nio-stream-prod",1419293089001814,117500,"Running"
29165,"nio-stream-prod",1419293089119314,11927,"R"
29165,"nio-stream-prod",1419293089131241,156093,"Running"
29165,"nio-stream-prod",1419293089287334,22344,"R"
29165,"nio-stream-prod",1419293089309678,198542,"Running"
29165,"nio-stream-prod",1419293089508220,22864,"R"
29165,"nio-stream-prod",1419293089531084,99844,"Running"
29165,"nio-stream-prod",1419293089630928,202500,"R"
29165,"nio-stream-prod",1419293089833428,1355938,"Running"
29165,"nio-stream-prod",1419293091189366,6406,"R"
29165,"nio-stream-prod",1419293091195772,1688385,"Running"
29165,"nio-stream-prod",1419293092884157,13646,"R"
29165,"nio-stream-prod",1419293092897803,4324479,"Running"
29165,"nio-stream-prod",1419293097222282,191875,"R"
29165,"nio-stream-prod",1419293097414157,31094,"Running"
29165,"nio-stream-prod",1419293097445251,10990,"R"
29165,"nio-stream-prod",1419293097456241,225885,"Running"
29165,"nio-stream-prod",1419293097682126,17500,"R"
29165,"nio-stream-prod",1419293097699626,114115,"Running"
29165,"nio-stream-prod",1419293097813741,74843,"R"
29165,"nio-stream-prod",1419293097888584,24375,"Running"
29165,"nio-stream-prod",1419293097912959,111563,"R"
29165,"nio-stream-prod",1419293098024522,145312,"Running"
29165,"nio-stream-prod",1419293098169834,14532,"R"
29165,"nio-stream-prod",1419293098184366,1340156,"Running"
29165,"nio-stream-prod",1419293099524522,8125,"R"
29165,"nio-stream-prod",1419293099532647,1354635,"Running"
29165,"nio-stream-prod",1419293100887282,8334,"R"
29165,"nio-stream-prod",1419293100895616,2457656,"Running"
29136,"nio-webserver-r",1419293103285147,22031,"R"
29136,"nio-webserver-r",1419293103307178,630469,"Running"
29165,"nio-stream-prod",1419293103353272,50781,"S"
29165,"nio-stream-prod",1419293103404053,94063,"R"
29165,"nio-stream-prod",1419293103498116,346718,"Running"
29165,"nio-stream-prod",1419293103844834,27188,"S"
29165,"nio-stream-prod",1419293103872022,65625,"R"
29136,"nio-webserver-r",1419293103937647,26719,"S"
29165,"nio-stream-prod",1419293103937647,84062,"Running"
29136,"nio-webserver-r",1419293103964366,58073,"R"
29165,"nio-stream-prod",1419293104021709,25428438,"S"
29136,"nio-webserver-r",1419293104022439,250625,"Running"
29136,"nio-webserver-r",1419293104273064,15270364,"S"
29136,"nio-webserver-r",1419293119543428,49688,"R"
29136,"nio-webserver-r",1419293119593116,145781,"Running"
29136,"nio-webserver-r",1419293119738897,22969,"S"
29136,"nio-webserver-r",1419293119761866,24948,"R"
29136,"nio-webserver-r",1419293119786814,8333,"Running"
29136,"nio-webserver-r",1419293119795147,30781,"S"
29136,"nio-webserver-r",1419293119825928,23542,"R"
29136,"nio-webserver-r",1419293119849470,161458,"Running"
29136,"nio-webserver-r",1419293120010928,409167,"S"
29136,"nio-webserver-r",1419293120420095,53125,"R"
29136,"nio-webserver-r",1419293120473220,313021,"Running"
29285,"NIO-Worker",1419293120746345,38958,"R"
29285,"NIO-Worker",1419293120785303,320417,"Running"
29136,"nio-webserver-r",1419293120786241,8749062,"S"
29285,"NIO-Worker",1419293121105720,3818281,"S"
29285,"NIO-Worker",1419293124924001,33177,"R"
29285,"NIO-Worker",1419293124957178,549063,"Running"
29285,"NIO-Worker",1419293125506241,121823,"R+"
29285,"NIO-Worker",1419293125628064,37708,"Running"
29285,"NIO-Worker",1419293125665772,217448,"S"
29285,"NIO-Worker",1419293125883220,24531,"R"
29285,"NIO-Worker",1419293125907751,190990,"Running"
29285,"NIO-Worker",1419293126098741,285312,"S"
29285,"NIO-Worker",1419293126384053,15000,"R"
29285,"NIO-Worker",1419293126399053,21354,"Running"
29285,"NIO-Worker",1419293126420407,48334,"S"
29285,"NIO-Worker",1419293126468741,18125,"R"
29285,"NIO-Worker",1419293126486866,44218,"Running"
29285,"NIO-Worker",1419293126531084,56355,"S"
29285,"NIO-Worker",1419293126587439,24531,"R"
29285,"NIO-Worker",1419293126611970,2693594,"Running"
29285,"NIO-Worker",1419293129305564,16250,"S"
29285,"NIO-Worker",1419293129321814,36927,"R"
29285,"NIO-Worker",1419293129358741,231875,"Running"
29165,"nio-stream-prod",1419293129450147,16406,"R"
29165,"nio-stream-prod",1419293129466553,92969,"Running"
29136,"nio-webserver-r",1419293129535303,55313,"R"
29165,"nio-stream-prod",1419293129559522,206562,"S"
29136,"nio-webserver-r",1419293129590616,178750,"Running"
29285,"NIO-Worker",1419293129590616,422938750,"S"
29165,"nio-stream-prod",1419293129766084,12032,"R"
29136,"nio-webserver-r",1419293129769366,55937,"R+"
29165,"nio-stream-prod",1419293129778116,43750,"Running"
29165,"nio-stream-prod",1419293129821866,66562,"R+"
29136,"nio-webserver-r",1419293129825303,63125,"Running"
29136,"nio-webserver-r",1419293129888428,8873594,"S"
29165,"nio-stream-prod",1419293129888428,17500,"Running"
29165,"nio-stream-prod",1419293129905928,71667,"R"
29165,"nio-stream-prod",1419293129977595,81458,"Running"
29165,"nio-stream-prod",1419293130059053,67813,"R+"
29165,"nio-stream-prod",1419293130126866,13750,"Running"
29165,"nio-stream-prod",1419293130140616,128854,"S"
29165,"nio-stream-prod",1419293130269470,55208,"R"
29165,"nio-stream-prod",1419293130324678,37188,"Running"
29165,"nio-stream-prod",1419293130361866,40468,"R"
29165,"nio-stream-prod",1419293130402334,899167,"Running"
29165,"nio-stream-prod",1419293131301501,172083,"R"
29165,"nio-stream-prod",1419293131473584,1383594,"Running"
29165,"nio-stream-prod",1419293132857178,23125,"R"
29165,"nio-stream-prod",1419293132880303,5977292,"Running"
29136,"nio-webserver-r",1419293138762022,77969,"R"
29136,"nio-webserver-r",1419293138839991,60781,"Running"
29165,"nio-stream-prod",1419293138857595,41771,"R+"
29165,"nio-stream-prod",1419293138899366,277968,"Running"
29136,"nio-webserver-r",1419293138900772,116250,"R"
29136,"nio-webserver-r",1419293139017022,201562,"Running"
29165,"nio-stream-prod",1419293139177334,19063,"S"
29165,"nio-stream-prod",1419293139196397,24375,"R"
29136,"nio-webserver-r",1419293139218584,18907,"S"
29165,"nio-stream-prod",1419293139220772,52135,"Running"
29136,"nio-webserver-r",1419293139237491,109375,"R"
29165,"nio-stream-prod",1419293139272907,43341771,"S"
29136,"nio-webserver-r",1419293139346866,119375,"Running"
29136,"nio-webserver-r",1419293139466241,110000,"R+"
29136,"nio-webserver-r",1419293139576241,68281,"Running"
29136,"nio-webserver-r",1419293139644522,101094,"R+"
29136,"nio-webserver-r",1419293139745616,15573,"Running"
29136,"nio-webserver-r",1419293139761189,67395,"R+"
29136,"nio-webserver-r",1419293139828584,61250,"Running"
29136,"nio-webserver-r",1419293139889834,35478907,"S"
29136,"nio-webserver-r",1419293175368741,19791,"R"
29136,"nio-webserver-r",1419293175388532,123646,"Running"
29136,"nio-webserver-r",1419293175512178,47656,"S"
29136,"nio-webserver-r",1419293175559834,27813,"R"
29136,"nio-webserver-r",1419293175587647,212656,"Running"
29136,"nio-webserver-r",1419293175800303,424323,"S"
29136,"nio-webserver-r",1419293176224626,44427,"R"
29136,"nio-webserver-r",1419293176269053,314688,"Running"
29286,"NIO-Worker",1419293176555459,12448,"R"
29286,"NIO-Worker",1419293176567907,442865,"Running"
29136,"nio-webserver-r",1419293176583741,6187760,"S"
29286,"NIO-Worker",1419293177010772,725729,"S"
29286,"NIO-Worker",1419293177736501,64688,"R"
29286,"NIO-Worker",1419293177801189,190364,"Running"
29286,"NIO-Worker",1419293177991553,16823,"S"
29286,"NIO-Worker",1419293178008376,18490,"R"
29286,"NIO-Worker",1419293178026866,372448,"Running"
29286,"NIO-Worker",1419293178399314,150833,"R+"
29286,"NIO-Worker",1419293178550147,27760,"Running"
29286,"NIO-Worker",1419293178577907,26146,"R+"
29286,"NIO-Worker",1419293178604053,7448,"Running"
29286,"NIO-Worker",1419293178611501,208177,"S"
29286,"NIO-Worker",1419293178819678,19375,"R"
29286,"NIO-Worker",1419293178839053,221563,"Running"
29286,"NIO-Worker",1419293179060616,234843,"S"
29286,"NIO-Worker",1419293179295459,15625,"R"
29286,"NIO-Worker",1419293179311084,42188,"Running"
29286,"NIO-Worker",1419293179353272,45781,"S"
29286,"NIO-Worker",1419293179399053,15625,"R"
29286,"NIO-Worker",1419293179414678,47031,"Running"
29286,"NIO-Worker",1419293179461709,101563,"S"
29286,"NIO-Worker",1419293179563272,19635,"R"
29286,"NIO-Worker",1419293179582907,1218490,"Running"
29286,"NIO-Worker",1419293180801397,85937,"R"
29286,"NIO-Worker",1419293180887334,53907,"Running"
29286,"NIO-Worker",1419293180941241,16562,"R+"
29286,"NIO-Worker",1419293180957803,435417,"Running"
29286,"NIO-Worker",1419293181393220,208177,"R"
29286,"NIO-Worker",1419293181601397,845469,"Running"
29286,"NIO-Worker",1419293182446866,29531,"R+"
29286,"NIO-Worker",1419293182476397,80573,"Running"
29286,"NIO-Worker",1419293182556970,27396,"R"
29286,"NIO-Worker",1419293182584366,58750,"Running"
29165,"nio-stream-prod",1419293182614678,19323,"R"
29165,"nio-stream-prod",1419293182634001,186146,"Running"
29286,"NIO-Worker",1419293182643116,7812,"R"
29286,"NIO-Worker",1419293182650928,80781,"Running"
29286,"NIO-Worker",1419293182731709,25469,"R"
29286,"NIO-Worker",1419293182757178,84948,"Running"
29136,"nio-webserver-r",1419293182771501,70625,"R"
29165,"nio-stream-prod",1419293182820147,276719,"S"
29136,"nio-webserver-r",1419293182842126,200313,"Running"
29286,"NIO-Worker",1419293182842126,421494427,"S"
29136,"nio-webserver-r",1419293183042439,82656,"R+"
29165,"nio-stream-prod",1419293183096866,89479,"R"
29136,"nio-webserver-r",1419293183125095,55677,"Running"
29136,"nio-webserver-r",1419293183180772,11207344,"S"
29165,"nio-stream-prod",1419293183186345,31927,"Running"
29165,"nio-stream-prod",1419293183218272,42344,"S"
29165,"nio-stream-prod",1419293183260616,7291,"R"
29165,"nio-stream-prod",1419293183267907,31302,"Running"
29165,"nio-stream-prod",1419293183299209,26198,"R+"
29165,"nio-stream-prod",1419293183325407,4375,"Running"
29165,"nio-stream-prod",1419293183329782,2084,"S"
29165,"nio-stream-prod",1419293183331866,16875,"R"
29165,"nio-stream-prod",1419293183348741,161718,"Running"
29165,"nio-stream-prod",1419293183510459,18750,"R"
29165,"nio-stream-prod",1419293183529209,158125,"Running"
29165,"nio-stream-prod",1419293183687334,7188,"R"
29165,"nio-stream-prod",1419293183694522,1148437,"Running"
29165,"nio-stream-prod",1419293184842959,18438,"R"
29165,"nio-stream-prod",1419293184861397,4062187,"Running"
29165,"nio-stream-prod",1419293188923584,78698,"R"
29165,"nio-stream-prod",1419293189002282,32396,"Running"
29165,"nio-stream-prod",1419293189034678,34844,"R"
29165,"nio-stream-prod",1419293189069522,772969,"Running"
29165,"nio-stream-prod",1419293189842491,123281,"R"
29165,"nio-stream-prod",1419293189965772,2858750,"Running"
29165,"nio-stream-prod",1419293192824522,18125,"R"
29165,"nio-stream-prod",1419293192842647,1351250,"Running"
29165,"nio-stream-prod",1419293194193897,189219,"R+"
29165,"nio-stream-prod",1419293194383116,84375,"Running"
29136,"nio-webserver-r",1419293194388116,53541,"R"
29136,"nio-webserver-r",1419293194441657,304688,"Running"
29165,"nio-stream-prod",1419293194467491,263437,"R+"
29165,"nio-stream-prod",1419293194730928,80313,"Running"
29136,"nio-webserver-r",1419293194746345,82187,"R+"
29165,"nio-stream-prod",1419293194811241,121718,"R"
29136,"nio-webserver-r",1419293194828532,69063,"Running"
29136,"nio-webserver-r",1419293194897595,47500,"S"
29165,"nio-stream-prod",1419293194932959,69844,"Running"
29136,"nio-webserver-r",1419293194945095,23281,"R"
29136,"nio-webserver-r",1419293194968376,191927,"Running"
29165,"nio-stream-prod",1419293195002803,37616094,"S"
29136,"nio-webserver-r",1419293195160303,6979,"R"
29136,"nio-webserver-r",1419293195167282,101250,"Running"
29136,"nio-webserver-r",1419293195268532,58646,"R+"
29136,"nio-webserver-r",1419293195327178,98906,"Running"
29136,"nio-webserver-r",1419293195426084,31732188,"S"
29136,"nio-webserver-r",1419293227158272,42187,"R"
29136,"nio-webserver-r",1419293227200459,113855,"Running"
29136,"nio-webserver-r",1419293227314314,118489,"S"
29136,"nio-webserver-r",1419293227432803,29948,"R"
29136,"nio-webserver-r",1419293227462751,16146,"Running"
29136,"nio-webserver-r",1419293227478897,18750,"S"
29136,"nio-webserver-r",1419293227497647,13125,"R"
29136,"nio-webserver-r",1419293227510772,171406,"Running"
29136,"nio-webserver-r",1419293227682178,284323,"S"
29136,"nio-webserver-r",1419293227966501,45521,"R"
29136,"nio-webserver-r",1419293228012022,326667,"Running"
29138,"NIO-Worker",1419293228303897,12031,"R"
29138,"NIO-Worker",1419293228315928,186042,"Running"
29136,"nio-webserver-r",1419293228338689,4357083,"S"
29138,"NIO-Worker",1419293228501970,5000,"R"
29138,"NIO-Worker",1419293228506970,468646,"Running"
29138,"NIO-Worker",1419293228975616,68750,"R+"
29138,"NIO-Worker",1419293229044366,6718,"Running"
29138,"NIO-Worker",1419293229051084,71407,"S"
29138,"NIO-Worker",1419293229122491,27812,"R"
29138,"NIO-Worker",1419293229150303,42813,"Running"
29138,"NIO-Worker",1419293229193116,207187,"S"
29138,"NIO-Worker",1419293229400303,23750,"R"
29138,"NIO-Worker",1419293229424053,171719,"Running"
29138,"NIO-Worker",1419293229595772,40729,"R+"
29138,"NIO-Worker",1419293229636501,4740,"Running"
29138,"NIO-Worker",1419293229641241,198125,"S"
29138,"NIO-Worker",1419293229839366,12031,"R"
29138,"NIO-Worker",1419293229851397,28385,"Running"
29138,"NIO-Worker",1419293229879782,58282,"S"
29138,"NIO-Worker",1419293229938064,14218,"R"
29138,"NIO-Worker",1419293229952282,51146,"Running"
29138,"NIO-Worker",1419293230003428,43750,"S"
29138,"NIO-Worker",1419293230047178,13594,"R"
29138,"NIO-Worker",1419293230060772,2440781,"Running"
29138,"NIO-Worker",1419293232501553,22031,"S"
29138,"NIO-Worker",1419293232523584,13907,"R"
29138,"NIO-Worker",1419293232537491,190468,"Running"
29165,"nio-stream-prod",1419293232618897,10885,"R"
29165,"nio-stream-prod",1419293232629782,89740,"Running"
29136,"nio-webserver-r",1419293232695772,14792,"R"
29136,"nio-webserver-r",1419293232710564,235833,"Running"
29165,"nio-stream-prod",1419293232719522,267969,"S"
29138,"NIO-Worker",1419293232727959,423623594,"S"
29136,"nio-webserver-r",1419293232946397,7938906,"S"
29165,"nio-stream-prod",1419293232987491,53750,"R"
29165,"nio-stream-prod",1419293233041241,16875,"Running"
29165,"nio-stream-prod",1419293233058116,41562,"S"
29165,"nio-stream-prod",1419293233099678,12969,"R"
29165,"nio-stream-prod",1419293233112647,34479,"Running"
29165,"nio-stream-prod",1419293233147126,39896,"S"
29165,"nio-stream-prod",1419293233187022,13750,"R"
29165,"nio-stream-prod",1419293233200772,3706562,"Running"
29165,"nio-stream-prod",1419293236907334,13750,"R"
29165,"nio-stream-prod",1419293236921084,1962188,"Running"
29165,"nio-stream-prod",1419293238883272,14531,"R"
29165,"nio-stream-prod",1419293238897803,18386,"Running"
29165,"nio-stream-prod",1419293238916189,13802,"R"
29165,"nio-stream-prod",1419293238929991,166510,"Running"
29165,"nio-stream-prod",1419293239096501,17708,"R"
29165,"nio-stream-prod",1419293239114209,156250,"Running"
29165,"nio-stream-prod",1419293239270459,17500,"R"
29165,"nio-stream-prod",1419293239287959,188125,"Running"
29165,"nio-stream-prod",1419293239476084,25938,"R"
29165,"nio-stream-prod",1419293239502022,146094,"Running"
29165,"nio-stream-prod",1419293239648116,54791,"R"
29165,"nio-stream-prod",1419293239702907,32084,"Running"
29165,"nio-stream-prod",1419293239734991,44062,"R"
29165,"nio-stream-prod",1419293239779053,832813,"Running"
29165,"nio-stream-prod",1419293240611866,26562,"R"
29165,"nio-stream-prod",1419293240638428,196354,"Running"
29165,"nio-stream-prod",1419293240834782,41302,"R"
29165,"nio-stream-prod",1419293240876084,59792,"Running"
29136,"nio-webserver-r",1419293240885303,420000,"R"
29165,"nio-stream-prod",1419293240935876,54740,"R+"
29165,"nio-stream-prod",1419293240990616,54687,"Running"
29165,"nio-stream-prod",1419293241045303,50363750,"S"
29136,"nio-webserver-r",1419293241305303,372969,"Running"
29136,"nio-webserver-r",1419293241678272,40639219,"S"
29136,"nio-webserver-r",1419293282317491,50625,"R"
29136,"nio-webserver-r",1419293282368116,110260,"Running"
29136,"nio-webserver-r",1419293282478376,50313,"S"
29136,"nio-webserver-r",1419293282528689,64739,"R"
29136,"nio-webserver-r",1419293282593428,164063,"Running"
29136,"nio-webserver-r",1419293282757491,704687,"S"
29136,"nio-webserver-r",1419293283462178,50625,"R"
29136,"nio-webserver-r",1419293283512803,358073,"Running"
29252,"NIO-Worker",1419293283812803,37969,"R"
29252,"NIO-Worker",1419293283850772,287812,"Running"
29136,"nio-webserver-r",1419293283870876,7631302,"S"
29252,"NIO-Worker",1419293284138584,2292917,"S"
29252,"NIO-Worker",1419293286431501,12240,"R"
29252,"NIO-Worker",1419293286443741,425312,"Running"
29252,"NIO-Worker",1419293286869053,122188,"S"
29252,"NIO-Worker",1419293286991241,28750,"R"
29252,"NIO-Worker",1419293287019991,27187,"Running"
29252,"NIO-Worker",1419293287047178,181042,"S"
29252,"NIO-Worker",1419293287228220,14583,"R"
29252,"NIO-Worker",1419293287242803,182136,"Running"
29252,"NIO-Worker",1419293287424939,58645,"R+"
29252,"NIO-Worker",1419293287483584,7969,"Running"
29252,"NIO-Worker",1419293287491553,161667,"S"
29252,"NIO-Worker",1419293287653220,11302,"R"
29252,"NIO-Worker",1419293287664522,18437,"Running"
29252,"NIO-Worker",1419293287682959,52500,"S"
29252,"NIO-Worker",1419293287735459,15313,"R"
29252,"NIO-Worker",1419293287750772,37760,"Running"
29252,"NIO-Worker",1419293287788532,45365,"S"
29252,"NIO-Worker",1419293287833897,16406,"R"
29252,"NIO-Worker",1419293287850303,1170573,"Running"
29252,"NIO-Worker",1419293289020876,9271,"R"
29252,"NIO-Worker",1419293289030147,252031,"Running"
29252,"NIO-Worker",1419293289282178,24219,"R"
29252,"NIO-Worker",1419293289306397,227187,"Running"
29252,"NIO-Worker",1419293289533584,214844,"R"
29252,"NIO-Worker",1419293289748428,288594,"Running"
29252,"NIO-Worker",1419293290037022,7969,"R"
29252,"NIO-Worker",1419293290044991,834218,"Running"
29252,"NIO-Worker",1419293290879209,26198,"S"
29252,"NIO-Worker",1419293290905407,11302,"R"
29252,"NIO-Worker",1419293290916709,61198,"Running"
29252,"NIO-Worker",1419293290977907,395521,"R+"
29252,"NIO-Worker",1419293291373428,157917,"Running"
29165,"nio-stream-prod",1419293291409053,275938,"R"
29136,"nio-webserver-r",1419293291502178,659167,"R"
29252,"NIO-Worker",1419293291531345,417665781,"S"
29165,"nio-stream-prod",1419293291684991,116250,"Running"
29165,"nio-stream-prod",1419293291801241,460468,"S"
29136,"nio-webserver-r",1419293292161345,156614,"Running"
29165,"nio-stream-prod",1419293292261709,669167,"R"
29136,"nio-webserver-r",1419293292317959,771355,"R+"
29165,"nio-stream-prod",1419293292930876,17240,"Running"
29165,"nio-stream-prod",1419293292948116,68750,"R+"
29165,"nio-stream-prod",1419293293016866,48229,"Running"
29165,"nio-stream-prod",1419293293065095,105364,"R+"
29136,"nio-webserver-r",1419293293089314,52343,"Running"
29136,"nio-webserver-r",1419293293141657,15067709,"S"
29165,"nio-stream-prod",1419293293170459,39323,"Running"
29165,"nio-stream-prod",1419293293209782,25469,"R"
29165,"nio-stream-prod",1419293293235251,3917552,"Running"
29165,"nio-stream-prod",1419293297152803,23438,"R"
29165,"nio-stream-prod",1419293297176241,14375,"Running"
29165,"nio-stream-prod",1419293297190616,227812,"R"
29165,"nio-stream-prod",1419293297418428,41250,"Running"
29165,"nio-stream-prod",1419293297459678,10938,"R"
29165,"nio-stream-prod",1419293297470616,3037812,"Running"
29165,"nio-stream-prod",1419293300508428,15156,"R"
29165,"nio-stream-prod",1419293300523584,312969,"Running"
29165,"nio-stream-prod",1419293300836553,5156,"R"
29165,"nio-stream-prod",1419293300841709,20469,"Running"
29165,"nio-stream-prod",1419293300862178,90781,"R"
29165,"nio-stream-prod",1419293300952959,45782,"Running"
29165,"nio-stream-prod",1419293300998741,122448,"R"
29165,"nio-stream-prod",1419293301121189,5006927,"Running"
29165,"nio-stream-prod",1419293306128116,14948,"R"
29165,"nio-stream-prod",1419293306143064,260208,"Running"
29165,"nio-stream-prod",1419293306403272,68750,"R"
29165,"nio-stream-prod",1419293306472022,1790417,"Running"
29136,"nio-webserver-r",1419293308209366,13541,"R"
29136,"nio-webserver-r",1419293308222907,365313,"Running"
29165,"nio-stream-prod",1419293308262439,65937,"R+"
29165,"nio-stream-prod",1419293308328376,77813,"Running"
29165,"nio-stream-prod",1419293308406189,8333,"R"
29165,"nio-stream-prod",1419293308414522,79062,"Running"
29165,"nio-stream-prod",1419293308493584,39398282,"S"
29136,"nio-webserver-r",1419293308588220,64583,"R+"
29136,"nio-webserver-r",1419293308652803,83386,"Running"
29136,"nio-webserver-r",1419293308736189,27639062,"S"
29136,"nio-webserver-r",1419293336375251,61146,"R"
29136,"nio-webserver-r",1419293336436397,230312,"Running"
29136,"nio-webserver-r",1419293336666709,107500,"S"
29136,"nio-webserver-r",1419293336774209,139844,"R"
29136,"nio-webserver-r",1419293336914053,191042,"Running"
29136,"nio-webserver-r",1419293337105095,561614,"S"
29136,"nio-webserver-r",1419293337666709,59219,"R"
29136,"nio-webserver-r",1419293337725928,322188,"Running"
29267,"NIO-Worker",1419293338009522,28906,"R"
29267,"NIO-Worker",1419293338038428,315886,"Running"
29136,"nio-webserver-r",1419293338048116,9920156,"S"
29267,"NIO-Worker",1419293338354314,4580625,"S"
29267,"NIO-Worker",1419293342934939,37083,"R"
29267,"NIO-Worker",1419293342972022,523281,"Running"
29267,"NIO-Worker",1419293343495303,45469,"R+"
29267,"NIO-Worker",1419293343540772,6719,"Running"
29267,"NIO-Worker",1419293343547491,107343,"S"
29267,"NIO-Worker",1419293343654834,20000,"R"
29267,"NIO-Worker",1419293343674834,43698,"Running"
29267,"NIO-Worker",1419293343718532,186615,"R+"
29267,"NIO-Worker",1419293343905147,6198,"Running"
29267,"NIO-Worker",1419293343911345,77708,"S"
29267,"NIO-Worker",1419293343989053,14375,"R"
29267,"NIO-Worker",1419293344003428,245261,"Running"
29267,"NIO-Worker",1419293344248689,333802,"S"
29267,"NIO-Worker",1419293344582491,18281,"R"
29267,"NIO-Worker",1419293344600772,27448,"Running"
29267,"NIO-Worker",1419293344628220,83646,"S"
29267,"NIO-Worker",1419293344711866,18906,"R"
29267,"NIO-Worker",1419293344730772,50260,"Running"
29267,"NIO-Worker",1419293344781032,75521,"S"
29267,"NIO-Worker",1419293344856553,19531,"R"
29267,"NIO-Worker",1419293344876084,2896823,"Running"
29267,"NIO-Worker",1419293347772907,26927,"R+"
29267,"NIO-Worker",1419293347799834,209480,"Running"
29165,"nio-stream-prod",1419293347891866,20416,"R"
29165,"nio-stream-prod",1419293347912282,94271,"Running"
29136,"nio-webserver-r",1419293347968272,315156,"R"
29165,"nio-stream-prod",1419293348006553,238438,"R+"
29267,"NIO-Worker",1419293348009314,410160208,"S"
29165,"nio-stream-prod",1419293348244991,13541,"Running"
29165,"nio-stream-prod",1419293348258532,40365,"S"
29136,"nio-webserver-r",1419293348283428,199063,"Running"
29165,"nio-stream-prod",1419293348298897,10000,"R"
29165,"nio-stream-prod",1419293348308897,32344,"Running"
29165,"nio-stream-prod",1419293348341241,23906,"R+"
29165,"nio-stream-prod",1419293348365147,30104,"Running"
29165,"nio-stream-prod",1419293348395251,45990,"S"
29165,"nio-stream-prod",1419293348441241,7426666,"Running"
29136,"nio-webserver-r",1419293348482491,99948,"R+"
29136,"nio-webserver-r",1419293348582439,99895,"Running"
29136,"nio-webserver-r",1419293348682334,20821511,"S"
29165,"nio-stream-prod",1419293355867907,16875,"R"
29165,"nio-stream-prod",1419293355884782,418490,"Running"
29165,"nio-stream-prod",1419293356303272,53125,"R"
29165,"nio-stream-prod",1419293356356397,7546719,"Running"
29165,"nio-stream-prod",1419293363903116,37291,"R"
29165,"nio-stream-prod",1419293363940407,713177,"Running"
29165,"nio-stream-prod",1419293364653584,6875,"R"
29165,"nio-stream-prod",1419293364660459,21355,"Running"
29165,"nio-stream-prod",1419293364681814,55781,"R"
29165,"nio-stream-prod",1419293364737595,4832396,"Running"
29136,"nio-webserver-r",1419293369503845,15833,"R"
29136,"nio-webserver-r",1419293369519678,460729,"Running"
29165,"nio-stream-prod",1419293369569991,8750,"R+"
29165,"nio-stream-prod",1419293369578741,6406,"Running"
29165,"nio-stream-prod",1419293369585147,21719,"S"
29165,"nio-stream-prod",1419293369606866,34062,"R"
29165,"nio-stream-prod",1419293369640928,169323,"Running"
29165,"nio-stream-prod",1419293369810251,30167812,"S"
29136,"nio-webserver-r",1419293369980407,19535677,"S"
29136,"nio-webserver-r",1419293389516084,8125,"R"
29136,"nio-webserver-r",1419293389524209,96042,"Running"
29136,"nio-webserver-r",1419293389620251,21250,"S"
29136,"nio-webserver-r",1419293389641501,254531,"R"
29136,"nio-webserver-r",1419293389896032,284115,"Running"
29136,"nio-webserver-r",1419293390180147,806719,"S"
29136,"nio-webserver-r",1419293390986866,62812,"R"
29136,"nio-webserver-r",1419293391049678,363594,"Running"
29277,"NIO-Worker",1419293391377126,335365,"R"
29136,"nio-webserver-r",1419293391413272,8741666,"S"
29277,"NIO-Worker",1419293391712491,411562,"Running"
29277,"NIO-Worker",1419293392124053,2834844,"S"
29277,"NIO-Worker",1419293394958897,206823,"R"
29277,"NIO-Worker",1419293395165720,263802,"Running"
29277,"NIO-Worker",1419293395429522,16406,"S"
29277,"NIO-Worker",1419293395445928,297656,"Running"
29277,"NIO-Worker",1419293395743584,131407,"S"
29277,"NIO-Worker",1419293395874991,20416,"R"
29277,"NIO-Worker",1419293395895407,28021,"Running"
29277,"NIO-Worker",1419293395923428,80104,"R+"
29277,"NIO-Worker",1419293396003532,4584,"Running"
29277,"NIO-Worker",1419293396008116,102031,"S"
29277,"NIO-Worker",1419293396110147,20000,"R"
29277,"NIO-Worker",1419293396130147,189844,"Running"
29277,"NIO-Worker",1419293396319991,25156,"R+"
29277,"NIO-Worker",1419293396345147,18750,"Running"
29277,"NIO-Worker",1419293396363897,146198,"S"
29277,"NIO-Worker",1419293396510095,9896,"R"
29277,"NIO-Worker",1419293396519991,42812,"Running"
29277,"NIO-Worker",1419293396562803,60260,"S"
29277,"NIO-Worker",1419293396623063,15990,"R"
29277,"NIO-Worker",1419293396639053,57760,"Running"
29277,"NIO-Worker",1419293396696813,52865,"S"
29277,"NIO-Worker",1419293396749678,16198,"R"
29277,"NIO-Worker",1419293396765876,146458,"Running"
29277,"NIO-Worker",1419293396912334,60782,"R"
29277,"NIO-Worker",1419293396973116,609375,"Running"
29277,"NIO-Worker",1419293397582491,17500,"R"
29277,"NIO-Worker",1419293397599991,523281,"Running"
29277,"NIO-Worker",1419293398123272,140781,"R"
29277,"NIO-Worker",1419293398264053,1179219,"Running"
29277,"NIO-Worker",1419293399443272,10625,"R"
29277,"NIO-Worker",1419293399453897,383125,"Running"
29277,"NIO-Worker",1419293399837022,49531,"R+"
29277,"NIO-Worker",1419293399886553,299375,"Running"
29165,"nio-stream-prod",1419293399978063,31875,"R"
29165,"nio-stream-prod",1419293400009938,136771,"Running"
29165,"nio-stream-prod",1419293400146709,5104,"R+"
29165,"nio-stream-prod",1419293400151813,7813,"Running"
29136,"nio-webserver-r",1419293400154938,30990,"R"
29165,"nio-stream-prod",1419293400159626,382552,"S"
29136,"nio-webserver-r",1419293400185928,33906,"Running"
29277,"NIO-Worker",1419293400185928,410678906,"S"
29136,"nio-webserver-r",1419293400219834,91094,"R"
29136,"nio-webserver-r",1419293400310928,95313,"Running"
29136,"nio-webserver-r",1419293400406241,51562,"R+"
29136,"nio-webserver-r",1419293400457803,84844,"Running"
29165,"nio-stream-prod",1419293400542178,59844,"R"
29136,"nio-webserver-r",1419293400542647,6198,"R+"
29136,"nio-webserver-r",1419293400548845,138646,"Running"
29165,"nio-stream-prod",1419293400602022,19531,"Running"
29165,"nio-stream-prod",1419293400621553,71563,"R+"
29136,"nio-webserver-r",1419293400687491,34501822,"S"
29165,"nio-stream-prod",1419293400693116,55937,"Running"
29165,"nio-stream-prod",1419293400749053,31563,"R+"
29165,"nio-stream-prod",1419293400780616,9843,"Running"
29165,"nio-stream-prod",1419293400790459,15469,"S"
29165,"nio-stream-prod",1419293400805928,1231354,"Running"
29165,"nio-stream-prod",1419293402037282,54740,"R"
29165,"nio-stream-prod",1419293402092022,281562,"Running"
29165,"nio-stream-prod",1419293402373584,26198,"R"
29165,"nio-stream-prod",1419293402399782,3075677,"Running"
29165,"nio-stream-prod",1419293405475459,106667,"R"
29165,"nio-stream-prod",1419293405582126,153802,"Running"
29165,"nio-stream-prod",1419293405735928,13854,"R"
29165,"nio-stream-prod",1419293405749782,389584,"Running"
29165,"nio-stream-prod",1419293406139366,9687,"R"
29165,"nio-stream-prod",1419293406149053,202500,"Running"
29165,"nio-stream-prod",1419293406351553,116094,"R"
29165,"nio-stream-prod",1419293406467647,3734844,"Running"
29165,"nio-stream-prod",1419293410202491,830781,"S"
29165,"nio-stream-prod",1419293411033272,13385,"R"
29165,"nio-stream-prod",1419293411046657,1840365,"Running"
29165,"nio-stream-prod",1419293412887022,48385,"R"
29165,"nio-stream-prod",1419293412935407,917084,"Running"
29165,"nio-stream-prod",1419293413852491,81979,"R"
29165,"nio-stream-prod",1419293413934470,333489,"Running"
29165,"nio-stream-prod",1419293414267959,5261,"R"
29165,"nio-stream-prod",1419293414273220,234114,"Running"
29165,"nio-stream-prod",1419293414507334,198750,"R"
29165,"nio-stream-prod",1419293414706084,1397136,"Running"
29165,"nio-stream-prod",1419293416103220,6562,"R"
29165,"nio-stream-prod",1419293416109782,1010938,"Running"
29165,"nio-stream-prod",1419293417120720,4843,"R"
29165,"nio-stream-prod",1419293417125563,2198959,"Running"
29165,"nio-stream-prod",1419293419324522,2302291,"S"
29165,"nio-stream-prod",1419293421626813,10990,"R"
29165,"nio-stream-prod",1419293421637803,502188,"Running"
29165,"nio-stream-prod",1419293422139991,224218,"R+"
29165,"nio-stream-prod",1419293422364209,770157,"Running"
29165,"nio-stream-prod",1419293423134366,98125,"R"
29165,"nio-stream-prod",1419293423232491,649218,"Running"
29165,"nio-stream-prod",1419293423881709,19375,"R"
29165,"nio-stream-prod",1419293423901084,932188,"Running"
29165,"nio-stream-prod",1419293424833272,16094,"R"
29165,"nio-stream-prod",1419293424849366,4667500,"Running"
29165,"nio-stream-prod",1419293429516866,18125,"R"
29165,"nio-stream-prod",1419293429534991,884791,"Running"
29165,"nio-stream-prod",1419293430419782,76250,"R"
29165,"nio-stream-prod",1419293430496032,31250,"Running"
29165,"nio-stream-prod",1419293430527282,41250,"R"
29165,"nio-stream-prod",1419293430568532,185521,"Running"
29165,"nio-stream-prod",1419293430754053,12813,"R"
29165,"nio-stream-prod",1419293430766866,38541,"Running"
29165,"nio-stream-prod",1419293430805407,727969,"R"
29165,"nio-stream-prod",1419293431533376,357865,"Running"
29165,"nio-stream-prod",1419293431891241,117031,"R"
29165,"nio-stream-prod",1419293432008272,863906,"Running"
29165,"nio-stream-prod",1419293432872178,28594,"R+"
29165,"nio-stream-prod",1419293432900772,2379010,"Running"
29136,"nio-webserver-r",1419293435189313,23594,"R"
29136,"nio-webserver-r",1419293435212907,442709,"Running"
29165,"nio-stream-prod",1419293435279782,42656,"R+"
29165,"nio-stream-prod",1419293435322438,9428,"Running"
29165,"nio-stream-prod",1419293435331866,52500,"S"
29165,"nio-stream-prod",1419293435384366,119218,"Running"
29165,"nio-stream-prod",1419293435503584,12793907,"S"
29136,"nio-webserver-r",1419293435655616,76718,"R+"
29136,"nio-webserver-r",1419293435732334,440573,"Running"
29136,"nio-webserver-r",1419293436172907,8490,"R+"
29136,"nio-webserver-r",1419293436181397,132031,"Running"
29136,"nio-webserver-r",1419293436313428,5952760,"S"
29136,"nio-webserver-r",1419293442266188,22709,"R"
29136,"nio-webserver-r",1419293442288897,142969,"Running"
29136,"nio-webserver-r",1419293442431866,37031,"S"
29136,"nio-webserver-r",1419293442468897,28281,"R"
29136,"nio-webserver-r",1419293442497178,3438,"Running"
29136,"nio-webserver-r",1419293442500616,17291,"S"
29136,"nio-webserver-r",1419293442517907,5834,"R"
29136,"nio-webserver-r",1419293442523741,165937,"Running"
29136,"nio-webserver-r",1419293442689678,472500,"S"
29136,"nio-webserver-r",1419293443162178,62188,"R"
29136,"nio-webserver-r",1419293443224366,344947,"Running"
29279,"NIO-Worker",1419293443536970,16927,"R"
29279,"NIO-Worker",1419293443553897,421354,"Running"
29136,"nio-webserver-r",1419293443569313,4823021,"S"
29279,"NIO-Worker",1419293443975251,112865,"S"
29279,"NIO-Worker",1419293444088116,27291,"R"
29279,"NIO-Worker",1419293444115407,372552,"Running"
29279,"NIO-Worker",1419293444487959,121250,"R+"
29279,"NIO-Worker",1419293444609209,18698,"Running"
29279,"NIO-Worker",1419293444627907,216094,"S"
29279,"NIO-Worker",1419293444844001,40312,"R"
29279,"NIO-Worker",1419293444884313,192396,"Running"
29279,"NIO-Worker",1419293445076709,239844,"S"
29279,"NIO-Worker",1419293445316553,14844,"R"
29279,"NIO-Worker",1419293445331397,21198,"Running"
29279,"NIO-Worker",1419293445352595,39896,"S"
29279,"NIO-Worker",1419293445392491,33229,"R"
29279,"NIO-Worker",1419293445425720,39427,"Running"
29279,"NIO-Worker",1419293445465147,41041,"S"
29279,"NIO-Worker",1419293445506188,16250,"R"
29279,"NIO-Worker",1419293445522438,1615053,"Running"
29279,"NIO-Worker",1419293447137491,328125,"R"
29279,"NIO-Worker",1419293447465616,56718,"Running"
29279,"NIO-Worker",1419293447522334,81354,"R"
29279,"NIO-Worker",1419293447603688,574844,"Running"
29279,"NIO-Worker",1419293448178532,36459,"R+"
29279,"NIO-Worker",1419293448214991,213541,"Running"
29165,"nio-stream-prod",1419293448297491,120156,"R"
29136,"nio-webserver-r",1419293448392334,54219,"R"
29165,"nio-stream-prod",1419293448417647,143437,"Running"
29279,"NIO-Worker",1419293448428532,417948646,"S"
29136,"nio-webserver-r",1419293448446553,212448,"Running"
29165,"nio-stream-prod",1419293448561084,239636,"R+"
29136,"nio-webserver-r",1419293448659001,73802,"R+"
29136,"nio-webserver-r",1419293448732803,67917,"Running"
29136,"nio-webserver-r",1419293448800720,12142396,"S"
29165,"nio-stream-prod",1419293448800720,9583,"Running"
29165,"nio-stream-prod",1419293448810303,37656,"S"
29165,"nio-stream-prod",1419293448847959,95938,"R"
29165,"nio-stream-prod",1419293448943897,40104,"Running"
29165,"nio-stream-prod",1419293448984001,55000,"S"
29165,"nio-stream-prod",1419293449039001,42865,"R"
29165,"nio-stream-prod",1419293449081866,40416,"Running"
29165,"nio-stream-prod",1419293449122282,46771,"S"
29165,"nio-stream-prod",1419293449169053,14323,"R"
29165,"nio-stream-prod",1419293449183376,6640365,"Running"
29165,"nio-stream-prod",1419293455823741,62812,"R"
29165,"nio-stream-prod",1419293455886553,227813,"Running"
29165,"nio-stream-prod",1419293456114366,7968,"R"
29165,"nio-stream-prod",1419293456122334,150261,"Running"
29165,"nio-stream-prod",1419293456272595,69583,"R"
29165,"nio-stream-prod",1419293456342178,532344,"Running"
29165,"nio-stream-prod",1419293456874522,9062,"R"
29165,"nio-stream-prod",1419293456883584,17292,"Running"
29165,"nio-stream-prod",1419293456900876,58646,"R"
29165,"nio-stream-prod",1419293456959522,926562,"Running"
29165,"nio-stream-prod",1419293457886084,1686563,"D"
29165,"nio-stream-prod",1419293459572647,45625,"R"
29165,"nio-stream-prod",1419293459618272,61562,"Running"
29165,"nio-stream-prod",1419293459679834,128386,"D"
29165,"nio-stream-prod",1419293459808220,30208,"R"
29165,"nio-stream-prod",1419293459838428,1165885,"Running"
29136,"nio-webserver-r",1419293460943116,25937,"R"
29136,"nio-webserver-r",1419293460969053,52656,"Running"
29165,"nio-stream-prod",1419293461004313,79115,"R+"
29136,"nio-webserver-r",1419293461021709,45938,"R"
29136,"nio-webserver-r",1419293461067647,37135,"Running"
29165,"nio-stream-prod",1419293461083428,74531,"Running"
29136,"nio-webserver-r",1419293461104782,61146,"R"
29165,"nio-stream-prod",1419293461157959,42387188,"S"
29136,"nio-webserver-r",1419293461165928,167813,"Running"
29136,"nio-webserver-r",1419293461333741,9062,"R+"
29136,"nio-webserver-r",1419293461342803,223281,"Running"
29136,"nio-webserver-r",1419293461566084,34950104,"S"
29136,"nio-webserver-r",1419293496516188,50053,"R"
29136,"nio-webserver-r",1419293496566241,99687,"Running"
29136,"nio-webserver-r",1419293496665928,65625,"S"
29136,"nio-webserver-r",1419293496731553,39948,"R"
29136,"nio-webserver-r",1419293496771501,188802,"Running"
29136,"nio-webserver-r",1419293496960303,1642500,"S"
29136,"nio-webserver-r",1419293498602803,54844,"R"
29136,"nio-webserver-r",1419293498657647,321562,"Running"
29284,"NIO-Worker",1419293498940616,39218,"R"
29136,"nio-webserver-r",1419293498979209,4640469,"S"
29284,"NIO-Worker",1419293498979834,504532,"Running"
29284,"NIO-Worker",1419293499484366,20156,"S"
29284,"NIO-Worker",1419293499504522,12344,"R"
29284,"NIO-Worker",1419293499516866,240312,"Running"
29284,"NIO-Worker",1419293499757178,102969,"R+"
29284,"NIO-Worker",1419293499860147,20000,"Running"
29284,"NIO-Worker",1419293499880147,5781,"S"
29284,"NIO-Worker",1419293499885928,71667,"R"
29284,"NIO-Worker",1419293499957595,27083,"Running"
29284,"NIO-Worker",1419293499984678,243229,"S"
29284,"NIO-Worker",1419293500227907,43177,"R"
29284,"NIO-Worker",1419293500271084,177344,"Running"
29284,"NIO-Worker",1419293500448428,36719,"R+"
29284,"NIO-Worker",1419293500485147,5156,"Running"
29284,"NIO-Worker",1419293500490303,176250,"S"
29284,"NIO-Worker",1419293500666553,10781,"R"
29284,"NIO-Worker",1419293500677334,31875,"Running"
29284,"NIO-Worker",1419293500709209,63854,"S"
29284,"NIO-Worker",1419293500773063,13334,"R"
29284,"NIO-Worker",1419293500786397,91562,"Running"
29284,"NIO-Worker",1419293500877959,76094,"S"
29284,"NIO-Worker",1419293500954053,8229,"R"
29284,"NIO-Worker",1419293500962282,2421406,"Running"
29284,"NIO-Worker",1419293503383688,16875,"S"
29284,"NIO-Worker",1419293503400563,66250,"R"
29284,"NIO-Worker",1419293503466813,187188,"Running"
29165,"nio-stream-prod",1419293503545147,21562,"R"
29165,"nio-stream-prod",1419293503566709,100625,"Running"
29136,"nio-webserver-r",1419293503619678,34323,"R"
29136,"nio-webserver-r",1419293503654001,73958,"Running"
29284,"NIO-Worker",1419293503654001,415012708,"S"
29165,"nio-stream-prod",1419293503667334,130625,"R+"
29136,"nio-webserver-r",1419293503727959,98282,"R"
29165,"nio-stream-prod",1419293503797959,28282,"Running"
29136,"nio-webserver-r",1419293503826241,115572,"Running"
29165,"nio-stream-prod",1419293503826241,50937,"S"
29165,"nio-stream-prod",1419293503877178,46354,"R"
29165,"nio-stream-prod",1419293503923532,20625,"Running"
29136,"nio-webserver-r",1419293503941813,72344,"R+"
29165,"nio-stream-prod",1419293503944157,55781,"S"
29165,"nio-stream-prod",1419293503999938,60365,"R"
29136,"nio-webserver-r",1419293504014157,70677,"Running"
29165,"nio-stream-prod",1419293504060303,57969,"Running"
29136,"nio-webserver-r",1419293504084834,12609323,"S"
29165,"nio-stream-prod",1419293504118272,41562,"S"
29165,"nio-stream-prod",1419293504159834,20157,"R"
29165,"nio-stream-prod",1419293504179991,1284218,"Running"
29165,"nio-stream-prod",1419293505464209,256042,"R"
29165,"nio-stream-prod",1419293505720251,376927,"Running"
29165,"nio-stream-prod",1419293506097178,50781,"R"
29165,"nio-stream-prod",1419293506147959,73282,"Running"
29165,"nio-stream-prod",1419293506221241,117500,"R"
29165,"nio-stream-prod",1419293506338741,7984843,"Running"
29165,"nio-stream-prod",1419293514323584,39532,"R"
29165,"nio-stream-prod",1419293514363116,203125,"Running"
29165,"nio-stream-prod",1419293514566241,56406,"R"
29165,"nio-stream-prod",1419293514622647,1267969,"Running"
29165,"nio-stream-prod",1419293515890616,77656,"R"
29165,"nio-stream-prod",1419293515968272,782916,"Running"
29136,"nio-webserver-r",1419293516694157,11146,"R"
29136,"nio-webserver-r",1419293516705303,123438,"Running"
29165,"nio-stream-prod",1419293516751188,13021,"R+"
29165,"nio-stream-prod",1419293516764209,7188,"Running"
29165,"nio-stream-prod",1419293516771397,14948,"S"
29165,"nio-stream-prod",1419293516786345,13021,"R"
29165,"nio-stream-prod",1419293516799366,153750,"Running"
29136,"nio-webserver-r",1419293516828741,116510,"R+"
29136,"nio-webserver-r",1419293516945251,77240,"Running"
29165,"nio-stream-prod",1419293516953116,9687,"R"
29165,"nio-stream-prod",1419293516962803,11823,"Running"
29165,"nio-stream-prod",1419293516974626,4531,"R"
29165,"nio-stream-prod",1419293516979157,172709,"Running"
29136,"nio-webserver-r",1419293517022491,72604,"R+"
29136,"nio-webserver-r",1419293517095095,131302,"Running"
29165,"nio-stream-prod",1419293517151866,41562,"S"
29165,"nio-stream-prod",1419293517193428,18073,"R"
29165,"nio-stream-prod",1419293517211501,51719,"Running"
29136,"nio-webserver-r",1419293517226397,24844,"R"
29136,"nio-webserver-r",1419293517251241,203125,"Running"
29165,"nio-stream-prod",1419293517263220,46588021,"S"
29136,"nio-webserver-r",1419293517454366,33789531,"S"
29136,"nio-webserver-r",1419293551243897,47187,"R"
29136,"nio-webserver-r",1419293551291084,142032,"Running"
29136,"nio-webserver-r",1419293551433116,257656,"S"
29136,"nio-webserver-r",1419293551690772,40000,"R"
29136,"nio-webserver-r",1419293551730772,195312,"Running"
29136,"nio-webserver-r",1419293551926084,315938,"S"
29136,"nio-webserver-r",1419293552242022,15781,"R"
29136,"nio-webserver-r",1419293552257803,314063,"Running"
29285,"NIO-Worker",1419293552529366,38541,"R"
29285,"NIO-Worker",1419293552567907,392031,"Running"
29136,"nio-webserver-r",1419293552571866,11552187,"S"
29285,"NIO-Worker",1419293552959938,6057865,"S"
29285,"NIO-Worker",1419293559017803,11406,"R"
29285,"NIO-Worker",1419293559029209,204011,"Running"
29285,"NIO-Worker",1419293559233220,18489,"S"
29285,"NIO-Worker",1419293559251709,11979,"R"
29285,"NIO-Worker",1419293559263688,300365,"Running"
29285,"NIO-Worker",1419293559564053,114375,"S"
29285,"NIO-Worker",1419293559678428,28438,"R"
29285,"NIO-Worker",1419293559706866,25260,"Running"
29285,"NIO-Worker",1419293559732126,171615,"S"
29285,"NIO-Worker",1419293559903741,14375,"R"
29285,"NIO-Worker",1419293559918116,187447,"Running"
29285,"NIO-Worker",1419293560105563,222813,"S"
29285,"NIO-Worker",1419293560328376,15208,"R"
29285,"NIO-Worker",1419293560343584,13282,"Running"
29285,"NIO-Worker",1419293560356866,33437,"S"
29285,"NIO-Worker",1419293560390303,14844,"R"
29285,"NIO-Worker",1419293560405147,33125,"Running"
29285,"NIO-Worker",1419293560438272,41250,"S"
29285,"NIO-Worker",1419293560479522,13906,"R"
29285,"NIO-Worker",1419293560493428,2801719,"Running"
29285,"NIO-Worker",1419293563295147,103750,"S"
29285,"NIO-Worker",1419293563398897,55156,"R"
29285,"NIO-Worker",1419293563454053,593750,"Running"
29165,"nio-stream-prod",1419293563851241,100000,"R"
29165,"nio-stream-prod",1419293563951241,152291,"Running"
29285,"NIO-Worker",1419293564047803,27813,"R"
29285,"NIO-Worker",1419293564075616,85781,"Running"
29165,"nio-stream-prod",1419293564103532,270990,"S"
29136,"nio-webserver-r",1419293564124053,13906,"R"
29136,"nio-webserver-r",1419293564137959,174219,"Running"
29285,"NIO-Worker",1419293564161397,404728750,"S"
29136,"nio-webserver-r",1419293564312178,45781,"R+"
29136,"nio-webserver-r",1419293564357959,49011,"Running"
29165,"nio-stream-prod",1419293564374522,13437,"R"
29165,"nio-stream-prod",1419293564387959,16563,"Running"
29165,"nio-stream-prod",1419293564404522,19479,"R+"
29136,"nio-webserver-r",1419293564406970,9961562,"S"
29165,"nio-stream-prod",1419293564424001,8490,"Running"
29165,"nio-stream-prod",1419293564432491,12291,"S"
29165,"nio-stream-prod",1419293564444782,20209,"R"
29165,"nio-stream-prod",1419293564464991,33437,"Running"
29165,"nio-stream-prod",1419293564498428,35000,"S"
29165,"nio-stream-prod",1419293564533428,13854,"R"
29165,"nio-stream-prod",1419293564547282,241563,"Running"
29165,"nio-stream-prod",1419293564788845,35781,"R"
29165,"nio-stream-prod",1419293564824626,52552,"Running"
29165,"nio-stream-prod",1419293564877178,18229,"R"
29165,"nio-stream-prod",1419293564895407,7979375,"Running"
29165,"nio-stream-prod",1419293572874782,20000,"R"
29165,"nio-stream-prod",1419293572894782,88021,"Running"
29165,"nio-stream-prod",1419293572982803,24844,"R"
29165,"nio-stream-prod",1419293573007647,1413281,"Running"
29136,"nio-webserver-r",1419293574368532,12813,"R"
29136,"nio-webserver-r",1419293574381345,293021,"Running"
29165,"nio-stream-prod",1419293574420928,37344,"S"
29165,"nio-stream-prod",1419293574458272,12031,"R"
29165,"nio-stream-prod",1419293574470303,142135,"Running"
29165,"nio-stream-prod",1419293574612438,36155834,"S"
29136,"nio-webserver-r",1419293574674366,25000,"R+"
29136,"nio-webserver-r",1419293574699366,71875,"Running"
29136,"nio-webserver-r",1419293574771241,28343124,"S"
29136,"nio-webserver-r",1419293603114365,38386,"R"
29136,"nio-webserver-r",1419293603152751,354375,"Running"
29136,"nio-webserver-r",1419293603507126,16562,"S"
29136,"nio-webserver-r",1419293603523688,42500,"R"
29136,"nio-webserver-r",1419293603566188,6615,"Running"
29136,"nio-webserver-r",1419293603572803,15104,"S"
29136,"nio-webserver-r",1419293603587907,33646,"R"
29136,"nio-webserver-r",1419293603621553,189062,"Running"
29136,"nio-webserver-r",1419293603810615,178542,"S"
29136,"nio-webserver-r",1419293603989157,60938,"R"
29136,"nio-webserver-r",1419293604050095,316718,"Running"
29286,"NIO-Worker",1419293604336553,12656,"R"
29286,"NIO-Worker",1419293604349209,350781,"Running"
29136,"nio-webserver-r",1419293604366813,6492552,"S"
29286,"NIO-Worker",1419293604699990,1490938,"S"
29286,"NIO-Worker",1419293606190928,52969,"R"
29286,"NIO-Worker",1419293606243897,46354,"Running"
29286,"NIO-Worker",1419293606290251,71562,"R"
29286,"NIO-Worker",1419293606361813,183177,"Running"
29286,"NIO-Worker",1419293606544990,124167,"S"
29286,"NIO-Worker",1419293606669157,45677,"R"
29286,"NIO-Worker",1419293606714834,274688,"Running"
29286,"NIO-Worker",1419293606989522,51823,"R+"
29286,"NIO-Worker",1419293607041345,4895,"Running"
29286,"NIO-Worker",1419293607046240,51719,"S"
29286,"NIO-Worker",1419293607097959,60156,"R"
29286,"NIO-Worker",1419293607158115,52344,"Running"
29286,"NIO-Worker",1419293607210459,244219,"S"
29286,"NIO-Worker",1419293607454678,47448,"R"
29286,"NIO-Worker",1419293607502126,231094,"Running"
29286,"NIO-Worker",1419293607733220,190000,"S"
29286,"NIO-Worker",1419293607923220,18020,"R"
29286,"NIO-Worker",1419293607941240,16250,"Running"
29286,"NIO-Worker",1419293607957490,65625,"S"
29286,"NIO-Worker",1419293608023115,15782,"R"
29286,"NIO-Worker",1419293608038897,40625,"Running"
29286,"NIO-Worker",1419293608079522,47343,"S"
29286,"NIO-Worker",1419293608126865,19688,"R"
29286,"NIO-Worker",1419293608146553,2505937,"Running"
29286,"NIO-Worker",1419293610652490,35105,"R+"
29286,"NIO-Worker",1419293610687595,221406,"Running"
29165,"nio-stream-prod",1419293610768272,26041,"R"
29165,"nio-stream-prod",1419293610794313,110000,"Running"
29136,"nio-webserver-r",1419293610859365,48855,"R"
29165,"nio-stream-prod",1419293610904313,79427,"R+"
29136,"nio-webserver-r",1419293610908220,218437,"Running"
29286,"NIO-Worker",1419293610909001,407695677,"S"
29165,"nio-stream-prod",1419293610983740,12136,"Running"
29165,"nio-stream-prod",1419293610995876,107187,"S"
29165,"nio-stream-prod",1419293611103063,25677,"R"
29136,"nio-webserver-r",1419293611126657,17367708,"S"
29165,"nio-stream-prod",1419293611128740,29948,"Running"
29165,"nio-stream-prod",1419293611158688,59219,"S"
29165,"nio-stream-prod",1419293611217907,23750,"R"
29165,"nio-stream-prod",1419293611241657,42188,"Running"
29165,"nio-stream-prod",1419293611283845,48020,"S"
29165,"nio-stream-prod",1419293611331865,42344,"R"
29165,"nio-stream-prod",1419293611374209,355469,"Running"
29165,"nio-stream-prod",1419293611729678,7812,"R"
29165,"nio-stream-prod",1419293611737490,105782,"Running"
29165,"nio-stream-prod",1419293611843272,43281,"R"
29165,"nio-stream-prod",1419293611886553,2404844,"Running"
29165,"nio-stream-prod",1419293614291397,10416,"R"
29165,"nio-stream-prod",1419293614301813,488802,"Running"
29165,"nio-stream-prod",1419293614790615,74844,"R"
29165,"nio-stream-prod",1419293614865459,2017761,"Running"
29165,"nio-stream-prod",1419293616883220,9375,"R"
29165,"nio-stream-prod",1419293616892595,5936927,"Running"
29165,"nio-stream-prod",1419293622829522,96406,"R"
29165,"nio-stream-prod",1419293622925928,1943437,"Running"
29165,"nio-stream-prod",1419293624869365,52188,"R"
29165,"nio-stream-prod",1419293624921553,3652656,"Running"
29136,"nio-webserver-r",1419293628494365,20469,"R"
29136,"nio-webserver-r",1419293628514834,422448,"Running"
29165,"nio-stream-prod",1419293628574209,44219,"S"
29165,"nio-stream-prod",1419293628618428,15885,"R"
29165,"nio-stream-prod",1419293628634313,142552,"Running"
29165,"nio-stream-prod",1419293628776865,36157188,"S"
29136,"nio-webserver-r",1419293628937282,25765313,"S"
29136,"nio-webserver-r",1419293654702595,44375,"R"
29136,"nio-webserver-r",1419293654746970,146406,"Running"
29136,"nio-webserver-r",1419293654893376,50208,"S"
29136,"nio-webserver-r",1419293654943584,46042,"R"
29136,"nio-webserver-r",1419293654989626,172656,"Running"
29136,"nio-webserver-r",1419293655162282,579271,"S"
29136,"nio-webserver-r",1419293655741553,24948,"R"
29136,"nio-webserver-r",1419293655766501,85781,"Running"
29136,"nio-webserver-r",1419293655852282,54219,"R"
29136,"nio-webserver-r",1419293655906501,158802,"Running"
29136,"nio-webserver-r",1419293656065303,11354,"R+"
29136,"nio-webserver-r",1419293656076657,105990,"Running"
29136,"nio-webserver-r",1419293656182647,127812,"R"
29136,"nio-webserver-r",1419293656310459,91875,"Running"
29138,"NIO-Worker",1419293656351553,40156,"R"
29138,"NIO-Worker",1419293656391709,330469,"Running"
29136,"nio-webserver-r",1419293656402334,8635886,"S"
29138,"NIO-Worker",1419293656722178,3447604,"S"
29138,"NIO-Worker",1419293660169782,57083,"R"
29138,"NIO-Worker",1419293660226865,432500,"Running"
29138,"NIO-Worker",1419293660659365,120573,"S"
29138,"NIO-Worker",1419293660779938,21563,"R"
29138,"NIO-Worker",1419293660801501,88333,"Running"
29138,"NIO-Worker",1419293660889834,214323,"S"
29138,"NIO-Worker",1419293661104157,36719,"R"
29138,"NIO-Worker",1419293661140876,198958,"Running"
29138,"NIO-Worker",1419293661339834,255000,"S"
29138,"NIO-Worker",1419293661594834,81198,"R"
29138,"NIO-Worker",1419293661676032,123177,"Running"
29138,"NIO-Worker",1419293661799209,54688,"R+"
29138,"NIO-Worker",1419293661853897,14062,"Running"
29138,"NIO-Worker",1419293661867959,58906,"S"
29138,"NIO-Worker",1419293661926865,32813,"R"
29138,"NIO-Worker",1419293661959678,52031,"Running"
29138,"NIO-Worker",1419293662011709,60938,"S"
29138,"NIO-Worker",1419293662072647,24323,"R"
29138,"NIO-Worker",1419293662096970,2462864,"Running"
29138,"NIO-Worker",1419293664559834,28854,"S"
29138,"NIO-Worker",1419293664588688,12865,"R"
29138,"NIO-Worker",1419293664601553,18542,"Running"
29138,"NIO-Worker",1419293664620095,45312,"R+"
29138,"NIO-Worker",1419293664665407,71771,"Running"
29138,"NIO-Worker",1419293664737178,189167,"R"
29138,"NIO-Worker",1419293664926345,153333,"Running"
29165,"nio-stream-prod",1419293664934053,19687,"R"
29165,"nio-stream-prod",1419293664953740,116250,"Running"
29136,"nio-webserver-r",1419293665038220,11562,"R"
29136,"nio-webserver-r",1419293665049782,226771,"Running"
29165,"nio-stream-prod",1419293665069990,9688,"R+"
29138,"NIO-Worker",1419293665079678,408073125,"S"
29165,"nio-stream-prod",1419293665079678,4844,"Running"
29165,"nio-stream-prod",1419293665084522,249791,"S"
29136,"nio-webserver-r",1419293665276553,24413281,"S"
29165,"nio-stream-prod",1419293665334313,49427,"R"
29165,"nio-stream-prod",1419293665383740,33125,"Running"
29165,"nio-stream-prod",1419293665416865,22605,"R+"
29165,"nio-stream-prod",1419293665439470,7552,"Running"
29165,"nio-stream-prod",1419293665447022,24062,"S"
29165,"nio-stream-prod",1419293665471084,11094,"R"
29165,"nio-stream-prod",1419293665482178,38906,"Running"
29165,"nio-stream-prod",1419293665521084,55000,"S"
29165,"nio-stream-prod",1419293665576084,15313,"R"
29165,"nio-stream-prod",1419293665591397,7301198,"Running"
29165,"nio-stream-prod",1419293672892595,6614,"R"
29165,"nio-stream-prod",1419293672899209,7987031,"Running"
29165,"nio-stream-prod",1419293680886240,16875,"R"
29165,"nio-stream-prod",1419293680903115,156563,"Running"
29165,"nio-stream-prod",1419293681059678,27187,"R"
29165,"nio-stream-prod",1419293681086865,376667,"Running"
29165,"nio-stream-prod",1419293681463532,33906,"R"
29165,"nio-stream-prod",1419293681497438,20313,"Running"
29165,"nio-stream-prod",1419293681517751,20156,"R+"
29165,"nio-stream-prod",1419293681537907,12813,"Running"
29165,"nio-stream-prod",1419293681550720,72239,"R"
29165,"nio-stream-prod",1419293681622959,28438,"Running"
29165,"nio-stream-prod",1419293681651397,8906,"R"
29165,"nio-stream-prod",1419293681660303,1120156,"Running"
29165,"nio-stream-prod",1419293682780459,27188,"R"
29165,"nio-stream-prod",1419293682807647,6823,"Running"
29165,"nio-stream-prod",1419293682814470,121875,"R"
29165,"nio-stream-prod",1419293682936345,6689218,"Running"
29165,"nio-stream-prod",1419293689625563,39375,"R"
29165,"nio-stream-prod",1419293689664938,96927,"Running"
29136,"nio-webserver-r",1419293689689834,117500,"R"
29165,"nio-stream-prod",1419293689761865,45417,"S"
29165,"nio-stream-prod",1419293689807282,14271,"R"
29136,"nio-webserver-r",1419293689807334,40886,"Running"
29165,"nio-stream-prod",1419293689821553,66042,"Running"
29136,"nio-webserver-r",1419293689848220,68958,"R"
29165,"nio-stream-prod",1419293689887595,23958,"R+"
29165,"nio-stream-prod",1419293689911553,34062,"Running"
29136,"nio-webserver-r",1419293689917178,151719,"Running"
29165,"nio-stream-prod",1419293689945615,25343125,"S"
29136,"nio-webserver-r",1419293690068897,86250,"R+"
29136,"nio-webserver-r",1419293690155147,226250,"Running"
29136,"nio-webserver-r",1419293690381397,17201979,"S"
29136,"nio-webserver-r",1419293707583376,40989,"R"
29136,"nio-webserver-r",1419293707624365,68282,"Running"
29136,"nio-webserver-r",1419293707692647,12500,"R"
29136,"nio-webserver-r",1419293707705147,215156,"Running"
29136,"nio-webserver-r",1419293707920303,16719,"S"
29136,"nio-webserver-r",1419293707937022,11979,"R"
29136,"nio-webserver-r",1419293707949001,7708,"Running"
29136,"nio-webserver-r",1419293707956709,42136,"S"
29136,"nio-webserver-r",1419293707998845,14114,"R"
29136,"nio-webserver-r",1419293708012959,44531,"Running"
29136,"nio-webserver-r",1419293708057490,19480,"R"
29136,"nio-webserver-r",1419293708076970,190833,"Running"
29136,"nio-webserver-r",1419293708267803,474375,"S"
29136,"nio-webserver-r",1419293708742178,52344,"R"
29136,"nio-webserver-r",1419293708794522,441250,"Running"
29252,"NIO-Worker",1419293709197126,20781,"R"
29252,"NIO-Worker",1419293709217907,426615,"Running"
29136,"nio-webserver-r",1419293709235772,6155625,"S"
29252,"NIO-Worker",1419293709644522,970781,"S"
29252,"NIO-Worker",1419293710615303,12656,"R"
29252,"NIO-Worker",1419293710627959,212292,"Running"
29252,"NIO-Worker",1419293710840251,2396,"S"
29252,"NIO-Worker",1419293710842647,42343,"R"
29252,"NIO-Worker",1419293710884990,314063,"Running"
29252,"NIO-Worker",1419293711199053,207760,"S"
29252,"NIO-Worker",1419293711406813,12032,"R"
29252,"NIO-Worker",1419293711418845,47083,"Running"
29252,"NIO-Worker",1419293711465928,238073,"S"
29252,"NIO-Worker",1419293711704001,10312,"R"
29252,"NIO-Worker",1419293711714313,198438,"Running"
29252,"NIO-Worker",1419293711912751,29219,"R+"
29252,"NIO-Worker",1419293711941970,6145,"Running"
29252,"NIO-Worker",1419293711948115,194480,"S"
29252,"NIO-Worker",1419293712142595,11614,"R"
29252,"NIO-Worker",1419293712154209,20573,"Running"
29252,"NIO-Worker",1419293712174782,62396,"S"
29252,"NIO-Worker",1419293712237178,17292,"R"
29252,"NIO-Worker",1419293712254470,46302,"Running"
29252,"NIO-Worker",1419293712300772,41875,"S"
29252,"NIO-Worker",1419293712342647,15000,"R"
29252,"NIO-Worker",1419293712357647,507500,"Running"
29252,"NIO-Worker",1419293712865147,48437,"R"
29252,"NIO-Worker",1419293712913584,896563,"Running"
29252,"NIO-Worker",1419293713810147,50781,"R"
29252,"NIO-Worker",1419293713860928,18594,"Running"
29252,"NIO-Worker",1419293713879522,17812,"R"
29252,"NIO-Worker",1419293713897334,202344,"Running"
29252,"NIO-Worker",1419293714099678,11719,"R"
29252,"NIO-Worker",1419293714111397,591093,"Running"
29252,"NIO-Worker",1419293714702490,71511,"R"
29252,"NIO-Worker",1419293714774001,352500,"Running"
29252,"NIO-Worker",1419293715126501,37239,"S"
29252,"NIO-Worker",1419293715163740,22188,"R"
29252,"NIO-Worker",1419293715185928,242187,"Running"
29165,"nio-stream-prod",1419293715288740,15573,"R"
29165,"nio-stream-prod",1419293715304313,114584,"Running"
29136,"nio-webserver-r",1419293715391397,14687,"R"
29136,"nio-webserver-r",1419293715406084,211354,"Running"
29165,"nio-stream-prod",1419293715418897,210312,"S"
29252,"NIO-Worker",1419293715428115,409527448,"S"
29136,"nio-webserver-r",1419293715617438,31302,"R+"
29165,"nio-stream-prod",1419293715629209,17917,"R"
29165,"nio-stream-prod",1419293715647126,21302,"Running"
29136,"nio-webserver-r",1419293715648740,70469,"Running"
29165,"nio-stream-prod",1419293715668428,56354,"S"
29136,"nio-webserver-r",1419293715719209,31329531,"S"
29165,"nio-stream-prod",1419293715724782,20938,"R"
29165,"nio-stream-prod",1419293715745720,45052,"Running"
29165,"nio-stream-prod",1419293715790772,60573,"S"
29165,"nio-stream-prod",1419293715851345,17031,"R"
29165,"nio-stream-prod",1419293715868376,6203437,"Running"
29165,"nio-stream-prod",1419293722071813,16146,"R"
29165,"nio-stream-prod",1419293722087959,39636,"Running"
29165,"nio-stream-prod",1419293722127595,47500,"R"
29165,"nio-stream-prod",1419293722175095,641927,"Running"
29165,"nio-stream-prod",1419293722817022,81198,"R"
29165,"nio-stream-prod",1419293722898220,2485833,"Running"
29165,"nio-stream-prod",1419293725384053,11823,"R"
29165,"nio-stream-prod",1419293725395876,5036406,"Running"
29165,"nio-stream-prod",1419293730432282,42396,"R"
29165,"nio-stream-prod",1419293730474678,762292,"Running"
29165,"nio-stream-prod",1419293731236970,39739,"R"
29165,"nio-stream-prod",1419293731276709,8162031,"Running"
29165,"nio-stream-prod",1419293739438740,28073,"R"
29165,"nio-stream-prod",1419293739466813,15365,"Running"
29165,"nio-stream-prod",1419293739482178,73750,"R"
29165,"nio-stream-prod",1419293739555928,7553073,"Running"
29136,"nio-webserver-r",1419293747048740,71042,"R"
29165,"nio-stream-prod",1419293747109001,56146,"R+"
29136,"nio-webserver-r",1419293747119782,11458,"Running"
29136,"nio-webserver-r",1419293747131240,190730,"R+"
29165,"nio-stream-prod",1419293747165147,55885,"Running"
29165,"nio-stream-prod",1419293747221032,15706927,"S"
29136,"nio-webserver-r",1419293747321970,398177,"Running"
29136,"nio-webserver-r",1419293747720147,8906,"R+"
29136,"nio-webserver-r",1419293747729053,84687,"Running"
29136,"nio-webserver-r",1419293747813740,8756667,"S"
29136,"nio-webserver-r",1419293756570407,65625,"R"
29136,"nio-webserver-r",1419293756636032,112396,"Running"
29136,"nio-webserver-r",1419293756748428,36094,"S"
29136,"nio-webserver-r",1419293756784522,78073,"R"
29136,"nio-webserver-r",1419293756862595,157395,"Running"
29136,"nio-webserver-r",1419293757019990,811719,"S"
29136,"nio-webserver-r",1419293757831709,41250,"R"
29136,"nio-webserver-r",1419293757872959,334011,"Running"
29267,"NIO-Worker",1419293758169522,17343,"R"
29267,"NIO-Worker",1419293758186865,340313,"Running"
29136,"nio-webserver-r",1419293758206970,4799843,"S"
29267,"NIO-Worker",1419293758527178,21510,"S"
29267,"NIO-Worker",1419293758548688,499427,"Running"
29267,"NIO-Worker",1419293759048115,105782,"S"
29267,"NIO-Worker",1419293759153897,15000,"R"
29267,"NIO-Worker",1419293759168897,30312,"Running"
29267,"NIO-Worker",1419293759199209,198698,"S"
29267,"NIO-Worker",1419293759397907,30938,"R"
29267,"NIO-Worker",1419293759428845,207656,"Running"
29267,"NIO-Worker",1419293759636501,236562,"S"
29267,"NIO-Worker",1419293759873063,17240,"R"
29267,"NIO-Worker",1419293759890303,46979,"Running"
29267,"NIO-Worker",1419293759937282,64427,"S"
29267,"NIO-Worker",1419293760001709,21406,"R"
29267,"NIO-Worker",1419293760023115,35157,"Running"
29267,"NIO-Worker",1419293760058272,47135,"S"
29267,"NIO-Worker",1419293760105407,13906,"R"
29267,"NIO-Worker",1419293760119313,2682657,"Running"
29267,"NIO-Worker",1419293762801970,15677,"R+"
29267,"NIO-Worker",1419293762817647,7343,"Running"
29267,"NIO-Worker",1419293762824990,5261,"S"
29267,"NIO-Worker",1419293762830251,17344,"R"
29267,"NIO-Worker",1419293762847595,198645,"Running"
29165,"nio-stream-prod",1419293762927959,26354,"R"
29165,"nio-stream-prod",1419293762954313,100990,"Running"
29136,"nio-webserver-r",1419293763006813,43125,"R"
29267,"NIO-Worker",1419293763046240,416097188,"S"
29136,"nio-webserver-r",1419293763049938,149219,"Running"
29165,"nio-stream-prod",1419293763055303,191250,"S"
29136,"nio-webserver-r",1419293763199157,26406,"R+"
29136,"nio-webserver-r",1419293763225563,76407,"Running"
29165,"nio-stream-prod",1419293763246553,18385,"R"
29165,"nio-stream-prod",1419293763264938,33490,"Running"
29165,"nio-stream-prod",1419293763298428,36562,"S"
29136,"nio-webserver-r",1419293763301970,11903802,"S"
29165,"nio-stream-prod",1419293763334990,18542,"R"
29165,"nio-stream-prod",1419293763353532,37031,"Running"
29165,"nio-stream-prod",1419293763390563,47240,"S"
29165,"nio-stream-prod",1419293763437803,22604,"R"
29165,"nio-stream-prod",1419293763460407,325208,"Running"
29165,"nio-stream-prod",1419293763785615,36719,"R"
29165,"nio-stream-prod",1419293763822334,733281,"Running"
29165,"nio-stream-prod",1419293764555615,33855,"R"
29165,"nio-stream-prod",1419293764589470,8294583,"Running"
29165,"nio-stream-prod",1419293772884053,24323,"R"
29165,"nio-stream-prod",1419293772908376,109583,"Running"
29165,"nio-stream-prod",1419293773017959,15313,"R"
29165,"nio-stream-prod",1419293773033272,2221406,"Running"
29136,"nio-webserver-r",1419293775205772,150416,"R"
29165,"nio-stream-prod",1419293775254678,45937,"R+"
29165,"nio-stream-prod",1419293775300615,53282,"Running"
29165,"nio-stream-prod",1419293775353897,43514375,"S"
29136,"nio-webserver-r",1419293775356188,190625,"Running"
29136,"nio-webserver-r",1419293775546813,99532,"R+"
29136,"nio-webserver-r",1419293775646345,253802,"Running"
29136,"nio-webserver-r",1419293775900147,33766979,"S"
29136,"nio-webserver-r",1419293809667126,38646,"R"
29136,"nio-webserver-r",1419293809705772,233906,"Running"
29136,"nio-webserver-r",1419293809939678,9062,"R+"
29136,"nio-webserver-r",1419293809948740,31198,"Running"
29136,"nio-webserver-r",1419293809979938,5938,"S"
29136,"nio-webserver-r",1419293809985876,18333,"R"
29136,"nio-webserver-r",1419293810004209,8281,"Running"
29136,"nio-webserver-r",1419293810012490,9219,"S"
29136,"nio-webserver-r",1419293810021709,22344,"R"
29136,"nio-webserver-r",1419293810044053,166562,"Running"
29136,"nio-webserver-r",1419293810210615,301719,"S"
29136,"nio-webserver-r",1419293810512334,42344,"R"
29136,"nio-webserver-r",1419293810554678,339219,"Running"
29277,"NIO-Worker",1419293810864834,14063,"R"
29277,"NIO-Worker",1419293810878897,349062,"Running"
29136,"nio-webserver-r",1419293810893897,8151250,"S"
29277,"NIO-Worker",1419293811227959,3581719,"S"
29277,"NIO-Worker",1419293814809678,16979,"R"
29277,"NIO-Worker",1419293814826657,368906,"Running"
29277,"NIO-Worker",1419293815195563,120990,"S"
29277,"NIO-Worker",1419293815316553,17656,"R"
29277,"NIO-Worker",1419293815334209,36094,"Running"
29277,"NIO-Worker",1419293815370303,202031,"S"
29277,"NIO-Worker",1419293815572334,16563,"R"
29277,"NIO-Worker",1419293815588897,181354,"Running"
29277,"NIO-Worker",1419293815770251,250052,"S"
29277,"NIO-Worker",1419293816020303,13542,"R"
29277,"NIO-Worker",1419293816033845,14427,"Running"
29277,"NIO-Worker",1419293816048272,36041,"S"
29277,"NIO-Worker",1419293816084313,14844,"R"
29277,"NIO-Worker",1419293816099157,43958,"Running"
29277,"NIO-Worker",1419293816143115,62032,"S"
29277,"NIO-Worker",1419293816205147,16250,"R"
29277,"NIO-Worker",1419293816221397,612187,"Running"
29277,"NIO-Worker",1419293816833584,26875,"R"
29277,"NIO-Worker",1419293816860459,1890938,"Running"
29277,"NIO-Worker",1419293818751397,30312,"S"
29277,"NIO-Worker",1419293818781709,13594,"R"
29277,"NIO-Worker",1419293818795303,287187,"Running"
29165,"nio-stream-prod",1419293818868272,13437,"R"
29165,"nio-stream-prod",1419293818881709,100625,"Running"
29165,"nio-stream-prod",1419293818982334,212969,"S"
29136,"nio-webserver-r",1419293819045147,37343,"R"
29136,"nio-webserver-r",1419293819082490,170625,"Running"
29277,"NIO-Worker",1419293819082490,410006719,"S"
29165,"nio-stream-prod",1419293819195303,15781,"R"
29165,"nio-stream-prod",1419293819211084,23125,"Running"
29165,"nio-stream-prod",1419293819234209,57656,"S"
29136,"nio-webserver-r",1419293819253115,27032,"R+"
29136,"nio-webserver-r",1419293819280147,60312,"Running"
29165,"nio-stream-prod",1419293819291865,14792,"R"
29165,"nio-stream-prod",1419293819306657,40208,"Running"
29136,"nio-webserver-r",1419293819340459,5619063,"S"
29165,"nio-stream-prod",1419293819346865,42813,"S"
29165,"nio-stream-prod",1419293819389678,24531,"R"
29165,"nio-stream-prod",1419293819414209,3238281,"Running"
29165,"nio-stream-prod",1419293822652490,9532,"R"
29165,"nio-stream-prod",1419293822662022,71718,"Running"
29165,"nio-stream-prod",1419293822733740,78282,"R"
29165,"nio-stream-prod",1419293822812022,1505729,"Running"
29165,"nio-stream-prod",1419293824317751,8489,"R"
29165,"nio-stream-prod",1419293824326240,678542,"Running"
29136,"nio-webserver-r",1419293824959522,15468,"R"
29136,"nio-webserver-r",1419293824974990,270000,"Running"
29165,"nio-stream-prod",1419293825004782,34896,"R+"
29165,"nio-stream-prod",1419293825039678,17135,"Running"
29165,"nio-stream-prod",1419293825056813,23802,"R+"
29165,"nio-stream-prod",1419293825080615,127761,"Running"
29165,"nio-stream-prod",1419293825208376,14375,"S"
29165,"nio-stream-prod",1419293825222751,42396,"R"
29136,"nio-webserver-r",1419293825244990,48750,"S"
29165,"nio-stream-prod",1419293825265147,76406,"Running"
29136,"nio-webserver-r",1419293825293740,49636,"R"
29165,"nio-stream-prod",1419293825341553,87187,"R+"
29136,"nio-webserver-r",1419293825343376,244583,"Running"
29165,"nio-stream-prod",1419293825428740,10625,"Running"
29165,"nio-stream-prod",1419293825439365,50258907,"S"
29136,"nio-webserver-r",1419293825587959,39513438,"S"
29136,"nio-webserver-r",1419293865101397,9010,"R"
29136,"nio-webserver-r",1419293865110407,85365,"Running"
29136,"nio-webserver-r",1419293865195772,21875,"R+"
29136,"nio-webserver-r",1419293865217647,21250,"Running"
29136,"nio-webserver-r",1419293865238897,86354,"S"
29136,"nio-webserver-r",1419293865325251,36614,"R"
29136,"nio-webserver-r",1419293865361865,98438,"Running"
29136,"nio-webserver-r",1419293865460303,32500,"R+"
29136,"nio-webserver-r",1419293865492803,63125,"Running"
29136,"nio-webserver-r",1419293865555928,505781,"S"
29136,"nio-webserver-r",1419293866061709,47656,"R"
29136,"nio-webserver-r",1419293866109365,316250,"Running"
29279,"NIO-Worker",1419293866377178,49167,"R"
29136,"nio-webserver-r",1419293866425615,9370157,"S"
29279,"NIO-Worker",1419293866426345,282239,"Running"
29279,"NIO-Worker",1419293866708584,4570104,"S"
29279,"NIO-Worker",1419293871278688,16927,"R"
29279,"NIO-Worker",1419293871295615,171823,"Running"
29279,"NIO-Worker",1419293871467438,17188,"S"
29279,"NIO-Worker",1419293871484626,198333,"Running"
29279,"NIO-Worker",1419293871682959,108594,"S"
29279,"NIO-Worker",1419293871791553,15469,"R"
29279,"NIO-Worker",1419293871807022,29843,"Running"
29279,"NIO-Worker",1419293871836865,117605,"R+"
29279,"NIO-Worker",1419293871954470,4531,"Running"
29279,"NIO-Worker",1419293871959001,311302,"S"
29279,"NIO-Worker",1419293872270303,28281,"R"
29279,"NIO-Worker",1419293872298584,201563,"Running"
29279,"NIO-Worker",1419293872500147,226718,"S"
29279,"NIO-Worker",1419293872726865,31719,"R"
29279,"NIO-Worker",1419293872758584,12813,"Running"
29279,"NIO-Worker",1419293872771397,134375,"R+"
29279,"NIO-Worker",1419293872905772,16406,"Running"
29279,"NIO-Worker",1419293872922178,45937,"S"
29279,"NIO-Worker",1419293872968115,33594,"R"
29279,"NIO-Worker",1419293873001709,46406,"Running"
29279,"NIO-Worker",1419293873048115,48750,"S"
29279,"NIO-Worker",1419293873096865,14219,"R"
29279,"NIO-Worker",1419293873111084,2450417,"Running"
29279,"NIO-Worker",1419293875561501,15208,"R+"
29279,"NIO-Worker",1419293875576709,9375,"Running"
29279,"NIO-Worker",1419293875586084,18906,"S"
29279,"NIO-Worker",1419293875604990,227813,"Running"
29165,"nio-stream-prod",1419293875698272,18385,"R"
29165,"nio-stream-prod",1419293875716657,96615,"Running"
29136,"nio-webserver-r",1419293875795772,19375,"R"
29165,"nio-stream-prod",1419293875813272,196041,"S"
29136,"nio-webserver-r",1419293875815147,231406,"Running"
29279,"NIO-Worker",1419293875832803,405478698,"S"
29165,"nio-stream-prod",1419293876009313,16875,"R"
29165,"nio-stream-prod",1419293876026188,15365,"Running"
29165,"nio-stream-prod",1419293876041553,80312,"S"
29136,"nio-webserver-r",1419293876046553,16156250,"S"
29165,"nio-stream-prod",1419293876121865,27032,"R"
29165,"nio-stream-prod",1419293876148897,56354,"Running"
29165,"nio-stream-prod",1419293876205251,44271,"S"
29165,"nio-stream-prod",1419293876249522,14166,"R"
29165,"nio-stream-prod",1419293876263688,591302,"Running"
29165,"nio-stream-prod",1419293876854990,45938,"R"
29165,"nio-stream-prod",1419293876900928,3935937,"Running"
29165,"nio-stream-prod",1419293880836865,7032,"R"
29165,"nio-stream-prod",1419293880843897,352812,"Running"
29165,"nio-stream-prod",1419293881196709,64011,"R"
29165,"nio-stream-prod",1419293881260720,507031,"Running"
29165,"nio-stream-prod",1419293881767751,36562,"R"
29165,"nio-stream-prod",1419293881804313,68177,"Running"
29165,"nio-stream-prod",1419293881872490,276355,"R"
29165,"nio-stream-prod",1419293882148845,580312,"Running"
29165,"nio-stream-prod",1419293882729157,39531,"R"
29165,"nio-stream-prod",1419293882768688,1027552,"Running"
29165,"nio-stream-prod",1419293883796240,30313,"R"
29165,"nio-stream-prod",1419293883826553,435417,"Running"
29165,"nio-stream-prod",1419293884261970,52500,"R"
29165,"nio-stream-prod",1419293884314470,51406,"Running"
29165,"nio-stream-prod",1419293884365876,46146,"R"
29165,"nio-stream-prod",1419293884412022,12343,"Running"
29165,"nio-stream-prod",1419293884424365,31823,"R"
29165,"nio-stream-prod",1419293884456188,477865,"Running"
29165,"nio-stream-prod",1419293884934053,16250,"R"
29165,"nio-stream-prod",1419293884950303,7500,"Running"
29165,"nio-stream-prod",1419293884957803,12187,"R"
29165,"nio-stream-prod",1419293884969990,713282,"Running"
29165,"nio-stream-prod",1419293885683272,52448,"R"
29165,"nio-stream-prod",1419293885735720,1795833,"Running"
29165,"nio-stream-prod",1419293887531553,20625,"R"
29165,"nio-stream-prod",1419293887552178,9687,"Running"
29165,"nio-stream-prod",1419293887561865,8386,"R"
29165,"nio-stream-prod",1419293887570251,181146,"Running"
29165,"nio-stream-prod",1419293887751397,16093,"R"
29165,"nio-stream-prod",1419293887767490,881250,"Running"
29165,"nio-stream-prod",1419293888648740,18907,"R"
29165,"nio-stream-prod",1419293888667647,10000,"Running"
29165,"nio-stream-prod",1419293888677647,208437,"R"
29165,"nio-stream-prod",1419293888886084,28125,"Running"
29165,"nio-stream-prod",1419293888914209,15417,"R"
29165,"nio-stream-prod",1419293888929626,159271,"Running"
29165,"nio-stream-prod",1419293889088897,24323,"R"
29165,"nio-stream-prod",1419293889113220,219739,"Running"
29165,"nio-stream-prod",1419293889332959,367031,"R"
29165,"nio-stream-prod",1419293889699990,966407,"Running"
29165,"nio-stream-prod",1419293890666397,10625,"R"
29165,"nio-stream-prod",1419293890677022,294010,"Running"
29165,"nio-stream-prod",1419293890971032,10990,"R"
29165,"nio-stream-prod",1419293890982022,1004843,"Running"
29165,"nio-stream-prod",1419293891986865,5625,"R"
29165,"nio-stream-prod",1419293891992490,263125,"Running"
29136,"nio-webserver-r",1419293892202803,12031,"R"
29136,"nio-webserver-r",1419293892214834,197656,"Running"
29165,"nio-stream-prod",1419293892255615,53438,"S"
29165,"nio-stream-prod",1419293892309053,20625,"R"
29165,"nio-stream-prod",1419293892329678,221510,"Running"
29136,"nio-webserver-r",1419293892412490,28750,"R+"
29136,"nio-webserver-r",1419293892441240,154219,"Running"
29165,"nio-stream-prod",1419293892551188,36407,"S"
29165,"nio-stream-prod",1419293892587595,68489,"Running"
29136,"nio-webserver-r",1419293892595459,16198,"S"
29136,"nio-webserver-r",1419293892611657,15833,"R"
29136,"nio-webserver-r",1419293892627490,248698,"Running"
29165,"nio-stream-prod",1419293892656084,30887917,"S"
29136,"nio-webserver-r",1419293892876188,24474375,"S"
29136,"nio-webserver-r",1419293917350563,80625,"R"
29136,"nio-webserver-r",1419293917431188,110990,"Running"
29136,"nio-webserver-r",1419293917542178,47656,"S"
29136,"nio-webserver-r",1419293917589834,17604,"R"
29136,"nio-webserver-r",1419293917607438,7657,"Running"
29136,"nio-webserver-r",1419293917615095,15989,"S"
29136,"nio-webserver-r",1419293917631084,11406,"R"
29136,"nio-webserver-r",1419293917642490,175313,"Running"
29136,"nio-webserver-r",1419293917817803,509531,"S"
29136,"nio-webserver-r",1419293918327334,25000,"R"
29136,"nio-webserver-r",1419293918352334,351563,"Running"
29284,"NIO-Worker",1419293918666709,21875,"R"
29284,"NIO-Worker",1419293918688584,329167,"Running"
29136,"nio-webserver-r",1419293918703897,4940312,"S"
29284,"NIO-Worker",1419293919017751,89219,"S"
29284,"NIO-Worker",1419293919106970,10989,"R"
29284,"NIO-Worker",1419293919117959,360938,"Running"
29284,"NIO-Worker",1419293919478897,167500,"S"
29284,"NIO-Worker",1419293919646397,17812,"R"
29284,"NIO-Worker",1419293919664209,22917,"Running"
29284,"NIO-Worker",1419293919687126,78646,"R+"
29284,"NIO-Worker",1419293919765772,4687,"Running"
29284,"NIO-Worker",1419293919770459,255625,"S"
29284,"NIO-Worker",1419293920026084,17917,"R"
29284,"NIO-Worker",1419293920044001,207083,"Running"
29284,"NIO-Worker",1419293920251084,234167,"S"
29284,"NIO-Worker",1419293920485251,15625,"R"
29284,"NIO-Worker",1419293920500876,28333,"Running"
29284,"NIO-Worker",1419293920529209,66511,"S"
29284,"NIO-Worker",1419293920595720,13802,"R"
29284,"NIO-Worker",1419293920609522,39010,"Running"
29284,"NIO-Worker",1419293920648532,32500,"S"
29284,"NIO-Worker",1419293920681032,13490,"R"
29284,"NIO-Worker",1419293920694522,1332343,"Running"
29284,"NIO-Worker",1419293922026865,15313,"R"
29284,"NIO-Worker",1419293922042178,17344,"Running"
29284,"NIO-Worker",1419293922059522,40468,"R"
29284,"NIO-Worker",1419293922099990,16355,"Running"
29284,"NIO-Worker",1419293922116345,15937,"R"
29284,"NIO-Worker",1419293922132282,723333,"Running"
29284,"NIO-Worker",1419293922855615,82657,"R"
29284,"NIO-Worker",1419293922938272,455312,"Running"
29284,"NIO-Worker",1419293923393584,33906,"S"
29284,"NIO-Worker",1419293923427490,15782,"R"
29284,"NIO-Worker",1419293923443272,233854,"Running"
29165,"nio-stream-prod",1419293923544001,14739,"R"
29165,"nio-stream-prod",1419293923558740,95938,"Running"
29136,"nio-webserver-r",1419293923644209,11042,"R"
29165,"nio-stream-prod",1419293923654678,244792,"S"
29136,"nio-webserver-r",1419293923655251,186146,"Running"
29284,"NIO-Worker",1419293923677126,408030052,"S"
29136,"nio-webserver-r",1419293923841397,71875,"R+"
29165,"nio-stream-prod",1419293923899470,11927,"R"
29165,"nio-stream-prod",1419293923911397,17343,"Running"
29136,"nio-webserver-r",1419293923913272,48750,"Running"
29165,"nio-stream-prod",1419293923928740,13907,"R+"
29165,"nio-stream-prod",1419293923942647,10156,"Running"
29165,"nio-stream-prod",1419293923952803,32448,"S"
29136,"nio-webserver-r",1419293923962022,21348437,"S"
29165,"nio-stream-prod",1419293923985251,12031,"R"
29165,"nio-stream-prod",1419293923997282,48021,"Running"
29165,"nio-stream-prod",1419293924045303,59375,"S"
29165,"nio-stream-prod",1419293924104678,14167,"R"
29165,"nio-stream-prod",1419293924118845,2858645,"Running"
29165,"nio-stream-prod",1419293926977490,20938,"R"
29165,"nio-stream-prod",1419293926998428,15781,"Running"
29165,"nio-stream-prod",1419293927014209,7604,"R"
29165,"nio-stream-prod",1419293927021813,286563,"Running"
29165,"nio-stream-prod",1419293927308376,14687,"R"
29165,"nio-stream-prod",1419293927323063,947709,"Running"
29165,"nio-stream-prod",1419293928270772,5937,"R"
29165,"nio-stream-prod",1419293928276709,2034479,"Running"
29165,"nio-stream-prod",1419293930311188,24271,"R"
29165,"nio-stream-prod",1419293930335459,14688,"Running"
29165,"nio-stream-prod",1419293930350147,938125,"R"
29165,"nio-stream-prod",1419293931288272,1453906,"Running"
29165,"nio-stream-prod",1419293932742178,342500,"R"
29165,"nio-stream-prod",1419293933084678,572812,"Running"
29165,"nio-stream-prod",1419293933657490,7136,"R"
29165,"nio-stream-prod",1419293933664626,387500,"Running"
29165,"nio-stream-prod",1419293934052126,96458,"R"
29165,"nio-stream-prod",1419293934148584,353594,"Running"
29165,"nio-stream-prod",1419293934502178,34375,"R"
29165,"nio-stream-prod",1419293934536553,5308073,"Running"
29165,"nio-stream-prod",1419293939844626,99896,"R"
29165,"nio-stream-prod",1419293939944522,937031,"Running"
29165,"nio-stream-prod",1419293940881553,10937,"R"
29165,"nio-stream-prod",1419293940892490,1733750,"Running"
29165,"nio-stream-prod",1419293942626240,16563,"R"
29165,"nio-stream-prod",1419293942642803,2733073,"Running"
29136,"nio-webserver-r",1419293945310459,20313,"R"
29136,"nio-webserver-r",1419293945330772,267343,"Running"
29165,"nio-stream-prod",1419293945375876,52083,"S"
29165,"nio-stream-prod",1419293945427959,16094,"R"
29165,"nio-stream-prod",1419293945444053,228906,"Running"
29136,"nio-webserver-r",1419293945598115,17344,"S"
29136,"nio-webserver-r",1419293945615459,12136,"R"
29136,"nio-webserver-r",1419293945627595,78802,"Running"
29165,"nio-stream-prod",1419293945672959,15156,"S"
29165,"nio-stream-prod",1419293945688115,66407,"Running"
29136,"nio-webserver-r",1419293945706397,1666,"S"
29136,"nio-webserver-r",1419293945708063,45625,"R"
29136,"nio-webserver-r",1419293945753688,221407,"Running"
29165,"nio-stream-prod",1419293945754522,29344843,"S"
29136,"nio-webserver-r",1419293945975095,22070989,"S"
29136,"nio-webserver-r",1419293968046084,26875,"R"
29136,"nio-webserver-r",1419293968072959,113125,"Running"
29136,"nio-webserver-r",1419293968186084,64792,"S"
29136,"nio-webserver-r",1419293968250876,35937,"R"
29136,"nio-webserver-r",1419293968286813,14688,"Running"
29136,"nio-webserver-r",1419293968301501,11927,"S"
29136,"nio-webserver-r",1419293968313428,12917,"R"
29136,"nio-webserver-r",1419293968326345,160156,"Running"
29136,"nio-webserver-r",1419293968486501,68489,"S"
29136,"nio-webserver-r",1419293968554990,32032,"R"
29136,"nio-webserver-r",1419293968587022,336093,"Running"
29285,"NIO-Worker",1419293968890147,15260,"R"
29285,"NIO-Worker",1419293968905407,295781,"Running"
29136,"nio-webserver-r",1419293968923115,6265313,"S"
29285,"NIO-Worker",1419293969201188,1649271,"S"
29285,"NIO-Worker",1419293970850459,12500,"R"
29285,"NIO-Worker",1419293970862959,437500,"Running"
29285,"NIO-Worker",1419293971300459,111094,"S"
29285,"NIO-Worker",1419293971411553,15781,"R"
29285,"NIO-Worker",1419293971427334,30104,"Running"
29285,"NIO-Worker",1419293971457438,195625,"S"
29285,"NIO-Worker",1419293971653063,15834,"R"
29285,"NIO-Worker",1419293971668897,184375,"Running"
29285,"NIO-Worker",1419293971853272,229166,"S"
29285,"NIO-Worker",1419293972082438,24115,"R"
29285,"NIO-Worker",1419293972106553,25469,"Running"
29285,"NIO-Worker",1419293972132022,44166,"S"
29285,"NIO-Worker",1419293972176188,15365,"R"
29285,"NIO-Worker",1419293972191553,38594,"Running"
29285,"NIO-Worker",1419293972230147,45781,"S"
29285,"NIO-Worker",1419293972275928,15312,"R"
29285,"NIO-Worker",1419293972291240,564480,"Running"
29285,"NIO-Worker",1419293972855720,11145,"R"
29285,"NIO-Worker",1419293972866865,8282,"Running"
29285,"NIO-Worker",1419293972875147,35781,"R"
29285,"NIO-Worker",1419293972910928,116406,"Running"
29285,"NIO-Worker",1419293973027334,78854,"R+"
29285,"NIO-Worker",1419293973106188,1848594,"Running"
29285,"NIO-Worker",1419293974954782,27240,"S"
29285,"NIO-Worker",1419293974982022,15000,"R"
29285,"NIO-Worker",1419293974997022,226250,"Running"
29165,"nio-stream-prod",1419293975099365,16563,"R"
29165,"nio-stream-prod",1419293975115928,101562,"Running"
29136,"nio-webserver-r",1419293975188428,22656,"R"
29136,"nio-webserver-r",1419293975211084,209636,"Running"
29165,"nio-stream-prod",1419293975217490,228594,"S"
29285,"NIO-Worker",1419293975223272,409685260,"S"
29136,"nio-webserver-r",1419293975420720,27763489,"S"
29165,"nio-stream-prod",1419293975446084,15781,"R"
29165,"nio-stream-prod",1419293975461865,21563,"Running"
29165,"nio-stream-prod",1419293975483428,51979,"S"
29165,"nio-stream-prod",1419293975535407,25938,"R"
29165,"nio-stream-prod",1419293975561345,38020,"Running"
29165,"nio-stream-prod",1419293975599365,58750,"S"
29165,"nio-stream-prod",1419293975658115,30469,"R"
29165,"nio-stream-prod",1419293975688584,5536563,"Running"
29165,"nio-stream-prod",1419293981225147,11250,"R"
29165,"nio-stream-prod",1419293981236397,126093,"Running"
29165,"nio-stream-prod",1419293981362490,168438,"R"
29165,"nio-stream-prod",1419293981530928,277604,"Running"
29165,"nio-stream-prod",1419293981808532,8281,"R"
29165,"nio-stream-prod",1419293981816813,41302,"Running"
29165,"nio-stream-prod",1419293981858115,9636,"R"
29165,"nio-stream-prod",1419293981867751,21771,"Running"
29165,"nio-stream-prod",1419293981889522,10573,"R"
29165,"nio-stream-prod",1419293981900095,31145,"Running"
29165,"nio-stream-prod",1419293981931240,8230,"R"
29165,"nio-stream-prod",1419293981939470,75989,"Running"
29165,"nio-stream-prod",1419293982015459,12813,"R"
29165,"nio-stream-prod",1419293982028272,462968,"Running"
29165,"nio-stream-prod",1419293982491240,34948,"R"
29165,"nio-stream-prod",1419293982526188,316615,"Running"
29165,"nio-stream-prod",1419293982842803,6719,"R"
29165,"nio-stream-prod",1419293982849522,218281,"Running"
29165,"nio-stream-prod",1419293983067803,20000,"R"
29165,"nio-stream-prod",1419293983087803,28281,"Running"
29165,"nio-stream-prod",1419293983116084,13542,"R"
29165,"nio-stream-prod",1419293983129626,2569219,"Running"
29165,"nio-stream-prod",1419293985698845,30937,"R"
29165,"nio-stream-prod",1419293985729782,2933333,"Running"
29165,"nio-stream-prod",1419293988663115,127032,"R"
29165,"nio-stream-prod",1419293988790147,89323,"Running"
29165,"nio-stream-prod",1419293988879470,6562,"R"
29165,"nio-stream-prod",1419293988886032,97083,"Running"
29165,"nio-stream-prod",1419293988983115,9375,"R+"
29165,"nio-stream-prod",1419293988992490,187032,"Running"
29165,"nio-stream-prod",1419293989179522,9062,"R"
29165,"nio-stream-prod",1419293989188584,354531,"Running"
29165,"nio-stream-prod",1419293989543115,201250,"R"
29165,"nio-stream-prod",1419293989744365,1210625,"Running"
29165,"nio-stream-prod",1419293990954990,7136,"R"
29165,"nio-stream-prod",1419293990962126,1902083,"Running"
29165,"nio-stream-prod",1419293992864209,20000,"R"
29165,"nio-stream-prod",1419293992884209,4100938,"Running"
29165,"nio-stream-prod",1419293996985147,16718,"R"
29165,"nio-stream-prod",1419293997001865,8386,"Running"
29165,"nio-stream-prod",1419293997010251,11406,"R"
29165,"nio-stream-prod",1419293997021657,18958,"Running"
29165,"nio-stream-prod",1419293997040615,30000,"R"
29165,"nio-stream-prod",1419293997070615,134532,"Running"
29165,"nio-stream-prod",1419293997205147,7656,"R"
29165,"nio-stream-prod",1419293997212803,145625,"Running"
29165,"nio-stream-prod",1419293997358428,17656,"R"
29165,"nio-stream-prod",1419293997376084,197344,"Running"
29165,"nio-stream-prod",1419293997573428,10729,"R"
29165,"nio-stream-prod",1419293997584157,98802,"Running"
29165,"nio-stream-prod",1419293997682959,8750,"R"
29165,"nio-stream-prod",1419293997691709,51875,"Running"
29165,"nio-stream-prod",1419293997743584,63281,"R"
29165,"nio-stream-prod",1419293997806865,3444375,"Running"
29165,"nio-stream-prod",1419294001251240,37657,"R"
29165,"nio-stream-prod",1419294001288897,1999843,"Running"
29136,"nio-webserver-r",1419294003184209,135156,"R"
29165,"nio-stream-prod",1419294003288740,55625,"R+"
29136,"nio-webserver-r",1419294003319365,429219,"Running"
29165,"nio-stream-prod",1419294003344365,55157,"Running"
29165,"nio-stream-prod",1419294003399522,31121510,"S"
29136,"nio-webserver-r",1419294003748584,13898594,"S"
29136,"nio-webserver-r",1419294017647178,49531,"R"
29136,"nio-webserver-r",1419294017696709,187813,"Running"
29136,"nio-webserver-r",1419294017884522,625,"S"
29136,"nio-webserver-r",1419294017885147,28698,"R"
29136,"nio-webserver-r",1419294017913845,239427,"Running"
29136,"nio-webserver-r",1419294018153272,170625,"S"
29136,"nio-webserver-r",1419294018323897,48750,"R"
29136,"nio-webserver-r",1419294018372647,268073,"Running"
29286,"NIO-Worker",1419294018604678,14844,"R"
29286,"NIO-Worker",1419294018619522,243906,"Running"
29136,"nio-webserver-r",1419294018640720,15991562,"S"
29286,"NIO-Worker",1419294018863428,10803750,"S"
29286,"NIO-Worker",1419294029667178,19479,"R"
29286,"NIO-Worker",1419294029686657,201771,"Running"
29286,"NIO-Worker",1419294029888428,42031,"S"
29286,"NIO-Worker",1419294029930459,13125,"R"
29286,"NIO-Worker",1419294029943584,51719,"Running"
29286,"NIO-Worker",1419294029995303,15781,"S"
29286,"NIO-Worker",1419294030011084,244844,"Running"
29286,"NIO-Worker",1419294030255928,170156,"S"
29286,"NIO-Worker",1419294030426084,91250,"R"
29286,"NIO-Worker",1419294030517334,102448,"Running"
29286,"NIO-Worker",1419294030619782,176458,"R+"
29286,"NIO-Worker",1419294030796240,9375,"Running"
29286,"NIO-Worker",1419294030805615,216719,"S"
29286,"NIO-Worker",1419294031022334,97448,"R"
29286,"NIO-Worker",1419294031119782,231927,"Running"
29286,"NIO-Worker",1419294031351709,342136,"S"
29286,"NIO-Worker",1419294031693845,20781,"R"
29286,"NIO-Worker",1419294031714626,19687,"Running"
29286,"NIO-Worker",1419294031734313,61615,"S"
29286,"NIO-Worker",1419294031795928,17812,"R"
29286,"NIO-Worker",1419294031813740,36198,"Running"
29286,"NIO-Worker",1419294031849938,41459,"S"
29286,"NIO-Worker",1419294031891397,27500,"R"
29286,"NIO-Worker",1419294031918897,2467187,"Running"
29286,"NIO-Worker",1419294034386084,15781,"R+"
29286,"NIO-Worker",1419294034401865,6094,"Running"
29286,"NIO-Worker",1419294034407959,16354,"S"
29286,"NIO-Worker",1419294034424313,247344,"Running"
29165,"nio-stream-prod",1419294034521032,25677,"R"
29165,"nio-stream-prod",1419294034546709,96719,"Running"
29136,"nio-webserver-r",1419294034632282,16302,"R"
29165,"nio-stream-prod",1419294034643428,181979,"S"
29136,"nio-webserver-r",1419294034648584,241667,"Running"
29286,"NIO-Worker",1419294034671657,401741250,"S"
29165,"nio-stream-prod",1419294034825407,14375,"R"
29165,"nio-stream-prod",1419294034839782,35677,"Running"
29165,"nio-stream-prod",1419294034875459,55156,"S"
29136,"nio-webserver-r",1419294034890251,13541771,"S"
29165,"nio-stream-prod",1419294034930615,16094,"R"
29165,"nio-stream-prod",1419294034946709,40156,"Running"
29165,"nio-stream-prod",1419294034986865,66875,"R+"
29165,"nio-stream-prod",1419294035053740,4318907,"Running"
29165,"nio-stream-prod",1419294039372647,79010,"R+"
29165,"nio-stream-prod",1419294039451657,16771,"Running"
29165,"nio-stream-prod",1419294039468428,14375,"R+"
29165,"nio-stream-prod",1419294039482803,1351406,"Running"
29165,"nio-stream-prod",1419294040834209,47969,"R+"
29165,"nio-stream-prod",1419294040882178,8125,"Running"
29165,"nio-stream-prod",1419294040890303,15104,"R"
29165,"nio-stream-prod",1419294040905407,6074844,"Running"
29165,"nio-stream-prod",1419294046980251,30521,"R"
29165,"nio-stream-prod",1419294047010772,21354,"Running"
29165,"nio-stream-prod",1419294047032126,41927,"R"
29165,"nio-stream-prod",1419294047074053,82969,"Running"
29165,"nio-stream-prod",1419294047157022,5781,"R"
29165,"nio-stream-prod",1419294047162803,24791,"Running"
29165,"nio-stream-prod",1419294047187594,10521,"R"
29165,"nio-stream-prod",1419294047198115,470782,"Running"
29165,"nio-stream-prod",1419294047668897,125468,"R"
29165,"nio-stream-prod",1419294047794365,688750,"Running"
29136,"nio-webserver-r",1419294048432022,56041,"R"
29165,"nio-stream-prod",1419294048483115,34167,"S"
29136,"nio-webserver-r",1419294048488063,200521,"Running"
29165,"nio-stream-prod",1419294048517282,39583,"R"
29165,"nio-stream-prod",1419294048556865,303698,"Running"
29136,"nio-webserver-r",1419294048688584,24219,"R+"
29136,"nio-webserver-r",1419294048712803,135469,"Running"
29136,"nio-webserver-r",1419294048848272,15416,"R"
29165,"nio-stream-prod",1419294048860563,28824740,"S"
29136,"nio-webserver-r",1419294048863688,15156,"Running"
29136,"nio-webserver-r",1419294048878844,32344,"R"
29136,"nio-webserver-r",1419294048911188,89375,"Running"
29136,"nio-webserver-r",1419294049000563,220834,"R+"
29136,"nio-webserver-r",1419294049221397,128385,"Running"
29136,"nio-webserver-r",1419294049349782,22374062,"S"
29136,"nio-webserver-r",1419294071723844,12553,"R"
29136,"nio-webserver-r",1419294071736397,95312,"Running"
29136,"nio-webserver-r",1419294071831709,557188,"S"
29136,"nio-webserver-r",1419294072388897,26718,"R"
29136,"nio-webserver-r",1419294072415615,11198,"Running"
29136,"nio-webserver-r",1419294072426813,5365,"S"
29136,"nio-webserver-r",1419294072432178,45729,"R"
29136,"nio-webserver-r",1419294072477907,14844,"Running"
29136,"nio-webserver-r",1419294072492751,23177,"R+"
29136,"nio-webserver-r",1419294072515928,115416,"Running"
29136,"nio-webserver-r",1419294072631344,73490,"R"
29136,"nio-webserver-r",1419294072704834,60938,"Running"
29136,"nio-webserver-r",1419294072765772,29218,"S"
29136,"nio-webserver-r",1419294072794990,41875,"R"
29136,"nio-webserver-r",1419294072836865,54063,"Running"
29136,"nio-webserver-r",1419294072890928,28906,"R"
29136,"nio-webserver-r",1419294072919834,261198,"Running"
29138,"NIO-Worker",1419294073152803,11979,"R"
29138,"NIO-Worker",1419294073164782,276719,"Running"
29136,"nio-webserver-r",1419294073181032,4605208,"S"
29138,"NIO-Worker",1419294073441501,287968,"S"
29138,"NIO-Worker",1419294073729469,13803,"R"
29138,"NIO-Worker",1419294073743272,178541,"Running"
29138,"NIO-Worker",1419294073921813,23646,"S"
29138,"NIO-Worker",1419294073945459,255573,"Running"
29138,"NIO-Worker",1419294074201032,99687,"S"
29138,"NIO-Worker",1419294074300719,26459,"R"
29138,"NIO-Worker",1419294074327178,23437,"Running"
29138,"NIO-Worker",1419294074350615,164948,"S"
29138,"NIO-Worker",1419294074515563,15990,"R"
29138,"NIO-Worker",1419294074531553,175000,"Running"
29138,"NIO-Worker",1419294074706553,223437,"S"
29138,"NIO-Worker",1419294074929990,29219,"R"
29138,"NIO-Worker",1419294074959209,11875,"Running"
29138,"NIO-Worker",1419294074971084,32813,"S"
29138,"NIO-Worker",1419294075003897,18593,"R"
29138,"NIO-Worker",1419294075022490,37813,"Running"
29138,"NIO-Worker",1419294075060303,41719,"S"
29138,"NIO-Worker",1419294075102022,14791,"R"
29138,"NIO-Worker",1419294075116813,2458646,"Running"
29138,"NIO-Worker",1419294077575459,35625,"R+"
29138,"NIO-Worker",1419294077611084,207500,"Running"
29165,"nio-stream-prod",1419294077685303,31719,"R"
29165,"nio-stream-prod",1419294077717022,100729,"Running"
29136,"nio-webserver-r",1419294077786240,15782,"R"
29136,"nio-webserver-r",1419294077802022,202187,"Running"
29165,"nio-stream-prod",1419294077817751,242708,"S"
29138,"NIO-Worker",1419294077818584,411470000,"S"
29136,"nio-webserver-r",1419294078004209,11177344,"S"
29165,"nio-stream-prod",1419294078060459,13906,"R"
29165,"nio-stream-prod",1419294078074365,19219,"Running"
29165,"nio-stream-prod",1419294078093584,25313,"R+"
29165,"nio-stream-prod",1419294078118897,8281,"Running"
29165,"nio-stream-prod",1419294078127178,26979,"S"
29165,"nio-stream-prod",1419294078154157,111927,"R"
29165,"nio-stream-prod",1419294078266084,62500,"Running"
29165,"nio-stream-prod",1419294078328584,20313,"R+"
29165,"nio-stream-prod",1419294078348897,13125,"Running"
29165,"nio-stream-prod",1419294078362022,31354,"S"
29165,"nio-stream-prod",1419294078393376,19427,"R"
29165,"nio-stream-prod",1419294078412803,2357812,"Running"
29165,"nio-stream-prod",1419294080770615,10417,"R"
29165,"nio-stream-prod",1419294080781032,50052,"Running"
29165,"nio-stream-prod",1419294080831084,44635,"R"
29165,"nio-stream-prod",1419294080875719,144428,"Running"
29165,"nio-stream-prod",1419294081020147,5260,"R"
29165,"nio-stream-prod",1419294081025407,78594,"Running"
29165,"nio-stream-prod",1419294081104001,193177,"R"
29165,"nio-stream-prod",1419294081297178,604687,"Running"
29165,"nio-stream-prod",1419294081901865,27344,"R"
29165,"nio-stream-prod",1419294081929209,18385,"Running"
29165,"nio-stream-prod",1419294081947594,24428,"R"
29165,"nio-stream-prod",1419294081972022,171822,"Running"
29165,"nio-stream-prod",1419294082143844,44271,"R"
29165,"nio-stream-prod",1419294082188115,444948,"Running"
29165,"nio-stream-prod",1419294082633063,7500,"R"
29165,"nio-stream-prod",1419294082640563,37240,"Running"
29165,"nio-stream-prod",1419294082677803,12604,"R"
29165,"nio-stream-prod",1419294082690407,558958,"Running"
29165,"nio-stream-prod",1419294083249365,25313,"R"
29165,"nio-stream-prod",1419294083274678,5358073,"Running"
29165,"nio-stream-prod",1419294088632751,25521,"R"
29165,"nio-stream-prod",1419294088658272,9375,"Running"
29165,"nio-stream-prod",1419294088667647,32656,"R"
29165,"nio-stream-prod",1419294088700303,11094,"Running"
29165,"nio-stream-prod",1419294088711397,34843,"R"
29165,"nio-stream-prod",1419294088746240,144479,"Running"
29165,"nio-stream-prod",1419294088890719,9271,"R"
29165,"nio-stream-prod",1419294088899990,348282,"Running"
29136,"nio-webserver-r",1419294089181553,175729,"R"
29165,"nio-stream-prod",1419294089248272,35156,"R+"
29165,"nio-stream-prod",1419294089283428,32448,"Running"
29165,"nio-stream-prod",1419294089315876,228333,"S"
29136,"nio-webserver-r",1419294089357282,45833,"Running"
29136,"nio-webserver-r",1419294089403115,220938,"R"
29165,"nio-stream-prod",1419294089544209,47604,"R"
29165,"nio-stream-prod",1419294089591813,276927,"Running"
29136,"nio-webserver-r",1419294089624053,153281,"Running"
29136,"nio-webserver-r",1419294089777334,25781,"R+"
29136,"nio-webserver-r",1419294089803115,137813,"Running"
29165,"nio-stream-prod",1419294089868740,33282,"S"
29165,"nio-stream-prod",1419294089902022,123281,"R"
29136,"nio-webserver-r",1419294089940928,112812,"S"
29165,"nio-stream-prod",1419294090025303,81562,"Running"
29136,"nio-webserver-r",1419294090053740,32032,"R"
29136,"nio-webserver-r",1419294090085772,216250,"Running"
29165,"nio-stream-prod",1419294090106865,47005625,"S"
29136,"nio-webserver-r",1419294090302022,33095312,"S"
29136,"nio-webserver-r",1419294123397334,52656,"R"
29136,"nio-webserver-r",1419294123449990,136563,"Running"
29136,"nio-webserver-r",1419294123586553,99166,"S"
29136,"nio-webserver-r",1419294123685719,49428,"R"
29136,"nio-webserver-r",1419294123735147,6666,"Running"
29136,"nio-webserver-r",1419294123741813,2656,"S"
29136,"nio-webserver-r",1419294123744469,30678,"R"
29136,"nio-webserver-r",1419294123775147,154375,"Running"
29136,"nio-webserver-r",1419294123929522,26406,"R"
29136,"nio-webserver-r",1419294123955928,80469,"Running"
29136,"nio-webserver-r",1419294124036397,492031,"S"
29136,"nio-webserver-r",1419294124528428,72187,"R"
29136,"nio-webserver-r",1419294124600615,309479,"Running"
29136,"nio-webserver-r",1419294124910094,8803,"R"
29136,"nio-webserver-r",1419294124918897,8229,"Running"
29136,"nio-webserver-r",1419294124927126,7083,"R"
29136,"nio-webserver-r",1419294124934209,54063,"Running"
29252,"NIO-Worker",1419294124955563,16875,"R"
29252,"NIO-Worker",1419294124972438,272969,"Running"
29136,"nio-webserver-r",1419294124988272,12225156,"S"
29252,"NIO-Worker",1419294125245407,7598802,"S"
29252,"NIO-Worker",1419294132844209,30260,"R"
29252,"NIO-Worker",1419294132874469,180521,"Running"
29252,"NIO-Worker",1419294133054990,12761,"S"
29252,"NIO-Worker",1419294133067751,27708,"Running"
29252,"NIO-Worker",1419294133095459,20000,"S"
29252,"NIO-Worker",1419294133115459,14635,"R"
29252,"NIO-Worker",1419294133130094,41303,"Running"
29252,"NIO-Worker",1419294133171397,18593,"S"
29252,"NIO-Worker",1419294133189990,196719,"Running"
29252,"NIO-Worker",1419294133386709,9063,"R+"
29252,"NIO-Worker",1419294133395772,9010,"Running"
29252,"NIO-Worker",1419294133404782,132708,"S"
29252,"NIO-Worker",1419294133537490,14323,"R"
29252,"NIO-Worker",1419294133551813,35677,"Running"
29252,"NIO-Worker",1419294133587490,196823,"S"
29252,"NIO-Worker",1419294133784313,13959,"R"
29252,"NIO-Worker",1419294133798272,183593,"Running"
29252,"NIO-Worker",1419294133981865,254011,"S"
29252,"NIO-Worker",1419294134235876,18437,"R"
29252,"NIO-Worker",1419294134254313,34427,"Running"
29252,"NIO-Worker",1419294134288740,59844,"S"
29252,"NIO-Worker",1419294134348584,14844,"R"
29252,"NIO-Worker",1419294134363428,37916,"Running"
29252,"NIO-Worker",1419294134401344,45678,"S"
29252,"NIO-Worker",1419294134447022,17656,"R"
29252,"NIO-Worker",1419294134464678,2523594,"Running"
29252,"NIO-Worker",1419294136988272,20625,"S"
29252,"NIO-Worker",1419294137008897,15000,"R"
29252,"NIO-Worker",1419294137023897,223437,"Running"
29165,"nio-stream-prod",1419294137112490,27813,"R"
29165,"nio-stream-prod",1419294137140303,105885,"Running"
29136,"nio-webserver-r",1419294137213428,16562,"R"
29136,"nio-webserver-r",1419294137229990,244167,"Running"
29165,"nio-stream-prod",1419294137246188,186302,"S"
29252,"NIO-Worker",1419294137247334,403542135,"S"
29165,"nio-stream-prod",1419294137432490,13907,"R"
29165,"nio-stream-prod",1419294137446397,18697,"Running"
29165,"nio-stream-prod",1419294137465094,9063,"R+"
29136,"nio-webserver-r",1419294137474157,8907240,"S"
29165,"nio-stream-prod",1419294137474157,5052,"Running"
29165,"nio-stream-prod",1419294137479209,27031,"S"
29165,"nio-stream-prod",1419294137506240,23229,"R"
29165,"nio-stream-prod",1419294137529469,76928,"Running"
29165,"nio-stream-prod",1419294137606397,64479,"S"
29165,"nio-stream-prod",1419294137670876,14843,"R"
29165,"nio-stream-prod",1419294137685719,1169115,"Running"
29165,"nio-stream-prod",1419294138854834,11094,"R"
29165,"nio-stream-prod",1419294138865928,205416,"Running"
29165,"nio-stream-prod",1419294139071344,15000,"R"
29165,"nio-stream-prod",1419294139086344,360053,"Running"
29165,"nio-stream-prod",1419294139446397,27656,"R"
29165,"nio-stream-prod",1419294139474053,17291,"Running"
29165,"nio-stream-prod",1419294139491344,10365,"R"
29165,"nio-stream-prod",1419294139501709,198594,"Running"
29165,"nio-stream-prod",1419294139700303,48854,"R"
29165,"nio-stream-prod",1419294139749157,1140677,"Running"
29165,"nio-stream-prod",1419294140889834,27292,"R+"
29165,"nio-stream-prod",1419294140917126,5520052,"Running"
29136,"nio-webserver-r",1419294146381397,14687,"R"
29136,"nio-webserver-r",1419294146396084,194531,"Running"
29165,"nio-stream-prod",1419294146437178,7969,"R+"
29165,"nio-stream-prod",1419294146445147,4531,"Running"
29165,"nio-stream-prod",1419294146449678,21041,"S"
29165,"nio-stream-prod",1419294146470719,35625,"R"
29165,"nio-stream-prod",1419294146506344,128594,"Running"
29136,"nio-webserver-r",1419294146590615,21094,"S"
29136,"nio-webserver-r",1419294146611709,180156,"Running"
29165,"nio-stream-prod",1419294146634938,41802969,"S"
29136,"nio-webserver-r",1419294146791865,30336875,"S"
29136,"nio-webserver-r",1419294177128740,37969,"R"
29136,"nio-webserver-r",1419294177166709,166875,"Running"
29136,"nio-webserver-r",1419294177333584,15729,"S"
29136,"nio-webserver-r",1419294177349313,35625,"R"
29136,"nio-webserver-r",1419294177384938,3802,"Running"
29136,"nio-webserver-r",1419294177388740,65938,"S"
29136,"nio-webserver-r",1419294177454678,106875,"R"
29136,"nio-webserver-r",1419294177561553,122448,"Running"
29136,"nio-webserver-r",1419294177684001,1180000,"S"
29136,"nio-webserver-r",1419294178864001,64114,"R"
29136,"nio-webserver-r",1419294178928115,245000,"Running"
29267,"NIO-Worker",1419294179143428,18281,"R"
29267,"NIO-Worker",1419294179161709,405469,"Running"
29136,"nio-webserver-r",1419294179173115,9525417,"S"
29267,"NIO-Worker",1419294179567178,22604,"S"
29267,"NIO-Worker",1419294179589782,55000,"R"
29267,"NIO-Worker",1419294179644782,168958,"Running"
29267,"NIO-Worker",1419294179813740,91042,"R"
29267,"NIO-Worker",1419294179904782,39427,"Running"
29267,"NIO-Worker",1419294179944209,6875,"S"
29267,"NIO-Worker",1419294179951084,206354,"R"
29267,"NIO-Worker",1419294180157438,131459,"Running"
29267,"NIO-Worker",1419294180288897,122812,"R"
29267,"NIO-Worker",1419294180411709,337448,"Running"
29267,"NIO-Worker",1419294180749157,680833,"S"
29267,"NIO-Worker",1419294181429990,936250,"R"
29267,"NIO-Worker",1419294182366240,66875,"Running"
29267,"NIO-Worker",1419294182433115,690625,"R+"
29267,"NIO-Worker",1419294183123740,26719,"Running"
29267,"NIO-Worker",1419294183150459,784010,"S"
29267,"NIO-Worker",1419294183934469,1061407,"R"
29267,"NIO-Worker",1419294184995876,245000,"Running"
29267,"NIO-Worker",1419294185240876,436146,"S"
29267,"NIO-Worker",1419294185677022,508437,"R"
29267,"NIO-Worker",1419294186185459,39063,"Running"
29267,"NIO-Worker",1419294186224522,96822,"R+"
29267,"NIO-Worker",1419294186321344,21146,"Running"
29267,"NIO-Worker",1419294186342490,27292,"S"
29267,"NIO-Worker",1419294186369782,77708,"Running"
29267,"NIO-Worker",1419294186447490,73750,"R+"
29267,"NIO-Worker",1419294186521240,1718282,"Running"
29267,"NIO-Worker",1419294188239522,23697,"S"
29267,"NIO-Worker",1419294188263219,26146,"R"
29267,"NIO-Worker",1419294188289365,262344,"Running"
29165,"nio-stream-prod",1419294188437907,14375,"R"
29165,"nio-stream-prod",1419294188452282,174583,"Running"
29267,"NIO-Worker",1419294188551709,19688,"R+"
29267,"NIO-Worker",1419294188571397,52343,"Running"
29267,"NIO-Worker",1419294188623740,48386,"R+"
29165,"nio-stream-prod",1419294188626865,607032,"R+"
29267,"NIO-Worker",1419294188672126,42864,"Running"
29136,"nio-webserver-r",1419294188698532,526615,"R"
29267,"NIO-Worker",1419294188714990,455573,"R+"
29267,"NIO-Worker",1419294189170563,54584,"Running"
29136,"nio-webserver-r",1419294189225147,92968,"Running"
29267,"NIO-Worker",1419294189225147,403770937,"S"
29165,"nio-stream-prod",1419294189233897,14531,"Running"
29165,"nio-stream-prod",1419294189248428,55312,"R+"
29165,"nio-stream-prod",1419294189303740,45157,"Running"
29136,"nio-webserver-r",1419294189318115,76407,"R"
29165,"nio-stream-prod",1419294189348897,38125,"R+"
29165,"nio-stream-prod",1419294189387022,426250,"Running"
29136,"nio-webserver-r",1419294189394522,189375,"Running"
29136,"nio-webserver-r",1419294189583897,558125,"R+"
29165,"nio-stream-prod",1419294189813272,76041,"R"
29165,"nio-stream-prod",1419294189889313,1033750,"Running"
29136,"nio-webserver-r",1419294190142022,93281,"Running"
29136,"nio-webserver-r",1419294190235303,14883750,"S"
29165,"nio-stream-prod",1419294190923063,8334,"R"
29165,"nio-stream-prod",1419294190931397,1903281,"Running"
29165,"nio-stream-prod",1419294192834678,24635,"R"
29165,"nio-stream-prod",1419294192859313,903646,"Running"
29165,"nio-stream-prod",1419294193762959,136354,"R"
29165,"nio-stream-prod",1419294193899313,159740,"Running"
29165,"nio-stream-prod",1419294194059053,17969,"R"
29165,"nio-stream-prod",1419294194077022,38750,"Running"
29165,"nio-stream-prod",1419294194115772,16406,"R"
29165,"nio-stream-prod",1419294194132178,9375,"Running"
29165,"nio-stream-prod",1419294194141553,62656,"R"
29165,"nio-stream-prod",1419294194204209,526094,"Running"
29165,"nio-stream-prod",1419294194730303,172500,"R"
29165,"nio-stream-prod",1419294194902803,1317031,"Running"
29165,"nio-stream-prod",1419294196219834,45885,"R"
29165,"nio-stream-prod",1419294196265719,574896,"Running"
29165,"nio-stream-prod",1419294196840615,8073,"R"
29165,"nio-stream-prod",1419294196848688,6927,"Running"
29165,"nio-stream-prod",1419294196855615,5469,"R"
29165,"nio-stream-prod",1419294196861084,269323,"Running"
29165,"nio-stream-prod",1419294197130407,150833,"R"
29165,"nio-stream-prod",1419294197281240,210469,"Running"
29165,"nio-stream-prod",1419294197491709,10104,"R"
29165,"nio-stream-prod",1419294197501813,222084,"Running"
29165,"nio-stream-prod",1419294197723897,19947,"R"
29165,"nio-stream-prod",1419294197743844,220053,"Running"
29165,"nio-stream-prod",1419294197963897,241979,"R"
29165,"nio-stream-prod",1419294198205876,5818437,"Running"
29165,"nio-stream-prod",1419294204024313,18594,"R"
29165,"nio-stream-prod",1419294204042907,1129062,"Running"
29136,"nio-webserver-r",1419294205119053,19844,"R"
29136,"nio-webserver-r",1419294205138897,486250,"Running"
29165,"nio-stream-prod",1419294205171969,35053,"S"
29165,"nio-stream-prod",1419294205207022,7187,"R"
29165,"nio-stream-prod",1419294205214209,26563,"Running"
29165,"nio-stream-prod",1419294205240772,42135,"R"
29165,"nio-stream-prod",1419294205282907,120833,"Running"
29165,"nio-stream-prod",1419294205403740,40314479,"S"
29136,"nio-webserver-r",1419294205625147,22336718,"S"
29136,"nio-webserver-r",1419294227961865,44219,"R"
29136,"nio-webserver-r",1419294228006084,211094,"Running"
29136,"nio-webserver-r",1419294228217178,29687,"R+"
29136,"nio-webserver-r",1419294228246865,18282,"Running"
29136,"nio-webserver-r",1419294228265147,7031,"S"
29136,"nio-webserver-r",1419294228272178,79375,"R"
29136,"nio-webserver-r",1419294228351553,196562,"Running"
29136,"nio-webserver-r",1419294228548115,157188,"S"
29136,"nio-webserver-r",1419294228705303,57969,"R"
29136,"nio-webserver-r",1419294228763272,369791,"Running"
29277,"NIO-Worker",1419294229089209,19375,"R"
29277,"NIO-Worker",1419294229108584,248281,"Running"
29136,"nio-webserver-r",1419294229133063,16701406,"S"
29277,"NIO-Worker",1419294229356865,10526719,"S"
29277,"NIO-Worker",1419294239883584,30417,"R"
29277,"NIO-Worker",1419294239914001,245937,"Running"
29277,"NIO-Worker",1419294240159938,49063,"S"
29277,"NIO-Worker",1419294240209001,15677,"R"
29277,"NIO-Worker",1419294240224678,413281,"Running"
29277,"NIO-Worker",1419294240637959,155417,"S"
29277,"NIO-Worker",1419294240793376,10833,"R"
29277,"NIO-Worker",1419294240804209,52344,"Running"
29277,"NIO-Worker",1419294240856553,7135,"R+"
29277,"NIO-Worker",1419294240863688,3646,"Running"
29277,"NIO-Worker",1419294240867334,305104,"S"
29277,"NIO-Worker",1419294241172438,31302,"R"
29277,"NIO-Worker",1419294241203740,264479,"Running"
29277,"NIO-Worker",1419294241468219,568490,"S"
29277,"NIO-Worker",1419294242036709,12135,"R"
29277,"NIO-Worker",1419294242048844,41771,"Running"
29277,"NIO-Worker",1419294242090615,28438,"R+"
29277,"NIO-Worker",1419294242119053,4531,"Running"
29277,"NIO-Worker",1419294242123584,363281,"S"
29277,"NIO-Worker",1419294242486865,12032,"R"
29277,"NIO-Worker",1419294242498897,74947,"Running"
29277,"NIO-Worker",1419294242573844,75834,"S"
29277,"NIO-Worker",1419294242649678,32500,"R"
29277,"NIO-Worker",1419294242682178,70156,"Running"
29277,"NIO-Worker",1419294242752334,18750,"R+"
29277,"NIO-Worker",1419294242771084,1349063,"Running"
29277,"NIO-Worker",1419294244120147,57812,"R"
29277,"NIO-Worker",1419294244177959,759219,"Running"
29277,"NIO-Worker",1419294244937178,7969,"R+"
29277,"NIO-Worker",1419294244945147,646718,"Running"
29277,"NIO-Worker",1419294245591865,34636,"R+"
29277,"NIO-Worker",1419294245626501,251146,"Running"
29165,"nio-stream-prod",1419294245718219,45938,"R"
29165,"nio-stream-prod",1419294245764157,135781,"Running"
29136,"nio-webserver-r",1419294245834469,37032,"R"
29136,"nio-webserver-r",1419294245871501,260677,"Running"
29277,"NIO-Worker",1419294245877647,404920781,"S"
29165,"nio-stream-prod",1419294245899938,242552,"S"
29136,"nio-webserver-r",1419294246132178,19209531,"S"
29165,"nio-stream-prod",1419294246142490,15625,"R"
29165,"nio-stream-prod",1419294246158115,24844,"Running"
29165,"nio-stream-prod",1419294246182959,9844,"R+"
29165,"nio-stream-prod",1419294246192803,9010,"Running"
29165,"nio-stream-prod",1419294246201813,7813,"S"
29165,"nio-stream-prod",1419294246209626,63802,"R"
29165,"nio-stream-prod",1419294246273428,55000,"Running"
29165,"nio-stream-prod",1419294246328428,74531,"S"
29165,"nio-stream-prod",1419294246402959,16667,"R"
29165,"nio-stream-prod",1419294246419626,345364,"Running"
29165,"nio-stream-prod",1419294246764990,23438,"R"
29165,"nio-stream-prod",1419294246788428,913281,"Running"
29165,"nio-stream-prod",1419294247701709,44219,"R"
29165,"nio-stream-prod",1419294247745928,1610781,"Running"
29165,"nio-stream-prod",1419294249356709,49531,"R"
29165,"nio-stream-prod",1419294249406240,7140782,"Running"
29165,"nio-stream-prod",1419294256547022,146666,"R"
29165,"nio-stream-prod",1419294256693688,219115,"Running"
29165,"nio-stream-prod",1419294256912803,52031,"R"
29165,"nio-stream-prod",1419294256964834,564167,"Running"
29165,"nio-stream-prod",1419294257529001,15312,"R"
29165,"nio-stream-prod",1419294257544313,2833490,"Running"
29165,"nio-stream-prod",1419294260377803,36250,"R"
29165,"nio-stream-prod",1419294260414053,609062,"Running"
29165,"nio-stream-prod",1419294261023115,23125,"R"
29165,"nio-stream-prod",1419294261046240,4372917,"Running"
29136,"nio-webserver-r",1419294265341709,55417,"R"
29136,"nio-webserver-r",1419294265397126,197864,"Running"
29165,"nio-stream-prod",1419294265419157,23437,"S"
29165,"nio-stream-prod",1419294265442594,39063,"R"
29165,"nio-stream-prod",1419294265481657,239271,"Running"
29136,"nio-webserver-r",1419294265594990,13542,"R+"
29136,"nio-webserver-r",1419294265608532,238021,"Running"
29165,"nio-stream-prod",1419294265720928,61666,"S"
29165,"nio-stream-prod",1419294265782594,122552,"R"
29136,"nio-webserver-r",1419294265846553,119010,"S"
29165,"nio-stream-prod",1419294265905146,9688,"Running"
29165,"nio-stream-prod",1419294265914834,19687,"R+"
29165,"nio-stream-prod",1419294265934521,97500,"Running"
29136,"nio-webserver-r",1419294265965563,66146,"R"
29136,"nio-webserver-r",1419294266031709,242187,"Running"
29165,"nio-stream-prod",1419294266032021,25960157,"S"
29136,"nio-webserver-r",1419294266273896,13449844,"S"
29136,"nio-webserver-r",1419294279723740,29063,"R"
29136,"nio-webserver-r",1419294279752803,137448,"Running"
29136,"nio-webserver-r",1419294279890251,9895,"S"
29136,"nio-webserver-r",1419294279900146,49532,"R"
29136,"nio-webserver-r",1419294279949678,12604,"Running"
29136,"nio-webserver-r",1419294279962282,29583,"S"
29136,"nio-webserver-r",1419294279991865,18281,"R"
29136,"nio-webserver-r",1419294280010146,58282,"Running"
29136,"nio-webserver-r",1419294280068428,32187,"R"
29136,"nio-webserver-r",1419294280100615,119688,"Running"
29136,"nio-webserver-r",1419294280220303,711198,"S"
29136,"nio-webserver-r",1419294280931501,70156,"R"
29136,"nio-webserver-r",1419294281001657,352396,"Running"
29279,"NIO-Worker",1419294281311501,21927,"R"
29279,"NIO-Worker",1419294281333428,194062,"Running"
29136,"nio-webserver-r",1419294281354053,10828698,"S"
29279,"NIO-Worker",1419294281527490,85781,"R"
29279,"NIO-Worker",1419294281613271,264688,"Running"
29279,"NIO-Worker",1419294281877959,5109635,"S"
29279,"NIO-Worker",1419294286987594,16459,"R"
29279,"NIO-Worker",1419294287004053,474843,"Running"
29279,"NIO-Worker",1419294287478896,124063,"S"
29279,"NIO-Worker",1419294287602959,25260,"R"
29279,"NIO-Worker",1419294287628219,62240,"Running"
29279,"NIO-Worker",1419294287690459,188125,"R+"
29279,"NIO-Worker",1419294287878584,202448,"Running"
29279,"NIO-Worker",1419294288081032,212864,"S"
29279,"NIO-Worker",1419294288293896,12657,"R"
29279,"NIO-Worker",1419294288306553,11406,"Running"
29279,"NIO-Worker",1419294288317959,55312,"R+"
29279,"NIO-Worker",1419294288373271,59323,"Running"
29279,"NIO-Worker",1419294288432594,63125,"S"
29279,"NIO-Worker",1419294288495719,24219,"R"
29279,"NIO-Worker",1419294288519938,62865,"Running"
29279,"NIO-Worker",1419294288582803,125156,"R+"
29279,"NIO-Worker",1419294288707959,8594,"Running"
29279,"NIO-Worker",1419294288716553,204166,"R+"
29279,"NIO-Worker",1419294288920719,48490,"Running"
29279,"NIO-Worker",1419294288969209,10729,"R"
29279,"NIO-Worker",1419294288979938,308281,"Running"
29279,"NIO-Worker",1419294289288219,12865,"R"
29279,"NIO-Worker",1419294289301084,145781,"Running"
29279,"NIO-Worker",1419294289446865,243854,"R+"
29279,"NIO-Worker",1419294289690719,13750,"Running"
29279,"NIO-Worker",1419294289704469,24584,"R"
29279,"NIO-Worker",1419294289729053,33854,"Running"
29279,"NIO-Worker",1419294289762907,85781,"R"
29279,"NIO-Worker",1419294289848688,1981719,"Running"
29279,"NIO-Worker",1419294291830407,49531,"R+"
29279,"NIO-Worker",1419294291879938,355625,"Running"
29165,"nio-stream-prod",1419294291992178,11250,"R"
29165,"nio-stream-prod",1419294292003428,116198,"Running"
29165,"nio-stream-prod",1419294292119626,356302,"S"
29136,"nio-webserver-r",1419294292182751,24531,"R"
29136,"nio-webserver-r",1419294292207282,370989,"Running"
29279,"NIO-Worker",1419294292235563,410858750,"S"
29165,"nio-stream-prod",1419294292475928,12656,"R"
29165,"nio-stream-prod",1419294292488584,28750,"Running"
29165,"nio-stream-prod",1419294292517334,52656,"S"
29165,"nio-stream-prod",1419294292569990,14479,"R"
29136,"nio-webserver-r",1419294292578271,29448230,"S"
29165,"nio-stream-prod",1419294292584469,47344,"Running"
29165,"nio-stream-prod",1419294292631813,54583,"S"
29165,"nio-stream-prod",1419294292686396,13594,"R"
29165,"nio-stream-prod",1419294292699990,233906,"Running"
29165,"nio-stream-prod",1419294292933896,9219,"R"
29165,"nio-stream-prod",1419294292943115,4738281,"Running"
29165,"nio-stream-prod",1419294297681396,30157,"R"
29165,"nio-stream-prod",1419294297711553,62291,"Running"
29165,"nio-stream-prod",1419294297773844,72813,"R"
29165,"nio-stream-prod",1419294297846657,7470521,"Running"
29165,"nio-stream-prod",1419294305317178,102187,"R"
29165,"nio-stream-prod",1419294305419365,865781,"Running"
29165,"nio-stream-prod",1419294306285146,117969,"R"
29165,"nio-stream-prod",1419294306403115,72448,"Running"
29165,"nio-stream-prod",1419294306475563,22969,"R"
29165,"nio-stream-prod",1419294306498532,6320364,"Running"
29165,"nio-stream-prod",1419294312818896,27344,"R"
29165,"nio-stream-prod",1419294312846240,821250,"Running"
29165,"nio-stream-prod",1419294313667490,55886,"R"
29165,"nio-stream-prod",1419294313723376,3112864,"Running"
29165,"nio-stream-prod",1419294316836240,14167,"R"
29165,"nio-stream-prod",1419294316850407,3649375,"Running"
29165,"nio-stream-prod",1419294320499782,611302,"S"
29165,"nio-stream-prod",1419294321111084,22969,"R"
29165,"nio-stream-prod",1419294321134053,243125,"Running"
29165,"nio-stream-prod",1419294321377178,19531,"R"
29165,"nio-stream-prod",1419294321396709,726406,"Running"
29136,"nio-webserver-r",1419294322026501,98802,"R"
29165,"nio-stream-prod",1419294322123115,33386,"S"
29136,"nio-webserver-r",1419294322125303,459166,"Running"
29165,"nio-stream-prod",1419294322156501,37812,"R"
29165,"nio-stream-prod",1419294322194313,68021,"Running"
29165,"nio-stream-prod",1419294322262334,20630573,"S"
29136,"nio-webserver-r",1419294322584469,1010990,"S"
29136,"nio-webserver-r",1419294323595459,11875,"R"
29136,"nio-webserver-r",1419294323607334,45156,"Running"
29136,"nio-webserver-r",1419294323652490,6208281,"S"
29136,"nio-webserver-r",1419294329860771,55105,"R"
29136,"nio-webserver-r",1419294329915876,376614,"Running"
29136,"nio-webserver-r",1419294330292490,21094,"S"
29136,"nio-webserver-r",1419294330313584,140469,"R"
29136,"nio-webserver-r",1419294330454053,306250,"Running"
29136,"nio-webserver-r",1419294330760303,560468,"S"
29136,"nio-webserver-r",1419294331320771,41094,"R"
29136,"nio-webserver-r",1419294331361865,377292,"Running"
29284,"NIO-Worker",1419294331707178,14531,"R"
29284,"NIO-Worker",1419294331721709,1866719,"Running"
29136,"nio-webserver-r",1419294331739157,11268750,"S"
29284,"NIO-Worker",1419294333588428,15312,"R+"
29284,"NIO-Worker",1419294333603740,140573,"Running"
29284,"NIO-Worker",1419294333744313,3418021,"S"
29284,"NIO-Worker",1419294337162334,12448,"R"
29284,"NIO-Worker",1419294337174782,448646,"Running"
29284,"NIO-Worker",1419294337623428,123593,"S"
29284,"NIO-Worker",1419294337747021,22500,"R"
29284,"NIO-Worker",1419294337769521,49636,"Running"
29284,"NIO-Worker",1419294337819157,220052,"S"
29284,"NIO-Worker",1419294338039209,38594,"R"
29284,"NIO-Worker",1419294338077803,312343,"Running"
29284,"NIO-Worker",1419294338390146,691250,"S"
29284,"NIO-Worker",1419294339081396,11719,"R"
29284,"NIO-Worker",1419294339093115,21042,"Running"
29284,"NIO-Worker",1419294339114157,87708,"R+"
29284,"NIO-Worker",1419294339201865,42136,"Running"
29284,"NIO-Worker",1419294339244001,268489,"R+"
29284,"NIO-Worker",1419294339512490,11094,"Running"
29284,"NIO-Worker",1419294339523584,187812,"R"
29284,"NIO-Worker",1419294339711396,835157,"Running"
29284,"NIO-Worker",1419294340546553,148125,"R"
29284,"NIO-Worker",1419294340694678,255260,"Running"
29284,"NIO-Worker",1419294340949938,137708,"R+"
29284,"NIO-Worker",1419294341087646,670469,"Running"
29284,"NIO-Worker",1419294341758115,19011,"R"
29284,"NIO-Worker",1419294341777126,84895,"Running"
29284,"NIO-Worker",1419294341862021,73855,"R"
29284,"NIO-Worker",1419294341935876,803177,"Running"
29284,"NIO-Worker",1419294342739053,33750,"R+"
29284,"NIO-Worker",1419294342772803,4531,"Running"
29284,"NIO-Worker",1419294342777334,2031,"S"
29284,"NIO-Worker",1419294342779365,15573,"R"
29284,"NIO-Worker",1419294342794938,255208,"Running"
29165,"nio-stream-prod",1419294342892907,60312,"R"
29165,"nio-stream-prod",1419294342953219,156771,"Running"
29136,"nio-webserver-r",1419294343007907,103281,"R"
29284,"NIO-Worker",1419294343050146,412692344,"S"
29165,"nio-stream-prod",1419294343109990,346250,"S"
29136,"nio-webserver-r",1419294343111188,98906,"Running"
29136,"nio-webserver-r",1419294343210094,43021,"R"
29136,"nio-webserver-r",1419294343253115,145938,"Running"
29136,"nio-webserver-r",1419294343399053,10781,"R+"
29136,"nio-webserver-r",1419294343409834,17812,"Running"
29136,"nio-webserver-r",1419294343427646,7969,"R"
29136,"nio-webserver-r",1419294343435615,38229,"Running"
29165,"nio-stream-prod",1419294343456240,19844,"R"
29136,"nio-webserver-r",1419294343473844,10715052,"S"
29165,"nio-stream-prod",1419294343476084,43073,"Running"
29165,"nio-stream-prod",1419294343519157,77031,"R+"
29165,"nio-stream-prod",1419294343596188,64115,"Running"
29165,"nio-stream-prod",1419294343660303,31250,"R+"
29165,"nio-stream-prod",1419294343691553,8698,"Running"
29165,"nio-stream-prod",1419294343700251,10208,"S"
29165,"nio-stream-prod",1419294343710459,44375,"R"
29165,"nio-stream-prod",1419294343754834,4103437,"Running"
29165,"nio-stream-prod",1419294347858271,95469,"R"
29165,"nio-stream-prod",1419294347953740,978281,"Running"
29165,"nio-stream-prod",1419294348932021,22969,"R+"
29165,"nio-stream-prod",1419294348954990,5297813,"Running"
29136,"nio-webserver-r",1419294354188896,46250,"R"
29136,"nio-webserver-r",1419294354235146,232657,"Running"
29165,"nio-stream-prod",1419294354252803,41666,"R+"
29165,"nio-stream-prod",1419294354294469,157865,"Running"
29165,"nio-stream-prod",1419294354452334,312,"S"
29165,"nio-stream-prod",1419294354452646,31094,"R"
29136,"nio-webserver-r",1419294354467803,39843,"S"
29165,"nio-stream-prod",1419294354483740,115469,"Running"
29136,"nio-webserver-r",1419294354507646,17136,"R"
29136,"nio-webserver-r",1419294354524782,218177,"Running"
29165,"nio-stream-prod",1419294354599209,37271719,"S"
29136,"nio-webserver-r",1419294354742959,28713229,"S"
29136,"nio-webserver-r",1419294383456188,15833,"R"
29136,"nio-webserver-r",1419294383472021,84375,"Running"
29136,"nio-webserver-r",1419294383556396,40157,"R+"
29136,"nio-webserver-r",1419294383596553,44479,"Running"
29136,"nio-webserver-r",1419294383641032,146458,"S"
29136,"nio-webserver-r",1419294383787490,104844,"R"
29136,"nio-webserver-r",1419294383892334,11562,"Running"
29136,"nio-webserver-r",1419294383903896,56042,"S"
29136,"nio-webserver-r",1419294383959938,9740,"R"
29136,"nio-webserver-r",1419294383969678,171718,"Running"
29136,"nio-webserver-r",1419294384141396,378438,"S"
29136,"nio-webserver-r",1419294384519834,76667,"R"
29136,"nio-webserver-r",1419294384596501,357031,"Running"
29285,"NIO-Worker",1419294384908532,27864,"R"
29285,"NIO-Worker",1419294384936396,406407,"Running"
29136,"nio-webserver-r",1419294384953532,7028333,"S"
29285,"NIO-Worker",1419294385342803,1866406,"S"
29285,"NIO-Worker",1419294387209209,51875,"R"
29285,"NIO-Worker",1419294387261084,410937,"Running"
29285,"NIO-Worker",1419294387672021,141407,"S"
29285,"NIO-Worker",1419294387813428,14531,"R"
29285,"NIO-Worker",1419294387827959,28854,"Running"
29285,"NIO-Worker",1419294387856813,183021,"S"
29285,"NIO-Worker",1419294388039834,13125,"R"
29285,"NIO-Worker",1419294388052959,177500,"Running"
29285,"NIO-Worker",1419294388230459,244167,"S"
29285,"NIO-Worker",1419294388474626,16875,"R"
29285,"NIO-Worker",1419294388491501,23958,"Running"
29285,"NIO-Worker",1419294388515459,64844,"S"
29285,"NIO-Worker",1419294388580303,54948,"R"
29285,"NIO-Worker",1419294388635251,43281,"Running"
29285,"NIO-Worker",1419294388678532,100364,"S"
29285,"NIO-Worker",1419294388778896,170938,"R"
29285,"NIO-Worker",1419294388949834,41406,"Running"
29285,"NIO-Worker",1419294388991240,10417,"R"
29285,"NIO-Worker",1419294389001657,413021,"Running"
29285,"NIO-Worker",1419294389414678,8698,"R"
29285,"NIO-Worker",1419294389423376,135677,"Running"
29285,"NIO-Worker",1419294389559053,134843,"R"
29285,"NIO-Worker",1419294389693896,1190469,"Running"
29285,"NIO-Worker",1419294390884365,8281,"R"
29285,"NIO-Worker",1419294390892646,731823,"Running"
29285,"NIO-Worker",1419294391624469,78646,"R+"
29285,"NIO-Worker",1419294391703115,307188,"Running"
29165,"nio-stream-prod",1419294391870928,32291,"R"
29165,"nio-stream-prod",1419294391903219,25625,"Running"
29165,"nio-stream-prod",1419294391928844,6094,"R"
29165,"nio-stream-prod",1419294391934938,105781,"Running"
29136,"nio-webserver-r",1419294391981865,27969,"R"
29136,"nio-webserver-r",1419294392009834,220000,"Running"
29285,"NIO-Worker",1419294392010303,415037500,"S"
29165,"nio-stream-prod",1419294392040719,264115,"S"
29136,"nio-webserver-r",1419294392229834,103750,"R+"
29165,"nio-stream-prod",1419294392304834,76875,"R"
29136,"nio-webserver-r",1419294392333584,55469,"Running"
29165,"nio-stream-prod",1419294392381709,30000,"Running"
29136,"nio-webserver-r",1419294392389053,13204062,"S"
29165,"nio-stream-prod",1419294392411709,59062,"S"
29165,"nio-stream-prod",1419294392470771,47188,"R"
29165,"nio-stream-prod",1419294392517959,49635,"Running"
29165,"nio-stream-prod",1419294392567594,42552,"S"
29165,"nio-stream-prod",1419294392610146,52969,"R"
29165,"nio-stream-prod",1419294392663115,916875,"Running"
29165,"nio-stream-prod",1419294393579990,18125,"R"
29165,"nio-stream-prod",1419294393598115,3366250,"Running"
29165,"nio-stream-prod",1419294396964365,18854,"R"
29165,"nio-stream-prod",1419294396983219,399427,"Running"
29165,"nio-stream-prod",1419294397382646,9219,"R"
29165,"nio-stream-prod",1419294397391865,215000,"Running"
29165,"nio-stream-prod",1419294397606865,9531,"R+"
29165,"nio-stream-prod",1419294397616396,233594,"Running"
29165,"nio-stream-prod",1419294397849990,194688,"R+"
29165,"nio-stream-prod",1419294398044678,27187,"Running"
29165,"nio-stream-prod",1419294398071865,86250,"R"
29165,"nio-stream-prod",1419294398158115,2716563,"Running"
29165,"nio-stream-prod",1419294400874678,25468,"R"
29165,"nio-stream-prod",1419294400900146,4612344,"Running"
29165,"nio-stream-prod",1419294405512490,17604,"R+"
29165,"nio-stream-prod",1419294405530094,122865,"Running"
29136,"nio-webserver-r",1419294405593115,21875,"R"
29136,"nio-webserver-r",1419294405614990,177656,"Running"
29165,"nio-stream-prod",1419294405652959,39948,"R+"
29165,"nio-stream-prod",1419294405692907,55208,"Running"
29165,"nio-stream-prod",1419294405748115,8073,"R"
29165,"nio-stream-prod",1419294405756188,168021,"Running"
29136,"nio-webserver-r",1419294405792646,110157,"R+"
29136,"nio-webserver-r",1419294405902803,220312,"Running"
29165,"nio-stream-prod",1419294405924209,142500,"S"
29165,"nio-stream-prod",1419294406066709,35625,"R"
29165,"nio-stream-prod",1419294406102334,95469,"Running"
29136,"nio-webserver-r",1419294406123115,7656,"S"
29136,"nio-webserver-r",1419294406130771,67032,"R"
29136,"nio-webserver-r",1419294406197803,235729,"Running"
29165,"nio-stream-prod",1419294406197803,36247187,"S"
29136,"nio-webserver-r",1419294406433532,26302,"S"
29136,"nio-webserver-r",1419294406459834,21562,"Running"
29136,"nio-webserver-r",1419294406481396,28745573,"S"
29136,"nio-webserver-r",1419294435226969,28490,"R"
29136,"nio-webserver-r",1419294435255459,111198,"Running"
29136,"nio-webserver-r",1419294435366657,47239,"S"
29136,"nio-webserver-r",1419294435413896,66667,"R"
29136,"nio-webserver-r",1419294435480563,166458,"Running"
29136,"nio-webserver-r",1419294435647021,414792,"S"
29136,"nio-webserver-r",1419294436061813,80365,"R"
29136,"nio-webserver-r",1419294436142178,314843,"Running"
29286,"NIO-Worker",1419294436412907,43646,"R"
29286,"NIO-Worker",1419294436456553,471198,"Running"
29136,"nio-webserver-r",1419294436457021,6087813,"S"
29286,"NIO-Worker",1419294436927751,90625,"S"
29286,"NIO-Worker",1419294437018376,13906,"R"
29286,"NIO-Worker",1419294437032282,242344,"Running"
29286,"NIO-Worker",1419294437274626,25520,"S"
29286,"NIO-Worker",1419294437300146,231198,"Running"
29286,"NIO-Worker",1419294437531344,110209,"S"
29286,"NIO-Worker",1419294437641553,27343,"R"
29286,"NIO-Worker",1419294437668896,33230,"Running"
29286,"NIO-Worker",1419294437702126,196927,"S"
29286,"NIO-Worker",1419294437899053,29948,"R"
29286,"NIO-Worker",1419294437929001,188489,"Running"
29286,"NIO-Worker",1419294438117490,226406,"S"
29286,"NIO-Worker",1419294438343896,19688,"R"
29286,"NIO-Worker",1419294438363584,22187,"Running"
29286,"NIO-Worker",1419294438385771,59219,"S"
29286,"NIO-Worker",1419294438444990,15156,"R"
29286,"NIO-Worker",1419294438460146,34323,"Running"
29286,"NIO-Worker",1419294438494469,35990,"S"
29286,"NIO-Worker",1419294438530459,15885,"R"
29286,"NIO-Worker",1419294438546344,3777084,"Running"
29286,"NIO-Worker",1419294442323428,9375,"R+"
29286,"NIO-Worker",1419294442332803,8593,"Running"
29286,"NIO-Worker",1419294442341396,5000,"S"
29286,"NIO-Worker",1419294442346396,14948,"R"
29286,"NIO-Worker",1419294442361344,222709,"Running"
29165,"nio-stream-prod",1419294442444990,44636,"R"
29165,"nio-stream-prod",1419294442489626,87812,"Running"
29136,"nio-webserver-r",1419294442544834,71823,"R"
29165,"nio-stream-prod",1419294442577438,236458,"S"
29286,"NIO-Worker",1419294442584053,417725729,"S"
29136,"nio-webserver-r",1419294442616657,226927,"Running"
29165,"nio-stream-prod",1419294442813896,31094,"R"
29136,"nio-webserver-r",1419294442843584,11408594,"S"
29165,"nio-stream-prod",1419294442844990,20000,"Running"
29165,"nio-stream-prod",1419294442864990,57969,"S"
29165,"nio-stream-prod",1419294442922959,15625,"R"
29165,"nio-stream-prod",1419294442938584,45781,"Running"
29165,"nio-stream-prod",1419294442984365,41042,"S"
29165,"nio-stream-prod",1419294443025407,30937,"R"
29165,"nio-stream-prod",1419294443056344,3934532,"Running"
29165,"nio-stream-prod",1419294446990876,44583,"R"
29165,"nio-stream-prod",1419294447035459,644375,"Running"
29165,"nio-stream-prod",1419294447679834,7656,"R"
29165,"nio-stream-prod",1419294447687490,24531,"Running"
29165,"nio-stream-prod",1419294447712021,7292,"R"
29165,"nio-stream-prod",1419294447719313,35625,"Running"
29165,"nio-stream-prod",1419294447754938,83281,"R"
29165,"nio-stream-prod",1419294447838219,1016771,"Running"
29165,"nio-stream-prod",1419294448854990,71823,"R"
29165,"nio-stream-prod",1419294448926813,5395000,"Running"
29136,"nio-webserver-r",1419294454252178,10468,"R"
29136,"nio-webserver-r",1419294454262646,337969,"Running"
29165,"nio-stream-prod",1419294454321813,37969,"S"
29165,"nio-stream-prod",1419294454359782,15052,"R"
29165,"nio-stream-prod",1419294454374834,112031,"Running"
29165,"nio-stream-prod",1419294454486865,40692344,"S"
29136,"nio-webserver-r",1419294454600615,32806511,"S"
29136,"nio-webserver-r",1419294487407126,36770,"R"
29136,"nio-webserver-r",1419294487443896,224688,"Running"
29136,"nio-webserver-r",1419294487668584,9687,"S"
29136,"nio-webserver-r",1419294487678271,46823,"R"
29136,"nio-webserver-r",1419294487725094,170521,"Running"
29136,"nio-webserver-r",1419294487895615,554844,"S"
29136,"nio-webserver-r",1419294488450459,36875,"R"
29136,"nio-webserver-r",1419294488487334,301562,"Running"
29136,"nio-webserver-r",1419294488788896,188125,"R"
29136,"nio-webserver-r",1419294488977021,342657,"Running"
29138,"NIO-Worker",1419294489288584,178229,"R"
29136,"nio-webserver-r",1419294489319678,5962343,"S"
29138,"NIO-Worker",1419294489466813,15000,"Running"
29138,"NIO-Worker",1419294489481813,11146,"R"
29138,"NIO-Worker",1419294489492959,16823,"Running"
29138,"NIO-Worker",1419294489509782,81875,"R+"
29138,"NIO-Worker",1419294489591657,421614,"Running"
29138,"NIO-Worker",1419294490013271,395938,"S"
29138,"NIO-Worker",1419294490409209,14062,"R"
29138,"NIO-Worker",1419294490423271,194948,"Running"
29138,"NIO-Worker",1419294490618219,91927,"S"
29138,"NIO-Worker",1419294490710146,15313,"R"
29138,"NIO-Worker",1419294490725459,40625,"Running"
29138,"NIO-Worker",1419294490766084,50000,"S"
29138,"NIO-Worker",1419294490816084,27500,"R"
29138,"NIO-Worker",1419294490843584,271250,"Running"
29138,"NIO-Worker",1419294491114834,197656,"S"
29138,"NIO-Worker",1419294491312490,16042,"R"
29138,"NIO-Worker",1419294491328532,32552,"Running"
29138,"NIO-Worker",1419294491361084,294323,"S"
29138,"NIO-Worker",1419294491655407,14739,"R"
29138,"NIO-Worker",1419294491670146,193698,"Running"
29138,"NIO-Worker",1419294491863844,265521,"S"
29138,"NIO-Worker",1419294492129365,46406,"R"
29138,"NIO-Worker",1419294492175771,22344,"Running"
29138,"NIO-Worker",1419294492198115,10938,"R+"
29138,"NIO-Worker",1419294492209053,12968,"Running"
29138,"NIO-Worker",1419294492222021,24219,"S"
29138,"NIO-Worker",1419294492246240,10469,"R"
29138,"NIO-Worker",1419294492256709,51198,"Running"
29138,"NIO-Worker",1419294492307907,63802,"S"
29138,"NIO-Worker",1419294492371709,13437,"R"
29138,"NIO-Worker",1419294492385146,2665625,"Running"
29138,"NIO-Worker",1419294495050771,7813,"R+"
29138,"NIO-Worker",1419294495058584,4531,"Running"
29138,"NIO-Worker",1419294495063115,15000,"S"
29138,"NIO-Worker",1419294495078115,11667,"R"
29138,"NIO-Worker",1419294495089782,232552,"Running"
29165,"nio-stream-prod",1419294495179209,35469,"R"
29165,"nio-stream-prod",1419294495214678,117656,"Running"
29136,"nio-webserver-r",1419294495282021,23594,"R"
29136,"nio-webserver-r",1419294495305615,235000,"Running"
29138,"NIO-Worker",1419294495322334,415724166,"S"
29165,"nio-stream-prod",1419294495332334,216979,"S"
29136,"nio-webserver-r",1419294495540615,18405469,"S"
29165,"nio-stream-prod",1419294495549313,15938,"R"
29165,"nio-stream-prod",1419294495565251,22552,"Running"
29165,"nio-stream-prod",1419294495587803,40000,"S"
29165,"nio-stream-prod",1419294495627803,17656,"R"
29165,"nio-stream-prod",1419294495645459,38281,"Running"
29165,"nio-stream-prod",1419294495683740,51406,"S"
29165,"nio-stream-prod",1419294495735146,49844,"R"
29165,"nio-stream-prod",1419294495784990,1205156,"Running"
29165,"nio-stream-prod",1419294496990146,75938,"R"
29165,"nio-stream-prod",1419294497066084,188906,"Running"
29165,"nio-stream-prod",1419294497254990,13125,"R"
29165,"nio-stream-prod",1419294497268115,143906,"Running"
29165,"nio-stream-prod",1419294497412021,29532,"R"
29165,"nio-stream-prod",1419294497441553,1764531,"Running"
29165,"nio-stream-prod",1419294499206084,40781,"R"
29165,"nio-stream-prod",1419294499246865,6691823,"Running"
29165,"nio-stream-prod",1419294505938688,40625,"R"
29165,"nio-stream-prod",1419294505979313,8026719,"Running"
29136,"nio-webserver-r",1419294513946084,85260,"R"
29165,"nio-stream-prod",1419294514006032,57864,"R+"
29136,"nio-webserver-r",1419294514031344,470521,"Running"
29165,"nio-stream-prod",1419294514063896,56407,"Running"
29165,"nio-stream-prod",1419294514120303,34097916,"S"
29136,"nio-webserver-r",1419294514501865,66094,"R"
29136,"nio-webserver-r",1419294514567959,57917,"Running"
29136,"nio-webserver-r",1419294514625876,24820208,"S"
29136,"nio-webserver-r",1419294539446084,31094,"R"
29136,"nio-webserver-r",1419294539477178,101823,"Running"
29136,"nio-webserver-r",1419294539579001,118020,"S"
29136,"nio-webserver-r",1419294539697021,28230,"R"
29136,"nio-webserver-r",1419294539725251,85052,"Running"
29136,"nio-webserver-r",1419294539810303,29843,"R"
29136,"nio-webserver-r",1419294539840146,111407,"Running"
29136,"nio-webserver-r",1419294539951553,513385,"S"
29136,"nio-webserver-r",1419294540464938,37344,"R"
29136,"nio-webserver-r",1419294540502282,349583,"Running"
29252,"NIO-Worker",1419294540789469,13021,"R"
29252,"NIO-Worker",1419294540802490,426875,"Running"
29136,"nio-webserver-r",1419294540851865,7551667,"S"
29252,"NIO-Worker",1419294541229365,2108073,"S"
29252,"NIO-Worker",1419294543337438,21615,"R"
29252,"NIO-Worker",1419294543359053,248125,"Running"
29252,"NIO-Worker",1419294543607178,6718,"S"
29252,"NIO-Worker",1419294543613896,13907,"R"
29252,"NIO-Worker",1419294543627803,317135,"Running"
29252,"NIO-Worker",1419294543944938,39896,"R+"
29252,"NIO-Worker",1419294543984834,6510,"Running"
29252,"NIO-Worker",1419294543991344,75677,"S"
29252,"NIO-Worker",1419294544067021,14219,"R"
29252,"NIO-Worker",1419294544081240,32136,"Running"
29252,"NIO-Worker",1419294544113376,202708,"S"
29252,"NIO-Worker",1419294544316084,16823,"R"
29252,"NIO-Worker",1419294544332907,193646,"Running"
29252,"NIO-Worker",1419294544526553,223281,"S"
29252,"NIO-Worker",1419294544749834,47969,"R"
29252,"NIO-Worker",1419294544797803,50885,"Running"
29252,"NIO-Worker",1419294544848688,134740,"S"
29252,"NIO-Worker",1419294544983428,31562,"R"
29252,"NIO-Worker",1419294545014990,44948,"Running"
29252,"NIO-Worker",1419294545059938,42813,"S"
29252,"NIO-Worker",1419294545102751,15052,"R"
29252,"NIO-Worker",1419294545117803,1782812,"Running"
29252,"NIO-Worker",1419294546900615,126354,"R"
29252,"NIO-Worker",1419294547026969,113646,"Running"
29252,"NIO-Worker",1419294547140615,5104,"R"
29252,"NIO-Worker",1419294547145719,18802,"Running"
29252,"NIO-Worker",1419294547164521,15625,"R"
29252,"NIO-Worker",1419294547180146,135469,"Running"
29252,"NIO-Worker",1419294547315615,15469,"R"
29252,"NIO-Worker",1419294547331084,216198,"Running"
29252,"NIO-Worker",1419294547547282,10364,"R"
29252,"NIO-Worker",1419294547557646,9844,"Running"
29252,"NIO-Worker",1419294547567490,32917,"R"
29252,"NIO-Worker",1419294547600407,115364,"Running"
29252,"NIO-Worker",1419294547715771,140938,"R"
29252,"NIO-Worker",1419294547856709,218437,"Running"
29252,"NIO-Worker",1419294548075146,35261,"S"
29252,"NIO-Worker",1419294548110407,17239,"R"
29252,"NIO-Worker",1419294548127646,309063,"Running"
29165,"nio-stream-prod",1419294548218219,15209,"R"
29165,"nio-stream-prod",1419294548233428,117760,"Running"
29165,"nio-stream-prod",1419294548351188,281406,"S"
29136,"nio-webserver-r",1419294548403532,28750,"R"
29136,"nio-webserver-r",1419294548432282,202239,"Running"
29252,"NIO-Worker",1419294548436709,416194010,"S"
29165,"nio-stream-prod",1419294548632594,18646,"R"
29136,"nio-webserver-r",1419294548634521,22657,"R+"
29165,"nio-stream-prod",1419294548651240,18073,"Running"
29136,"nio-webserver-r",1419294548657178,79843,"Running"
29165,"nio-stream-prod",1419294548669313,67708,"R+"
29136,"nio-webserver-r",1419294548737021,25568438,"S"
29165,"nio-stream-prod",1419294548737021,40469,"Running"
29165,"nio-stream-prod",1419294548777490,31719,"R+"
29165,"nio-stream-prod",1419294548809209,61979,"Running"
29165,"nio-stream-prod",1419294548871188,21146,"S"
29165,"nio-stream-prod",1419294548892334,11406,"R"
29165,"nio-stream-prod",1419294548903740,28594,"Running"
29165,"nio-stream-prod",1419294548932334,7604,"R"
29165,"nio-stream-prod",1419294548939938,3933021,"Running"
29165,"nio-stream-prod",1419294552872959,20937,"R"
29165,"nio-stream-prod",1419294552893896,3324948,"Running"
29165,"nio-stream-prod",1419294556218844,64688,"R"
29165,"nio-stream-prod",1419294556283532,4684114,"Running"
29165,"nio-stream-prod",1419294560967646,7969,"R"
29165,"nio-stream-prod",1419294560975615,3359844,"Running"
29165,"nio-stream-prod",1419294564335459,117292,"R"
29165,"nio-stream-prod",1419294564452751,4504375,"Running"
29165,"nio-stream-prod",1419294568957126,9895,"R"
29165,"nio-stream-prod",1419294568967021,3917657,"Running"
29165,"nio-stream-prod",1419294572884678,91406,"R"
29165,"nio-stream-prod",1419294572976084,15469,"Running"
29165,"nio-stream-prod",1419294572991553,96562,"R"
29165,"nio-stream-prod",1419294573088115,1290781,"Running"
29136,"nio-webserver-r",1419294574305459,24687,"R"
29136,"nio-webserver-r",1419294574330146,426355,"Running"
29165,"nio-stream-prod",1419294574378896,43542,"S"
29165,"nio-stream-prod",1419294574422438,13802,"R"
29165,"nio-stream-prod",1419294574436240,160469,"Running"
29165,"nio-stream-prod",1419294574596709,34906875,"S"
29136,"nio-webserver-r",1419294574756501,16799583,"S"
29136,"nio-webserver-r",1419294591556084,33854,"R"
29136,"nio-webserver-r",1419294591589938,136615,"Running"
29136,"nio-webserver-r",1419294591726553,18906,"S"
29136,"nio-webserver-r",1419294591745459,28281,"R"
29136,"nio-webserver-r",1419294591773740,180938,"Running"
29136,"nio-webserver-r",1419294591954678,690260,"S"
29136,"nio-webserver-r",1419294592644938,46875,"R"
29136,"nio-webserver-r",1419294592691813,340677,"Running"
29267,"NIO-Worker",1419294592996084,17812,"R"
29267,"NIO-Worker",1419294593013896,348125,"Running"
29136,"nio-webserver-r",1419294593032490,16586511,"S"
29267,"NIO-Worker",1419294593362021,11210782,"S"
29267,"NIO-Worker",1419294604572803,11250,"R"
29267,"NIO-Worker",1419294604584053,201666,"Running"
29267,"NIO-Worker",1419294604785719,83021,"S"
29267,"NIO-Worker",1419294604868740,46042,"R"
29267,"NIO-Worker",1419294604914782,296771,"Running"
29267,"NIO-Worker",1419294605211553,285312,"R"
29267,"NIO-Worker",1419294605496865,61823,"Running"
29267,"NIO-Worker",1419294605558688,145208,"S"
29267,"NIO-Worker",1419294605703896,10938,"R"
29267,"NIO-Worker",1419294605714834,32344,"Running"
29267,"NIO-Worker",1419294605747178,353437,"R+"
29267,"NIO-Worker",1419294606100615,231667,"Running"
29267,"NIO-Worker",1419294606332282,10364,"R+"
29267,"NIO-Worker",1419294606342646,6407,"Running"
29267,"NIO-Worker",1419294606349053,263125,"S"
29267,"NIO-Worker",1419294606612178,24948,"R"
29267,"NIO-Worker",1419294606637126,32031,"Running"
29267,"NIO-Worker",1419294606669157,57031,"S"
29267,"NIO-Worker",1419294606726188,35365,"R"
29267,"NIO-Worker",1419294606761553,53750,"Running"
29267,"NIO-Worker",1419294606815303,47760,"S"
29267,"NIO-Worker",1419294606863063,34115,"R"
29267,"NIO-Worker",1419294606897178,2482968,"Running"
29267,"NIO-Worker",1419294609380146,28282,"R+"
29267,"NIO-Worker",1419294609408428,238281,"Running"
29165,"nio-stream-prod",1419294609503584,16250,"R"
29165,"nio-stream-prod",1419294609519834,146094,"Running"
29136,"nio-webserver-r",1419294609619001,10989,"R"
29136,"nio-webserver-r",1419294609629990,256198,"Running"
29267,"NIO-Worker",1419294609646709,408456198,"S"
29165,"nio-stream-prod",1419294609665928,116718,"R+"
29165,"nio-stream-prod",1419294609782646,11042,"Running"
29165,"nio-stream-prod",1419294609793688,299896,"S"
29136,"nio-webserver-r",1419294609886188,32923333,"S"
29165,"nio-stream-prod",1419294610093584,27812,"R"
29165,"nio-stream-prod",1419294610121396,22448,"Running"
29165,"nio-stream-prod",1419294610143844,51615,"S"
29165,"nio-stream-prod",1419294610195459,26042,"R"
29165,"nio-stream-prod",1419294610221501,39583,"Running"
29165,"nio-stream-prod",1419294610261084,35312,"S"
29165,"nio-stream-prod",1419294610296396,18282,"R"
29165,"nio-stream-prod",1419294610314678,4001718,"Running"
29165,"nio-stream-prod",1419294614316396,53282,"R"
29165,"nio-stream-prod",1419294614369678,16247500,"Running"
29165,"nio-stream-prod",1419294630617178,27812,"R"
29165,"nio-stream-prod",1419294630644990,290417,"Running"
29165,"nio-stream-prod",1419294630935407,81406,"R"
29165,"nio-stream-prod",1419294631016813,5953333,"Running"
29165,"nio-stream-prod",1419294636970146,37292,"R"
29165,"nio-stream-prod",1419294637007438,4232188,"Running"
29165,"nio-stream-prod",1419294641239626,45677,"R"
29165,"nio-stream-prod",1419294641285303,1602760,"Running"
29136,"nio-webserver-r",1419294642809521,18750,"R"
29136,"nio-webserver-r",1419294642828271,596980,"Running"
29165,"nio-stream-prod",1419294642888063,32813,"R+"
29165,"nio-stream-prod",1419294642920876,315781,"Running"
29165,"nio-stream-prod",1419294643236657,15257864,"S"
29136,"nio-webserver-r",1419294643425251,6055989,"S"
29136,"nio-webserver-r",1419294649481240,50417,"R"
29136,"nio-webserver-r",1419294649531657,108489,"Running"
29136,"nio-webserver-r",1419294649640146,75625,"S"
29136,"nio-webserver-r",1419294649715771,47917,"R"
29136,"nio-webserver-r",1419294649763688,180052,"Running"
29136,"nio-webserver-r",1419294649943740,544844,"S"
29136,"nio-webserver-r",1419294650488584,39010,"R"
29136,"nio-webserver-r",1419294650527594,306719,"Running"
29277,"NIO-Worker",1419294650798428,37187,"R"
29136,"nio-webserver-r",1419294650834313,7744583,"S"
29277,"NIO-Worker",1419294650835615,324167,"Running"
29277,"NIO-Worker",1419294651159782,2889531,"S"
29277,"NIO-Worker",1419294654049313,42865,"R"
29277,"NIO-Worker",1419294654092178,226198,"Running"
29277,"NIO-Worker",1419294654318376,107552,"S"
29277,"NIO-Worker",1419294654425928,14166,"R"
29277,"NIO-Worker",1419294654440094,275157,"Running"
29277,"NIO-Worker",1419294654715251,102500,"S"
29277,"NIO-Worker",1419294654817751,31406,"R"
29277,"NIO-Worker",1419294654849157,50677,"Running"
29277,"NIO-Worker",1419294654899834,26562,"R+"
29277,"NIO-Worker",1419294654926396,6563,"Running"
29277,"NIO-Worker",1419294654932959,158906,"S"
29277,"NIO-Worker",1419294655091865,35000,"R"
29277,"NIO-Worker",1419294655126865,143438,"Running"
29277,"NIO-Worker",1419294655270303,12187,"R"
29277,"NIO-Worker",1419294655282490,60469,"Running"
29277,"NIO-Worker",1419294655342959,239062,"S"
29277,"NIO-Worker",1419294655582021,14532,"R"
29277,"NIO-Worker",1419294655596553,35937,"Running"
29277,"NIO-Worker",1419294655632490,89479,"S"
29277,"NIO-Worker",1419294655721969,17396,"R"
29277,"NIO-Worker",1419294655739365,42031,"Running"
29277,"NIO-Worker",1419294655781396,43125,"S"
29277,"NIO-Worker",1419294655824521,11250,"R"
29277,"NIO-Worker",1419294655835771,164063,"Running"
29277,"NIO-Worker",1419294655999834,83229,"R"
29277,"NIO-Worker",1419294656083063,2303281,"Running"
29277,"NIO-Worker",1419294658386344,20209,"R+"
29277,"NIO-Worker",1419294658406553,216875,"Running"
29165,"nio-stream-prod",1419294658494521,101875,"R"
29136,"nio-webserver-r",1419294658578896,18438,"R"
29165,"nio-stream-prod",1419294658596396,136563,"Running"
29136,"nio-webserver-r",1419294658597334,208125,"Running"
29277,"NIO-Worker",1419294658623428,410818854,"S"
29165,"nio-stream-prod",1419294658732959,368229,"S"
29136,"nio-webserver-r",1419294658805459,14259531,"S"
29165,"nio-stream-prod",1419294659101188,32500,"R"
29165,"nio-stream-prod",1419294659133688,42083,"Running"
29165,"nio-stream-prod",1419294659175771,61250,"S"
29165,"nio-stream-prod",1419294659237021,38386,"R"
29165,"nio-stream-prod",1419294659275407,49739,"Running"
29165,"nio-stream-prod",1419294659325146,46355,"S"
29165,"nio-stream-prod",1419294659371501,18958,"R"
29165,"nio-stream-prod",1419294659390459,1972604,"Running"
29165,"nio-stream-prod",1419294661363063,14688,"R"
29165,"nio-stream-prod",1419294661377751,219114,"Running"
29165,"nio-stream-prod",1419294661596865,28073,"R"
29165,"nio-stream-prod",1419294661624938,1961406,"Running"
29165,"nio-stream-prod",1419294663586344,43646,"R+"
29165,"nio-stream-prod",1419294663629990,719636,"Running"
29165,"nio-stream-prod",1419294664349626,85677,"R"
29165,"nio-stream-prod",1419294664435303,986718,"Running"
29165,"nio-stream-prod",1419294665422021,213125,"R"
29165,"nio-stream-prod",1419294665635146,3326355,"Running"
29165,"nio-stream-prod",1419294668961501,91145,"R"
29165,"nio-stream-prod",1419294669052646,3610313,"Running"
29165,"nio-stream-prod",1419294672662959,84062,"R"
29165,"nio-stream-prod",1419294672747021,13594,"Running"
29165,"nio-stream-prod",1419294672760615,52188,"R"
29165,"nio-stream-prod",1419294672812803,330312,"Running"
29136,"nio-webserver-r",1419294673064990,31406,"R"
29136,"nio-webserver-r",1419294673096396,203907,"Running"
29165,"nio-stream-prod",1419294673143115,10000,"R+"
29165,"nio-stream-prod",1419294673153115,9948,"Running"
29165,"nio-stream-prod",1419294673163063,41250,"S"
29165,"nio-stream-prod",1419294673204313,36302,"R"
29165,"nio-stream-prod",1419294673240615,208594,"Running"
29136,"nio-webserver-r",1419294673300303,56718,"R+"
29136,"nio-webserver-r",1419294673357021,120000,"Running"
29165,"nio-stream-prod",1419294673449209,29219,"S"
29136,"nio-webserver-r",1419294673477021,21823,"S"
29165,"nio-stream-prod",1419294673478428,75000,"Running"
29136,"nio-webserver-r",1419294673498844,9844,"R"
29136,"nio-webserver-r",1419294673508688,73958,"Running"
29165,"nio-stream-prod",1419294673553428,1718,"S"
29165,"nio-stream-prod",1419294673555146,13594,"R"
29165,"nio-stream-prod",1419294673568740,65469,"Running"
29136,"nio-webserver-r",1419294673582646,3125,"S"
29136,"nio-webserver-r",1419294673585771,27969,"R"
29136,"nio-webserver-r",1419294673613740,194323,"Running"
29165,"nio-stream-prod",1419294673634209,47400729,"S"
29136,"nio-webserver-r",1419294673808063,27934740,"S"
29136,"nio-webserver-r",1419294701742803,36718,"R"
29136,"nio-webserver-r",1419294701779521,109948,"Running"
29136,"nio-webserver-r",1419294701889469,165365,"S"
29136,"nio-webserver-r",1419294702054834,8594,"R"
29136,"nio-webserver-r",1419294702063428,4375,"Running"
29136,"nio-webserver-r",1419294702067803,98385,"S"
29136,"nio-webserver-r",1419294702166188,11875,"R"
29136,"nio-webserver-r",1419294702178063,150990,"Running"
29136,"nio-webserver-r",1419294702329053,430156,"S"
29136,"nio-webserver-r",1419294702759209,32812,"R"
29136,"nio-webserver-r",1419294702792021,349479,"Running"
29279,"NIO-Worker",1419294703094313,49375,"R"
29136,"nio-webserver-r",1419294703141500,17989115,"S"
29279,"NIO-Worker",1419294703143688,306406,"Running"
29279,"NIO-Worker",1419294703450094,12891094,"S"
29279,"NIO-Worker",1419294716341188,25990,"R"
29279,"NIO-Worker",1419294716367178,217343,"Running"
29279,"NIO-Worker",1419294716584521,31979,"S"
29279,"NIO-Worker",1419294716616500,28646,"Running"
29279,"NIO-Worker",1419294716645146,14375,"S"
29279,"NIO-Worker",1419294716659521,333073,"Running"
29279,"NIO-Worker",1419294716992594,58281,"R+"
29279,"NIO-Worker",1419294717050875,4740,"Running"
29279,"NIO-Worker",1419294717055615,93438,"S"
29279,"NIO-Worker",1419294717149053,26093,"R"
29279,"NIO-Worker",1419294717175146,37761,"Running"
29279,"NIO-Worker",1419294717212907,21302,"R+"
29279,"NIO-Worker",1419294717234209,10000,"Running"
29279,"NIO-Worker",1419294717244209,197187,"S"
29279,"NIO-Worker",1419294717441396,34844,"R"
29279,"NIO-Worker",1419294717476240,213594,"Running"
29279,"NIO-Worker",1419294717689834,250156,"S"
29279,"NIO-Worker",1419294717939990,57031,"R"
29279,"NIO-Worker",1419294717997021,26094,"Running"
29279,"NIO-Worker",1419294718023115,45469,"S"
29279,"NIO-Worker",1419294718068584,23281,"R"
29279,"NIO-Worker",1419294718091865,42969,"Running"
29279,"NIO-Worker",1419294718134834,37656,"S"
29279,"NIO-Worker",1419294718172490,17969,"R"
29279,"NIO-Worker",1419294718190459,2655469,"Running"
29279,"NIO-Worker",1419294720845928,8750,"R+"
29279,"NIO-Worker",1419294720854678,8906,"Running"
29279,"NIO-Worker",1419294720863584,11510,"S"
29279,"NIO-Worker",1419294720875094,77500,"R"
29279,"NIO-Worker",1419294720952594,224896,"Running"
29165,"nio-stream-prod",1419294721034938,39583,"R"
29165,"nio-stream-prod",1419294721074521,92813,"Running"
29136,"nio-webserver-r",1419294721130615,23698,"R"
29136,"nio-webserver-r",1419294721154313,261771,"Running"
29165,"nio-stream-prod",1419294721167334,10156,"R+"
29165,"nio-stream-prod",1419294721177490,11094,"Running"
29279,"NIO-Worker",1419294721177490,400969375,"S"
29165,"nio-stream-prod",1419294721188584,195312,"S"
29165,"nio-stream-prod",1419294721383896,22657,"R"
29165,"nio-stream-prod",1419294721406553,34687,"Running"
29136,"nio-webserver-r",1419294721416084,6428594,"S"
29165,"nio-stream-prod",1419294721441240,52760,"S"
29165,"nio-stream-prod",1419294721494000,72709,"R"
29165,"nio-stream-prod",1419294721566709,34531,"Running"
29165,"nio-stream-prod",1419294721601240,34531,"S"
29165,"nio-stream-prod",1419294721635771,47500,"R"
29165,"nio-stream-prod",1419294721683271,1146094,"Running"
29165,"nio-stream-prod",1419294722829365,93594,"R"
29165,"nio-stream-prod",1419294722922959,4967187,"Running"
29136,"nio-webserver-r",1419294727844678,24218,"R"
29136,"nio-webserver-r",1419294727868896,380313,"Running"
29165,"nio-stream-prod",1419294727890146,39688,"R+"
29165,"nio-stream-prod",1419294727929834,206250,"Running"
29165,"nio-stream-prod",1419294728136084,46833437,"S"
29136,"nio-webserver-r",1419294728249209,26109479,"S"
29136,"nio-webserver-r",1419294754358688,47708,"R"
29136,"nio-webserver-r",1419294754406396,118125,"Running"
29136,"nio-webserver-r",1419294754524521,163229,"S"
29136,"nio-webserver-r",1419294754687750,51407,"R"
29136,"nio-webserver-r",1419294754739157,172187,"Running"
29136,"nio-webserver-r",1419294754911344,496563,"S"
29136,"nio-webserver-r",1419294755407907,51093,"R"
29136,"nio-webserver-r",1419294755459000,320209,"Running"
29284,"NIO-Worker",1419294755742490,39479,"R"
29136,"nio-webserver-r",1419294755779209,19279948,"S"
29284,"NIO-Worker",1419294755781969,249531,"Running"
29284,"NIO-Worker",1419294756031500,89740,"R"
29284,"NIO-Worker",1419294756121240,29844,"Running"
29284,"NIO-Worker",1419294756151084,13528073,"S"
29284,"NIO-Worker",1419294769679157,100521,"R"
29284,"NIO-Worker",1419294769779678,628229,"Running"
29284,"NIO-Worker",1419294770407907,136718,"S"
29284,"NIO-Worker",1419294770544625,51771,"R"
29284,"NIO-Worker",1419294770596396,583907,"Running"
29284,"NIO-Worker",1419294771180303,108541,"S"
29284,"NIO-Worker",1419294771288844,14844,"R"
29284,"NIO-Worker",1419294771303688,36875,"Running"
29284,"NIO-Worker",1419294771340563,186302,"S"
29284,"NIO-Worker",1419294771526865,14792,"R"
29284,"NIO-Worker",1419294771541657,173646,"Running"
29284,"NIO-Worker",1419294771715303,250312,"S"
29284,"NIO-Worker",1419294771965615,19219,"R"
29284,"NIO-Worker",1419294771984834,35469,"Running"
29284,"NIO-Worker",1419294772020303,49531,"S"
29284,"NIO-Worker",1419294772069834,13281,"R"
29284,"NIO-Worker",1419294772083115,37500,"Running"
29284,"NIO-Worker",1419294772120615,46198,"S"
29284,"NIO-Worker",1419294772166813,15625,"R"
29284,"NIO-Worker",1419294772182438,260521,"Running"
29284,"NIO-Worker",1419294772442959,87187,"R"
29284,"NIO-Worker",1419294772530146,2313073,"Running"
29284,"NIO-Worker",1419294774843219,40781,"R+"
29284,"NIO-Worker",1419294774884000,210625,"Running"
29165,"nio-stream-prod",1419294774969521,16719,"R"
29165,"nio-stream-prod",1419294774986240,99010,"Running"
29136,"nio-webserver-r",1419294775059157,17552,"R"
29136,"nio-webserver-r",1419294775076709,247969,"Running"
29165,"nio-stream-prod",1419294775085250,277865,"S"
29284,"NIO-Worker",1419294775094625,397151771,"S"
29136,"nio-webserver-r",1419294775324678,14418072,"S"
29165,"nio-stream-prod",1419294775363115,17656,"R"
29165,"nio-stream-prod",1419294775380771,30782,"Running"
29165,"nio-stream-prod",1419294775411553,53072,"S"
29165,"nio-stream-prod",1419294775464625,16146,"R"
29165,"nio-stream-prod",1419294775480771,41407,"Running"
29165,"nio-stream-prod",1419294775522178,53750,"S"
29165,"nio-stream-prod",1419294775575928,19062,"R"
29165,"nio-stream-prod",1419294775594990,1238438,"Running"
29165,"nio-stream-prod",1419294776833428,30260,"R"
29165,"nio-stream-prod",1419294776863688,3878125,"Running"
29165,"nio-stream-prod",1419294780741813,27083,"R"
29165,"nio-stream-prod",1419294780768896,108125,"Running"
29165,"nio-stream-prod",1419294780877021,7813,"R"
29165,"nio-stream-prod",1419294780884834,40885,"Running"
29165,"nio-stream-prod",1419294780925719,131771,"R"
29165,"nio-stream-prod",1419294781057490,1472656,"Running"
29165,"nio-stream-prod",1419294782530146,35625,"R"
29165,"nio-stream-prod",1419294782565771,25573,"Running"
29165,"nio-stream-prod",1419294782591344,10052,"R"
29165,"nio-stream-prod",1419294782601396,39167,"Running"
29165,"nio-stream-prod",1419294782640563,10208,"R"
29165,"nio-stream-prod",1419294782650771,81250,"Running"
29165,"nio-stream-prod",1419294782732021,28594,"R"
29165,"nio-stream-prod",1419294782760615,457500,"Running"
29165,"nio-stream-prod",1419294783218115,38854,"R"
29165,"nio-stream-prod",1419294783256969,604375,"Running"
29165,"nio-stream-prod",1419294783861344,15313,"R"
29165,"nio-stream-prod",1419294783876657,1792656,"Running"
29165,"nio-stream-prod",1419294785669313,66302,"R"
29165,"nio-stream-prod",1419294785735615,2960156,"Running"
29165,"nio-stream-prod",1419294788695771,15625,"R"
29165,"nio-stream-prod",1419294788711396,185313,"Running"
29165,"nio-stream-prod",1419294788896709,6875,"R"
29165,"nio-stream-prod",1419294788903584,94010,"Running"
29165,"nio-stream-prod",1419294788997594,26250,"R"
29165,"nio-stream-prod",1419294789023844,541146,"Running"
29165,"nio-stream-prod",1419294789564990,144010,"R"
29165,"nio-stream-prod",1419294789709000,102865,"Running"
29136,"nio-webserver-r",1419294789742750,37657,"R"
29136,"nio-webserver-r",1419294789780407,88177,"Running"
29165,"nio-stream-prod",1419294789811865,49792,"S"
29165,"nio-stream-prod",1419294789861657,29896,"R"
29136,"nio-webserver-r",1419294789868584,19687,"R"
29136,"nio-webserver-r",1419294789888271,115313,"Running"
29165,"nio-stream-prod",1419294789891553,185625,"Running"
29136,"nio-webserver-r",1419294790003584,108281,"R+"
29165,"nio-stream-prod",1419294790077178,114062,"R"
29136,"nio-webserver-r",1419294790111865,81875,"Running"
29165,"nio-stream-prod",1419294790191240,52031,"Running"
29136,"nio-webserver-r",1419294790193740,8229,"S"
29136,"nio-webserver-r",1419294790201969,16459,"R"
29136,"nio-webserver-r",1419294790218428,181041,"Running"
29165,"nio-stream-prod",1419294790243271,21022969,"S"
29136,"nio-webserver-r",1419294790399469,15148802,"S"
29136,"nio-webserver-r",1419294805548271,68594,"R"
29136,"nio-webserver-r",1419294805616865,203438,"Running"
29136,"nio-webserver-r",1419294805820303,102135,"S"
29136,"nio-webserver-r",1419294805922438,41146,"R"
29136,"nio-webserver-r",1419294805963584,4635,"Running"
29136,"nio-webserver-r",1419294805968219,90781,"S"
29136,"nio-webserver-r",1419294806059000,20157,"R"
29136,"nio-webserver-r",1419294806079157,56146,"Running"
29136,"nio-webserver-r",1419294806135303,10937,"R"
29136,"nio-webserver-r",1419294806146240,112031,"Running"
29136,"nio-webserver-r",1419294806258271,460313,"S"
29136,"nio-webserver-r",1419294806718584,45312,"R"
29136,"nio-webserver-r",1419294806763896,329636,"Running"
29285,"NIO-Worker",1419294807047803,25781,"R"
29285,"NIO-Worker",1419294807073584,617448,"Running"
29136,"nio-webserver-r",1419294807093532,4263802,"S"
29285,"NIO-Worker",1419294807691032,131614,"S"
29285,"NIO-Worker",1419294807822646,14792,"R"
29285,"NIO-Worker",1419294807837438,33750,"Running"
29285,"NIO-Worker",1419294807871188,208802,"S"
29285,"NIO-Worker",1419294808079990,14531,"R"
29285,"NIO-Worker",1419294808094521,198125,"Running"
29285,"NIO-Worker",1419294808292646,70625,"R+"
29285,"NIO-Worker",1419294808363271,7032,"Running"
29285,"NIO-Worker",1419294808370303,149375,"S"
29285,"NIO-Worker",1419294808519678,11093,"R"
29285,"NIO-Worker",1419294808530771,19375,"Running"
29285,"NIO-Worker",1419294808550146,59792,"S"
29285,"NIO-Worker",1419294808609938,14583,"R"
29285,"NIO-Worker",1419294808624521,42344,"Running"
29285,"NIO-Worker",1419294808666865,56979,"S"
29285,"NIO-Worker",1419294808723844,14271,"R"
29285,"NIO-Worker",1419294808738115,2431354,"Running"
29285,"NIO-Worker",1419294811169469,25365,"R+"
29285,"NIO-Worker",1419294811194834,265104,"Running"
29165,"nio-stream-prod",1419294811266240,39792,"R"
29165,"nio-stream-prod",1419294811306032,151302,"Running"
29136,"nio-webserver-r",1419294811357334,136875,"R"
29165,"nio-stream-prod",1419294811457334,200104,"S"
29285,"NIO-Worker",1419294811459938,411835052,"S"
29136,"nio-webserver-r",1419294811494209,320156,"Running"
29165,"nio-stream-prod",1419294811657438,22708,"R"
29165,"nio-stream-prod",1419294811680146,12657,"Running"
29165,"nio-stream-prod",1419294811692803,50625,"R+"
29165,"nio-stream-prod",1419294811743428,7343,"Running"
29165,"nio-stream-prod",1419294811750771,782,"S"
29165,"nio-stream-prod",1419294811751553,28906,"R"
29165,"nio-stream-prod",1419294811780459,35885,"Running"
29136,"nio-webserver-r",1419294811814365,20932656,"S"
29165,"nio-stream-prod",1419294811816344,38177,"S"
29165,"nio-stream-prod",1419294811854521,19219,"R"
29165,"nio-stream-prod",1419294811873740,2410000,"Running"
29165,"nio-stream-prod",1419294814283740,213542,"R"
29165,"nio-stream-prod",1419294814497282,7997083,"Running"
29165,"nio-stream-prod",1419294822494365,89063,"R"
29165,"nio-stream-prod",1419294822583428,6311979,"Running"
29165,"nio-stream-prod",1419294828895407,5468,"R"
29165,"nio-stream-prod",1419294828900875,1321771,"Running"
29165,"nio-stream-prod",1419294830222646,13282,"R"
29165,"nio-stream-prod",1419294830235928,2595000,"Running"
29136,"nio-webserver-r",1419294832747021,27032,"R"
29136,"nio-webserver-r",1419294832774053,70625,"Running"
29165,"nio-stream-prod",1419294832830928,53125,"R+"
29136,"nio-webserver-r",1419294832844678,5937,"R"
29136,"nio-webserver-r",1419294832850615,362292,"Running"
29165,"nio-stream-prod",1419294832884053,175104,"Running"
29165,"nio-stream-prod",1419294833059157,36934271,"S"
29136,"nio-webserver-r",1419294833212907,25899583,"S"
29136,"nio-webserver-r",1419294859112490,54688,"R"
29136,"nio-webserver-r",1419294859167178,104218,"Running"
29136,"nio-webserver-r",1419294859271396,60469,"S"
29136,"nio-webserver-r",1419294859331865,29635,"R"
29136,"nio-webserver-r",1419294859361500,158021,"Running"
29136,"nio-webserver-r",1419294859519521,457500,"S"
29136,"nio-webserver-r",1419294859977021,19063,"R"
29136,"nio-webserver-r",1419294859996084,353229,"Running"
29286,"NIO-Worker",1419294860309782,23958,"R"
29286,"NIO-Worker",1419294860333740,300417,"Running"
29136,"nio-webserver-r",1419294860349313,9748125,"S"
29286,"NIO-Worker",1419294860634157,5210208,"S"
29286,"NIO-Worker",1419294865844365,22760,"R"
29286,"NIO-Worker",1419294865867125,434532,"Running"
29286,"NIO-Worker",1419294866301657,107396,"S"
29286,"NIO-Worker",1419294866409053,16875,"R"
29286,"NIO-Worker",1419294866425928,40312,"Running"
29286,"NIO-Worker",1419294866466240,193125,"S"
29286,"NIO-Worker",1419294866659365,15625,"R"
29286,"NIO-Worker",1419294866674990,178073,"Running"
29286,"NIO-Worker",1419294866853063,229271,"S"
29286,"NIO-Worker",1419294867082334,17604,"R"
29286,"NIO-Worker",1419294867099938,38594,"Running"
29286,"NIO-Worker",1419294867138532,54114,"S"
29286,"NIO-Worker",1419294867192646,15625,"R"
29286,"NIO-Worker",1419294867208271,37188,"Running"
29286,"NIO-Worker",1419294867245459,41666,"S"
29286,"NIO-Worker",1419294867287125,22240,"R"
29286,"NIO-Worker",1419294867309365,2545000,"Running"
29286,"NIO-Worker",1419294869854365,22031,"S"
29286,"NIO-Worker",1419294869876396,38386,"R"
29286,"NIO-Worker",1419294869914782,216718,"Running"
29165,"nio-stream-prod",1419294869993428,47447,"R"
29165,"nio-stream-prod",1419294870040875,108490,"Running"
29136,"nio-webserver-r",1419294870097438,32552,"R"
29136,"nio-webserver-r",1419294870129990,259531,"Running"
29286,"NIO-Worker",1419294870131500,407124844,"S"
29165,"nio-stream-prod",1419294870149365,185729,"S"
29165,"nio-stream-prod",1419294870335094,15156,"R"
29165,"nio-stream-prod",1419294870350250,24532,"Running"
29165,"nio-stream-prod",1419294870374782,38021,"S"
29136,"nio-webserver-r",1419294870389521,28304011,"S"
29165,"nio-stream-prod",1419294870412803,27656,"R"
29165,"nio-stream-prod",1419294870440459,36406,"Running"
29165,"nio-stream-prod",1419294870476865,36563,"S"
29165,"nio-stream-prod",1419294870513428,39635,"R"
29165,"nio-stream-prod",1419294870553063,1278646,"Running"
29165,"nio-stream-prod",1419294871831709,16094,"R"
29165,"nio-stream-prod",1419294871847803,42656,"Running"
29165,"nio-stream-prod",1419294871890459,42916,"R+"
29165,"nio-stream-prod",1419294871933375,622032,"Running"
29165,"nio-stream-prod",1419294872555407,30156,"R"
29165,"nio-stream-prod",1419294872585563,8247708,"Running"
29165,"nio-stream-prod",1419294880833271,78854,"R"
29165,"nio-stream-prod",1419294880912125,1690000,"Running"
29165,"nio-stream-prod",1419294882602125,9584,"R"
29165,"nio-stream-prod",1419294882611709,23594,"Running"
29165,"nio-stream-prod",1419294882635303,11666,"R"
29165,"nio-stream-prod",1419294882646969,8802,"Running"
29165,"nio-stream-prod",1419294882655771,7344,"R"
29165,"nio-stream-prod",1419294882663115,150000,"Running"
29165,"nio-stream-prod",1419294882813115,10781,"R"
29165,"nio-stream-prod",1419294882823896,1710313,"Running"
29165,"nio-stream-prod",1419294884534209,8229,"R"
29165,"nio-stream-prod",1419294884542438,993125,"Running"
29165,"nio-stream-prod",1419294885535563,15469,"R+"
29165,"nio-stream-prod",1419294885551032,15468,"Running"
29165,"nio-stream-prod",1419294885566500,8803,"R"
29165,"nio-stream-prod",1419294885575303,3156406,"Running"
29165,"nio-stream-prod",1419294888731709,134531,"R"
29165,"nio-stream-prod",1419294888866240,165885,"Running"
29165,"nio-stream-prod",1419294889032125,9584,"R"
29165,"nio-stream-prod",1419294889041709,104531,"Running"
29165,"nio-stream-prod",1419294889146240,8125,"R"
29165,"nio-stream-prod",1419294889154365,244375,"Running"
29165,"nio-stream-prod",1419294889398740,31667,"R"
29165,"nio-stream-prod",1419294889430407,104739,"Running"
29165,"nio-stream-prod",1419294889535146,100157,"R"
29165,"nio-stream-prod",1419294889635303,7205260,"Running"
29165,"nio-stream-prod",1419294896840563,46771,"R+"
29165,"nio-stream-prod",1419294896887334,1876041,"Running"
29136,"nio-webserver-r",1419294898693532,47187,"R"
29136,"nio-webserver-r",1419294898740719,66459,"Running"
29165,"nio-stream-prod",1419294898763375,29271,"R+"
29165,"nio-stream-prod",1419294898792646,6094,"Running"
29165,"nio-stream-prod",1419294898798740,21823,"S"
29136,"nio-webserver-r",1419294898807178,12291,"R"
29136,"nio-webserver-r",1419294898819469,90209,"Running"
29165,"nio-stream-prod",1419294898820563,41302,"Running"
29165,"nio-stream-prod",1419294898861865,26335573,"S"
29136,"nio-webserver-r",1419294898909678,12343,"R+"
29136,"nio-webserver-r",1419294898922021,26094,"Running"
29136,"nio-webserver-r",1419294898948115,54844,"R+"
29136,"nio-webserver-r",1419294899002959,165729,"Running"
29136,"nio-webserver-r",1419294899168688,131146,"R+"
29136,"nio-webserver-r",1419294899299834,8594,"Running"
29136,"nio-webserver-r",1419294899308428,13750,"R+"
29136,"nio-webserver-r",1419294899322178,272031,"Running"
29136,"nio-webserver-r",1419294899594209,10245156,"S"
29136,"nio-webserver-r",1419294909839365,52917,"R"
29136,"nio-webserver-r",1419294909892282,133281,"Running"
29136,"nio-webserver-r",1419294910025563,35677,"S"
29136,"nio-webserver-r",1419294910061240,28073,"R"
29136,"nio-webserver-r",1419294910089313,145208,"Running"
29136,"nio-webserver-r",1419294910234521,458125,"S"
29136,"nio-webserver-r",1419294910692646,42500,"R"
29136,"nio-webserver-r",1419294910735146,344532,"Running"
29138,"NIO-Worker",1419294911046500,16250,"R"
29138,"NIO-Worker",1419294911062750,267344,"Running"
29136,"nio-webserver-r",1419294911079678,14226093,"S"
29138,"NIO-Worker",1419294911330094,9278802,"S"
29138,"NIO-Worker",1419294920608896,12500,"R"
29138,"NIO-Worker",1419294920621396,240313,"Running"
29138,"NIO-Worker",1419294920861709,59323,"S"
29138,"NIO-Worker",1419294920921032,12083,"R"
29138,"NIO-Worker",1419294920933115,26094,"Running"
29138,"NIO-Worker",1419294920959209,14375,"S"
29138,"NIO-Worker",1419294920973584,252760,"Running"
29138,"NIO-Worker",1419294921226344,117344,"S"
29138,"NIO-Worker",1419294921343688,18489,"R"
29138,"NIO-Worker",1419294921362177,34011,"Running"
29138,"NIO-Worker",1419294921396188,191771,"S"
29138,"NIO-Worker",1419294921587959,15625,"R"
29138,"NIO-Worker",1419294921603584,210937,"Running"
29138,"NIO-Worker",1419294921814521,238854,"S"
29138,"NIO-Worker",1419294922053375,15521,"R"
29138,"NIO-Worker",1419294922068896,23125,"Running"
29138,"NIO-Worker",1419294922092021,61511,"S"
29138,"NIO-Worker",1419294922153532,16927,"R"
29138,"NIO-Worker",1419294922170459,45000,"Running"
29138,"NIO-Worker",1419294922215459,50104,"S"
29138,"NIO-Worker",1419294922265563,19114,"R"
29138,"NIO-Worker",1419294922284677,528750,"Running"
29138,"NIO-Worker",1419294922813427,199219,"R"
29138,"NIO-Worker",1419294923012646,1881094,"Running"
29138,"NIO-Worker",1419294924893740,9531,"R"
29138,"NIO-Worker",1419294924903271,162188,"Running"
29138,"NIO-Worker",1419294925065459,27812,"S"
29138,"NIO-Worker",1419294925093271,21094,"R"
29138,"NIO-Worker",1419294925114365,224062,"Running"
29165,"nio-stream-prod",1419294925197438,27552,"R"
29165,"nio-stream-prod",1419294925224990,94375,"Running"
29136,"nio-webserver-r",1419294925305771,15261,"R"
29165,"nio-stream-prod",1419294925319365,220469,"S"
29136,"nio-webserver-r",1419294925321032,238489,"Running"
29138,"NIO-Worker",1419294925338427,402317500,"S"
29165,"nio-stream-prod",1419294925539834,15260,"R"
29165,"nio-stream-prod",1419294925555094,31771,"Running"
29136,"nio-webserver-r",1419294925559521,14585000,"S"
29165,"nio-stream-prod",1419294925586865,54844,"S"
29165,"nio-stream-prod",1419294925641709,19010,"R"
29165,"nio-stream-prod",1419294925660719,42240,"Running"
29165,"nio-stream-prod",1419294925702959,61718,"S"
29165,"nio-stream-prod",1419294925764677,14688,"R"
29165,"nio-stream-prod",1419294925779365,4428229,"Running"
29165,"nio-stream-prod",1419294930207594,46458,"R"
29165,"nio-stream-prod",1419294930254052,670000,"Running"
29165,"nio-stream-prod",1419294930924052,126719,"R+"
29165,"nio-stream-prod",1419294931050771,1872344,"Running"
29165,"nio-stream-prod",1419294932923115,57187,"R"
29165,"nio-stream-prod",1419294932980302,5543907,"Running"
29165,"nio-stream-prod",1419294938524209,136510,"R"
29165,"nio-stream-prod",1419294938660719,589583,"Running"
29165,"nio-stream-prod",1419294939250302,33073,"R"
29165,"nio-stream-prod",1419294939283375,13490,"Running"
29165,"nio-stream-prod",1419294939296865,12448,"R"
29165,"nio-stream-prod",1419294939309313,886875,"Running"
29136,"nio-webserver-r",1419294940144521,29063,"R"
29136,"nio-webserver-r",1419294940173584,202448,"Running"
29165,"nio-stream-prod",1419294940196188,9896,"R+"
29165,"nio-stream-prod",1419294940206084,6093,"Running"
29165,"nio-stream-prod",1419294940212177,23750,"S"
29165,"nio-stream-prod",1419294940235927,62813,"R"
29165,"nio-stream-prod",1419294940298740,161719,"Running"
29136,"nio-webserver-r",1419294940376032,108333,"R+"
29165,"nio-stream-prod",1419294940460459,37187,"R"
29136,"nio-webserver-r",1419294940484365,97969,"Running"
29165,"nio-stream-prod",1419294940497646,43386,"Running"
29165,"nio-stream-prod",1419294940541032,12656,"S"
29165,"nio-stream-prod",1419294940553688,23802,"R"
29165,"nio-stream-prod",1419294940577490,62344,"Running"
29136,"nio-webserver-r",1419294940582334,16875,"S"
29136,"nio-webserver-r",1419294940599209,26718,"R"
29136,"nio-webserver-r",1419294940625927,241563,"Running"
29165,"nio-stream-prod",1419294940639834,28450781,"S"
29136,"nio-webserver-r",1419294940867490,22460156,"S"
29136,"nio-webserver-r",1419294963327646,48750,"R"
29136,"nio-webserver-r",1419294963376396,96094,"Running"
29136,"nio-webserver-r",1419294963472490,41979,"R+"
29136,"nio-webserver-r",1419294963514469,72083,"Running"
29136,"nio-webserver-r",1419294963586552,22500,"S"
29136,"nio-webserver-r",1419294963609052,42344,"R"
29136,"nio-webserver-r",1419294963651396,163125,"Running"
29136,"nio-webserver-r",1419294963814521,489375,"S"
29136,"nio-webserver-r",1419294964303896,39375,"R"
29136,"nio-webserver-r",1419294964343271,330781,"Running"
29252,"NIO-Worker",1419294964630719,43281,"R"
29252,"NIO-Worker",1419294964674000,756563,"Running"
29136,"nio-webserver-r",1419294964674052,4502605,"S"
29252,"NIO-Worker",1419294965430563,104427,"S"
29252,"NIO-Worker",1419294965534990,16875,"R"
29252,"NIO-Worker",1419294965551865,33125,"Running"
29252,"NIO-Worker",1419294965584990,42344,"R+"
29252,"NIO-Worker",1419294965627334,4375,"Running"
29252,"NIO-Worker",1419294965631709,160156,"S"
29252,"NIO-Worker",1419294965791865,39375,"R"
29252,"NIO-Worker",1419294965831240,215469,"Running"
29252,"NIO-Worker",1419294966046709,71562,"R+"
29252,"NIO-Worker",1419294966118271,6667,"Running"
29252,"NIO-Worker",1419294966124938,112500,"S"
29252,"NIO-Worker",1419294966237438,48906,"R"
29252,"NIO-Worker",1419294966286344,14271,"Running"
29252,"NIO-Worker",1419294966300615,40104,"S"
29252,"NIO-Worker",1419294966340719,16250,"R"
29252,"NIO-Worker",1419294966356969,38021,"Running"
29252,"NIO-Worker",1419294966394990,38594,"S"
29252,"NIO-Worker",1419294966433584,18906,"R"
29252,"NIO-Worker",1419294966452490,2487344,"Running"
29252,"NIO-Worker",1419294968939834,36093,"R+"
29252,"NIO-Worker",1419294968975927,297032,"Running"
29165,"nio-stream-prod",1419294969090615,25000,"R"
29165,"nio-stream-prod",1419294969115615,189062,"Running"
29136,"nio-webserver-r",1419294969176657,55468,"R"
29136,"nio-webserver-r",1419294969232125,161615,"Running"
29252,"NIO-Worker",1419294969272959,412173697,"S"
29165,"nio-stream-prod",1419294969304677,241823,"S"
29136,"nio-webserver-r",1419294969393740,69323,"R+"
29136,"nio-webserver-r",1419294969463063,42708,"Running"
29136,"nio-webserver-r",1419294969505771,12307656,"S"
29165,"nio-stream-prod",1419294969546500,14896,"R"
29165,"nio-stream-prod",1419294969561396,18542,"Running"
29165,"nio-stream-prod",1419294969579938,103021,"R+"
29165,"nio-stream-prod",1419294969682959,74062,"Running"
29165,"nio-stream-prod",1419294969757021,34375,"S"
29165,"nio-stream-prod",1419294969791396,50469,"R"
29165,"nio-stream-prod",1419294969841865,3024635,"Running"
29165,"nio-stream-prod",1419294972866500,75990,"R"
29165,"nio-stream-prod",1419294972942490,7204167,"Running"
29165,"nio-stream-prod",1419294980146657,14531,"R"
29165,"nio-stream-prod",1419294980161188,203958,"Running"
29165,"nio-stream-prod",1419294980365146,11094,"R"
29165,"nio-stream-prod",1419294980376240,111042,"Running"
29165,"nio-stream-prod",1419294980487282,12708,"R"
29165,"nio-stream-prod",1419294980499990,217500,"Running"
29165,"nio-stream-prod",1419294980717490,31094,"R"
29165,"nio-stream-prod",1419294980748584,97448,"Running"
29165,"nio-stream-prod",1419294980846032,6093,"R"
29165,"nio-stream-prod",1419294980852125,15521,"Running"
29165,"nio-stream-prod",1419294980867646,16719,"R"
29165,"nio-stream-prod",1419294980884365,21979,"Running"
29165,"nio-stream-prod",1419294980906344,97708,"R"
29165,"nio-stream-prod",1419294981004052,858750,"Running"
29136,"nio-webserver-r",1419294981813427,18698,"R"
29136,"nio-webserver-r",1419294981832125,193490,"Running"
29165,"nio-stream-prod",1419294981862802,53594,"R+"
29165,"nio-stream-prod",1419294981916396,23594,"Running"
29165,"nio-stream-prod",1419294981939990,48437,"R"
29165,"nio-stream-prod",1419294981988427,4375,"Running"
29165,"nio-stream-prod",1419294981992802,6823,"R"
29165,"nio-stream-prod",1419294981999625,173177,"Running"
29136,"nio-webserver-r",1419294982025615,76250,"R+"
29136,"nio-webserver-r",1419294982101865,77448,"Running"
29165,"nio-stream-prod",1419294982172802,82032,"S"
29136,"nio-webserver-r",1419294982179313,39427,"R+"
29136,"nio-webserver-r",1419294982218740,94167,"Running"
29165,"nio-stream-prod",1419294982254834,58073,"R"
29136,"nio-webserver-r",1419294982312907,24895,"S"
29165,"nio-stream-prod",1419294982312907,64218,"Running"
29136,"nio-webserver-r",1419294982337802,12188,"R"
29136,"nio-webserver-r",1419294982349990,59062,"Running"
29165,"nio-stream-prod",1419294982377125,50098334,"S"
29136,"nio-webserver-r",1419294982409052,6355,"R"
29136,"nio-webserver-r",1419294982415407,186927,"Running"
29136,"nio-webserver-r",1419294982602334,34372968,"S"
29136,"nio-webserver-r",1419295016975302,52500,"R"
29136,"nio-webserver-r",1419295017027802,101250,"Running"
29136,"nio-webserver-r",1419295017129052,46719,"S"
29136,"nio-webserver-r",1419295017175771,11094,"R"
29136,"nio-webserver-r",1419295017186865,4635,"Running"
29136,"nio-webserver-r",1419295017191500,70990,"S"
29136,"nio-webserver-r",1419295017262490,24687,"R"
29136,"nio-webserver-r",1419295017287177,169375,"Running"
29136,"nio-webserver-r",1419295017456552,331198,"S"
29136,"nio-webserver-r",1419295017787750,28594,"R"
29136,"nio-webserver-r",1419295017816344,321927,"Running"
29267,"NIO-Worker",1419295018102907,35364,"R"
29136,"nio-webserver-r",1419295018138271,14425156,"S"
29267,"NIO-Worker",1419295018138271,271198,"Running"
29267,"NIO-Worker",1419295018409469,9669583,"S"
29267,"NIO-Worker",1419295028079052,54375,"R"
29267,"NIO-Worker",1419295028133427,496719,"Running"
29267,"NIO-Worker",1419295028630146,238750,"S"
29267,"NIO-Worker",1419295028868896,14323,"R"
29267,"NIO-Worker",1419295028883219,36563,"Running"
29267,"NIO-Worker",1419295028919782,35520,"R+"
29267,"NIO-Worker",1419295028955302,4688,"Running"
29267,"NIO-Worker",1419295028959990,159635,"S"
29267,"NIO-Worker",1419295029119625,45625,"R"
29267,"NIO-Worker",1419295029165250,222188,"Running"
29267,"NIO-Worker",1419295029387438,207864,"S"
29267,"NIO-Worker",1419295029595302,18073,"R"
29267,"NIO-Worker",1419295029613375,25782,"Running"
29267,"NIO-Worker",1419295029639157,59114,"S"
29267,"NIO-Worker",1419295029698271,15313,"R"
29267,"NIO-Worker",1419295029713584,42135,"Running"
29267,"NIO-Worker",1419295029755719,40208,"S"
29267,"NIO-Worker",1419295029795927,14219,"R"
29267,"NIO-Worker",1419295029810146,1077344,"Running"
29267,"NIO-Worker",1419295030887490,62500,"R"
29267,"NIO-Worker",1419295030949990,1388750,"Running"
29267,"NIO-Worker",1419295032338740,26875,"S"
29267,"NIO-Worker",1419295032365615,25469,"R"
29267,"NIO-Worker",1419295032391084,217760,"Running"
29165,"nio-stream-prod",1419295032475459,33593,"R"
29165,"nio-stream-prod",1419295032509052,100000,"Running"
29136,"nio-webserver-r",1419295032563427,27188,"R"
29136,"nio-webserver-r",1419295032590615,198281,"Running"
29165,"nio-stream-prod",1419295032609052,241198,"S"
29136,"nio-webserver-r",1419295032788896,137500,"R+"
29165,"nio-stream-prod",1419295032850250,13490,"R"
29165,"nio-stream-prod",1419295032863740,19531,"Running"
29165,"nio-stream-prod",1419295032883271,45573,"S"
29136,"nio-webserver-r",1419295032926396,71511,"Running"
29165,"nio-stream-prod",1419295032928844,86875,"R"
29136,"nio-webserver-r",1419295032997907,9624583,"S"
29165,"nio-stream-prod",1419295033015719,42865,"Running"
29165,"nio-stream-prod",1419295033058584,99791,"S"
29165,"nio-stream-prod",1419295033158375,21459,"R"
29165,"nio-stream-prod",1419295033179834,5819791,"Running"
29165,"nio-stream-prod",1419295038999625,48490,"R"
29165,"nio-stream-prod",1419295039048115,87187,"Running"
29165,"nio-stream-prod",1419295039135302,64375,"R"
29165,"nio-stream-prod",1419295039199677,26875,"Running"
29165,"nio-stream-prod",1419295039226552,17032,"R"
29165,"nio-stream-prod",1419295039243584,995625,"Running"
29165,"nio-stream-prod",1419295040239209,22812,"R"
29165,"nio-stream-prod",1419295040262021,2429688,"Running"
29136,"nio-webserver-r",1419295042622490,27500,"R"
29136,"nio-webserver-r",1419295042649990,430573,"Running"
29165,"nio-stream-prod",1419295042691709,46666,"R+"
29165,"nio-stream-prod",1419295042738375,165052,"Running"
29165,"nio-stream-prod",1419295042903427,40993698,"S"
29136,"nio-webserver-r",1419295043080563,24966719,"S"
29136,"nio-webserver-r",1419295068047282,67968,"R"
29136,"nio-webserver-r",1419295068115250,117084,"Running"
29136,"nio-webserver-r",1419295068232334,133750,"S"
29136,"nio-webserver-r",1419295068366084,42291,"R"
29136,"nio-webserver-r",1419295068408375,162084,"Running"
29136,"nio-webserver-r",1419295068570459,552031,"S"
29136,"nio-webserver-r",1419295069122490,49531,"R"
29136,"nio-webserver-r",1419295069172021,296042,"Running"
29277,"NIO-Worker",1419295069442282,22552,"R"
29277,"NIO-Worker",1419295069464834,369687,"Running"
29136,"nio-webserver-r",1419295069468063,14537552,"S"
29277,"NIO-Worker",1419295069834521,8992344,"S"
29277,"NIO-Worker",1419295078826865,35312,"R"
29277,"NIO-Worker",1419295078862177,235000,"Running"
29277,"NIO-Worker",1419295079097177,12500,"S"
29277,"NIO-Worker",1419295079109677,16511,"R"
29277,"NIO-Worker",1419295079126188,50521,"Running"
29277,"NIO-Worker",1419295079176709,13750,"S"
29277,"NIO-Worker",1419295079190459,240312,"Running"
29277,"NIO-Worker",1419295079430771,123438,"S"
29277,"NIO-Worker",1419295079554209,15312,"R"
29277,"NIO-Worker",1419295079569521,43073,"Running"
29277,"NIO-Worker",1419295079612594,204896,"S"
29277,"NIO-Worker",1419295079817490,23437,"R"
29277,"NIO-Worker",1419295079840927,200417,"Running"
29277,"NIO-Worker",1419295080041344,567552,"S"
29277,"NIO-Worker",1419295080608896,19375,"R"
29277,"NIO-Worker",1419295080628271,23125,"Running"
29277,"NIO-Worker",1419295080651396,65313,"R+"
29277,"NIO-Worker",1419295080716709,54062,"Running"
29277,"NIO-Worker",1419295080770771,95729,"R+"
29277,"NIO-Worker",1419295080866500,11927,"Running"
29277,"NIO-Worker",1419295080878427,155625,"S"
29277,"NIO-Worker",1419295081034052,10886,"R"
29277,"NIO-Worker",1419295081044938,1806614,"Running"
29277,"NIO-Worker",1419295082851552,65730,"R"
29277,"NIO-Worker",1419295082917282,49062,"Running"
29277,"NIO-Worker",1419295082966344,9271,"R"
29277,"NIO-Worker",1419295082975615,33594,"Running"
29277,"NIO-Worker",1419295083009209,70729,"R"
29277,"NIO-Worker",1419295083079938,660156,"Running"
29277,"NIO-Worker",1419295083740094,24115,"S"
29277,"NIO-Worker",1419295083764209,35625,"R"
29277,"NIO-Worker",1419295083799834,249218,"Running"
29165,"nio-stream-prod",1419295083897125,29584,"R"
29165,"nio-stream-prod",1419295083926709,114791,"Running"
29136,"nio-webserver-r",1419295084005615,20417,"R"
29136,"nio-webserver-r",1419295084026032,253281,"Running"
29165,"nio-stream-prod",1419295084041500,250313,"S"
29136,"nio-webserver-r",1419295084279313,17746771,"S"
29165,"nio-stream-prod",1419295084291813,18646,"R"
29165,"nio-stream-prod",1419295084310459,35468,"Running"
29165,"nio-stream-prod",1419295084345927,56407,"S"
29165,"nio-stream-prod",1419295084402334,13437,"R"
29165,"nio-stream-prod",1419295084415771,36875,"Running"
29165,"nio-stream-prod",1419295084452646,42761,"R+"
29165,"nio-stream-prod",1419295084495407,4427,"Running"
29165,"nio-stream-prod",1419295084499834,19218,"S"
29165,"nio-stream-prod",1419295084519052,431042,"Running"
29165,"nio-stream-prod",1419295084950094,8281,"R"
29165,"nio-stream-prod",1419295084958375,701302,"Running"
29165,"nio-stream-prod",1419295085659677,19636,"R"
29165,"nio-stream-prod",1419295085679313,2763802,"Running"
29165,"nio-stream-prod",1419295088443115,173906,"R"
29165,"nio-stream-prod",1419295088617021,44063,"Running"
29165,"nio-stream-prod",1419295088661084,13750,"R"
29165,"nio-stream-prod",1419295088674834,197031,"Running"
29165,"nio-stream-prod",1419295088871865,8281,"R"
29165,"nio-stream-prod",1419295088880146,181511,"Running"
29165,"nio-stream-prod",1419295089061657,25989,"R"
29165,"nio-stream-prod",1419295089087646,94063,"Running"
29165,"nio-stream-prod",1419295089181709,175000,"R"
29165,"nio-stream-prod",1419295089356709,1328437,"Running"
29165,"nio-stream-prod",1419295090685146,10781,"R"
29165,"nio-stream-prod",1419295090695927,1062188,"Running"
29165,"nio-stream-prod",1419295091758115,17812,"R"
29165,"nio-stream-prod",1419295091775927,1119688,"Running"
29165,"nio-stream-prod",1419295092895615,18698,"R"
29165,"nio-stream-prod",1419295092914313,597552,"Running"
29165,"nio-stream-prod",1419295093511865,24219,"R"
29165,"nio-stream-prod",1419295093536084,3231406,"Running"
29165,"nio-stream-prod",1419295096767490,35000,"R"
29165,"nio-stream-prod",1419295096802490,18594,"Running"
29165,"nio-stream-prod",1419295096821084,37604,"R"
29165,"nio-stream-prod",1419295096858688,895937,"Running"
29165,"nio-stream-prod",1419295097754625,212344,"R"
29165,"nio-stream-prod",1419295097966969,2228490,"Running"
29165,"nio-stream-prod",1419295100195459,28125,"R"
29165,"nio-stream-prod",1419295100223584,679531,"Running"
29165,"nio-stream-prod",1419295100903115,65000,"R"
29165,"nio-stream-prod",1419295100968115,1132031,"Running"
29136,"nio-webserver-r",1419295102026084,22031,"R"
29136,"nio-webserver-r",1419295102048115,296823,"Running"
29165,"nio-stream-prod",1419295102100146,58594,"S"
29165,"nio-stream-prod",1419295102158740,27031,"R"
29165,"nio-stream-prod",1419295102185771,250261,"Running"
29136,"nio-webserver-r",1419295102344938,64219,"S"
29136,"nio-webserver-r",1419295102409157,333177,"Running"
29165,"nio-stream-prod",1419295102436032,26618593,"S"
29136,"nio-webserver-r",1419295102742334,17598125,"S"
29136,"nio-webserver-r",1419295120340459,57760,"R"
29136,"nio-webserver-r",1419295120398219,252083,"Running"
29136,"nio-webserver-r",1419295120650302,322344,"S"
29136,"nio-webserver-r",1419295120972646,9792,"R"
29136,"nio-webserver-r",1419295120982438,6458,"Running"
29136,"nio-webserver-r",1419295120988896,62500,"S"
29136,"nio-webserver-r",1419295121051396,15417,"R"
29136,"nio-webserver-r",1419295121066813,239531,"Running"
29136,"nio-webserver-r",1419295121306344,171250,"S"
29136,"nio-webserver-r",1419295121477594,46927,"R"
29136,"nio-webserver-r",1419295121524521,49792,"Running"
29136,"nio-webserver-r",1419295121574313,11302,"R"
29136,"nio-webserver-r",1419295121585615,150937,"Running"
29136,"nio-webserver-r",1419295121736552,26407,"R"
29136,"nio-webserver-r",1419295121762959,38073,"Running"
29136,"nio-webserver-r",1419295121801032,49427,"R"
29136,"nio-webserver-r",1419295121850459,92656,"Running"
29136,"nio-webserver-r",1419295121943115,161667,"R"
29136,"nio-webserver-r",1419295122104782,74427,"Running"
29279,"NIO-Worker",1419295122146865,300781,"R"
29136,"nio-webserver-r",1419295122179209,7016093,"S"
29279,"NIO-Worker",1419295122447646,132292,"Running"
29279,"NIO-Worker",1419295122579938,12708,"R"
29279,"NIO-Worker",1419295122592646,113281,"Running"
29279,"NIO-Worker",1419295122705927,238073,"R"
29279,"NIO-Worker",1419295122944000,176719,"Running"
29279,"NIO-Worker",1419295123120719,1309583,"S"
29279,"NIO-Worker",1419295124430302,15417,"R"
29279,"NIO-Worker",1419295124445719,417396,"Running"
29279,"NIO-Worker",1419295124863115,19323,"R+"
29279,"NIO-Worker",1419295124882438,21927,"Running"
29279,"NIO-Worker",1419295124904365,184010,"R+"
29279,"NIO-Worker",1419295125088375,25677,"Running"
29279,"NIO-Worker",1419295125114052,223855,"S"
29279,"NIO-Worker",1419295125337907,121145,"R"
29279,"NIO-Worker",1419295125459052,243073,"Running"
29279,"NIO-Worker",1419295125702125,9271,"R+"
29279,"NIO-Worker",1419295125711396,9479,"Running"
29279,"NIO-Worker",1419295125720875,265834,"S"
29279,"NIO-Worker",1419295125986709,15468,"R"
29279,"NIO-Worker",1419295126002177,19844,"Running"
29279,"NIO-Worker",1419295126022021,82500,"R+"
29279,"NIO-Worker",1419295126104521,48750,"Running"
29279,"NIO-Worker",1419295126153271,68073,"S"
29279,"NIO-Worker",1419295126221344,16250,"R"
29279,"NIO-Worker",1419295126237594,772552,"Running"
29279,"NIO-Worker",1419295127010146,9531,"R"
29279,"NIO-Worker",1419295127019677,40573,"Running"
29279,"NIO-Worker",1419295127060250,10938,"R"
29279,"NIO-Worker",1419295127071188,145364,"Running"
29279,"NIO-Worker",1419295127216552,112292,"R"
29279,"NIO-Worker",1419295127328844,1583125,"Running"
29279,"NIO-Worker",1419295128911969,26615,"R+"
29279,"NIO-Worker",1419295128938584,295312,"Running"
29165,"nio-stream-prod",1419295129054625,43021,"R"
29165,"nio-stream-prod",1419295129097646,131198,"Running"
29136,"nio-webserver-r",1419295129195302,17188,"R"
29136,"nio-webserver-r",1419295129212490,271406,"Running"
29165,"nio-stream-prod",1419295129228844,367865,"R+"
29136,"nio-webserver-r",1419295129483896,19986563,"S"
29165,"nio-stream-prod",1419295129596709,36979,"Running"
29165,"nio-stream-prod",1419295129633688,29375,"S"
29165,"nio-stream-prod",1419295129663063,13021,"R"
29165,"nio-stream-prod",1419295129676084,49218,"Running"
29165,"nio-stream-prod",1419295129725302,50625,"S"
29165,"nio-stream-prod",1419295129775927,16042,"R"
29165,"nio-stream-prod",1419295129791969,19742552,"Running"
29136,"nio-webserver-r",1419295149470459,13437,"R"
29136,"nio-webserver-r",1419295149483896,409688,"Running"
29165,"nio-stream-prod",1419295149534521,23698,"R+"
29165,"nio-stream-prod",1419295149558219,262344,"Running"
29165,"nio-stream-prod",1419295149820563,11458,"S"
29165,"nio-stream-prod",1419295149832021,48750,"R"
29165,"nio-stream-prod",1419295149880771,108542,"Running"
29136,"nio-webserver-r",1419295149893584,32812,"S"
29136,"nio-webserver-r",1419295149926396,11979,"R"
29136,"nio-webserver-r",1419295149938375,209375,"Running"
29165,"nio-stream-prod",1419295149989313,27682552,"S"
29136,"nio-webserver-r",1419295150147750,20739844,"S"
29136,"nio-webserver-r",1419295170887594,33021,"R"
29136,"nio-webserver-r",1419295170920615,82292,"Running"
29136,"nio-webserver-r",1419295171002907,178177,"S"
29136,"nio-webserver-r",1419295171181084,37031,"R"
29136,"nio-webserver-r",1419295171218115,151667,"Running"
29136,"nio-webserver-r",1419295171369782,485833,"S"
29136,"nio-webserver-r",1419295171855615,86875,"R"
29136,"nio-webserver-r",1419295171942490,331406,"Running"
29284,"NIO-Worker",1419295172246396,24323,"R"
29284,"NIO-Worker",1419295172270719,102865,"Running"
29136,"nio-webserver-r",1419295172273896,5469844,"S"
29284,"NIO-Worker",1419295172373584,205937,"R"
29284,"NIO-Worker",1419295172579521,296094,"Running"
29284,"NIO-Worker",1419295172875615,524687,"S"
29284,"NIO-Worker",1419295173400302,20730,"R"
29284,"NIO-Worker",1419295173421032,422864,"Running"
29284,"NIO-Worker",1419295173843896,70156,"R+"
29284,"NIO-Worker",1419295173914052,4636,"Running"
29284,"NIO-Worker",1419295173918688,41614,"S"
29284,"NIO-Worker",1419295173960302,14636,"R"
29284,"NIO-Worker",1419295173974938,34896,"Running"
29284,"NIO-Worker",1419295174009834,306718,"S"
29284,"NIO-Worker",1419295174316552,25157,"R"
29284,"NIO-Worker",1419295174341709,241666,"Running"
29284,"NIO-Worker",1419295174583375,224375,"S"
29284,"NIO-Worker",1419295174807750,18438,"R"
29284,"NIO-Worker",1419295174826188,25052,"Running"
29284,"NIO-Worker",1419295174851240,50000,"S"
29284,"NIO-Worker",1419295174901240,27500,"R"
29284,"NIO-Worker",1419295174928740,39635,"Running"
29284,"NIO-Worker",1419295174968375,42240,"S"
29284,"NIO-Worker",1419295175010615,25312,"R"
29284,"NIO-Worker",1419295175035927,2485625,"Running"
29284,"NIO-Worker",1419295177521552,41407,"R+"
29284,"NIO-Worker",1419295177562959,228750,"Running"
29165,"nio-stream-prod",1419295177671865,17344,"R"
29165,"nio-stream-prod",1419295177689209,115468,"Running"
29136,"nio-webserver-r",1419295177743740,17656,"R"
29136,"nio-webserver-r",1419295177761396,232500,"Running"
29165,"nio-stream-prod",1419295177804677,228855,"S"
29136,"nio-webserver-r",1419295177993896,31609063,"S"
29165,"nio-stream-prod",1419295178033532,95520,"R"
29165,"nio-stream-prod",1419295178129052,21250,"Running"
29165,"nio-stream-prod",1419295178150302,39011,"S"
29165,"nio-stream-prod",1419295178189313,16302,"R"
29165,"nio-stream-prod",1419295178205615,29062,"Running"
29165,"nio-stream-prod",1419295178234677,51407,"R+"
29165,"nio-stream-prod",1419295178286084,1814062,"Running"
29165,"nio-stream-prod",1419295180100146,222344,"R+"
29165,"nio-stream-prod",1419295180322490,543750,"Running"
29165,"nio-stream-prod",1419295180866240,22187,"R"
29165,"nio-stream-prod",1419295180888427,2007813,"Running"
29165,"nio-stream-prod",1419295182896240,148281,"R"
29165,"nio-stream-prod",1419295183044521,98125,"Running"
29165,"nio-stream-prod",1419295183142646,103698,"R"
29165,"nio-stream-prod",1419295183246344,1328594,"Running"
29165,"nio-stream-prod",1419295184574938,59219,"R"
29165,"nio-stream-prod",1419295184634157,3869375,"Running"
29165,"nio-stream-prod",1419295188503532,49427,"R"
29165,"nio-stream-prod",1419295188552959,2205781,"Running"
29165,"nio-stream-prod",1419295190758740,9635,"R"
29165,"nio-stream-prod",1419295190768375,6031302,"Running"
29165,"nio-stream-prod",1419295196799677,193230,"R"
29165,"nio-stream-prod",1419295196992907,55052,"Running"
29165,"nio-stream-prod",1419295197047959,76250,"R"
29165,"nio-stream-prod",1419295197124209,38437,"Running"
29165,"nio-stream-prod",1419295197162646,11198,"R+"
29165,"nio-stream-prod",1419295197173844,543490,"Running"
29165,"nio-stream-prod",1419295197717334,97187,"R"
29165,"nio-stream-prod",1419295197814521,7449531,"Running"
29165,"nio-stream-prod",1419295205264052,37761,"R"
29165,"nio-stream-prod",1419295205301813,4378906,"Running"
29136,"nio-webserver-r",1419295209602959,16562,"R"
29136,"nio-webserver-r",1419295209619521,271406,"Running"
29165,"nio-stream-prod",1419295209680719,68646,"S"
29165,"nio-stream-prod",1419295209749365,28437,"R"
29165,"nio-stream-prod",1419295209777802,353542,"Running"
29136,"nio-webserver-r",1419295209890927,118750,"R+"
29136,"nio-webserver-r",1419295210009677,156094,"Running"
29165,"nio-stream-prod",1419295210131344,47083,"S"
29136,"nio-webserver-r",1419295210165771,125261,"R+"
29165,"nio-stream-prod",1419295210178427,94636,"Running"
29165,"nio-stream-prod",1419295210273063,17389375,"S"
29136,"nio-webserver-r",1419295210291032,233177,"Running"
29136,"nio-webserver-r",1419295210524209,11508125,"S"
29136,"nio-webserver-r",1419295222032334,21562,"R"
29136,"nio-webserver-r",1419295222053896,103125,"Running"
29136,"nio-webserver-r",1419295222157021,32917,"R+"
29136,"nio-webserver-r",1419295222189938,48177,"Running"
29136,"nio-webserver-r",1419295222238115,13073,"S"
29136,"nio-webserver-r",1419295222251188,31302,"R"
29136,"nio-webserver-r",1419295222282490,4323,"Running"
29136,"nio-webserver-r",1419295222286813,5312,"S"
29136,"nio-webserver-r",1419295222292125,10365,"R"
29136,"nio-webserver-r",1419295222302490,52292,"Running"
29136,"nio-webserver-r",1419295222354782,42968,"R"
29136,"nio-webserver-r",1419295222397750,100469,"Running"
29136,"nio-webserver-r",1419295222498219,181719,"R+"
29136,"nio-webserver-r",1419295222679938,37083,"Running"
29136,"nio-webserver-r",1419295222717021,212448,"S"
29136,"nio-webserver-r",1419295222929469,46771,"R"
29136,"nio-webserver-r",1419295222976240,350000,"Running"
29285,"NIO-Worker",1419295223294990,16667,"R"
29285,"NIO-Worker",1419295223311657,285052,"Running"
29136,"nio-webserver-r",1419295223326240,4415312,"S"
29285,"NIO-Worker",1419295223596709,33593,"S"
29285,"NIO-Worker",1419295223630302,12032,"R"
29285,"NIO-Worker",1419295223642334,340729,"Running"
29285,"NIO-Worker",1419295223983063,118333,"S"
29285,"NIO-Worker",1419295224101396,18281,"R"
29285,"NIO-Worker",1419295224119677,39063,"Running"
29285,"NIO-Worker",1419295224158740,190156,"S"
29285,"NIO-Worker",1419295224348896,17969,"R"
29285,"NIO-Worker",1419295224366865,182292,"Running"
29285,"NIO-Worker",1419295224549157,57239,"R+"
29285,"NIO-Worker",1419295224606396,9948,"Running"
29285,"NIO-Worker",1419295224616344,222396,"S"
29285,"NIO-Worker",1419295224838740,17604,"R"
29285,"NIO-Worker",1419295224856344,16563,"Running"
29285,"NIO-Worker",1419295224872907,63906,"S"
29285,"NIO-Worker",1419295224936813,19844,"R"
29285,"NIO-Worker",1419295224956657,50156,"Running"
29285,"NIO-Worker",1419295225006813,55208,"S"
29285,"NIO-Worker",1419295225062021,16823,"R"
29285,"NIO-Worker",1419295225078844,2455052,"Running"
29285,"NIO-Worker",1419295227533896,23073,"S"
29285,"NIO-Worker",1419295227556969,14219,"R"
29285,"NIO-Worker",1419295227571188,204114,"Running"
29165,"nio-stream-prod",1419295227662438,12031,"R"
29165,"nio-stream-prod",1419295227674469,119896,"Running"
29136,"nio-webserver-r",1419295227741552,16823,"R"
29136,"nio-webserver-r",1419295227758375,229219,"Running"
29165,"nio-stream-prod",1419295227794365,337135,"S"
29136,"nio-webserver-r",1419295227987594,14771615,"S"
29165,"nio-stream-prod",1419295228131500,19271,"R"
29165,"nio-stream-prod",1419295228150771,39375,"Running"
29165,"nio-stream-prod",1419295228190146,44948,"S"
29165,"nio-stream-prod",1419295228235094,17396,"R"
29165,"nio-stream-prod",1419295228252490,32969,"Running"
29165,"nio-stream-prod",1419295228285459,39843,"S"
29165,"nio-stream-prod",1419295228325302,13438,"R"
29165,"nio-stream-prod",1419295228338740,1918750,"Running"
29165,"nio-stream-prod",1419295230257490,43437,"R"
29165,"nio-stream-prod",1419295230300927,621407,"Running"
29165,"nio-stream-prod",1419295230922334,72812,"R"
29165,"nio-stream-prod",1419295230995146,1921875,"Running"
29165,"nio-stream-prod",1419295232917021,14323,"R"
29165,"nio-stream-prod",1419295232931344,55365,"Running"
29165,"nio-stream-prod",1419295232986709,35312,"R"
29165,"nio-stream-prod",1419295233022021,1115313,"Running"
29165,"nio-stream-prod",1419295234137334,493698,"S"
29165,"nio-stream-prod",1419295234631032,52083,"R"
29165,"nio-stream-prod",1419295234683115,3828125,"Running"
29165,"nio-stream-prod",1419295238511240,2234687,"S"
29165,"nio-stream-prod",1419295240745927,26198,"R"
29165,"nio-stream-prod",1419295240772125,2060677,"Running"
29136,"nio-webserver-r",1419295242759209,18437,"R"
29136,"nio-webserver-r",1419295242777646,344636,"Running"
29165,"nio-stream-prod",1419295242832802,75886,"R+"
29165,"nio-stream-prod",1419295242908688,186614,"Running"
29165,"nio-stream-prod",1419295243095302,154063,"S"
29136,"nio-webserver-r",1419295243122282,39687,"R+"
29136,"nio-webserver-r",1419295243161969,142188,"Running"
29165,"nio-stream-prod",1419295243249365,123281,"R"
29136,"nio-webserver-r",1419295243304157,100989,"S"
29165,"nio-stream-prod",1419295243372646,69063,"Running"
29136,"nio-webserver-r",1419295243405146,11406,"R"
29136,"nio-webserver-r",1419295243416552,250313,"Running"
29165,"nio-stream-prod",1419295243441709,50148854,"S"
29136,"nio-webserver-r",1419295243666865,32418906,"S"
29136,"nio-webserver-r",1419295276085771,30313,"R"
29136,"nio-webserver-r",1419295276116084,105937,"Running"
29136,"nio-webserver-r",1419295276222021,38906,"S"
29136,"nio-webserver-r",1419295276260927,27344,"R"
29136,"nio-webserver-r",1419295276288271,139844,"Running"
29136,"nio-webserver-r",1419295276428115,529219,"S"
29136,"nio-webserver-r",1419295276957334,40416,"R"
29136,"nio-webserver-r",1419295276997750,294844,"Running"
29286,"NIO-Worker",1419295277256344,14375,"R"
29286,"NIO-Worker",1419295277270719,289896,"Running"
29136,"nio-webserver-r",1419295277292594,16488646,"S"
29286,"NIO-Worker",1419295277560615,10040469,"S"
29286,"NIO-Worker",1419295287601084,17187,"R"
29286,"NIO-Worker",1419295287618271,216823,"Running"
29286,"NIO-Worker",1419295287835094,4844,"S"
29286,"NIO-Worker",1419295287839938,13437,"R"
29286,"NIO-Worker",1419295287853375,58907,"Running"
29286,"NIO-Worker",1419295287912282,13593,"S"
29286,"NIO-Worker",1419295287925875,230365,"Running"
29286,"NIO-Worker",1419295288156240,857969,"S"
29286,"NIO-Worker",1419295289014209,219531,"R"
29286,"NIO-Worker",1419295289233740,15937,"Running"
29286,"NIO-Worker",1419295289249677,9063,"R"
29286,"NIO-Worker",1419295289258740,29687,"Running"
29286,"NIO-Worker",1419295289288427,842188,"S"
29286,"NIO-Worker",1419295290130615,21875,"R"
29286,"NIO-Worker",1419295290152490,205104,"Running"
29286,"NIO-Worker",1419295290357594,296406,"S"
29286,"NIO-Worker",1419295290654000,23646,"R"
29286,"NIO-Worker",1419295290677646,18542,"Running"
29286,"NIO-Worker",1419295290696188,44583,"R+"
29286,"NIO-Worker",1419295290740771,44844,"Running"
29286,"NIO-Worker",1419295290785615,64167,"S"
29286,"NIO-Worker",1419295290849782,27864,"R"
29286,"NIO-Worker",1419295290877646,1328906,"Running"
29286,"NIO-Worker",1419295292206552,16407,"R"
29286,"NIO-Worker",1419295292222959,24843,"Running"
29286,"NIO-Worker",1419295292247802,23907,"R"
29286,"NIO-Worker",1419295292271709,1157031,"Running"
29286,"NIO-Worker",1419295293428740,23750,"R+"
29286,"NIO-Worker",1419295293452490,6406,"Running"
29286,"NIO-Worker",1419295293458896,2031,"S"
29286,"NIO-Worker",1419295293460927,14948,"R"
29286,"NIO-Worker",1419295293475875,192969,"Running"
29165,"nio-stream-prod",1419295293590563,10989,"R"
29165,"nio-stream-prod",1419295293601552,86875,"Running"
29286,"NIO-Worker",1419295293668844,71875,"R"
29165,"nio-stream-prod",1419295293688427,42344,"R+"
29165,"nio-stream-prod",1419295293730771,30261,"Running"
29286,"NIO-Worker",1419295293740719,86146,"Running"
29165,"nio-stream-prod",1419295293761032,46562,"R+"
29136,"nio-webserver-r",1419295293781240,45625,"R"
29165,"nio-stream-prod",1419295293807594,9896,"Running"
29165,"nio-stream-prod",1419295293817490,194531,"S"
29136,"nio-webserver-r",1419295293826865,23385,"Running"
29136,"nio-webserver-r",1419295293850250,58959,"R+"
29136,"nio-webserver-r",1419295293909209,182968,"Running"
29165,"nio-stream-prod",1419295294012021,14375,"R"
29165,"nio-stream-prod",1419295294026396,20000,"Running"
29165,"nio-stream-prod",1419295294046396,46563,"S"
29136,"nio-webserver-r",1419295294092177,23907,"R+"
29165,"nio-stream-prod",1419295294092959,13854,"R"
29165,"nio-stream-prod",1419295294106813,51146,"Running"
29136,"nio-webserver-r",1419295294116084,59531,"Running"
29165,"nio-stream-prod",1419295294157959,44218,"S"
29136,"nio-webserver-r",1419295294175615,14286250,"S"
29165,"nio-stream-prod",1419295294202177,33907,"R"
29165,"nio-stream-prod",1419295294236084,740000,"Running"
29165,"nio-stream-prod",1419295294976084,38541,"R"
29165,"nio-stream-prod",1419295295014625,1715938,"Running"
29165,"nio-stream-prod",1419295296730563,168021,"R"
29165,"nio-stream-prod",1419295296898584,556250,"Running"
29165,"nio-stream-prod",1419295297454834,124635,"R"
29165,"nio-stream-prod",1419295297579469,20052,"Running"
29165,"nio-stream-prod",1419295297599521,151354,"R+"
29165,"nio-stream-prod",1419295297750875,820834,"Running"
29165,"nio-stream-prod",1419295298571709,7916,"R+"
29165,"nio-stream-prod",1419295298579625,140521,"Running"
29165,"nio-stream-prod",1419295298720146,18281,"R"
29165,"nio-stream-prod",1419295298738427,1081250,"Running"
29165,"nio-stream-prod",1419295299819677,19636,"R+"
29165,"nio-stream-prod",1419295299839313,5212083,"Running"
29165,"nio-stream-prod",1419295305051396,250625,"R"
29165,"nio-stream-prod",1419295305302021,462917,"Running"
29165,"nio-stream-prod",1419295305764938,130469,"R"
29165,"nio-stream-prod",1419295305895407,2619895,"Running"
29136,"nio-webserver-r",1419295308461865,18281,"R"
29136,"nio-webserver-r",1419295308480146,377813,"Running"
29165,"nio-stream-prod",1419295308515302,35469,"S"
29165,"nio-stream-prod",1419295308550771,15469,"R"
29165,"nio-stream-prod",1419295308566240,198229,"Running"
29165,"nio-stream-prod",1419295308764469,23111302,"S"
29136,"nio-webserver-r",1419295308857959,7031,"R+"
29136,"nio-webserver-r",1419295308864990,52969,"Running"
29136,"nio-webserver-r",1419295308917959,17605625,"S"
29136,"nio-webserver-r",1419295326523584,35260,"R"
29136,"nio-webserver-r",1419295326558844,91771,"Running"
29136,"nio-webserver-r",1419295326650615,94375,"S"
29136,"nio-webserver-r",1419295326744990,60156,"R"
29136,"nio-webserver-r",1419295326805146,157813,"Running"
29136,"nio-webserver-r",1419295326962959,400260,"S"
29136,"nio-webserver-r",1419295327363219,42552,"R"
29136,"nio-webserver-r",1419295327405771,275313,"Running"
29138,"NIO-Worker",1419295327655927,11875,"R"
29138,"NIO-Worker",1419295327667802,637188,"Running"
29136,"nio-webserver-r",1419295327681084,4288541,"S"
29138,"NIO-Worker",1419295328304990,98906,"S"
29138,"NIO-Worker",1419295328403896,14792,"R"
29138,"NIO-Worker",1419295328418688,30156,"Running"
29138,"NIO-Worker",1419295328448844,180990,"S"
29138,"NIO-Worker",1419295328629834,16718,"R"
29138,"NIO-Worker",1419295328646552,189532,"Running"
29138,"NIO-Worker",1419295328836084,32031,"R+"
29138,"NIO-Worker",1419295328868115,8594,"Running"
29138,"NIO-Worker",1419295328876709,177656,"S"
29138,"NIO-Worker",1419295329054365,11719,"R"
29138,"NIO-Worker",1419295329066084,17500,"Running"
29138,"NIO-Worker",1419295329083584,43698,"S"
29138,"NIO-Worker",1419295329127282,14114,"R"
29138,"NIO-Worker",1419295329141396,35938,"Running"
29138,"NIO-Worker",1419295329177334,43229,"S"
29138,"NIO-Worker",1419295329220563,14583,"R"
29138,"NIO-Worker",1419295329235146,1516354,"Running"
29138,"NIO-Worker",1419295330751500,68959,"R"
29138,"NIO-Worker",1419295330820459,923073,"Running"
29138,"NIO-Worker",1419295331743532,24218,"S"
29138,"NIO-Worker",1419295331767750,16615,"R"
29138,"NIO-Worker",1419295331784365,216823,"Running"
29165,"nio-stream-prod",1419295331875771,15417,"R"
29165,"nio-stream-prod",1419295331891188,98333,"Running"
29136,"nio-webserver-r",1419295331969625,32552,"R"
29165,"nio-stream-prod",1419295331989521,9948,"R+"
29165,"nio-stream-prod",1419295331999469,4531,"Running"
29136,"nio-webserver-r",1419295332002177,169688,"Running"
29165,"nio-stream-prod",1419295332004000,193959,"S"
29136,"nio-webserver-r",1419295332171865,46667,"R+"
29165,"nio-stream-prod",1419295332197959,13906,"R"
29165,"nio-stream-prod",1419295332211865,22969,"Running"
29136,"nio-webserver-r",1419295332218532,48333,"Running"
29165,"nio-stream-prod",1419295332234834,60937,"S"
29136,"nio-webserver-r",1419295332266865,11477031,"S"
29165,"nio-stream-prod",1419295332295771,16979,"R"
29165,"nio-stream-prod",1419295332312750,43490,"Running"
29165,"nio-stream-prod",1419295332356240,39687,"S"
29165,"nio-stream-prod",1419295332395927,27500,"R"
29165,"nio-stream-prod",1419295332423427,11403073,"Running"
29136,"nio-webserver-r",1419295343743896,32031,"R"
29136,"nio-webserver-r",1419295343775927,356875,"Running"
29165,"nio-stream-prod",1419295343826500,19427,"R+"
29165,"nio-stream-prod",1419295343845927,6667,"Running"
29165,"nio-stream-prod",1419295343852594,18750,"S"
29165,"nio-stream-prod",1419295343871344,151302,"Running"
29165,"nio-stream-prod",1419295344022646,44503906,"S"
29136,"nio-webserver-r",1419295344132802,35789219,"S"
29136,"nio-webserver-r",1419295379922021,12969,"R"
29136,"nio-webserver-r",1419295379934990,125625,"Running"
29136,"nio-webserver-r",1419295380060615,148125,"S"
29136,"nio-webserver-r",1419295380208740,38906,"R"
29136,"nio-webserver-r",1419295380247646,91250,"Running"
29136,"nio-webserver-r",1419295380338896,83125,"R"
29136,"nio-webserver-r",1419295380422021,68906,"Running"
29136,"nio-webserver-r",1419295380490927,610104,"S"
29136,"nio-webserver-r",1419295381101031,55157,"R"
29136,"nio-webserver-r",1419295381156188,118593,"Running"
29136,"nio-webserver-r",1419295381274781,8750,"R"
29136,"nio-webserver-r",1419295381283531,212396,"Running"
29252,"NIO-Worker",1419295381446656,30678,"R"
29252,"NIO-Worker",1419295381477334,288385,"Running"
29136,"nio-webserver-r",1419295381495927,7122813,"S"
29252,"NIO-Worker",1419295381765719,2373490,"S"
29252,"NIO-Worker",1419295384139209,12031,"R"
29252,"NIO-Worker",1419295384151240,404219,"Running"
29252,"NIO-Worker",1419295384555459,122812,"S"
29252,"NIO-Worker",1419295384678271,25781,"R"
29252,"NIO-Worker",1419295384704052,45000,"Running"
29252,"NIO-Worker",1419295384749052,255938,"S"
29252,"NIO-Worker",1419295385004990,24791,"R"
29252,"NIO-Worker",1419295385029781,174532,"Running"
29252,"NIO-Worker",1419295385204313,8489,"R+"
29252,"NIO-Worker",1419295385212802,6563,"Running"
29252,"NIO-Worker",1419295385219365,269010,"S"
29252,"NIO-Worker",1419295385488375,25209,"R"
29252,"NIO-Worker",1419295385513584,53385,"Running"
29252,"NIO-Worker",1419295385566969,35208,"S"
29252,"NIO-Worker",1419295385602177,100261,"R"
29252,"NIO-Worker",1419295385702438,50052,"Running"
29252,"NIO-Worker",1419295385752490,27656,"R+"
29252,"NIO-Worker",1419295385780146,7969,"Running"
29252,"NIO-Worker",1419295385788115,24844,"S"
29252,"NIO-Worker",1419295385812959,38385,"R"
29252,"NIO-Worker",1419295385851344,2432708,"Running"
29252,"NIO-Worker",1419295388284052,19792,"S"
29252,"NIO-Worker",1419295388303844,133333,"R"
29252,"NIO-Worker",1419295388437177,210157,"Running"
29165,"nio-stream-prod",1419295388526552,140573,"R"
29136,"nio-webserver-r",1419295388618740,28594,"R"
29136,"nio-webserver-r",1419295388647334,217500,"Running"
29165,"nio-stream-prod",1419295388667125,191875,"Running"
29165,"nio-stream-prod",1419295388859000,38438,"R+"
29136,"nio-webserver-r",1419295388864834,79010,"R+"
29165,"nio-stream-prod",1419295388897438,20625,"Running"
29165,"nio-stream-prod",1419295388918063,434271,"S"
29136,"nio-webserver-r",1419295388943844,11146,"Running"
29136,"nio-webserver-r",1419295388954990,37969,"R+"
29136,"nio-webserver-r",1419295388992959,49375,"Running"
29136,"nio-webserver-r",1419295389042334,17967604,"S"
29165,"nio-stream-prod",1419295389352334,34062,"R"
29165,"nio-stream-prod",1419295389386396,23281,"Running"
29165,"nio-stream-prod",1419295389409677,98438,"S"
29165,"nio-stream-prod",1419295389508115,38906,"R"
29165,"nio-stream-prod",1419295389547021,53906,"Running"
29165,"nio-stream-prod",1419295389600927,63542,"S"
29165,"nio-stream-prod",1419295389664469,16771,"R"
29165,"nio-stream-prod",1419295389681240,199844,"Running"
29165,"nio-stream-prod",1419295389881084,10156,"R"
29165,"nio-stream-prod",1419295389891240,2970000,"Running"
29165,"nio-stream-prod",1419295392861240,30729,"R"
29165,"nio-stream-prod",1419295392891969,3842396,"Running"
29165,"nio-stream-prod",1419295396734365,234479,"R"
29165,"nio-stream-prod",1419295396968844,491615,"Running"
29165,"nio-stream-prod",1419295397460459,196875,"R"
29165,"nio-stream-prod",1419295397657334,104166,"Running"
29165,"nio-stream-prod",1419295397761500,37813,"R+"
29165,"nio-stream-prod",1419295397799313,9261718,"Running"
29136,"nio-webserver-r",1419295407009938,97396,"R"
29165,"nio-stream-prod",1419295407061031,30469,"S"
29165,"nio-stream-prod",1419295407091500,13021,"R"
29165,"nio-stream-prod",1419295407104521,49010,"Running"
29136,"nio-webserver-r",1419295407107334,471250,"Running"
