"ts","value","name"
1419286043955879,42265.000000,"Heap size (KB)"
1419286051470931,42297.000000,"Heap size (KB)"
1419286055911087,42329.000000,"Heap size (KB)"
1419286056461400,42361.000000,"Heap size (KB)"
1419286059797650,42393.000000,"Heap size (KB)"
1419286061454837,42425.000000,"Heap size (KB)"
1419286098045879,42457.000000,"Heap size (KB)"
1419286100600775,42489.000000,"Heap size (KB)"
1419286103166556,42521.000000,"Heap size (KB)"
1419286104559837,42553.000000,"Heap size (KB)"
1419286105687129,42585.000000,"Heap size (KB)"
1419286105760306,42617.000000,"Heap size (KB)"
1419286107622962,42649.000000,"Heap size (KB)"
1419286110779316,42681.000000,"Heap size (KB)"
1419286113174837,42713.000000,"Heap size (KB)"
1419286116392962,42745.000000,"Heap size (KB)"
1419286119951816,42777.000000,"Heap size (KB)"
1419286120739368,42809.000000,"Heap size (KB)"
1419286121537025,42841.000000,"Heap size (KB)"
1419286136661712,42873.000000,"Heap size (KB)"
1419286138253900,19880222720.000000,"mem.virt"
1419286138253900,0.000000,"mem.locked"
1419286138253900,373661696.000000,"mem.rss.watermark"
1419286138253900,304185344.000000,"mem.rss"
1419286138253900,114958336.000000,"mem.rss.anon"
1419286138253900,157913088.000000,"mem.rss.file"
1419286138253900,31313920.000000,"mem.rss.shmem"
1419286138253900,18526208.000000,"mem.swap"
1419286138253900,0.000000,"oom_score_adj"
1419286149311973,42905.000000,"Heap size (KB)"
1419286152383900,42937.000000,"Heap size (KB)"
1419286152944160,42969.000000,"Heap size (KB)"
1419286153532285,43041.000000,"Heap size (KB)"
1419286154720618,43073.000000,"Heap size (KB)"
1419286168508743,43105.000000,"Heap size (KB)"
1419286173769837,43137.000000,"Heap size (KB)"
1419286174955306,43169.000000,"Heap size (KB)"
1419286181359525,19880222720.000000,"mem.virt"
1419286181359525,0.000000,"mem.locked"
1419286181359525,373661696.000000,"mem.rss.watermark"
1419286181359525,304447488.000000,"mem.rss"
1419286181359525,115220480.000000,"mem.rss.anon"
1419286181359525,157913088.000000,"mem.rss.file"
1419286181359525,31313920.000000,"mem.rss.shmem"
1419286181359525,18526208.000000,"mem.swap"
1419286181359525,0.000000,"oom_score_adj"
1419286185365931,43201.000000,"Heap size (KB)"
1419286187143587,43233.000000,"Heap size (KB)"
1419286187746868,43265.000000,"Heap size (KB)"
1419286188255254,43297.000000,"Heap size (KB)"
1419286189064525,43329.000000,"Heap size (KB)"
1419286200880566,43361.000000,"Heap size (KB)"
1419286204482597,43401.000000,"Heap size (KB)"
1419286205006868,43433.000000,"Heap size (KB)"
1419286205799681,43465.000000,"Heap size (KB)"
1419286206784056,43497.000000,"Heap size (KB)"
1419286208881400,43569.000000,"Heap size (KB)"
1419286221600410,43601.000000,"Heap size (KB)"
1419286235108275,43633.000000,"Heap size (KB)"
1419286250336556,43665.000000,"Heap size (KB)"
1419286251228535,43697.000000,"Heap size (KB)"
1419286251669681,43729.000000,"Heap size (KB)"
1419286252576035,43761.000000,"Heap size (KB)"
1419286253189993,43793.000000,"Heap size (KB)"
1419286257838066,43825.000000,"Heap size (KB)"
1419286258675306,43857.000000,"Heap size (KB)"
1419286266510410,43929.000000,"Heap size (KB)"
1419286278382337,43961.000000,"Heap size (KB)"
1419286283495462,19880222720.000000,"mem.virt"
1419286283495462,0.000000,"mem.locked"
1419286283495462,373661696.000000,"mem.rss.watermark"
1419286283495462,305311744.000000,"mem.rss"
1419286283495462,116084736.000000,"mem.rss.anon"
1419286283495462,157913088.000000,"mem.rss.file"
1419286283495462,31313920.000000,"mem.rss.shmem"
1419286283495462,18526208.000000,"mem.swap"
1419286283495462,0.000000,"oom_score_adj"
1419286284277337,43993.000000,"Heap size (KB)"
1419286295702441,44025.000000,"Heap size (KB)"
1419286302745254,44057.000000,"Heap size (KB)"
1419286302936087,44089.000000,"Heap size (KB)"
1419286316173431,44125.000000,"Heap size (KB)"
1419286316382441,44157.000000,"Heap size (KB)"
1419286317530931,44229.000000,"Heap size (KB)"
1419286318595722,44261.000000,"Heap size (KB)"
1419286349895254,44293.000000,"Heap size (KB)"
1419286350078222,44325.000000,"Heap size (KB)"
1419286352028431,44357.000000,"Heap size (KB)"
1419286352736660,44389.000000,"Heap size (KB)"
1419286355755410,44421.000000,"Heap size (KB)"
1419286356130410,44453.000000,"Heap size (KB)"
1419286359236556,44485.000000,"Heap size (KB)"
1419286362536035,44517.000000,"Heap size (KB)"
1419286363454785,44557.000000,"Heap size (KB)"
1419286366420618,44593.000000,"Heap size (KB)"
1419286367447650,44665.000000,"Heap size (KB)"
1419286383493691,19880222720.000000,"mem.virt"
1419286383493691,0.000000,"mem.locked"
1419286383493691,373661696.000000,"mem.rss.watermark"
1419286383493691,305823744.000000,"mem.rss"
1419286383493691,116596736.000000,"mem.rss.anon"
1419286383493691,157913088.000000,"mem.rss.file"
1419286383493691,31313920.000000,"mem.rss.shmem"
1419286383493691,18526208.000000,"mem.swap"
1419286383493691,0.000000,"oom_score_adj"
1419286389173900,44697.000000,"Heap size (KB)"
1419286396666504,44729.000000,"Heap size (KB)"
1419286401278847,44761.000000,"Heap size (KB)"
1419286401984681,44793.000000,"Heap size (KB)"
1419286405428587,44825.000000,"Heap size (KB)"
1419286409302754,44857.000000,"Heap size (KB)"
1419286416957181,44889.000000,"Heap size (KB)"
1419286421105931,44925.000000,"Heap size (KB)"
1419286421854316,44997.000000,"Heap size (KB)"
1419286436479941,45029.000000,"Heap size (KB)"
1419286440666660,45061.000000,"Heap size (KB)"
1419286441192754,45093.000000,"Heap size (KB)"
1419286443988899,45125.000000,"Heap size (KB)"
1419286446192910,45157.000000,"Heap size (KB)"
1419286460401399,45189.000000,"Heap size (KB)"
1419286473170618,45221.000000,"Heap size (KB)"
1419286473265462,45257.000000,"Heap size (KB)"
1419286473934212,45329.000000,"Heap size (KB)"
1419286480068066,45361.000000,"Heap size (KB)"
1419286483512806,19880222720.000000,"mem.virt"
1419286483512806,0.000000,"mem.locked"
1419286483512806,373661696.000000,"mem.rss.watermark"
1419286483512806,306335744.000000,"mem.rss"
1419286483512806,117108736.000000,"mem.rss.anon"
1419286483512806,157913088.000000,"mem.rss.file"
1419286483512806,31313920.000000,"mem.rss.shmem"
1419286483512806,18526208.000000,"mem.swap"
1419286483512806,0.000000,"oom_score_adj"
1419286487257649,45393.000000,"Heap size (KB)"
1419286488754837,45425.000000,"Heap size (KB)"
1419286493945931,45457.000000,"Heap size (KB)"
1419286495382962,45489.000000,"Heap size (KB)"
1419286519368587,45529.000000,"Heap size (KB)"
1419286519847337,45561.000000,"Heap size (KB)"
1419286529735931,45597.000000,"Heap size (KB)"
1419286530506712,45669.000000,"Heap size (KB)"
1419286534896868,45701.000000,"Heap size (KB)"
1419286543281504,45733.000000,"Heap size (KB)"
1419286549313847,45765.000000,"Heap size (KB)"
1419286550248431,45797.000000,"Heap size (KB)"
1419286559347962,45829.000000,"Heap size (KB)"
1419286574359160,45861.000000,"Heap size (KB)"
1419286576079941,45897.000000,"Heap size (KB)"
1419286576764941,45969.000000,"Heap size (KB)"
1419286581976556,46001.000000,"Heap size (KB)"
1419286583519368,19880222720.000000,"mem.virt"
1419286583519368,0.000000,"mem.locked"
1419286583519368,373661696.000000,"mem.rss.watermark"
1419286583519368,306860032.000000,"mem.rss"
1419286583519368,117633024.000000,"mem.rss.anon"
1419286583519368,157913088.000000,"mem.rss.file"
1419286583519368,31313920.000000,"mem.rss.shmem"
1419286583519368,18526208.000000,"mem.swap"
1419286583519368,0.000000,"oom_score_adj"
1419286588955306,46033.000000,"Heap size (KB)"
1419286591981399,46065.000000,"Heap size (KB)"
1419286594326868,46097.000000,"Heap size (KB)"
1419286601226087,46129.000000,"Heap size (KB)"
1419286602772597,46161.000000,"Heap size (KB)"
1419286603552024,46193.000000,"Heap size (KB)"
1419286604352493,46225.000000,"Heap size (KB)"
1419286605118431,46257.000000,"Heap size (KB)"
1419286605854160,46289.000000,"Heap size (KB)"
1419286606599004,46321.000000,"Heap size (KB)"
1419286607712493,46353.000000,"Heap size (KB)"
1419286608859785,46385.000000,"Heap size (KB)"
1419286609633899,46417.000000,"Heap size (KB)"
1419286621963587,46449.000000,"Heap size (KB)"
1419286625731868,46481.000000,"Heap size (KB)"
1419286626924212,46513.000000,"Heap size (KB)"
1419286638495149,46549.000000,"Heap size (KB)"
1419286639272493,46621.000000,"Heap size (KB)"
1419286640773431,46653.000000,"Heap size (KB)"
1419286651930149,46685.000000,"Heap size (KB)"
1419286663807337,46717.000000,"Heap size (KB)"
1419286664481243,46749.000000,"Heap size (KB)"
1419286667802962,46781.000000,"Heap size (KB)"
1419286674748274,46813.000000,"Heap size (KB)"
1419286674978847,46845.000000,"Heap size (KB)"
1419286678183118,46877.000000,"Heap size (KB)"
1419286678851556,46909.000000,"Heap size (KB)"
1419286680767441,46949.000000,"Heap size (KB)"
1419286683972493,19880222720.000000,"mem.virt"
1419286683972493,0.000000,"mem.locked"
1419286683972493,373661696.000000,"mem.rss.watermark"
1419286683972493,308277248.000000,"mem.rss"
1419286683972493,119050240.000000,"mem.rss.anon"
1419286683972493,157913088.000000,"mem.rss.file"
1419286683972493,31313920.000000,"mem.rss.shmem"
1419286683972493,18526208.000000,"mem.swap"
1419286683972493,0.000000,"oom_score_adj"
1419286687962649,46981.000000,"Heap size (KB)"
1419286688383118,47017.000000,"Heap size (KB)"
1419286689388431,47089.000000,"Heap size (KB)"
1419286708725618,47121.000000,"Heap size (KB)"
1419286709536087,47153.000000,"Heap size (KB)"
1419286714663222,47185.000000,"Heap size (KB)"
1419286734017493,47217.000000,"Heap size (KB)"
1419286734563587,47249.000000,"Heap size (KB)"
1419286736440097,47281.000000,"Heap size (KB)"
1419286748893222,47353.000000,"Heap size (KB)"
1419286751917806,47385.000000,"Heap size (KB)"
1419286759096243,47417.000000,"Heap size (KB)"
1419286766828899,47449.000000,"Heap size (KB)"
1419286773927129,47481.000000,"Heap size (KB)"
1419286774602129,47513.000000,"Heap size (KB)"
1419286775427649,47545.000000,"Heap size (KB)"
1419286776314212,47577.000000,"Heap size (KB)"
1419286777120306,47609.000000,"Heap size (KB)"
1419286778193847,47641.000000,"Heap size (KB)"
1419286779327649,47673.000000,"Heap size (KB)"
1419286780089316,47705.000000,"Heap size (KB)"
1419286780424212,47737.000000,"Heap size (KB)"
1419286780669056,47769.000000,"Heap size (KB)"
1419286781282597,47801.000000,"Heap size (KB)"
1419286781779368,47833.000000,"Heap size (KB)"
1419286782264941,47865.000000,"Heap size (KB)"
1419286782789993,47897.000000,"Heap size (KB)"
1419286783404004,47929.000000,"Heap size (KB)"
1419286783778431,19880222720.000000,"mem.virt"
1419286783778431,0.000000,"mem.locked"
1419286783778431,373661696.000000,"mem.rss.watermark"
1419286783778431,309690368.000000,"mem.rss"
1419286783778431,120463360.000000,"mem.rss.anon"
1419286783778431,157913088.000000,"mem.rss.file"
1419286783778431,31313920.000000,"mem.rss.shmem"
1419286783778431,18526208.000000,"mem.swap"
1419286783778431,0.000000,"oom_score_adj"
1419286785285931,47961.000000,"Heap size (KB)"
1419286785604941,47993.000000,"Heap size (KB)"
1419286795944368,48025.000000,"Heap size (KB)"
1419286801130879,48097.000000,"Heap size (KB)"
1419286802615149,48129.000000,"Heap size (KB)"
1419286816792649,48161.000000,"Heap size (KB)"
1419286826548899,48193.000000,"Heap size (KB)"
1419286827297649,48225.000000,"Heap size (KB)"
1419286840982910,48257.000000,"Heap size (KB)"
1419286845059837,48297.000000,"Heap size (KB)"
1419286845125149,48329.000000,"Heap size (KB)"
1419286857245306,48401.000000,"Heap size (KB)"
1419286860713118,48433.000000,"Heap size (KB)"
1419286876275097,48465.000000,"Heap size (KB)"
1419286877069056,48497.000000,"Heap size (KB)"
1419286883416399,19880222720.000000,"mem.virt"
1419286883416399,0.000000,"mem.locked"
1419286883416399,373661696.000000,"mem.rss.watermark"
1419286883416399,310345728.000000,"mem.rss"
1419286883416399,121118720.000000,"mem.rss.anon"
1419286883416399,157913088.000000,"mem.rss.file"
1419286883416399,31313920.000000,"mem.rss.shmem"
1419286883416399,18526208.000000,"mem.swap"
1419286883416399,0.000000,"oom_score_adj"
1419286883668222,48529.000000,"Heap size (KB)"
1419286883886191,48561.000000,"Heap size (KB)"
1419286898978899,48593.000000,"Heap size (KB)"
1419286900336399,48625.000000,"Heap size (KB)"
1419286904847441,48697.000000,"Heap size (KB)"
1419286907078274,48729.000000,"Heap size (KB)"
1419286913215253,48761.000000,"Heap size (KB)"
1419286918765722,48793.000000,"Heap size (KB)"
1419286928408431,48825.000000,"Heap size (KB)"
1419286929414993,48857.000000,"Heap size (KB)"
1419286950631347,48889.000000,"Heap size (KB)"
1419286966709628,48961.000000,"Heap size (KB)"
1419286966739837,48993.000000,"Heap size (KB)"
1419286968371660,49025.000000,"Heap size (KB)"
1419286969064368,49057.000000,"Heap size (KB)"
1419286981277441,49089.000000,"Heap size (KB)"
1419286983721035,49121.000000,"Heap size (KB)"
1419286983888274,19880222720.000000,"mem.virt"
1419286983888274,0.000000,"mem.locked"
1419286983888274,373661696.000000,"mem.rss.watermark"
1419286983888274,310738944.000000,"mem.rss"
1419286983888274,121511936.000000,"mem.rss.anon"
1419286983888274,157913088.000000,"mem.rss.file"
1419286983888274,31313920.000000,"mem.rss.shmem"
1419286983888274,18526208.000000,"mem.swap"
1419286983888274,0.000000,"oom_score_adj"
1419287000921868,49153.000000,"Heap size (KB)"
1419287006335097,49193.000000,"Heap size (KB)"
1419287013316660,49265.000000,"Heap size (KB)"
1419287014322337,49297.000000,"Heap size (KB)"
1419287015493118,49329.000000,"Heap size (KB)"
1419287016924681,49361.000000,"Heap size (KB)"
1419287023863587,49393.000000,"Heap size (KB)"
1419287027984941,49425.000000,"Heap size (KB)"
1419287034296191,49457.000000,"Heap size (KB)"
1419287057836712,49489.000000,"Heap size (KB)"
1419287061155878,49521.000000,"Heap size (KB)"
1419287063134212,49553.000000,"Heap size (KB)"
1419287063989837,49625.000000,"Heap size (KB)"
1419287066373066,49657.000000,"Heap size (KB)"
1419287068666243,49689.000000,"Heap size (KB)"
1419287084167024,49721.000000,"Heap size (KB)"
1419287084346035,19880222720.000000,"mem.virt"
1419287084346035,0.000000,"mem.locked"
1419287084346035,373661696.000000,"mem.rss.watermark"
1419287084346035,311394304.000000,"mem.rss"
1419287084346035,122167296.000000,"mem.rss.anon"
1419287084346035,157913088.000000,"mem.rss.file"
1419287084346035,31313920.000000,"mem.rss.shmem"
1419287084346035,18526208.000000,"mem.swap"
1419287084346035,0.000000,"oom_score_adj"
1419287099832180,49753.000000,"Heap size (KB)"
1419287102210462,49785.000000,"Heap size (KB)"
1419287108183743,49817.000000,"Heap size (KB)"
1419287117449003,49889.000000,"Heap size (KB)"
1419287119647337,49921.000000,"Heap size (KB)"
1419287120931243,49953.000000,"Heap size (KB)"
1419287121069472,49985.000000,"Heap size (KB)"
1419287122575930,50017.000000,"Heap size (KB)"
1419287123251399,50049.000000,"Heap size (KB)"
1419287123901660,50081.000000,"Heap size (KB)"
1419287130656087,50113.000000,"Heap size (KB)"
1419287142000774,50145.000000,"Heap size (KB)"
1419287143412649,50177.000000,"Heap size (KB)"
1419287163928378,50217.000000,"Heap size (KB)"
1419287168458222,50249.000000,"Heap size (KB)"
1419287169191087,50281.000000,"Heap size (KB)"
1419287170211816,50353.000000,"Heap size (KB)"
1419287177073430,50385.000000,"Heap size (KB)"
1419287184295930,19880222720.000000,"mem.virt"
1419287184295930,0.000000,"mem.locked"
1419287184295930,373661696.000000,"mem.rss.watermark"
1419287184295930,312049664.000000,"mem.rss"
1419287184295930,122822656.000000,"mem.rss.anon"
1419287184295930,157913088.000000,"mem.rss.file"
1419287184295930,31313920.000000,"mem.rss.shmem"
1419287184295930,18526208.000000,"mem.swap"
1419287184295930,0.000000,"oom_score_adj"
1419287187288430,50417.000000,"Heap size (KB)"
1419287192688587,50449.000000,"Heap size (KB)"
1419287212921243,50481.000000,"Heap size (KB)"
1419287214013430,50513.000000,"Heap size (KB)"
1419287220940774,50545.000000,"Heap size (KB)"
1419287221930410,50577.000000,"Heap size (KB)"
1419287222006712,50649.000000,"Heap size (KB)"
1419287226267337,50681.000000,"Heap size (KB)"
1419287242824524,50713.000000,"Heap size (KB)"
1419287261707649,50745.000000,"Heap size (KB)"
1419287265044680,50777.000000,"Heap size (KB)"
1419287270580149,50849.000000,"Heap size (KB)"
1419287278676191,50881.000000,"Heap size (KB)"
1419287280640305,50913.000000,"Heap size (KB)"
1419287283931035,19880222720.000000,"mem.virt"
1419287283931035,0.000000,"mem.locked"
1419287283931035,373661696.000000,"mem.rss.watermark"
1419287283931035,312573952.000000,"mem.rss"
1419287283931035,123346944.000000,"mem.rss.anon"
1419287283931035,157913088.000000,"mem.rss.file"
1419287283931035,31313920.000000,"mem.rss.shmem"
1419287283931035,18526208.000000,"mem.swap"
1419287283931035,0.000000,"oom_score_adj"
1419287284554472,50945.000000,"Heap size (KB)"
1419287284613847,50977.000000,"Heap size (KB)"
1419287287799524,51009.000000,"Heap size (KB)"
1419287298274055,51041.000000,"Heap size (KB)"
1419287300176712,51073.000000,"Heap size (KB)"
1419287300232337,51105.000000,"Heap size (KB)"
1419287313811347,51145.000000,"Heap size (KB)"
1419287318067649,51177.000000,"Heap size (KB)"
1419287319364524,51209.000000,"Heap size (KB)"
1419287319800305,51281.000000,"Heap size (KB)"
1419287321444160,51313.000000,"Heap size (KB)"
1419287325832337,51345.000000,"Heap size (KB)"
1419287326701243,51377.000000,"Heap size (KB)"
1419287327409837,51409.000000,"Heap size (KB)"
1419287328143587,51441.000000,"Heap size (KB)"
1419287329081660,51473.000000,"Heap size (KB)"
1419287329942493,51505.000000,"Heap size (KB)"
1419287330861660,51537.000000,"Heap size (KB)"
1419287331557285,51569.000000,"Heap size (KB)"
1419287332442337,51601.000000,"Heap size (KB)"
1419287333638274,51633.000000,"Heap size (KB)"
1419287334363743,51665.000000,"Heap size (KB)"
1419287335005930,51697.000000,"Heap size (KB)"
1419287335628587,51729.000000,"Heap size (KB)"
1419287336212337,51761.000000,"Heap size (KB)"
1419287336730774,51793.000000,"Heap size (KB)"
1419287337327962,51825.000000,"Heap size (KB)"
1419287337364680,51857.000000,"Heap size (KB)"
1419287337885618,51889.000000,"Heap size (KB)"
1419287350654212,51921.000000,"Heap size (KB)"
1419287359873274,51953.000000,"Heap size (KB)"
1419287363577649,51985.000000,"Heap size (KB)"
1419287369849524,52017.000000,"Heap size (KB)"
1419287374584941,52089.000000,"Heap size (KB)"
1419287379560566,52121.000000,"Heap size (KB)"
1419287384128847,19880222720.000000,"mem.virt"
1419287384128847,0.000000,"mem.locked"
1419287384128847,373661696.000000,"mem.rss.watermark"
1419287384128847,314761216.000000,"mem.rss"
1419287384128847,125534208.000000,"mem.rss.anon"
1419287384128847,157913088.000000,"mem.rss.file"
1419287384128847,31313920.000000,"mem.rss.shmem"
1419287384128847,18526208.000000,"mem.swap"
1419287384128847,0.000000,"oom_score_adj"
1419287390794160,52153.000000,"Heap size (KB)"
1419287391330618,52185.000000,"Heap size (KB)"
1419287401624785,52217.000000,"Heap size (KB)"
1419287408901399,52249.000000,"Heap size (KB)"
1419287421355097,52281.000000,"Heap size (KB)"
1419287423796712,52313.000000,"Heap size (KB)"
1419287426245097,52385.000000,"Heap size (KB)"
1419287435565618,52417.000000,"Heap size (KB)"
1419287438730774,52449.000000,"Heap size (KB)"
1419287439862493,52481.000000,"Heap size (KB)"
1419287454230097,52513.000000,"Heap size (KB)"
1419287477523222,52553.000000,"Heap size (KB)"
1419287479892649,52585.000000,"Heap size (KB)"
1419287484698899,52657.000000,"Heap size (KB)"
1419287485195410,19880222720.000000,"mem.virt"
1419287485195410,0.000000,"mem.locked"
1419287485195410,373661696.000000,"mem.rss.watermark"
1419287485195410,315269120.000000,"mem.rss"
1419287485195410,126042112.000000,"mem.rss.anon"
1419287485195410,157913088.000000,"mem.rss.file"
1419287485195410,31313920.000000,"mem.rss.shmem"
1419287485195410,18526208.000000,"mem.swap"
1419287485195410,0.000000,"oom_score_adj"
1419287488771243,52689.000000,"Heap size (KB)"
1419287491252649,52721.000000,"Heap size (KB)"
1419287492477649,52753.000000,"Heap size (KB)"
1419287502824941,52785.000000,"Heap size (KB)"
1419287527996712,52817.000000,"Heap size (KB)"
1419287531319524,52849.000000,"Heap size (KB)"
1419287534704159,52881.000000,"Heap size (KB)"
1419287535626243,52953.000000,"Heap size (KB)"
1419287535921555,52985.000000,"Heap size (KB)"
1419287542260878,53017.000000,"Heap size (KB)"
1419287542323430,53049.000000,"Heap size (KB)"
1419287551887493,53081.000000,"Heap size (KB)"
1419287553589316,53113.000000,"Heap size (KB)"
1419287554451868,53145.000000,"Heap size (KB)"
1419287555289993,53177.000000,"Heap size (KB)"
1419287570334368,53209.000000,"Heap size (KB)"
1419287584504159,19880222720.000000,"mem.virt"
1419287584504159,0.000000,"mem.locked"
1419287584504159,373661696.000000,"mem.rss.watermark"
1419287584504159,316055552.000000,"mem.rss"
1419287584504159,126828544.000000,"mem.rss.anon"
1419287584504159,157913088.000000,"mem.rss.file"
1419287584504159,31313920.000000,"mem.rss.shmem"
1419287584504159,18526208.000000,"mem.swap"
1419287584504159,0.000000,"oom_score_adj"
1419287584546503,53241.000000,"Heap size (KB)"
1419287586320618,53273.000000,"Heap size (KB)"
1419287587851087,53305.000000,"Heap size (KB)"
1419287589642909,53377.000000,"Heap size (KB)"
1419287593292649,53409.000000,"Heap size (KB)"
1419287602472180,53441.000000,"Heap size (KB)"
1419287609649055,53473.000000,"Heap size (KB)"
1419287623737649,53505.000000,"Heap size (KB)"
1419287634042962,53537.000000,"Heap size (KB)"
1419287636537753,53577.000000,"Heap size (KB)"
1419287639315930,53609.000000,"Heap size (KB)"
1419287641664212,53681.000000,"Heap size (KB)"
1419287648088691,53713.000000,"Heap size (KB)"
1419287649747284,53745.000000,"Heap size (KB)"
1419287652940462,53777.000000,"Heap size (KB)"
1419287659969628,53809.000000,"Heap size (KB)"
1419287661118847,53841.000000,"Heap size (KB)"
1419287661439993,53873.000000,"Heap size (KB)"
1419287662160930,53905.000000,"Heap size (KB)"
1419287663282753,53937.000000,"Heap size (KB)"
1419287664126972,53969.000000,"Heap size (KB)"
1419287665211555,54001.000000,"Heap size (KB)"
1419287666035409,54033.000000,"Heap size (KB)"
1419287667185149,54065.000000,"Heap size (KB)"
1419287668088430,54097.000000,"Heap size (KB)"
1419287669439368,54129.000000,"Heap size (KB)"
1419287670065462,54161.000000,"Heap size (KB)"
1419287670708899,54193.000000,"Heap size (KB)"
1419287672457337,54225.000000,"Heap size (KB)"
1419287680021087,54257.000000,"Heap size (KB)"
1419287680145253,54289.000000,"Heap size (KB)"
1419287682381191,54321.000000,"Heap size (KB)"
1419287683587962,19880222720.000000,"mem.virt"
1419287683587962,0.000000,"mem.locked"
1419287683587962,373661696.000000,"mem.rss.watermark"
1419287683587962,318672896.000000,"mem.rss"
1419287683587962,129445888.000000,"mem.rss.anon"
1419287683587962,157913088.000000,"mem.rss.file"
1419287683587962,31313920.000000,"mem.rss.shmem"
1419287683587962,18526208.000000,"mem.swap"
1419287683587962,0.000000,"oom_score_adj"
1419287688285618,54353.000000,"Heap size (KB)"
1419287688427024,54385.000000,"Heap size (KB)"
1419287688751399,54417.000000,"Heap size (KB)"
1419287690851555,54449.000000,"Heap size (KB)"
1419287691889003,54481.000000,"Heap size (KB)"
1419287692671659,54513.000000,"Heap size (KB)"
1419287693499055,54545.000000,"Heap size (KB)"
1419287695599159,54617.000000,"Heap size (KB)"
1419287696011972,54649.000000,"Heap size (KB)"
1419287697204472,54681.000000,"Heap size (KB)"
1419287698017024,54713.000000,"Heap size (KB)"
1419287699032441,54745.000000,"Heap size (KB)"
1419287700349316,54777.000000,"Heap size (KB)"
1419287700473743,54809.000000,"Heap size (KB)"
1419287701289941,54841.000000,"Heap size (KB)"
1419287702344784,54873.000000,"Heap size (KB)"
1419287703165409,54905.000000,"Heap size (KB)"
1419287703958066,54937.000000,"Heap size (KB)"
1419287704787649,54969.000000,"Heap size (KB)"
1419287706857441,55001.000000,"Heap size (KB)"
1419287708593847,55033.000000,"Heap size (KB)"
1419287709538586,55065.000000,"Heap size (KB)"
1419287710435774,55097.000000,"Heap size (KB)"
1419287711186243,55129.000000,"Heap size (KB)"
1419287712006243,55161.000000,"Heap size (KB)"
1419287712690930,55193.000000,"Heap size (KB)"
1419287712878534,55225.000000,"Heap size (KB)"
1419287713830097,55257.000000,"Heap size (KB)"
1419287720644941,55289.000000,"Heap size (KB)"
1419287722284680,55321.000000,"Heap size (KB)"
1419287723357909,55353.000000,"Heap size (KB)"
1419287737419368,55385.000000,"Heap size (KB)"
1419287743474836,55417.000000,"Heap size (KB)"
1419287744119941,55449.000000,"Heap size (KB)"
1419287745306868,55521.000000,"Heap size (KB)"
1419287752084055,55553.000000,"Heap size (KB)"
1419287758707493,55585.000000,"Heap size (KB)"
1419287760047336,55617.000000,"Heap size (KB)"
1419287763125618,55649.000000,"Heap size (KB)"
1419287783639159,19880222720.000000,"mem.virt"
1419287783639159,0.000000,"mem.locked"
1419287783639159,373661696.000000,"mem.rss.watermark"
1419287783639159,320376832.000000,"mem.rss"
1419287783639159,131018752.000000,"mem.rss.anon"
1419287783639159,157913088.000000,"mem.rss.file"
1419287783639159,31444992.000000,"mem.rss.shmem"
1419287783639159,18526208.000000,"mem.swap"
1419287783639159,0.000000,"oom_score_adj"
1419287784405305,55681.000000,"Heap size (KB)"
1419287785967336,55713.000000,"Heap size (KB)"
1419287792473118,55753.000000,"Heap size (KB)"
1419287793477024,55785.000000,"Heap size (KB)"
1419287799297493,55817.000000,"Heap size (KB)"
1419287800701243,55889.000000,"Heap size (KB)"
1419287808423430,55921.000000,"Heap size (KB)"
1419287810055878,55953.000000,"Heap size (KB)"
1419287814043378,55985.000000,"Heap size (KB)"
1419287841083274,56017.000000,"Heap size (KB)"
1419287846077909,56049.000000,"Heap size (KB)"
1419287846483586,56081.000000,"Heap size (KB)"
1419287846870618,56113.000000,"Heap size (KB)"
1419287850818691,56145.000000,"Heap size (KB)"
1419287851107649,56177.000000,"Heap size (KB)"
1419287851888691,56249.000000,"Heap size (KB)"
1419287857762597,56281.000000,"Heap size (KB)"
1419287866511243,56313.000000,"Heap size (KB)"
1419287881476555,56345.000000,"Heap size (KB)"
1419287884322180,19880222720.000000,"mem.virt"
1419287884322180,0.000000,"mem.locked"
1419287884322180,373661696.000000,"mem.rss.watermark"
1419287884322180,321032192.000000,"mem.rss"
1419287884322180,131674112.000000,"mem.rss.anon"
1419287884322180,157913088.000000,"mem.rss.file"
1419287884322180,31444992.000000,"mem.rss.shmem"
1419287884322180,18526208.000000,"mem.swap"
1419287884322180,0.000000,"oom_score_adj"
1419287891741711,56377.000000,"Heap size (KB)"
1419287895789836,56409.000000,"Heap size (KB)"
1419287903111191,56441.000000,"Heap size (KB)"
1419287905544055,56473.000000,"Heap size (KB)"
1419287906105305,56505.000000,"Heap size (KB)"
1419287907078430,56577.000000,"Heap size (KB)"
1419287911753274,56609.000000,"Heap size (KB)"
1419287922694941,56641.000000,"Heap size (KB)"
1419287926356347,56673.000000,"Heap size (KB)"
1419287927070305,56705.000000,"Heap size (KB)"
1419287927114941,56737.000000,"Heap size (KB)"
1419287928357024,56769.000000,"Heap size (KB)"
1419287929487024,56801.000000,"Heap size (KB)"
1419287930388430,56833.000000,"Heap size (KB)"
1419287931113118,56865.000000,"Heap size (KB)"
1419287931856347,56897.000000,"Heap size (KB)"
1419287932330930,56929.000000,"Heap size (KB)"
1419287932745618,56961.000000,"Heap size (KB)"
1419287933342024,56993.000000,"Heap size (KB)"
1419287933672961,57025.000000,"Heap size (KB)"
1419287934530149,57057.000000,"Heap size (KB)"
1419287935356868,57089.000000,"Heap size (KB)"
1419287938818691,57121.000000,"Heap size (KB)"
1419287942913222,57153.000000,"Heap size (KB)"
1419287946276399,57185.000000,"Heap size (KB)"
1419287952113066,57225.000000,"Heap size (KB)"
1419287953081086,57257.000000,"Heap size (KB)"
1419287953116816,57289.000000,"Heap size (KB)"
1419287953744680,57321.000000,"Heap size (KB)"
1419287954722180,57393.000000,"Heap size (KB)"
1419287971506086,57425.000000,"Heap size (KB)"
1419287976770774,57457.000000,"Heap size (KB)"
1419287977912805,57489.000000,"Heap size (KB)"
1419287978672961,57521.000000,"Heap size (KB)"
1419287983891347,19880222720.000000,"mem.virt"
1419287983891347,0.000000,"mem.locked"
1419287983891347,373661696.000000,"mem.rss.watermark"
1419287983891347,322605056.000000,"mem.rss"
1419287983891347,133246976.000000,"mem.rss.anon"
1419287983891347,157913088.000000,"mem.rss.file"
1419287983891347,31444992.000000,"mem.rss.shmem"
1419287983891347,18526208.000000,"mem.swap"
1419287983891347,0.000000,"oom_score_adj"
1419287985677649,57553.000000,"Heap size (KB)"
1419287987475566,57585.000000,"Heap size (KB)"
1419287999574472,57617.000000,"Heap size (KB)"
1419288001516503,57649.000000,"Heap size (KB)"
1419288006826034,57681.000000,"Heap size (KB)"
1419288012745722,57717.000000,"Heap size (KB)"
1419288013763586,57789.000000,"Heap size (KB)"
1419288016491868,57821.000000,"Heap size (KB)"
1419288020939472,57853.000000,"Heap size (KB)"
1419288029053274,57885.000000,"Heap size (KB)"
1419288029971868,57917.000000,"Heap size (KB)"
1419288032764680,57949.000000,"Heap size (KB)"
1419288052198743,57981.000000,"Heap size (KB)"
1419288058014055,58013.000000,"Heap size (KB)"
1419288072664159,58045.000000,"Heap size (KB)"
1419288072829003,58117.000000,"Heap size (KB)"
1419288083233899,58149.000000,"Heap size (KB)"
1419288084462961,19880222720.000000,"mem.virt"
1419288084462961,0.000000,"mem.locked"
1419288084462961,373661696.000000,"mem.rss.watermark"
1419288084462961,323260416.000000,"mem.rss"
1419288084462961,133902336.000000,"mem.rss.anon"
1419288084462961,157913088.000000,"mem.rss.file"
1419288084462961,31444992.000000,"mem.rss.shmem"
1419288084462961,18526208.000000,"mem.swap"
1419288084462961,0.000000,"oom_score_adj"
1419288088283691,58181.000000,"Heap size (KB)"
1419288089121034,58213.000000,"Heap size (KB)"
1419288106859055,58245.000000,"Heap size (KB)"
1419288107348430,58277.000000,"Heap size (KB)"
1419288111610253,58317.000000,"Heap size (KB)"
1419288129195722,58353.000000,"Heap size (KB)"
1419288130146868,58425.000000,"Heap size (KB)"
1419288133808430,58457.000000,"Heap size (KB)"
1419288143355253,58489.000000,"Heap size (KB)"
1419288144937493,58521.000000,"Heap size (KB)"
1419288149332649,58553.000000,"Heap size (KB)"
1419288162329993,58585.000000,"Heap size (KB)"
1419288162447909,58617.000000,"Heap size (KB)"
1419288164539784,58649.000000,"Heap size (KB)"
1419288164682493,58721.000000,"Heap size (KB)"
1419288168378847,58753.000000,"Heap size (KB)"
1419288176150565,58785.000000,"Heap size (KB)"
1419288177816399,58817.000000,"Heap size (KB)"
1419288183560409,19880222720.000000,"mem.virt"
1419288183560409,0.000000,"mem.locked"
1419288183560409,373661696.000000,"mem.rss.watermark"
1419288183560409,324046848.000000,"mem.rss"
1419288183560409,134688768.000000,"mem.rss.anon"
1419288183560409,157913088.000000,"mem.rss.file"
1419288183560409,31444992.000000,"mem.rss.shmem"
1419288183560409,18526208.000000,"mem.swap"
1419288183560409,0.000000,"oom_score_adj"
1419288187474628,58849.000000,"Heap size (KB)"
1419288190841868,58881.000000,"Heap size (KB)"
1419288201601815,58913.000000,"Heap size (KB)"
1419288220518274,58945.000000,"Heap size (KB)"
1419288221086555,58981.000000,"Heap size (KB)"
1419288221911086,59053.000000,"Heap size (KB)"
1419288222501399,59085.000000,"Heap size (KB)"
1419288226453118,59117.000000,"Heap size (KB)"
1419288241446503,59149.000000,"Heap size (KB)"
1419288241828743,59181.000000,"Heap size (KB)"
1419288257384211,59213.000000,"Heap size (KB)"
1419288258469993,59245.000000,"Heap size (KB)"
1419288258665722,59277.000000,"Heap size (KB)"
1419288259485774,59309.000000,"Heap size (KB)"
1419288260366815,59341.000000,"Heap size (KB)"
1419288261306868,59373.000000,"Heap size (KB)"
1419288261473847,59405.000000,"Heap size (KB)"
1419288262095097,59437.000000,"Heap size (KB)"
1419288262797336,59469.000000,"Heap size (KB)"
1419288263774524,59509.000000,"Heap size (KB)"
1419288264772961,59541.000000,"Heap size (KB)"
1419288267538222,59581.000000,"Heap size (KB)"
1419288271258222,59613.000000,"Heap size (KB)"
1419288272130409,59645.000000,"Heap size (KB)"
1419288272446086,59681.000000,"Heap size (KB)"
1419288273292024,59753.000000,"Heap size (KB)"
1419288276658378,59785.000000,"Heap size (KB)"
1419288278140409,59817.000000,"Heap size (KB)"
1419288284437024,19880222720.000000,"mem.virt"
1419288284437024,0.000000,"mem.locked"
1419288284437024,373661696.000000,"mem.rss.watermark"
1419288284437024,325881856.000000,"mem.rss"
1419288284437024,136523776.000000,"mem.rss.anon"
1419288284437024,157913088.000000,"mem.rss.file"
1419288284437024,31444992.000000,"mem.rss.shmem"
1419288284437024,18526208.000000,"mem.swap"
1419288284437024,0.000000,"oom_score_adj"
1419288287590722,59849.000000,"Heap size (KB)"
1419288287784836,59881.000000,"Heap size (KB)"
1419288287838274,59901.000000,"Heap size (KB)"
1419288288037128,59933.000000,"Heap size (KB)"
1419288288846815,59965.000000,"Heap size (KB)"
1419288288886555,59997.000000,"Heap size (KB)"
1419288289570930,60029.000000,"Heap size (KB)"
1419288289840618,60061.000000,"Heap size (KB)"
1419288292192336,60093.000000,"Heap size (KB)"
1419288319141086,60125.000000,"Heap size (KB)"
1419288321851972,60157.000000,"Heap size (KB)"
1419288323402805,60189.000000,"Heap size (KB)"
1419288323450305,60221.000000,"Heap size (KB)"
1419288324783274,60285.000000,"Heap size (KB)"
1419288324784055,60253.000000,"Heap size (KB)"
1419288332728274,60317.000000,"Heap size (KB)"
1419288333969836,60353.000000,"Heap size (KB)"
1419288334660461,60425.000000,"Heap size (KB)"
1419288340513118,60457.000000,"Heap size (KB)"
1419288343140461,60489.000000,"Heap size (KB)"
1419288365167024,60521.000000,"Heap size (KB)"
1419288366683899,60553.000000,"Heap size (KB)"
1419288367660253,60585.000000,"Heap size (KB)"
1419288368574784,60617.000000,"Heap size (KB)"
1419288369484211,60649.000000,"Heap size (KB)"
1419288374023065,60681.000000,"Heap size (KB)"
1419288375401815,60713.000000,"Heap size (KB)"
1419288376332284,60745.000000,"Heap size (KB)"
1419288377399055,60777.000000,"Heap size (KB)"
1419288378306086,60809.000000,"Heap size (KB)"
1419288378341555,60841.000000,"Heap size (KB)"
1419288379575878,60873.000000,"Heap size (KB)"
1419288379912180,60945.000000,"Heap size (KB)"
1419288381292180,60977.000000,"Heap size (KB)"
1419288383618430,19880222720.000000,"mem.virt"
1419288383618430,0.000000,"mem.locked"
1419288383618430,373661696.000000,"mem.rss.watermark"
1419288383618430,327536640.000000,"mem.rss"
1419288383618430,138178560.000000,"mem.rss.anon"
1419288383618430,157913088.000000,"mem.rss.file"
1419288383618430,31444992.000000,"mem.rss.shmem"
1419288383618430,18526208.000000,"mem.swap"
1419288383618430,0.000000,"oom_score_adj"
1419288390329367,61009.000000,"Heap size (KB)"
1419288390613899,61041.000000,"Heap size (KB)"
1419288393189628,61073.000000,"Heap size (KB)"
1419288396967909,61105.000000,"Heap size (KB)"
1419288427140149,61145.000000,"Heap size (KB)"
1419288433143586,61177.000000,"Heap size (KB)"
1419288435784836,61249.000000,"Heap size (KB)"
1419288438051086,61281.000000,"Heap size (KB)"
1419288440261555,61313.000000,"Heap size (KB)"
1419288446482336,61345.000000,"Heap size (KB)"
1419288447283899,61377.000000,"Heap size (KB)"
1419288454519940,61409.000000,"Heap size (KB)"
1419288480776399,61441.000000,"Heap size (KB)"
1419288481623690,61473.000000,"Heap size (KB)"
1419288483289784,61505.000000,"Heap size (KB)"
1419288483873742,61537.000000,"Heap size (KB)"
1419288484253222,19880222720.000000,"mem.virt"
1419288484253222,0.000000,"mem.locked"
1419288484253222,373661696.000000,"mem.rss.watermark"
1419288484253222,329109504.000000,"mem.rss"
1419288484253222,139751424.000000,"mem.rss.anon"
1419288484253222,157913088.000000,"mem.rss.file"
1419288484253222,31444992.000000,"mem.rss.shmem"
1419288484253222,18526208.000000,"mem.swap"
1419288484253222,0.000000,"oom_score_adj"
1419288484370930,61569.000000,"Heap size (KB)"
1419288485236242,61601.000000,"Heap size (KB)"
1419288485512961,61633.000000,"Heap size (KB)"
1419288486236399,61665.000000,"Heap size (KB)"
1419288486823742,61697.000000,"Heap size (KB)"
1419288487406399,61729.000000,"Heap size (KB)"
1419288487979211,61761.000000,"Heap size (KB)"
1419288489399367,61833.000000,"Heap size (KB)"
1419288491273586,61865.000000,"Heap size (KB)"
1419288491653065,61897.000000,"Heap size (KB)"
1419288491677180,61929.000000,"Heap size (KB)"
1419288496545461,61961.000000,"Heap size (KB)"
1419288507557336,61993.000000,"Heap size (KB)"
1419288509279367,62025.000000,"Heap size (KB)"
1419288521086711,62057.000000,"Heap size (KB)"
1419288534457597,62089.000000,"Heap size (KB)"
1419288542658274,62121.000000,"Heap size (KB)"
1419288544008430,62193.000000,"Heap size (KB)"
1419288546290253,62225.000000,"Heap size (KB)"
1419288561912128,62257.000000,"Heap size (KB)"
1419288562578534,62289.000000,"Heap size (KB)"
1419288573007961,62321.000000,"Heap size (KB)"
1419288574825878,62353.000000,"Heap size (KB)"
1419288575250930,62385.000000,"Heap size (KB)"
1419288575980930,62417.000000,"Heap size (KB)"
1419288583949524,62457.000000,"Heap size (KB)"
1419288584675930,19880222720.000000,"mem.virt"
1419288584675930,0.000000,"mem.locked"
1419288584675930,373661696.000000,"mem.rss.watermark"
1419288584675930,329764864.000000,"mem.rss"
1419288584675930,140406784.000000,"mem.rss.anon"
1419288584675930,157913088.000000,"mem.rss.file"
1419288584675930,31444992.000000,"mem.rss.shmem"
1419288584675930,18526208.000000,"mem.swap"
1419288584675930,0.000000,"oom_score_adj"
1419288590370930,62489.000000,"Heap size (KB)"
1419288591088430,62521.000000,"Heap size (KB)"
1419288592058065,62593.000000,"Heap size (KB)"
1419288594300149,62625.000000,"Heap size (KB)"
1419288607994211,62657.000000,"Heap size (KB)"
1419288608237336,62689.000000,"Heap size (KB)"
1419288611381867,62721.000000,"Heap size (KB)"
1419288634273742,62753.000000,"Heap size (KB)"
1419288638919367,62785.000000,"Heap size (KB)"
1419288641407024,62817.000000,"Heap size (KB)"
1419288642403117,62889.000000,"Heap size (KB)"
1419288644585617,62921.000000,"Heap size (KB)"
1419288648041555,62953.000000,"Heap size (KB)"
1419288652648117,62985.000000,"Heap size (KB)"
1419288656621867,63017.000000,"Heap size (KB)"
1419288676337909,63049.000000,"Heap size (KB)"
1419288683650253,19880222720.000000,"mem.virt"
1419288683650253,0.000000,"mem.locked"
1419288683650253,373661696.000000,"mem.rss.watermark"
1419288683650253,330551296.000000,"mem.rss"
1419288683650253,141193216.000000,"mem.rss.anon"
1419288683650253,157913088.000000,"mem.rss.file"
1419288683650253,31444992.000000,"mem.rss.shmem"
1419288683650253,18526208.000000,"mem.swap"
1419288683650253,0.000000,"oom_score_adj"
1419288692418274,63121.000000,"Heap size (KB)"
1419288692683222,63153.000000,"Heap size (KB)"
1419288694639940,63185.000000,"Heap size (KB)"
1419288697550565,63217.000000,"Heap size (KB)"
1419288698192492,63249.000000,"Heap size (KB)"
1419288717541815,63281.000000,"Heap size (KB)"
1419288717991867,63313.000000,"Heap size (KB)"
1419288718670930,63345.000000,"Heap size (KB)"
1419288729551711,63377.000000,"Heap size (KB)"
1419288732290774,63409.000000,"Heap size (KB)"
1419288743339940,63449.000000,"Heap size (KB)"
1419288746611711,63521.000000,"Heap size (KB)"
1419288747161867,63553.000000,"Heap size (KB)"
1419288748788065,63585.000000,"Heap size (KB)"
1419288758407961,63617.000000,"Heap size (KB)"
1419288766711190,63649.000000,"Heap size (KB)"
1419288778354315,63681.000000,"Heap size (KB)"
1419288782611867,63713.000000,"Heap size (KB)"
1419288783584836,19880222720.000000,"mem.virt"
1419288783584836,0.000000,"mem.locked"
1419288783584836,373661696.000000,"mem.rss.watermark"
1419288783584836,331075584.000000,"mem.rss"
1419288783584836,141717504.000000,"mem.rss.anon"
1419288783584836,157913088.000000,"mem.rss.file"
1419288783584836,31444992.000000,"mem.rss.shmem"
1419288783584836,18526208.000000,"mem.swap"
1419288783584836,0.000000,"oom_score_adj"
1419288797707805,63745.000000,"Heap size (KB)"
1419288803087128,63817.000000,"Heap size (KB)"
1419288805672805,63849.000000,"Heap size (KB)"
1419288808858899,63881.000000,"Heap size (KB)"
1419288815804211,63913.000000,"Heap size (KB)"
1419288819972180,63945.000000,"Heap size (KB)"
1419288827101867,63977.000000,"Heap size (KB)"
1419288832924003,64009.000000,"Heap size (KB)"
1419288850906555,64081.000000,"Heap size (KB)"
1419288861149211,64113.000000,"Heap size (KB)"
1419288861970253,64145.000000,"Heap size (KB)"
1419288862316190,64177.000000,"Heap size (KB)"
1419288862528430,64209.000000,"Heap size (KB)"
1419288884236555,64241.000000,"Heap size (KB)"
1419288884485617,19880222720.000000,"mem.virt"
1419288884485617,0.000000,"mem.locked"
1419288884485617,373661696.000000,"mem.rss.watermark"
1419288884485617,331730944.000000,"mem.rss"
1419288884485617,142372864.000000,"mem.rss.anon"
1419288884485617,157913088.000000,"mem.rss.file"
1419288884485617,31444992.000000,"mem.rss.shmem"
1419288884485617,18526208.000000,"mem.swap"
1419288884485617,0.000000,"oom_score_adj"
1419288901864055,64281.000000,"Heap size (KB)"
1419288907011034,64313.000000,"Heap size (KB)"
1419288908922024,64385.000000,"Heap size (KB)"
1419288911546971,64417.000000,"Heap size (KB)"
1419288911685096,64449.000000,"Heap size (KB)"
1419288918147492,64481.000000,"Heap size (KB)"
1419288940780774,64513.000000,"Heap size (KB)"
1419288943769003,64545.000000,"Heap size (KB)"
1419288952542024,64577.000000,"Heap size (KB)"
1419288955857024,64609.000000,"Heap size (KB)"
1419288957473221,64681.000000,"Heap size (KB)"
1419288959287961,64713.000000,"Heap size (KB)"
1419288959807024,64745.000000,"Heap size (KB)"
1419288982296815,64777.000000,"Heap size (KB)"
1419288984133117,19880222720.000000,"mem.virt"
1419288984133117,0.000000,"mem.locked"
1419288984133117,373661696.000000,"mem.rss.watermark"
1419288984133117,332386304.000000,"mem.rss"
1419288984133117,143028224.000000,"mem.rss.anon"
1419288984133117,157913088.000000,"mem.rss.file"
1419288984133117,31444992.000000,"mem.rss.shmem"
1419288984133117,18526208.000000,"mem.swap"
1419288984133117,0.000000,"oom_score_adj"
1419288991245721,64809.000000,"Heap size (KB)"
1419288996186867,64841.000000,"Heap size (KB)"
1419288997345461,64873.000000,"Heap size (KB)"
1419288999623430,64905.000000,"Heap size (KB)"
1419289000308221,64937.000000,"Heap size (KB)"
1419289000348690,64969.000000,"Heap size (KB)"
1419289000410930,65001.000000,"Heap size (KB)"
1419289009051503,65033.000000,"Heap size (KB)"
1419289010742805,65105.000000,"Heap size (KB)"
1419289014320253,65137.000000,"Heap size (KB)"
1419289024844940,65169.000000,"Heap size (KB)"
1419289035171555,65201.000000,"Heap size (KB)"
1419289042339680,65233.000000,"Heap size (KB)"
1419289043852336,65265.000000,"Heap size (KB)"
1419289043989159,65297.000000,"Heap size (KB)"
1419289055466086,65329.000000,"Heap size (KB)"
1419289058232596,65369.000000,"Heap size (KB)"
1419289064128898,65441.000000,"Heap size (KB)"
1419289071551555,65473.000000,"Heap size (KB)"
1419289071673273,65505.000000,"Heap size (KB)"
1419289072521190,65537.000000,"Heap size (KB)"
1419289076155930,65569.000000,"Heap size (KB)"
1419289085111190,19880222720.000000,"mem.virt"
1419289085111190,0.000000,"mem.locked"
1419289085111190,373661696.000000,"mem.rss.watermark"
1419289085111190,333402112.000000,"mem.rss"
1419289085111190,144044032.000000,"mem.rss.anon"
1419289085111190,157913088.000000,"mem.rss.file"
1419289085111190,31444992.000000,"mem.rss.shmem"
1419289085111190,18526208.000000,"mem.swap"
1419289085111190,0.000000,"oom_score_adj"
1419289100530773,65601.000000,"Heap size (KB)"
1419289113374940,65633.000000,"Heap size (KB)"
1419289113740565,65665.000000,"Heap size (KB)"
1419289114232128,65697.000000,"Heap size (KB)"
1419289115263273,65769.000000,"Heap size (KB)"
1419289127235461,65801.000000,"Heap size (KB)"
1419289131208690,65833.000000,"Heap size (KB)"
1419289132131711,65865.000000,"Heap size (KB)"
1419289141823065,65897.000000,"Heap size (KB)"
1419289158718273,65929.000000,"Heap size (KB)"
1419289168553065,65961.000000,"Heap size (KB)"
1419289169876242,66033.000000,"Heap size (KB)"
1419289170958273,66065.000000,"Heap size (KB)"
1419289182918273,66097.000000,"Heap size (KB)"
1419289184555565,19880222720.000000,"mem.virt"
1419289184555565,0.000000,"mem.locked"
1419289184555565,373661696.000000,"mem.rss.watermark"
1419289184555565,333664256.000000,"mem.rss"
1419289184555565,144306176.000000,"mem.rss.anon"
1419289184555565,157913088.000000,"mem.rss.file"
1419289184555565,31444992.000000,"mem.rss.shmem"
1419289184555565,18526208.000000,"mem.swap"
1419289184555565,0.000000,"oom_score_adj"
1419289195111711,66129.000000,"Heap size (KB)"
1419289206831555,66161.000000,"Heap size (KB)"
1419289212121190,66193.000000,"Heap size (KB)"
1419289212577805,66225.000000,"Heap size (KB)"
1419289218377284,66265.000000,"Heap size (KB)"
1419289220957023,66337.000000,"Heap size (KB)"
1419289229650617,66369.000000,"Heap size (KB)"
1419289230086867,66401.000000,"Heap size (KB)"
1419289233129836,66433.000000,"Heap size (KB)"
1419289246026086,66465.000000,"Heap size (KB)"
1419289253989367,66497.000000,"Heap size (KB)"
1419289261479992,66529.000000,"Heap size (KB)"
1419289271847284,66561.000000,"Heap size (KB)"
1419289272193273,66593.000000,"Heap size (KB)"
1419289272313898,66625.000000,"Heap size (KB)"
1419289273906242,66697.000000,"Heap size (KB)"
1419289275875461,66729.000000,"Heap size (KB)"
1419289283507440,66761.000000,"Heap size (KB)"
1419289283735461,19880222720.000000,"mem.virt"
1419289283735461,0.000000,"mem.locked"
1419289283735461,373661696.000000,"mem.rss.watermark"
1419289283735461,335892480.000000,"mem.rss"
1419289283735461,146403328.000000,"mem.rss.anon"
1419289283735461,157913088.000000,"mem.rss.file"
1419289283735461,31576064.000000,"mem.rss.shmem"
1419289283735461,18526208.000000,"mem.swap"
1419289283735461,0.000000,"oom_score_adj"
1419289290582336,66793.000000,"Heap size (KB)"
1419289291697648,66825.000000,"Heap size (KB)"
1419289292525461,66857.000000,"Heap size (KB)"
1419289293706398,66889.000000,"Heap size (KB)"
1419289294531242,66921.000000,"Heap size (KB)"
1419289294825305,66953.000000,"Heap size (KB)"
1419289295407023,66985.000000,"Heap size (KB)"
1419289296302492,67017.000000,"Heap size (KB)"
1419289297015773,67049.000000,"Heap size (KB)"
1419289297762961,67081.000000,"Heap size (KB)"
1419289298553898,67113.000000,"Heap size (KB)"
1419289299760878,67145.000000,"Heap size (KB)"
1419289300552961,67177.000000,"Heap size (KB)"
1419289301484315,67209.000000,"Heap size (KB)"
1419289309408221,67241.000000,"Heap size (KB)"
1419289317610878,67273.000000,"Heap size (KB)"
1419289318153898,67305.000000,"Heap size (KB)"
1419289322910773,67337.000000,"Heap size (KB)"
1419289322930617,67369.000000,"Heap size (KB)"
1419289325029992,67441.000000,"Heap size (KB)"
1419289343999940,67473.000000,"Heap size (KB)"
1419289355359315,67505.000000,"Heap size (KB)"
1419289361053690,67537.000000,"Heap size (KB)"
1419289369318430,67569.000000,"Heap size (KB)"
1419289374142909,67601.000000,"Heap size (KB)"
1419289375062336,67633.000000,"Heap size (KB)"
1419289375376867,67673.000000,"Heap size (KB)"
1419289375848221,67705.000000,"Heap size (KB)"
1419289376562440,67737.000000,"Heap size (KB)"
1419289376614992,67769.000000,"Heap size (KB)"
1419289381474940,67841.000000,"Heap size (KB)"
1419289383924159,19880222720.000000,"mem.virt"
1419289383924159,0.000000,"mem.locked"
1419289383924159,373661696.000000,"mem.rss.watermark"
1419289383924159,336416768.000000,"mem.rss"
1419289383924159,146927616.000000,"mem.rss.anon"
1419289383924159,157913088.000000,"mem.rss.file"
1419289383924159,31576064.000000,"mem.rss.shmem"
1419289383924159,18526208.000000,"mem.swap"
1419289383924159,0.000000,"oom_score_adj"
1419289397553378,67873.000000,"Heap size (KB)"
1419289400568273,67905.000000,"Heap size (KB)"
1419289413246971,67937.000000,"Heap size (KB)"
1419289415446242,67969.000000,"Heap size (KB)"
1419289424627596,68001.000000,"Heap size (KB)"
1419289430472648,68033.000000,"Heap size (KB)"
1419289430903117,68065.000000,"Heap size (KB)"
1419289432582492,68137.000000,"Heap size (KB)"
1419289446475773,68169.000000,"Heap size (KB)"
1419289458262805,68201.000000,"Heap size (KB)"
1419289459839680,68233.000000,"Heap size (KB)"
1419289459970096,68265.000000,"Heap size (KB)"
1419289475361711,68297.000000,"Heap size (KB)"
1419289483943273,19880222720.000000,"mem.virt"
1419289483943273,0.000000,"mem.locked"
1419289483943273,373661696.000000,"mem.rss.watermark"
1419289483943273,337211392.000000,"mem.rss"
1419289483943273,147722240.000000,"mem.rss.anon"
1419289483943273,157913088.000000,"mem.rss.file"
1419289483943273,31576064.000000,"mem.rss.shmem"
1419289483943273,18526208.000000,"mem.swap"
1419289483943273,0.000000,"oom_score_adj"
1419289485872909,68329.000000,"Heap size (KB)"
1419289486475617,68361.000000,"Heap size (KB)"
1419289487746711,68433.000000,"Heap size (KB)"
1419289506345565,68465.000000,"Heap size (KB)"
1419289516036398,68497.000000,"Heap size (KB)"
1419289526083690,68529.000000,"Heap size (KB)"
1419289532247127,68561.000000,"Heap size (KB)"
1419289534590461,68601.000000,"Heap size (KB)"
1419289543725617,68633.000000,"Heap size (KB)"
1419289545744836,68705.000000,"Heap size (KB)"
1419289553360252,68737.000000,"Heap size (KB)"
1419289560165877,68769.000000,"Heap size (KB)"
1419289565992127,68801.000000,"Heap size (KB)"
1419289577512909,68833.000000,"Heap size (KB)"
1419289582767023,68865.000000,"Heap size (KB)"
1419289583682180,19880222720.000000,"mem.virt"
1419289583682180,0.000000,"mem.locked"
1419289583682180,373661696.000000,"mem.rss.watermark"
1419289583682180,337735680.000000,"mem.rss"
1419289583682180,148246528.000000,"mem.rss.anon"
1419289583682180,157913088.000000,"mem.rss.file"
1419289583682180,31576064.000000,"mem.rss.shmem"
1419289583682180,18526208.000000,"mem.swap"
1419289583682180,0.000000,"oom_score_adj"
1419289592099055,68897.000000,"Heap size (KB)"
1419289592566242,68929.000000,"Heap size (KB)"
1419289594273273,69001.000000,"Heap size (KB)"
1419289594603221,69033.000000,"Heap size (KB)"
1419289595713377,69065.000000,"Heap size (KB)"
1419289608056502,69097.000000,"Heap size (KB)"
1419289608484211,69129.000000,"Heap size (KB)"
1419289615927492,69161.000000,"Heap size (KB)"
1419289624886867,69193.000000,"Heap size (KB)"
1419289625312023,69225.000000,"Heap size (KB)"
1419289626089940,69257.000000,"Heap size (KB)"
1419289627148430,69289.000000,"Heap size (KB)"
1419289627958690,69321.000000,"Heap size (KB)"
1419289628793377,69353.000000,"Heap size (KB)"
1419289629164211,69385.000000,"Heap size (KB)"
1419289629664367,69417.000000,"Heap size (KB)"
1419289630481971,69449.000000,"Heap size (KB)"
1419289631168065,69481.000000,"Heap size (KB)"
1419289637372805,69513.000000,"Heap size (KB)"
1419289644071346,69545.000000,"Heap size (KB)"
1419289645608742,69617.000000,"Heap size (KB)"
1419289649545305,69649.000000,"Heap size (KB)"
1419289663316398,69681.000000,"Heap size (KB)"
1419289667019680,69713.000000,"Heap size (KB)"
1419289683816346,69745.000000,"Heap size (KB)"
1419289684422961,19880222720.000000,"mem.virt"
1419289684422961,0.000000,"mem.locked"
1419289684422961,373661696.000000,"mem.rss.watermark"
1419289684422961,339177472.000000,"mem.rss"
1419289684422961,149688320.000000,"mem.rss.anon"
1419289684422961,157913088.000000,"mem.rss.file"
1419289684422961,31576064.000000,"mem.rss.shmem"
1419289684422961,18526208.000000,"mem.swap"
1419289684422961,0.000000,"oom_score_adj"
1419289687527284,69777.000000,"Heap size (KB)"
1419289696128377,69817.000000,"Heap size (KB)"
1419289697956971,69853.000000,"Heap size (KB)"
1419289698616711,69925.000000,"Heap size (KB)"
1419289699038429,69957.000000,"Heap size (KB)"
1419289718671659,69989.000000,"Heap size (KB)"
1419289724805773,70021.000000,"Heap size (KB)"
1419289729019367,70053.000000,"Heap size (KB)"
1419289732293898,70085.000000,"Heap size (KB)"
1419289748580929,70117.000000,"Heap size (KB)"
1419289750709471,70149.000000,"Heap size (KB)"
1419289765230929,70181.000000,"Heap size (KB)"
1419289765397596,70253.000000,"Heap size (KB)"
1419289765531398,70285.000000,"Heap size (KB)"
1419289774314315,70317.000000,"Heap size (KB)"
1419289777564211,70349.000000,"Heap size (KB)"
1419289779143273,70381.000000,"Heap size (KB)"
1419289784457804,19880222720.000000,"mem.virt"
1419289784457804,0.000000,"mem.locked"
1419289784457804,373661696.000000,"mem.rss.watermark"
1419289784457804,339570688.000000,"mem.rss"
1419289784457804,150081536.000000,"mem.rss.anon"
1419289784457804,157913088.000000,"mem.rss.file"
1419289784457804,31576064.000000,"mem.rss.shmem"
1419289784457804,18526208.000000,"mem.swap"
1419289784457804,0.000000,"oom_score_adj"
1419289796355929,70413.000000,"Heap size (KB)"
1419289796444159,70445.000000,"Heap size (KB)"
1419289797067179,70477.000000,"Heap size (KB)"
1419289798756815,70509.000000,"Heap size (KB)"
1419289799286086,70541.000000,"Heap size (KB)"
1419289800735148,70573.000000,"Heap size (KB)"
1419289801801190,70605.000000,"Heap size (KB)"
1419289802725929,70637.000000,"Heap size (KB)"
1419289803569054,70669.000000,"Heap size (KB)"
1419289804411034,70701.000000,"Heap size (KB)"
1419289807104054,70737.000000,"Heap size (KB)"
1419289808010461,70809.000000,"Heap size (KB)"
1419289817506502,70841.000000,"Heap size (KB)"
1419289821712023,70873.000000,"Heap size (KB)"
1419289825368065,70905.000000,"Heap size (KB)"
1419289834551502,70937.000000,"Heap size (KB)"
1419289834919471,70969.000000,"Heap size (KB)"
1419289855941346,71009.000000,"Heap size (KB)"
1419289864838273,71041.000000,"Heap size (KB)"
1419289866469992,71073.000000,"Heap size (KB)"
1419289866610565,71145.000000,"Heap size (KB)"
1419289881974992,71177.000000,"Heap size (KB)"
1419289882061815,71209.000000,"Heap size (KB)"
1419289883377440,19880222720.000000,"mem.virt"
1419289883377440,0.000000,"mem.locked"
1419289883377440,373661696.000000,"mem.rss.watermark"
1419289883377440,342667264.000000,"mem.rss"
1419289883377440,153178112.000000,"mem.rss.anon"
1419289883377440,157913088.000000,"mem.rss.file"
1419289883377440,31576064.000000,"mem.rss.shmem"
1419289883377440,18526208.000000,"mem.swap"
1419289883377440,0.000000,"oom_score_adj"
1419289885976815,71241.000000,"Heap size (KB)"
1419289887877284,71273.000000,"Heap size (KB)"
1419289888005096,3750.000000,"Minflt-GC"
1419289888008117,0.000000,"Majflt-GC"
1419289888090148,3750.000000,"Minflt-GC"
1419289888092804,0.000000,"Majflt-GC"
1419289907370304,71305.000000,"Heap size (KB)"
1419289910520721,71337.000000,"Heap size (KB)"
1419289913442804,71369.000000,"Heap size (KB)"
1419289913817804,71405.000000,"Heap size (KB)"
1419289914497804,71477.000000,"Heap size (KB)"
1419289918061398,4718.000000,"Minflt-GC"
1419289918064211,0.000000,"Majflt-GC"
1419289918125304,71509.000000,"Heap size (KB)"
1419289918126815,71541.000000,"Heap size (KB)"
1419289918343273,71573.000000,"Heap size (KB)"
1419289918732961,71605.000000,"Heap size (KB)"
1419289918890877,71637.000000,"Heap size (KB)"
1419289921746971,71669.000000,"Heap size (KB)"
1419289922577648,71701.000000,"Heap size (KB)"
1419289924171398,71733.000000,"Heap size (KB)"
1419289925826971,71733.000000,"Heap size (KB)"
1419289927042179,52629.000000,"Heap size (KB)"
1419289930879367,24133.000000,"Heap size (KB)"
1419289930886867,4767.000000,"Minflt-GC"
1419289930890096,0.000000,"Majflt-GC"
1419289930892336,24165.000000,"Heap size (KB)"
1419289932207648,24197.000000,"Heap size (KB)"
1419289937134471,24229.000000,"Heap size (KB)"
1419289946977752,24261.000000,"Heap size (KB)"
1419289950077804,24293.000000,"Heap size (KB)"
1419289950506867,4915.000000,"Minflt-GC"
1419289950509784,0.000000,"Majflt-GC"
1419289955283273,29179904.000000,"freed_normal_object_bytes"
1419289955285721,19562496.000000,"freed_large_object_bytes"
1419289955287909,48742400.000000,"freed_bytes"
1419289961174054,24325.000000,"Heap size (KB)"
1419289965351346,24357.000000,"Heap size (KB)"
1419289965850409,24389.000000,"Heap size (KB)"
1419289967013429,24461.000000,"Heap size (KB)"
1419289967579211,24493.000000,"Heap size (KB)"
1419289967806034,24525.000000,"Heap size (KB)"
1419289977648586,24557.000000,"Heap size (KB)"
1419289978149523,24589.000000,"Heap size (KB)"
1419289983458690,19879849984.000000,"mem.virt"
1419289983458690,0.000000,"mem.locked"
1419289983458690,373661696.000000,"mem.rss.watermark"
1419289983458690,303808512.000000,"mem.rss"
1419289983458690,114319360.000000,"mem.rss.anon"
1419289983458690,157913088.000000,"mem.rss.file"
1419289983458690,31576064.000000,"mem.rss.shmem"
1419289983458690,18526208.000000,"mem.swap"
1419289983458690,0.000000,"oom_score_adj"
1419289990042492,24621.000000,"Heap size (KB)"
1419289991404471,24653.000000,"Heap size (KB)"
1419289991600565,24685.000000,"Heap size (KB)"
1419289992245409,24717.000000,"Heap size (KB)"
1419289993021086,24749.000000,"Heap size (KB)"
1419289993263117,24781.000000,"Heap size (KB)"
1419289994110148,24813.000000,"Heap size (KB)"
1419289994961034,24845.000000,"Heap size (KB)"
1419290001491242,24877.000000,"Heap size (KB)"
1419290001804940,24909.000000,"Heap size (KB)"
1419290009907440,24941.000000,"Heap size (KB)"
1419290011588742,24981.000000,"Heap size (KB)"
1419290012488690,25013.000000,"Heap size (KB)"
1419290022936034,25045.000000,"Heap size (KB)"
1419290022974679,25077.000000,"Heap size (KB)"
1419290024223690,25109.000000,"Heap size (KB)"
1419290024647804,25181.000000,"Heap size (KB)"
1419290039122336,25213.000000,"Heap size (KB)"
1419290045531242,25245.000000,"Heap size (KB)"
1419290045911346,25277.000000,"Heap size (KB)"
1419290048428898,25309.000000,"Heap size (KB)"
1419290062447492,25341.000000,"Heap size (KB)"
1419290062633377,25373.000000,"Heap size (KB)"
1419290078667909,25405.000000,"Heap size (KB)"
1419290078793742,25437.000000,"Heap size (KB)"
1419290078997804,25469.000000,"Heap size (KB)"
1419290079870461,25541.000000,"Heap size (KB)"
1419290084106711,19879849984.000000,"mem.virt"
1419290084106711,0.000000,"mem.locked"
1419290084106711,373661696.000000,"mem.rss.watermark"
1419290084106711,304594944.000000,"mem.rss"
1419290084106711,115105792.000000,"mem.rss.anon"
1419290084106711,157913088.000000,"mem.rss.file"
1419290084106711,31576064.000000,"mem.rss.shmem"
1419290084106711,18526208.000000,"mem.swap"
1419290084106711,0.000000,"oom_score_adj"
1419290095629523,25573.000000,"Heap size (KB)"
1419290096162440,25605.000000,"Heap size (KB)"
1419290099080929,25637.000000,"Heap size (KB)"
1419290100357127,25669.000000,"Heap size (KB)"
1419290108299679,25701.000000,"Heap size (KB)"
1419290114964679,25733.000000,"Heap size (KB)"
1419290123163742,25765.000000,"Heap size (KB)"
1419290123435096,25797.000000,"Heap size (KB)"
1419290124943690,25869.000000,"Heap size (KB)"
1419290129169783,25901.000000,"Heap size (KB)"
1419290139220617,25933.000000,"Heap size (KB)"
1419290144247752,25965.000000,"Heap size (KB)"
1419290149311242,25997.000000,"Heap size (KB)"
1419290161394523,26029.000000,"Heap size (KB)"
1419290166670617,26069.000000,"Heap size (KB)"
1419290167362023,26101.000000,"Heap size (KB)"
1419290173314054,26133.000000,"Heap size (KB)"
1419290175017492,26205.000000,"Heap size (KB)"
1419290178439940,26237.000000,"Heap size (KB)"
1419290184161346,19879849984.000000,"mem.virt"
1419290184161346,0.000000,"mem.locked"
1419290184161346,373661696.000000,"mem.rss.watermark"
1419290184161346,305381376.000000,"mem.rss"
1419290184161346,115892224.000000,"mem.rss.anon"
1419290184161346,157913088.000000,"mem.rss.file"
1419290184161346,31576064.000000,"mem.rss.shmem"
1419290184161346,18526208.000000,"mem.swap"
1419290184161346,0.000000,"oom_score_adj"
1419290194521086,26269.000000,"Heap size (KB)"
1419290200578846,26301.000000,"Heap size (KB)"
1419290200799523,26333.000000,"Heap size (KB)"
1419290216393742,26365.000000,"Heap size (KB)"
1419290219259211,26397.000000,"Heap size (KB)"
1419290219412336,26429.000000,"Heap size (KB)"
1419290228305929,26461.000000,"Heap size (KB)"
1419290229379679,26533.000000,"Heap size (KB)"
1419290229809054,26565.000000,"Heap size (KB)"
1419290231108898,26597.000000,"Heap size (KB)"
1419290231364627,26629.000000,"Heap size (KB)"
1419290243526398,26661.000000,"Heap size (KB)"
1419290247716086,26693.000000,"Heap size (KB)"
1419290247823429,26725.000000,"Heap size (KB)"
1419290248912023,26757.000000,"Heap size (KB)"
1419290259604992,26789.000000,"Heap size (KB)"
1419290260793690,26821.000000,"Heap size (KB)"
1419290274825565,26853.000000,"Heap size (KB)"
1419290276979992,26925.000000,"Heap size (KB)"
1419290281894836,26957.000000,"Heap size (KB)"
1419290283708898,19858763776.000000,"mem.virt"
1419290283708898,0.000000,"mem.locked"
1419290283708898,373661696.000000,"mem.rss.watermark"
1419290283708898,305905664.000000,"mem.rss"
1419290283708898,116416512.000000,"mem.rss.anon"
1419290283708898,157913088.000000,"mem.rss.file"
1419290283708898,31576064.000000,"mem.rss.shmem"
1419290283708898,18526208.000000,"mem.swap"
1419290283708898,0.000000,"oom_score_adj"
1419290290664158,26989.000000,"Heap size (KB)"
1419290296989627,27021.000000,"Heap size (KB)"
1419290297696867,27053.000000,"Heap size (KB)"
1419290301321971,27085.000000,"Heap size (KB)"
1419290301898742,27117.000000,"Heap size (KB)"
1419290302026867,27149.000000,"Heap size (KB)"
1419290302999367,27181.000000,"Heap size (KB)"
1419290303718586,27213.000000,"Heap size (KB)"
1419290304457961,27245.000000,"Heap size (KB)"
1419290305339679,27277.000000,"Heap size (KB)"
1419290306021086,27309.000000,"Heap size (KB)"
1419290306904523,27341.000000,"Heap size (KB)"
1419290308004836,27373.000000,"Heap size (KB)"
1419290308910148,27405.000000,"Heap size (KB)"
1419290309451554,27437.000000,"Heap size (KB)"
1419290309703429,27469.000000,"Heap size (KB)"
1419290310556086,27501.000000,"Heap size (KB)"
1419290311253273,27533.000000,"Heap size (KB)"
1419290311615252,27565.000000,"Heap size (KB)"
1419290312032492,27597.000000,"Heap size (KB)"
1419290312758221,27629.000000,"Heap size (KB)"
1419290313531398,27661.000000,"Heap size (KB)"
1419290314224367,27693.000000,"Heap size (KB)"
1419290326726085,27733.000000,"Heap size (KB)"
1419290333371398,27805.000000,"Heap size (KB)"
1419290341154054,27837.000000,"Heap size (KB)"
1419290345378065,27869.000000,"Heap size (KB)"
1419290347743585,27901.000000,"Heap size (KB)"
1419290361596033,27933.000000,"Heap size (KB)"
1419290371771971,27965.000000,"Heap size (KB)"
1419290378098429,27997.000000,"Heap size (KB)"
1419290382135304,28033.000000,"Heap size (KB)"
1419290382798690,28105.000000,"Heap size (KB)"
1419290384665617,19858763776.000000,"mem.virt"
1419290384665617,0.000000,"mem.locked"
1419290384665617,373661696.000000,"mem.rss.watermark"
1419290384665617,306798592.000000,"mem.rss"
1419290384665617,117309440.000000,"mem.rss.anon"
1419290384665617,157913088.000000,"mem.rss.file"
1419290384665617,31576064.000000,"mem.rss.shmem"
1419290384665617,18526208.000000,"mem.swap"
1419290384665617,0.000000,"oom_score_adj"
1419290389731554,28137.000000,"Heap size (KB)"
1419290391739367,28169.000000,"Heap size (KB)"
1419290393282492,28201.000000,"Heap size (KB)"
1419290405317179,28233.000000,"Heap size (KB)"
1419290405604992,28265.000000,"Heap size (KB)"
1419290408831398,28297.000000,"Heap size (KB)"
1419290434672908,28333.000000,"Heap size (KB)"
1419290435046971,28365.000000,"Heap size (KB)"
1419290435310304,28437.000000,"Heap size (KB)"
1419290439358846,28469.000000,"Heap size (KB)"
1419290444788533,28501.000000,"Heap size (KB)"
1419290446123065,28533.000000,"Heap size (KB)"
1419290448773221,28565.000000,"Heap size (KB)"
1419290474572596,28597.000000,"Heap size (KB)"
1419290477476710,28629.000000,"Heap size (KB)"
1419290484138117,19858763776.000000,"mem.virt"
1419290484138117,0.000000,"mem.locked"
1419290484138117,373661696.000000,"mem.rss.watermark"
1419290484138117,307716096.000000,"mem.rss"
1419290484138117,118226944.000000,"mem.rss.anon"
1419290484138117,157913088.000000,"mem.rss.file"
1419290484138117,31576064.000000,"mem.rss.shmem"
1419290484138117,18526208.000000,"mem.swap"
1419290484138117,0.000000,"oom_score_adj"
1419290484442596,28669.000000,"Heap size (KB)"
1419290494468690,28701.000000,"Heap size (KB)"
1419290495229210,28733.000000,"Heap size (KB)"
1419290495883429,28765.000000,"Heap size (KB)"
1419290496272335,28801.000000,"Heap size (KB)"
1419290496344471,28833.000000,"Heap size (KB)"
1419290496554054,28865.000000,"Heap size (KB)"
1419290496924471,28937.000000,"Heap size (KB)"
1419290499246554,28969.000000,"Heap size (KB)"
1419290499924367,29001.000000,"Heap size (KB)"
1419290502941190,29033.000000,"Heap size (KB)"
1419290503285721,29065.000000,"Heap size (KB)"
1419290503790929,29097.000000,"Heap size (KB)"
1419290504490096,29129.000000,"Heap size (KB)"
1419290505238429,29161.000000,"Heap size (KB)"
1419290505980408,29193.000000,"Heap size (KB)"
1419290506816867,29225.000000,"Heap size (KB)"
1419290535244835,29257.000000,"Heap size (KB)"
1419290538759523,29289.000000,"Heap size (KB)"
1419290541286710,29321.000000,"Heap size (KB)"
1419290541310148,29357.000000,"Heap size (KB)"
1419290542058117,29429.000000,"Heap size (KB)"
1419290549771502,29461.000000,"Heap size (KB)"
1419290549908898,29493.000000,"Heap size (KB)"
1419290564503898,29525.000000,"Heap size (KB)"
1419290583622335,29557.000000,"Heap size (KB)"
1419290583795252,29589.000000,"Heap size (KB)"
1419290584149523,19858595840.000000,"mem.virt"
1419290584149523,0.000000,"mem.locked"
1419290584149523,373661696.000000,"mem.rss.watermark"
1419290584149523,308502528.000000,"mem.rss"
1419290584149523,119013376.000000,"mem.rss.anon"
1419290584149523,157913088.000000,"mem.rss.file"
1419290584149523,31576064.000000,"mem.rss.shmem"
1419290584149523,18526208.000000,"mem.swap"
1419290584149523,0.000000,"oom_score_adj"
1419290594925304,29625.000000,"Heap size (KB)"
1419290595754158,29697.000000,"Heap size (KB)"
1419290600972127,29729.000000,"Heap size (KB)"
1419290611176815,29761.000000,"Heap size (KB)"
1419290614478898,29793.000000,"Heap size (KB)"
1419290639665304,29833.000000,"Heap size (KB)"
1419290640608117,29865.000000,"Heap size (KB)"
1419290641949523,29901.000000,"Heap size (KB)"
1419290642582648,29973.000000,"Heap size (KB)"
1419290645344679,30005.000000,"Heap size (KB)"
1419290652743429,30037.000000,"Heap size (KB)"
1419290654714992,30069.000000,"Heap size (KB)"
1419290657915460,30101.000000,"Heap size (KB)"
1419290684587127,19858595840.000000,"mem.virt"
1419290684587127,0.000000,"mem.locked"
1419290684587127,373661696.000000,"mem.rss.watermark"
1419290684587127,309157888.000000,"mem.rss"
1419290684587127,119668736.000000,"mem.rss.anon"
1419290684587127,157913088.000000,"mem.rss.file"
1419290684587127,31576064.000000,"mem.rss.shmem"
1419290684587127,18526208.000000,"mem.swap"
1419290684587127,0.000000,"oom_score_adj"
1419290690729054,30133.000000,"Heap size (KB)"
1419290693196867,30165.000000,"Heap size (KB)"
1419290694270252,30197.000000,"Heap size (KB)"
1419290695269315,30229.000000,"Heap size (KB)"
1419290695629679,30265.000000,"Heap size (KB)"
1419290696236346,30297.000000,"Heap size (KB)"
1419290696581346,30369.000000,"Heap size (KB)"
1419290697094627,30401.000000,"Heap size (KB)"
1419290697905773,30433.000000,"Heap size (KB)"
1419290698783742,30465.000000,"Heap size (KB)"
1419290700046867,30497.000000,"Heap size (KB)"
1419290700920929,30529.000000,"Heap size (KB)"
1419290701778690,30561.000000,"Heap size (KB)"
1419290702737023,30593.000000,"Heap size (KB)"
1419290703535304,30625.000000,"Heap size (KB)"
1419290704283846,30657.000000,"Heap size (KB)"
1419290705121346,30689.000000,"Heap size (KB)"
1419290705281502,30721.000000,"Heap size (KB)"
1419290705885929,30753.000000,"Heap size (KB)"
1419290706628585,30785.000000,"Heap size (KB)"
1419290707455929,30817.000000,"Heap size (KB)"
1419290708355304,30849.000000,"Heap size (KB)"
1419290708542648,30881.000000,"Heap size (KB)"
1419290709134367,30913.000000,"Heap size (KB)"
1419290713676502,30945.000000,"Heap size (KB)"
1419290714070148,30977.000000,"Heap size (KB)"
1419290741995773,31009.000000,"Heap size (KB)"
1419290747357179,31041.000000,"Heap size (KB)"
1419290747483273,31073.000000,"Heap size (KB)"
1419290747506710,31105.000000,"Heap size (KB)"
1419290749612908,31177.000000,"Heap size (KB)"
1419290756480460,31209.000000,"Heap size (KB)"
1419290756795304,31241.000000,"Heap size (KB)"
1419290771688377,31273.000000,"Heap size (KB)"
1419290780175304,31305.000000,"Heap size (KB)"
1419290781415304,31337.000000,"Heap size (KB)"
1419290781831867,31369.000000,"Heap size (KB)"
1419290784015773,19858595840.000000,"mem.virt"
1419290784015773,0.000000,"mem.locked"
1419290784015773,373661696.000000,"mem.rss.watermark"
1419290784015773,310206464.000000,"mem.rss"
1419290784015773,120717312.000000,"mem.rss.anon"
1419290784015773,157913088.000000,"mem.rss.file"
1419290784015773,31576064.000000,"mem.rss.shmem"
1419290784015773,18526208.000000,"mem.swap"
1419290784015773,0.000000,"oom_score_adj"
1419290792019002,31401.000000,"Heap size (KB)"
1419290793472127,31433.000000,"Heap size (KB)"
1419290795452335,31465.000000,"Heap size (KB)"
1419290798521346,31497.000000,"Heap size (KB)"
1419290799721502,31537.000000,"Heap size (KB)"
1419290799963273,31569.000000,"Heap size (KB)"
1419290807533273,31641.000000,"Heap size (KB)"
1419290809990929,31673.000000,"Heap size (KB)"
1419290838284158,31705.000000,"Heap size (KB)"
1419290840524210,31737.000000,"Heap size (KB)"
1419290848971398,31769.000000,"Heap size (KB)"
1419290849782492,31801.000000,"Heap size (KB)"
1419290850382960,31833.000000,"Heap size (KB)"
1419290850835617,31865.000000,"Heap size (KB)"
1419290851684992,31897.000000,"Heap size (KB)"
1419290860759939,31929.000000,"Heap size (KB)"
1419290867512439,32001.000000,"Heap size (KB)"
1419290869819627,32033.000000,"Heap size (KB)"
1419290882422804,32065.000000,"Heap size (KB)"
1419290883437023,32097.000000,"Heap size (KB)"
1419290884427179,19858595840.000000,"mem.virt"
1419290884427179,0.000000,"mem.locked"
1419290884427179,373661696.000000,"mem.rss.watermark"
1419290884427179,310861824.000000,"mem.rss"
1419290884427179,121372672.000000,"mem.rss.anon"
1419290884427179,157913088.000000,"mem.rss.file"
1419290884427179,31576064.000000,"mem.rss.shmem"
1419290884427179,18526208.000000,"mem.swap"
1419290884427179,0.000000,"oom_score_adj"
1419290894034523,32129.000000,"Heap size (KB)"
1419290897873117,32161.000000,"Heap size (KB)"
1419290903731867,32193.000000,"Heap size (KB)"
1419290905209158,32265.000000,"Heap size (KB)"
1419290907579054,32297.000000,"Heap size (KB)"
1419290929458742,32329.000000,"Heap size (KB)"
1419290930631242,32361.000000,"Heap size (KB)"
1419290931011710,32393.000000,"Heap size (KB)"
1419290932616554,32425.000000,"Heap size (KB)"
1419290932947804,32457.000000,"Heap size (KB)"
1419290932951867,32489.000000,"Heap size (KB)"
1419290935873221,32521.000000,"Heap size (KB)"
1419290943477335,32553.000000,"Heap size (KB)"
1419290945279835,32585.000000,"Heap size (KB)"
1419290949300096,32617.000000,"Heap size (KB)"
1419290955952804,32657.000000,"Heap size (KB)"
1419290956454679,32689.000000,"Heap size (KB)"
1419290958525877,32721.000000,"Heap size (KB)"
1419290959326242,32753.000000,"Heap size (KB)"
1419290960062127,32785.000000,"Heap size (KB)"
1419290961034471,32817.000000,"Heap size (KB)"
1419290961897179,32849.000000,"Heap size (KB)"
1419290962912023,32881.000000,"Heap size (KB)"
1419290963677492,32913.000000,"Heap size (KB)"
1419290963930773,32945.000000,"Heap size (KB)"
1419290963949627,33017.000000,"Heap size (KB)"
1419290964704367,33049.000000,"Heap size (KB)"
1419290965592179,33081.000000,"Heap size (KB)"
1419290965952648,33113.000000,"Heap size (KB)"
1419290967004314,33145.000000,"Heap size (KB)"
1419290967839939,33177.000000,"Heap size (KB)"
1419290968700148,33209.000000,"Heap size (KB)"
1419290969560721,33241.000000,"Heap size (KB)"
1419290970341033,33273.000000,"Heap size (KB)"
1419290971379627,33305.000000,"Heap size (KB)"
1419290972083585,33337.000000,"Heap size (KB)"
1419290973262335,33369.000000,"Heap size (KB)"
1419290974383585,33401.000000,"Heap size (KB)"
1419290975259835,33433.000000,"Heap size (KB)"
1419290976016346,33465.000000,"Heap size (KB)"
1419290976738429,33497.000000,"Heap size (KB)"
1419290977705929,33529.000000,"Heap size (KB)"
1419290978422179,33561.000000,"Heap size (KB)"
1419290979295773,33593.000000,"Heap size (KB)"
1419290980052908,33625.000000,"Heap size (KB)"
1419290980771398,33657.000000,"Heap size (KB)"
1419290981843064,33689.000000,"Heap size (KB)"
1419290982867127,33721.000000,"Heap size (KB)"
1419290983438741,33753.000000,"Heap size (KB)"
1419290984037023,33785.000000,"Heap size (KB)"
1419290984239210,19858595840.000000,"mem.virt"
1419290984239210,0.000000,"mem.locked"
1419290984239210,373661696.000000,"mem.rss.watermark"
1419290984239210,313040896.000000,"mem.rss"
1419290984239210,123551744.000000,"mem.rss.anon"
1419290984239210,157913088.000000,"mem.rss.file"
1419290984239210,31576064.000000,"mem.rss.shmem"
1419290984239210,18526208.000000,"mem.swap"
1419290984239210,0.000000,"oom_score_adj"
1419290984654835,33817.000000,"Heap size (KB)"
1419290985207596,33849.000000,"Heap size (KB)"
1419290985722023,33881.000000,"Heap size (KB)"
1419290986197023,33913.000000,"Heap size (KB)"
1419290986663585,33945.000000,"Heap size (KB)"
1419290988106710,33977.000000,"Heap size (KB)"
1419290988177127,34009.000000,"Heap size (KB)"
1419290990034783,34041.000000,"Heap size (KB)"
1419291000230252,34073.000000,"Heap size (KB)"
1419291009787023,34105.000000,"Heap size (KB)"
1419291009879783,34137.000000,"Heap size (KB)"
1419291011209679,34169.000000,"Heap size (KB)"
1419291012111033,34201.000000,"Heap size (KB)"
1419291012950929,34233.000000,"Heap size (KB)"
1419291015461971,34265.000000,"Heap size (KB)"
1419291015753064,34297.000000,"Heap size (KB)"
1419291017094523,34369.000000,"Heap size (KB)"
1419291018097804,34401.000000,"Heap size (KB)"
1419291019278533,34433.000000,"Heap size (KB)"
1419291019435929,34465.000000,"Heap size (KB)"
1419291027499783,34497.000000,"Heap size (KB)"
1419291027641971,34517.000000,"Heap size (KB)"
1419291027800616,34549.000000,"Heap size (KB)"
1419291028096398,34581.000000,"Heap size (KB)"
1419291028551398,34613.000000,"Heap size (KB)"
1419291028920252,34645.000000,"Heap size (KB)"
1419291029817127,34677.000000,"Heap size (KB)"
1419291030634991,34709.000000,"Heap size (KB)"
1419291031383377,34741.000000,"Heap size (KB)"
1419291032310096,34773.000000,"Heap size (KB)"
1419291033063741,34805.000000,"Heap size (KB)"
1419291033908741,34837.000000,"Heap size (KB)"
1419291034632491,34869.000000,"Heap size (KB)"
1419291035341085,34901.000000,"Heap size (KB)"
1419291036053898,34933.000000,"Heap size (KB)"
1419291036976658,34965.000000,"Heap size (KB)"
1419291040629679,34997.000000,"Heap size (KB)"
1419291062575148,35029.000000,"Heap size (KB)"
1419291062818741,35061.000000,"Heap size (KB)"
1419291063267752,35093.000000,"Heap size (KB)"
1419291064222023,35125.000000,"Heap size (KB)"
1419291078399835,35197.000000,"Heap size (KB)"
1419291080587023,35229.000000,"Heap size (KB)"
1419291081517960,35261.000000,"Heap size (KB)"
1419291082705096,35293.000000,"Heap size (KB)"
1419291082752596,35325.000000,"Heap size (KB)"
1419291083598064,35357.000000,"Heap size (KB)"
1419291084025564,35389.000000,"Heap size (KB)"
1419291084236398,19858595840.000000,"mem.virt"
1419291084236398,0.000000,"mem.locked"
1419291084236398,373661696.000000,"mem.rss.watermark"
1419291084236398,314052608.000000,"mem.rss"
1419291084236398,124563456.000000,"mem.rss.anon"
1419291084236398,157913088.000000,"mem.rss.file"
1419291084236398,31576064.000000,"mem.rss.shmem"
1419291084236398,18526208.000000,"mem.swap"
1419291084236398,0.000000,"oom_score_adj"
1419291084372491,35421.000000,"Heap size (KB)"
1419291091202335,35453.000000,"Heap size (KB)"
1419291100100460,35485.000000,"Heap size (KB)"
1419291100266502,35517.000000,"Heap size (KB)"
1419291115032491,35557.000000,"Heap size (KB)"
1419291116147648,35589.000000,"Heap size (KB)"
1419291117349835,35621.000000,"Heap size (KB)"
1419291119196346,35693.000000,"Heap size (KB)"
1419291121405616,35725.000000,"Heap size (KB)"
1419291148058846,35757.000000,"Heap size (KB)"
1419291150297283,35789.000000,"Heap size (KB)"
1419291165119158,35821.000000,"Heap size (KB)"
1419291167304627,35853.000000,"Heap size (KB)"
1419291168927283,35885.000000,"Heap size (KB)"
1419291170203533,35917.000000,"Heap size (KB)"
1419291170527179,35953.000000,"Heap size (KB)"
1419291171130564,36025.000000,"Heap size (KB)"
1419291183724366,19858595840.000000,"mem.virt"
1419291183724366,0.000000,"mem.locked"
1419291183724366,373661696.000000,"mem.rss.watermark"
1419291183724366,314707968.000000,"mem.rss"
1419291183724366,125218816.000000,"mem.rss.anon"
1419291183724366,157913088.000000,"mem.rss.file"
1419291183724366,31576064.000000,"mem.rss.shmem"
1419291183724366,18526208.000000,"mem.swap"
1419291183724366,0.000000,"oom_score_adj"
1419291199209471,36057.000000,"Heap size (KB)"
1419291202670616,36089.000000,"Heap size (KB)"
1419291203360616,36121.000000,"Heap size (KB)"
1419291218908585,36153.000000,"Heap size (KB)"
1419291221004366,36185.000000,"Heap size (KB)"
1419291223277439,36257.000000,"Heap size (KB)"
1419291232092335,36289.000000,"Heap size (KB)"
1419291233731189,36321.000000,"Heap size (KB)"
1419291233963273,36353.000000,"Heap size (KB)"
1419291235427023,36385.000000,"Heap size (KB)"
1419291236179054,36417.000000,"Heap size (KB)"
1419291236957804,36449.000000,"Heap size (KB)"
1419291237860721,36481.000000,"Heap size (KB)"
1419291248819835,36513.000000,"Heap size (KB)"
1419291260111033,36545.000000,"Heap size (KB)"
1419291267625721,36577.000000,"Heap size (KB)"
1419291270426866,36617.000000,"Heap size (KB)"
1419291282700721,36649.000000,"Heap size (KB)"
1419291283534679,19858595840.000000,"mem.virt"
1419291283534679,0.000000,"mem.locked"
1419291283534679,373661696.000000,"mem.rss.watermark"
1419291283534679,315097088.000000,"mem.rss"
1419291283534679,125607936.000000,"mem.rss.anon"
1419291283534679,157913088.000000,"mem.rss.file"
1419291283534679,31576064.000000,"mem.rss.shmem"
1419291283534679,18526208.000000,"mem.swap"
1419291283534679,0.000000,"oom_score_adj"
1419291286726502,36721.000000,"Heap size (KB)"
1419291287413585,36753.000000,"Heap size (KB)"
1419291287859679,36785.000000,"Heap size (KB)"
1419291302964054,36817.000000,"Heap size (KB)"
1419291321499991,36849.000000,"Heap size (KB)"
1419291322723585,36881.000000,"Heap size (KB)"
1419291325503533,36953.000000,"Heap size (KB)"
1419291333566346,36985.000000,"Heap size (KB)"
1419291338300616,37017.000000,"Heap size (KB)"
1419291339886241,37049.000000,"Heap size (KB)"
1419291351523116,37081.000000,"Heap size (KB)"
1419291371399835,37113.000000,"Heap size (KB)"
1419291377253377,37185.000000,"Heap size (KB)"
1419291384196085,19858595840.000000,"mem.virt"
1419291384196085,0.000000,"mem.locked"
1419291384196085,373661696.000000,"mem.rss.watermark"
1419291384196085,315752448.000000,"mem.rss"
1419291384196085,126132224.000000,"mem.rss.anon"
1419291384196085,157913088.000000,"mem.rss.file"
1419291384196085,31707136.000000,"mem.rss.shmem"
1419291384196085,18526208.000000,"mem.swap"
1419291384196085,0.000000,"oom_score_adj"
1419291386443585,37217.000000,"Heap size (KB)"
1419291390568898,37249.000000,"Heap size (KB)"
1419291394602023,37281.000000,"Heap size (KB)"
1419291395152648,37313.000000,"Heap size (KB)"
1419291419687491,37345.000000,"Heap size (KB)"
1419291422749679,37377.000000,"Heap size (KB)"
1419291424765148,37417.000000,"Heap size (KB)"
1419291425443689,37449.000000,"Heap size (KB)"
1419291426277491,37481.000000,"Heap size (KB)"
1419291427025929,37513.000000,"Heap size (KB)"
1419291427832127,37545.000000,"Heap size (KB)"
1419291428581554,37577.000000,"Heap size (KB)"
1419291429509783,37609.000000,"Heap size (KB)"
1419291431109991,37681.000000,"Heap size (KB)"
1419291440881502,37713.000000,"Heap size (KB)"
1419291444694679,37745.000000,"Heap size (KB)"
1419291445290408,37777.000000,"Heap size (KB)"
1419291451503741,37809.000000,"Heap size (KB)"
1419291465956866,37841.000000,"Heap size (KB)"
1419291477047804,37873.000000,"Heap size (KB)"
1419291479115148,37945.000000,"Heap size (KB)"
1419291481498377,37977.000000,"Heap size (KB)"
1419291484169991,19857436672.000000,"mem.virt"
1419291484169991,0.000000,"mem.locked"
1419291484169991,373661696.000000,"mem.rss.watermark"
1419291484169991,316309504.000000,"mem.rss"
1419291484169991,126918656.000000,"mem.rss.anon"
1419291484169991,157913088.000000,"mem.rss.file"
1419291484169991,31477760.000000,"mem.rss.shmem"
1419291484169991,18526208.000000,"mem.swap"
1419291484169991,0.000000,"oom_score_adj"
1419291492134366,38009.000000,"Heap size (KB)"
1419291498609991,38041.000000,"Heap size (KB)"
1419291514369783,38073.000000,"Heap size (KB)"
1419291515714523,38105.000000,"Heap size (KB)"
1419291518212648,38137.000000,"Heap size (KB)"
1419291533360877,38209.000000,"Heap size (KB)"
1419291540087179,38241.000000,"Heap size (KB)"
1419291548604210,38273.000000,"Heap size (KB)"
1419291554968273,38305.000000,"Heap size (KB)"
1419291556362439,38337.000000,"Heap size (KB)"
1419291572863898,38369.000000,"Heap size (KB)"
1419291574774627,38401.000000,"Heap size (KB)"
1419291582152335,38433.000000,"Heap size (KB)"
1419291583943898,38473.000000,"Heap size (KB)"
1419291584242960,19857436672.000000,"mem.virt"
1419291584242960,0.000000,"mem.locked"
1419291584242960,373661696.000000,"mem.rss.watermark"
1419291584242960,317227008.000000,"mem.rss"
1419291584242960,127836160.000000,"mem.rss.anon"
1419291584242960,157913088.000000,"mem.rss.file"
1419291584242960,31477760.000000,"mem.rss.shmem"
1419291584242960,18526208.000000,"mem.swap"
1419291584242960,0.000000,"oom_score_adj"
1419291585760460,38505.000000,"Heap size (KB)"
1419291587134210,38577.000000,"Heap size (KB)"
1419291589721658,38609.000000,"Heap size (KB)"
1419291591283377,38641.000000,"Heap size (KB)"
1419291592505773,38673.000000,"Heap size (KB)"
1419291594160616,38705.000000,"Heap size (KB)"
1419291595324783,38737.000000,"Heap size (KB)"
1419291596457283,38769.000000,"Heap size (KB)"
1419291597250304,38801.000000,"Heap size (KB)"
1419291598752023,38833.000000,"Heap size (KB)"
1419291599936554,38865.000000,"Heap size (KB)"
1419291621612491,38897.000000,"Heap size (KB)"
1419291621760616,38929.000000,"Heap size (KB)"
1419291622069210,38961.000000,"Heap size (KB)"
1419291628889783,38993.000000,"Heap size (KB)"
1419291629907648,39025.000000,"Heap size (KB)"
1419291630635720,39057.000000,"Heap size (KB)"
1419291631351241,39089.000000,"Heap size (KB)"
1419291632162023,39121.000000,"Heap size (KB)"
1419291635943741,39153.000000,"Heap size (KB)"
1419291638139002,39185.000000,"Heap size (KB)"
1419291639788585,39257.000000,"Heap size (KB)"
1419291654980929,39289.000000,"Heap size (KB)"
1419291658842439,39321.000000,"Heap size (KB)"
1419291660027960,39353.000000,"Heap size (KB)"
1419291660262022,39385.000000,"Heap size (KB)"
1419291660687022,39417.000000,"Heap size (KB)"
1419291661835877,39449.000000,"Heap size (KB)"
1419291662491502,39481.000000,"Heap size (KB)"
1419291662801502,39513.000000,"Heap size (KB)"
1419291663535929,39545.000000,"Heap size (KB)"
1419291664214366,39577.000000,"Heap size (KB)"
1419291665489366,39609.000000,"Heap size (KB)"
1419291665609366,39641.000000,"Heap size (KB)"
1419291666396866,39673.000000,"Heap size (KB)"
1419291667098272,39705.000000,"Heap size (KB)"
1419291667823272,39737.000000,"Heap size (KB)"
1419291668633272,39769.000000,"Heap size (KB)"
1419291669424366,39801.000000,"Heap size (KB)"
1419291670172335,39833.000000,"Heap size (KB)"
1419291670901397,39865.000000,"Heap size (KB)"
1419291671622179,39897.000000,"Heap size (KB)"
1419291672369002,39929.000000,"Heap size (KB)"
1419291672677022,39961.000000,"Heap size (KB)"
1419291673135929,39993.000000,"Heap size (KB)"
1419291674037647,40025.000000,"Heap size (KB)"
1419291674745460,40057.000000,"Heap size (KB)"
1419291675509783,40089.000000,"Heap size (KB)"
1419291676391866,40121.000000,"Heap size (KB)"
1419291676490929,40153.000000,"Heap size (KB)"
1419291677278741,40185.000000,"Heap size (KB)"
1419291677945720,40217.000000,"Heap size (KB)"
1419291678716710,40249.000000,"Heap size (KB)"
1419291679456866,40281.000000,"Heap size (KB)"
1419291680185929,40313.000000,"Heap size (KB)"
1419291682195460,40345.000000,"Heap size (KB)"
1419291683713897,40377.000000,"Heap size (KB)"
1419291684564054,19857436672.000000,"mem.virt"
1419291684564054,0.000000,"mem.locked"
1419291684564054,373661696.000000,"mem.rss.watermark"
1419291684564054,319717376.000000,"mem.rss"
1419291684564054,130326528.000000,"mem.rss.anon"
1419291684564054,157913088.000000,"mem.rss.file"
1419291684564054,31477760.000000,"mem.rss.shmem"
1419291684564054,18526208.000000,"mem.swap"
1419291684564054,0.000000,"oom_score_adj"
1419291687594627,40409.000000,"Heap size (KB)"
1419291691779366,40481.000000,"Heap size (KB)"
1419291700710252,40513.000000,"Heap size (KB)"
1419291701155252,40545.000000,"Heap size (KB)"
1419291708733429,40565.000000,"Heap size (KB)"
1419291708777179,40601.000000,"Heap size (KB)"
1419291709212752,40633.000000,"Heap size (KB)"
1419291710043116,40665.000000,"Heap size (KB)"
1419291710849158,40697.000000,"Heap size (KB)"
1419291711546970,40729.000000,"Heap size (KB)"
1419291711644210,40761.000000,"Heap size (KB)"
1419291712242022,40793.000000,"Heap size (KB)"
1419291712408064,40825.000000,"Heap size (KB)"
1419291713313429,40857.000000,"Heap size (KB)"
1419291714035147,40889.000000,"Heap size (KB)"
1419291714878064,40921.000000,"Heap size (KB)"
1419291716090564,40953.000000,"Heap size (KB)"
1419291717167647,40985.000000,"Heap size (KB)"
1419291718022335,41017.000000,"Heap size (KB)"
1419291718808064,41049.000000,"Heap size (KB)"
1419291719494679,41081.000000,"Heap size (KB)"
1419291720241397,41113.000000,"Heap size (KB)"
1419291721050772,41145.000000,"Heap size (KB)"
1419291721792647,41177.000000,"Heap size (KB)"
1419291722486397,41209.000000,"Heap size (KB)"
1419291723965460,41241.000000,"Heap size (KB)"
1419291724723272,41273.000000,"Heap size (KB)"
1419291725522179,41305.000000,"Heap size (KB)"
1419291732378116,41337.000000,"Heap size (KB)"
1419291733417179,41369.000000,"Heap size (KB)"
1419291735449783,41409.000000,"Heap size (KB)"
1419291736685720,41441.000000,"Heap size (KB)"
1419291740521814,41473.000000,"Heap size (KB)"
1419291745331554,41545.000000,"Heap size (KB)"
1419291753023220,41577.000000,"Heap size (KB)"
1419291755517804,41609.000000,"Heap size (KB)"
1419291755598272,41629.000000,"Heap size (KB)"
1419291755638897,41665.000000,"Heap size (KB)"
1419291758686814,41697.000000,"Heap size (KB)"
1419291762556033,41729.000000,"Heap size (KB)"
1419291779933897,41769.000000,"Heap size (KB)"
1419291780262022,41809.000000,"Heap size (KB)"
1419291780368741,41829.000000,"Heap size (KB)"
1419291782476397,41861.000000,"Heap size (KB)"
1419291782608845,41893.000000,"Heap size (KB)"
1419291784309158,41925.000000,"Heap size (KB)"
1419291784513377,19857436672.000000,"mem.virt"
1419291784513377,0.000000,"mem.locked"
1419291784513377,373661696.000000,"mem.rss.watermark"
1419291784513377,321892352.000000,"mem.rss"
1419291784513377,132501504.000000,"mem.rss.anon"
1419291784513377,157913088.000000,"mem.rss.file"
1419291784513377,31477760.000000,"mem.rss.shmem"
1419291784513377,18526208.000000,"mem.swap"
1419291784513377,0.000000,"oom_score_adj"
1419291784671554,41957.000000,"Heap size (KB)"
1419291791206189,41989.000000,"Heap size (KB)"
1419291792020772,42021.000000,"Heap size (KB)"
1419291792418220,42053.000000,"Heap size (KB)"
1419291798821397,42125.000000,"Heap size (KB)"
1419291799908116,42157.000000,"Heap size (KB)"
1419291805021397,42189.000000,"Heap size (KB)"
1419291819106345,42221.000000,"Heap size (KB)"
1419291832947127,42253.000000,"Heap size (KB)"
1419291841960095,42285.000000,"Heap size (KB)"
1419291847043741,42317.000000,"Heap size (KB)"
1419291847964522,42349.000000,"Heap size (KB)"
1419291848105304,42381.000000,"Heap size (KB)"
1419291849731397,42453.000000,"Heap size (KB)"
1419291850718585,42485.000000,"Heap size (KB)"
1419291862444470,42517.000000,"Heap size (KB)"
1419291878415929,42549.000000,"Heap size (KB)"
1419291879412335,42581.000000,"Heap size (KB)"
1419291879816241,42613.000000,"Heap size (KB)"
1419291883698897,19857436672.000000,"mem.virt"
1419291883698897,0.000000,"mem.locked"
1419291883698897,373661696.000000,"mem.rss.watermark"
1419291883698897,322285568.000000,"mem.rss"
1419291883698897,132894720.000000,"mem.rss.anon"
1419291883698897,157913088.000000,"mem.rss.file"
1419291883698897,31477760.000000,"mem.rss.shmem"
1419291883698897,18526208.000000,"mem.swap"
1419291883698897,0.000000,"oom_score_adj"
1419291893399054,42645.000000,"Heap size (KB)"
1419291897176554,42677.000000,"Heap size (KB)"
1419291899620252,42717.000000,"Heap size (KB)"
1419291900555616,42749.000000,"Heap size (KB)"
1419291909525772,42781.000000,"Heap size (KB)"
1419291910616241,42853.000000,"Heap size (KB)"
1419291926565616,42885.000000,"Heap size (KB)"
1419291931774991,42917.000000,"Heap size (KB)"
1419291943488897,42949.000000,"Heap size (KB)"
1419291949453585,42981.000000,"Heap size (KB)"
1419291952042022,43013.000000,"Heap size (KB)"
1419291952256866,43045.000000,"Heap size (KB)"
1419291952387335,43077.000000,"Heap size (KB)"
1419291952907804,43109.000000,"Heap size (KB)"
1419291953818897,43181.000000,"Heap size (KB)"
1419291965141085,43213.000000,"Heap size (KB)"
1419291982372647,43245.000000,"Heap size (KB)"
1419291983749470,19857436672.000000,"mem.virt"
1419291983749470,0.000000,"mem.locked"
1419291983749470,373661696.000000,"mem.rss.watermark"
1419291983749470,322809856.000000,"mem.rss"
1419291983749470,133419008.000000,"mem.rss.anon"
1419291983749470,157913088.000000,"mem.rss.file"
1419291983749470,31477760.000000,"mem.rss.shmem"
1419291983749470,18526208.000000,"mem.swap"
1419291983749470,0.000000,"oom_score_adj"
1419291997590720,43277.000000,"Heap size (KB)"
1419292002697647,43309.000000,"Heap size (KB)"
1419292003025460,43341.000000,"Heap size (KB)"
1419292008473116,43373.000000,"Heap size (KB)"
1419292009095408,43405.000000,"Heap size (KB)"
1419292010233689,43477.000000,"Heap size (KB)"
1419292032394679,43509.000000,"Heap size (KB)"
1419292043599158,43541.000000,"Heap size (KB)"
1419292044568533,43573.000000,"Heap size (KB)"
1419292046110877,43605.000000,"Heap size (KB)"
1419292058442960,43645.000000,"Heap size (KB)"
1419292062717127,43677.000000,"Heap size (KB)"
1419292062859991,43749.000000,"Heap size (KB)"
1419292063939314,43781.000000,"Heap size (KB)"
1419292064471710,43813.000000,"Heap size (KB)"
1419292083743064,19857436672.000000,"mem.virt"
1419292083743064,0.000000,"mem.locked"
1419292083743064,373661696.000000,"mem.rss.watermark"
1419292083743064,323465216.000000,"mem.rss"
1419292083743064,134074368.000000,"mem.rss.anon"
1419292083743064,157913088.000000,"mem.rss.file"
1419292083743064,31477760.000000,"mem.rss.shmem"
1419292083743064,18526208.000000,"mem.swap"
1419292083743064,0.000000,"oom_score_adj"
1419292086828533,43845.000000,"Heap size (KB)"
1419292089776241,43877.000000,"Heap size (KB)"
1419292098390460,43909.000000,"Heap size (KB)"
1419292111779522,43941.000000,"Heap size (KB)"
1419292113944679,43977.000000,"Heap size (KB)"
1419292114216085,44009.000000,"Heap size (KB)"
1419292114804679,44081.000000,"Heap size (KB)"
1419292117002647,44113.000000,"Heap size (KB)"
1419292140248429,44145.000000,"Heap size (KB)"
1419292150947335,44177.000000,"Heap size (KB)"
1419292161180616,44209.000000,"Heap size (KB)"
1419292163143585,44241.000000,"Heap size (KB)"
1419292163282960,44313.000000,"Heap size (KB)"
1419292163326554,44345.000000,"Heap size (KB)"
1419292163410147,44377.000000,"Heap size (KB)"
1419292175410095,44409.000000,"Heap size (KB)"
1419292176233741,44441.000000,"Heap size (KB)"
1419292183375772,19855093760.000000,"mem.virt"
1419292183375772,0.000000,"mem.locked"
1419292183375772,373661696.000000,"mem.rss.watermark"
1419292183375772,324096000.000000,"mem.rss"
1419292183375772,134705152.000000,"mem.rss.anon"
1419292183375772,157913088.000000,"mem.rss.file"
1419292183375772,31477760.000000,"mem.rss.shmem"
1419292183375772,18526208.000000,"mem.swap"
1419292183375772,0.000000,"oom_score_adj"
1419292183917491,44473.000000,"Heap size (KB)"
1419292187801241,44505.000000,"Heap size (KB)"
1419292187989679,44537.000000,"Heap size (KB)"
1419292192843116,44569.000000,"Heap size (KB)"
1419292212891397,44601.000000,"Heap size (KB)"
1419292216125929,44641.000000,"Heap size (KB)"
1419292220984835,44677.000000,"Heap size (KB)"
1419292221683897,44749.000000,"Heap size (KB)"
1419292223978533,44781.000000,"Heap size (KB)"
1419292236768272,44813.000000,"Heap size (KB)"
1419292238112908,44845.000000,"Heap size (KB)"
1419292247863689,44877.000000,"Heap size (KB)"
1419292269986085,44909.000000,"Heap size (KB)"
1419292271384054,44941.000000,"Heap size (KB)"
1419292272990460,44973.000000,"Heap size (KB)"
1419292274411241,45005.000000,"Heap size (KB)"
1419292274564158,45077.000000,"Heap size (KB)"
1419292274803533,45109.000000,"Heap size (KB)"
1419292284672126,19855093760.000000,"mem.virt"
1419292284672126,0.000000,"mem.locked"
1419292284672126,373661696.000000,"mem.rss.watermark"
1419292284672126,324751360.000000,"mem.rss"
1419292284672126,135360512.000000,"mem.rss.anon"
1419292284672126,157913088.000000,"mem.rss.file"
1419292284672126,31477760.000000,"mem.rss.shmem"
1419292284672126,18526208.000000,"mem.swap"
1419292284672126,0.000000,"oom_score_adj"
1419292289549314,45141.000000,"Heap size (KB)"
1419292289753897,45173.000000,"Heap size (KB)"
1419292289835772,45205.000000,"Heap size (KB)"
1419292327199678,45237.000000,"Heap size (KB)"
1419292327611189,45273.000000,"Heap size (KB)"
1419292328348376,45345.000000,"Heap size (KB)"
1419292331511814,45377.000000,"Heap size (KB)"
1419292331554210,45409.000000,"Heap size (KB)"
1419292331964158,45441.000000,"Heap size (KB)"
1419292355340616,45473.000000,"Heap size (KB)"
1419292377142595,45505.000000,"Heap size (KB)"
1419292377506241,45545.000000,"Heap size (KB)"
1419292379526085,45577.000000,"Heap size (KB)"
1419292380678533,45609.000000,"Heap size (KB)"
1419292381177335,45681.000000,"Heap size (KB)"
1419292382412283,45713.000000,"Heap size (KB)"
1419292383807439,19855093760.000000,"mem.virt"
1419292383807439,0.000000,"mem.locked"
1419292383807439,373661696.000000,"mem.rss.watermark"
1419292383807439,325275648.000000,"mem.rss"
1419292383807439,135884800.000000,"mem.rss.anon"
1419292383807439,157913088.000000,"mem.rss.file"
1419292383807439,31477760.000000,"mem.rss.shmem"
1419292383807439,18526208.000000,"mem.swap"
1419292383807439,0.000000,"oom_score_adj"
1419292393667908,45745.000000,"Heap size (KB)"
1419292399886553,45777.000000,"Heap size (KB)"
1419292418149522,45809.000000,"Heap size (KB)"
1419292429812803,45841.000000,"Heap size (KB)"
1419292430079522,45873.000000,"Heap size (KB)"
1419292430155616,45905.000000,"Heap size (KB)"
1419292432344783,45977.000000,"Heap size (KB)"
1419292433227335,46009.000000,"Heap size (KB)"
1419292438844470,46041.000000,"Heap size (KB)"
1419292453418585,46073.000000,"Heap size (KB)"
1419292472332960,46105.000000,"Heap size (KB)"
1419292475135928,46137.000000,"Heap size (KB)"
1419292484322491,19854761984.000000,"mem.virt"
1419292484322491,0.000000,"mem.locked"
1419292484322491,373661696.000000,"mem.rss.watermark"
1419292484322491,325668864.000000,"mem.rss"
1419292484322491,136278016.000000,"mem.rss.anon"
1419292484322491,157913088.000000,"mem.rss.file"
1419292484322491,31477760.000000,"mem.rss.shmem"
1419292484322491,18526208.000000,"mem.swap"
1419292484322491,0.000000,"oom_score_adj"
1419292490090147,46169.000000,"Heap size (KB)"
1419292490263116,46201.000000,"Heap size (KB)"
1419292491803897,46273.000000,"Heap size (KB)"
1419292493713376,46305.000000,"Heap size (KB)"
1419292494064626,46337.000000,"Heap size (KB)"
1419292522095147,46369.000000,"Heap size (KB)"
1419292523037126,46401.000000,"Heap size (KB)"
1419292523199470,46433.000000,"Heap size (KB)"
1419292535224678,46473.000000,"Heap size (KB)"
1419292536397126,46505.000000,"Heap size (KB)"
1419292538158428,46577.000000,"Heap size (KB)"
1419292540530928,46609.000000,"Heap size (KB)"
1419292541439053,46641.000000,"Heap size (KB)"
1419292567096085,46673.000000,"Heap size (KB)"
1419292569688741,46705.000000,"Heap size (KB)"
1419292573822022,46737.000000,"Heap size (KB)"
1419292578650303,46769.000000,"Heap size (KB)"
1419292583797960,19854761984.000000,"mem.virt"
1419292583797960,0.000000,"mem.locked"
1419292583797960,373661696.000000,"mem.rss.watermark"
1419292583797960,326455296.000000,"mem.rss"
1419292583797960,137064448.000000,"mem.rss.anon"
1419292583797960,157913088.000000,"mem.rss.file"
1419292583797960,31477760.000000,"mem.rss.shmem"
1419292583797960,18526208.000000,"mem.swap"
1419292583797960,0.000000,"oom_score_adj"
1419292590217960,46801.000000,"Heap size (KB)"
1419292595175928,46833.000000,"Heap size (KB)"
1419292595977803,46905.000000,"Heap size (KB)"
1419292598676189,46937.000000,"Heap size (KB)"
1419292623034001,46969.000000,"Heap size (KB)"
1419292624362126,47001.000000,"Heap size (KB)"
1419292625358741,47033.000000,"Heap size (KB)"
1419292632173897,47065.000000,"Heap size (KB)"
1419292639821033,47097.000000,"Heap size (KB)"
1419292658040408,47169.000000,"Heap size (KB)"
1419292660232647,47201.000000,"Heap size (KB)"
1419292681886866,47233.000000,"Heap size (KB)"
1419292682295460,47265.000000,"Heap size (KB)"
1419292683457803,19852611584.000000,"mem.virt"
1419292683457803,0.000000,"mem.locked"
1419292683457803,373661696.000000,"mem.rss.watermark"
1419292683457803,327204864.000000,"mem.rss"
1419292683457803,137814016.000000,"mem.rss.anon"
1419292683457803,157913088.000000,"mem.rss.file"
1419292683457803,31477760.000000,"mem.rss.shmem"
1419292683457803,18526208.000000,"mem.swap"
1419292683457803,0.000000,"oom_score_adj"
1419292683661397,47297.000000,"Heap size (KB)"
1419292690894053,47329.000000,"Heap size (KB)"
1419292694871241,47361.000000,"Heap size (KB)"
1419292695149522,47401.000000,"Heap size (KB)"
1419292698659053,47473.000000,"Heap size (KB)"
1419292700196814,47505.000000,"Heap size (KB)"
1419292731829835,47537.000000,"Heap size (KB)"
1419292732057178,47569.000000,"Heap size (KB)"
1419292732407595,47601.000000,"Heap size (KB)"
1419292739857960,47633.000000,"Heap size (KB)"
1419292751988272,47665.000000,"Heap size (KB)"
1419292755177491,47737.000000,"Heap size (KB)"
1419292757447803,47769.000000,"Heap size (KB)"
1419292759404366,47801.000000,"Heap size (KB)"
1419292776733428,47837.000000,"Heap size (KB)"
1419292776873116,47857.000000,"Heap size (KB)"
1419292778254626,47889.000000,"Heap size (KB)"
1419292778503741,47921.000000,"Heap size (KB)"
1419292780185772,47953.000000,"Heap size (KB)"
1419292780963428,47985.000000,"Heap size (KB)"
1419292783548272,48017.000000,"Heap size (KB)"
1419292784366866,19852611584.000000,"mem.virt"
1419292784366866,0.000000,"mem.locked"
1419292784366866,373661696.000000,"mem.rss.watermark"
1419292784366866,327598080.000000,"mem.rss"
1419292784366866,138207232.000000,"mem.rss.anon"
1419292784366866,157913088.000000,"mem.rss.file"
1419292784366866,31477760.000000,"mem.rss.shmem"
1419292784366866,18526208.000000,"mem.swap"
1419292784366866,0.000000,"oom_score_adj"
1419292797590460,48049.000000,"Heap size (KB)"
1419292800768532,48081.000000,"Heap size (KB)"
1419292803522335,48101.000000,"Heap size (KB)"
1419292804110928,48133.000000,"Heap size (KB)"
1419292812247751,48165.000000,"Heap size (KB)"
1419292813498689,48237.000000,"Heap size (KB)"
1419292816046032,48269.000000,"Heap size (KB)"
1419292818644782,48301.000000,"Heap size (KB)"
1419292825793116,48333.000000,"Heap size (KB)"
1419292829029939,48365.000000,"Heap size (KB)"
1419292830425772,48405.000000,"Heap size (KB)"
1419292831030407,48445.000000,"Heap size (KB)"
1419292831135407,48465.000000,"Heap size (KB)"
1419292832381241,48497.000000,"Heap size (KB)"
1419292834292751,48529.000000,"Heap size (KB)"
1419292835974522,48561.000000,"Heap size (KB)"
1419292847808064,48593.000000,"Heap size (KB)"
1419292847840251,48625.000000,"Heap size (KB)"
1419292855837960,48665.000000,"Heap size (KB)"
1419292861434835,48701.000000,"Heap size (KB)"
1419292862312439,48773.000000,"Heap size (KB)"
1419292862381241,48805.000000,"Heap size (KB)"
1419292862523428,48837.000000,"Heap size (KB)"
1419292862949835,48869.000000,"Heap size (KB)"
1419292872608428,48901.000000,"Heap size (KB)"
1419292873159157,48933.000000,"Heap size (KB)"
1419292873583220,48965.000000,"Heap size (KB)"
1419292873867335,48997.000000,"Heap size (KB)"
1419292876505147,49029.000000,"Heap size (KB)"
1419292884173428,19852611584.000000,"mem.virt"
1419292884173428,0.000000,"mem.locked"
1419292884173428,373661696.000000,"mem.rss.watermark"
1419292884173428,328515584.000000,"mem.rss"
1419292884173428,139124736.000000,"mem.rss.anon"
1419292884173428,157913088.000000,"mem.rss.file"
1419292884173428,31477760.000000,"mem.rss.shmem"
1419292884173428,18526208.000000,"mem.swap"
1419292884173428,0.000000,"oom_score_adj"
1419292887692022,49061.000000,"Heap size (KB)"
1419292904860616,49093.000000,"Heap size (KB)"
1419292909752595,49125.000000,"Heap size (KB)"
1419292910450303,49157.000000,"Heap size (KB)"
1419292910640772,49189.000000,"Heap size (KB)"
1419292910663741,49221.000000,"Heap size (KB)"
1419292911294053,49253.000000,"Heap size (KB)"
1419292911405303,49285.000000,"Heap size (KB)"
1419292911496710,49317.000000,"Heap size (KB)"
1419292920480460,49349.000000,"Heap size (KB)"
1419292920845147,49421.000000,"Heap size (KB)"
1419292924187960,49489.000000,"Heap size (KB)"
1419292924209678,49749.000000,"Heap size (KB)"
1419292924215616,50009.000000,"Heap size (KB)"
1419292924911397,50041.000000,"Heap size (KB)"
1419292925064366,50113.000000,"Heap size (KB)"
1419292927364939,50629.000000,"Heap size (KB)"
1419292927372960,51145.000000,"Heap size (KB)"
1419292928905303,51213.000000,"Heap size (KB)"
1419292939524053,51245.000000,"Heap size (KB)"
1419292944206970,51277.000000,"Heap size (KB)"
1419292966238220,51349.000000,"Heap size (KB)"
1419292968439366,51381.000000,"Heap size (KB)"
1419292968725616,51449.000000,"Heap size (KB)"
1419292968733584,51709.000000,"Heap size (KB)"
1419292968738741,51969.000000,"Heap size (KB)"
1419292969389314,52005.000000,"Heap size (KB)"
1419292969453272,52077.000000,"Heap size (KB)"
1419292971748064,52593.000000,"Heap size (KB)"
1419292971753845,53109.000000,"Heap size (KB)"
1419292971786657,53369.000000,"Heap size (KB)"
1419292971791241,53629.000000,"Heap size (KB)"
1419292974033116,53661.000000,"Heap size (KB)"
1419292978332126,53693.000000,"Heap size (KB)"
1419292980349053,53761.000000,"Heap size (KB)"
1419292984024366,19852611584.000000,"mem.virt"
1419292984024366,0.000000,"mem.locked"
1419292984024366,373661696.000000,"mem.rss.watermark"
1419292984024366,330612736.000000,"mem.rss"
1419292984024366,141221888.000000,"mem.rss.anon"
1419292984024366,157913088.000000,"mem.rss.file"
1419292984024366,31477760.000000,"mem.rss.shmem"
1419292984024366,18526208.000000,"mem.swap"
1419292984024366,0.000000,"oom_score_adj"
1419292984512022,53793.000000,"Heap size (KB)"
1419292987136032,53825.000000,"Heap size (KB)"
1419293014518897,53857.000000,"Heap size (KB)"
1419293015637178,53897.000000,"Heap size (KB)"
1419293016219157,53929.000000,"Heap size (KB)"
1419293019102751,53961.000000,"Heap size (KB)"
1419293020429001,54033.000000,"Heap size (KB)"
1419293023144626,54101.000000,"Heap size (KB)"
1419293023152959,54361.000000,"Heap size (KB)"
1419293023158376,54621.000000,"Heap size (KB)"
1419293023805928,54693.000000,"Heap size (KB)"
1419293026072647,55209.000000,"Heap size (KB)"
1419293026077803,55725.000000,"Heap size (KB)"
1419293026107334,55985.000000,"Heap size (KB)"
1419293026111866,56245.000000,"Heap size (KB)"
1419293031129001,56277.000000,"Heap size (KB)"
1419293033061084,56309.000000,"Heap size (KB)"
1419293041881241,56377.000000,"Heap size (KB)"
1419293067448376,56409.000000,"Heap size (KB)"
1419293069837022,56441.000000,"Heap size (KB)"
1419293072071241,56473.000000,"Heap size (KB)"
1419293072382647,56505.000000,"Heap size (KB)"
1419293073957803,56577.000000,"Heap size (KB)"
1419293076503741,56645.000000,"Heap size (KB)"
1419293076514157,56905.000000,"Heap size (KB)"
1419293076520303,57165.000000,"Heap size (KB)"
1419293077211866,57201.000000,"Heap size (KB)"
1419293077287178,57273.000000,"Heap size (KB)"
1419293077621241,57305.000000,"Heap size (KB)"
1419293079553116,57821.000000,"Heap size (KB)"
1419293079558532,58337.000000,"Heap size (KB)"
1419293079591553,58597.000000,"Heap size (KB)"
1419293079596501,58857.000000,"Heap size (KB)"
1419293081749209,58889.000000,"Heap size (KB)"
1419293084284626,19852611584.000000,"mem.virt"
1419293084284626,0.000000,"mem.locked"
1419293084284626,373661696.000000,"mem.rss.watermark"
1419293084284626,331661312.000000,"mem.rss"
1419293084284626,142270464.000000,"mem.rss.anon"
1419293084284626,157913088.000000,"mem.rss.file"
1419293084284626,31477760.000000,"mem.rss.shmem"
1419293084284626,18526208.000000,"mem.swap"
1419293084284626,0.000000,"oom_score_adj"
1419293103143897,58957.000000,"Heap size (KB)"
1419293107290564,58989.000000,"Heap size (KB)"
1419293111151866,59021.000000,"Heap size (KB)"
1419293111586866,59053.000000,"Heap size (KB)"
1419293126762282,59125.000000,"Heap size (KB)"
1419293129108741,59157.000000,"Heap size (KB)"
1419293129499001,59225.000000,"Heap size (KB)"
1419293129508428,59485.000000,"Heap size (KB)"
1419293129513376,59745.000000,"Heap size (KB)"
1419293130520928,59817.000000,"Heap size (KB)"
1419293132165772,59849.000000,"Heap size (KB)"
1419293133064991,60365.000000,"Heap size (KB)"
1419293133071241,60881.000000,"Heap size (KB)"
1419293133351553,60913.000000,"Heap size (KB)"
1419293134288532,60945.000000,"Heap size (KB)"
1419293136033897,61205.000000,"Heap size (KB)"
1419293136042647,61465.000000,"Heap size (KB)"
1419293138698064,61533.000000,"Heap size (KB)"
1419293157840616,61565.000000,"Heap size (KB)"
1419293160146501,61597.000000,"Heap size (KB)"
1419293165483741,61629.000000,"Heap size (KB)"
1419293175747282,61669.000000,"Heap size (KB)"
1419293178728116,61701.000000,"Heap size (KB)"
1419293179736814,61773.000000,"Heap size (KB)"
1419293182672022,61841.000000,"Heap size (KB)"
1419293182681970,62101.000000,"Heap size (KB)"
1419293182687647,62361.000000,"Heap size (KB)"
1419293183458272,62433.000000,"Heap size (KB)"
1419293183935616,19852611584.000000,"mem.virt"
1419293183935616,0.000000,"mem.locked"
1419293183935616,373661696.000000,"mem.rss.watermark"
1419293183935616,333365248.000000,"mem.rss"
1419293183935616,143974400.000000,"mem.rss.anon"
1419293183935616,157913088.000000,"mem.rss.file"
1419293183935616,31477760.000000,"mem.rss.shmem"
1419293183935616,18526208.000000,"mem.swap"
1419293183935616,0.000000,"oom_score_adj"
1419293185890616,62949.000000,"Heap size (KB)"
1419293185896397,63465.000000,"Heap size (KB)"
1419293187000095,63497.000000,"Heap size (KB)"
1419293189152959,63757.000000,"Heap size (KB)"
1419293189158741,64017.000000,"Heap size (KB)"
1419293194108584,64085.000000,"Heap size (KB)"
1419293195311709,64117.000000,"Heap size (KB)"
1419293212031084,64149.000000,"Heap size (KB)"
1419293222635928,64181.000000,"Heap size (KB)"
1419293228061397,64213.000000,"Heap size (KB)"
1419293228214522,64245.000000,"Heap size (KB)"
1419293229706189,64277.000000,"Heap size (KB)"
1419293230209991,64349.000000,"Heap size (KB)"
1419293232577178,64381.000000,"Heap size (KB)"
1419293232661032,64449.000000,"Heap size (KB)"
1419293232668689,64709.000000,"Heap size (KB)"
1419293232673220,64969.000000,"Heap size (KB)"
1419293233308116,65041.000000,"Heap size (KB)"
1419293235603272,65557.000000,"Heap size (KB)"
1419293235608584,66073.000000,"Heap size (KB)"
1419293235640095,66333.000000,"Heap size (KB)"
1419293235644626,66593.000000,"Heap size (KB)"
1419293240754366,66661.000000,"Heap size (KB)"
1419293248977022,66693.000000,"Heap size (KB)"
1419293273080095,66725.000000,"Heap size (KB)"
1419293275953272,66757.000000,"Heap size (KB)"
1419293279282491,66789.000000,"Heap size (KB)"
1419293280191970,66821.000000,"Heap size (KB)"
1419293283668897,19852148736.000000,"mem.virt"
1419293283668897,0.000000,"mem.locked"
1419293283668897,373661696.000000,"mem.rss.watermark"
1419293283668897,334807040.000000,"mem.rss"
1419293283668897,145416192.000000,"mem.rss.anon"
1419293283668897,157913088.000000,"mem.rss.file"
1419293283668897,31477760.000000,"mem.rss.shmem"
1419293283668897,18526208.000000,"mem.swap"
1419293283668897,0.000000,"oom_score_adj"
1419293286912178,66853.000000,"Heap size (KB)"
1419293288013845,66925.000000,"Heap size (KB)"
1419293290140459,66957.000000,"Heap size (KB)"
1419293290767803,66989.000000,"Heap size (KB)"
1419293291319834,67021.000000,"Heap size (KB)"
1419293291384522,67053.000000,"Heap size (KB)"
1419293291723116,67121.000000,"Heap size (KB)"
1419293291730459,67381.000000,"Heap size (KB)"
1419293291734834,67641.000000,"Heap size (KB)"
1419293291744991,67677.000000,"Heap size (KB)"
1419293292126866,67709.000000,"Heap size (KB)"
1419293292305251,67741.000000,"Heap size (KB)"
1419293292655095,67773.000000,"Heap size (KB)"
1419293293341709,67845.000000,"Heap size (KB)"
1419293295629782,68361.000000,"Heap size (KB)"
1419293295634991,68877.000000,"Heap size (KB)"
1419293295665564,69137.000000,"Heap size (KB)"
1419293295669991,69397.000000,"Heap size (KB)"
1419293308134157,69465.000000,"Heap size (KB)"
1419293319050564,69497.000000,"Heap size (KB)"
1419293323364782,69529.000000,"Heap size (KB)"
1419293330848532,69561.000000,"Heap size (KB)"
1419293332210928,69593.000000,"Heap size (KB)"
1419293337040772,69633.000000,"Heap size (KB)"
1419293342986709,69665.000000,"Heap size (KB)"
1419293343024834,69697.000000,"Heap size (KB)"
1419293345072803,69769.000000,"Heap size (KB)"
1419293347943428,69837.000000,"Heap size (KB)"
1419293347951814,70097.000000,"Heap size (KB)"
1419293347957022,70357.000000,"Heap size (KB)"
1419293348552022,70429.000000,"Heap size (KB)"
1419293350864209,70945.000000,"Heap size (KB)"
1419293350869053,71461.000000,"Heap size (KB)"
1419293350896814,71721.000000,"Heap size (KB)"
1419293350901241,71981.000000,"Heap size (KB)"
1419293362784782,72013.000000,"Heap size (KB)"
1419293369435616,72081.000000,"Heap size (KB)"
1419293374662647,72113.000000,"Heap size (KB)"
1419293375026241,72145.000000,"Heap size (KB)"
1419293378753272,72177.000000,"Heap size (KB)"
1419293384010876,19852148736.000000,"mem.virt"
1419293384010876,0.000000,"mem.locked"
1419293384010876,373661696.000000,"mem.rss.watermark"
1419293384010876,336379904.000000,"mem.rss"
1419293384010876,146989056.000000,"mem.rss.anon"
1419293384010876,157913088.000000,"mem.rss.file"
1419293384010876,31477760.000000,"mem.rss.shmem"
1419293384010876,18526208.000000,"mem.swap"
1419293384010876,0.000000,"oom_score_adj"
1419293391277647,72209.000000,"Heap size (KB)"
1419293392049678,72241.000000,"Heap size (KB)"
1419293395074522,72273.000000,"Heap size (KB)"
1419293397028376,72345.000000,"Heap size (KB)"
1419293400049991,72413.000000,"Heap size (KB)"
1419293400058741,72673.000000,"Heap size (KB)"
1419293400086553,72933.000000,"Heap size (KB)"
1419293400096397,72965.000000,"Heap size (KB)"
1419293400223376,4915.000000,"Minflt-GC"
1419293400225876,0.000000,"Majflt-GC"
1419293400394782,4987.000000,"Minflt-GC"
1419293400396709,0.000000,"Majflt-GC"
1419293400980251,73037.000000,"Heap size (KB)"
1419293403378063,73553.000000,"Heap size (KB)"
1419293403384366,74069.000000,"Heap size (KB)"
1419293403430720,74329.000000,"Heap size (KB)"
1419293403435459,74589.000000,"Heap size (KB)"
1419293411035459,5540.000000,"Minflt-GC"
1419293411038532,0.000000,"Majflt-GC"
1419293411089053,74621.000000,"Heap size (KB)"
1419293411133116,74653.000000,"Heap size (KB)"
1419293411143897,74685.000000,"Heap size (KB)"
1419293411444522,74717.000000,"Heap size (KB)"
1419293414078584,74749.000000,"Heap size (KB)"
1419293414815095,74781.000000,"Heap size (KB)"
1419293418178272,74813.000000,"Heap size (KB)"
1419293418893741,74813.000000,"Heap size (KB)"
1419293418896501,49849.000000,"Heap size (KB)"
1419293422671709,24761.000000,"Heap size (KB)"
1419293422679991,5557.000000,"Minflt-GC"
1419293422682907,0.000000,"Majflt-GC"
1419293435096397,24829.000000,"Heap size (KB)"
1419293435426032,24861.000000,"Heap size (KB)"
1419293440285303,5681.000000,"Minflt-GC"
1419293440287907,0.000000,"Majflt-GC"
1419293443646970,24893.000000,"Heap size (KB)"
1419293444494522,24925.000000,"Heap size (KB)"
1419293444661084,25690112.000000,"freed_normal_object_bytes"
1419293444663376,25563136.000000,"freed_large_object_bytes"
1419293444665720,51253248.000000,"freed_bytes"
1419293445661866,24997.000000,"Heap size (KB)"
1419293448471188,25065.000000,"Heap size (KB)"
1419293448489001,25325.000000,"Heap size (KB)"
1419293448494938,25585.000000,"Heap size (KB)"
1419293449320459,25657.000000,"Heap size (KB)"
1419293451590616,26173.000000,"Heap size (KB)"
1419293451596241,26689.000000,"Heap size (KB)"
1419293453759366,26721.000000,"Heap size (KB)"
1419293454532907,26981.000000,"Heap size (KB)"
1419293454538428,27241.000000,"Heap size (KB)"
1419293460193116,27273.000000,"Heap size (KB)"
1419293460631084,27305.000000,"Heap size (KB)"
1419293460872178,27373.000000,"Heap size (KB)"
1419293460941553,27405.000000,"Heap size (KB)"
1419293462630616,27437.000000,"Heap size (KB)"
1419293464722647,27469.000000,"Heap size (KB)"
1419293465465459,27501.000000,"Heap size (KB)"
1419293465627334,27533.000000,"Heap size (KB)"
1419293466248741,27565.000000,"Heap size (KB)"
1419293476199001,27597.000000,"Heap size (KB)"
1419293481014991,27629.000000,"Heap size (KB)"
1419293483620095,19852148736.000000,"mem.virt"
1419293483620095,0.000000,"mem.locked"
1419293483620095,373661696.000000,"mem.rss.watermark"
1419293483620095,297762816.000000,"mem.rss"
1419293483620095,108371968.000000,"mem.rss.anon"
1419293483620095,157913088.000000,"mem.rss.file"
1419293483620095,31477760.000000,"mem.rss.shmem"
1419293483620095,18526208.000000,"mem.swap"
1419293483620095,0.000000,"oom_score_adj"
1419293494326397,27661.000000,"Heap size (KB)"
1419293496920303,27701.000000,"Heap size (KB)"
1419293499047803,27733.000000,"Heap size (KB)"
1419293499758428,27765.000000,"Heap size (KB)"
1419293501103063,27837.000000,"Heap size (KB)"
1419293503605459,27905.000000,"Heap size (KB)"
1419293503614209,28165.000000,"Heap size (KB)"
1419293503619157,28425.000000,"Heap size (KB)"
1419293504311397,28497.000000,"Heap size (KB)"
1419293505039626,28529.000000,"Heap size (KB)"
1419293507081501,29045.000000,"Heap size (KB)"
1419293507088116,29561.000000,"Heap size (KB)"
1419293509184157,29593.000000,"Heap size (KB)"
1419293510421709,29853.000000,"Heap size (KB)"
1419293510427022,30113.000000,"Heap size (KB)"
1419293513478063,30145.000000,"Heap size (KB)"
1419293514697907,30177.000000,"Heap size (KB)"
1419293516623688,30245.000000,"Heap size (KB)"
1419293531258272,30277.000000,"Heap size (KB)"
1419293533163845,30309.000000,"Heap size (KB)"
1419293534627126,30373.000000,"Heap size (KB)"
1419293534628063,30341.000000,"Heap size (KB)"
1419293534963584,30405.000000,"Heap size (KB)"
1419293535091709,30437.000000,"Heap size (KB)"
1419293535282595,30469.000000,"Heap size (KB)"
1419293535640147,30501.000000,"Heap size (KB)"
1419293535747178,30533.000000,"Heap size (KB)"
1419293535907647,30565.000000,"Heap size (KB)"
1419293536050251,30597.000000,"Heap size (KB)"
1419293537119834,30629.000000,"Heap size (KB)"
1419293540103428,30661.000000,"Heap size (KB)"
1419293545423272,30693.000000,"Heap size (KB)"
1419293552237491,30725.000000,"Heap size (KB)"
1419293552642491,30757.000000,"Heap size (KB)"
1419293559562491,30789.000000,"Heap size (KB)"
1419293560633897,30861.000000,"Heap size (KB)"
1419293564031970,30929.000000,"Heap size (KB)"
1419293564044209,31189.000000,"Heap size (KB)"
1419293564048845,31449.000000,"Heap size (KB)"
1419293564653376,31521.000000,"Heap size (KB)"
1419293567072282,32037.000000,"Heap size (KB)"
1419293567078376,32553.000000,"Heap size (KB)"
1419293567109209,32813.000000,"Heap size (KB)"
1419293567114053,33073.000000,"Heap size (KB)"
1419293574299938,33141.000000,"Heap size (KB)"
1419293574486241,33173.000000,"Heap size (KB)"
1419293581748741,33205.000000,"Heap size (KB)"
1419293584366084,19852148736.000000,"mem.virt"
1419293584366084,0.000000,"mem.locked"
1419293584366084,373661696.000000,"mem.rss.watermark"
1419293584366084,299204608.000000,"mem.rss"
1419293584366084,109813760.000000,"mem.rss.anon"
1419293584366084,157913088.000000,"mem.rss.file"
1419293584366084,31477760.000000,"mem.rss.shmem"
1419293584366084,18526208.000000,"mem.swap"
1419293584366084,0.000000,"oom_score_adj"
1419293586483741,33237.000000,"Heap size (KB)"
1419293586605928,33269.000000,"Heap size (KB)"
1419293591095720,33301.000000,"Heap size (KB)"
1419293603760095,33341.000000,"Heap size (KB)"
1419293604425303,33373.000000,"Heap size (KB)"
1419293606997647,33405.000000,"Heap size (KB)"
1419293608299157,33477.000000,"Heap size (KB)"
1419293610833115,33545.000000,"Heap size (KB)"
1419293610841397,33805.000000,"Heap size (KB)"
1419293610846553,34065.000000,"Heap size (KB)"
1419293611451709,34101.000000,"Heap size (KB)"
1419293611521709,34173.000000,"Heap size (KB)"
1419293613950459,34689.000000,"Heap size (KB)"
1419293613956865,35205.000000,"Heap size (KB)"
1419293613988063,35465.000000,"Heap size (KB)"
1419293613993115,35725.000000,"Heap size (KB)"
1419293614837751,35757.000000,"Heap size (KB)"
1419293628418428,35825.000000,"Heap size (KB)"
1419293632754678,35857.000000,"Heap size (KB)"
1419293636248115,35889.000000,"Heap size (KB)"
1419293656049782,35921.000000,"Heap size (KB)"
1419293656085928,35953.000000,"Heap size (KB)"
1419293656467178,35985.000000,"Heap size (KB)"
1419293660299522,36017.000000,"Heap size (KB)"
1419293662260251,36089.000000,"Heap size (KB)"
1419293664996865,36157.000000,"Heap size (KB)"
1419293665007334,36417.000000,"Heap size (KB)"
1419293665012959,36677.000000,"Heap size (KB)"
1419293665722803,36749.000000,"Heap size (KB)"
1419293668000772,37265.000000,"Heap size (KB)"
1419293668007490,37781.000000,"Heap size (KB)"
1419293668046084,38041.000000,"Heap size (KB)"
1419293668051813,38301.000000,"Heap size (KB)"
1419293669898115,38333.000000,"Heap size (KB)"
1419293683968845,19852148736.000000,"mem.virt"
1419293683968845,0.000000,"mem.locked"
1419293683968845,373661696.000000,"mem.rss.watermark"
1419293683968845,300646400.000000,"mem.rss"
1419293683968845,111255552.000000,"mem.rss.anon"
1419293683968845,157913088.000000,"mem.rss.file"
1419293683968845,31477760.000000,"mem.rss.shmem"
1419293683968845,18526208.000000,"mem.swap"
1419293683968845,0.000000,"oom_score_adj"
1419293689548897,38401.000000,"Heap size (KB)"
1419293689778115,38433.000000,"Heap size (KB)"
1419293696688272,38465.000000,"Heap size (KB)"
1419293709312282,38497.000000,"Heap size (KB)"
1419293710977595,38529.000000,"Heap size (KB)"
1419293712522022,38601.000000,"Heap size (KB)"
1419293715343115,38669.000000,"Heap size (KB)"
1419293715351397,38929.000000,"Heap size (KB)"
1419293715357751,39189.000000,"Heap size (KB)"
1419293715368272,39225.000000,"Heap size (KB)"
1419293715989157,39297.000000,"Heap size (KB)"
1419293716614522,39329.000000,"Heap size (KB)"
1419293716748740,39361.000000,"Heap size (KB)"
1419293718281970,39877.000000,"Heap size (KB)"
1419293718288272,40393.000000,"Heap size (KB)"
1419293718321813,40653.000000,"Heap size (KB)"
1419293718326553,40913.000000,"Heap size (KB)"
1419293738736813,40945.000000,"Heap size (KB)"
1419293739761240,40977.000000,"Heap size (KB)"
1419293746953115,41045.000000,"Heap size (KB)"
1419293756977803,41085.000000,"Heap size (KB)"
1419293758258063,41117.000000,"Heap size (KB)"
1419293759143272,41149.000000,"Heap size (KB)"
1419293760262022,41221.000000,"Heap size (KB)"
1419293762989834,41289.000000,"Heap size (KB)"
1419293762998376,41549.000000,"Heap size (KB)"
1419293763004053,41809.000000,"Heap size (KB)"
1419293763635615,41881.000000,"Heap size (KB)"
1419293766063688,42397.000000,"Heap size (KB)"
1419293766069938,42913.000000,"Heap size (KB)"
1419293766366865,42945.000000,"Heap size (KB)"
1419293767257803,42977.000000,"Heap size (KB)"
1419293767404053,43009.000000,"Heap size (KB)"
1419293769012022,43269.000000,"Heap size (KB)"
1419293769017647,43529.000000,"Heap size (KB)"
1419293771264626,43561.000000,"Heap size (KB)"
1419293773365772,43593.000000,"Heap size (KB)"
1419293773675459,43625.000000,"Heap size (KB)"
1419293773850563,43657.000000,"Heap size (KB)"
1419293774035615,43689.000000,"Heap size (KB)"
1419293774113845,43721.000000,"Heap size (KB)"
1419293774564001,43753.000000,"Heap size (KB)"
1419293774924157,43785.000000,"Heap size (KB)"
1419293775100303,43817.000000,"Heap size (KB)"
1419293775134365,43885.000000,"Heap size (KB)"
1419293775755459,43917.000000,"Heap size (KB)"
1419293778774053,43949.000000,"Heap size (KB)"
1419293783782907,43981.000000,"Heap size (KB)"
1419293784472178,19852148736.000000,"mem.virt"
1419293784472178,0.000000,"mem.locked"
1419293784472178,373661696.000000,"mem.rss.watermark"
1419293784472178,302481408.000000,"mem.rss"
1419293784472178,113090560.000000,"mem.rss.anon"
1419293784472178,157913088.000000,"mem.rss.file"
1419293784472178,31477760.000000,"mem.rss.shmem"
1419293784472178,18526208.000000,"mem.swap"
1419293784472178,0.000000,"oom_score_adj"
1419293791789365,44013.000000,"Heap size (KB)"
1419293810774365,44045.000000,"Heap size (KB)"
1419293810951240,44077.000000,"Heap size (KB)"
1419293816371345,44149.000000,"Heap size (KB)"
1419293817593428,44181.000000,"Heap size (KB)"
1419293818560147,44213.000000,"Heap size (KB)"
1419293818912959,44281.000000,"Heap size (KB)"
1419293818920095,44541.000000,"Heap size (KB)"
1419293818934522,44801.000000,"Heap size (KB)"
1419293819533584,44873.000000,"Heap size (KB)"
1419293821827334,44905.000000,"Heap size (KB)"
1419293821836709,45421.000000,"Heap size (KB)"
1419293821841970,45937.000000,"Heap size (KB)"
1419293821873532,46197.000000,"Heap size (KB)"
1419293821878428,46457.000000,"Heap size (KB)"
1419293823726709,46489.000000,"Heap size (KB)"
1419293824888063,46557.000000,"Heap size (KB)"
1419293830510251,46589.000000,"Heap size (KB)"
1419293831273688,46621.000000,"Heap size (KB)"
1419293864112490,46653.000000,"Heap size (KB)"
1419293871711657,46685.000000,"Heap size (KB)"
1419293872446709,46721.000000,"Heap size (KB)"
1419293873263115,46793.000000,"Heap size (KB)"
1419293875747647,46861.000000,"Heap size (KB)"
1419293875758220,47121.000000,"Heap size (KB)"
1419293875763115,47381.000000,"Heap size (KB)"
1419293876392959,47453.000000,"Heap size (KB)"
1419293876890251,47485.000000,"Heap size (KB)"
1419293878945095,48001.000000,"Heap size (KB)"
1419293878950303,48517.000000,"Heap size (KB)"
1419293878983688,48777.000000,"Heap size (KB)"
1419293878988220,49037.000000,"Heap size (KB)"
1419293881005563,49069.000000,"Heap size (KB)"
1419293885591084,19852148736.000000,"mem.virt"
1419293885591084,0.000000,"mem.locked"
1419293885591084,373661696.000000,"mem.rss.watermark"
1419293885591084,303792128.000000,"mem.rss"
1419293885591084,114401280.000000,"mem.rss.anon"
1419293885591084,157913088.000000,"mem.rss.file"
1419293885591084,31477760.000000,"mem.rss.shmem"
1419293885591084,18526208.000000,"mem.swap"
1419293885591084,0.000000,"oom_score_adj"
1419293889307282,49101.000000,"Heap size (KB)"
1419293892124990,49169.000000,"Heap size (KB)"
1419293904195615,49201.000000,"Heap size (KB)"
1419293917766240,49241.000000,"Heap size (KB)"
1419293919321032,49273.000000,"Heap size (KB)"
1419293920198532,49309.000000,"Heap size (KB)"
1419293920462595,49341.000000,"Heap size (KB)"
1419293920853584,49413.000000,"Heap size (KB)"
1419293923595095,49481.000000,"Heap size (KB)"
1419293923602803,49741.000000,"Heap size (KB)"
1419293923607647,50001.000000,"Heap size (KB)"
1419293924241709,50073.000000,"Heap size (KB)"
1419293924492178,50105.000000,"Heap size (KB)"
1419293926525928,50621.000000,"Heap size (KB)"
1419293926531240,51137.000000,"Heap size (KB)"
1419293926564001,51397.000000,"Heap size (KB)"
1419293926571397,51657.000000,"Heap size (KB)"
1419293926603272,51689.000000,"Heap size (KB)"
1419293931612178,51721.000000,"Heap size (KB)"
1419293944326397,51753.000000,"Heap size (KB)"
1419293945221188,51821.000000,"Heap size (KB)"
1419293957563063,51853.000000,"Heap size (KB)"
1419293960083845,51885.000000,"Heap size (KB)"
1419293961186970,51917.000000,"Heap size (KB)"
1419293968792595,51949.000000,"Heap size (KB)"
1419293971801032,51985.000000,"Heap size (KB)"
1419293972435928,52057.000000,"Heap size (KB)"
1419293975146709,52125.000000,"Heap size (KB)"
1419293975154834,52385.000000,"Heap size (KB)"
1419293975159938,52645.000000,"Heap size (KB)"
1419293975802022,52717.000000,"Heap size (KB)"
1419293978107803,53233.000000,"Heap size (KB)"
1419293978112959,53749.000000,"Heap size (KB)"
1419293978149053,54009.000000,"Heap size (KB)"
1419293978153897,54269.000000,"Heap size (KB)"
1419293982165459,54301.000000,"Heap size (KB)"
1419293982369053,54333.000000,"Heap size (KB)"
1419293983467178,19852148736.000000,"mem.virt"
1419293983467178,0.000000,"mem.locked"
1419293983467178,373661696.000000,"mem.rss.watermark"
1419293983467178,305233920.000000,"mem.rss"
1419293983467178,115843072.000000,"mem.rss.anon"
1419293983467178,157913088.000000,"mem.rss.file"
1419293983467178,31477760.000000,"mem.rss.shmem"
1419293983467178,18526208.000000,"mem.swap"
1419293983467178,0.000000,"oom_score_adj"
1419293997695928,54365.000000,"Heap size (KB)"
1419294003113584,54433.000000,"Heap size (KB)"
1419294010802490,54465.000000,"Heap size (KB)"
1419294011966970,54497.000000,"Heap size (KB)"
1419294016714209,54529.000000,"Heap size (KB)"
1419294024190615,54561.000000,"Heap size (KB)"
1419294031295876,54597.000000,"Heap size (KB)"
1419294032051709,54669.000000,"Heap size (KB)"
1419294034574157,54737.000000,"Heap size (KB)"
1419294034581501,54997.000000,"Heap size (KB)"
1419294034586084,55257.000000,"Heap size (KB)"
1419294035106865,55293.000000,"Heap size (KB)"
1419294035175251,55365.000000,"Heap size (KB)"
1419294037612438,55881.000000,"Heap size (KB)"
1419294037629782,56397.000000,"Heap size (KB)"
1419294038911084,56429.000000,"Heap size (KB)"
1419294041071865,56689.000000,"Heap size (KB)"
1419294041077959,56949.000000,"Heap size (KB)"
1419294045177022,56981.000000,"Heap size (KB)"
1419294047132803,57013.000000,"Heap size (KB)"
1419294048366240,57081.000000,"Heap size (KB)"
1419294051675094,57113.000000,"Heap size (KB)"
1419294072619001,57153.000000,"Heap size (KB)"
1419294074659678,57189.000000,"Heap size (KB)"
1419294075252126,57261.000000,"Heap size (KB)"
1419294075618584,57293.000000,"Heap size (KB)"
1419294076870459,57325.000000,"Heap size (KB)"
1419294077748584,57393.000000,"Heap size (KB)"
1419294077760094,57653.000000,"Heap size (KB)"
1419294077764678,57913.000000,"Heap size (KB)"
1419294078468897,57949.000000,"Heap size (KB)"
1419294078548897,58021.000000,"Heap size (KB)"
1419294080899678,58537.000000,"Heap size (KB)"
1419294080913897,59053.000000,"Heap size (KB)"
1419294083578532,19852148736.000000,"mem.virt"
1419294083578532,0.000000,"mem.locked"
1419294083578532,373661696.000000,"mem.rss.watermark"
1419294083578532,306675712.000000,"mem.rss"
1419294083578532,117284864.000000,"mem.rss.anon"
1419294083578532,157913088.000000,"mem.rss.file"
1419294083578532,31477760.000000,"mem.rss.shmem"
1419294083578532,18526208.000000,"mem.swap"
1419294083578532,0.000000,"oom_score_adj"
1419294084996709,59313.000000,"Heap size (KB)"
1419294085002022,59573.000000,"Heap size (KB)"
1419294088733063,59605.000000,"Heap size (KB)"
1419294089114001,59673.000000,"Heap size (KB)"
1419294095938897,59705.000000,"Heap size (KB)"
1419294101881553,59737.000000,"Heap size (KB)"
1419294102145772,59769.000000,"Heap size (KB)"
1419294102424053,59801.000000,"Heap size (KB)"
1419294103018844,59833.000000,"Heap size (KB)"
1419294103172907,59865.000000,"Heap size (KB)"
1419294103588584,59897.000000,"Heap size (KB)"
1419294103905251,59929.000000,"Heap size (KB)"
1419294119296240,59961.000000,"Heap size (KB)"
1419294123030251,59993.000000,"Heap size (KB)"
1419294124790407,60025.000000,"Heap size (KB)"
1419294133722438,60057.000000,"Heap size (KB)"
1419294133932647,60093.000000,"Heap size (KB)"
1419294134616865,60165.000000,"Heap size (KB)"
1419294137169938,60233.000000,"Heap size (KB)"
1419294137177647,60493.000000,"Heap size (KB)"
1419294137194053,60753.000000,"Heap size (KB)"
1419294137202907,60789.000000,"Heap size (KB)"
1419294137791032,60861.000000,"Heap size (KB)"
1419294140308740,61377.000000,"Heap size (KB)"
1419294140314522,61893.000000,"Heap size (KB)"
1419294140346397,62153.000000,"Heap size (KB)"
1419294140351084,62413.000000,"Heap size (KB)"
1419294146317022,62481.000000,"Heap size (KB)"
1419294146337959,62513.000000,"Heap size (KB)"
1419294147676188,62545.000000,"Heap size (KB)"
1419294162729209,62577.000000,"Heap size (KB)"
1419294173928740,62609.000000,"Heap size (KB)"
1419294175783844,62641.000000,"Heap size (KB)"
1419294178540615,62673.000000,"Heap size (KB)"
1419294182143897,62705.000000,"Heap size (KB)"
1419294184324469,19852148736.000000,"mem.virt"
1419294184324469,0.000000,"mem.locked"
1419294184324469,373661696.000000,"mem.rss.watermark"
1419294184324469,308117504.000000,"mem.rss"
1419294184324469,118726656.000000,"mem.rss.anon"
1419294184324469,157913088.000000,"mem.rss.file"
1419294184324469,31477760.000000,"mem.rss.shmem"
1419294184324469,18526208.000000,"mem.swap"
1419294184324469,0.000000,"oom_score_adj"
1419294185175615,62741.000000,"Heap size (KB)"
1419294186665459,62813.000000,"Heap size (KB)"
1419294188503272,62881.000000,"Heap size (KB)"
1419294188511709,63141.000000,"Heap size (KB)"
1419294188519365,63401.000000,"Heap size (KB)"
1419294189537334,63473.000000,"Heap size (KB)"
1419294191905928,63989.000000,"Heap size (KB)"
1419294191911188,64505.000000,"Heap size (KB)"
1419294191962022,64765.000000,"Heap size (KB)"
1419294191977959,65025.000000,"Heap size (KB)"
1419294192164001,65057.000000,"Heap size (KB)"
1419294205066397,65125.000000,"Heap size (KB)"
1419294223024469,65157.000000,"Heap size (KB)"
1419294225348532,65189.000000,"Heap size (KB)"
1419294228149001,65221.000000,"Heap size (KB)"
1419294228489522,65261.000000,"Heap size (KB)"
1419294230654053,65293.000000,"Heap size (KB)"
1419294241402490,65329.000000,"Heap size (KB)"
1419294242875459,65401.000000,"Heap size (KB)"
1419294245819522,65469.000000,"Heap size (KB)"
1419294245826240,65729.000000,"Heap size (KB)"
1419294245829678,65989.000000,"Heap size (KB)"
1419294245837803,66025.000000,"Heap size (KB)"
1419294246549365,66097.000000,"Heap size (KB)"
1419294248590719,66613.000000,"Heap size (KB)"
1419294248594626,67129.000000,"Heap size (KB)"
1419294248633740,67389.000000,"Heap size (KB)"
1419294248637594,67649.000000,"Heap size (KB)"
1419294254340928,67681.000000,"Heap size (KB)"
1419294254417334,67713.000000,"Heap size (KB)"
1419294254799157,67745.000000,"Heap size (KB)"
1419294255597594,67777.000000,"Heap size (KB)"
1419294255916865,67809.000000,"Heap size (KB)"
1419294261468219,67841.000000,"Heap size (KB)"
1419294265280928,67909.000000,"Heap size (KB)"
1419294276559365,67941.000000,"Heap size (KB)"
1419294281239521,67973.000000,"Heap size (KB)"
1419294281722959,68005.000000,"Heap size (KB)"
1419294284092021,19852148736.000000,"mem.virt"
1419294284092021,0.000000,"mem.locked"
1419294284092021,373661696.000000,"mem.rss.watermark"
1419294284092021,310484992.000000,"mem.rss"
1419294284092021,121094144.000000,"mem.rss.anon"
1419294284092021,157913088.000000,"mem.rss.file"
1419294284092021,31477760.000000,"mem.rss.shmem"
1419294284092021,18526208.000000,"mem.swap"
1419294284092021,0.000000,"oom_score_adj"
1419294287094209,68037.000000,"Heap size (KB)"
1419294289037803,68109.000000,"Heap size (KB)"
1419294291699678,68141.000000,"Heap size (KB)"
1419294292048584,68209.000000,"Heap size (KB)"
1419294292057126,68469.000000,"Heap size (KB)"
1419294292061865,68729.000000,"Heap size (KB)"
1419294292864782,68801.000000,"Heap size (KB)"
1419294295163740,69317.000000,"Heap size (KB)"
1419294295169365,69833.000000,"Heap size (KB)"
1419294295221865,70093.000000,"Heap size (KB)"
1419294295226709,70353.000000,"Heap size (KB)"
1419294295357282,5681.000000,"Minflt-GC"
1419294295360303,0.000000,"Majflt-GC"
1419294295455303,5681.000000,"Minflt-GC"
1419294295458115,0.000000,"Majflt-GC"
1419294296459782,70385.000000,"Heap size (KB)"
1419294305335146,70417.000000,"Heap size (KB)"
1419294307710146,70449.000000,"Heap size (KB)"
1419294308189157,70481.000000,"Heap size (KB)"
1419294321140928,6165.000000,"Minflt-GC"
1419294321143740,0.000000,"Majflt-GC"
1419294321534521,70513.000000,"Heap size (KB)"
1419294321970615,70581.000000,"Heap size (KB)"
1419294322201865,70613.000000,"Heap size (KB)"
1419294322225303,70645.000000,"Heap size (KB)"
1419294322927126,70677.000000,"Heap size (KB)"
1419294323305771,70709.000000,"Heap size (KB)"
1419294323399521,70741.000000,"Heap size (KB)"
1419294323680459,70741.000000,"Heap size (KB)"
1419294323826657,70773.000000,"Heap size (KB)"
1419294323943115,70805.000000,"Heap size (KB)"
1419294324026032,70837.000000,"Heap size (KB)"
1419294324883376,30781.000000,"Heap size (KB)"
1419294327824990,22101.000000,"Heap size (KB)"
1419294327830876,6187.000000,"Minflt-GC"
1419294327833115,0.000000,"Majflt-GC"
1419294331831553,22133.000000,"Heap size (KB)"
1419294337611657,22165.000000,"Heap size (KB)"
1419294338347751,22197.000000,"Heap size (KB)"
1419294338578428,6319.000000,"Minflt-GC"
1419294338582021,0.000000,"Majflt-GC"
1419294339881240,22269.000000,"Heap size (KB)"
1419294343017594,22337.000000,"Heap size (KB)"
1419294343038896,22597.000000,"Heap size (KB)"
1419294343044365,22857.000000,"Heap size (KB)"
1419294343533063,8888320.000000,"freed_normal_object_bytes"
1419294343535719,41017344.000000,"freed_large_object_bytes"
1419294343537907,49905664.000000,"freed_bytes"
1419294343868271,22929.000000,"Heap size (KB)"
1419294344961188,22961.000000,"Heap size (KB)"
1419294345225563,22993.000000,"Heap size (KB)"
1419294346162490,23509.000000,"Heap size (KB)"
1419294346167959,24025.000000,"Heap size (KB)"
1419294349160303,24057.000000,"Heap size (KB)"
1419294349987438,24317.000000,"Heap size (KB)"
1419294349993376,24577.000000,"Heap size (KB)"
1419294351847907,24609.000000,"Heap size (KB)"
1419294354115771,24677.000000,"Heap size (KB)"
1419294371150146,24709.000000,"Heap size (KB)"
1419294371853063,24741.000000,"Heap size (KB)"
1419294372516396,24773.000000,"Heap size (KB)"
1419294373382282,24805.000000,"Heap size (KB)"
1419294383811865,19852148736.000000,"mem.virt"
1419294383811865,0.000000,"mem.locked"
1419294383811865,373661696.000000,"mem.rss.watermark"
1419294383811865,295325696.000000,"mem.rss"
1419294383811865,105803776.000000,"mem.rss.anon"
1419294383811865,157913088.000000,"mem.rss.file"
1419294383811865,31608832.000000,"mem.rss.shmem"
1419294383811865,18526208.000000,"mem.swap"
1419294383811865,0.000000,"oom_score_adj"
1419294384100771,24845.000000,"Heap size (KB)"
1419294385042178,24877.000000,"Heap size (KB)"
1419294387660094,24909.000000,"Heap size (KB)"
1419294389120303,24981.000000,"Heap size (KB)"
1419294389792438,25013.000000,"Heap size (KB)"
1419294391957646,25081.000000,"Heap size (KB)"
1419294391966865,25341.000000,"Heap size (KB)"
1419294391971709,25601.000000,"Heap size (KB)"
1419294392794521,25673.000000,"Heap size (KB)"
1419294395091396,26189.000000,"Heap size (KB)"
1419294395097334,26705.000000,"Heap size (KB)"
1419294397179469,26737.000000,"Heap size (KB)"
1419294398780146,26997.000000,"Heap size (KB)"
1419294398787438,27257.000000,"Heap size (KB)"
1419294404750771,27289.000000,"Heap size (KB)"
1419294405488844,27357.000000,"Heap size (KB)"
1419294406132646,27389.000000,"Heap size (KB)"
1419294406532959,27421.000000,"Heap size (KB)"
1419294406929209,27453.000000,"Heap size (KB)"
1419294406978219,27485.000000,"Heap size (KB)"
1419294407057803,27517.000000,"Heap size (KB)"
1419294407314834,27549.000000,"Heap size (KB)"
1419294407446553,27581.000000,"Heap size (KB)"
1419294407809782,27613.000000,"Heap size (KB)"
1419294407854678,27645.000000,"Heap size (KB)"
1419294417078219,27677.000000,"Heap size (KB)"
1419294418150928,27709.000000,"Heap size (KB)"
1419294436580719,27741.000000,"Heap size (KB)"
1419294437054521,27773.000000,"Heap size (KB)"
1419294437533584,27805.000000,"Heap size (KB)"
1419294438409209,27837.000000,"Heap size (KB)"
1419294438698844,27909.000000,"Heap size (KB)"
1419294441588271,27941.000000,"Heap size (KB)"
1419294442519678,28009.000000,"Heap size (KB)"
1419294442528376,28269.000000,"Heap size (KB)"
1419294442533376,28529.000000,"Heap size (KB)"
1419294443161188,28601.000000,"Heap size (KB)"
1419294445462959,29117.000000,"Heap size (KB)"
1419294445468115,29633.000000,"Heap size (KB)"
1419294445498428,29893.000000,"Heap size (KB)"
1419294445503740,30153.000000,"Heap size (KB)"
1419294454178063,30221.000000,"Heap size (KB)"
1419294457231553,30253.000000,"Heap size (KB)"
1419294458278740,30285.000000,"Heap size (KB)"
1419294482442282,30317.000000,"Heap size (KB)"
1419294483877021,19852148736.000000,"mem.virt"
1419294483877021,0.000000,"mem.locked"
1419294483877021,373661696.000000,"mem.rss.watermark"
1419294483877021,297029632.000000,"mem.rss"
1419294483877021,107507712.000000,"mem.rss.anon"
1419294483877021,157913088.000000,"mem.rss.file"
1419294483877021,31608832.000000,"mem.rss.shmem"
1419294483877021,18526208.000000,"mem.swap"
1419294483877021,0.000000,"oom_score_adj"
1419294487847751,30357.000000,"Heap size (KB)"
1419294489585303,30389.000000,"Heap size (KB)"
1419294489654990,30421.000000,"Heap size (KB)"
1419294490527907,30453.000000,"Heap size (KB)"
1419294491093219,30485.000000,"Heap size (KB)"
1419294492547021,30557.000000,"Heap size (KB)"
1419294495246657,30625.000000,"Heap size (KB)"
1419294495254521,30885.000000,"Heap size (KB)"
1419294495259157,31145.000000,"Heap size (KB)"
1419294495841553,31181.000000,"Heap size (KB)"
1419294495911657,31253.000000,"Heap size (KB)"
1419294498327751,31285.000000,"Heap size (KB)"
1419294498358428,31801.000000,"Heap size (KB)"
1419294498364053,32317.000000,"Heap size (KB)"
1419294498398584,32577.000000,"Heap size (KB)"
1419294498406084,32837.000000,"Heap size (KB)"
1419294505632334,32869.000000,"Heap size (KB)"
1419294505948896,32901.000000,"Heap size (KB)"
1419294513865303,32969.000000,"Heap size (KB)"
1419294539584626,33001.000000,"Heap size (KB)"
1419294540364938,33033.000000,"Heap size (KB)"
1419294540701813,33065.000000,"Heap size (KB)"
1419294540907490,33097.000000,"Heap size (KB)"
1419294543477438,33129.000000,"Heap size (KB)"
1419294545286032,33201.000000,"Heap size (KB)"
1419294548272959,33269.000000,"Heap size (KB)"
1419294548281813,33529.000000,"Heap size (KB)"
1419294548286969,33789.000000,"Heap size (KB)"
1419294549074678,33861.000000,"Heap size (KB)"
1419294551344521,34377.000000,"Heap size (KB)"
1419294551350146,34893.000000,"Heap size (KB)"
1419294551383271,35153.000000,"Heap size (KB)"
1419294551397438,35413.000000,"Heap size (KB)"
1419294551406969,35445.000000,"Heap size (KB)"
1419294556064157,35477.000000,"Heap size (KB)"
1419294559655303,35509.000000,"Heap size (KB)"
1419294574233428,35577.000000,"Heap size (KB)"
1419294584060928,19852148736.000000,"mem.virt"
1419294584060928,0.000000,"mem.locked"
1419294584060928,373661696.000000,"mem.rss.watermark"
1419294584060928,297947136.000000,"mem.rss"
1419294584060928,108425216.000000,"mem.rss.anon"
1419294584060928,157913088.000000,"mem.rss.file"
1419294584060928,31608832.000000,"mem.rss.shmem"
1419294584060928,18526208.000000,"mem.swap"
1419294584060928,0.000000,"oom_score_adj"
1419294587811188,35609.000000,"Heap size (KB)"
1419294591984365,35641.000000,"Heap size (KB)"
1419294593125719,35673.000000,"Heap size (KB)"
1419294606700876,35705.000000,"Heap size (KB)"
1419294607062334,35777.000000,"Heap size (KB)"
1419294608322490,35809.000000,"Heap size (KB)"
1419294608503896,35841.000000,"Heap size (KB)"
1419294609568115,35909.000000,"Heap size (KB)"
1419294609576188,36169.000000,"Heap size (KB)"
1419294609579834,36429.000000,"Heap size (KB)"
1419294609588532,36465.000000,"Heap size (KB)"
1419294610421240,36537.000000,"Heap size (KB)"
1419294612670876,37053.000000,"Heap size (KB)"
1419294612676865,37569.000000,"Heap size (KB)"
1419294612711709,37829.000000,"Heap size (KB)"
1419294612718896,38089.000000,"Heap size (KB)"
1419294638543428,38121.000000,"Heap size (KB)"
1419294641078584,38153.000000,"Heap size (KB)"
1419294642726709,38221.000000,"Heap size (KB)"
1419294649883584,38261.000000,"Heap size (KB)"
1419294650927126,38293.000000,"Heap size (KB)"
1419294655982490,38365.000000,"Heap size (KB)"
1419294657426657,38397.000000,"Heap size (KB)"
1419294658369521,38429.000000,"Heap size (KB)"
1419294658628115,38497.000000,"Heap size (KB)"
1419294658635719,38757.000000,"Heap size (KB)"
1419294658639469,39017.000000,"Heap size (KB)"
1419294659506396,39089.000000,"Heap size (KB)"
1419294661017282,39121.000000,"Heap size (KB)"
1419294661943115,39637.000000,"Heap size (KB)"
1419294661949469,40153.000000,"Heap size (KB)"
1419294661973376,40185.000000,"Heap size (KB)"
1419294664456553,40217.000000,"Heap size (KB)"
1419294665749834,40477.000000,"Heap size (KB)"
1419294665755771,40737.000000,"Heap size (KB)"
1419294672987021,40805.000000,"Heap size (KB)"
1419294684085303,19852148736.000000,"mem.virt"
1419294684085303,0.000000,"mem.locked"
1419294684085303,373661696.000000,"mem.rss.watermark"
1419294684085303,299520000.000000,"mem.rss"
1419294684085303,109998080.000000,"mem.rss.anon"
1419294684085303,157913088.000000,"mem.rss.file"
1419294684085303,31608832.000000,"mem.rss.shmem"
1419294684085303,18526208.000000,"mem.swap"
1419294684085303,0.000000,"oom_score_adj"
1419294687706188,40837.000000,"Heap size (KB)"
1419294698358896,40869.000000,"Heap size (KB)"
1419294701707178,40901.000000,"Heap size (KB)"
1419294703004365,40933.000000,"Heap size (KB)"
1419294703222490,40965.000000,"Heap size (KB)"
1419294718359834,41037.000000,"Heap size (KB)"
1419294719412750,41069.000000,"Heap size (KB)"
1419294719590563,41101.000000,"Heap size (KB)"
1419294721104834,41169.000000,"Heap size (KB)"
1419294721112959,41429.000000,"Heap size (KB)"
1419294721118428,41689.000000,"Heap size (KB)"
1419294721780303,41721.000000,"Heap size (KB)"
1419294721808896,41793.000000,"Heap size (KB)"
1419294724224000,42309.000000,"Heap size (KB)"
1419294724229990,42825.000000,"Heap size (KB)"
1419294724264469,43085.000000,"Heap size (KB)"
1419294724272490,43345.000000,"Heap size (KB)"
1419294727782334,43413.000000,"Heap size (KB)"
1419294752098740,43445.000000,"Heap size (KB)"
1419294754273584,43477.000000,"Heap size (KB)"
1419294756203740,43509.000000,"Heap size (KB)"
1419294771623428,43541.000000,"Heap size (KB)"
1419294771668428,43577.000000,"Heap size (KB)"
1419294772120459,43609.000000,"Heap size (KB)"
1419294772367178,43681.000000,"Heap size (KB)"
1419294775020407,43749.000000,"Heap size (KB)"
1419294775028428,44009.000000,"Heap size (KB)"
1419294775033584,44269.000000,"Heap size (KB)"
1419294775718584,44341.000000,"Heap size (KB)"
1419294778095459,44857.000000,"Heap size (KB)"
1419294778101188,45373.000000,"Heap size (KB)"
1419294778134834,45633.000000,"Heap size (KB)"
1419294778139678,45893.000000,"Heap size (KB)"
1419294783864938,19852148736.000000,"mem.virt"
1419294783864938,0.000000,"mem.locked"
1419294783864938,373661696.000000,"mem.rss.watermark"
1419294783864938,300568576.000000,"mem.rss"
1419294783864938,111046656.000000,"mem.rss.anon"
1419294783864938,157913088.000000,"mem.rss.file"
1419294783864938,31608832.000000,"mem.rss.shmem"
1419294783864938,18526208.000000,"mem.swap"
1419294783864938,0.000000,"oom_score_adj"
1419294789499209,45961.000000,"Heap size (KB)"
1419294797246084,45993.000000,"Heap size (KB)"
1419294801726396,46025.000000,"Heap size (KB)"
1419294806214157,46065.000000,"Heap size (KB)"
1419294807244157,46097.000000,"Heap size (KB)"
1419294808242803,46133.000000,"Heap size (KB)"
1419294808883740,46205.000000,"Heap size (KB)"
1419294811339469,46273.000000,"Heap size (KB)"
1419294811347594,46533.000000,"Heap size (KB)"
1419294811356657,46793.000000,"Heap size (KB)"
1419294811951240,46825.000000,"Heap size (KB)"
1419294811982646,46897.000000,"Heap size (KB)"
1419294814564209,47413.000000,"Heap size (KB)"
1419294814569990,47929.000000,"Heap size (KB)"
1419294814607803,48189.000000,"Heap size (KB)"
1419294814612959,48449.000000,"Heap size (KB)"
1419294823001084,48481.000000,"Heap size (KB)"
1419294832676084,48549.000000,"Heap size (KB)"
1419294833967907,48581.000000,"Heap size (KB)"
1419294837024209,48613.000000,"Heap size (KB)"
1419294837057334,48645.000000,"Heap size (KB)"
1419294859839782,48677.000000,"Heap size (KB)"
1419294860212490,48709.000000,"Heap size (KB)"
1419294864341084,48741.000000,"Heap size (KB)"
1419294866810615,48777.000000,"Heap size (KB)"
1419294867447178,48849.000000,"Heap size (KB)"
1419294870079053,48917.000000,"Heap size (KB)"
1419294870087334,49177.000000,"Heap size (KB)"
1419294870092334,49437.000000,"Heap size (KB)"
1419294870667438,49509.000000,"Heap size (KB)"
1419294873123896,50025.000000,"Heap size (KB)"
1419294873129678,50541.000000,"Heap size (KB)"
1419294873163428,50801.000000,"Heap size (KB)"
1419294873168532,51061.000000,"Heap size (KB)"
1419294877446500,51093.000000,"Heap size (KB)"
1419294877469209,51125.000000,"Heap size (KB)"
1419294883963896,19852148736.000000,"mem.virt"
1419294883963896,0.000000,"mem.locked"
1419294883963896,373661696.000000,"mem.rss.watermark"
1419294883963896,302010368.000000,"mem.rss"
1419294883963896,112488448.000000,"mem.rss.anon"
1419294883963896,157913088.000000,"mem.rss.file"
1419294883963896,31608832.000000,"mem.rss.shmem"
1419294883963896,18526208.000000,"mem.swap"
1419294883963896,0.000000,"oom_score_adj"
1419294886629053,51157.000000,"Heap size (KB)"
1419294898571709,51225.000000,"Heap size (KB)"
1419294908055303,51257.000000,"Heap size (KB)"
1419294921023375,51289.000000,"Heap size (KB)"
1419294921763844,51325.000000,"Heap size (KB)"
1419294922444209,51397.000000,"Heap size (KB)"
1419294922490615,51429.000000,"Heap size (KB)"
1419294923981865,51461.000000,"Heap size (KB)"
1419294925257438,51529.000000,"Heap size (KB)"
1419294925264313,51789.000000,"Heap size (KB)"
1419294925269052,52049.000000,"Heap size (KB)"
1419294925277125,52085.000000,"Heap size (KB)"
1419294925910459,52157.000000,"Heap size (KB)"
1419294928184365,52673.000000,"Heap size (KB)"
1419294928190302,53189.000000,"Heap size (KB)"
1419294931718532,53221.000000,"Heap size (KB)"
1419294932317177,53481.000000,"Heap size (KB)"
1419294932322490,53741.000000,"Heap size (KB)"
1419294939262646,53773.000000,"Heap size (KB)"
1419294940081396,53841.000000,"Heap size (KB)"
1419294952101969,53873.000000,"Heap size (KB)"
1419294957944157,53905.000000,"Heap size (KB)"
1419294963762177,53945.000000,"Heap size (KB)"
1419294965971188,53981.000000,"Heap size (KB)"
1419294966597959,54053.000000,"Heap size (KB)"
1419294969176865,54121.000000,"Heap size (KB)"
1419294969223375,54381.000000,"Heap size (KB)"
1419294969228115,54641.000000,"Heap size (KB)"
1419294969966709,54713.000000,"Heap size (KB)"
1419294970367334,54745.000000,"Heap size (KB)"
1419294970916709,54777.000000,"Heap size (KB)"
1419294972226188,55293.000000,"Heap size (KB)"
1419294972233219,55809.000000,"Heap size (KB)"
1419294973310146,55841.000000,"Heap size (KB)"
1419294974155146,55873.000000,"Heap size (KB)"
1419294974334990,55905.000000,"Heap size (KB)"
1419294976998427,56165.000000,"Heap size (KB)"
1419294977007646,56425.000000,"Heap size (KB)"
1419294981739209,56493.000000,"Heap size (KB)"
1419294983970563,56525.000000,"Heap size (KB)"
1419294984089365,19852148736.000000,"mem.virt"
1419294984089365,0.000000,"mem.locked"
1419294984089365,373661696.000000,"mem.rss.watermark"
1419294984089365,303869952.000000,"mem.rss"
1419294984089365,114348032.000000,"mem.rss.anon"
1419294984089365,157913088.000000,"mem.rss.file"
1419294984089365,31608832.000000,"mem.rss.shmem"
1419294984089365,18526208.000000,"mem.swap"
1419294984089365,0.000000,"oom_score_adj"
1419294992744365,56557.000000,"Heap size (KB)"
1419294998524313,56589.000000,"Heap size (KB)"
1419295003311240,56621.000000,"Heap size (KB)"
1419295007335302,56653.000000,"Heap size (KB)"
1419295016264365,56685.000000,"Heap size (KB)"
1419295018014990,56717.000000,"Heap size (KB)"
1419295028314052,56749.000000,"Heap size (KB)"
1419295029329625,56785.000000,"Heap size (KB)"
1419295029952021,56857.000000,"Heap size (KB)"
1419295030313271,56889.000000,"Heap size (KB)"
1419295032541657,56957.000000,"Heap size (KB)"
1419295032549521,57217.000000,"Heap size (KB)"
1419295032555302,57477.000000,"Heap size (KB)"
1419295033286084,57549.000000,"Heap size (KB)"
1419295035462907,57581.000000,"Heap size (KB)"
1419295035541240,58097.000000,"Heap size (KB)"
1419295035546188,58613.000000,"Heap size (KB)"
1419295035579521,58873.000000,"Heap size (KB)"
1419295035584157,59133.000000,"Heap size (KB)"
1419295042557438,59201.000000,"Heap size (KB)"
1419295044530927,59233.000000,"Heap size (KB)"
1419295064422646,59265.000000,"Heap size (KB)"
1419295079684365,59297.000000,"Heap size (KB)"
1419295079915407,59329.000000,"Heap size (KB)"
1419295079994000,59365.000000,"Heap size (KB)"
1419295081208532,59437.000000,"Heap size (KB)"
1419295083722177,59469.000000,"Heap size (KB)"
1419295083859990,19852148736.000000,"mem.virt"
1419295083859990,0.000000,"mem.locked"
1419295083859990,373661696.000000,"mem.rss.watermark"
1419295083859990,305049600.000000,"mem.rss"
1419295083859990,115527680.000000,"mem.rss.anon"
1419295083859990,157913088.000000,"mem.rss.file"
1419295083859990,31608832.000000,"mem.rss.shmem"
1419295083859990,18526208.000000,"mem.swap"
1419295083859990,0.000000,"oom_score_adj"
1419295083970302,59537.000000,"Heap size (KB)"
1419295083979990,59797.000000,"Heap size (KB)"
1419295083985407,60057.000000,"Heap size (KB)"
1419295084655927,60129.000000,"Heap size (KB)"
1419295086978271,60645.000000,"Heap size (KB)"
1419295086983427,61161.000000,"Heap size (KB)"
1419295087020302,61421.000000,"Heap size (KB)"
1419295087025407,61681.000000,"Heap size (KB)"
1419295101934990,61749.000000,"Heap size (KB)"
1419295113615302,61781.000000,"Heap size (KB)"
1419295121220615,61821.000000,"Heap size (KB)"
1419295122641709,61853.000000,"Heap size (KB)"
1419295125198740,61885.000000,"Heap size (KB)"
1419295125652021,61921.000000,"Heap size (KB)"
1419295126399990,61993.000000,"Heap size (KB)"
1419295127710615,62025.000000,"Heap size (KB)"
1419295129146084,62093.000000,"Heap size (KB)"
1419295129153688,62353.000000,"Heap size (KB)"
1419295129157750,62613.000000,"Heap size (KB)"
1419295129885250,62645.000000,"Heap size (KB)"
1419295129916500,62717.000000,"Heap size (KB)"
1419295131448844,63233.000000,"Heap size (KB)"
1419295131453584,63749.000000,"Heap size (KB)"
1419295131484990,64009.000000,"Heap size (KB)"
1419295131488896,64269.000000,"Heap size (KB)"
1419295132269521,64301.000000,"Heap size (KB)"
1419295146110459,64333.000000,"Heap size (KB)"
1419295149397490,64401.000000,"Heap size (KB)"
1419295163805250,64433.000000,"Heap size (KB)"
1419295172155615,64465.000000,"Heap size (KB)"
1419295173196344,64497.000000,"Heap size (KB)"
1419295175195927,64569.000000,"Heap size (KB)"
1419295175610407,64601.000000,"Heap size (KB)"
1419295177393844,64633.000000,"Heap size (KB)"
1419295177727646,64701.000000,"Heap size (KB)"
1419295177735771,64961.000000,"Heap size (KB)"
1419295177741188,65221.000000,"Heap size (KB)"
1419295178411396,65293.000000,"Heap size (KB)"
1419295181020094,65809.000000,"Heap size (KB)"
1419295181025563,66325.000000,"Heap size (KB)"
1419295181061865,66585.000000,"Heap size (KB)"
1419295181066969,66845.000000,"Heap size (KB)"
1419295183901709,19852148736.000000,"mem.virt"
1419295183901709,0.000000,"mem.locked"
1419295183901709,373661696.000000,"mem.rss.watermark"
1419295183901709,306229248.000000,"mem.rss"
1419295183901709,116707328.000000,"mem.rss.anon"
1419295183901709,157913088.000000,"mem.rss.file"
1419295183901709,31608832.000000,"mem.rss.shmem"
1419295183901709,18526208.000000,"mem.swap"
1419295183901709,0.000000,"oom_score_adj"
1419295189799313,66877.000000,"Heap size (KB)"
1419295197713271,66909.000000,"Heap size (KB)"
1419295209457021,66977.000000,"Heap size (KB)"
1419295209786084,67009.000000,"Heap size (KB)"
1419295225223844,67081.000000,"Heap size (KB)"
1419295227425615,67113.000000,"Heap size (KB)"
1419295227680302,67145.000000,"Heap size (KB)"
1419295227707021,67213.000000,"Heap size (KB)"
1419295227714990,67473.000000,"Heap size (KB)"
1419295227719938,67733.000000,"Heap size (KB)"
1419295227751396,67769.000000,"Heap size (KB)"
1419295227819990,6319.000000,"Minflt-GC"
1419295227822959,0.000000,"Majflt-GC"
1419295228023427,6391.000000,"Minflt-GC"
1419295228026084,0.000000,"Majflt-GC"
1419295228465407,67841.000000,"Heap size (KB)"
1419295231146552,68357.000000,"Heap size (KB)"
1419295231165146,68873.000000,"Heap size (KB)"
1419295231207021,68905.000000,"Heap size (KB)"
1419295234656865,6519.000000,"Minflt-GC"
1419295234659834,0.000000,"Majflt-GC"
1419295234778688,68937.000000,"Heap size (KB)"
1419295234957177,68969.000000,"Heap size (KB)"
1419295235127282,69229.000000,"Heap size (KB)"
1419295235134365,69489.000000,"Heap size (KB)"
1419295238339782,69489.000000,"Heap size (KB)"
1419295238342438,29293.000000,"Heap size (KB)"
1419295240846709,29325.000000,"Heap size (KB)"
1419295241283740,29357.000000,"Heap size (KB)"
1419295241358740,29389.000000,"Heap size (KB)"
1419295241366657,23985.000000,"Heap size (KB)"
1419295241374052,6523.000000,"Minflt-GC"
1419295241377125,0.000000,"Majflt-GC"
1419295241409782,24017.000000,"Heap size (KB)"
1419295241420615,24049.000000,"Heap size (KB)"
1419295242642438,24117.000000,"Heap size (KB)"
1419295242908844,24149.000000,"Heap size (KB)"
1419295248473271,24181.000000,"Heap size (KB)"
1419295248872646,6581.000000,"Minflt-GC"
1419295248876240,0.000000,"Majflt-GC"
1419295253746344,5533696.000000,"freed_normal_object_bytes"
1419295253748740,41160704.000000,"freed_large_object_bytes"
1419295253751240,46694400.000000,"freed_bytes"
1419295257470459,24213.000000,"Heap size (KB)"
1419295262017490,24245.000000,"Heap size (KB)"
1419295274663844,24277.000000,"Heap size (KB)"
1419295275691240,24309.000000,"Heap size (KB)"
1419295276951188,24341.000000,"Heap size (KB)"
1419295277329677,24373.000000,"Heap size (KB)"
1419295282465719,24405.000000,"Heap size (KB)"
1419295283514782,19852148736.000000,"mem.virt"
1419295283514782,0.000000,"mem.locked"
1419295283514782,373661696.000000,"mem.rss.watermark"
1419295283514782,294285312.000000,"mem.rss"
1419295283514782,104763392.000000,"mem.rss.anon"
1419295283514782,157913088.000000,"mem.rss.file"
1419295283514782,31608832.000000,"mem.rss.shmem"
1419295283514782,18526208.000000,"mem.swap"
1419295283514782,0.000000,"oom_score_adj"
1419295288159209,24437.000000,"Heap size (KB)"
1419295288259834,24469.000000,"Heap size (KB)"
1419295289673427,24501.000000,"Heap size (KB)"
1419295291034052,24573.000000,"Heap size (KB)"
1419295293636865,24641.000000,"Heap size (KB)"
1419295293652959,24901.000000,"Heap size (KB)"
1419295293658271,25161.000000,"Heap size (KB)"
1419295294356709,25233.000000,"Heap size (KB)"
1419295296699677,25749.000000,"Heap size (KB)"
1419295296705250,26265.000000,"Heap size (KB)"
1419295299718844,26297.000000,"Heap size (KB)"
1419295300948584,26557.000000,"Heap size (KB)"
1419295300956084,26817.000000,"Heap size (KB)"
1419295306114990,26849.000000,"Heap size (KB)"
1419295308386344,26917.000000,"Heap size (KB)"
1419295315090250,26949.000000,"Heap size (KB)"
1419295320410094,26981.000000,"Heap size (KB)"
1419295326925927,27021.000000,"Heap size (KB)"
1419295327740250,27053.000000,"Heap size (KB)"
1419295328034469,27085.000000,"Heap size (KB)"
1419295328304834,27117.000000,"Heap size (KB)"
1419295329362594,27189.000000,"Heap size (KB)"
1419295331925563,27257.000000,"Heap size (KB)"
1419295331937959,27517.000000,"Heap size (KB)"
1419295331943219,27777.000000,"Heap size (KB)"
1419295332549209,27849.000000,"Heap size (KB)"
1419295334270459,27881.000000,"Heap size (KB)"
1419295334853271,28397.000000,"Heap size (KB)"
1419295334858688,28913.000000,"Heap size (KB)"
1419295334888532,29173.000000,"Heap size (KB)"
1419295334893688,29433.000000,"Heap size (KB)"
1419295343682959,29501.000000,"Heap size (KB)"
1419295351862021,29533.000000,"Heap size (KB)"
1419295356633427,29565.000000,"Heap size (KB)"
1419295365709834,29597.000000,"Heap size (KB)"
1419295368054209,29629.000000,"Heap size (KB)"
1419295381204209,29661.000000,"Heap size (KB)"
1419295381544000,29693.000000,"Heap size (KB)"
1419295383995302,19852148736.000000,"mem.virt"
1419295383995302,0.000000,"mem.locked"
1419295383995302,373661696.000000,"mem.rss.watermark"
1419295383995302,295858176.000000,"mem.rss"
1419295383995302,106336256.000000,"mem.rss.anon"
1419295383995302,157913088.000000,"mem.rss.file"
1419295383995302,31608832.000000,"mem.rss.shmem"
1419295383995302,18526208.000000,"mem.swap"
1419295383995302,0.000000,"oom_score_adj"
1419295384647438,29725.000000,"Heap size (KB)"
1419295385997177,29797.000000,"Heap size (KB)"
1419295388728740,29865.000000,"Heap size (KB)"
1419295388736709,30125.000000,"Heap size (KB)"
1419295388740719,30385.000000,"Heap size (KB)"
1419295389743115,30421.000000,"Heap size (KB)"
1419295389829521,30493.000000,"Heap size (KB)"
1419295392121240,31009.000000,"Heap size (KB)"
1419295392126709,31525.000000,"Heap size (KB)"
1419295392162959,31785.000000,"Heap size (KB)"
1419295392168427,32045.000000,"Heap size (KB)"
1419295392788740,32077.000000,"Heap size (KB)"
1419295406949000,32145.000000,"Heap size (KB)"
1419295407661031,32177.000000,"Heap size (KB)"
1419295414507959,32209.000000,"Heap size (KB)"
1419295414918375,32241.000000,"Heap size (KB)"
1419295425769365,32273.000000,"Heap size (KB)"
1419295451207490,32305.000000,"Heap size (KB)"
1419295453828219,32337.000000,"Heap size (KB)"
1419295464399990,32369.000000,"Heap size (KB)"
1419295472931552,32401.000000,"Heap size (KB)"
1419295476182021,32433.000000,"Heap size (KB)"
1419295476744521,32465.000000,"Heap size (KB)"
1419295477251709,32497.000000,"Heap size (KB)"
1419295477328740,32529.000000,"Heap size (KB)"
1419295477408844,32561.000000,"Heap size (KB)"
1419295478002177,32593.000000,"Heap size (KB)"
1419295479575302,32625.000000,"Heap size (KB)"
1419295479763375,32657.000000,"Heap size (KB)"
1419295479789938,32689.000000,"Heap size (KB)"
1419295479974052,32721.000000,"Heap size (KB)"
1419295480067490,32753.000000,"Heap size (KB)"
1419295481522177,32785.000000,"Heap size (KB)"
1419295481735615,32817.000000,"Heap size (KB)"
1419295484444052,32849.000000,"Heap size (KB)"
1419295485110875,32881.000000,"Heap size (KB)"
1419295485190146,32913.000000,"Heap size (KB)"
1419295486778219,19852148736.000000,"mem.virt"
1419295486778219,0.000000,"mem.locked"
1419295486778219,373661696.000000,"mem.rss.watermark"
1419295486778219,296644608.000000,"mem.rss"
1419295486778219,107122688.000000,"mem.rss.anon"
1419295486778219,157913088.000000,"mem.rss.file"
1419295486778219,31608832.000000,"mem.rss.shmem"
1419295486778219,18526208.000000,"mem.swap"
1419295486778219,0.000000,"oom_score_adj"
1419295499201396,32945.000000,"Heap size (KB)"
1419295501959521,32977.000000,"Heap size (KB)"
1419295509733375,33009.000000,"Heap size (KB)"
1419295513998740,33041.000000,"Heap size (KB)"
1419295522906396,33073.000000,"Heap size (KB)"
1419295544985146,33105.000000,"Heap size (KB)"
1419295545796865,33137.000000,"Heap size (KB)"
1419295562776865,33169.000000,"Heap size (KB)"
1419295567199313,33201.000000,"Heap size (KB)"
1419295573522177,33233.000000,"Heap size (KB)"
1419295579805927,33265.000000,"Heap size (KB)"
1419295579934469,33297.000000,"Heap size (KB)"
1419295579987490,33329.000000,"Heap size (KB)"
1419295580986708,33361.000000,"Heap size (KB)"
1419295581170458,33393.000000,"Heap size (KB)"
1419295583887490,19852148736.000000,"mem.virt"
1419295583887490,0.000000,"mem.locked"
1419295583887490,373661696.000000,"mem.rss.watermark"
1419295583887490,297037824.000000,"mem.rss"
1419295583887490,107515904.000000,"mem.rss.anon"
1419295583887490,157913088.000000,"mem.rss.file"
1419295583887490,31608832.000000,"mem.rss.shmem"
1419295583887490,18526208.000000,"mem.swap"
1419295583887490,0.000000,"oom_score_adj"
1419295595500615,33425.000000,"Heap size (KB)"
1419295607045406,33457.000000,"Heap size (KB)"
1419295612583740,33489.000000,"Heap size (KB)"
1419295612981552,33521.000000,"Heap size (KB)"
1419295624621344,33553.000000,"Heap size (KB)"
1419295637619208,33585.000000,"Heap size (KB)"
1419295655054990,33617.000000,"Heap size (KB)"
1419295655325719,33649.000000,"Heap size (KB)"
1419295663801240,33681.000000,"Heap size (KB)"
1419295666918063,33713.000000,"Heap size (KB)"
1419295677667646,33745.000000,"Heap size (KB)"
1419295680060458,33777.000000,"Heap size (KB)"
1419295684114781,19852148736.000000,"mem.virt"
1419295684114781,0.000000,"mem.locked"
1419295684114781,373661696.000000,"mem.rss.watermark"
1419295684114781,297562112.000000,"mem.rss"
1419295684114781,108040192.000000,"mem.rss.anon"
1419295684114781,157913088.000000,"mem.rss.file"
1419295684114781,31608832.000000,"mem.rss.shmem"
1419295684114781,18526208.000000,"mem.swap"
1419295684114781,0.000000,"oom_score_adj"
1419295691715719,33809.000000,"Heap size (KB)"
1419295691982177,33841.000000,"Heap size (KB)"
1419295706247958,33873.000000,"Heap size (KB)"
1419295706377958,33905.000000,"Heap size (KB)"
1419295714497021,33937.000000,"Heap size (KB)"
1419295734763583,33969.000000,"Heap size (KB)"
1419295734787125,34001.000000,"Heap size (KB)"
1419295750442177,34033.000000,"Heap size (KB)"
1419295751986083,34065.000000,"Heap size (KB)"
1419295764867177,34097.000000,"Heap size (KB)"
1419295772885302,34129.000000,"Heap size (KB)"
1419295784630719,19852148736.000000,"mem.virt"
1419295784630719,0.000000,"mem.locked"
1419295784630719,373661696.000000,"mem.rss.watermark"
1419295784630719,298217472.000000,"mem.rss"
1419295784630719,108695552.000000,"mem.rss.anon"
1419295784630719,157913088.000000,"mem.rss.file"
1419295784630719,31608832.000000,"mem.rss.shmem"
1419295784630719,18526208.000000,"mem.swap"
1419295784630719,0.000000,"oom_score_adj"
1419295790409938,34161.000000,"Heap size (KB)"
1419295795637490,34193.000000,"Heap size (KB)"
1419295812769000,34225.000000,"Heap size (KB)"
1419295814814365,34257.000000,"Heap size (KB)"
1419295822288583,34289.000000,"Heap size (KB)"
1419295827615771,34321.000000,"Heap size (KB)"
