"tid","name","ts","dur","state"
29844,"nio-webserver-r",1419328613602165,15000,"R"
29844,"nio-webserver-r",1419328613617165,312291,"Running"
29844,"nio-webserver-r",1419328613929456,49115,"R+"
29844,"nio-webserver-r",1419328613978571,60312,"Running"
29844,"nio-webserver-r",1419328614038883,353438,"S"
29844,"nio-webserver-r",1419328614392321,20104,"R"
29844,"nio-webserver-r",1419328614412425,4583,"Running"
29844,"nio-webserver-r",1419328614417008,286198,"S"
29844,"nio-webserver-r",1419328614703206,48646,"R"
29844,"nio-webserver-r",1419328614751852,34636,"Running"
29844,"nio-webserver-r",1419328614786488,24895,"R"
29844,"nio-webserver-r",1419328614811383,247657,"Running"
29844,"nio-webserver-r",1419328615059040,386406,"S"
29844,"nio-webserver-r",1419328615445446,91823,"R"
29844,"nio-webserver-r",1419328615537269,401250,"Running"
29905,"NIO-Worker",1419328615922269,18958,"R"
29844,"nio-webserver-r",1419328615938519,41146,"R+"
29905,"NIO-Worker",1419328615941227,388906,"Running"
29844,"nio-webserver-r",1419328615979665,45312,"Running"
29844,"nio-webserver-r",1419328616024977,10252344,"S"
29905,"NIO-Worker",1419328616330133,3794688,"S"
29905,"NIO-Worker",1419328620124821,24167,"R"
29905,"NIO-Worker",1419328620148988,559114,"Running"
29905,"NIO-Worker",1419328620708102,19323,"R+"
29905,"NIO-Worker",1419328620727425,17344,"Running"
29905,"NIO-Worker",1419328620744769,586458,"S"
29905,"NIO-Worker",1419328621331227,45781,"R"
29905,"NIO-Worker",1419328621377008,57657,"Running"
29905,"NIO-Worker",1419328621434665,293281,"S"
29905,"NIO-Worker",1419328621727946,18229,"R"
29905,"NIO-Worker",1419328621746175,281615,"Running"
29905,"NIO-Worker",1419328622027790,335573,"S"
29905,"NIO-Worker",1419328622363363,43177,"R"
29905,"NIO-Worker",1419328622406540,71250,"Running"
29905,"NIO-Worker",1419328622477790,10729,"R+"
29905,"NIO-Worker",1419328622488519,34062,"Running"
29905,"NIO-Worker",1419328622522581,39271,"R+"
29905,"NIO-Worker",1419328622561852,9792,"Running"
29905,"NIO-Worker",1419328622571644,85625,"S"
29905,"NIO-Worker",1419328622657269,31771,"R"
29905,"NIO-Worker",1419328622689040,8281,"Running"
29905,"NIO-Worker",1419328622697321,12656,"R+"
29905,"NIO-Worker",1419328622709977,64375,"Running"
29905,"NIO-Worker",1419328622774352,71406,"S"
29905,"NIO-Worker",1419328622845758,96407,"R"
29905,"NIO-Worker",1419328622942165,440468,"Running"
29905,"NIO-Worker",1419328623382633,189323,"R"
29905,"NIO-Worker",1419328623571956,1263021,"Running"
29905,"NIO-Worker",1419328624834977,7813,"R"
29905,"NIO-Worker",1419328624842790,1110000,"Running"
29905,"NIO-Worker",1419328625952790,23750,"R+"
29905,"NIO-Worker",1419328625976540,12916,"Running"
29905,"NIO-Worker",1419328625989456,16563,"S"
29905,"NIO-Worker",1419328626006019,334271,"Running"
29844,"nio-webserver-r",1419328626277321,28437,"R"
29844,"nio-webserver-r",1419328626305758,458282,"Running"
29905,"NIO-Worker",1419328626340290,417180312,"S"
29844,"nio-webserver-r",1419328626764040,42308229,"S"
29844,"nio-webserver-r",1419328669072269,14114,"R"
29844,"nio-webserver-r",1419328669086383,254636,"Running"
29844,"nio-webserver-r",1419328669341019,47864,"S"
29844,"nio-webserver-r",1419328669388883,68750,"R"
29844,"nio-webserver-r",1419328669457633,176823,"Running"
29844,"nio-webserver-r",1419328669634456,600000,"S"
29844,"nio-webserver-r",1419328670234456,25365,"R"
29844,"nio-webserver-r",1419328670259821,346667,"Running"
29908,"NIO-Worker",1419328670558415,48073,"R"
29844,"nio-webserver-r",1419328670606488,20712500,"S"
29908,"NIO-Worker",1419328670606488,347552,"Running"
29908,"NIO-Worker",1419328670954040,15537656,"S"
29908,"NIO-Worker",1419328686491696,27812,"R"
29908,"NIO-Worker",1419328686519508,557813,"Running"
29908,"NIO-Worker",1419328687077321,176406,"S"
29908,"NIO-Worker",1419328687253727,14948,"R"
29908,"NIO-Worker",1419328687268675,61615,"Running"
29908,"NIO-Worker",1419328687330290,247031,"S"
29908,"NIO-Worker",1419328687577321,14375,"R"
29908,"NIO-Worker",1419328687591696,246875,"Running"
29908,"NIO-Worker",1419328687838571,281250,"S"
29908,"NIO-Worker",1419328688119821,18125,"R"
29908,"NIO-Worker",1419328688137946,17656,"Running"
29908,"NIO-Worker",1419328688155602,72500,"S"
29908,"NIO-Worker",1419328688228102,20938,"R"
29908,"NIO-Worker",1419328688249040,45885,"Running"
29908,"NIO-Worker",1419328688294925,50833,"S"
29908,"NIO-Worker",1419328688345758,31875,"R"
29908,"NIO-Worker",1419328688377633,2560625,"Running"
29908,"NIO-Worker",1419328690938258,72188,"R+"
29908,"NIO-Worker",1419328691010446,356094,"Running"
29857,"nio-stream-prod",1419328691128727,16719,"R"
29857,"nio-stream-prod",1419328691145446,123594,"Running"
29857,"nio-stream-prod",1419328691269040,96584375,"S"
29844,"nio-webserver-r",1419328691318988,25000,"R"
29844,"nio-webserver-r",1419328691343988,342656,"Running"
29908,"NIO-Worker",1419328691366540,402841874,"S"
29844,"nio-webserver-r",1419328691686644,15677,"R+"
29844,"nio-webserver-r",1419328691702321,293854,"Running"
29844,"nio-webserver-r",1419328691996175,30933906,"S"
29844,"nio-webserver-r",1419328722930081,90521,"R"
29844,"nio-webserver-r",1419328723020602,169375,"Running"
29844,"nio-webserver-r",1419328723189977,192188,"S"
29844,"nio-webserver-r",1419328723382165,97968,"R"
29844,"nio-webserver-r",1419328723480133,222969,"Running"
29844,"nio-webserver-r",1419328723703102,257344,"S"
29844,"nio-webserver-r",1419328723960446,38437,"R"
29844,"nio-webserver-r",1419328723998883,117344,"Running"
29844,"nio-webserver-r",1419328724116227,22917,"R"
29844,"nio-webserver-r",1419328724139144,273594,"Running"
29911,"NIO-Worker",1419328724370863,40312,"R"
29911,"NIO-Worker",1419328724411175,481146,"Running"
29844,"nio-webserver-r",1419328724412738,6391250,"S"
29911,"NIO-Worker",1419328724892321,590156,"S"
29911,"NIO-Worker",1419328725482477,27188,"R"
29911,"NIO-Worker",1419328725509665,228125,"Running"
29911,"NIO-Worker",1419328725737790,15625,"S"
29911,"NIO-Worker",1419328725753415,62031,"Running"
29911,"NIO-Worker",1419328725815446,69635,"S"
29911,"NIO-Worker",1419328725885081,17813,"R"
29911,"NIO-Worker",1419328725902894,74219,"Running"
29911,"NIO-Worker",1419328725977113,37552,"S"
29911,"NIO-Worker",1419328726014665,61718,"Running"
29911,"NIO-Worker",1419328726076383,15105,"S"
29911,"NIO-Worker",1419328726091488,247083,"Running"
29911,"NIO-Worker",1419328726338571,137500,"S"
29911,"NIO-Worker",1419328726476071,18906,"R"
29911,"NIO-Worker",1419328726494977,42031,"Running"
29911,"NIO-Worker",1419328726537008,278438,"S"
29911,"NIO-Worker",1419328726815446,19062,"R"
29911,"NIO-Worker",1419328726834508,237188,"Running"
29911,"NIO-Worker",1419328727071696,364844,"S"
29911,"NIO-Worker",1419328727436540,15312,"R"
29911,"NIO-Worker",1419328727451852,25938,"Running"
29911,"NIO-Worker",1419328727477790,48750,"S"
29911,"NIO-Worker",1419328727526540,48281,"R"
29911,"NIO-Worker",1419328727574821,75625,"Running"
29911,"NIO-Worker",1419328727650446,52604,"S"
29911,"NIO-Worker",1419328727703050,27813,"R"
29911,"NIO-Worker",1419328727730863,2796458,"Running"
29911,"NIO-Worker",1419328730527321,23229,"S"
29911,"NIO-Worker",1419328730550550,118594,"R"
29911,"NIO-Worker",1419328730669144,195781,"Running"
29844,"nio-webserver-r",1419328730803988,32031,"R"
29844,"nio-webserver-r",1419328730836019,378333,"Running"
29911,"NIO-Worker",1419328730864925,418954583,"S"
29844,"nio-webserver-r",1419328731214352,46190625,"S"
29844,"nio-webserver-r",1419328777404977,34531,"R"
29844,"nio-webserver-r",1419328777439508,167292,"Running"
29844,"nio-webserver-r",1419328777606800,107240,"S"
29844,"nio-webserver-r",1419328777714040,43541,"R"
29844,"nio-webserver-r",1419328777757581,187865,"Running"
29844,"nio-webserver-r",1419328777945446,769375,"S"
29844,"nio-webserver-r",1419328778714821,68073,"R"
29844,"nio-webserver-r",1419328778782894,392031,"Running"
29913,"NIO-Worker",1419328779137321,19791,"R"
29913,"NIO-Worker",1419328779157112,392084,"Running"
29844,"nio-webserver-r",1419328779174925,8769740,"S"
29913,"NIO-Worker",1419328779549196,3606719,"S"
29913,"NIO-Worker",1419328783155915,32916,"R"
29913,"NIO-Worker",1419328783188831,485677,"Running"
29913,"NIO-Worker",1419328783674508,162969,"S"
29913,"NIO-Worker",1419328783837477,15000,"R"
29913,"NIO-Worker",1419328783852477,30313,"Running"
29913,"NIO-Worker",1419328783882790,52343,"R+"
29913,"NIO-Worker",1419328783935133,17344,"Running"
29913,"NIO-Worker",1419328783952477,160573,"S"
29913,"NIO-Worker",1419328784113050,28333,"R"
29913,"NIO-Worker",1419328784141383,220625,"Running"
29913,"NIO-Worker",1419328784362008,11563,"R+"
29913,"NIO-Worker",1419328784373571,12760,"Running"
29913,"NIO-Worker",1419328784386331,254115,"S"
29913,"NIO-Worker",1419328784640446,29219,"R"
29913,"NIO-Worker",1419328784669665,17031,"Running"
29913,"NIO-Worker",1419328784686696,99687,"R+"
29913,"NIO-Worker",1419328784786383,90469,"Running"
29913,"NIO-Worker",1419328784876852,104531,"R+"
29913,"NIO-Worker",1419328784981383,2742032,"Running"
29913,"NIO-Worker",1419328787723415,29947,"R+"
29913,"NIO-Worker",1419328787753362,247084,"Running"
29857,"nio-stream-prod",1419328787853415,12031,"R"
29857,"nio-stream-prod",1419328787865446,100416,"Running"
29844,"nio-webserver-r",1419328787944665,51250,"R"
29857,"nio-stream-prod",1419328787965862,114247969,"S"
29844,"nio-webserver-r",1419328787995915,435781,"Running"
29913,"NIO-Worker",1419328788000446,414315000,"S"
29844,"nio-webserver-r",1419328788431696,43743281,"S"
29844,"nio-webserver-r",1419328832174977,55104,"R"
29844,"nio-webserver-r",1419328832230081,97240,"Running"
29844,"nio-webserver-r",1419328832327321,259531,"S"
29844,"nio-webserver-r",1419328832586852,66094,"R"
29844,"nio-webserver-r",1419328832652946,101406,"Running"
29844,"nio-webserver-r",1419328832754352,12500,"R+"
29844,"nio-webserver-r",1419328832766852,102604,"Running"
29844,"nio-webserver-r",1419328832869456,226927,"S"
29844,"nio-webserver-r",1419328833096383,54479,"R"
29844,"nio-webserver-r",1419328833150862,284271,"Running"
29914,"NIO-Worker",1419328833402633,15104,"R"
29914,"NIO-Worker",1419328833417737,315053,"Running"
29844,"nio-webserver-r",1419328833435133,9689375,"S"
29914,"NIO-Worker",1419328833732790,3825104,"S"
29914,"NIO-Worker",1419328837557894,22708,"R"
29914,"NIO-Worker",1419328837580602,209479,"Running"
29914,"NIO-Worker",1419328837790081,150938,"S"
29914,"NIO-Worker",1419328837941019,13489,"R"
29914,"NIO-Worker",1419328837954508,453438,"Running"
29914,"NIO-Worker",1419328838407946,13281,"R+"
29914,"NIO-Worker",1419328838421227,14167,"Running"
29914,"NIO-Worker",1419328838435394,148333,"S"
29914,"NIO-Worker",1419328838583727,20000,"R"
29914,"NIO-Worker",1419328838603727,45885,"Running"
29914,"NIO-Worker",1419328838649612,315834,"S"
29914,"NIO-Worker",1419328838965446,41094,"R"
29914,"NIO-Worker",1419328839006540,259375,"Running"
29914,"NIO-Worker",1419328839265915,487968,"S"
29914,"NIO-Worker",1419328839753883,100313,"R"
29914,"NIO-Worker",1419328839854196,39062,"Running"
29914,"NIO-Worker",1419328839893258,21875,"R+"
29914,"NIO-Worker",1419328839915133,5417,"Running"
29914,"NIO-Worker",1419328839920550,27083,"S"
29914,"NIO-Worker",1419328839947633,11407,"R"
29914,"NIO-Worker",1419328839959040,60000,"Running"
29914,"NIO-Worker",1419328840019040,51093,"S"
29914,"NIO-Worker",1419328840070133,16823,"R"
29914,"NIO-Worker",1419328840086956,791406,"Running"
29914,"NIO-Worker",1419328840878362,18646,"R+"
29914,"NIO-Worker",1419328840897008,2043073,"Running"
29914,"NIO-Worker",1419328842940081,18177,"R+"
29914,"NIO-Worker",1419328842958258,5938,"Running"
29914,"NIO-Worker",1419328842964196,10937,"S"
29914,"NIO-Worker",1419328842975133,12448,"R"
29914,"NIO-Worker",1419328842987581,178646,"Running"
29844,"nio-webserver-r",1419328843124508,37761,"R"
29844,"nio-webserver-r",1419328843162269,390625,"Running"
29914,"NIO-Worker",1419328843166227,412077969,"S"
29844,"nio-webserver-r",1419328843552894,44210208,"S"
29844,"nio-webserver-r",1419328887763102,41250,"R"
29844,"nio-webserver-r",1419328887804352,151875,"Running"
29844,"nio-webserver-r",1419328887956227,168854,"S"
29844,"nio-webserver-r",1419328888125081,56250,"R"
29844,"nio-webserver-r",1419328888181331,215834,"Running"
29844,"nio-webserver-r",1419328888397165,1368906,"S"
29844,"nio-webserver-r",1419328889766071,214375,"R"
29844,"nio-webserver-r",1419328889980446,392500,"Running"
29915,"NIO-Worker",1419328890337737,35209,"R"
29844,"nio-webserver-r",1419328890372946,11952500,"S"
29915,"NIO-Worker",1419328890372946,393750,"Running"
29915,"NIO-Worker",1419328890766696,5426979,"S"
29915,"NIO-Worker",1419328896193675,19427,"R"
29915,"NIO-Worker",1419328896213102,269635,"Running"
29915,"NIO-Worker",1419328896482737,24844,"S"
29915,"NIO-Worker",1419328896507581,13594,"R"
29915,"NIO-Worker",1419328896521175,70937,"Running"
29915,"NIO-Worker",1419328896592112,20053,"S"
29915,"NIO-Worker",1419328896612165,348229,"Running"
29915,"NIO-Worker",1419328896960394,40208,"R+"
29915,"NIO-Worker",1419328897000602,17500,"Running"
29915,"NIO-Worker",1419328897018102,570938,"S"
29915,"NIO-Worker",1419328897589040,78125,"R"
29915,"NIO-Worker",1419328897667165,85937,"Running"
29915,"NIO-Worker",1419328897753102,302031,"S"
29915,"NIO-Worker",1419328898055133,162500,"R"
29915,"NIO-Worker",1419328898217633,264063,"Running"
29915,"NIO-Worker",1419328898481696,15156,"R+"
29915,"NIO-Worker",1419328898496852,10729,"Running"
29915,"NIO-Worker",1419328898507581,364115,"S"
29915,"NIO-Worker",1419328898871696,50260,"R"
29915,"NIO-Worker",1419328898921956,28281,"Running"
29915,"NIO-Worker",1419328898950237,79688,"S"
29915,"NIO-Worker",1419328899029925,16146,"R"
29915,"NIO-Worker",1419328899046071,63281,"Running"
29915,"NIO-Worker",1419328899109352,32292,"R+"
29915,"NIO-Worker",1419328899141644,18750,"Running"
29915,"NIO-Worker",1419328899160394,6250,"S"
29915,"NIO-Worker",1419328899166644,30781,"R"
29915,"NIO-Worker",1419328899197425,2832969,"Running"
29915,"NIO-Worker",1419328902030394,32708,"R+"
29915,"NIO-Worker",1419328902063102,5885,"Running"
29915,"NIO-Worker",1419328902068987,1719,"S"
29915,"NIO-Worker",1419328902070706,19740,"R"
29915,"NIO-Worker",1419328902090446,289375,"Running"
29857,"nio-stream-prod",1419328902213831,22813,"R"
29857,"nio-stream-prod",1419328902236644,105937,"Running"
29844,"nio-webserver-r",1419328902325446,41354,"R"
29857,"nio-stream-prod",1419328902342581,106895521,"S"
29844,"nio-webserver-r",1419328902366800,172240,"Running"
29915,"NIO-Worker",1419328902379821,402157500,"S"
29844,"nio-webserver-r",1419328902539040,73750,"R+"
29844,"nio-webserver-r",1419328902612790,317187,"Running"
29844,"nio-webserver-r",1419328902929977,34675104,"S"
29844,"nio-webserver-r",1419328937605081,53334,"R"
29844,"nio-webserver-r",1419328937658415,153750,"Running"
29844,"nio-webserver-r",1419328937812165,46093,"S"
29844,"nio-webserver-r",1419328937858258,44011,"R"
29844,"nio-webserver-r",1419328937902269,204271,"Running"
29844,"nio-webserver-r",1419328938106540,419531,"S"
29844,"nio-webserver-r",1419328938526071,61041,"R"
29844,"nio-webserver-r",1419328938587112,308646,"Running"
29847,"NIO-Worker",1419328938865133,30625,"R"
29844,"nio-webserver-r",1419328938895758,5992032,"S"
29847,"NIO-Worker",1419328938895758,342188,"Running"
29847,"NIO-Worker",1419328939237946,944375,"S"
29847,"NIO-Worker",1419328940182321,15885,"R"
29847,"NIO-Worker",1419328940198206,462552,"Running"
29847,"NIO-Worker",1419328940660758,133438,"S"
29847,"NIO-Worker",1419328940794196,32344,"R"
29847,"NIO-Worker",1419328940826540,36406,"Running"
29847,"NIO-Worker",1419328940862946,241250,"S"
29847,"NIO-Worker",1419328941104196,32500,"R"
29847,"NIO-Worker",1419328941136696,238750,"Running"
29847,"NIO-Worker",1419328941375446,27812,"R+"
29847,"NIO-Worker",1419328941403258,9219,"Running"
29847,"NIO-Worker",1419328941412477,241719,"S"
29847,"NIO-Worker",1419328941654196,16719,"R"
29847,"NIO-Worker",1419328941670915,15572,"Running"
29847,"NIO-Worker",1419328941686487,51771,"S"
29847,"NIO-Worker",1419328941738258,30313,"R"
29847,"NIO-Worker",1419328941768571,72031,"Running"
29847,"NIO-Worker",1419328941840602,61250,"S"
29847,"NIO-Worker",1419328941901852,39948,"R"
29847,"NIO-Worker",1419328941941800,2770625,"Running"
29847,"NIO-Worker",1419328944712425,21771,"S"
29847,"NIO-Worker",1419328944734196,15937,"R"
29847,"NIO-Worker",1419328944750133,397969,"Running"
29844,"nio-webserver-r",1419328944887790,63281,"R"
29844,"nio-webserver-r",1419328944951071,523229,"Running"
29847,"NIO-Worker",1419328945148102,415954167,"S"
29844,"nio-webserver-r",1419328945474300,46894896,"S"
29844,"nio-webserver-r",1419328992369196,13125,"R"
29844,"nio-webserver-r",1419328992382321,252135,"Running"
29844,"nio-webserver-r",1419328992634456,332240,"S"
29844,"nio-webserver-r",1419328992966696,71979,"R"
29844,"nio-webserver-r",1419328993038675,17187,"Running"
29844,"nio-webserver-r",1419328993055862,9740,"S"
29844,"nio-webserver-r",1419328993065602,17031,"R"
29844,"nio-webserver-r",1419328993082633,215000,"Running"
29844,"nio-webserver-r",1419328993297633,510781,"S"
29844,"nio-webserver-r",1419328993808414,32657,"R"
29844,"nio-webserver-r",1419328993841071,168906,"Running"
29844,"nio-webserver-r",1419328994009977,8750,"R"
29844,"nio-webserver-r",1419328994018727,281719,"Running"
29898,"NIO-Worker",1419328994179039,127188,"R"
29844,"nio-webserver-r",1419328994300446,15075729,"S"
29898,"NIO-Worker",1419328994306227,475781,"Running"
29898,"NIO-Worker",1419328994782008,8980156,"S"
29898,"NIO-Worker",1419329003762164,18750,"R"
29898,"NIO-Worker",1419329003780914,283386,"Running"
29898,"NIO-Worker",1419329004064300,5781,"S"
29898,"NIO-Worker",1419329004070081,35365,"R"
29898,"NIO-Worker",1419329004105446,396718,"Running"
29898,"NIO-Worker",1419329004502164,78855,"R+"
29898,"NIO-Worker",1419329004581019,33020,"Running"
29898,"NIO-Worker",1419329004614039,103855,"S"
29898,"NIO-Worker",1419329004717894,43020,"R"
29898,"NIO-Worker",1419329004760914,61823,"Running"
29898,"NIO-Worker",1419329004822737,165521,"R+"
29898,"NIO-Worker",1419329004988258,5938,"Running"
29898,"NIO-Worker",1419329004994196,163906,"S"
29898,"NIO-Worker",1419329005158102,12344,"R"
29898,"NIO-Worker",1419329005170446,249687,"Running"
29898,"NIO-Worker",1419329005420133,462448,"S"
29898,"NIO-Worker",1419329005882581,15938,"R"
29898,"NIO-Worker",1419329005898519,25625,"Running"
29898,"NIO-Worker",1419329005924144,63958,"S"
29898,"NIO-Worker",1419329005988102,16094,"R"
29898,"NIO-Worker",1419329006004196,25781,"Running"
29898,"NIO-Worker",1419329006029977,34375,"R"
29898,"NIO-Worker",1419329006064352,32344,"Running"
29898,"NIO-Worker",1419329006096696,52760,"R+"
29898,"NIO-Worker",1419329006149456,310990,"Running"
29898,"NIO-Worker",1419329006460446,68750,"R"
29898,"NIO-Worker",1419329006529196,2548750,"Running"
29898,"NIO-Worker",1419329009077946,11354,"R+"
29898,"NIO-Worker",1419329009089300,25052,"Running"
29898,"NIO-Worker",1419329009114352,12812,"S"
29898,"NIO-Worker",1419329009127164,289167,"Running"
29857,"nio-stream-prod",1419329009238102,35625,"R"
29857,"nio-stream-prod",1419329009273727,106094,"Running"
29844,"nio-webserver-r",1419329009376175,42083,"R"
29857,"nio-stream-prod",1419329009379821,102072031,"S"
29898,"NIO-Worker",1419329009416331,402426458,"S"
29844,"nio-webserver-r",1419329009418258,572656,"Running"
29844,"nio-webserver-r",1419329009990914,32311407,"S"
29844,"nio-webserver-r",1419329042302321,62604,"R"
29844,"nio-webserver-r",1419329042364925,113958,"Running"
29844,"nio-webserver-r",1419329042478883,140938,"S"
29844,"nio-webserver-r",1419329042619821,41666,"R"
29844,"nio-webserver-r",1419329042661487,191250,"Running"
29844,"nio-webserver-r",1419329042852737,303907,"S"
29844,"nio-webserver-r",1419329043156644,23645,"R"
29844,"nio-webserver-r",1419329043180289,69219,"Running"
29844,"nio-webserver-r",1419329043249508,56979,"R"
29844,"nio-webserver-r",1419329043306487,279532,"Running"
29905,"NIO-Worker",1419329043520602,47604,"R"
29905,"NIO-Worker",1419329043568206,927083,"Running"
29844,"nio-webserver-r",1419329043586019,5943333,"S"
29905,"NIO-Worker",1419329044495289,131875,"S"
29905,"NIO-Worker",1419329044627164,23907,"R"
29905,"NIO-Worker",1419329044651071,40573,"Running"
29905,"NIO-Worker",1419329044691644,467864,"S"
29905,"NIO-Worker",1419329045159508,26094,"R"
29905,"NIO-Worker",1419329045185602,214219,"Running"
29905,"NIO-Worker",1419329045399821,255781,"S"
29905,"NIO-Worker",1419329045655602,22187,"R"
29905,"NIO-Worker",1419329045677789,26823,"Running"
29905,"NIO-Worker",1419329045704612,68334,"S"
29905,"NIO-Worker",1419329045772946,19687,"R"
29905,"NIO-Worker",1419329045792633,65886,"Running"
29905,"NIO-Worker",1419329045858519,67031,"S"
29905,"NIO-Worker",1419329045925550,18646,"R"
29905,"NIO-Worker",1419329045944196,1274635,"Running"
29905,"NIO-Worker",1419329047218831,237708,"R"
29905,"NIO-Worker",1419329047456539,85261,"Running"
29905,"NIO-Worker",1419329047541800,13906,"R"
29905,"NIO-Worker",1419329047555706,383646,"Running"
29905,"NIO-Worker",1419329047939352,195312,"R"
29905,"NIO-Worker",1419329048134664,1135573,"Running"
29905,"NIO-Worker",1419329049270237,44584,"R+"
29905,"NIO-Worker",1419329049314821,256406,"Running"
29844,"nio-webserver-r",1419329049529352,19375,"R"
29844,"nio-webserver-r",1419329049548727,367500,"Running"
29905,"NIO-Worker",1419329049571227,413401510,"S"
29844,"nio-webserver-r",1419329049916227,43067187,"S"
29844,"nio-webserver-r",1419329092983414,57500,"R"
29844,"nio-webserver-r",1419329093040914,138073,"Running"
29844,"nio-webserver-r",1419329093178987,143334,"S"
29844,"nio-webserver-r",1419329093322321,88229,"R"
29844,"nio-webserver-r",1419329093410550,166302,"Running"
29844,"nio-webserver-r",1419329093576852,262917,"S"
29844,"nio-webserver-r",1419329093839769,48125,"R"
29844,"nio-webserver-r",1419329093887894,389114,"Running"
29908,"NIO-Worker",1419329094208414,39948,"R"
29908,"NIO-Worker",1419329094248362,46615,"Running"
29844,"nio-webserver-r",1419329094277008,43438,"R"
29908,"NIO-Worker",1419329094294977,21250,"R"
29908,"NIO-Worker",1419329094316227,250625,"Running"
29844,"nio-webserver-r",1419329094320446,22812,"Running"
29844,"nio-webserver-r",1419329094343258,17319375,"S"
29908,"NIO-Worker",1419329094566852,10884219,"S"
29908,"NIO-Worker",1419329105451071,56718,"R"
29908,"NIO-Worker",1419329105507789,16719,"Running"
29908,"NIO-Worker",1419329105524508,925729,"R"
29908,"NIO-Worker",1419329106450237,221927,"Running"
29908,"NIO-Worker",1419329106672164,1407,"S"
29908,"NIO-Worker",1419329106673571,92916,"R"
29908,"NIO-Worker",1419329106766487,278490,"Running"
29908,"NIO-Worker",1419329107044977,166823,"R+"
29908,"NIO-Worker",1419329107211800,22708,"Running"
29908,"NIO-Worker",1419329107234508,205781,"S"
29908,"NIO-Worker",1419329107440289,8386,"R"
29908,"NIO-Worker",1419329107448675,127969,"Running"
29908,"NIO-Worker",1419329107576644,10937,"R"
29908,"NIO-Worker",1419329107587581,129844,"Running"
29908,"NIO-Worker",1419329107717425,14896,"R+"
29908,"NIO-Worker",1419329107732321,13906,"Running"
29908,"NIO-Worker",1419329107746227,292812,"S"
29908,"NIO-Worker",1419329108039039,13438,"R"
29908,"NIO-Worker",1419329108052477,19219,"Running"
29908,"NIO-Worker",1419329108071696,48593,"R+"
29908,"NIO-Worker",1419329108120289,9844,"Running"
29908,"NIO-Worker",1419329108130133,4375,"S"
29908,"NIO-Worker",1419329108134508,30000,"R"
29908,"NIO-Worker",1419329108164508,52031,"Running"
29908,"NIO-Worker",1419329108216539,54532,"S"
29908,"NIO-Worker",1419329108271071,57343,"R"
29908,"NIO-Worker",1419329108328414,551980,"Running"
29908,"NIO-Worker",1419329108880394,18958,"R"
29908,"NIO-Worker",1419329108899352,151667,"Running"
29908,"NIO-Worker",1419329109051019,16614,"R"
29908,"NIO-Worker",1419329109067633,1684375,"Running"
29908,"NIO-Worker",1419329110752008,19792,"R"
29908,"NIO-Worker",1419329110771800,23594,"Running"
29908,"NIO-Worker",1419329110795394,8802,"R"
29908,"NIO-Worker",1419329110804196,491093,"Running"
29908,"NIO-Worker",1419329111295289,29219,"S"
29908,"NIO-Worker",1419329111324508,29323,"R"
29908,"NIO-Worker",1419329111353831,345677,"Running"
29857,"nio-stream-prod",1419329111451852,233073,"R"
29844,"nio-webserver-r",1419329111662633,36875,"R"
29857,"nio-stream-prod",1419329111684925,275521,"Running"
29844,"nio-webserver-r",1419329111699508,367188,"Running"
29908,"NIO-Worker",1419329111699508,403679688,"S"
29857,"nio-stream-prod",1419329111960446,62656,"S"
29857,"nio-stream-prod",1419329112023102,21510,"R"
29857,"nio-stream-prod",1419329112044612,64219,"Running"
29844,"nio-webserver-r",1419329112066696,9375,"S"
29844,"nio-webserver-r",1419329112076071,11875,"R"
29844,"nio-webserver-r",1419329112087946,192031,"Running"
29857,"nio-stream-prod",1419329112108831,109441771,"S"
29844,"nio-webserver-r",1419329112279977,36371562,"S"
29844,"nio-webserver-r",1419329148651539,44532,"R"
29844,"nio-webserver-r",1419329148696071,107968,"Running"
29844,"nio-webserver-r",1419329148804039,81355,"S"
29844,"nio-webserver-r",1419329148885394,36562,"R"
29844,"nio-webserver-r",1419329148921956,186302,"Running"
29844,"nio-webserver-r",1419329149108258,371667,"S"
29844,"nio-webserver-r",1419329149479925,33177,"R"
29844,"nio-webserver-r",1419329149513102,127031,"Running"
29844,"nio-webserver-r",1419329149640133,27813,"R"
29844,"nio-webserver-r",1419329149667946,191093,"Running"
29911,"NIO-Worker",1419329149819508,28594,"R"
29911,"NIO-Worker",1419329149848102,408073,"Running"
29844,"nio-webserver-r",1419329149859039,15877344,"S"
29911,"NIO-Worker",1419329150256175,10177083,"S"
29911,"NIO-Worker",1419329160433258,22188,"R"
29911,"NIO-Worker",1419329160455446,551562,"Running"
29911,"NIO-Worker",1419329161007008,119063,"R+"
29911,"NIO-Worker",1419329161126071,5156,"Running"
29911,"NIO-Worker",1419329161131227,11250,"S"
29911,"NIO-Worker",1419329161142477,10104,"R"
29911,"NIO-Worker",1419329161152581,54740,"Running"
29911,"NIO-Worker",1419329161207321,224062,"S"
29911,"NIO-Worker",1419329161431383,16511,"R"
29911,"NIO-Worker",1419329161447894,432552,"Running"
29911,"NIO-Worker",1419329161880446,48073,"R+"
29911,"NIO-Worker",1419329161928519,6458,"Running"
29911,"NIO-Worker",1419329161934977,196719,"S"
29911,"NIO-Worker",1419329162131696,11666,"R"
29911,"NIO-Worker",1419329162143362,20782,"Running"
29911,"NIO-Worker",1419329162164144,63645,"S"
29911,"NIO-Worker",1419329162227789,17500,"R"
29911,"NIO-Worker",1419329162245289,53594,"Running"
29911,"NIO-Worker",1419329162298883,68073,"S"
29911,"NIO-Worker",1419329162366956,17083,"R"
29911,"NIO-Worker",1419329162384039,1372761,"Running"
29911,"NIO-Worker",1419329163756800,163646,"R"
29911,"NIO-Worker",1419329163920446,144531,"Running"
29911,"NIO-Worker",1419329164064977,29792,"R"
29911,"NIO-Worker",1419329164094769,347239,"Running"
29911,"NIO-Worker",1419329164442008,34792,"R"
29911,"NIO-Worker",1419329164476800,1080208,"Running"
29911,"NIO-Worker",1419329165557008,27188,"R+"
29911,"NIO-Worker",1419329165584196,4843,"Running"
29911,"NIO-Worker",1419329165589039,19375,"S"
29911,"NIO-Worker",1419329165608414,179063,"Running"
29844,"nio-webserver-r",1419329165736383,28542,"R"
29844,"nio-webserver-r",1419329165764925,219114,"Running"
29911,"NIO-Worker",1419329165787477,404759062,"S"
29844,"nio-webserver-r",1419329165984039,57605,"R+"
29844,"nio-webserver-r",1419329166041644,203177,"Running"
29844,"nio-webserver-r",1419329166244821,34932291,"S"
29844,"nio-webserver-r",1419329201177112,19584,"R"
29844,"nio-webserver-r",1419329201196696,122187,"Running"
29844,"nio-webserver-r",1419329201318883,190104,"S"
29844,"nio-webserver-r",1419329201508987,32344,"R"
29844,"nio-webserver-r",1419329201541331,21927,"Running"
29844,"nio-webserver-r",1419329201563258,22500,"R"
29844,"nio-webserver-r",1419329201585758,196667,"Running"
29844,"nio-webserver-r",1419329201782425,183125,"S"
29844,"nio-webserver-r",1419329201965550,77031,"R"
29844,"nio-webserver-r",1419329202042581,298021,"Running"
29913,"NIO-Worker",1419329202315446,85156,"R"
29844,"nio-webserver-r",1419329202340602,12812,"R+"
29844,"nio-webserver-r",1419329202353414,47188,"Running"
29844,"nio-webserver-r",1419329202400602,19252917,"S"
29913,"NIO-Worker",1419329202400602,327812,"Running"
29913,"NIO-Worker",1419329202728414,13420417,"S"
29913,"NIO-Worker",1419329216148831,20365,"R"
29913,"NIO-Worker",1419329216169196,238385,"Running"
29913,"NIO-Worker",1419329216407581,188958,"S"
29913,"NIO-Worker",1419329216596539,28542,"R"
29913,"NIO-Worker",1419329216625081,351615,"Running"
29913,"NIO-Worker",1419329216976696,34843,"R+"
29913,"NIO-Worker",1419329217011539,4948,"Running"
29913,"NIO-Worker",1419329217016487,154740,"S"
29913,"NIO-Worker",1419329217171227,12812,"R"
29913,"NIO-Worker",1419329217184039,47657,"Running"
29913,"NIO-Worker",1419329217231696,282656,"S"
29913,"NIO-Worker",1419329217514352,23437,"R"
29913,"NIO-Worker",1419329217537789,240313,"Running"
29913,"NIO-Worker",1419329217778102,281979,"S"
29913,"NIO-Worker",1419329218060081,19896,"R"
29913,"NIO-Worker",1419329218079977,18125,"Running"
29913,"NIO-Worker",1419329218098102,49167,"S"
29913,"NIO-Worker",1419329218147269,24531,"R"
29913,"NIO-Worker",1419329218171800,52552,"Running"
29913,"NIO-Worker",1419329218224352,47187,"S"
29913,"NIO-Worker",1419329218271539,13698,"R"
29913,"NIO-Worker",1419329218285237,103021,"Running"
29913,"NIO-Worker",1419329218388258,9063,"R"
29913,"NIO-Worker",1419329218397321,3001823,"Running"
29913,"NIO-Worker",1419329221399144,45677,"R+"
29913,"NIO-Worker",1419329221444821,245260,"Running"
29857,"nio-stream-prod",1419329221550602,13437,"R"
29857,"nio-stream-prod",1419329221564039,105105,"Running"
29844,"nio-webserver-r",1419329221653519,14583,"R"
29844,"nio-webserver-r",1419329221668102,509375,"Running"
29857,"nio-stream-prod",1419329221669144,94540208,"S"
29913,"NIO-Worker",1419329221690081,401809427,"S"
29844,"nio-webserver-r",1419329222177477,31750625,"S"
29844,"nio-webserver-r",1419329253928102,49062,"R"
29844,"nio-webserver-r",1419329253977164,115417,"Running"
29844,"nio-webserver-r",1419329254092581,73490,"S"
29844,"nio-webserver-r",1419329254166071,139166,"R"
29844,"nio-webserver-r",1419329254305237,180782,"Running"
29844,"nio-webserver-r",1419329254486019,438020,"S"
29844,"nio-webserver-r",1419329254924039,36823,"R"
29844,"nio-webserver-r",1419329254960862,316302,"Running"
29914,"NIO-Worker",1419329255244196,19010,"R"
29914,"NIO-Worker",1419329255263206,159740,"Running"
29844,"nio-webserver-r",1419329255277164,5924323,"S"
29914,"NIO-Worker",1419329255422946,62916,"R"
29914,"NIO-Worker",1419329255485862,154063,"Running"
29914,"NIO-Worker",1419329255639925,815677,"S"
29914,"NIO-Worker",1419329256455602,11719,"R"
29914,"NIO-Worker",1419329256467321,33385,"Running"
29914,"NIO-Worker",1419329256500706,3646,"S"
29914,"NIO-Worker",1419329256504352,12969,"R"
29914,"NIO-Worker",1419329256517321,204843,"Running"
29914,"NIO-Worker",1419329256722164,17500,"S"
29914,"NIO-Worker",1419329256739664,8594,"Running"
29914,"NIO-Worker",1419329256748258,71563,"S"
29914,"NIO-Worker",1419329256819821,28281,"R"
29914,"NIO-Worker",1419329256848102,251094,"Running"
29914,"NIO-Worker",1419329257099196,115104,"S"
29914,"NIO-Worker",1419329257214300,14271,"R"
29914,"NIO-Worker",1419329257228571,42500,"Running"
29914,"NIO-Worker",1419329257271071,230000,"S"
29914,"NIO-Worker",1419329257501071,19479,"R"
29914,"NIO-Worker",1419329257520550,218281,"Running"
29914,"NIO-Worker",1419329257738831,249063,"S"
29914,"NIO-Worker",1419329257987894,17812,"R"
29914,"NIO-Worker",1419329258005706,23594,"Running"
29914,"NIO-Worker",1419329258029300,70364,"S"
29914,"NIO-Worker",1419329258099664,15000,"R"
29914,"NIO-Worker",1419329258114664,60938,"Running"
29914,"NIO-Worker",1419329258175602,63229,"S"
29914,"NIO-Worker",1419329258238831,25000,"R"
29914,"NIO-Worker",1419329258263831,2770000,"Running"
29914,"NIO-Worker",1419329261033831,34896,"R+"
29914,"NIO-Worker",1419329261068727,171562,"Running"
29844,"nio-webserver-r",1419329261201487,14896,"R"
29844,"nio-webserver-r",1419329261216383,331875,"Running"
29914,"NIO-Worker",1419329261240289,412333281,"S"
29844,"nio-webserver-r",1419329261548258,41762344,"S"
29844,"nio-webserver-r",1419329303310602,106406,"R"
29844,"nio-webserver-r",1419329303417008,65469,"Running"
29844,"nio-webserver-r",1419329303482477,60104,"R"
29844,"nio-webserver-r",1419329303542581,227865,"Running"
29844,"nio-webserver-r",1419329303770446,21875,"R+"
29844,"nio-webserver-r",1419329303792321,37656,"Running"
29844,"nio-webserver-r",1419329303829977,62656,"S"
29844,"nio-webserver-r",1419329303892633,17500,"Running"
29844,"nio-webserver-r",1419329303910133,2292,"S"
29844,"nio-webserver-r",1419329303912425,21302,"R"
29844,"nio-webserver-r",1419329303933727,195260,"Running"
29844,"nio-webserver-r",1419329304128987,81407,"S"
29844,"nio-webserver-r",1419329304210394,35052,"R"
29844,"nio-webserver-r",1419329304245446,331406,"Running"
29915,"NIO-Worker",1419329304537321,14687,"R"
29915,"NIO-Worker",1419329304552008,321719,"Running"
29844,"nio-webserver-r",1419329304576852,11733437,"S"
29915,"NIO-Worker",1419329304873727,32135,"R"
29915,"NIO-Worker",1419329304905862,117396,"Running"
29915,"NIO-Worker",1419329305023258,5819063,"S"
29915,"NIO-Worker",1419329310842321,20625,"R"
29915,"NIO-Worker",1419329310862946,251562,"Running"
29915,"NIO-Worker",1419329311114508,82813,"S"
29915,"NIO-Worker",1419329311197321,14791,"R"
29915,"NIO-Worker",1419329311212112,441302,"Running"
29915,"NIO-Worker",1419329311653414,53855,"R+"
29915,"NIO-Worker",1419329311707269,5677,"Running"
29915,"NIO-Worker",1419329311712946,112968,"S"
29915,"NIO-Worker",1419329311825914,18282,"R"
29915,"NIO-Worker",1419329311844196,65468,"Running"
29915,"NIO-Worker",1419329311909664,246823,"S"
29915,"NIO-Worker",1419329312156487,24375,"R"
29915,"NIO-Worker",1419329312180862,246927,"Running"
29915,"NIO-Worker",1419329312427789,307188,"S"
29915,"NIO-Worker",1419329312734977,28229,"R"
29915,"NIO-Worker",1419329312763206,25469,"Running"
29915,"NIO-Worker",1419329312788675,71875,"S"
29915,"NIO-Worker",1419329312860550,113489,"R"
29915,"NIO-Worker",1419329312974039,60469,"Running"
29915,"NIO-Worker",1419329313034508,56094,"S"
29915,"NIO-Worker",1419329313090602,17500,"R"
29915,"NIO-Worker",1419329313108102,1460729,"Running"
29915,"NIO-Worker",1419329314568831,25365,"R"
29915,"NIO-Worker",1419329314594196,168854,"Running"
29915,"NIO-Worker",1419329314763050,43906,"R"
29915,"NIO-Worker",1419329314806956,1211250,"Running"
29915,"NIO-Worker",1419329316018206,37083,"S"
29915,"NIO-Worker",1419329316055289,52969,"R"
29915,"NIO-Worker",1419329316108258,256250,"Running"
29857,"nio-stream-prod",1419329316209352,20312,"R"
29857,"nio-stream-prod",1419329316229664,97188,"Running"
29844,"nio-webserver-r",1419329316310289,44219,"R"
29857,"nio-stream-prod",1419329316326852,104307344,"S"
29844,"nio-webserver-r",1419329316354508,462448,"Running"
29915,"NIO-Worker",1419329316364508,411007500,"S"
29844,"nio-webserver-r",1419329316816956,42267813,"S"
29844,"nio-webserver-r",1419329359084769,72864,"R"
29844,"nio-webserver-r",1419329359157633,141406,"Running"
29844,"nio-webserver-r",1419329359299039,265469,"S"
29844,"nio-webserver-r",1419329359564508,40938,"R"
29844,"nio-webserver-r",1419329359605446,245260,"Running"
29844,"nio-webserver-r",1419329359850706,738802,"S"
29844,"nio-webserver-r",1419329360589508,83698,"R"
29844,"nio-webserver-r",1419329360673206,221875,"Running"
29844,"nio-webserver-r",1419329360895081,17083,"R"
29844,"nio-webserver-r",1419329360912164,230417,"Running"
29847,"NIO-Worker",1419329361102269,18020,"R"
29847,"NIO-Worker",1419329361120289,437761,"Running"
29844,"nio-webserver-r",1419329361142581,23351458,"S"
29847,"NIO-Worker",1419329361558050,17871302,"S"
29847,"NIO-Worker",1419329379429352,13750,"R"
29847,"NIO-Worker",1419329379443102,90937,"Running"
29847,"NIO-Worker",1419329379534039,15782,"S"
29847,"NIO-Worker",1419329379549821,342135,"Running"
29847,"NIO-Worker",1419329379891956,152396,"S"
29847,"NIO-Worker",1419329380044352,16250,"R"
29847,"NIO-Worker",1419329380060602,41667,"Running"
29847,"NIO-Worker",1419329380102269,226927,"S"
29847,"NIO-Worker",1419329380329196,22812,"R"
29847,"NIO-Worker",1419329380352008,30156,"Running"
29847,"NIO-Worker",1419329380382164,21563,"R"
29847,"NIO-Worker",1419329380403727,239844,"Running"
29847,"NIO-Worker",1419329380643571,334010,"S"
29847,"NIO-Worker",1419329380977581,15052,"R"
29847,"NIO-Worker",1419329380992633,32604,"Running"
29847,"NIO-Worker",1419329381025237,123959,"S"
29847,"NIO-Worker",1419329381149196,18541,"R"
29847,"NIO-Worker",1419329381167737,49375,"Running"
29847,"NIO-Worker",1419329381217112,152813,"S"
29847,"NIO-Worker",1419329381369925,98802,"R"
29847,"NIO-Worker",1419329381468727,1175312,"Running"
29847,"NIO-Worker",1419329382644039,7344,"R"
29847,"NIO-Worker",1419329382651383,1608750,"Running"
29847,"NIO-Worker",1419329384260133,38438,"S"
29847,"NIO-Worker",1419329384298571,21406,"R"
29847,"NIO-Worker",1419329384319977,212500,"Running"
29844,"nio-webserver-r",1419329384494039,12344,"R"
29844,"nio-webserver-r",1419329384506383,252813,"Running"
29847,"NIO-Worker",1419329384532477,397729791,"S"
29844,"nio-webserver-r",1419329384759196,84843,"R+"
29844,"nio-webserver-r",1419329384844039,234792,"Running"
29844,"nio-webserver-r",1419329385078831,25237552,"S"
29844,"nio-webserver-r",1419329410316383,42500,"R"
29844,"nio-webserver-r",1419329410358883,205313,"Running"
29844,"nio-webserver-r",1419329410564196,207500,"S"
29844,"nio-webserver-r",1419329410771696,52968,"R"
29844,"nio-webserver-r",1419329410824664,183125,"Running"
29844,"nio-webserver-r",1419329411007789,464948,"S"
29844,"nio-webserver-r",1419329411472737,65677,"R"
29844,"nio-webserver-r",1419329411538414,334375,"Running"
29898,"NIO-Worker",1419329411842789,14688,"R"
29898,"NIO-Worker",1419329411857477,359531,"Running"
29844,"nio-webserver-r",1419329411872789,9009063,"S"
29898,"NIO-Worker",1419329412217008,3747761,"S"
29898,"NIO-Worker",1419329415964769,18333,"R"
29898,"NIO-Worker",1419329415983102,517969,"Running"
29898,"NIO-Worker",1419329416501071,94843,"R+"
29898,"NIO-Worker",1419329416595914,4688,"Running"
29898,"NIO-Worker",1419329416600602,30312,"S"
29898,"NIO-Worker",1419329416630914,12188,"R"
29898,"NIO-Worker",1419329416643102,43906,"Running"
29898,"NIO-Worker",1419329416687008,230156,"S"
29898,"NIO-Worker",1419329416917164,11511,"R"
29898,"NIO-Worker",1419329416928675,260052,"Running"
29898,"NIO-Worker",1419329417188727,22344,"R+"
29898,"NIO-Worker",1419329417211071,7291,"Running"
29898,"NIO-Worker",1419329417218362,199532,"S"
29898,"NIO-Worker",1419329417417894,15937,"R"
29898,"NIO-Worker",1419329417433831,24427,"Running"
29898,"NIO-Worker",1419329417458258,70261,"S"
29898,"NIO-Worker",1419329417528519,20989,"R"
29898,"NIO-Worker",1419329417549508,85417,"Running"
29898,"NIO-Worker",1419329417634925,63646,"S"
29898,"NIO-Worker",1419329417698571,17343,"R"
29898,"NIO-Worker",1419329417715914,2759532,"Running"
29898,"NIO-Worker",1419329420475446,22812,"S"
29898,"NIO-Worker",1419329420498258,16875,"R"
29898,"NIO-Worker",1419329420515133,400313,"Running"
29857,"nio-stream-prod",1419329420634196,41718,"R"
29857,"nio-stream-prod",1419329420675914,85261,"Running"
29857,"nio-stream-prod",1419329420761175,105144896,"S"
29844,"nio-webserver-r",1419329420881852,10729,"R"
29844,"nio-webserver-r",1419329420892581,429427,"Running"
29898,"NIO-Worker",1419329420915446,414986874,"S"
29844,"nio-webserver-r",1419329421322008,40000156,"S"
29844,"nio-webserver-r",1419329461322164,71563,"R"
29844,"nio-webserver-r",1419329461393727,201562,"Running"
29844,"nio-webserver-r",1419329461595289,221979,"S"
29844,"nio-webserver-r",1419329461817268,46303,"R"
29844,"nio-webserver-r",1419329461863571,186510,"Running"
29844,"nio-webserver-r",1419329462050081,615312,"S"
29844,"nio-webserver-r",1419329462665393,48334,"R"
29844,"nio-webserver-r",1419329462713727,315781,"Running"
29905,"NIO-Worker",1419329462972737,34271,"R"
29905,"NIO-Worker",1419329463007008,355781,"Running"
29844,"nio-webserver-r",1419329463029508,5595938,"S"
29905,"NIO-Worker",1419329463362789,41719,"S"
29905,"NIO-Worker",1419329463404508,32917,"R"
29905,"NIO-Worker",1419329463437425,238750,"Running"
29905,"NIO-Worker",1419329463676175,40521,"R"
29905,"NIO-Worker",1419329463716696,45937,"Running"
29905,"NIO-Worker",1419329463762633,43750,"R"
29905,"NIO-Worker",1419329463806383,186094,"Running"
29905,"NIO-Worker",1419329463992477,184687,"S"
29905,"NIO-Worker",1419329464177164,55625,"R"
29905,"NIO-Worker",1419329464232789,54948,"Running"
29905,"NIO-Worker",1419329464287737,661927,"S"
29905,"NIO-Worker",1419329464949664,21719,"R"
29905,"NIO-Worker",1419329464971383,202969,"Running"
29905,"NIO-Worker",1419329465174352,111562,"R+"
29905,"NIO-Worker",1419329465285914,5261,"Running"
29905,"NIO-Worker",1419329465291175,132656,"S"
29905,"NIO-Worker",1419329465423831,19115,"R"
29905,"NIO-Worker",1419329465442946,21562,"Running"
29905,"NIO-Worker",1419329465464508,51406,"S"
29905,"NIO-Worker",1419329465515914,22344,"R"
29905,"NIO-Worker",1419329465538258,39063,"Running"
29905,"NIO-Worker",1419329465577321,58593,"S"
29905,"NIO-Worker",1419329465635914,31875,"R"
29905,"NIO-Worker",1419329465667789,2761719,"Running"
29905,"NIO-Worker",1419329468429508,24219,"S"
29905,"NIO-Worker",1419329468453727,28125,"R"
29905,"NIO-Worker",1419329468481852,194010,"Running"
29844,"nio-webserver-r",1419329468625446,20781,"R"
29844,"nio-webserver-r",1419329468646227,242812,"Running"
29905,"NIO-Worker",1419329468675862,421833958,"S"
29844,"nio-webserver-r",1419329468889039,6094,"R+"
29844,"nio-webserver-r",1419329468895133,161354,"Running"
29844,"nio-webserver-r",1419329469056487,44306771,"S"
29844,"nio-webserver-r",1419329513363258,38594,"R"
29844,"nio-webserver-r",1419329513401852,151041,"Running"
29844,"nio-webserver-r",1419329513552893,113178,"S"
29844,"nio-webserver-r",1419329513666071,72343,"R"
29844,"nio-webserver-r",1419329513738414,204948,"Running"
29844,"nio-webserver-r",1419329513943362,1076615,"S"
29844,"nio-webserver-r",1419329515019977,47812,"R"
29844,"nio-webserver-r",1419329515067789,353125,"Running"
29908,"NIO-Worker",1419329515379196,30625,"R"
29908,"NIO-Worker",1419329515409821,336562,"Running"
29844,"nio-webserver-r",1419329515420914,10580782,"S"
29908,"NIO-Worker",1419329515746383,5268906,"S"
29908,"NIO-Worker",1419329521015289,19532,"R"
29908,"NIO-Worker",1419329521034821,461041,"Running"
29908,"NIO-Worker",1419329521495862,160052,"S"
29908,"NIO-Worker",1419329521655914,20573,"R"
29908,"NIO-Worker",1419329521676487,42188,"Running"
29908,"NIO-Worker",1419329521718675,226146,"S"
29908,"NIO-Worker",1419329521944821,20156,"R"
29908,"NIO-Worker",1419329521964977,230729,"Running"
29908,"NIO-Worker",1419329522195706,43802,"R+"
29908,"NIO-Worker",1419329522239508,6042,"Running"
29908,"NIO-Worker",1419329522245550,247239,"S"
29908,"NIO-Worker",1419329522492789,12917,"R"
29908,"NIO-Worker",1419329522505706,18177,"Running"
29908,"NIO-Worker",1419329522523883,42813,"S"
29908,"NIO-Worker",1419329522566696,16510,"R"
29908,"NIO-Worker",1419329522583206,49375,"Running"
29908,"NIO-Worker",1419329522632581,42031,"S"
29908,"NIO-Worker",1419329522674612,15781,"R"
29908,"NIO-Worker",1419329522690393,190990,"Running"
29908,"NIO-Worker",1419329522881383,217135,"R+"
29908,"NIO-Worker",1419329523098518,2641303,"Running"
29908,"NIO-Worker",1419329525739821,29687,"S"
29908,"NIO-Worker",1419329525769508,17969,"R"
29908,"NIO-Worker",1419329525787477,250156,"Running"
29857,"nio-stream-prod",1419329525906071,16562,"R"
29857,"nio-stream-prod",1419329525922633,90625,"Running"
29844,"nio-webserver-r",1419329526001696,16093,"R"
29857,"nio-stream-prod",1419329526013258,116547500,"S"
29844,"nio-webserver-r",1419329526017789,471563,"Running"
29908,"NIO-Worker",1419329526037633,415471667,"S"
29844,"nio-webserver-r",1419329526489352,42680000,"S"
29844,"nio-webserver-r",1419329569169352,51666,"R"
29844,"nio-webserver-r",1419329569221018,119896,"Running"
29844,"nio-webserver-r",1419329569340914,234532,"S"
29844,"nio-webserver-r",1419329569575446,89531,"R"
29844,"nio-webserver-r",1419329569664977,235312,"Running"
29844,"nio-webserver-r",1419329569900289,303282,"S"
29844,"nio-webserver-r",1419329570203571,39687,"R"
29844,"nio-webserver-r",1419329570243258,336823,"Running"
29911,"NIO-Worker",1419329570546539,16250,"R"
29911,"NIO-Worker",1419329570562789,344792,"Running"
29844,"nio-webserver-r",1419329570580081,7272865,"S"
29911,"NIO-Worker",1419329570907581,2054115,"S"
29911,"NIO-Worker",1419329572961696,28281,"R"
29911,"NIO-Worker",1419329572989977,576250,"Running"
29911,"NIO-Worker",1419329573566227,138437,"S"
29911,"NIO-Worker",1419329573704664,17188,"R"
29911,"NIO-Worker",1419329573721852,24687,"Running"
29911,"NIO-Worker",1419329573746539,21563,"R+"
29911,"NIO-Worker",1419329573768102,10729,"Running"
29911,"NIO-Worker",1419329573778831,184271,"S"
29911,"NIO-Worker",1419329573963102,46198,"R"
29911,"NIO-Worker",1419329574009300,242083,"Running"
29911,"NIO-Worker",1419329574251383,229844,"S"
29911,"NIO-Worker",1419329574481227,21562,"R"
29911,"NIO-Worker",1419329574502789,65313,"Running"
29911,"NIO-Worker",1419329574568102,77187,"S"
29911,"NIO-Worker",1419329574645289,61719,"R"
29911,"NIO-Worker",1419329574707008,56094,"Running"
29911,"NIO-Worker",1419329574763102,68281,"S"
29911,"NIO-Worker",1419329574831383,33438,"R"
29911,"NIO-Worker",1419329574864821,2789218,"Running"
29911,"NIO-Worker",1419329577654039,24532,"S"
29911,"NIO-Worker",1419329577678571,49322,"R"
29911,"NIO-Worker",1419329577727893,184584,"Running"
29844,"nio-webserver-r",1419329577852946,36510,"R"
29844,"nio-webserver-r",1419329577889456,371719,"Running"
29911,"NIO-Worker",1419329577912477,418586666,"S"
29844,"nio-webserver-r",1419329578261175,43322552,"S"
29844,"nio-webserver-r",1419329621583727,40260,"R"
29844,"nio-webserver-r",1419329621623987,130521,"Running"
29844,"nio-webserver-r",1419329621754508,81979,"S"
29844,"nio-webserver-r",1419329621836487,78177,"R"
29844,"nio-webserver-r",1419329621914664,233386,"Running"
29844,"nio-webserver-r",1419329622148050,977708,"S"
29844,"nio-webserver-r",1419329623125758,62031,"R"
29844,"nio-webserver-r",1419329623187789,354636,"Running"
29913,"NIO-Worker",1419329623499508,20313,"R"
29913,"NIO-Worker",1419329623519821,350781,"Running"
29844,"nio-webserver-r",1419329623542425,19128489,"S"
29913,"NIO-Worker",1419329623870602,12752344,"S"
29913,"NIO-Worker",1419329636622946,83541,"R"
29913,"NIO-Worker",1419329636706487,490469,"Running"
29913,"NIO-Worker",1419329637196956,87865,"R+"
29913,"NIO-Worker",1419329637284821,5781,"Running"
29913,"NIO-Worker",1419329637290602,85729,"S"
29913,"NIO-Worker",1419329637376331,19115,"R"
29913,"NIO-Worker",1419329637395446,47760,"Running"
29913,"NIO-Worker",1419329637443206,248802,"S"
29913,"NIO-Worker",1419329637692008,60156,"R"
29913,"NIO-Worker",1419329637752164,227344,"Running"
29913,"NIO-Worker",1419329637979508,230938,"S"
29913,"NIO-Worker",1419329638210446,30937,"R"
29913,"NIO-Worker",1419329638241383,21875,"Running"
29913,"NIO-Worker",1419329638263258,37031,"S"
29913,"NIO-Worker",1419329638300289,27813,"R"
29913,"NIO-Worker",1419329638328102,70156,"Running"
29913,"NIO-Worker",1419329638398258,67604,"S"
29913,"NIO-Worker",1419329638465862,15469,"R"
29913,"NIO-Worker",1419329638481331,3916250,"Running"
29913,"NIO-Worker",1419329642397581,44375,"R+"
29913,"NIO-Worker",1419329642441956,274740,"Running"
29857,"nio-stream-prod",1419329642560758,20313,"R"
29857,"nio-stream-prod",1419329642581071,124635,"Running"
29844,"nio-webserver-r",1419329642670914,23125,"R"
29844,"nio-webserver-r",1419329642694039,568750,"Running"
29857,"nio-stream-prod",1419329642705706,91284114,"S"
29913,"NIO-Worker",1419329642716696,406772343,"S"
29844,"nio-webserver-r",1419329643262789,28674531,"S"
29844,"nio-webserver-r",1419329671937320,56250,"R"
29844,"nio-webserver-r",1419329671993570,53855,"Running"
29844,"nio-webserver-r",1419329672047425,32552,"R"
29844,"nio-webserver-r",1419329672079977,78281,"Running"
29844,"nio-webserver-r",1419329672158258,172292,"S"
29844,"nio-webserver-r",1419329672330550,31145,"R"
29844,"nio-webserver-r",1419329672361695,4844,"Running"
29844,"nio-webserver-r",1419329672366539,83594,"S"
29844,"nio-webserver-r",1419329672450133,49948,"R"
29844,"nio-webserver-r",1419329672500081,195052,"Running"
29844,"nio-webserver-r",1419329672695133,520729,"S"
29844,"nio-webserver-r",1419329673215862,14375,"R"
29844,"nio-webserver-r",1419329673230237,106875,"Running"
29844,"nio-webserver-r",1419329673337112,46458,"R"
29844,"nio-webserver-r",1419329673383570,224011,"Running"
29914,"NIO-Worker",1419329673573570,11250,"R"
29914,"NIO-Worker",1419329673584820,296407,"Running"
29844,"nio-webserver-r",1419329673607581,9337969,"S"
29914,"NIO-Worker",1419329673881227,3723125,"S"
29914,"NIO-Worker",1419329677604352,18750,"R"
29914,"NIO-Worker",1419329677623102,199843,"Running"
29914,"NIO-Worker",1419329677822945,26250,"S"
29914,"NIO-Worker",1419329677849195,407813,"Running"
29914,"NIO-Worker",1419329678257008,127656,"S"
29914,"NIO-Worker",1419329678384664,17292,"R"
29914,"NIO-Worker",1419329678401956,55052,"Running"
29914,"NIO-Worker",1419329678457008,264062,"S"
29914,"NIO-Worker",1419329678721070,83282,"R"
29914,"NIO-Worker",1419329678804352,198229,"Running"
29914,"NIO-Worker",1419329679002581,259271,"S"
29914,"NIO-Worker",1419329679261852,29531,"R"
29914,"NIO-Worker",1419329679291383,35885,"Running"
29914,"NIO-Worker",1419329679327268,59896,"S"
29914,"NIO-Worker",1419329679387164,34688,"R"
29914,"NIO-Worker",1419329679421852,57135,"Running"
29914,"NIO-Worker",1419329679478987,69688,"S"
29914,"NIO-Worker",1419329679548675,37239,"R"
29914,"NIO-Worker",1419329679585914,896042,"Running"
29914,"NIO-Worker",1419329680481956,31875,"R"
29914,"NIO-Worker",1419329680513831,139062,"Running"
29914,"NIO-Worker",1419329680652893,17396,"R"
29914,"NIO-Worker",1419329680670289,220469,"Running"
29914,"NIO-Worker",1419329680890758,69844,"R"
29914,"NIO-Worker",1419329680960602,314479,"Running"
29914,"NIO-Worker",1419329681275081,233646,"R"
29914,"NIO-Worker",1419329681508727,1253437,"Running"
29914,"NIO-Worker",1419329682762164,25156,"S"
29914,"NIO-Worker",1419329682787320,24688,"R"
29914,"NIO-Worker",1419329682812008,168854,"Running"
29844,"nio-webserver-r",1419329682945550,14427,"R"
29844,"nio-webserver-r",1419329682959977,373073,"Running"
29914,"NIO-Worker",1419329682980862,419698437,"S"
29844,"nio-webserver-r",1419329683333050,42484895,"S"
29844,"nio-webserver-r",1419329725817945,39167,"R"
29844,"nio-webserver-r",1419329725857112,291458,"Running"
29844,"nio-webserver-r",1419329726148570,18282,"S"
29844,"nio-webserver-r",1419329726166852,50729,"R"
29844,"nio-webserver-r",1419329726217581,220781,"Running"
29844,"nio-webserver-r",1419329726438362,528021,"S"
29844,"nio-webserver-r",1419329726966383,61510,"R"
29844,"nio-webserver-r",1419329727027893,392240,"Running"
29915,"NIO-Worker",1419329727372008,21562,"R"
29915,"NIO-Worker",1419329727393570,408282,"Running"
29844,"nio-webserver-r",1419329727420133,6659531,"S"
29915,"NIO-Worker",1419329727801852,1157135,"S"
29915,"NIO-Worker",1419329728958987,14271,"R"
29915,"NIO-Worker",1419329728973258,209375,"Running"
29915,"NIO-Worker",1419329729182633,18594,"S"
29915,"NIO-Worker",1419329729201227,14948,"R"
29915,"NIO-Worker",1419329729216175,33177,"Running"
29915,"NIO-Worker",1419329729249352,24531,"S"
29915,"NIO-Worker",1419329729273883,294062,"Running"
29915,"NIO-Worker",1419329729567945,168698,"S"
29915,"NIO-Worker",1419329729736643,17813,"R"
29915,"NIO-Worker",1419329729754456,38281,"Running"
29915,"NIO-Worker",1419329729792737,238021,"S"
29915,"NIO-Worker",1419329730030758,16823,"R"
29915,"NIO-Worker",1419329730047581,253646,"Running"
29915,"NIO-Worker",1419329730301227,348281,"S"
29915,"NIO-Worker",1419329730649508,17448,"R"
29915,"NIO-Worker",1419329730666956,23437,"Running"
29915,"NIO-Worker",1419329730690393,71771,"S"
29915,"NIO-Worker",1419329730762164,13281,"R"
29915,"NIO-Worker",1419329730775445,50469,"Running"
29915,"NIO-Worker",1419329730825914,58906,"R+"
29915,"NIO-Worker",1419329730884820,603438,"Running"
29915,"NIO-Worker",1419329731488258,75312,"R"
29915,"NIO-Worker",1419329731563570,2272657,"Running"
29915,"NIO-Worker",1419329733836227,41562,"R+"
29915,"NIO-Worker",1419329733877789,237917,"Running"
29857,"nio-stream-prod",1419329733989820,12969,"R"
29857,"nio-stream-prod",1419329734002789,94219,"Running"
29844,"nio-webserver-r",1419329734079664,16875,"R"
29844,"nio-webserver-r",1419329734096539,447761,"Running"
29857,"nio-stream-prod",1419329734097008,115783125,"S"
29915,"NIO-Worker",1419329734115706,419965833,"S"
29844,"nio-webserver-r",1419329734544300,46183958,"S"
29844,"nio-webserver-r",1419329780728258,57656,"R"
29844,"nio-webserver-r",1419329780785914,109375,"Running"
29844,"nio-webserver-r",1419329780895289,22292,"R+"
29844,"nio-webserver-r",1419329780917581,35208,"Running"
29844,"nio-webserver-r",1419329780952789,122031,"S"
29844,"nio-webserver-r",1419329781074820,48125,"R"
29844,"nio-webserver-r",1419329781122945,45313,"Running"
29844,"nio-webserver-r",1419329781168258,258281,"R"
29844,"nio-webserver-r",1419329781426539,172188,"Running"
29844,"nio-webserver-r",1419329781598727,355260,"S"
29844,"nio-webserver-r",1419329781953987,47552,"R"
29844,"nio-webserver-r",1419329782001539,299011,"Running"
29847,"NIO-Worker",1419329782262268,24584,"R"
29847,"NIO-Worker",1419329782286852,615156,"Running"
29844,"nio-webserver-r",1419329782300550,4975208,"S"
29847,"NIO-Worker",1419329782902008,1094,"S"
29847,"NIO-Worker",1419329782903102,19218,"R"
29847,"NIO-Worker",1419329782922320,274375,"Running"
29847,"NIO-Worker",1419329783196695,172917,"R+"
29847,"NIO-Worker",1419329783369612,24063,"Running"
29847,"NIO-Worker",1419329783393675,78489,"R+"
29847,"NIO-Worker",1419329783472164,4375,"Running"
29847,"NIO-Worker",1419329783476539,138229,"S"
29847,"NIO-Worker",1419329783614768,12396,"R"
29847,"NIO-Worker",1419329783627164,268073,"Running"
29847,"NIO-Worker",1419329783895237,234375,"S"
29847,"NIO-Worker",1419329784129612,12396,"R"
29847,"NIO-Worker",1419329784142008,16250,"Running"
29847,"NIO-Worker",1419329784158258,76562,"R+"
29847,"NIO-Worker",1419329784234820,38230,"Running"
29847,"NIO-Worker",1419329784273050,51458,"S"
29847,"NIO-Worker",1419329784324508,15260,"R"
29847,"NIO-Worker",1419329784339768,2761459,"Running"
29847,"NIO-Worker",1419329787101227,29687,"S"
29847,"NIO-Worker",1419329787130914,16250,"R"
29847,"NIO-Worker",1419329787147164,163542,"Running"
29844,"nio-webserver-r",1419329787275758,14687,"R"
29844,"nio-webserver-r",1419329787290445,299063,"Running"
29847,"NIO-Worker",1419329787310706,418594062,"S"
29844,"nio-webserver-r",1419329787589508,47097969,"S"
29844,"nio-webserver-r",1419329834687477,39062,"R"
29844,"nio-webserver-r",1419329834726539,270781,"Running"
29844,"nio-webserver-r",1419329834997320,14844,"S"
29844,"nio-webserver-r",1419329835012164,70729,"R"
29844,"nio-webserver-r",1419329835082893,222396,"Running"
29844,"nio-webserver-r",1419329835305289,269063,"S"
29844,"nio-webserver-r",1419329835574352,42760,"R"
29844,"nio-webserver-r",1419329835617112,351771,"Running"
29898,"NIO-Worker",1419329835902320,53542,"R"
29898,"NIO-Worker",1419329835955862,353802,"Running"
29844,"nio-webserver-r",1419329835968883,14120104,"S"
29898,"NIO-Worker",1419329836309664,7732188,"S"
29898,"NIO-Worker",1419329844041852,18073,"R"
29898,"NIO-Worker",1419329844059925,206562,"Running"
29898,"NIO-Worker",1419329844266487,151146,"S"
29898,"NIO-Worker",1419329844417633,15000,"R"
29898,"NIO-Worker",1419329844432633,534375,"Running"
29898,"NIO-Worker",1419329844967008,172135,"S"
29898,"NIO-Worker",1419329845139143,19115,"R"
29898,"NIO-Worker",1419329845158258,39531,"Running"
29898,"NIO-Worker",1419329845197789,238229,"S"
29898,"NIO-Worker",1419329845436018,47709,"R"
29898,"NIO-Worker",1419329845483727,224323,"Running"
29898,"NIO-Worker",1419329845708050,262083,"S"
29898,"NIO-Worker",1419329845970133,21510,"R"
29898,"NIO-Worker",1419329845991643,34271,"Running"
29898,"NIO-Worker",1419329846025914,71094,"S"
29898,"NIO-Worker",1419329846097008,15417,"R"
29898,"NIO-Worker",1419329846112425,61145,"Running"
29898,"NIO-Worker",1419329846173570,72136,"S"
29898,"NIO-Worker",1419329846245706,15000,"R"
29898,"NIO-Worker",1419329846260706,872396,"Running"
29898,"NIO-Worker",1419329847133102,105885,"R"
29898,"NIO-Worker",1419329847238987,20052,"Running"
29898,"NIO-Worker",1419329847259039,76667,"R"
29898,"NIO-Worker",1419329847335706,456406,"Running"
29898,"NIO-Worker",1419329847792112,153281,"R"
29898,"NIO-Worker",1419329847945393,1101615,"Running"
29898,"NIO-Worker",1419329849047008,69062,"R"
29898,"NIO-Worker",1419329849116070,535157,"Running"
29898,"NIO-Worker",1419329849651227,35000,"S"
29898,"NIO-Worker",1419329849686227,76875,"R"
29898,"NIO-Worker",1419329849763102,360468,"Running"
29857,"nio-stream-prod",1419329849880133,32917,"R"
29857,"nio-stream-prod",1419329849913050,117812,"Running"
29857,"nio-stream-prod",1419329850030862,100236875,"S"
29844,"nio-webserver-r",1419329850088987,11771,"R"
29844,"nio-webserver-r",1419329850100758,476042,"Running"
29898,"NIO-Worker",1419329850123570,410074636,"S"
29844,"nio-webserver-r",1419329850576800,37822552,"S"
29844,"nio-webserver-r",1419329888399352,47187,"R"
29844,"nio-webserver-r",1419329888446539,305781,"Running"
29844,"nio-webserver-r",1419329888752320,193230,"R+"
29844,"nio-webserver-r",1419329888945550,100989,"Running"
29844,"nio-webserver-r",1419329889046539,160625,"S"
29844,"nio-webserver-r",1419329889207164,10729,"R"
29844,"nio-webserver-r",1419329889217893,4896,"Running"
29844,"nio-webserver-r",1419329889222789,17500,"S"
29844,"nio-webserver-r",1419329889240289,18542,"R"
29844,"nio-webserver-r",1419329889258831,32083,"Running"
29844,"nio-webserver-r",1419329889290914,38750,"R"
29844,"nio-webserver-r",1419329889329664,200781,"Running"
29844,"nio-webserver-r",1419329889530445,518438,"S"
29844,"nio-webserver-r",1419329890048883,123125,"R"
29844,"nio-webserver-r",1419329890172008,378385,"Running"
29905,"NIO-Worker",1419329890509820,40573,"R"
29844,"nio-webserver-r",1419329890550393,13592552,"S"
29905,"NIO-Worker",1419329890550393,326146,"Running"
29905,"NIO-Worker",1419329890876539,7771094,"S"
29905,"NIO-Worker",1419329898647633,16198,"R"
29905,"NIO-Worker",1419329898663831,218958,"Running"
29905,"NIO-Worker",1419329898882789,18750,"S"
29905,"NIO-Worker",1419329898901539,299636,"Running"
29905,"NIO-Worker",1419329899201175,6458,"R"
29905,"NIO-Worker",1419329899207633,105937,"Running"
29905,"NIO-Worker",1419329899313570,153594,"S"
29905,"NIO-Worker",1419329899467164,103125,"R"
29905,"NIO-Worker",1419329899570289,81250,"Running"
29905,"NIO-Worker",1419329899651539,153125,"R+"
29905,"NIO-Worker",1419329899804664,11823,"Running"
29905,"NIO-Worker",1419329899816487,163646,"S"
29905,"NIO-Worker",1419329899980133,60312,"R"
29905,"NIO-Worker",1419329900040445,252917,"Running"
29905,"NIO-Worker",1419329900293362,360156,"S"
29905,"NIO-Worker",1419329900653518,10521,"R"
29905,"NIO-Worker",1419329900664039,15886,"Running"
29905,"NIO-Worker",1419329900679925,51250,"S"
29905,"NIO-Worker",1419329900731175,15208,"R"
29905,"NIO-Worker",1419329900746383,52917,"Running"
29905,"NIO-Worker",1419329900799300,86145,"S"
29905,"NIO-Worker",1419329900885445,16042,"R"
29905,"NIO-Worker",1419329900901487,3027240,"Running"
29905,"NIO-Worker",1419329903928727,32656,"S"
29905,"NIO-Worker",1419329903961383,21250,"R"
29905,"NIO-Worker",1419329903982633,202292,"Running"
29844,"nio-webserver-r",1419329904142945,43386,"R"
29905,"NIO-Worker",1419329904184925,410145676,"S"
29844,"nio-webserver-r",1419329904186331,571302,"Running"
29844,"nio-webserver-r",1419329904757633,35397135,"S"
29844,"nio-webserver-r",1419329940154768,41927,"R"
29844,"nio-webserver-r",1419329940196695,133282,"Running"
29844,"nio-webserver-r",1419329940329977,115000,"S"
29844,"nio-webserver-r",1419329940444977,39687,"R"
29844,"nio-webserver-r",1419329940484664,190000,"Running"
29844,"nio-webserver-r",1419329940674664,476719,"S"
29844,"nio-webserver-r",1419329941151383,34167,"R"
29844,"nio-webserver-r",1419329941185550,80937,"Running"
29844,"nio-webserver-r",1419329941266487,25365,"R+"
29844,"nio-webserver-r",1419329941291852,260000,"Running"
29908,"NIO-Worker",1419329941509300,36770,"R"
29908,"NIO-Worker",1419329941546070,358750,"Running"
29844,"nio-webserver-r",1419329941551852,8817968,"S"
29908,"NIO-Worker",1419329941904820,3621875,"S"
29908,"NIO-Worker",1419329945526695,13698,"R"
29908,"NIO-Worker",1419329945540393,547188,"Running"
29908,"NIO-Worker",1419329946087581,127969,"S"
29908,"NIO-Worker",1419329946215550,16302,"R"
29908,"NIO-Worker",1419329946231852,41093,"Running"
29908,"NIO-Worker",1419329946272945,212813,"S"
29908,"NIO-Worker",1419329946485758,15000,"R"
29908,"NIO-Worker",1419329946500758,219375,"Running"
29908,"NIO-Worker",1419329946720133,274531,"S"
29908,"NIO-Worker",1419329946994664,15313,"R"
29908,"NIO-Worker",1419329947009977,20000,"Running"
29908,"NIO-Worker",1419329947029977,56875,"R+"
29908,"NIO-Worker",1419329947086852,62968,"Running"
29908,"NIO-Worker",1419329947149820,57500,"R+"
29908,"NIO-Worker",1419329947207320,368594,"Running"
29908,"NIO-Worker",1419329947575914,23906,"R"
29908,"NIO-Worker",1419329947599820,169844,"Running"
29908,"NIO-Worker",1419329947769664,67031,"R"
29908,"NIO-Worker",1419329947836695,2299480,"Running"
29908,"NIO-Worker",1419329950136175,39218,"R+"
29908,"NIO-Worker",1419329950175393,248490,"Running"
29857,"nio-stream-prod",1419329950267737,38594,"R"
29857,"nio-stream-prod",1419329950306331,91875,"Running"
29844,"nio-webserver-r",1419329950369820,16094,"R"
29844,"nio-webserver-r",1419329950385914,468386,"Running"
29857,"nio-stream-prod",1419329950398206,111665052,"S"
29908,"NIO-Worker",1419329950423883,415772604,"S"
29844,"nio-webserver-r",1419329950854300,44294739,"S"
29844,"nio-webserver-r",1419329995149039,60261,"R"
29844,"nio-webserver-r",1419329995209300,19114,"Running"
29844,"nio-webserver-r",1419329995228414,32656,"R"
29844,"nio-webserver-r",1419329995261070,129688,"Running"
29844,"nio-webserver-r",1419329995390758,69323,"S"
29844,"nio-webserver-r",1419329995460081,35833,"R"
29844,"nio-webserver-r",1419329995495914,249479,"Running"
29844,"nio-webserver-r",1419329995745393,436615,"S"
29844,"nio-webserver-r",1419329996182008,53281,"R"
29844,"nio-webserver-r",1419329996235289,318542,"Running"
29911,"NIO-Worker",1419329996499143,24115,"R"
29911,"NIO-Worker",1419329996523258,390156,"Running"
29844,"nio-webserver-r",1419329996553831,10527656,"S"
29911,"NIO-Worker",1419329996913414,70625,"R"
29911,"NIO-Worker",1419329996984039,116094,"Running"
29911,"NIO-Worker",1419329997100133,43906,"R+"
29911,"NIO-Worker",1419329997144039,8125,"Running"
29911,"NIO-Worker",1419329997152164,4137448,"S"
29911,"NIO-Worker",1419330001289612,14688,"R"
29911,"NIO-Worker",1419330001304300,612812,"Running"
29911,"NIO-Worker",1419330001917112,190990,"S"
29911,"NIO-Worker",1419330002108102,16250,"R"
29911,"NIO-Worker",1419330002124352,40312,"Running"
29911,"NIO-Worker",1419330002164664,244688,"S"
29911,"NIO-Worker",1419330002409352,31198,"R"
29911,"NIO-Worker",1419330002440550,233333,"Running"
29911,"NIO-Worker",1419330002673883,247917,"S"
29911,"NIO-Worker",1419330002921800,48593,"R"
29911,"NIO-Worker",1419330002970393,35000,"Running"
29911,"NIO-Worker",1419330003005393,47500,"S"
29911,"NIO-Worker",1419330003052893,123021,"R"
29911,"NIO-Worker",1419330003175914,149844,"Running"
29911,"NIO-Worker",1419330003325758,104479,"R+"
29911,"NIO-Worker",1419330003430237,10365,"Running"
29911,"NIO-Worker",1419330003440602,11875,"S"
29911,"NIO-Worker",1419330003452477,65573,"R"
29911,"NIO-Worker",1419330003518050,1666145,"Running"
29911,"NIO-Worker",1419330005184195,13125,"R"
29911,"NIO-Worker",1419330005197320,54636,"Running"
29911,"NIO-Worker",1419330005251956,130364,"R"
29911,"NIO-Worker",1419330005382320,230886,"Running"
29911,"NIO-Worker",1419330005613206,25052,"R"
29911,"NIO-Worker",1419330005638258,388854,"Running"
29911,"NIO-Worker",1419330006027112,121094,"R"
29911,"NIO-Worker",1419330006148206,23750,"Running"
29911,"NIO-Worker",1419330006171956,108281,"R"
29911,"NIO-Worker",1419330006280237,608021,"Running"
29911,"NIO-Worker",1419330006888258,52812,"R+"
29911,"NIO-Worker",1419330006941070,200313,"Running"
29844,"nio-webserver-r",1419330007081487,59896,"R"
29844,"nio-webserver-r",1419330007141383,400573,"Running"
29911,"NIO-Worker",1419330007141383,409562187,"S"
29844,"nio-webserver-r",1419330007541956,40501614,"S"
29844,"nio-webserver-r",1419330048043570,41563,"R"
29844,"nio-webserver-r",1419330048085133,118229,"Running"
29844,"nio-webserver-r",1419330048203362,139583,"S"
29844,"nio-webserver-r",1419330048342945,32032,"R"
29844,"nio-webserver-r",1419330048374977,9791,"Running"
29844,"nio-webserver-r",1419330048384768,63438,"S"
29844,"nio-webserver-r",1419330048448206,33021,"R"
29844,"nio-webserver-r",1419330048481227,184375,"Running"
29844,"nio-webserver-r",1419330048665602,510937,"S"
29844,"nio-webserver-r",1419330049176539,47813,"R"
29844,"nio-webserver-r",1419330049224352,300573,"Running"
29913,"NIO-Worker",1419330049489039,32761,"R"
29913,"NIO-Worker",1419330049521800,339427,"Running"
29844,"nio-webserver-r",1419330049524925,12627083,"S"
29913,"NIO-Worker",1419330049861227,7156562,"S"
29913,"NIO-Worker",1419330057017789,16250,"R"
29913,"NIO-Worker",1419330057034039,216354,"Running"
29913,"NIO-Worker",1419330057250393,194427,"S"
29913,"NIO-Worker",1419330057444820,25313,"R"
29913,"NIO-Worker",1419330057470133,37448,"Running"
29913,"NIO-Worker",1419330057507581,18177,"S"
29913,"NIO-Worker",1419330057525758,276875,"Running"
29913,"NIO-Worker",1419330057802633,179948,"S"
29913,"NIO-Worker",1419330057982581,55521,"R"
29913,"NIO-Worker",1419330058038102,47812,"Running"
29913,"NIO-Worker",1419330058085914,237136,"S"
29913,"NIO-Worker",1419330058323050,17968,"R"
29913,"NIO-Worker",1419330058341018,236459,"Running"
29913,"NIO-Worker",1419330058577477,62604,"R+"
29913,"NIO-Worker",1419330058640081,5052,"Running"
29913,"NIO-Worker",1419330058645133,167292,"S"
29913,"NIO-Worker",1419330058812425,18645,"R"
29913,"NIO-Worker",1419330058831070,49688,"Running"
29913,"NIO-Worker",1419330058880758,47969,"S"
29913,"NIO-Worker",1419330058928727,22812,"R"
29913,"NIO-Worker",1419330058951539,52344,"Running"
29913,"NIO-Worker",1419330059003883,54062,"S"
29913,"NIO-Worker",1419330059057945,16094,"R"
29913,"NIO-Worker",1419330059074039,2816198,"Running"
29913,"NIO-Worker",1419330061890237,24896,"S"
29913,"NIO-Worker",1419330061915133,37500,"R"
29913,"NIO-Worker",1419330061952633,262656,"Running"
29857,"nio-stream-prod",1419330062063258,18281,"R"
29857,"nio-stream-prod",1419330062081539,97813,"Running"
29844,"nio-webserver-r",1419330062152008,22812,"R"
29844,"nio-webserver-r",1419330062174820,414688,"Running"
29857,"nio-stream-prod",1419330062179352,108225729,"S"
29913,"NIO-Worker",1419330062215289,406408542,"S"
29844,"nio-webserver-r",1419330062589508,38692187,"S"
29844,"nio-webserver-r",1419330101281695,69011,"R"
29844,"nio-webserver-r",1419330101350706,291146,"Running"
29844,"nio-webserver-r",1419330101641852,14218,"S"
29844,"nio-webserver-r",1419330101656070,34792,"R"
29844,"nio-webserver-r",1419330101690862,6719,"Running"
29844,"nio-webserver-r",1419330101697581,11614,"S"
29844,"nio-webserver-r",1419330101709195,24323,"R"
29844,"nio-webserver-r",1419330101733518,186094,"Running"
29844,"nio-webserver-r",1419330101919612,365990,"S"
29844,"nio-webserver-r",1419330102285602,97187,"R"
29844,"nio-webserver-r",1419330102382789,204948,"Running"
29844,"nio-webserver-r",1419330102587737,11406,"R"
29844,"nio-webserver-r",1419330102599143,131615,"Running"
29914,"NIO-Worker",1419330102679299,20157,"R"
29914,"NIO-Worker",1419330102699456,376302,"Running"
29844,"nio-webserver-r",1419330102730758,8525885,"S"
29914,"NIO-Worker",1419330103075758,3290885,"S"
29914,"NIO-Worker",1419330106366643,28021,"R"
29914,"NIO-Worker",1419330106394664,208125,"Running"
29914,"NIO-Worker",1419330106602789,15625,"S"
29914,"NIO-Worker",1419330106618414,16823,"R"
29914,"NIO-Worker",1419330106635237,63802,"Running"
29914,"NIO-Worker",1419330106699039,14010,"S"
29914,"NIO-Worker",1419330106713049,280313,"Running"
29914,"NIO-Worker",1419330106993362,164427,"S"
29914,"NIO-Worker",1419330107157789,17031,"R"
29914,"NIO-Worker",1419330107174820,40625,"Running"
29914,"NIO-Worker",1419330107215445,242344,"S"
29914,"NIO-Worker",1419330107457789,28281,"R"
29914,"NIO-Worker",1419330107486070,215313,"Running"
29914,"NIO-Worker",1419330107701383,317031,"S"
29914,"NIO-Worker",1419330108018414,14375,"R"
29914,"NIO-Worker",1419330108032789,22500,"Running"
29914,"NIO-Worker",1419330108055289,67813,"S"
29914,"NIO-Worker",1419330108123102,18281,"R"
29914,"NIO-Worker",1419330108141383,60104,"Running"
29914,"NIO-Worker",1419330108201487,53281,"S"
29914,"NIO-Worker",1419330108254768,35521,"R"
29914,"NIO-Worker",1419330108290289,555260,"Running"
29914,"NIO-Worker",1419330108845549,7084,"R"
29914,"NIO-Worker",1419330108852633,2231354,"Running"
29914,"NIO-Worker",1419330111083987,30677,"R+"
29914,"NIO-Worker",1419330111114664,182604,"Running"
29844,"nio-webserver-r",1419330111256643,16094,"R"
29844,"nio-webserver-r",1419330111272737,384271,"Running"
29914,"NIO-Worker",1419330111297268,409998802,"S"
29844,"nio-webserver-r",1419330111657008,40919219,"S"
29844,"nio-webserver-r",1419330152576227,15000,"R"
29844,"nio-webserver-r",1419330152591227,112656,"Running"
29844,"nio-webserver-r",1419330152703883,332916,"S"
29844,"nio-webserver-r",1419330153036799,100782,"R"
29844,"nio-webserver-r",1419330153137581,223958,"Running"
29844,"nio-webserver-r",1419330153361539,402188,"S"
29844,"nio-webserver-r",1419330153763727,67812,"R"
29844,"nio-webserver-r",1419330153831539,282969,"Running"
29915,"NIO-Worker",1419330154081539,17500,"R"
29915,"NIO-Worker",1419330154099039,319063,"Running"
29844,"nio-webserver-r",1419330154114508,16399687,"S"
29915,"NIO-Worker",1419330154418102,11450312,"S"
29915,"NIO-Worker",1419330165868414,32917,"R"
29915,"NIO-Worker",1419330165901331,467239,"Running"
29915,"NIO-Worker",1419330166368570,136979,"S"
29915,"NIO-Worker",1419330166505549,20000,"R"
29915,"NIO-Worker",1419330166525549,59740,"Running"
29915,"NIO-Worker",1419330166585289,233281,"S"
29915,"NIO-Worker",1419330166818570,15000,"R"
29915,"NIO-Worker",1419330166833570,208594,"Running"
29915,"NIO-Worker",1419330167042164,273229,"S"
29915,"NIO-Worker",1419330167315393,34584,"R"
29915,"NIO-Worker",1419330167349977,28906,"Running"
29915,"NIO-Worker",1419330167378883,57916,"S"
29915,"NIO-Worker",1419330167436799,31303,"R"
29915,"NIO-Worker",1419330167468102,49322,"Running"
29915,"NIO-Worker",1419330167517424,52188,"S"
29915,"NIO-Worker",1419330167569612,76250,"R"
29915,"NIO-Worker",1419330167645862,2571927,"Running"
29915,"NIO-Worker",1419330170217789,62188,"R+"
29915,"NIO-Worker",1419330170279977,271093,"Running"
29857,"nio-stream-prod",1419330170405081,15625,"R"
29857,"nio-stream-prod",1419330170420706,145364,"Running"
29844,"nio-webserver-r",1419330170514195,19063,"R"
29844,"nio-webserver-r",1419330170533258,516979,"Running"
29915,"NIO-Worker",1419330170551070,401053906,"S"
29857,"nio-stream-prod",1419330170566070,100289219,"S"
29844,"nio-webserver-r",1419330171050237,32995833,"S"
29844,"nio-webserver-r",1419330204046070,47188,"R"
29844,"nio-webserver-r",1419330204093258,234948,"Running"
29844,"nio-webserver-r",1419330204328206,53489,"S"
29844,"nio-webserver-r",1419330204381695,203438,"Running"
29844,"nio-webserver-r",1419330204585133,377031,"S"
29844,"nio-webserver-r",1419330204962164,40000,"R"
29844,"nio-webserver-r",1419330205002164,120000,"Running"
29844,"nio-webserver-r",1419330205122164,588125,"R"
29844,"nio-webserver-r",1419330205710289,242969,"Running"
29847,"NIO-Worker",1419330205904768,30365,"R"
29847,"NIO-Worker",1419330205935133,79375,"Running"
29844,"nio-webserver-r",1419330205953258,204948,"R+"
29847,"NIO-Worker",1419330206014508,33437,"R"
29847,"NIO-Worker",1419330206047945,894011,"Running"
29844,"nio-webserver-r",1419330206158206,9739,"Running"
29844,"nio-webserver-r",1419330206167945,4898438,"S"
29847,"NIO-Worker",1419330206941956,164687,"S"
29847,"NIO-Worker",1419330207106643,14844,"R"
29847,"NIO-Worker",1419330207121487,36302,"Running"
29847,"NIO-Worker",1419330207157789,98750,"R+"
29847,"NIO-Worker",1419330207256539,6042,"Running"
29847,"NIO-Worker",1419330207262581,122708,"S"
29847,"NIO-Worker",1419330207385289,11875,"R"
29847,"NIO-Worker",1419330207397164,204375,"Running"
29847,"NIO-Worker",1419330207601539,250938,"S"
29847,"NIO-Worker",1419330207852477,15000,"R"
29847,"NIO-Worker",1419330207867477,25625,"Running"
29847,"NIO-Worker",1419330207893102,40312,"S"
29847,"NIO-Worker",1419330207933414,10885,"R"
29847,"NIO-Worker",1419330207944299,43803,"Running"
29847,"NIO-Worker",1419330207988102,59062,"R+"
29847,"NIO-Worker",1419330208047164,2786042,"Running"
29847,"NIO-Worker",1419330210833206,26458,"R+"
29847,"NIO-Worker",1419330210859664,236510,"Running"
29844,"nio-webserver-r",1419330211066383,12812,"R"
29844,"nio-webserver-r",1419330211079195,358438,"Running"
29847,"NIO-Worker",1419330211096174,415725834,"S"
29844,"nio-webserver-r",1419330211437633,15781,"R"
29844,"nio-webserver-r",1419330211453414,106823,"Running"
29844,"nio-webserver-r",1419330211560237,16562,"R+"
29844,"nio-webserver-r",1419330211576799,62865,"Running"
29844,"nio-webserver-r",1419330211639664,47323750,"S"
29844,"nio-webserver-r",1419330258963414,42813,"R"
29844,"nio-webserver-r",1419330259006227,128750,"Running"
29844,"nio-webserver-r",1419330259134977,53281,"S"
29844,"nio-webserver-r",1419330259188258,31562,"R"
29844,"nio-webserver-r",1419330259219820,153282,"Running"
29844,"nio-webserver-r",1419330259373102,24375,"R"
29844,"nio-webserver-r",1419330259397477,32760,"Running"
29844,"nio-webserver-r",1419330259430237,505677,"S"
29844,"nio-webserver-r",1419330259935914,42969,"R"
29844,"nio-webserver-r",1419330259978883,265885,"Running"
29898,"NIO-Worker",1419330260198206,21146,"R"
29898,"NIO-Worker",1419330260219352,368593,"Running"
29844,"nio-webserver-r",1419330260244768,10704740,"S"
29898,"NIO-Worker",1419330260587945,5476511,"S"
29898,"NIO-Worker",1419330266064456,18333,"R"
29898,"NIO-Worker",1419330266082789,233698,"Running"
29898,"NIO-Worker",1419330266316487,17969,"S"
29898,"NIO-Worker",1419330266334456,349583,"Running"
29898,"NIO-Worker",1419330266684039,131719,"S"
29898,"NIO-Worker",1419330266815758,21562,"R"
29898,"NIO-Worker",1419330266837320,41875,"Running"
29898,"NIO-Worker",1419330266879195,229219,"S"
29898,"NIO-Worker",1419330267108414,15573,"R"
29898,"NIO-Worker",1419330267123987,205521,"Running"
29898,"NIO-Worker",1419330267329508,261719,"S"
29898,"NIO-Worker",1419330267591227,16093,"R"
29898,"NIO-Worker",1419330267607320,21667,"Running"
29898,"NIO-Worker",1419330267628987,50937,"S"
29898,"NIO-Worker",1419330267679924,14896,"R"
29898,"NIO-Worker",1419330267694820,55313,"Running"
29898,"NIO-Worker",1419330267750133,67031,"S"
29898,"NIO-Worker",1419330267817164,16875,"R"
29898,"NIO-Worker",1419330267834039,1103281,"Running"
29898,"NIO-Worker",1419330268937320,21823,"R"
29898,"NIO-Worker",1419330268959143,1741771,"Running"
29898,"NIO-Worker",1419330270700914,33854,"R+"
29898,"NIO-Worker",1419330270734768,256771,"Running"
29857,"nio-stream-prod",1419330270855289,28594,"R"
29857,"nio-stream-prod",1419330270883883,84844,"Running"
29844,"nio-webserver-r",1419330270949508,24635,"R"
29857,"nio-stream-prod",1419330270968727,100375624,"S"
29844,"nio-webserver-r",1419330270974143,407240,"Running"
29898,"NIO-Worker",1419330270991539,410597760,"S"
29844,"nio-webserver-r",1419330271381383,41627500,"S"
29844,"nio-webserver-r",1419330313008883,43906,"R"
29844,"nio-webserver-r",1419330313052789,137187,"Running"
29844,"nio-webserver-r",1419330313189976,43542,"S"
29844,"nio-webserver-r",1419330313233518,42083,"R"
29844,"nio-webserver-r",1419330313275601,471094,"Running"
29844,"nio-webserver-r",1419330313746695,277188,"S"
29844,"nio-webserver-r",1419330314023883,26875,"R"
29844,"nio-webserver-r",1419330314050758,75312,"Running"
29844,"nio-webserver-r",1419330314126070,9688,"R"
29844,"nio-webserver-r",1419330314135758,237968,"Running"
29905,"NIO-Worker",1419330314330601,39219,"R"
29905,"NIO-Worker",1419330314369820,383854,"Running"
29844,"nio-webserver-r",1419330314373726,8795938,"S"
29905,"NIO-Worker",1419330314753674,3191459,"S"
29905,"NIO-Worker",1419330317945133,13906,"R"
29905,"NIO-Worker",1419330317959039,218125,"Running"
29905,"NIO-Worker",1419330318177164,134844,"S"
29905,"NIO-Worker",1419330318312008,18698,"R"
29905,"NIO-Worker",1419330318330706,282083,"Running"
29905,"NIO-Worker",1419330318612789,193229,"S"
29905,"NIO-Worker",1419330318806018,34375,"R"
29905,"NIO-Worker",1419330318840393,74688,"Running"
29905,"NIO-Worker",1419330318915081,218333,"S"
29905,"NIO-Worker",1419330319133414,15729,"R"
29905,"NIO-Worker",1419330319149143,251458,"Running"
29905,"NIO-Worker",1419330319400601,265000,"S"
29905,"NIO-Worker",1419330319665601,38073,"R"
29905,"NIO-Worker",1419330319703674,35521,"Running"
29905,"NIO-Worker",1419330319739195,71406,"S"
29905,"NIO-Worker",1419330319810601,49844,"R"
29905,"NIO-Worker",1419330319860445,67448,"Running"
29905,"NIO-Worker",1419330319927893,52500,"S"
29905,"NIO-Worker",1419330319980393,18958,"R"
29905,"NIO-Worker",1419330319999351,2260261,"Running"
29905,"NIO-Worker",1419330322259612,9219,"R"
29905,"NIO-Worker",1419330322268831,701406,"Running"
29905,"NIO-Worker",1419330322970237,26302,"S"
29905,"NIO-Worker",1419330322996539,42500,"R"
29905,"NIO-Worker",1419330323039039,178542,"Running"
29844,"nio-webserver-r",1419330323169664,25625,"R"
29844,"nio-webserver-r",1419330323195289,403542,"Running"
29905,"NIO-Worker",1419330323217581,411554427,"S"
29844,"nio-webserver-r",1419330323598831,40690208,"S"
29844,"nio-webserver-r",1419330364289039,21719,"R"
29844,"nio-webserver-r",1419330364310758,158437,"Running"
29844,"nio-webserver-r",1419330364469195,115938,"S"
29844,"nio-webserver-r",1419330364585133,52031,"R"
29844,"nio-webserver-r",1419330364637164,78125,"Running"
29844,"nio-webserver-r",1419330364715289,302500,"R+"
29844,"nio-webserver-r",1419330365017789,144479,"Running"
29844,"nio-webserver-r",1419330365162268,634740,"S"
29844,"nio-webserver-r",1419330365797008,55937,"R"
29844,"nio-webserver-r",1419330365852945,83750,"Running"
29844,"nio-webserver-r",1419330365936695,34531,"R"
29844,"nio-webserver-r",1419330365971226,276407,"Running"
29908,"NIO-Worker",1419330366196487,38281,"R"
29908,"NIO-Worker",1419330366234768,826458,"Running"
29844,"nio-webserver-r",1419330366247633,5181875,"S"
29908,"NIO-Worker",1419330367061226,9480,"R+"
29908,"NIO-Worker",1419330367070706,8958,"Running"
29908,"NIO-Worker",1419330367079664,157760,"S"
29908,"NIO-Worker",1419330367237424,14532,"R"
29908,"NIO-Worker",1419330367251956,37864,"Running"
29908,"NIO-Worker",1419330367289820,31198,"R+"
29908,"NIO-Worker",1419330367321018,11771,"Running"
29908,"NIO-Worker",1419330367332789,139792,"S"
29908,"NIO-Worker",1419330367472581,11458,"R"
29908,"NIO-Worker",1419330367484039,198125,"Running"
29908,"NIO-Worker",1419330367682164,241250,"S"
29908,"NIO-Worker",1419330367923414,28750,"R"
29908,"NIO-Worker",1419330367952164,17656,"Running"
29908,"NIO-Worker",1419330367969820,68281,"S"
29908,"NIO-Worker",1419330368038101,32813,"R"
29908,"NIO-Worker",1419330368070914,65729,"Running"
29908,"NIO-Worker",1419330368136643,46615,"S"
29908,"NIO-Worker",1419330368183258,15781,"R"
29908,"NIO-Worker",1419330368199039,2998594,"Running"
29908,"NIO-Worker",1419330371197633,22656,"R+"
29908,"NIO-Worker",1419330371220289,6875,"Running"
29908,"NIO-Worker",1419330371227164,27292,"S"
29908,"NIO-Worker",1419330371254456,207343,"Running"
29857,"nio-stream-prod",1419330371344351,16875,"R"
29857,"nio-stream-prod",1419330371361226,93907,"Running"
29844,"nio-webserver-r",1419330371429508,24791,"R"
29844,"nio-webserver-r",1419330371454299,390990,"Running"
29857,"nio-stream-prod",1419330371455133,103090416,"S"
29908,"NIO-Worker",1419330371461799,418355469,"S"
29844,"nio-webserver-r",1419330371845289,189844,"R+"
29844,"nio-webserver-r",1419330372035133,75260,"Running"
29844,"nio-webserver-r",1419330372110393,43227344,"S"
29844,"nio-webserver-r",1419330415337737,39271,"R"
29844,"nio-webserver-r",1419330415377008,61250,"Running"
29844,"nio-webserver-r",1419330415438258,23281,"R"
29844,"nio-webserver-r",1419330415461539,122917,"Running"
29844,"nio-webserver-r",1419330415584456,103958,"R+"
29844,"nio-webserver-r",1419330415688414,120312,"Running"
29844,"nio-webserver-r",1419330415808726,9532,"S"
29844,"nio-webserver-r",1419330415818258,77656,"R"
29844,"nio-webserver-r",1419330415895914,205573,"Running"
29844,"nio-webserver-r",1419330416101487,269844,"S"
29844,"nio-webserver-r",1419330416371331,16250,"R"
29844,"nio-webserver-r",1419330416387581,67708,"Running"
29844,"nio-webserver-r",1419330416455289,33542,"R+"
29844,"nio-webserver-r",1419330416488831,265208,"Running"
29911,"NIO-Worker",1419330416703570,50469,"R"
29844,"nio-webserver-r",1419330416754039,6296406,"S"
29911,"NIO-Worker",1419330416754039,125312,"Running"
29911,"NIO-Worker",1419330416879351,48907,"R"
29911,"NIO-Worker",1419330416928258,350156,"Running"
29911,"NIO-Worker",1419330417278414,359687,"S"
29911,"NIO-Worker",1419330417638101,27032,"R"
29911,"NIO-Worker",1419330417665133,217135,"Running"
29911,"NIO-Worker",1419330417882268,317552,"S"
29911,"NIO-Worker",1419330418199820,13750,"R"
29911,"NIO-Worker",1419330418213570,314792,"Running"
29911,"NIO-Worker",1419330418528362,174687,"S"
29911,"NIO-Worker",1419330418703049,32188,"R"
29911,"NIO-Worker",1419330418735237,60937,"Running"
29911,"NIO-Worker",1419330418796174,86146,"R+"
29911,"NIO-Worker",1419330418882320,9063,"Running"
29911,"NIO-Worker",1419330418891383,137291,"S"
29911,"NIO-Worker",1419330419028674,17657,"R"
29911,"NIO-Worker",1419330419046331,242708,"Running"
29911,"NIO-Worker",1419330419289039,304375,"S"
29911,"NIO-Worker",1419330419593414,91250,"R"
29911,"NIO-Worker",1419330419684664,48906,"Running"
29911,"NIO-Worker",1419330419733570,55313,"S"
29911,"NIO-Worker",1419330419788883,17031,"R"
29911,"NIO-Worker",1419330419805914,51823,"Running"
29911,"NIO-Worker",1419330419857737,63906,"S"
29911,"NIO-Worker",1419330419921643,32396,"R"
29911,"NIO-Worker",1419330419954039,2799479,"Running"
29911,"NIO-Worker",1419330422753518,23281,"R"
29911,"NIO-Worker",1419330422776799,56927,"Running"
29911,"NIO-Worker",1419330422833726,34323,"S"
29911,"NIO-Worker",1419330422868049,48334,"R"
29911,"NIO-Worker",1419330422916383,196875,"Running"
29844,"nio-webserver-r",1419330423050445,29479,"R"
29844,"nio-webserver-r",1419330423079924,418750,"Running"
29911,"NIO-Worker",1419330423113258,421027031,"S"
29844,"nio-webserver-r",1419330423498674,43868907,"S"
29844,"nio-webserver-r",1419330467367581,54739,"R"
29844,"nio-webserver-r",1419330467422320,117188,"Running"
29844,"nio-webserver-r",1419330467539508,81666,"S"
29844,"nio-webserver-r",1419330467621174,10990,"R"
29844,"nio-webserver-r",1419330467632164,5573,"Running"
29844,"nio-webserver-r",1419330467637737,65937,"S"
29844,"nio-webserver-r",1419330467703674,73177,"R"
29844,"nio-webserver-r",1419330467776851,213282,"Running"
29844,"nio-webserver-r",1419330467990133,314843,"S"
29844,"nio-webserver-r",1419330468304976,71875,"R"
29844,"nio-webserver-r",1419330468376851,298230,"Running"
29913,"NIO-Worker",1419330468623831,29114,"R"
29913,"NIO-Worker",1419330468652945,1115938,"Running"
29844,"nio-webserver-r",1419330468675081,5982864,"S"
29913,"NIO-Worker",1419330469768883,22968,"R+"
29913,"NIO-Worker",1419330469791851,8698,"Running"
29913,"NIO-Worker",1419330469800549,133125,"S"
29913,"NIO-Worker",1419330469933674,15990,"R"
29913,"NIO-Worker",1419330469949664,54323,"Running"
29913,"NIO-Worker",1419330470003987,267552,"S"
29913,"NIO-Worker",1419330470271539,22292,"R"
29913,"NIO-Worker",1419330470293831,252500,"Running"
29913,"NIO-Worker",1419330470546331,326770,"S"
29913,"NIO-Worker",1419330470873101,21094,"R"
29913,"NIO-Worker",1419330470894195,28906,"Running"
29913,"NIO-Worker",1419330470923101,98855,"S"
29913,"NIO-Worker",1419330471021956,20364,"R"
29913,"NIO-Worker",1419330471042320,59948,"Running"
29913,"NIO-Worker",1419330471102268,96458,"S"
29913,"NIO-Worker",1419330471198726,20886,"R"
29913,"NIO-Worker",1419330471219612,1061146,"Running"
29913,"NIO-Worker",1419330472280758,11250,"R+"
29913,"NIO-Worker",1419330472292008,14010,"Running"
29913,"NIO-Worker",1419330472306018,12865,"R+"
29913,"NIO-Worker",1419330472318883,155156,"Running"
29913,"NIO-Worker",1419330472474039,62917,"R+"
29913,"NIO-Worker",1419330472536956,1855781,"Running"
29913,"NIO-Worker",1419330474392737,49062,"R+"
29913,"NIO-Worker",1419330474441799,279584,"Running"
29857,"nio-stream-prod",1419330474545549,34271,"R"
29857,"nio-stream-prod",1419330474579820,99531,"Running"
29844,"nio-webserver-r",1419330474657945,30886,"R"
29857,"nio-stream-prod",1419330474679351,7500,"R+"
29857,"nio-stream-prod",1419330474686851,6042,"Running"
29844,"nio-webserver-r",1419330474688831,444531,"Running"
29857,"nio-stream-prod",1419330474692893,111263177,"S"
29913,"NIO-Worker",1419330474721383,425571510,"S"
29844,"nio-webserver-r",1419330475133362,44488646,"S"
29844,"nio-webserver-r",1419330519622008,76510,"R"
29844,"nio-webserver-r",1419330519698518,220521,"Running"
29844,"nio-webserver-r",1419330519919039,40625,"S"
29844,"nio-webserver-r",1419330519959664,32604,"R"
29844,"nio-webserver-r",1419330519992268,209896,"Running"
29844,"nio-webserver-r",1419330520202164,700104,"S"
29844,"nio-webserver-r",1419330520902268,89427,"R"
29844,"nio-webserver-r",1419330520991695,357761,"Running"
29914,"NIO-Worker",1419330521296070,35938,"R"
29914,"NIO-Worker",1419330521332008,429375,"Running"
29844,"nio-webserver-r",1419330521349456,7979895,"S"
29914,"NIO-Worker",1419330521761383,2557968,"S"
29914,"NIO-Worker",1419330524319351,13282,"R"
29914,"NIO-Worker",1419330524332633,211979,"Running"
29914,"NIO-Worker",1419330524544612,24739,"S"
29914,"NIO-Worker",1419330524569351,18750,"R"
29914,"NIO-Worker",1419330524588101,325625,"Running"
29914,"NIO-Worker",1419330524913726,139532,"R+"
29914,"NIO-Worker",1419330525053258,4948,"Running"
29914,"NIO-Worker",1419330525058206,28906,"S"
29914,"NIO-Worker",1419330525087112,40937,"R"
29914,"NIO-Worker",1419330525128049,27240,"Running"
29914,"NIO-Worker",1419330525155289,29219,"R+"
29914,"NIO-Worker",1419330525184508,10000,"Running"
29914,"NIO-Worker",1419330525194508,186562,"S"
29914,"NIO-Worker",1419330525381070,16875,"R"
29914,"NIO-Worker",1419330525397945,272448,"Running"
29914,"NIO-Worker",1419330525670393,309219,"S"
29914,"NIO-Worker",1419330525979612,26458,"R"
29914,"NIO-Worker",1419330526006070,51406,"Running"
29914,"NIO-Worker",1419330526057476,54532,"S"
29914,"NIO-Worker",1419330526112008,25625,"R"
29914,"NIO-Worker",1419330526137633,60781,"Running"
29914,"NIO-Worker",1419330526198414,60937,"S"
29914,"NIO-Worker",1419330526259351,28907,"R"
29914,"NIO-Worker",1419330526288258,2781093,"Running"
29914,"NIO-Worker",1419330529069351,41563,"R+"
29914,"NIO-Worker",1419330529110914,254687,"Running"
29844,"nio-webserver-r",1419330529329351,31407,"R"
29844,"nio-webserver-r",1419330529360758,367187,"Running"
29914,"NIO-Worker",1419330529365601,424849532,"S"
29844,"nio-webserver-r",1419330529727945,40856094,"S"
29844,"nio-webserver-r",1419330570584039,44792,"R"
29844,"nio-webserver-r",1419330570628831,119114,"Running"
29844,"nio-webserver-r",1419330570747945,124375,"S"
29844,"nio-webserver-r",1419330570872320,30156,"R"
29844,"nio-webserver-r",1419330570902476,215730,"Running"
29844,"nio-webserver-r",1419330571118206,223958,"S"
29844,"nio-webserver-r",1419330571342164,26406,"R"
29844,"nio-webserver-r",1419330571368570,317448,"Running"
29915,"NIO-Worker",1419330571604976,81042,"R"
29844,"nio-webserver-r",1419330571686018,14387813,"S"
29915,"NIO-Worker",1419330571686018,323490,"Running"
29915,"NIO-Worker",1419330572009508,9270781,"S"
29915,"NIO-Worker",1419330581280289,13125,"R"
29915,"NIO-Worker",1419330581293414,436719,"Running"
29915,"NIO-Worker",1419330581730133,52656,"R+"
29915,"NIO-Worker",1419330581782789,11562,"Running"
29915,"NIO-Worker",1419330581794351,65886,"S"
29915,"NIO-Worker",1419330581860237,16614,"R"
29915,"NIO-Worker",1419330581876851,40782,"Running"
29915,"NIO-Worker",1419330581917633,221666,"S"
29915,"NIO-Worker",1419330582139299,26094,"R"
29915,"NIO-Worker",1419330582165393,223281,"Running"
29915,"NIO-Worker",1419330582388674,249271,"S"
29915,"NIO-Worker",1419330582637945,55781,"R"
29915,"NIO-Worker",1419330582693726,24532,"Running"
29915,"NIO-Worker",1419330582718258,38281,"S"
29915,"NIO-Worker",1419330582756539,44687,"R"
29915,"NIO-Worker",1419330582801226,51407,"Running"
29915,"NIO-Worker",1419330582852633,64531,"S"
29915,"NIO-Worker",1419330582917164,30729,"R"
29915,"NIO-Worker",1419330582947893,1891458,"Running"
29915,"NIO-Worker",1419330584839351,62500,"R"
29915,"NIO-Worker",1419330584901851,906198,"Running"
29915,"NIO-Worker",1419330585808049,22396,"S"
29915,"NIO-Worker",1419330585830445,19531,"R"
29915,"NIO-Worker",1419330585849976,269167,"Running"
29857,"nio-stream-prod",1419330585956070,36094,"R"
29857,"nio-stream-prod",1419330585992164,109375,"Running"
29844,"nio-webserver-r",1419330586073831,22552,"R"
29844,"nio-webserver-r",1419330586096383,279062,"Running"
29857,"nio-stream-prod",1419330586101539,105575781,"S"
29915,"NIO-Worker",1419330586119143,420793437,"S"
29844,"nio-webserver-r",1419330586375445,67136,"R+"
29844,"nio-webserver-r",1419330586442581,330937,"Running"
29844,"nio-webserver-r",1419330586773518,38814219,"S"
29844,"nio-webserver-r",1419330625587737,27396,"R"
29844,"nio-webserver-r",1419330625615133,146562,"Running"
29844,"nio-webserver-r",1419330625761695,40625,"S"
29844,"nio-webserver-r",1419330625802320,47656,"R"
29844,"nio-webserver-r",1419330625849976,228282,"Running"
29844,"nio-webserver-r",1419330626078258,397968,"S"
29844,"nio-webserver-r",1419330626476226,90573,"R"
29844,"nio-webserver-r",1419330626566799,290052,"Running"
29847,"NIO-Worker",1419330626822008,20625,"R"
29847,"NIO-Worker",1419330626842633,304843,"Running"
29844,"nio-webserver-r",1419330626856851,9077032,"S"
29847,"NIO-Worker",1419330627147476,3828438,"S"
29847,"NIO-Worker",1419330630975914,31094,"R"
29847,"NIO-Worker",1419330631007008,236406,"Running"
29847,"NIO-Worker",1419330631243414,2604,"S"
29847,"NIO-Worker",1419330631246018,30000,"R"
29847,"NIO-Worker",1419330631276018,357344,"Running"
29847,"NIO-Worker",1419330631633362,175156,"S"
29847,"NIO-Worker",1419330631808518,16458,"R"
29847,"NIO-Worker",1419330631824976,38594,"Running"
29847,"NIO-Worker",1419330631863570,293386,"S"
29847,"NIO-Worker",1419330632156956,44843,"R"
29847,"NIO-Worker",1419330632201799,218802,"Running"
29847,"NIO-Worker",1419330632420601,281980,"S"
29847,"NIO-Worker",1419330632702581,42239,"R"
29847,"NIO-Worker",1419330632744820,18594,"Running"
29847,"NIO-Worker",1419330632763414,64219,"S"
29847,"NIO-Worker",1419330632827633,35781,"R"
29847,"NIO-Worker",1419330632863414,56354,"Running"
29847,"NIO-Worker",1419330632919768,48333,"S"
29847,"NIO-Worker",1419330632968101,20573,"R"
29847,"NIO-Worker",1419330632988674,2762552,"Running"
29847,"NIO-Worker",1419330635751226,25313,"S"
29847,"NIO-Worker",1419330635776539,14531,"R"
29847,"NIO-Worker",1419330635791070,198698,"Running"
29844,"nio-webserver-r",1419330635933883,30625,"R"
29844,"nio-webserver-r",1419330635964508,370885,"Running"
29847,"NIO-Worker",1419330635989768,421722344,"S"
29844,"nio-webserver-r",1419330636335393,44004427,"S"
29844,"nio-webserver-r",1419330680339820,42813,"R"
29844,"nio-webserver-r",1419330680382633,117291,"Running"
29844,"nio-webserver-r",1419330680499924,202084,"S"
29844,"nio-webserver-r",1419330680702008,53541,"R"
29844,"nio-webserver-r",1419330680755549,124844,"Running"
29844,"nio-webserver-r",1419330680880393,138333,"R+"
29844,"nio-webserver-r",1419330681018726,96250,"Running"
29844,"nio-webserver-r",1419330681114976,123698,"S"
29844,"nio-webserver-r",1419330681238674,93959,"R"
29844,"nio-webserver-r",1419330681332633,300468,"Running"
29898,"NIO-Worker",1419330681589299,23021,"R"
29898,"NIO-Worker",1419330681612320,372188,"Running"
29844,"nio-webserver-r",1419330681633101,10157813,"S"
29898,"NIO-Worker",1419330681984508,4474375,"S"
29898,"NIO-Worker",1419330686458883,23906,"R"
29898,"NIO-Worker",1419330686482789,213385,"Running"
29898,"NIO-Worker",1419330686696174,25000,"S"
29898,"NIO-Worker",1419330686721174,357865,"Running"
29898,"NIO-Worker",1419330687079039,137969,"S"
29898,"NIO-Worker",1419330687217008,21666,"R"
29898,"NIO-Worker",1419330687238674,25052,"Running"
29898,"NIO-Worker",1419330687263726,45782,"R+"
29898,"NIO-Worker",1419330687309508,6718,"Running"
29898,"NIO-Worker",1419330687316226,158125,"S"
29898,"NIO-Worker",1419330687474351,46250,"R"
29898,"NIO-Worker",1419330687520601,225886,"Running"
29898,"NIO-Worker",1419330687746487,217239,"S"
29898,"NIO-Worker",1419330687963726,60000,"R"
29898,"NIO-Worker",1419330688023726,76823,"Running"
29898,"NIO-Worker",1419330688100549,108907,"R+"
29898,"NIO-Worker",1419330688209456,12864,"Running"
29898,"NIO-Worker",1419330688222320,67500,"S"
29898,"NIO-Worker",1419330688289820,66406,"Running"
29898,"NIO-Worker",1419330688356226,75730,"S"
29898,"NIO-Worker",1419330688431956,56406,"R"
29898,"NIO-Worker",1419330688488362,348281,"Running"
29898,"NIO-Worker",1419330688836643,22083,"R"
29898,"NIO-Worker",1419330688858726,171823,"Running"
29898,"NIO-Worker",1419330689030549,216302,"R"
29898,"NIO-Worker",1419330689246851,2273542,"Running"
29898,"NIO-Worker",1419330691520393,30365,"S"
29898,"NIO-Worker",1419330691550758,28906,"R"
29898,"NIO-Worker",1419330691579664,249531,"Running"
29857,"nio-stream-prod",1419330691677320,236875,"R"
29844,"nio-webserver-r",1419330691790914,18073,"R"
29844,"nio-webserver-r",1419330691808987,230989,"Running"
29898,"NIO-Worker",1419330691829195,420377031,"S"
29857,"nio-stream-prod",1419330691914195,49219,"Running"
29857,"nio-stream-prod",1419330691963414,285260,"R"
29844,"nio-webserver-r",1419330692039976,86823,"R+"
29844,"nio-webserver-r",1419330692126799,54584,"Running"
29844,"nio-webserver-r",1419330692181383,107343,"S"
29857,"nio-stream-prod",1419330692248674,84532,"Running"
29844,"nio-webserver-r",1419330692288726,20625,"R"
29844,"nio-webserver-r",1419330692309351,289063,"Running"
29857,"nio-stream-prod",1419330692333206,111772343,"S"
29844,"nio-webserver-r",1419330692598414,41112187,"S"
29844,"nio-webserver-r",1419330733710601,31719,"R"
29844,"nio-webserver-r",1419330733742320,149479,"Running"
29844,"nio-webserver-r",1419330733891799,6302,"S"
29844,"nio-webserver-r",1419330733898101,52032,"R"
29844,"nio-webserver-r",1419330733950133,124218,"Running"
29844,"nio-webserver-r",1419330734074351,24219,"R"
29844,"nio-webserver-r",1419330734098570,105625,"Running"
29844,"nio-webserver-r",1419330734204195,279844,"S"
29844,"nio-webserver-r",1419330734484039,45625,"R"
29844,"nio-webserver-r",1419330734529664,272292,"Running"
29905,"NIO-Worker",1419330734772008,31041,"R"
29844,"nio-webserver-r",1419330734801956,9406770,"S"
29905,"NIO-Worker",1419330734803049,338802,"Running"
29905,"NIO-Worker",1419330735141851,4187917,"S"
29905,"NIO-Worker",1419330739329768,40208,"R"
29905,"NIO-Worker",1419330739369976,215625,"Running"
29905,"NIO-Worker",1419330739585601,133073,"S"
29905,"NIO-Worker",1419330739718674,22240,"R"
29905,"NIO-Worker",1419330739740914,29219,"Running"
29905,"NIO-Worker",1419330739770133,14218,"S"
29905,"NIO-Worker",1419330739784351,272292,"Running"
29905,"NIO-Worker",1419330740056643,135833,"R+"
29905,"NIO-Worker",1419330740192476,50000,"Running"
29905,"NIO-Worker",1419330740242476,223282,"S"
29905,"NIO-Worker",1419330740465758,44218,"R"
29905,"NIO-Worker",1419330740509976,219219,"Running"
29905,"NIO-Worker",1419330740729195,271354,"S"
29905,"NIO-Worker",1419330741000549,21771,"R"
29905,"NIO-Worker",1419330741022320,45729,"Running"
29905,"NIO-Worker",1419330741068049,49740,"S"
29905,"NIO-Worker",1419330741117789,14323,"R"
29905,"NIO-Worker",1419330741132112,52239,"Running"
29905,"NIO-Worker",1419330741184351,70886,"S"
29905,"NIO-Worker",1419330741255237,14896,"R"
29905,"NIO-Worker",1419330741270133,2759062,"Running"
29905,"NIO-Worker",1419330744029195,20625,"S"
29905,"NIO-Worker",1419330744049820,14375,"R"
29905,"NIO-Worker",1419330744064195,171875,"Running"
29844,"nio-webserver-r",1419330744208726,12448,"R"
29844,"nio-webserver-r",1419330744221174,348750,"Running"
29905,"NIO-Worker",1419330744236070,423341354,"S"
29844,"nio-webserver-r",1419330744569924,43260156,"S"
29844,"nio-webserver-r",1419330787830080,37813,"R"
29844,"nio-webserver-r",1419330787867893,235208,"Running"
29844,"nio-webserver-r",1419330788103101,20886,"R+"
29844,"nio-webserver-r",1419330788123987,31146,"Running"
29844,"nio-webserver-r",1419330788155133,5885,"S"
29844,"nio-webserver-r",1419330788161018,19115,"R"
29844,"nio-webserver-r",1419330788180133,7500,"Running"
29844,"nio-webserver-r",1419330788187633,45572,"S"
29844,"nio-webserver-r",1419330788233205,196928,"R"
29844,"nio-webserver-r",1419330788430133,203229,"Running"
29844,"nio-webserver-r",1419330788633362,787396,"S"
29844,"nio-webserver-r",1419330789420758,85416,"R"
29844,"nio-webserver-r",1419330789506174,40209,"Running"
29844,"nio-webserver-r",1419330789546383,42447,"R"
29844,"nio-webserver-r",1419330789588830,275000,"Running"
29908,"NIO-Worker",1419330789817268,42708,"R"
29908,"NIO-Worker",1419330789859976,335313,"Running"
29844,"nio-webserver-r",1419330789863830,14359115,"S"
29908,"NIO-Worker",1419330790195289,7989687,"S"
29908,"NIO-Worker",1419330798184976,23594,"R"
29908,"NIO-Worker",1419330798208570,478750,"Running"
29908,"NIO-Worker",1419330798687320,51354,"R"
29908,"NIO-Worker",1419330798738674,104896,"Running"
29908,"NIO-Worker",1419330798843570,192813,"S"
29908,"NIO-Worker",1419330799036383,15937,"R"
29908,"NIO-Worker",1419330799052320,30625,"Running"
29908,"NIO-Worker",1419330799082945,465000,"R+"
29908,"NIO-Worker",1419330799547945,13906,"Running"
29908,"NIO-Worker",1419330799561851,81511,"R"
29908,"NIO-Worker",1419330799643362,233646,"Running"
29908,"NIO-Worker",1419330799877008,45625,"R+"
29908,"NIO-Worker",1419330799922633,17343,"Running"
29908,"NIO-Worker",1419330799939976,627344,"S"
29908,"NIO-Worker",1419330800567320,35156,"R"
29908,"NIO-Worker",1419330800602476,29323,"Running"
29908,"NIO-Worker",1419330800631799,57709,"S"
29908,"NIO-Worker",1419330800689508,20937,"R"
29908,"NIO-Worker",1419330800710445,57604,"Running"
29908,"NIO-Worker",1419330800768049,70781,"S"
29908,"NIO-Worker",1419330800838830,13334,"R"
29908,"NIO-Worker",1419330800852164,18125,"Running"
29908,"NIO-Worker",1419330800870289,18229,"R"
29908,"NIO-Worker",1419330800888518,1144375,"Running"
29908,"NIO-Worker",1419330802032893,72083,"R"
29908,"NIO-Worker",1419330802104976,616875,"Running"
29908,"NIO-Worker",1419330802721851,226875,"R"
29908,"NIO-Worker",1419330802948726,1024167,"Running"
29908,"NIO-Worker",1419330803972893,35521,"R+"
29908,"NIO-Worker",1419330804008414,264219,"Running"
29857,"nio-stream-prod",1419330804105549,48177,"R"
29857,"nio-stream-prod",1419330804153726,86719,"Running"
29844,"nio-webserver-r",1419330804222945,49688,"R"
29857,"nio-stream-prod",1419330804240445,104289219,"S"
29844,"nio-webserver-r",1419330804272633,309375,"Running"
29908,"NIO-Worker",1419330804272633,416291510,"S"
29844,"nio-webserver-r",1419330804582008,43229,"R+"
29844,"nio-webserver-r",1419330804625237,260208,"Running"
29844,"nio-webserver-r",1419330804885445,184167,"R+"
29844,"nio-webserver-r",1419330805069612,13802,"Running"
29844,"nio-webserver-r",1419330805083414,21979,"R+"
29844,"nio-webserver-r",1419330805105393,34531,"Running"
29844,"nio-webserver-r",1419330805139924,298594,"R+"
29844,"nio-webserver-r",1419330805438518,17552,"Running"
29844,"nio-webserver-r",1419330805456070,76094,"R+"
29844,"nio-webserver-r",1419330805532164,64948,"Running"
29844,"nio-webserver-r",1419330805597112,37618437,"S"
29844,"nio-webserver-r",1419330843215549,28959,"R"
29844,"nio-webserver-r",1419330843244508,122343,"Running"
29844,"nio-webserver-r",1419330843366851,97813,"S"
29844,"nio-webserver-r",1419330843464664,55416,"R"
29844,"nio-webserver-r",1419330843520080,184844,"Running"
29844,"nio-webserver-r",1419330843704924,126459,"S"
29844,"nio-webserver-r",1419330843831383,35156,"R"
29844,"nio-webserver-r",1419330843866539,310573,"Running"
29911,"NIO-Worker",1419330844140289,17916,"R"
29911,"NIO-Worker",1419330844158205,346928,"Running"
29844,"nio-webserver-r",1419330844177112,5498333,"S"
29911,"NIO-Worker",1419330844505133,1203593,"S"
29911,"NIO-Worker",1419330845708726,11094,"R"
29911,"NIO-Worker",1419330845719820,424219,"Running"
29911,"NIO-Worker",1419330846144039,119635,"S"
29911,"NIO-Worker",1419330846263674,16302,"R"
29911,"NIO-Worker",1419330846279976,36823,"Running"
29911,"NIO-Worker",1419330846316799,237084,"S"
29911,"NIO-Worker",1419330846553883,51406,"R"
29911,"NIO-Worker",1419330846605289,199844,"Running"
29911,"NIO-Worker",1419330846805133,249062,"S"
29911,"NIO-Worker",1419330847054195,15156,"R"
29911,"NIO-Worker",1419330847069351,12969,"Running"
29911,"NIO-Worker",1419330847082320,37188,"S"
29911,"NIO-Worker",1419330847119508,19062,"R"
29911,"NIO-Worker",1419330847138570,46198,"Running"
29911,"NIO-Worker",1419330847184768,152240,"R+"
29911,"NIO-Worker",1419330847337008,2152604,"Running"
29911,"NIO-Worker",1419330849489612,51302,"R+"
29911,"NIO-Worker",1419330849540914,165416,"Running"
29844,"nio-webserver-r",1419330849675445,14063,"R"
29844,"nio-webserver-r",1419330849689508,367291,"Running"
29911,"NIO-Worker",1419330849706330,426609063,"S"
29844,"nio-webserver-r",1419330850056799,48066615,"S"
29844,"nio-webserver-r",1419330898123414,45625,"R"
29844,"nio-webserver-r",1419330898169039,181562,"Running"
29844,"nio-webserver-r",1419330898350601,253907,"S"
29844,"nio-webserver-r",1419330898604508,36718,"R"
29844,"nio-webserver-r",1419330898641226,150261,"Running"
29844,"nio-webserver-r",1419330898791487,74531,"R"
29844,"nio-webserver-r",1419330898866018,114740,"Running"
29844,"nio-webserver-r",1419330898980758,929687,"S"
29844,"nio-webserver-r",1419330899910445,43281,"R"
29844,"nio-webserver-r",1419330899953726,134219,"Running"
29844,"nio-webserver-r",1419330900087945,39219,"R"
29844,"nio-webserver-r",1419330900127164,205416,"Running"
29913,"NIO-Worker",1419330900292893,39687,"R"
29844,"nio-webserver-r",1419330900332580,8390209,"S"
29913,"NIO-Worker",1419330900332580,311303,"Running"
29913,"NIO-Worker",1419330900643883,3252916,"S"
29913,"NIO-Worker",1419330903896799,13177,"R"
29913,"NIO-Worker",1419330903909976,294532,"Running"
29913,"NIO-Worker",1419330904204508,23906,"S"
29913,"NIO-Worker",1419330904228414,23750,"R"
29913,"NIO-Worker",1419330904252164,320885,"Running"
29913,"NIO-Worker",1419330904573049,139271,"S"
29913,"NIO-Worker",1419330904712320,25469,"R"
29913,"NIO-Worker",1419330904737789,40000,"Running"
29913,"NIO-Worker",1419330904777789,342031,"S"
29913,"NIO-Worker",1419330905119820,62969,"R"
29913,"NIO-Worker",1419330905182789,95781,"Running"
29913,"NIO-Worker",1419330905278570,9844,"R"
29913,"NIO-Worker",1419330905288414,206406,"Running"
29913,"NIO-Worker",1419330905494820,91354,"R+"
29913,"NIO-Worker",1419330905586174,8802,"Running"
29913,"NIO-Worker",1419330905594976,184323,"S"
29913,"NIO-Worker",1419330905779299,23646,"R"
29913,"NIO-Worker",1419330905802945,13438,"Running"
29913,"NIO-Worker",1419330905816383,53697,"S"
29913,"NIO-Worker",1419330905870080,19375,"R"
29913,"NIO-Worker",1419330905889455,58959,"Running"
29913,"NIO-Worker",1419330905948414,69219,"S"
29913,"NIO-Worker",1419330906017633,41562,"R"
29913,"NIO-Worker",1419330906059195,10313,"Running"
29913,"NIO-Worker",1419330906069508,39322,"R"
29913,"NIO-Worker",1419330906108830,8803,"Running"
29913,"NIO-Worker",1419330906117633,32760,"R"
29913,"NIO-Worker",1419330906150393,2217865,"Running"
29913,"NIO-Worker",1419330908368258,31822,"S"
29913,"NIO-Worker",1419330908400080,25782,"R"
29913,"NIO-Worker",1419330908425862,340000,"Running"
29857,"nio-stream-prod",1419330908529664,12812,"R"
29857,"nio-stream-prod",1419330908542476,92292,"Running"
29857,"nio-stream-prod",1419330908634768,107278177,"S"
29844,"nio-webserver-r",1419330908722789,18281,"R"
29844,"nio-webserver-r",1419330908741070,234948,"Running"
29913,"NIO-Worker",1419330908765862,420623489,"S"
29844,"nio-webserver-r",1419330908976018,39583,"R+"
29844,"nio-webserver-r",1419330909015601,275417,"Running"
29844,"nio-webserver-r",1419330909291018,43678021,"S"
29844,"nio-webserver-r",1419330952969039,90000,"R"
29844,"nio-webserver-r",1419330953059039,113854,"Running"
29844,"nio-webserver-r",1419330953172893,40990,"S"
29844,"nio-webserver-r",1419330953213883,12656,"R"
29844,"nio-webserver-r",1419330953226539,4791,"Running"
29844,"nio-webserver-r",1419330953231330,17553,"S"
29844,"nio-webserver-r",1419330953248883,13229,"R"
29844,"nio-webserver-r",1419330953262112,246458,"Running"
29844,"nio-webserver-r",1419330953508570,421406,"S"
29844,"nio-webserver-r",1419330953929976,46823,"R"
29844,"nio-webserver-r",1419330953976799,275834,"Running"
29914,"NIO-Worker",1419330954215133,21562,"R"
29914,"NIO-Worker",1419330954236695,345625,"Running"
29844,"nio-webserver-r",1419330954252633,10890312,"S"
29914,"NIO-Worker",1419330954582320,5823906,"S"
29914,"NIO-Worker",1419330960406226,14688,"R"
29914,"NIO-Worker",1419330960420914,534635,"Running"
29914,"NIO-Worker",1419330960955549,145208,"S"
29914,"NIO-Worker",1419330961100757,14948,"R"
29914,"NIO-Worker",1419330961115705,38490,"Running"
29914,"NIO-Worker",1419330961154195,50885,"R+"
29914,"NIO-Worker",1419330961205080,6302,"Running"
29914,"NIO-Worker",1419330961211382,134532,"S"
29914,"NIO-Worker",1419330961345914,16875,"R"
29914,"NIO-Worker",1419330961362789,196250,"Running"
29914,"NIO-Worker",1419330961559039,273750,"S"
29914,"NIO-Worker",1419330961832789,19687,"R"
29914,"NIO-Worker",1419330961852476,22188,"Running"
29914,"NIO-Worker",1419330961874664,44479,"S"
29914,"NIO-Worker",1419330961919143,16458,"R"
29914,"NIO-Worker",1419330961935601,45000,"Running"
29914,"NIO-Worker",1419330961980601,40781,"S"
29914,"NIO-Worker",1419330962021382,21980,"R"
29914,"NIO-Worker",1419330962043362,1197395,"Running"
29914,"NIO-Worker",1419330963240757,16198,"R"
29914,"NIO-Worker",1419330963256955,649115,"Running"
29914,"NIO-Worker",1419330963906070,28229,"R"
29914,"NIO-Worker",1419330963934299,26302,"Running"
29914,"NIO-Worker",1419330963960601,15000,"R+"
29914,"NIO-Worker",1419330963975601,977344,"Running"
29914,"NIO-Worker",1419330964952945,12344,"R+"
29914,"NIO-Worker",1419330964965289,4062,"Running"
29914,"NIO-Worker",1419330964969351,19844,"S"
29914,"NIO-Worker",1419330964989195,13281,"R"
29914,"NIO-Worker",1419330965002476,181823,"Running"
29844,"nio-webserver-r",1419330965142945,15781,"R"
29844,"nio-webserver-r",1419330965158726,333438,"Running"
29914,"NIO-Worker",1419330965184299,415313438,"S"
29844,"nio-webserver-r",1419330965492164,39023229,"S"
29844,"nio-webserver-r",1419331004515393,31771,"R"
29844,"nio-webserver-r",1419331004547164,120000,"Running"
29844,"nio-webserver-r",1419331004667164,1435781,"S"
29844,"nio-webserver-r",1419331006102945,147031,"R"
29844,"nio-webserver-r",1419331006249976,169844,"Running"
29844,"nio-webserver-r",1419331006419820,200937,"S"
29844,"nio-webserver-r",1419331006620757,34636,"R"
29844,"nio-webserver-r",1419331006655393,292031,"Running"
29915,"NIO-Worker",1419331006912580,30209,"R"
29915,"NIO-Worker",1419331006942789,281562,"Running"
29844,"nio-webserver-r",1419331006947424,9066615,"S"
29915,"NIO-Worker",1419331007224351,180313,"R"
29915,"NIO-Worker",1419331007404664,220781,"Running"
29915,"NIO-Worker",1419331007625445,3341719,"S"
29915,"NIO-Worker",1419331010967164,37343,"R"
29915,"NIO-Worker",1419331011004507,591719,"Running"
29915,"NIO-Worker",1419331011596226,173698,"S"
29915,"NIO-Worker",1419331011769924,48802,"R"
29915,"NIO-Worker",1419331011818726,39167,"Running"
29915,"NIO-Worker",1419331011857893,192656,"S"
29915,"NIO-Worker",1419331012050549,16458,"R"
29915,"NIO-Worker",1419331012067007,235261,"Running"
29915,"NIO-Worker",1419331012302268,234375,"S"
29915,"NIO-Worker",1419331012536643,29062,"R"
29915,"NIO-Worker",1419331012565705,17344,"Running"
29915,"NIO-Worker",1419331012583049,68177,"S"
29915,"NIO-Worker",1419331012651226,22813,"R"
29915,"NIO-Worker",1419331012674039,66250,"Running"
29915,"NIO-Worker",1419331012740289,93593,"S"
29915,"NIO-Worker",1419331012833882,34323,"R"
29915,"NIO-Worker",1419331012868205,1222865,"Running"
29915,"NIO-Worker",1419331014091070,10312,"R"
29915,"NIO-Worker",1419331014101382,26250,"Running"
29915,"NIO-Worker",1419331014127632,80157,"R"
29915,"NIO-Worker",1419331014207789,1545104,"Running"
29915,"NIO-Worker",1419331015752893,49531,"R+"
29915,"NIO-Worker",1419331015802424,284531,"Running"
29857,"nio-stream-prod",1419331015912945,45000,"R"
29857,"nio-stream-prod",1419331015957945,86198,"Running"
29844,"nio-webserver-r",1419331016014039,30104,"R"
29844,"nio-webserver-r",1419331016044143,497656,"Running"
29857,"nio-stream-prod",1419331016044143,107530364,"S"
29915,"NIO-Worker",1419331016086955,419254844,"S"
29844,"nio-webserver-r",1419331016541799,39621094,"S"
29844,"nio-webserver-r",1419331056162893,66614,"R"
29844,"nio-webserver-r",1419331056229507,100157,"Running"
29844,"nio-webserver-r",1419331056329664,202656,"S"
29844,"nio-webserver-r",1419331056532320,42187,"R"
29844,"nio-webserver-r",1419331056574507,197969,"Running"
29844,"nio-webserver-r",1419331056772476,562813,"S"
29844,"nio-webserver-r",1419331057335289,81666,"R"
29844,"nio-webserver-r",1419331057416955,70990,"Running"
29844,"nio-webserver-r",1419331057487945,32344,"R"
29844,"nio-webserver-r",1419331057520289,243750,"Running"
29847,"NIO-Worker",1419331057712112,51458,"R"
29847,"NIO-Worker",1419331057763570,333437,"Running"
29844,"nio-webserver-r",1419331057764039,5271093,"S"
29847,"NIO-Worker",1419331058097007,372448,"S"
29847,"NIO-Worker",1419331058469455,25677,"R"
29847,"NIO-Worker",1419331058495132,462605,"Running"
29847,"NIO-Worker",1419331058957737,123645,"S"
29847,"NIO-Worker",1419331059081382,19636,"R"
29847,"NIO-Worker",1419331059101018,35156,"Running"
29847,"NIO-Worker",1419331059136174,78490,"R+"
29847,"NIO-Worker",1419331059214664,6718,"Running"
29847,"NIO-Worker",1419331059221382,144480,"S"
29847,"NIO-Worker",1419331059365862,15468,"R"
29847,"NIO-Worker",1419331059381330,217500,"Running"
29847,"NIO-Worker",1419331059598830,256094,"S"
29847,"NIO-Worker",1419331059854924,31458,"R"
29847,"NIO-Worker",1419331059886382,26719,"Running"
29847,"NIO-Worker",1419331059913101,46042,"S"
29847,"NIO-Worker",1419331059959143,17969,"R"
29847,"NIO-Worker",1419331059977112,43020,"Running"
29847,"NIO-Worker",1419331060020132,47761,"S"
29847,"NIO-Worker",1419331060067893,32031,"R"
29847,"NIO-Worker",1419331060099924,2788177,"Running"
29847,"NIO-Worker",1419331062888101,35156,"R+"
29847,"NIO-Worker",1419331062923257,384948,"Running"
29844,"nio-webserver-r",1419331063035132,250469,"R"
29844,"nio-webserver-r",1419331063285601,388906,"Running"
29847,"NIO-Worker",1419331063308205,426453021,"S"
29844,"nio-webserver-r",1419331063674507,47463594,"S"
29844,"nio-webserver-r",1419331111138101,60625,"R"
29844,"nio-webserver-r",1419331111198726,285469,"Running"
29844,"nio-webserver-r",1419331111484195,17812,"S"
29844,"nio-webserver-r",1419331111502007,11823,"Running"
29844,"nio-webserver-r",1419331111513830,37396,"S"
29844,"nio-webserver-r",1419331111551226,12969,"R"
29844,"nio-webserver-r",1419331111564195,207448,"Running"
29844,"nio-webserver-r",1419331111771643,141927,"S"
29844,"nio-webserver-r",1419331111913570,48594,"R"
29844,"nio-webserver-r",1419331111962164,306354,"Running"
29898,"NIO-Worker",1419331112206226,44375,"R"
29898,"NIO-Worker",1419331112250601,414531,"Running"
29844,"nio-webserver-r",1419331112268518,11402396,"S"
29898,"NIO-Worker",1419331112665132,5675000,"S"
29898,"NIO-Worker",1419331118340132,15261,"R"
29898,"NIO-Worker",1419331118355393,284114,"Running"
29898,"NIO-Worker",1419331118639507,17657,"S"
29898,"NIO-Worker",1419331118657164,267291,"Running"
29898,"NIO-Worker",1419331118924455,184427,"S"
29898,"NIO-Worker",1419331119108882,28750,"R"
29898,"NIO-Worker",1419331119137632,58282,"Running"
29898,"NIO-Worker",1419331119195914,277343,"S"
29898,"NIO-Worker",1419331119473257,31407,"R"
29898,"NIO-Worker",1419331119504664,223593,"Running"
29898,"NIO-Worker",1419331119728257,330000,"S"
29898,"NIO-Worker",1419331120058257,33230,"R"
29898,"NIO-Worker",1419331120091487,21718,"Running"
29898,"NIO-Worker",1419331120113205,41459,"S"
29898,"NIO-Worker",1419331120154664,15625,"R"
29898,"NIO-Worker",1419331120170289,47760,"Running"
29898,"NIO-Worker",1419331120218049,41719,"S"
29898,"NIO-Worker",1419331120259768,26927,"R"
29898,"NIO-Worker",1419331120286695,1183906,"Running"
29898,"NIO-Worker",1419331121470601,312188,"R"
29898,"NIO-Worker",1419331121782789,1647604,"Running"
29898,"NIO-Worker",1419331123430393,25521,"S"
29898,"NIO-Worker",1419331123455914,22500,"R"
29898,"NIO-Worker",1419331123478414,236823,"Running"
29857,"nio-stream-prod",1419331123574507,108125,"R"
29844,"nio-webserver-r",1419331123670914,23854,"R"
29857,"nio-stream-prod",1419331123682632,378855,"Running"
29844,"nio-webserver-r",1419331123694768,246875,"Running"
29898,"NIO-Worker",1419331123715237,420273333,"S"
29844,"nio-webserver-r",1419331123941643,677,"S"
29844,"nio-webserver-r",1419331123942320,41094,"R"
29844,"nio-webserver-r",1419331123983414,125625,"Running"
29857,"nio-stream-prod",1419331124061487,146302,"S"
29844,"nio-webserver-r",1419331124109039,85625,"R+"
29844,"nio-webserver-r",1419331124194664,260573,"Running"
29857,"nio-stream-prod",1419331124207789,26875,"R"
29857,"nio-stream-prod",1419331124234664,54531,"Running"
29857,"nio-stream-prod",1419331124289195,108017344,"S"
29844,"nio-webserver-r",1419331124455237,41826250,"S"
29844,"nio-webserver-r",1419331166281487,80677,"R"
29844,"nio-webserver-r",1419331166362164,133125,"Running"
29844,"nio-webserver-r",1419331166495289,102656,"S"
29844,"nio-webserver-r",1419331166597945,10469,"R"
29844,"nio-webserver-r",1419331166608414,4635,"Running"
29844,"nio-webserver-r",1419331166613049,16615,"S"
29844,"nio-webserver-r",1419331166629664,12343,"R"
29844,"nio-webserver-r",1419331166642007,184323,"Running"
29844,"nio-webserver-r",1419331166826330,387709,"S"
29844,"nio-webserver-r",1419331167214039,35468,"R"
29844,"nio-webserver-r",1419331167249507,57657,"Running"
29844,"nio-webserver-r",1419331167307164,44218,"R"
29844,"nio-webserver-r",1419331167351382,262605,"Running"
29905,"NIO-Worker",1419331167577424,24740,"R"
29905,"NIO-Worker",1419331167602164,389791,"Running"
29844,"nio-webserver-r",1419331167613987,8835937,"S"
29905,"NIO-Worker",1419331167991955,3136459,"S"
29905,"NIO-Worker",1419331171128414,13750,"R"
29905,"NIO-Worker",1419331171142164,202812,"Running"
29905,"NIO-Worker",1419331171344976,21719,"S"
29905,"NIO-Worker",1419331171366695,37031,"R"
29905,"NIO-Worker",1419331171403726,57917,"Running"
29905,"NIO-Worker",1419331171461643,186614,"R"
29905,"NIO-Worker",1419331171648257,303073,"Running"
29905,"NIO-Worker",1419331171951330,71719,"R+"
29905,"NIO-Worker",1419331172023049,11719,"Running"
29905,"NIO-Worker",1419331172034768,61146,"S"
29905,"NIO-Worker",1419331172095914,59635,"R"
29905,"NIO-Worker",1419331172155549,22083,"Running"
29905,"NIO-Worker",1419331172177632,411094,"S"
29905,"NIO-Worker",1419331172588726,26667,"R"
29905,"NIO-Worker",1419331172615393,290364,"Running"
29905,"NIO-Worker",1419331172905757,14323,"R+"
29905,"NIO-Worker",1419331172920080,18021,"Running"
29905,"NIO-Worker",1419331172938101,244011,"S"
29905,"NIO-Worker",1419331173182112,19270,"R"
29905,"NIO-Worker",1419331173201382,41198,"Running"
29905,"NIO-Worker",1419331173242580,72813,"S"
29905,"NIO-Worker",1419331173315393,24739,"R"
29905,"NIO-Worker",1419331173340132,55313,"Running"
29905,"NIO-Worker",1419331173395445,46042,"S"
29905,"NIO-Worker",1419331173441487,38437,"R"
29905,"NIO-Worker",1419331173479924,2771719,"Running"
29905,"NIO-Worker",1419331176251643,35469,"S"
29905,"NIO-Worker",1419331176287112,18750,"R"
29905,"NIO-Worker",1419331176305862,198177,"Running"
29844,"nio-webserver-r",1419331176449924,24375,"R"
29844,"nio-webserver-r",1419331176474299,415521,"Running"
29905,"NIO-Worker",1419331176504039,417261197,"S"
29844,"nio-webserver-r",1419331176889820,42602344,"S"
29844,"nio-webserver-r",1419331219492164,43854,"R"
29844,"nio-webserver-r",1419331219536018,247083,"Running"
29844,"nio-webserver-r",1419331219783101,11667,"S"
29844,"nio-webserver-r",1419331219794768,130937,"R"
29844,"nio-webserver-r",1419331219925705,242344,"Running"
29844,"nio-webserver-r",1419331220168049,74427,"S"
29844,"nio-webserver-r",1419331220242476,51875,"R"
29844,"nio-webserver-r",1419331220294351,318906,"Running"
29908,"NIO-Worker",1419331220564143,43646,"R"
29908,"NIO-Worker",1419331220607789,392135,"Running"
29844,"nio-webserver-r",1419331220613257,11912188,"S"
29908,"NIO-Worker",1419331220999924,5969427,"S"
29908,"NIO-Worker",1419331226969351,24636,"R"
29908,"NIO-Worker",1419331226993987,216458,"Running"
29908,"NIO-Worker",1419331227210445,43854,"S"
29908,"NIO-Worker",1419331227254299,13958,"R"
29908,"NIO-Worker",1419331227268257,145313,"Running"
29908,"NIO-Worker",1419331227413570,42344,"S"
29908,"NIO-Worker",1419331227455914,13750,"R"
29908,"NIO-Worker",1419331227469664,350000,"Running"
29908,"NIO-Worker",1419331227819664,142500,"S"
29908,"NIO-Worker",1419331227962164,21875,"R"
29908,"NIO-Worker",1419331227984039,40885,"Running"
29908,"NIO-Worker",1419331228024924,237083,"S"
29908,"NIO-Worker",1419331228262007,18750,"R"
29908,"NIO-Worker",1419331228280757,228230,"Running"
29908,"NIO-Worker",1419331228508987,257083,"S"
29908,"NIO-Worker",1419331228766070,101406,"R"
29908,"NIO-Worker",1419331228867476,48438,"Running"
29908,"NIO-Worker",1419331228915914,70468,"S"
29908,"NIO-Worker",1419331228986382,36563,"R"
29908,"NIO-Worker",1419331229022945,47812,"Running"
29908,"NIO-Worker",1419331229070757,60782,"S"
29908,"NIO-Worker",1419331229131539,20885,"R"
29908,"NIO-Worker",1419331229152424,1353802,"Running"
29908,"NIO-Worker",1419331230506226,107969,"R"
29908,"NIO-Worker",1419331230614195,1432135,"Running"
29908,"NIO-Worker",1419331232046330,10521,"R"
29908,"NIO-Worker",1419331232056851,56563,"Running"
29908,"NIO-Worker",1419331232113414,37916,"S"
29908,"NIO-Worker",1419331232151330,44532,"R"
29908,"NIO-Worker",1419331232195862,368125,"Running"
29857,"nio-stream-prod",1419331232306539,23750,"R"
29857,"nio-stream-prod",1419331232330289,96666,"Running"
29857,"nio-stream-prod",1419331232426955,106816615,"S"
29844,"nio-webserver-r",1419331232525445,30781,"R"
29844,"nio-webserver-r",1419331232556226,344792,"Running"
29908,"NIO-Worker",1419331232563987,414718176,"S"
29844,"nio-webserver-r",1419331232901018,12187,"R"
29844,"nio-webserver-r",1419331232913205,251459,"Running"
29844,"nio-webserver-r",1419331233164664,41906093,"S"
29844,"nio-webserver-r",1419331275070757,58282,"R"
29844,"nio-webserver-r",1419331275129039,109375,"Running"
29844,"nio-webserver-r",1419331275238414,22500,"R+"
29844,"nio-webserver-r",1419331275260914,12448,"Running"
29844,"nio-webserver-r",1419331275273362,108906,"S"
29844,"nio-webserver-r",1419331275382268,12864,"R"
29844,"nio-webserver-r",1419331275395132,4636,"Running"
29844,"nio-webserver-r",1419331275399768,21719,"S"
29844,"nio-webserver-r",1419331275421487,16614,"R"
29844,"nio-webserver-r",1419331275438101,173073,"Running"
29844,"nio-webserver-r",1419331275611174,404219,"S"
29844,"nio-webserver-r",1419331276015393,72083,"R"
29844,"nio-webserver-r",1419331276087476,265104,"Running"
29911,"NIO-Worker",1419331276315393,30677,"R"
29911,"NIO-Worker",1419331276346070,377344,"Running"
29844,"nio-webserver-r",1419331276352580,13847084,"S"
29911,"NIO-Worker",1419331276723414,8295937,"S"
29911,"NIO-Worker",1419331285019351,21511,"R"
29911,"NIO-Worker",1419331285040862,450052,"Running"
29911,"NIO-Worker",1419331285490914,165468,"S"
29911,"NIO-Worker",1419331285656382,15782,"R"
29911,"NIO-Worker",1419331285672164,39218,"Running"
29911,"NIO-Worker",1419331285711382,225157,"S"
29911,"NIO-Worker",1419331285936539,14062,"R"
29911,"NIO-Worker",1419331285950601,216198,"Running"
29911,"NIO-Worker",1419331286166799,122500,"R+"
29911,"NIO-Worker",1419331286289299,5677,"Running"
29911,"NIO-Worker",1419331286294976,77656,"S"
29911,"NIO-Worker",1419331286372632,12657,"R"
29911,"NIO-Worker",1419331286385289,16510,"Running"
29911,"NIO-Worker",1419331286401799,63750,"S"
29911,"NIO-Worker",1419331286465549,15677,"R"
29911,"NIO-Worker",1419331286481226,38906,"Running"
29911,"NIO-Worker",1419331286520132,46563,"S"
29911,"NIO-Worker",1419331286566695,15312,"R"
29911,"NIO-Worker",1419331286582007,553386,"Running"
29911,"NIO-Worker",1419331287135393,26250,"R"
29911,"NIO-Worker",1419331287161643,1091146,"Running"
29911,"NIO-Worker",1419331288252789,82812,"R"
29911,"NIO-Worker",1419331288335601,104688,"Running"
29911,"NIO-Worker",1419331288440289,45625,"R"
29911,"NIO-Worker",1419331288485914,95000,"Running"
29911,"NIO-Worker",1419331288580914,10885,"R"
29911,"NIO-Worker",1419331288591799,243333,"Running"
29911,"NIO-Worker",1419331288835132,9011,"R"
29911,"NIO-Worker",1419331288844143,202396,"Running"
29911,"NIO-Worker",1419331289046539,31718,"R"
29911,"NIO-Worker",1419331289078257,169532,"Running"
29911,"NIO-Worker",1419331289247789,72812,"R"
29911,"NIO-Worker",1419331289320601,672136,"Running"
29911,"NIO-Worker",1419331289992737,38906,"S"
29911,"NIO-Worker",1419331290031643,20156,"R"
29911,"NIO-Worker",1419331290051799,191875,"Running"
29844,"nio-webserver-r",1419331290199664,54375,"R"
29911,"NIO-Worker",1419331290243674,412875156,"S"
29844,"nio-webserver-r",1419331290254039,105156,"Running"
29844,"nio-webserver-r",1419331290359195,7969,"R"
29844,"nio-webserver-r",1419331290367164,248281,"Running"
29844,"nio-webserver-r",1419331290615445,37757187,"S"
29844,"nio-webserver-r",1419331328372632,60730,"R"
29844,"nio-webserver-r",1419331328433362,165520,"Running"
29844,"nio-webserver-r",1419331328598882,42813,"S"
29844,"nio-webserver-r",1419331328641695,17135,"R"
29844,"nio-webserver-r",1419331328658830,5990,"Running"
29844,"nio-webserver-r",1419331328664820,51875,"S"
29844,"nio-webserver-r",1419331328716695,22969,"R"
29844,"nio-webserver-r",1419331328739664,210104,"Running"
29844,"nio-webserver-r",1419331328949768,97396,"S"
29844,"nio-webserver-r",1419331329047164,33593,"R"
29844,"nio-webserver-r",1419331329080757,97188,"Running"
29844,"nio-webserver-r",1419331329177945,20469,"R"
29844,"nio-webserver-r",1419331329198414,229687,"Running"
29913,"NIO-Worker",1419331329389351,39688,"R"
29844,"nio-webserver-r",1419331329428101,9905156,"S"
29913,"NIO-Worker",1419331329429039,423281,"Running"
29913,"NIO-Worker",1419331329852320,4577135,"S"
29913,"NIO-Worker",1419331334429455,23334,"R"
29913,"NIO-Worker",1419331334452789,473750,"Running"
29913,"NIO-Worker",1419331334926539,10781,"R+"
29913,"NIO-Worker",1419331334937320,5156,"Running"
29913,"NIO-Worker",1419331334942476,115000,"S"
29913,"NIO-Worker",1419331335057476,18854,"R"
29913,"NIO-Worker",1419331335076330,42396,"Running"
29913,"NIO-Worker",1419331335118726,223229,"S"
29913,"NIO-Worker",1419331335341955,16771,"R"
29913,"NIO-Worker",1419331335358726,223906,"Running"
29913,"NIO-Worker",1419331335582632,300313,"S"
29913,"NIO-Worker",1419331335882945,25000,"R"
29913,"NIO-Worker",1419331335907945,92344,"Running"
29913,"NIO-Worker",1419331336000289,66875,"S"
29913,"NIO-Worker",1419331336067164,28541,"R"
29913,"NIO-Worker",1419331336095705,68282,"Running"
29913,"NIO-Worker",1419331336163987,84270,"R+"
29913,"NIO-Worker",1419331336248257,2666980,"Running"
29913,"NIO-Worker",1419331338915237,27708,"R+"
29913,"NIO-Worker",1419331338942945,156094,"Running"
29913,"NIO-Worker",1419331339099039,26093,"S"
29913,"NIO-Worker",1419331339125132,22657,"R"
29913,"NIO-Worker",1419331339147789,226198,"Running"
29857,"nio-stream-prod",1419331339243570,26562,"R"
29857,"nio-stream-prod",1419331339270132,197813,"Running"
29844,"nio-webserver-r",1419331339333257,89323,"R"
29913,"NIO-Worker",1419331339373987,417940051,"S"
29844,"nio-webserver-r",1419331339422580,428959,"Running"
29857,"nio-stream-prod",1419331339467945,101421041,"S"
29844,"nio-webserver-r",1419331339851539,39106406,"S"
29844,"nio-webserver-r",1419331378957945,77969,"R"
29844,"nio-webserver-r",1419331379035914,253385,"Running"
29844,"nio-webserver-r",1419331379289299,122552,"S"
29844,"nio-webserver-r",1419331379411851,64011,"R"
29844,"nio-webserver-r",1419331379475862,510833,"Running"
29844,"nio-webserver-r",1419331379986695,187344,"S"
29844,"nio-webserver-r",1419331380174039,40312,"R"
29844,"nio-webserver-r",1419331380214351,350261,"Running"
29914,"NIO-Worker",1419331380497737,66875,"R"
29844,"nio-webserver-r",1419331380564612,11137343,"S"
29914,"NIO-Worker",1419331380564612,126250,"Running"
29914,"NIO-Worker",1419331380690862,64531,"R"
29914,"NIO-Worker",1419331380755393,93281,"Running"
29914,"NIO-Worker",1419331380848674,11406,"R"
29914,"NIO-Worker",1419331380860080,27344,"Running"
29914,"NIO-Worker",1419331380887424,79115,"R"
29914,"NIO-Worker",1419331380966539,191510,"Running"
29914,"NIO-Worker",1419331381158049,5045990,"S"
29914,"NIO-Worker",1419331386204039,36041,"R"
29914,"NIO-Worker",1419331386240080,249532,"Running"
29914,"NIO-Worker",1419331386489612,273593,"S"
29914,"NIO-Worker",1419331386763205,32084,"R"
29914,"NIO-Worker",1419331386795289,311354,"Running"
29914,"NIO-Worker",1419331387106643,158177,"S"
29914,"NIO-Worker",1419331387264820,49792,"R"
29914,"NIO-Worker",1419331387314612,28125,"Running"
29914,"NIO-Worker",1419331387342737,197083,"S"
29914,"NIO-Worker",1419331387539820,38281,"R"
29914,"NIO-Worker",1419331387578101,208594,"Running"
29914,"NIO-Worker",1419331387786695,253906,"S"
29914,"NIO-Worker",1419331388040601,48906,"R"
29914,"NIO-Worker",1419331388089507,41250,"Running"
29914,"NIO-Worker",1419331388130757,61875,"S"
29914,"NIO-Worker",1419331388192632,24011,"R"
29914,"NIO-Worker",1419331388216643,50937,"Running"
29914,"NIO-Worker",1419331388267580,93490,"S"
29914,"NIO-Worker",1419331388361070,27969,"R"
29914,"NIO-Worker",1419331388389039,474687,"Running"
29914,"NIO-Worker",1419331388863726,32500,"R"
29914,"NIO-Worker",1419331388896226,353750,"Running"
29914,"NIO-Worker",1419331389249976,240781,"R"
29914,"NIO-Worker",1419331389490757,2031719,"Running"
29914,"NIO-Worker",1419331391522476,41719,"R+"
29914,"NIO-Worker",1419331391564195,173437,"Running"
29844,"nio-webserver-r",1419331391701955,15209,"R"
29844,"nio-webserver-r",1419331391717164,431666,"Running"
29914,"NIO-Worker",1419331391737632,417386823,"S"
29844,"nio-webserver-r",1419331392148830,41871615,"S"
29844,"nio-webserver-r",1419331434020445,105156,"R"
29844,"nio-webserver-r",1419331434125601,130313,"Running"
29844,"nio-webserver-r",1419331434255914,102187,"S"
29844,"nio-webserver-r",1419331434358101,67135,"R"
29844,"nio-webserver-r",1419331434425236,206094,"Running"
29844,"nio-webserver-r",1419331434631330,380209,"S"
29844,"nio-webserver-r",1419331435011539,82604,"R"
29844,"nio-webserver-r",1419331435094143,283593,"Running"
29915,"NIO-Worker",1419331435341799,14115,"R"
29915,"NIO-Worker",1419331435355914,351250,"Running"
29844,"nio-webserver-r",1419331435377736,5706875,"S"
29915,"NIO-Worker",1419331435707164,375885,"S"
29915,"NIO-Worker",1419331436083049,14219,"R"
29915,"NIO-Worker",1419331436097268,472239,"Running"
29915,"NIO-Worker",1419331436569507,126250,"S"
29915,"NIO-Worker",1419331436695757,14323,"R"
29915,"NIO-Worker",1419331436710080,48438,"Running"
29915,"NIO-Worker",1419331436758518,281927,"S"
29915,"NIO-Worker",1419331437040445,88385,"R"
29915,"NIO-Worker",1419331437128830,194427,"Running"
29915,"NIO-Worker",1419331437323257,252032,"S"
29915,"NIO-Worker",1419331437575289,49531,"R"
29915,"NIO-Worker",1419331437624820,21562,"Running"
29915,"NIO-Worker",1419331437646382,45625,"S"
29915,"NIO-Worker",1419331437692007,40261,"R"
29915,"NIO-Worker",1419331437732268,64843,"Running"
29915,"NIO-Worker",1419331437797111,64115,"S"
29915,"NIO-Worker",1419331437861226,15104,"R"
29915,"NIO-Worker",1419331437876330,1098959,"Running"
29915,"NIO-Worker",1419331438975289,86093,"R+"
29915,"NIO-Worker",1419331439061382,1666563,"Running"
29915,"NIO-Worker",1419331440727945,22344,"S"
29915,"NIO-Worker",1419331440750289,18281,"R"
29915,"NIO-Worker",1419331440768570,351719,"Running"
29857,"nio-stream-prod",1419331440888986,12240,"R"
29857,"nio-stream-prod",1419331440901226,85260,"Running"
29857,"nio-stream-prod",1419331440986486,110342188,"S"
29844,"nio-webserver-r",1419331441084611,16303,"R"
29844,"nio-webserver-r",1419331441100914,448385,"Running"
29915,"NIO-Worker",1419331441120289,423276249,"S"
29844,"nio-webserver-r",1419331441549299,46360365,"S"
29844,"nio-webserver-r",1419331487909664,117500,"R"
29844,"nio-webserver-r",1419331488027164,14375,"Running"
29844,"nio-webserver-r",1419331488041539,175781,"R"
29844,"nio-webserver-r",1419331488217320,34010,"Running"
29844,"nio-webserver-r",1419331488251330,42188,"R"
29844,"nio-webserver-r",1419331488293518,100521,"Running"
29844,"nio-webserver-r",1419331488394039,8437,"S"
29844,"nio-webserver-r",1419331488402476,75469,"R"
29844,"nio-webserver-r",1419331488477945,6094,"Running"
29844,"nio-webserver-r",1419331488484039,258906,"S"
29844,"nio-webserver-r",1419331488742945,93437,"R"
29844,"nio-webserver-r",1419331488836382,16250,"Running"
29844,"nio-webserver-r",1419331488852632,29844,"R+"
29844,"nio-webserver-r",1419331488882476,238281,"Running"
29844,"nio-webserver-r",1419331489120757,299532,"S"
29844,"nio-webserver-r",1419331489420289,66406,"R"
29844,"nio-webserver-r",1419331489486695,315885,"Running"
29847,"NIO-Worker",1419331489761226,14531,"R"
29847,"NIO-Worker",1419331489775757,359636,"Running"
29844,"nio-webserver-r",1419331489802580,9422396,"S"
29847,"NIO-Worker",1419331490135393,3820208,"S"
29847,"NIO-Worker",1419331493955601,29844,"R"
29847,"NIO-Worker",1419331493985445,323281,"Running"
29847,"NIO-Worker",1419331494308726,5885,"R"
29847,"NIO-Worker",1419331494314611,147396,"Running"
29847,"NIO-Worker",1419331494462007,170000,"S"
29847,"NIO-Worker",1419331494632007,22032,"R"
29847,"NIO-Worker",1419331494654039,49062,"Running"
29847,"NIO-Worker",1419331494703101,236406,"S"
29847,"NIO-Worker",1419331494939507,19532,"R"
29847,"NIO-Worker",1419331494959039,220572,"Running"
29847,"NIO-Worker",1419331495179611,275365,"S"
29847,"NIO-Worker",1419331495454976,26719,"R"
29847,"NIO-Worker",1419331495481695,21406,"Running"
29847,"NIO-Worker",1419331495503101,49792,"S"
29847,"NIO-Worker",1419331495552893,17396,"R"
29847,"NIO-Worker",1419331495570289,69062,"Running"
29847,"NIO-Worker",1419331495639351,58438,"S"
29847,"NIO-Worker",1419331495697789,14843,"R"
29847,"NIO-Worker",1419331495712632,709792,"Running"
29847,"NIO-Worker",1419331496422424,160000,"R"
29847,"NIO-Worker",1419331496582424,252552,"Running"
29847,"NIO-Worker",1419331496834976,7448,"R"
29847,"NIO-Worker",1419331496842424,211562,"Running"
29847,"NIO-Worker",1419331497053986,14271,"R"
29847,"NIO-Worker",1419331497068257,218594,"Running"
29847,"NIO-Worker",1419331497286851,13125,"R"
29847,"NIO-Worker",1419331497299976,24375,"Running"
29847,"NIO-Worker",1419331497324351,62031,"R"
29847,"NIO-Worker",1419331497386382,22500,"Running"
29847,"NIO-Worker",1419331497408882,27448,"R"
29847,"NIO-Worker",1419331497436330,1237709,"Running"
29847,"NIO-Worker",1419331498674039,9166,"R"
29847,"NIO-Worker",1419331498683205,310677,"Running"
29847,"NIO-Worker",1419331498993882,42969,"S"
29847,"NIO-Worker",1419331499036851,41719,"R"
29847,"NIO-Worker",1419331499078570,183437,"Running"
29844,"nio-webserver-r",1419331499224976,9792,"R"
29844,"nio-webserver-r",1419331499234768,297396,"Running"
29847,"NIO-Worker",1419331499262007,420239948,"S"
29844,"nio-webserver-r",1419331499532164,165156,"R+"
29844,"nio-webserver-r",1419331499697320,7500,"Running"
29844,"nio-webserver-r",1419331499704820,5312,"R+"
29844,"nio-webserver-r",1419331499710132,100417,"Running"
29844,"nio-webserver-r",1419331499810549,42827552,"S"
29844,"nio-webserver-r",1419331542638101,56250,"R"
29844,"nio-webserver-r",1419331542694351,128281,"Running"
29844,"nio-webserver-r",1419331542822632,36250,"S"
29844,"nio-webserver-r",1419331542858882,22344,"R"
29844,"nio-webserver-r",1419331542881226,14375,"Running"
29844,"nio-webserver-r",1419331542895601,83854,"S"
29844,"nio-webserver-r",1419331542979455,33021,"R"
29844,"nio-webserver-r",1419331543012476,181094,"Running"
29844,"nio-webserver-r",1419331543193570,499791,"S"
29844,"nio-webserver-r",1419331543693361,47709,"R"
29844,"nio-webserver-r",1419331543741070,277187,"Running"
29898,"NIO-Worker",1419331543988570,12656,"R"
29898,"NIO-Worker",1419331544001226,366094,"Running"
29844,"nio-webserver-r",1419331544018257,7412813,"S"
29898,"NIO-Worker",1419331544367320,2316041,"S"
29898,"NIO-Worker",1419331546683361,88282,"R"
29898,"NIO-Worker",1419331546771643,372812,"Running"
29898,"NIO-Worker",1419331547144455,138490,"R+"
29898,"NIO-Worker",1419331547282945,39375,"Running"
29898,"NIO-Worker",1419331547322320,230312,"S"
29898,"NIO-Worker",1419331547552632,29063,"R"
29898,"NIO-Worker",1419331547581695,226510,"Running"
29898,"NIO-Worker",1419331547808205,329271,"S"
29898,"NIO-Worker",1419331548137476,27500,"R"
29898,"NIO-Worker",1419331548164976,45573,"Running"
29898,"NIO-Worker",1419331548210549,68750,"S"
29898,"NIO-Worker",1419331548279299,25677,"R"
29898,"NIO-Worker",1419331548304976,50938,"Running"
29898,"NIO-Worker",1419331548355914,49843,"S"
29898,"NIO-Worker",1419331548405757,13594,"R"
29898,"NIO-Worker",1419331548419351,2766875,"Running"
29898,"NIO-Worker",1419331551186226,37813,"R+"
29898,"NIO-Worker",1419331551224039,259479,"Running"
29857,"nio-stream-prod",1419331551328674,28958,"R"
29857,"nio-stream-prod",1419331551357632,116042,"Running"
29844,"nio-webserver-r",1419331551431070,42604,"R"
29844,"nio-webserver-r",1419331551473674,183490,"Running"
29857,"nio-stream-prod",1419331551473674,101886302,"S"
29898,"NIO-Worker",1419331551483518,419311302,"S"
29844,"nio-webserver-r",1419331551657164,30625,"R+"
29844,"nio-webserver-r",1419331551687789,286093,"Running"
29844,"nio-webserver-r",1419331551973882,40255573,"S"
29844,"nio-webserver-r",1419331592229455,42709,"R"
29844,"nio-webserver-r",1419331592272164,150937,"Running"
29844,"nio-webserver-r",1419331592423101,115469,"S"
29844,"nio-webserver-r",1419331592538570,119219,"R"
29844,"nio-webserver-r",1419331592657789,246406,"Running"
29844,"nio-webserver-r",1419331592904195,578073,"S"
29844,"nio-webserver-r",1419331593482268,33489,"R"
29844,"nio-webserver-r",1419331593515757,288282,"Running"
29905,"NIO-Worker",1419331593765236,29271,"R"
29905,"NIO-Worker",1419331593794507,352500,"Running"
29844,"nio-webserver-r",1419331593804039,13316822,"S"
29905,"NIO-Worker",1419331594147007,7352448,"S"
29905,"NIO-Worker",1419331601499455,15052,"R"
29905,"NIO-Worker",1419331601514507,292188,"Running"
29905,"NIO-Worker",1419331601806695,35156,"S"
29905,"NIO-Worker",1419331601841851,412031,"Running"
29905,"NIO-Worker",1419331602253882,146250,"S"
29905,"NIO-Worker",1419331602400132,18698,"R"
29905,"NIO-Worker",1419331602418830,41771,"Running"
29905,"NIO-Worker",1419331602460601,374948,"S"
29905,"NIO-Worker",1419331602835549,13802,"R"
29905,"NIO-Worker",1419331602849351,225000,"Running"
29905,"NIO-Worker",1419331603074351,11875,"R+"
29905,"NIO-Worker",1419331603086226,10625,"Running"
29905,"NIO-Worker",1419331603096851,257344,"S"
29905,"NIO-Worker",1419331603354195,43281,"R"
29905,"NIO-Worker",1419331603397476,44010,"Running"
29905,"NIO-Worker",1419331603441486,52709,"S"
29905,"NIO-Worker",1419331603494195,16510,"R"
29905,"NIO-Worker",1419331603510705,70834,"Running"
29905,"NIO-Worker",1419331603581539,52968,"S"
29905,"NIO-Worker",1419331603634507,18125,"R"
29905,"NIO-Worker",1419331603652632,998386,"Running"
29905,"NIO-Worker",1419331604651018,29687,"R"
29905,"NIO-Worker",1419331604680705,46146,"Running"
29905,"NIO-Worker",1419331604726851,62344,"R"
29905,"NIO-Worker",1419331604789195,101250,"Running"
29905,"NIO-Worker",1419331604890445,38594,"R"
29905,"NIO-Worker",1419331604929039,640156,"Running"
29905,"NIO-Worker",1419331605569195,252500,"R"
29905,"NIO-Worker",1419331605821695,1096250,"Running"
29905,"NIO-Worker",1419331606917945,50104,"R+"
29905,"NIO-Worker",1419331606968049,208021,"Running"
29844,"nio-webserver-r",1419331607120861,27865,"R"
29844,"nio-webserver-r",1419331607148726,437188,"Running"
29905,"NIO-Worker",1419331607176070,418460468,"S"
29844,"nio-webserver-r",1419331607585914,38296666,"S"
29844,"nio-webserver-r",1419331645882580,53646,"R"
29844,"nio-webserver-r",1419331645936226,244219,"Running"
29844,"nio-webserver-r",1419331646180445,23229,"S"
29844,"nio-webserver-r",1419331646203674,11146,"R"
29844,"nio-webserver-r",1419331646214820,4948,"Running"
29844,"nio-webserver-r",1419331646219768,108333,"S"
29844,"nio-webserver-r",1419331646328101,22812,"R"
29844,"nio-webserver-r",1419331646350913,189323,"Running"
29844,"nio-webserver-r",1419331646540236,409584,"S"
29844,"nio-webserver-r",1419331646949820,50104,"R"
29844,"nio-webserver-r",1419331646999924,295052,"Running"
29908,"NIO-Worker",1419331647282163,23594,"R"
29844,"nio-webserver-r",1419331647294976,123281,"R+"
29908,"NIO-Worker",1419331647305757,94375,"Running"
29908,"NIO-Worker",1419331647400132,12136,"R"
29908,"NIO-Worker",1419331647412268,673177,"Running"
29844,"nio-webserver-r",1419331647418257,33281,"Running"
29844,"nio-webserver-r",1419331647451538,5981719,"S"
29908,"NIO-Worker",1419331648085445,165937,"S"
29908,"NIO-Worker",1419331648251382,19531,"R"
29908,"NIO-Worker",1419331648270913,53594,"Running"
29908,"NIO-Worker",1419331648324507,287344,"S"
29908,"NIO-Worker",1419331648611851,23594,"R"
29908,"NIO-Worker",1419331648635445,336510,"Running"
29908,"NIO-Worker",1419331648971955,363750,"S"
29908,"NIO-Worker",1419331649335705,20156,"R"
29908,"NIO-Worker",1419331649355861,33021,"Running"
29908,"NIO-Worker",1419331649388882,90313,"S"
29908,"NIO-Worker",1419331649479195,22604,"R"
29908,"NIO-Worker",1419331649501799,60364,"Running"
29908,"NIO-Worker",1419331649562163,64323,"S"
29908,"NIO-Worker",1419331649626486,18750,"R"
29908,"NIO-Worker",1419331649645236,3548959,"Running"
29908,"NIO-Worker",1419331653194195,36093,"R+"
29908,"NIO-Worker",1419331653230288,246875,"Running"
29857,"nio-stream-prod",1419331653359976,17187,"R"
29857,"nio-stream-prod",1419331653377163,101094,"Running"
29844,"nio-webserver-r",1419331653433257,40313,"R"
29844,"nio-webserver-r",1419331653473570,422656,"Running"
29908,"NIO-Worker",1419331653477163,422995469,"S"
29857,"nio-stream-prod",1419331653478257,116148125,"S"
29844,"nio-webserver-r",1419331653896226,47282292,"S"
29844,"nio-webserver-r",1419331701178518,38177,"R"
29844,"nio-webserver-r",1419331701216695,133281,"Running"
29844,"nio-webserver-r",1419331701349976,34844,"R"
29844,"nio-webserver-r",1419331701384820,83229,"Running"
29844,"nio-webserver-r",1419331701468049,334896,"S"
29844,"nio-webserver-r",1419331701802945,42343,"R"
29844,"nio-webserver-r",1419331701845288,32500,"Running"
29844,"nio-webserver-r",1419331701877788,140105,"S"
29844,"nio-webserver-r",1419331702017893,63125,"R"
29844,"nio-webserver-r",1419331702081018,217239,"Running"
29844,"nio-webserver-r",1419331702298257,460104,"S"
29844,"nio-webserver-r",1419331702758361,59740,"R"
29844,"nio-webserver-r",1419331702818101,338750,"Running"
29911,"NIO-Worker",1419331703118830,14375,"R"
29911,"NIO-Worker",1419331703133205,374740,"Running"
29844,"nio-webserver-r",1419331703156851,7975156,"S"
29911,"NIO-Worker",1419331703507945,2437604,"S"
29911,"NIO-Worker",1419331705945549,11875,"R"
29911,"NIO-Worker",1419331705957424,613333,"Running"
29911,"NIO-Worker",1419331706570757,169688,"S"
29911,"NIO-Worker",1419331706740445,22448,"R"
29911,"NIO-Worker",1419331706762893,52500,"Running"
29911,"NIO-Worker",1419331706815393,260937,"S"
29911,"NIO-Worker",1419331707076330,15833,"R"
29911,"NIO-Worker",1419331707092163,220938,"Running"
29911,"NIO-Worker",1419331707313101,299844,"S"
29911,"NIO-Worker",1419331707612945,26250,"R"
29911,"NIO-Worker",1419331707639195,32656,"Running"
29911,"NIO-Worker",1419331707671851,70312,"S"
29911,"NIO-Worker",1419331707742163,16563,"R"
29911,"NIO-Worker",1419331707758726,45469,"Running"
29911,"NIO-Worker",1419331707804195,50000,"S"
29911,"NIO-Worker",1419331707854195,47968,"R"
29911,"NIO-Worker",1419331707902163,2815157,"Running"
29911,"NIO-Worker",1419331710717320,245468,"S"
29911,"NIO-Worker",1419331710962788,38907,"R"
29911,"NIO-Worker",1419331711001695,177916,"Running"
29844,"nio-webserver-r",1419331711132007,25469,"R"
29844,"nio-webserver-r",1419331711157476,235000,"Running"
29911,"NIO-Worker",1419331711179611,419811146,"S"
29844,"nio-webserver-r",1419331711392476,49687,"R+"
29844,"nio-webserver-r",1419331711442163,118698,"Running"
29844,"nio-webserver-r",1419331711560861,44271,"R+"
29844,"nio-webserver-r",1419331711605132,85261,"Running"
29844,"nio-webserver-r",1419331711690393,57708,"R"
29844,"nio-webserver-r",1419331711748101,42604,"Running"
29844,"nio-webserver-r",1419331711790705,43788177,"S"
29844,"nio-webserver-r",1419331755578882,38125,"R"
29844,"nio-webserver-r",1419331755617007,20938,"Running"
29844,"nio-webserver-r",1419331755637945,4843,"R"
29844,"nio-webserver-r",1419331755642788,76511,"Running"
29844,"nio-webserver-r",1419331755719299,76927,"R+"
29844,"nio-webserver-r",1419331755796226,39531,"Running"
29844,"nio-webserver-r",1419331755835757,239219,"S"
29844,"nio-webserver-r",1419331756074976,53281,"R"
29844,"nio-webserver-r",1419331756128257,7188,"Running"
29844,"nio-webserver-r",1419331756135445,28906,"S"
29844,"nio-webserver-r",1419331756164351,8437,"R"
29844,"nio-webserver-r",1419331756172788,183282,"Running"
29844,"nio-webserver-r",1419331756356070,636718,"S"
29844,"nio-webserver-r",1419331756992788,49480,"R"
29844,"nio-webserver-r",1419331757042268,328333,"Running"
29913,"NIO-Worker",1419331757314038,56563,"R"
29844,"nio-webserver-r",1419331757370601,12341979,"S"
29913,"NIO-Worker",1419331757370601,280729,"Running"
29913,"NIO-Worker",1419331757651330,6994844,"S"
29913,"NIO-Worker",1419331764646174,39739,"R"
29913,"NIO-Worker",1419331764685913,205625,"Running"
29913,"NIO-Worker",1419331764891538,48698,"R"
29913,"NIO-Worker",1419331764940236,313594,"Running"
29913,"NIO-Worker",1419331765253830,138490,"S"
29913,"NIO-Worker",1419331765392320,21198,"R"
29913,"NIO-Worker",1419331765413518,67395,"Running"
29913,"NIO-Worker",1419331765480913,231250,"S"
29913,"NIO-Worker",1419331765712163,47500,"R"
29913,"NIO-Worker",1419331765759663,218750,"Running"
29913,"NIO-Worker",1419331765978413,314323,"S"
29913,"NIO-Worker",1419331766292736,21927,"R"
29913,"NIO-Worker",1419331766314663,16198,"Running"
29913,"NIO-Worker",1419331766330861,51927,"S"
29913,"NIO-Worker",1419331766382788,22500,"R"
29913,"NIO-Worker",1419331766405288,47448,"Running"
29913,"NIO-Worker",1419331766452736,40834,"S"
29913,"NIO-Worker",1419331766493570,21718,"R"
29913,"NIO-Worker",1419331766515288,646042,"Running"
29913,"NIO-Worker",1419331767161330,26302,"R"
29913,"NIO-Worker",1419331767187632,2284063,"Running"
29913,"NIO-Worker",1419331769471695,47656,"R+"
29913,"NIO-Worker",1419331769519351,231406,"Running"
29857,"nio-stream-prod",1419331769626382,14636,"R"
29857,"nio-stream-prod",1419331769641018,102343,"Running"
29844,"nio-webserver-r",1419331769712580,30365,"R"
29844,"nio-webserver-r",1419331769742945,229843,"Running"
29857,"nio-stream-prod",1419331769743361,101392032,"S"
29913,"NIO-Worker",1419331769750757,415660156,"S"
29844,"nio-webserver-r",1419331769972788,37969,"R+"
29844,"nio-webserver-r",1419331770010757,251511,"Running"
29844,"nio-webserver-r",1419331770262268,37771718,"S"
29844,"nio-webserver-r",1419331808033986,32709,"R"
29844,"nio-webserver-r",1419331808066695,253437,"Running"
29844,"nio-webserver-r",1419331808320132,19375,"R+"
29844,"nio-webserver-r",1419331808339507,30313,"Running"
29844,"nio-webserver-r",1419331808369820,9479,"S"
29844,"nio-webserver-r",1419331808379299,21614,"R"
29844,"nio-webserver-r",1419331808400913,8125,"Running"
29844,"nio-webserver-r",1419331808409038,17344,"S"
29844,"nio-webserver-r",1419331808426382,47500,"R"
29844,"nio-webserver-r",1419331808473882,182136,"Running"
29844,"nio-webserver-r",1419331808656018,135781,"S"
29844,"nio-webserver-r",1419331808791799,35781,"R"
29844,"nio-webserver-r",1419331808827580,339219,"Running"
29914,"NIO-Worker",1419331809124455,25365,"R"
29914,"NIO-Worker",1419331809149820,358125,"Running"
29844,"nio-webserver-r",1419331809166799,9398177,"S"
29914,"NIO-Worker",1419331809507945,4072656,"S"
29914,"NIO-Worker",1419331813580601,34062,"R"
29914,"NIO-Worker",1419331813614663,155469,"Running"
29914,"NIO-Worker",1419331813770132,59011,"R"
29914,"NIO-Worker",1419331813829143,398489,"Running"
29914,"NIO-Worker",1419331814227632,141719,"S"
29914,"NIO-Worker",1419331814369351,26042,"R"
29914,"NIO-Worker",1419331814395393,50364,"Running"
29914,"NIO-Worker",1419331814445757,234636,"S"
29914,"NIO-Worker",1419331814680393,13958,"R"
29914,"NIO-Worker",1419331814694351,218437,"Running"
29914,"NIO-Worker",1419331814912788,70105,"R+"
29914,"NIO-Worker",1419331814982893,10052,"Running"
29914,"NIO-Worker",1419331814992945,205416,"S"
29914,"NIO-Worker",1419331815198361,11459,"R"
29914,"NIO-Worker",1419331815209820,30781,"Running"
29914,"NIO-Worker",1419331815240601,65781,"S"
29914,"NIO-Worker",1419331815306382,14167,"R"
29914,"NIO-Worker",1419331815320549,48594,"Running"
29914,"NIO-Worker",1419331815369143,80312,"R+"
29914,"NIO-Worker",1419331815449455,2784583,"Running"
29914,"NIO-Worker",1419331818234038,22032,"S"
29914,"NIO-Worker",1419331818256070,49010,"R"
29914,"NIO-Worker",1419331818305080,303333,"Running"
29844,"nio-webserver-r",1419331818564976,28906,"R"
29844,"nio-webserver-r",1419331818593882,425886,"Running"
29914,"NIO-Worker",1419331818608413,419125625,"S"
29844,"nio-webserver-r",1419331819019768,43698958,"S"
29844,"nio-webserver-r",1419331862718726,34479,"R"
29844,"nio-webserver-r",1419331862753205,120208,"Running"
29844,"nio-webserver-r",1419331862873413,218386,"S"
29844,"nio-webserver-r",1419331863091799,32969,"R"
29844,"nio-webserver-r",1419331863124768,21718,"Running"
29844,"nio-webserver-r",1419331863146486,25521,"S"
29844,"nio-webserver-r",1419331863172007,27031,"R"
29844,"nio-webserver-r",1419331863199038,87500,"Running"
29844,"nio-webserver-r",1419331863286538,80625,"R"
29844,"nio-webserver-r",1419331863367163,132292,"Running"
29844,"nio-webserver-r",1419331863499455,541563,"S"
29844,"nio-webserver-r",1419331864041018,85625,"R"
29844,"nio-webserver-r",1419331864126643,313489,"Running"
29915,"NIO-Worker",1419331864396538,48282,"R"
29844,"nio-webserver-r",1419331864440132,6781354,"S"
29915,"NIO-Worker",1419331864444820,341562,"Running"
29915,"NIO-Worker",1419331864786382,1133750,"S"
29915,"NIO-Worker",1419331865920132,58438,"R"
29915,"NIO-Worker",1419331865978570,233906,"Running"
29915,"NIO-Worker",1419331866212476,1823,"S"
29915,"NIO-Worker",1419331866214299,51094,"R"
29915,"NIO-Worker",1419331866265393,59687,"Running"
29915,"NIO-Worker",1419331866325080,63594,"S"
29915,"NIO-Worker",1419331866388674,95364,"Running"
29915,"NIO-Worker",1419331866484038,34011,"S"
29915,"NIO-Worker",1419331866518049,330781,"Running"
29915,"NIO-Worker",1419331866848830,135833,"S"
29915,"NIO-Worker",1419331866984663,18594,"R"
29915,"NIO-Worker",1419331867003257,47292,"Running"
29915,"NIO-Worker",1419331867050549,271146,"S"
29915,"NIO-Worker",1419331867321695,24948,"R"
29915,"NIO-Worker",1419331867346643,234739,"Running"
29915,"NIO-Worker",1419331867581382,318906,"S"
29915,"NIO-Worker",1419331867900288,62657,"R"
29915,"NIO-Worker",1419331867962945,17343,"Running"
29915,"NIO-Worker",1419331867980288,48438,"S"
29915,"NIO-Worker",1419331868028726,15312,"R"
29915,"NIO-Worker",1419331868044038,56563,"Running"
29915,"NIO-Worker",1419331868100601,62812,"S"
29915,"NIO-Worker",1419331868163413,16511,"R"
29915,"NIO-Worker",1419331868179924,2783021,"Running"
29915,"NIO-Worker",1419331870962945,23698,"S"
29915,"NIO-Worker",1419331870986643,26458,"R"
29915,"NIO-Worker",1419331871013101,281562,"Running"
29857,"nio-stream-prod",1419331871135393,23333,"R"
29857,"nio-stream-prod",1419331871158726,107812,"Running"
29844,"nio-webserver-r",1419331871221486,59271,"R"
29857,"nio-stream-prod",1419331871266538,111698542,"S"
29844,"nio-webserver-r",1419331871280757,122813,"Running"
29915,"NIO-Worker",1419331871294663,421725886,"S"
29844,"nio-webserver-r",1419331871403570,174062,"R+"
29844,"nio-webserver-r",1419331871577632,88073,"Running"
29844,"nio-webserver-r",1419331871665705,11875,"R+"
29844,"nio-webserver-r",1419331871677580,278594,"Running"
29844,"nio-webserver-r",1419331871956174,46032552,"S"
29844,"nio-webserver-r",1419331917988726,66406,"R"
29844,"nio-webserver-r",1419331918055132,157500,"Running"
29844,"nio-webserver-r",1419331918212632,22917,"S"
29844,"nio-webserver-r",1419331918235549,11458,"R"
29844,"nio-webserver-r",1419331918247007,9011,"Running"
29844,"nio-webserver-r",1419331918256018,20625,"S"
29844,"nio-webserver-r",1419331918276643,23802,"R"
29844,"nio-webserver-r",1419331918300445,109635,"Running"
29844,"nio-webserver-r",1419331918410080,37656,"R"
29844,"nio-webserver-r",1419331918447736,178594,"Running"
29844,"nio-webserver-r",1419331918626330,366771,"S"
29844,"nio-webserver-r",1419331918993101,38854,"R"
29844,"nio-webserver-r",1419331919031955,536302,"Running"
29847,"NIO-Worker",1419331919501955,17500,"R"
29847,"NIO-Worker",1419331919519455,391094,"Running"
29844,"nio-webserver-r",1419331919568257,6816042,"S"
29847,"NIO-Worker",1419331919910549,1017500,"S"
29847,"NIO-Worker",1419331920928049,28802,"R"
29847,"NIO-Worker",1419331920956851,355781,"Running"
29847,"NIO-Worker",1419331921312632,33906,"S"
29847,"NIO-Worker",1419331921346538,48594,"R"
29847,"NIO-Worker",1419331921395132,395000,"Running"
29847,"NIO-Worker",1419331921790132,424844,"S"
29847,"NIO-Worker",1419331922214976,61094,"R"
29847,"NIO-Worker",1419331922276070,30156,"Running"
29847,"NIO-Worker",1419331922306226,223073,"S"
29847,"NIO-Worker",1419331922529299,20937,"R"
29847,"NIO-Worker",1419331922550236,226875,"Running"
29847,"NIO-Worker",1419331922777111,8907,"R+"
29847,"NIO-Worker",1419331922786018,6927,"Running"
29847,"NIO-Worker",1419331922792945,231093,"S"
29847,"NIO-Worker",1419331923024038,71511,"R"
29847,"NIO-Worker",1419331923095549,45989,"Running"
29847,"NIO-Worker",1419331923141538,15730,"R+"
29847,"NIO-Worker",1419331923157268,11562,"Running"
29847,"NIO-Worker",1419331923168830,38490,"S"
29847,"NIO-Worker",1419331923207320,27031,"R"
29847,"NIO-Worker",1419331923234351,50781,"Running"
29847,"NIO-Worker",1419331923285132,7917,"R+"
29847,"NIO-Worker",1419331923293049,23646,"Running"
29847,"NIO-Worker",1419331923316695,22291,"S"
29847,"NIO-Worker",1419331923338986,13907,"R"
29847,"NIO-Worker",1419331923352893,2848177,"Running"
29847,"NIO-Worker",1419331926201070,36250,"R+"
29847,"NIO-Worker",1419331926237320,213593,"Running"
29844,"nio-webserver-r",1419331926384299,23281,"R"
29844,"nio-webserver-r",1419331926407580,408177,"Running"
29847,"NIO-Worker",1419331926450913,420835000,"S"
29844,"nio-webserver-r",1419331926815757,42916354,"S"
29844,"nio-webserver-r",1419331969732111,20677,"R"
29844,"nio-webserver-r",1419331969752788,129948,"Running"
29844,"nio-webserver-r",1419331969882736,81771,"S"
29844,"nio-webserver-r",1419331969964507,37448,"R"
29844,"nio-webserver-r",1419331970001955,199583,"Running"
29844,"nio-webserver-r",1419331970201538,287969,"S"
29844,"nio-webserver-r",1419331970489507,50000,"R"
29844,"nio-webserver-r",1419331970539507,293281,"Running"
29898,"NIO-Worker",1419331970794820,16823,"R"
29898,"NIO-Worker",1419331970811643,361875,"Running"
29844,"nio-webserver-r",1419331970832788,12245938,"S"
29898,"NIO-Worker",1419331971173518,6973437,"S"
29898,"NIO-Worker",1419331978146955,14063,"R"
29898,"NIO-Worker",1419331978161018,478125,"Running"
29898,"NIO-Worker",1419331978639143,134687,"S"
29898,"NIO-Worker",1419331978773830,17552,"R"
29898,"NIO-Worker",1419331978791382,37969,"Running"
29898,"NIO-Worker",1419331978829351,205104,"S"
29898,"NIO-Worker",1419331979034455,16250,"R"
29898,"NIO-Worker",1419331979050705,203646,"Running"
29898,"NIO-Worker",1419331979254351,259062,"S"
29898,"NIO-Worker",1419331979513413,44636,"R"
29898,"NIO-Worker",1419331979558049,43021,"Running"
29898,"NIO-Worker",1419331979601070,114635,"S"
29898,"NIO-Worker",1419331979715705,37240,"R"
29898,"NIO-Worker",1419331979752945,48229,"Running"
29898,"NIO-Worker",1419331979801174,54114,"S"
29898,"NIO-Worker",1419331979855288,18594,"R"
29898,"NIO-Worker",1419331979873882,248750,"Running"
29898,"NIO-Worker",1419331980122632,9375,"R"
29898,"NIO-Worker",1419331980132007,137917,"Running"
29898,"NIO-Worker",1419331980269924,32656,"R"
29898,"NIO-Worker",1419331980302580,18281,"Running"
29898,"NIO-Worker",1419331980320861,12240,"R"
29898,"NIO-Worker",1419331980333101,2457604,"Running"
29898,"NIO-Worker",1419331982790705,29896,"S"
29898,"NIO-Worker",1419331982820601,20937,"R"
29898,"NIO-Worker",1419331982841538,299375,"Running"
29857,"nio-stream-prod",1419331982965080,30052,"R"
29857,"nio-stream-prod",1419331982995132,101875,"Running"
29844,"nio-webserver-r",1419331983078726,60312,"R"
29857,"nio-stream-prod",1419331983097007,98547656,"S"
29844,"nio-webserver-r",1419331983139038,434011,"Running"
29898,"NIO-Worker",1419331983140913,418456563,"S"
29844,"nio-webserver-r",1419331983573049,40833021,"S"
29844,"nio-webserver-r",1419332024406070,33073,"R"
29844,"nio-webserver-r",1419332024439143,266145,"Running"
29844,"nio-webserver-r",1419332024705288,17188,"R+"
29844,"nio-webserver-r",1419332024722476,26354,"Running"
29844,"nio-webserver-r",1419332024748830,44583,"S"
29844,"nio-webserver-r",1419332024793413,69219,"R"
29844,"nio-webserver-r",1419332024862632,21563,"Running"
29844,"nio-webserver-r",1419332024884195,42187,"S"
29844,"nio-webserver-r",1419332024926382,122188,"Running"
29844,"nio-webserver-r",1419332025048570,20625,"R+"
29844,"nio-webserver-r",1419332025069195,86718,"Running"
29844,"nio-webserver-r",1419332025155913,181355,"S"
29844,"nio-webserver-r",1419332025337268,43802,"R"
29844,"nio-webserver-r",1419332025381070,307656,"Running"
29905,"NIO-Worker",1419332025636538,23386,"R"
29905,"NIO-Worker",1419332025659924,363802,"Running"
29844,"nio-webserver-r",1419332025688726,13616094,"S"
29905,"NIO-Worker",1419332026023726,7917031,"S"
29905,"NIO-Worker",1419332033940757,18750,"R"
29905,"NIO-Worker",1419332033959507,342813,"Running"
29905,"NIO-Worker",1419332034302320,16041,"S"
29905,"NIO-Worker",1419332034318361,250677,"Running"
29905,"NIO-Worker",1419332034569038,145261,"S"
29905,"NIO-Worker",1419332034714299,33958,"R"
29905,"NIO-Worker",1419332034748257,93229,"Running"
29905,"NIO-Worker",1419332034841486,251615,"S"
29905,"NIO-Worker",1419332035093101,32500,"R"
29905,"NIO-Worker",1419332035125601,245000,"Running"
29905,"NIO-Worker",1419332035370601,486042,"S"
29905,"NIO-Worker",1419332035856643,27656,"R"
29905,"NIO-Worker",1419332035884299,41302,"Running"
29905,"NIO-Worker",1419332035925601,50260,"S"
29905,"NIO-Worker",1419332035975861,15938,"R"
29905,"NIO-Worker",1419332035991799,63177,"Running"
29905,"NIO-Worker",1419332036054976,44062,"S"
29905,"NIO-Worker",1419332036099038,15105,"R"
29905,"NIO-Worker",1419332036114143,2231927,"Running"
29905,"NIO-Worker",1419332038346070,10885,"R"
29905,"NIO-Worker",1419332038356955,571615,"Running"
29905,"NIO-Worker",1419332038928570,84323,"R"
29905,"NIO-Worker",1419332039012893,51614,"Running"
29905,"NIO-Worker",1419332039064507,37188,"S"
29905,"NIO-Worker",1419332039101695,59010,"R"
29905,"NIO-Worker",1419332039160705,181615,"Running"
29844,"nio-webserver-r",1419332039304820,11406,"R"
29844,"nio-webserver-r",1419332039316226,379219,"Running"
29905,"NIO-Worker",1419332039342320,417930468,"S"
29844,"nio-webserver-r",1419332039695445,35533229,"S"
29844,"nio-webserver-r",1419332075228674,77552,"R"
29844,"nio-webserver-r",1419332075306226,118854,"Running"
29844,"nio-webserver-r",1419332075425080,46927,"S"
29844,"nio-webserver-r",1419332075472007,37344,"R"
29844,"nio-webserver-r",1419332075509351,75625,"Running"
29844,"nio-webserver-r",1419332075584976,61094,"R"
29844,"nio-webserver-r",1419332075646070,150937,"Running"
29844,"nio-webserver-r",1419332075797007,357969,"S"
29844,"nio-webserver-r",1419332076154976,71094,"R"
29844,"nio-webserver-r",1419332076226070,298750,"Running"
29908,"NIO-Worker",1419332076472632,34323,"R"
29908,"NIO-Worker",1419332076506955,816927,"Running"
29844,"nio-webserver-r",1419332076524820,5231875,"S"
29908,"NIO-Worker",1419332077323882,79688,"R+"
29908,"NIO-Worker",1419332077403570,7968,"Running"
29908,"NIO-Worker",1419332077411538,35573,"S"
29908,"NIO-Worker",1419332077447111,16563,"R"
29908,"NIO-Worker",1419332077463674,36771,"Running"
29908,"NIO-Worker",1419332077500445,16406,"R+"
29908,"NIO-Worker",1419332077516851,8125,"Running"
29908,"NIO-Worker",1419332077524976,204844,"S"
29908,"NIO-Worker",1419332077729820,29062,"R"
29908,"NIO-Worker",1419332077758882,220625,"Running"
29908,"NIO-Worker",1419332077979507,258229,"S"
29908,"NIO-Worker",1419332078237736,26927,"R"
29908,"NIO-Worker",1419332078264663,24375,"Running"
29908,"NIO-Worker",1419332078289038,39323,"S"
29908,"NIO-Worker",1419332078328361,22500,"R"
29908,"NIO-Worker",1419332078350861,51615,"Running"
29908,"NIO-Worker",1419332078402476,51250,"S"
29908,"NIO-Worker",1419332078453726,15625,"R"
29908,"NIO-Worker",1419332078469351,1128750,"Running"
29908,"NIO-Worker",1419332079598101,12187,"R"
29908,"NIO-Worker",1419332079610288,9063,"Running"
29908,"NIO-Worker",1419332079619351,46666,"R"
29908,"NIO-Worker",1419332079666017,1721459,"Running"
29908,"NIO-Worker",1419332081387476,11875,"R+"
29908,"NIO-Worker",1419332081399351,7500,"Running"
29908,"NIO-Worker",1419332081406851,8906,"S"
29908,"NIO-Worker",1419332081415757,45469,"R"
29908,"NIO-Worker",1419332081461226,330156,"Running"
29857,"nio-stream-prod",1419332081644663,14688,"R"
29857,"nio-stream-prod",1419332081659351,97291,"Running"
29857,"nio-stream-prod",1419332081756642,114234271,"S"
29844,"nio-webserver-r",1419332081756695,18125,"R"
29844,"nio-webserver-r",1419332081774820,212447,"Running"
29908,"NIO-Worker",1419332081791382,430408125,"S"
29844,"nio-webserver-r",1419332081987267,9115,"R+"
29844,"nio-webserver-r",1419332081996382,133854,"Running"
29844,"nio-webserver-r",1419332082130236,29844,"R"
29844,"nio-webserver-r",1419332082160080,176458,"Running"
29844,"nio-webserver-r",1419332082336538,46992032,"S"
29844,"nio-webserver-r",1419332129328570,50000,"R"
29844,"nio-webserver-r",1419332129378570,417656,"Running"
29844,"nio-webserver-r",1419332129796226,17135,"R+"
29844,"nio-webserver-r",1419332129813361,111719,"Running"
29844,"nio-webserver-r",1419332129925080,27552,"R+"
29844,"nio-webserver-r",1419332129952632,29063,"Running"
29844,"nio-webserver-r",1419332129981695,64375,"R+"
29844,"nio-webserver-r",1419332130046070,28697,"Running"
29844,"nio-webserver-r",1419332130074767,40834,"R+"
29844,"nio-webserver-r",1419332130115601,23594,"Running"
29844,"nio-webserver-r",1419332130139195,30416,"S"
29844,"nio-webserver-r",1419332130169611,183490,"Running"
29844,"nio-webserver-r",1419332130353101,131250,"R"
29844,"nio-webserver-r",1419332130484351,53750,"Running"
29844,"nio-webserver-r",1419332130538101,113906,"S"
29844,"nio-webserver-r",1419332130652007,77135,"R"
29844,"nio-webserver-r",1419332130729142,303490,"Running"
29911,"NIO-Worker",1419332130990757,20156,"R"
29911,"NIO-Worker",1419332131010913,330938,"Running"
29844,"nio-webserver-r",1419332131032632,14790104,"S"
29911,"NIO-Worker",1419332131341851,9534948,"S"
29911,"NIO-Worker",1419332140876799,32239,"R"
29911,"NIO-Worker",1419332140909038,522813,"Running"
29911,"NIO-Worker",1419332141431851,177344,"S"
29911,"NIO-Worker",1419332141609195,19843,"R"
29911,"NIO-Worker",1419332141629038,38386,"Running"
29911,"NIO-Worker",1419332141667424,258177,"S"
29911,"NIO-Worker",1419332141925601,24687,"R"
29911,"NIO-Worker",1419332141950288,273125,"Running"
29911,"NIO-Worker",1419332142223413,280417,"S"
29911,"NIO-Worker",1419332142503830,28490,"R"
29911,"NIO-Worker",1419332142532320,39531,"Running"
29911,"NIO-Worker",1419332142571851,68281,"S"
29911,"NIO-Worker",1419332142640132,18438,"R"
29911,"NIO-Worker",1419332142658570,70625,"Running"
29911,"NIO-Worker",1419332142729195,54479,"S"
29911,"NIO-Worker",1419332142783674,28646,"R"
29911,"NIO-Worker",1419332142812320,1329375,"Running"
29911,"NIO-Worker",1419332144141695,9479,"R"
29911,"NIO-Worker",1419332144151174,1490677,"Running"
29911,"NIO-Worker",1419332145641851,31354,"S"
29911,"NIO-Worker",1419332145673205,26615,"R"
29911,"NIO-Worker",1419332145699820,190885,"Running"
29844,"nio-webserver-r",1419332145822736,29271,"R"
29844,"nio-webserver-r",1419332145852007,672448,"Running"
29911,"NIO-Worker",1419332145890705,419296562,"S"
29844,"nio-webserver-r",1419332146524455,37540677,"S"
29844,"nio-webserver-r",1419332184065132,65417,"R"
29844,"nio-webserver-r",1419332184130549,106562,"Running"
29844,"nio-webserver-r",1419332184237111,96719,"S"
29844,"nio-webserver-r",1419332184333830,61771,"R"
29844,"nio-webserver-r",1419332184395601,185937,"Running"
29844,"nio-webserver-r",1419332184581538,539375,"S"
29844,"nio-webserver-r",1419332185120913,54219,"R"
29844,"nio-webserver-r",1419332185175132,313906,"Running"
29913,"NIO-Worker",1419332185410913,78125,"R"
29844,"nio-webserver-r",1419332185489038,11001198,"S"
29913,"NIO-Worker",1419332185489038,314532,"Running"
29913,"NIO-Worker",1419332185803570,5637031,"S"
29913,"NIO-Worker",1419332191440601,12916,"R"
29913,"NIO-Worker",1419332191453517,443125,"Running"
29913,"NIO-Worker",1419332191896642,145990,"S"
29913,"NIO-Worker",1419332192042632,19063,"R"
29913,"NIO-Worker",1419332192061695,39375,"Running"
29913,"NIO-Worker",1419332192101070,236510,"S"
29913,"NIO-Worker",1419332192337580,15677,"R"
29913,"NIO-Worker",1419332192353257,209688,"Running"
29913,"NIO-Worker",1419332192562945,287447,"S"
29913,"NIO-Worker",1419332192850392,62084,"R"
29913,"NIO-Worker",1419332192912476,28385,"Running"
29913,"NIO-Worker",1419332192940861,62552,"S"
29913,"NIO-Worker",1419332193003413,14844,"R"
29913,"NIO-Worker",1419332193018257,40781,"Running"
29913,"NIO-Worker",1419332193059038,41823,"S"
29913,"NIO-Worker",1419332193100861,16615,"R"
29913,"NIO-Worker",1419332193117476,2735625,"Running"
29913,"NIO-Worker",1419332195853101,24010,"S"
29913,"NIO-Worker",1419332195877111,16875,"R"
29913,"NIO-Worker",1419332195893986,457031,"Running"
29857,"nio-stream-prod",1419332195990913,16563,"R"
29857,"nio-stream-prod",1419332196007476,103906,"Running"
29857,"nio-stream-prod",1419332196111382,103917656,"S"
29913,"NIO-Worker",1419332196351017,38803,"R+"
29913,"NIO-Worker",1419332196389820,75625,"Running"
29913,"NIO-Worker",1419332196465445,14062,"R+"
29913,"NIO-Worker",1419332196479507,54479,"Running"
29844,"nio-webserver-r",1419332196490236,25469,"R"
29844,"nio-webserver-r",1419332196515705,203750,"Running"
29913,"NIO-Worker",1419332196533986,419025313,"S"
29844,"nio-webserver-r",1419332196719455,14219,"R+"
29844,"nio-webserver-r",1419332196733674,127864,"Running"
29844,"nio-webserver-r",1419332196861538,14219,"R+"
29844,"nio-webserver-r",1419332196875757,14375,"Running"
29844,"nio-webserver-r",1419332196890132,40156,"R"
29844,"nio-webserver-r",1419332196930288,33438,"Running"
29844,"nio-webserver-r",1419332196963726,27969,"R"
29844,"nio-webserver-r",1419332196991695,171406,"Running"
29844,"nio-webserver-r",1419332197163101,192187,"R"
29844,"nio-webserver-r",1419332197355288,49792,"Running"
29844,"nio-webserver-r",1419332197405080,39101250,"S"
29844,"nio-webserver-r",1419332236506330,12865,"R"
29844,"nio-webserver-r",1419332236519195,155625,"Running"
29844,"nio-webserver-r",1419332236674820,197343,"S"
29844,"nio-webserver-r",1419332236872163,26094,"R"
29844,"nio-webserver-r",1419332236898257,5469,"Running"
29844,"nio-webserver-r",1419332236903726,2604,"S"
29844,"nio-webserver-r",1419332236906330,17865,"R"
29844,"nio-webserver-r",1419332236924195,202916,"Running"
29844,"nio-webserver-r",1419332237127111,297084,"S"
29844,"nio-webserver-r",1419332237424195,18593,"R"
29844,"nio-webserver-r",1419332237442788,95104,"Running"
29844,"nio-webserver-r",1419332237537892,19375,"R"
29844,"nio-webserver-r",1419332237557267,211146,"Running"
29914,"NIO-Worker",1419332237734038,14219,"R"
29914,"NIO-Worker",1419332237748257,148906,"Running"
29844,"nio-webserver-r",1419332237768413,21926875,"S"
29914,"NIO-Worker",1419332237897163,29063,"R"
29914,"NIO-Worker",1419332237926226,196979,"Running"
29914,"NIO-Worker",1419332238123205,16253802,"S"
29914,"NIO-Worker",1419332254377007,18438,"R"
29914,"NIO-Worker",1419332254395445,169791,"Running"
29914,"NIO-Worker",1419332254565236,39844,"R"
29914,"NIO-Worker",1419332254605080,446146,"Running"
29914,"NIO-Worker",1419332255051226,146719,"S"
29914,"NIO-Worker",1419332255197945,441406,"R"
29914,"NIO-Worker",1419332255639351,51510,"Running"
29914,"NIO-Worker",1419332255690861,82969,"R+"
29914,"NIO-Worker",1419332255773830,4427,"Running"
29914,"NIO-Worker",1419332255778257,140729,"S"
29914,"NIO-Worker",1419332255918986,45677,"R"
29914,"NIO-Worker",1419332255964663,224688,"Running"
29914,"NIO-Worker",1419332256189351,274375,"S"
29914,"NIO-Worker",1419332256463726,15625,"R"
29914,"NIO-Worker",1419332256479351,30312,"Running"
29914,"NIO-Worker",1419332256509663,67969,"S"
29914,"NIO-Worker",1419332256577632,14219,"R"
29914,"NIO-Worker",1419332256591851,45781,"Running"
29914,"NIO-Worker",1419332256637632,65156,"S"
29914,"NIO-Worker",1419332256702788,14532,"R"
29914,"NIO-Worker",1419332256717320,2780260,"Running"
29914,"NIO-Worker",1419332259497580,27552,"S"
29914,"NIO-Worker",1419332259525132,22344,"R"
29914,"NIO-Worker",1419332259547476,208125,"Running"
29844,"nio-webserver-r",1419332259695288,101094,"R"
29914,"NIO-Worker",1419332259755601,410448750,"S"
29844,"nio-webserver-r",1419332259796382,224635,"Running"
29844,"nio-webserver-r",1419332260021017,26615,"R+"
29844,"nio-webserver-r",1419332260047632,52344,"Running"
29844,"nio-webserver-r",1419332260099976,28281,"R"
29844,"nio-webserver-r",1419332260128257,190313,"Running"
29844,"nio-webserver-r",1419332260318570,31353749,"S"
29844,"nio-webserver-r",1419332291672319,16719,"R"
29844,"nio-webserver-r",1419332291689038,126563,"Running"
29844,"nio-webserver-r",1419332291815601,64062,"S"
29844,"nio-webserver-r",1419332291879663,47500,"R"
29844,"nio-webserver-r",1419332291927163,180781,"Running"
29844,"nio-webserver-r",1419332292107944,479532,"S"
29844,"nio-webserver-r",1419332292587476,69635,"R"
29844,"nio-webserver-r",1419332292657111,289271,"Running"
29844,"nio-webserver-r",1419332292946382,28906,"R"
29844,"nio-webserver-r",1419332292975288,82500,"Running"
29915,"NIO-Worker",1419332293020549,16145,"R"
29915,"NIO-Worker",1419332293036694,348855,"Running"
29844,"nio-webserver-r",1419332293057788,7067656,"S"
29915,"NIO-Worker",1419332293385549,1770833,"S"
29915,"NIO-Worker",1419332295156382,13125,"R"
29915,"NIO-Worker",1419332295169507,196562,"Running"
29915,"NIO-Worker",1419332295366069,68907,"S"
29915,"NIO-Worker",1419332295434976,13593,"R"
29915,"NIO-Worker",1419332295448569,286719,"Running"
29915,"NIO-Worker",1419332295735288,32448,"R+"
29915,"NIO-Worker",1419332295767736,7708,"Running"
29915,"NIO-Worker",1419332295775444,118438,"S"
29915,"NIO-Worker",1419332295893882,11354,"R"
29915,"NIO-Worker",1419332295905236,46615,"Running"
29915,"NIO-Worker",1419332295951851,238541,"S"
29915,"NIO-Worker",1419332296190392,83021,"R"
29915,"NIO-Worker",1419332296273413,227031,"Running"
29915,"NIO-Worker",1419332296500444,287292,"R+"
29915,"NIO-Worker",1419332296787736,14583,"Running"
29915,"NIO-Worker",1419332296802319,67136,"R+"
29915,"NIO-Worker",1419332296869455,43646,"Running"
29915,"NIO-Worker",1419332296913101,54531,"R+"
29915,"NIO-Worker",1419332296967632,139531,"Running"
29915,"NIO-Worker",1419332297107163,67813,"R"
29915,"NIO-Worker",1419332297174976,1876093,"Running"
29915,"NIO-Worker",1419332299051069,74844,"R"
29915,"NIO-Worker",1419332299125913,345729,"Running"
29915,"NIO-Worker",1419332299471642,8802,"R"
29915,"NIO-Worker",1419332299480444,417448,"Running"
29915,"NIO-Worker",1419332299897892,30052,"R+"
29915,"NIO-Worker",1419332299927944,240782,"Running"
29857,"nio-stream-prod",1419332300029038,18854,"R"
29857,"nio-stream-prod",1419332300047892,112240,"Running"
29844,"nio-webserver-r",1419332300125444,34688,"R"
29844,"nio-webserver-r",1419332300160132,195417,"Running"
29857,"nio-stream-prod",1419332300160132,109948854,"S"
29915,"NIO-Worker",1419332300168726,424107604,"S"
29844,"nio-webserver-r",1419332300355549,58802,"R+"
29844,"nio-webserver-r",1419332300414351,281562,"Running"
29844,"nio-webserver-r",1419332300695913,45227917,"S"
29844,"nio-webserver-r",1419332345923830,61927,"R"
29844,"nio-webserver-r",1419332345985757,363698,"Running"
29844,"nio-webserver-r",1419332346349455,31458,"S"
29844,"nio-webserver-r",1419332346380913,132917,"R"
29844,"nio-webserver-r",1419332346513830,173958,"Running"
29844,"nio-webserver-r",1419332346687788,210938,"S"
29844,"nio-webserver-r",1419332346898726,105468,"R"
29844,"nio-webserver-r",1419332347004194,58125,"Running"
29844,"nio-webserver-r",1419332347062319,6094,"R"
29844,"nio-webserver-r",1419332347068413,283854,"Running"
29847,"NIO-Worker",1419332347285913,54063,"R"
29847,"NIO-Worker",1419332347339976,776718,"Running"
29844,"nio-webserver-r",1419332347352267,5330521,"S"
29847,"NIO-Worker",1419332348116694,130782,"S"
29847,"NIO-Worker",1419332348247476,17760,"R"
29847,"NIO-Worker",1419332348265236,38594,"Running"
29847,"NIO-Worker",1419332348303830,216614,"S"
29847,"NIO-Worker",1419332348520444,16407,"R"
29847,"NIO-Worker",1419332348536851,198593,"Running"
29847,"NIO-Worker",1419332348735444,114375,"R+"
29847,"NIO-Worker",1419332348849819,10261,"Running"
29847,"NIO-Worker",1419332348860080,175521,"S"
29847,"NIO-Worker",1419332349035601,11875,"R"
29847,"NIO-Worker",1419332349047476,27343,"Running"
29847,"NIO-Worker",1419332349074819,66042,"S"
29847,"NIO-Worker",1419332349140861,16615,"R"
29847,"NIO-Worker",1419332349157476,46510,"Running"
29847,"NIO-Worker",1419332349203986,49740,"S"
29847,"NIO-Worker",1419332349253726,16562,"R"
29847,"NIO-Worker",1419332349270288,3257188,"Running"
29847,"NIO-Worker",1419332352527476,42291,"R+"
29847,"NIO-Worker",1419332352569767,143282,"Running"
29844,"nio-webserver-r",1419332352682788,11563,"R"
29844,"nio-webserver-r",1419332352694351,159687,"Running"
29847,"NIO-Worker",1419332352713049,423385468,"S"
29844,"nio-webserver-r",1419332352854038,62969,"R+"
29844,"nio-webserver-r",1419332352917007,159844,"Running"
29844,"nio-webserver-r",1419332353076851,47244375,"S"
29844,"nio-webserver-r",1419332400321226,34531,"R"
29844,"nio-webserver-r",1419332400355757,284375,"Running"
29844,"nio-webserver-r",1419332400640132,26198,"S"
29844,"nio-webserver-r",1419332400666330,60937,"R"
29844,"nio-webserver-r",1419332400727267,13021,"Running"
29844,"nio-webserver-r",1419332400740288,34219,"S"
29844,"nio-webserver-r",1419332400774507,22656,"R"
29844,"nio-webserver-r",1419332400797163,60573,"Running"
29844,"nio-webserver-r",1419332400857736,6458,"R"
29844,"nio-webserver-r",1419332400864194,179688,"Running"
29844,"nio-webserver-r",1419332401043882,238594,"S"
29844,"nio-webserver-r",1419332401282476,65937,"R"
29844,"nio-webserver-r",1419332401348413,299844,"Running"
29898,"NIO-Worker",1419332401597476,50885,"R"
29844,"nio-webserver-r",1419332401648257,8556094,"S"
29898,"NIO-Worker",1419332401648361,242031,"Running"
29898,"NIO-Worker",1419332401890392,35157,"R"
29898,"NIO-Worker",1419332401925549,175781,"Running"
29898,"NIO-Worker",1419332402101330,2578906,"S"
29898,"NIO-Worker",1419332404680236,34219,"R"
29898,"NIO-Worker",1419332404714455,25052,"Running"
29898,"NIO-Worker",1419332404739507,18854,"R"
29898,"NIO-Worker",1419332404758361,109375,"Running"
29898,"NIO-Worker",1419332404867736,27083,"R"
29898,"NIO-Worker",1419332404894819,241355,"Running"
29898,"NIO-Worker",1419332405136174,19895,"R"
29898,"NIO-Worker",1419332405156069,37657,"Running"
29898,"NIO-Worker",1419332405193726,68125,"R"
29898,"NIO-Worker",1419332405261851,195000,"Running"
29898,"NIO-Worker",1419332405456851,34635,"R"
29898,"NIO-Worker",1419332405491486,105833,"Running"
29898,"NIO-Worker",1419332405597319,179219,"S"
29898,"NIO-Worker",1419332405776538,34636,"R"
29898,"NIO-Worker",1419332405811174,24687,"Running"
29898,"NIO-Worker",1419332405835861,240208,"S"
29898,"NIO-Worker",1419332406076069,28855,"R"
29898,"NIO-Worker",1419332406104924,257031,"Running"
29898,"NIO-Worker",1419332406361955,283802,"S"
29898,"NIO-Worker",1419332406645757,35312,"R"
29898,"NIO-Worker",1419332406681069,42605,"Running"
29898,"NIO-Worker",1419332406723674,101927,"S"
29898,"NIO-Worker",1419332406825601,23750,"R"
29898,"NIO-Worker",1419332406849351,58750,"Running"
29898,"NIO-Worker",1419332406908101,10312,"R+"
29898,"NIO-Worker",1419332406918413,4688,"Running"
29898,"NIO-Worker",1419332406923101,37500,"S"
29898,"NIO-Worker",1419332406960601,19375,"R"
29898,"NIO-Worker",1419332406979976,158125,"Running"
29898,"NIO-Worker",1419332407138101,29375,"R"
29898,"NIO-Worker",1419332407167476,1686406,"Running"
29898,"NIO-Worker",1419332408853882,10000,"R"
29898,"NIO-Worker",1419332408863882,993281,"Running"
29898,"NIO-Worker",1419332409857163,26511,"S"
29898,"NIO-Worker",1419332409883674,78281,"R"
29898,"NIO-Worker",1419332409961955,53281,"Running"
29898,"NIO-Worker",1419332410015236,24740,"R"
29898,"NIO-Worker",1419332410039976,196718,"Running"
29857,"nio-stream-prod",1419332410108986,20625,"R"
29857,"nio-stream-prod",1419332410129611,100365,"Running"
29844,"nio-webserver-r",1419332410204351,12500,"R"
29844,"nio-webserver-r",1419332410216851,469062,"Running"
29857,"nio-stream-prod",1419332410229976,117906093,"S"
29898,"NIO-Worker",1419332410236694,416280729,"S"
29844,"nio-webserver-r",1419332410685913,44628229,"S"
29844,"nio-webserver-r",1419332455314142,68594,"R"
29844,"nio-webserver-r",1419332455382736,113490,"Running"
29844,"nio-webserver-r",1419332455496226,358437,"S"
29844,"nio-webserver-r",1419332455854663,70729,"R"
29844,"nio-webserver-r",1419332455925392,205365,"Running"
29844,"nio-webserver-r",1419332456130757,816823,"S"
29844,"nio-webserver-r",1419332456947580,39114,"R"
29844,"nio-webserver-r",1419332456986694,333907,"Running"
29905,"NIO-Worker",1419332457272788,25313,"R"
29905,"NIO-Worker",1419332457298101,352812,"Running"
29844,"nio-webserver-r",1419332457320601,8597604,"S"
29905,"NIO-Worker",1419332457650913,3449167,"S"
29905,"NIO-Worker",1419332461100080,14427,"R"
29905,"NIO-Worker",1419332461114507,220000,"Running"
29905,"NIO-Worker",1419332461334507,21875,"S"
29905,"NIO-Worker",1419332461356382,245156,"Running"
29905,"NIO-Worker",1419332461601538,43125,"R+"
29905,"NIO-Worker",1419332461644663,7656,"Running"
29905,"NIO-Worker",1419332461652319,86250,"S"
29905,"NIO-Worker",1419332461738569,29063,"R"
29905,"NIO-Worker",1419332461767632,42187,"Running"
29905,"NIO-Worker",1419332461809819,228542,"S"
29905,"NIO-Worker",1419332462038361,51302,"R"
29905,"NIO-Worker",1419332462089663,201250,"Running"
29905,"NIO-Worker",1419332462290913,256094,"S"
29905,"NIO-Worker",1419332462547007,17031,"R"
29905,"NIO-Worker",1419332462564038,23750,"Running"
29905,"NIO-Worker",1419332462587788,52917,"S"
29905,"NIO-Worker",1419332462640705,30989,"R"
29905,"NIO-Worker",1419332462671694,66719,"Running"
29905,"NIO-Worker",1419332462738413,41094,"S"
29905,"NIO-Worker",1419332462779507,33542,"R"
29905,"NIO-Worker",1419332462813049,836614,"Running"
29905,"NIO-Worker",1419332463649663,40938,"R"
29905,"NIO-Worker",1419332463690601,2045468,"Running"
29905,"NIO-Worker",1419332465736069,42032,"S"
29905,"NIO-Worker",1419332465778101,16875,"R"
29905,"NIO-Worker",1419332465794976,167500,"Running"
29844,"nio-webserver-r",1419332465918205,31614,"R"
29844,"nio-webserver-r",1419332465949819,345469,"Running"
29905,"NIO-Worker",1419332465962476,415057447,"S"
29844,"nio-webserver-r",1419332466295288,44716042,"S"
29844,"nio-webserver-r",1419332511011330,69687,"R"
29844,"nio-webserver-r",1419332511081017,211719,"Running"
29844,"nio-webserver-r",1419332511292736,43958,"S"
29844,"nio-webserver-r",1419332511336694,9323,"Running"
29844,"nio-webserver-r",1419332511346017,17709,"S"
29844,"nio-webserver-r",1419332511363726,21979,"R"
29844,"nio-webserver-r",1419332511385705,194062,"Running"
29844,"nio-webserver-r",1419332511579767,342657,"S"
29844,"nio-webserver-r",1419332511922424,49687,"R"
29844,"nio-webserver-r",1419332511972111,291094,"Running"
29908,"NIO-Worker",1419332512199507,30417,"R"
29908,"NIO-Worker",1419332512229924,322656,"Running"
29844,"nio-webserver-r",1419332512263205,15960364,"S"
29908,"NIO-Worker",1419332512552580,10862812,"S"
29908,"NIO-Worker",1419332523415392,24115,"R"
29908,"NIO-Worker",1419332523439507,537656,"Running"
29908,"NIO-Worker",1419332523977163,158698,"S"
29908,"NIO-Worker",1419332524135861,27240,"R"
29908,"NIO-Worker",1419332524163101,46250,"Running"
29908,"NIO-Worker",1419332524209351,218437,"S"
29908,"NIO-Worker",1419332524427788,33906,"R"
29908,"NIO-Worker",1419332524461694,232188,"Running"
29908,"NIO-Worker",1419332524693882,265625,"S"
29908,"NIO-Worker",1419332524959507,17500,"R"
29908,"NIO-Worker",1419332524977007,32969,"Running"
29908,"NIO-Worker",1419332525009976,69062,"S"
29908,"NIO-Worker",1419332525079038,25625,"R"
29908,"NIO-Worker",1419332525104663,44063,"Running"
29908,"NIO-Worker",1419332525148726,48125,"S"
29908,"NIO-Worker",1419332525196851,17760,"R"
29908,"NIO-Worker",1419332525214611,2764427,"Running"
29908,"NIO-Worker",1419332527979038,22344,"S"
29908,"NIO-Worker",1419332528001382,47812,"R"
29908,"NIO-Worker",1419332528049194,211250,"Running"
29857,"nio-stream-prod",1419332528136069,23855,"R"
29857,"nio-stream-prod",1419332528159924,89739,"Running"
29844,"nio-webserver-r",1419332528223569,26094,"R"
29844,"nio-webserver-r",1419332528249663,201979,"Running"
29857,"nio-stream-prod",1419332528249663,92330261,"S"
29908,"NIO-Worker",1419332528260444,407904688,"S"
29844,"nio-webserver-r",1419332528451642,13959,"R+"
29844,"nio-webserver-r",1419332528465601,74375,"Running"
29844,"nio-webserver-r",1419332528539976,56718,"R+"
29844,"nio-webserver-r",1419332528596694,190417,"Running"
29844,"nio-webserver-r",1419332528787111,35143958,"S"
29844,"nio-webserver-r",1419332563931069,17813,"R"
29844,"nio-webserver-r",1419332563948882,122187,"Running"
29844,"nio-webserver-r",1419332564071069,68698,"S"
29844,"nio-webserver-r",1419332564139767,30365,"R"
29844,"nio-webserver-r",1419332564170132,133854,"Running"
29844,"nio-webserver-r",1419332564303986,26927,"R"
29844,"nio-webserver-r",1419332564330913,53125,"Running"
29844,"nio-webserver-r",1419332564384038,497761,"S"
29844,"nio-webserver-r",1419332564881799,57656,"R"
29844,"nio-webserver-r",1419332564939455,279844,"Running"
29911,"NIO-Worker",1419332565187267,13021,"R"
29911,"NIO-Worker",1419332565200288,310625,"Running"
29844,"nio-webserver-r",1419332565219299,11013177,"S"
29911,"NIO-Worker",1419332565510913,5803854,"S"
29911,"NIO-Worker",1419332571314767,18282,"R"
29911,"NIO-Worker",1419332571333049,297395,"Running"
29911,"NIO-Worker",1419332571630444,24375,"S"
29911,"NIO-Worker",1419332571654819,10625,"R"
29911,"NIO-Worker",1419332571665444,287761,"Running"
29911,"NIO-Worker",1419332571953205,138646,"S"
29911,"NIO-Worker",1419332572091851,20729,"R"
29911,"NIO-Worker",1419332572112580,18177,"Running"
29911,"NIO-Worker",1419332572130757,80937,"R+"
29911,"NIO-Worker",1419332572211694,14844,"Running"
29911,"NIO-Worker",1419332572226538,208438,"S"
29911,"NIO-Worker",1419332572434976,9062,"R"
29911,"NIO-Worker",1419332572444038,211511,"Running"
29911,"NIO-Worker",1419332572655549,9739,"R+"
29911,"NIO-Worker",1419332572665288,8281,"Running"
29911,"NIO-Worker",1419332572673569,244532,"S"
29911,"NIO-Worker",1419332572918101,32968,"R"
29911,"NIO-Worker",1419332572951069,23073,"Running"
29911,"NIO-Worker",1419332572974142,69375,"S"
29911,"NIO-Worker",1419332573043517,30834,"R"
29911,"NIO-Worker",1419332573074351,47448,"Running"
29911,"NIO-Worker",1419332573121799,40677,"S"
29911,"NIO-Worker",1419332573162476,17500,"R"
29911,"NIO-Worker",1419332573179976,2759531,"Running"
29911,"NIO-Worker",1419332575939507,22500,"S"
29911,"NIO-Worker",1419332575962007,28125,"R"
29911,"NIO-Worker",1419332575990132,331562,"Running"
29844,"nio-webserver-r",1419332576232476,89218,"R"
29844,"nio-webserver-r",1419332576321694,192605,"Running"
29911,"NIO-Worker",1419332576321694,409402344,"S"
29844,"nio-webserver-r",1419332576514299,11770,"R+"
29844,"nio-webserver-r",1419332576526069,222969,"Running"
29844,"nio-webserver-r",1419332576749038,37440886,"S"
29844,"nio-webserver-r",1419332614189924,44843,"R"
29844,"nio-webserver-r",1419332614234767,174219,"Running"
29844,"nio-webserver-r",1419332614408986,24688,"R+"
29844,"nio-webserver-r",1419332614433674,19739,"Running"
29844,"nio-webserver-r",1419332614453413,59375,"R+"
29844,"nio-webserver-r",1419332614512788,171406,"Running"
29844,"nio-webserver-r",1419332614684194,431719,"S"
29844,"nio-webserver-r",1419332615115913,54063,"R"
29844,"nio-webserver-r",1419332615169976,66406,"Running"
29844,"nio-webserver-r",1419332615236382,35729,"R"
29844,"nio-webserver-r",1419332615272111,339740,"Running"
29913,"NIO-Worker",1419332615559299,17031,"R"
29913,"NIO-Worker",1419332615576330,810677,"Running"
29844,"nio-webserver-r",1419332615611851,5055781,"S"
29913,"NIO-Worker",1419332616387007,147344,"S"
29913,"NIO-Worker",1419332616534351,70260,"R"
29913,"NIO-Worker",1419332616604611,39427,"Running"
29913,"NIO-Worker",1419332616644038,14688,"R+"
29913,"NIO-Worker",1419332616658726,9635,"Running"
29913,"NIO-Worker",1419332616668361,247656,"S"
29913,"NIO-Worker",1419332616916017,15313,"R"
29913,"NIO-Worker",1419332616931330,223021,"Running"
29913,"NIO-Worker",1419332617154351,322343,"S"
29913,"NIO-Worker",1419332617476694,20730,"R"
29913,"NIO-Worker",1419332617497424,30989,"Running"
29913,"NIO-Worker",1419332617528413,65886,"S"
29913,"NIO-Worker",1419332617594299,21927,"R"
29913,"NIO-Worker",1419332617616226,46198,"Running"
29913,"NIO-Worker",1419332617662424,64375,"R+"
29913,"NIO-Worker",1419332617726799,2724843,"Running"
29913,"NIO-Worker",1419332620451642,20365,"S"
29913,"NIO-Worker",1419332620472007,19062,"R"
29913,"NIO-Worker",1419332620491069,204480,"Running"
29857,"nio-stream-prod",1419332620579924,18489,"R"
29857,"nio-stream-prod",1419332620598413,92500,"Running"
29844,"nio-webserver-r",1419332620667632,12760,"R"
29844,"nio-webserver-r",1419332620680392,433646,"Running"
29857,"nio-stream-prod",1419332620690913,109282969,"S"
29913,"NIO-Worker",1419332620695549,421147031,"S"
29844,"nio-webserver-r",1419332621114038,47485469,"S"
29844,"nio-webserver-r",1419332668599507,57760,"R"
29844,"nio-webserver-r",1419332668657267,114115,"Running"
29844,"nio-webserver-r",1419332668771382,471562,"S"
29844,"nio-webserver-r",1419332669242944,14948,"R"
29844,"nio-webserver-r",1419332669257892,5782,"Running"
29844,"nio-webserver-r",1419332669263674,39531,"S"
29844,"nio-webserver-r",1419332669303205,6875,"R"
29844,"nio-webserver-r",1419332669310080,197396,"Running"
29844,"nio-webserver-r",1419332669507476,416250,"S"
29844,"nio-webserver-r",1419332669923726,50000,"R"
29844,"nio-webserver-r",1419332669973726,266562,"Running"
29914,"NIO-Worker",1419332670204351,26510,"R"
29914,"NIO-Worker",1419332670230861,318958,"Running"
29844,"nio-webserver-r",1419332670240288,15182813,"S"
29914,"NIO-Worker",1419332670549819,10195157,"S"
29914,"NIO-Worker",1419332680744976,25156,"R"
29914,"NIO-Worker",1419332680770132,106667,"Running"
29914,"NIO-Worker",1419332680876799,23281,"R"
29914,"NIO-Worker",1419332680900080,152812,"Running"
29914,"NIO-Worker",1419332681052892,22500,"S"
29914,"NIO-Worker",1419332681075392,30782,"Running"
29914,"NIO-Worker",1419332681106174,70520,"S"
29914,"NIO-Worker",1419332681176694,38698,"R"
29914,"NIO-Worker",1419332681215392,319115,"Running"
29914,"NIO-Worker",1419332681534507,141198,"S"
29914,"NIO-Worker",1419332681675705,16302,"R"
29914,"NIO-Worker",1419332681692007,40625,"Running"
29914,"NIO-Worker",1419332681732632,276250,"S"
29914,"NIO-Worker",1419332682008882,12500,"R"
29914,"NIO-Worker",1419332682021382,234323,"Running"
29914,"NIO-Worker",1419332682255705,457083,"S"
29914,"NIO-Worker",1419332682712788,12969,"R"
29914,"NIO-Worker",1419332682725757,21198,"Running"
29914,"NIO-Worker",1419332682746955,63021,"R+"
29914,"NIO-Worker",1419332682809976,58750,"Running"
29914,"NIO-Worker",1419332682868726,42968,"R+"
29914,"NIO-Worker",1419332682911694,2280573,"Running"
29914,"NIO-Worker",1419332685192267,75990,"R+"
29914,"NIO-Worker",1419332685268257,192292,"Running"
29844,"nio-webserver-r",1419332685423101,21666,"R"
29844,"nio-webserver-r",1419332685444767,282500,"Running"
29914,"NIO-Worker",1419332685460549,411473333,"S"
29844,"nio-webserver-r",1419332685727267,122396,"R+"
29844,"nio-webserver-r",1419332685849663,166250,"Running"
29844,"nio-webserver-r",1419332686015913,36532031,"S"
29844,"nio-webserver-r",1419332722547944,17761,"R"
29844,"nio-webserver-r",1419332722565705,114896,"Running"
29844,"nio-webserver-r",1419332722680601,171041,"S"
29844,"nio-webserver-r",1419332722851642,49427,"R"
29844,"nio-webserver-r",1419332722901069,35469,"Running"
29844,"nio-webserver-r",1419332722936538,105781,"R"
29844,"nio-webserver-r",1419332723042319,205573,"Running"
29844,"nio-webserver-r",1419332723247892,725938,"S"
29844,"nio-webserver-r",1419332723973830,28646,"R"
29844,"nio-webserver-r",1419332724002476,304843,"Running"
29915,"NIO-Worker",1419332724276330,13125,"R"
29915,"NIO-Worker",1419332724289455,333646,"Running"
29844,"nio-webserver-r",1419332724307319,5773282,"S"
29915,"NIO-Worker",1419332724623101,42760,"S"
29915,"NIO-Worker",1419332724665861,37969,"R"
29915,"NIO-Worker",1419332724703830,492083,"Running"
29915,"NIO-Worker",1419332725195913,213438,"R+"
29915,"NIO-Worker",1419332725409351,37031,"Running"
29915,"NIO-Worker",1419332725446382,242760,"S"
29915,"NIO-Worker",1419332725689142,52344,"R"
29915,"NIO-Worker",1419332725741486,238177,"Running"
29915,"NIO-Worker",1419332725979663,75260,"R+"
29915,"NIO-Worker",1419332726054923,9271,"Running"
29915,"NIO-Worker",1419332726064194,215313,"S"
29915,"NIO-Worker",1419332726279507,123229,"R"
29915,"NIO-Worker",1419332726402736,31562,"Running"
29915,"NIO-Worker",1419332726434298,64740,"R+"
29915,"NIO-Worker",1419332726499038,9531,"Running"
29915,"NIO-Worker",1419332726508569,51042,"S"
29915,"NIO-Worker",1419332726559611,52708,"Running"
29915,"NIO-Worker",1419332726612319,60157,"S"
29915,"NIO-Worker",1419332726672476,26197,"R"
29915,"NIO-Worker",1419332726698673,663334,"Running"
29915,"NIO-Worker",1419332727362007,8594,"R"
29915,"NIO-Worker",1419332727370601,2027031,"Running"
29915,"NIO-Worker",1419332729397632,209375,"R"
29915,"NIO-Worker",1419332729607007,115156,"Running"
29915,"NIO-Worker",1419332729722163,41979,"R+"
29915,"NIO-Worker",1419332729764142,7552,"Running"
29915,"NIO-Worker",1419332729771694,34219,"S"
29915,"NIO-Worker",1419332729805913,58438,"Running"
29915,"NIO-Worker",1419332729864351,38854,"R"
29915,"NIO-Worker",1419332729903205,229271,"Running"
29857,"nio-stream-prod",1419332729973882,117812,"R"
29844,"nio-webserver-r",1419332730080601,65781,"R"
29857,"nio-stream-prod",1419332730091694,131407,"Running"
29915,"NIO-Worker",1419332730132476,417161354,"S"
29844,"nio-webserver-r",1419332730146382,230937,"Running"
29857,"nio-stream-prod",1419332730223101,16822,"R"
29857,"nio-stream-prod",1419332730239923,16563,"Running"
29857,"nio-stream-prod",1419332730256486,11927,"R"
29857,"nio-stream-prod",1419332730268413,14063,"Running"
29857,"nio-stream-prod",1419332730282476,55468,"R"
29857,"nio-stream-prod",1419332730337944,12917,"Running"
29857,"nio-stream-prod",1419332730350861,50521,"R"
29844,"nio-webserver-r",1419332730377319,211250,"R+"
29857,"nio-stream-prod",1419332730401382,8385,"Running"
29857,"nio-stream-prod",1419332730409767,40677,"R"
29857,"nio-stream-prod",1419332730450444,16875,"Running"
29857,"nio-stream-prod",1419332730467319,27136,"R"
29857,"nio-stream-prod",1419332730494455,17552,"Running"
29857,"nio-stream-prod",1419332730512007,11406,"R"
29857,"nio-stream-prod",1419332730523413,16042,"Running"
29857,"nio-stream-prod",1419332730539455,44583,"R"
29857,"nio-stream-prod",1419332730584038,74219,"Running"
29844,"nio-webserver-r",1419332730588569,89219,"Running"
29857,"nio-stream-prod",1419332730658257,11406,"R"
29857,"nio-stream-prod",1419332730669663,29063,"Running"
29844,"nio-webserver-r",1419332730677788,29375,"R"
29857,"nio-stream-prod",1419332730698726,112631041,"S"
29844,"nio-webserver-r",1419332730707163,29531,"Running"
29844,"nio-webserver-r",1419332730736694,15313,"R"
29844,"nio-webserver-r",1419332730752007,174219,"Running"
29844,"nio-webserver-r",1419332730926226,11875,"R+"
29844,"nio-webserver-r",1419332730938101,145312,"Running"
29844,"nio-webserver-r",1419332731083413,43092344,"S"
29844,"nio-webserver-r",1419332774175757,61562,"R"
29844,"nio-webserver-r",1419332774237319,88698,"Running"
29844,"nio-webserver-r",1419332774326017,25521,"R+"
29844,"nio-webserver-r",1419332774351538,45885,"Running"
29844,"nio-webserver-r",1419332774397423,255365,"S"
29844,"nio-webserver-r",1419332774652788,65469,"R"
29844,"nio-webserver-r",1419332774718257,188906,"Running"
29844,"nio-webserver-r",1419332774907163,757500,"S"
29844,"nio-webserver-r",1419332775664663,74844,"R"
29844,"nio-webserver-r",1419332775739507,404844,"Running"
29847,"NIO-Worker",1419332776098517,36146,"R"
29847,"NIO-Worker",1419332776134663,365938,"Running"
29844,"nio-webserver-r",1419332776144351,13591875,"S"
29847,"NIO-Worker",1419332776500601,7269687,"S"
29847,"NIO-Worker",1419332783770288,34531,"R"
29847,"NIO-Worker",1419332783804819,245782,"Running"
29847,"NIO-Worker",1419332784050601,47187,"S"
29847,"NIO-Worker",1419332784097788,14375,"R"
29847,"NIO-Worker",1419332784112163,292969,"Running"
29847,"NIO-Worker",1419332784405132,20625,"R"
29847,"NIO-Worker",1419332784425757,70000,"Running"
29847,"NIO-Worker",1419332784495757,137656,"S"
29847,"NIO-Worker",1419332784633413,73906,"R"
29847,"NIO-Worker",1419332784707319,49063,"Running"
29847,"NIO-Worker",1419332784756382,367135,"S"
29847,"NIO-Worker",1419332785123517,13490,"R"
29847,"NIO-Worker",1419332785137007,234375,"Running"
29847,"NIO-Worker",1419332785371382,67812,"R+"
29847,"NIO-Worker",1419332785439194,6875,"Running"
29847,"NIO-Worker",1419332785446069,267292,"S"
29847,"NIO-Worker",1419332785713361,66875,"R"
29847,"NIO-Worker",1419332785780236,53750,"Running"
29847,"NIO-Worker",1419332785833986,41615,"R+"
29847,"NIO-Worker",1419332785875601,14010,"Running"
29847,"NIO-Worker",1419332785889611,38750,"S"
29847,"NIO-Worker",1419332785928361,44427,"R"
29847,"NIO-Worker",1419332785972788,72344,"Running"
29847,"NIO-Worker",1419332786045132,50469,"S"
29847,"NIO-Worker",1419332786095601,32604,"R"
29847,"NIO-Worker",1419332786128205,1811302,"Running"
29847,"NIO-Worker",1419332787939507,10156,"R"
29847,"NIO-Worker",1419332787949663,422448,"Running"
29847,"NIO-Worker",1419332788372111,8594,"R"
29847,"NIO-Worker",1419332788380705,247396,"Running"
29847,"NIO-Worker",1419332788628101,16822,"R"
29847,"NIO-Worker",1419332788644923,233021,"Running"
29847,"NIO-Worker",1419332788877944,62604,"R"
29847,"NIO-Worker",1419332788940548,17553,"Running"
29847,"NIO-Worker",1419332788958101,78437,"R"
29847,"NIO-Worker",1419332789036538,36042,"Running"
29847,"NIO-Worker",1419332789072580,198281,"R"
29847,"NIO-Worker",1419332789270861,234115,"Running"
29847,"NIO-Worker",1419332789504976,48437,"S"
29847,"NIO-Worker",1419332789553413,30469,"R"
29847,"NIO-Worker",1419332789583882,195416,"Running"
29844,"nio-webserver-r",1419332789736226,18437,"R"
29844,"nio-webserver-r",1419332789754663,400260,"Running"
29847,"NIO-Worker",1419332789779298,407752969,"S"
29844,"nio-webserver-r",1419332790154923,35281459,"S"
29844,"nio-webserver-r",1419332825436382,53541,"R"
29844,"nio-webserver-r",1419332825489923,265365,"Running"
29844,"nio-webserver-r",1419332825755288,14219,"S"
29844,"nio-webserver-r",1419332825769507,103437,"R"
29844,"nio-webserver-r",1419332825872944,203125,"Running"
29844,"nio-webserver-r",1419332826076069,152032,"S"
29844,"nio-webserver-r",1419332826228101,34062,"R"
29844,"nio-webserver-r",1419332826262163,296250,"Running"
29898,"NIO-Worker",1419332826517423,27188,"R"
29898,"NIO-Worker",1419332826544611,451458,"Running"
29844,"nio-webserver-r",1419332826558413,16875313,"S"
29898,"NIO-Worker",1419332826996069,10916094,"S"
29898,"NIO-Worker",1419332837912163,30104,"R"
29898,"NIO-Worker",1419332837942267,534427,"Running"
29898,"NIO-Worker",1419332838476694,108698,"R"
29898,"NIO-Worker",1419332838585392,143281,"Running"
29898,"NIO-Worker",1419332838728673,111771,"R+"
29898,"NIO-Worker",1419332838840444,16875,"Running"
29898,"NIO-Worker",1419332838857319,31875,"S"
29898,"NIO-Worker",1419332838889194,21407,"R"
29898,"NIO-Worker",1419332838910601,69010,"Running"
29898,"NIO-Worker",1419332838979611,260052,"S"
29898,"NIO-Worker",1419332839239663,16719,"R"
29898,"NIO-Worker",1419332839256382,221094,"Running"
29898,"NIO-Worker",1419332839477476,76562,"R+"
29898,"NIO-Worker",1419332839554038,11042,"Running"
29898,"NIO-Worker",1419332839565080,479843,"S"
29898,"NIO-Worker",1419332840044923,27240,"R"
29898,"NIO-Worker",1419332840072163,33438,"Running"
29898,"NIO-Worker",1419332840105601,51875,"R+"
29898,"NIO-Worker",1419332840157476,5156,"Running"
29898,"NIO-Worker",1419332840162632,4687,"S"
29898,"NIO-Worker",1419332840167319,18594,"R"
29898,"NIO-Worker",1419332840185913,75625,"Running"
29898,"NIO-Worker",1419332840261538,57656,"S"
29898,"NIO-Worker",1419332840319194,16094,"R"
29898,"NIO-Worker",1419332840335288,516667,"Running"
29898,"NIO-Worker",1419332840851955,8646,"R"
29898,"NIO-Worker",1419332840860601,107916,"Running"
29898,"NIO-Worker",1419332840968517,13959,"R"
29898,"NIO-Worker",1419332840982476,2188750,"Running"
29898,"NIO-Worker",1419332843171226,23593,"R+"
29898,"NIO-Worker",1419332843194819,273282,"Running"
29857,"nio-stream-prod",1419332843329767,27344,"R"
29857,"nio-stream-prod",1419332843357111,98177,"Running"
29844,"nio-webserver-r",1419332843433726,23854,"R"
29857,"nio-stream-prod",1419332843455288,99478750,"S"
29844,"nio-webserver-r",1419332843457580,631250,"Running"
29898,"NIO-Worker",1419332843468101,409267031,"S"
29844,"nio-webserver-r",1419332844088830,35617083,"S"
29844,"nio-webserver-r",1419332879705913,81875,"R"
29844,"nio-webserver-r",1419332879787788,158594,"Running"
29844,"nio-webserver-r",1419332879946382,22344,"R+"
29844,"nio-webserver-r",1419332879968726,24687,"Running"
29844,"nio-webserver-r",1419332879993413,104688,"R+"
29844,"nio-webserver-r",1419332880098101,26250,"Running"
29844,"nio-webserver-r",1419332880124351,132187,"R+"
29844,"nio-webserver-r",1419332880256538,10729,"Running"
29844,"nio-webserver-r",1419332880267267,6146,"R+"
29844,"nio-webserver-r",1419332880273413,194063,"Running"
29844,"nio-webserver-r",1419332880467476,194010,"S"
29844,"nio-webserver-r",1419332880661486,38906,"R"
29844,"nio-webserver-r",1419332880700392,180834,"Running"
29844,"nio-webserver-r",1419332880881226,43541,"R"
29844,"nio-webserver-r",1419332880924767,163021,"Running"
29905,"NIO-Worker",1419332881019923,97553,"R"
29844,"nio-webserver-r",1419332881087788,14762031,"S"
29905,"NIO-Worker",1419332881117476,309843,"Running"
29905,"NIO-Worker",1419332881427319,9188750,"S"
29905,"NIO-Worker",1419332890616069,75938,"R"
29905,"NIO-Worker",1419332890692007,294948,"Running"
29905,"NIO-Worker",1419332890986955,19687,"R"
29905,"NIO-Worker",1419332891006642,356615,"Running"
29905,"NIO-Worker",1419332891363257,169166,"S"
29905,"NIO-Worker",1419332891532423,17188,"R"
29905,"NIO-Worker",1419332891549611,33750,"Running"
29905,"NIO-Worker",1419332891583361,271458,"S"
29905,"NIO-Worker",1419332891854819,29063,"R"
29905,"NIO-Worker",1419332891883882,236094,"Running"
29905,"NIO-Worker",1419332892119976,252916,"S"
29905,"NIO-Worker",1419332892372892,47709,"R"
29905,"NIO-Worker",1419332892420601,21562,"Running"
29905,"NIO-Worker",1419332892442163,49167,"S"
29905,"NIO-Worker",1419332892491330,19427,"R"
29905,"NIO-Worker",1419332892510757,49375,"Running"
29905,"NIO-Worker",1419332892560132,51562,"S"
29905,"NIO-Worker",1419332892611694,11407,"R"
29905,"NIO-Worker",1419332892623101,268385,"Running"
29905,"NIO-Worker",1419332892891486,188333,"R"
29905,"NIO-Worker",1419332893079819,2600000,"Running"
29905,"NIO-Worker",1419332895679819,25000,"S"
29905,"NIO-Worker",1419332895704819,13750,"R"
29905,"NIO-Worker",1419332895718569,175886,"Running"
29844,"nio-webserver-r",1419332895849819,17448,"R"
29844,"nio-webserver-r",1419332895867267,479427,"Running"
29905,"NIO-Worker",1419332895894455,409953645,"S"
29844,"nio-webserver-r",1419332896346694,135782,"R"
29844,"nio-webserver-r",1419332896482476,56250,"Running"
29844,"nio-webserver-r",1419332896538726,38371406,"S"
29844,"nio-webserver-r",1419332934910132,57656,"R"
29844,"nio-webserver-r",1419332934967788,139375,"Running"
29844,"nio-webserver-r",1419332935107163,142187,"S"
29844,"nio-webserver-r",1419332935249350,11563,"R"
29844,"nio-webserver-r",1419332935260913,4531,"Running"
29844,"nio-webserver-r",1419332935265444,27761,"S"
29844,"nio-webserver-r",1419332935293205,19375,"R"
29844,"nio-webserver-r",1419332935312580,187083,"Running"
29844,"nio-webserver-r",1419332935499663,363437,"S"
29844,"nio-webserver-r",1419332935863100,38282,"R"
29844,"nio-webserver-r",1419332935901382,297656,"Running"
29908,"NIO-Worker",1419332936165132,17031,"R"
29908,"NIO-Worker",1419332936182163,376094,"Running"
29844,"nio-webserver-r",1419332936199038,6930260,"S"
29908,"NIO-Worker",1419332936558257,1160885,"S"
29908,"NIO-Worker",1419332937719142,24844,"R"
29908,"NIO-Worker",1419332937743986,212083,"Running"
29908,"NIO-Worker",1419332937956069,77813,"S"
29908,"NIO-Worker",1419332938033882,31093,"R"
29908,"NIO-Worker",1419332938064975,272917,"Running"
29908,"NIO-Worker",1419332938337892,214531,"R"
29908,"NIO-Worker",1419332938552423,51875,"Running"
29908,"NIO-Worker",1419332938604298,198177,"S"
29908,"NIO-Worker",1419332938802475,37657,"R"
29908,"NIO-Worker",1419332938840132,34791,"Running"
29908,"NIO-Worker",1419332938874923,234584,"S"
29908,"NIO-Worker",1419332939109507,18541,"R"
29908,"NIO-Worker",1419332939128048,196927,"Running"
29908,"NIO-Worker",1419332939324975,273386,"S"
29908,"NIO-Worker",1419332939598361,30000,"R"
29908,"NIO-Worker",1419332939628361,36771,"Running"
29908,"NIO-Worker",1419332939665132,8593,"R+"
29908,"NIO-Worker",1419332939673725,10469,"Running"
29908,"NIO-Worker",1419332939684194,29219,"S"
29908,"NIO-Worker",1419332939713413,18281,"R"
29908,"NIO-Worker",1419332939731694,65469,"Running"
29908,"NIO-Worker",1419332939797163,53437,"S"
29908,"NIO-Worker",1419332939850600,15261,"R"
29908,"NIO-Worker",1419332939865861,2831875,"Running"
29908,"NIO-Worker",1419332942697736,24114,"S"
29908,"NIO-Worker",1419332942721850,88282,"R"
29908,"NIO-Worker",1419332942810132,376979,"Running"
29857,"nio-stream-prod",1419332942934038,15260,"R"
29857,"nio-stream-prod",1419332942949298,112240,"Running"
29857,"nio-stream-prod",1419332943061538,117176875,"S"
29844,"nio-webserver-r",1419332943129298,34115,"R"
29844,"nio-webserver-r",1419332943163413,458073,"Running"
29908,"NIO-Worker",1419332943187111,417872396,"S"
29844,"nio-webserver-r",1419332943621486,40679739,"S"
29844,"nio-webserver-r",1419332984301225,59844,"R"
29844,"nio-webserver-r",1419332984361069,112604,"Running"
29844,"nio-webserver-r",1419332984473673,75469,"S"
29844,"nio-webserver-r",1419332984549142,144531,"R"
29844,"nio-webserver-r",1419332984693673,220469,"Running"
29844,"nio-webserver-r",1419332984914142,283281,"S"
29844,"nio-webserver-r",1419332985197423,52865,"R"
29844,"nio-webserver-r",1419332985250288,530260,"Running"
29911,"NIO-Worker",1419332985724038,55312,"R"
29911,"NIO-Worker",1419332985779350,335469,"Running"
29844,"nio-webserver-r",1419332985780548,11590052,"S"
29911,"NIO-Worker",1419332986114819,5886250,"S"
29911,"NIO-Worker",1419332992001069,15573,"R"
29911,"NIO-Worker",1419332992016642,492240,"Running"
29911,"NIO-Worker",1419332992508882,145312,"S"
29911,"NIO-Worker",1419332992654194,58750,"R"
29911,"NIO-Worker",1419332992712944,26875,"Running"
29911,"NIO-Worker",1419332992739819,323281,"S"
29911,"NIO-Worker",1419332993063100,11042,"R"
29911,"NIO-Worker",1419332993074142,214271,"Running"
29911,"NIO-Worker",1419332993288413,259062,"S"
29911,"NIO-Worker",1419332993547475,35625,"R"
29911,"NIO-Worker",1419332993583100,31407,"Running"
29911,"NIO-Worker",1419332993614507,66823,"S"
29911,"NIO-Worker",1419332993681330,21250,"R"
29911,"NIO-Worker",1419332993702580,49531,"Running"
29911,"NIO-Worker",1419332993752111,36302,"S"
29911,"NIO-Worker",1419332993788413,15417,"R"
29911,"NIO-Worker",1419332993803830,2145364,"Running"
29911,"NIO-Worker",1419332995949194,11563,"R"
29911,"NIO-Worker",1419332995960757,85156,"Running"
29911,"NIO-Worker",1419332996045913,82344,"R"
29911,"NIO-Worker",1419332996128257,179531,"Running"
29911,"NIO-Worker",1419332996307788,15469,"R"
29911,"NIO-Worker",1419332996323257,266198,"Running"
29911,"NIO-Worker",1419332996589455,23177,"R"
29911,"NIO-Worker",1419332996612632,133437,"Running"
29911,"NIO-Worker",1419332996746069,303594,"R"
29911,"NIO-Worker",1419332997049663,55573,"Running"
29911,"NIO-Worker",1419332997105236,132239,"R+"
29911,"NIO-Worker",1419332997237475,174375,"Running"
29844,"nio-webserver-r",1419332997370600,115782,"R"
29911,"NIO-Worker",1419332997411850,414583854,"S"
29844,"nio-webserver-r",1419332997486382,338385,"Running"
29844,"nio-webserver-r",1419332997824767,91927,"R+"
29844,"nio-webserver-r",1419332997916694,140573,"Running"
29844,"nio-webserver-r",1419332998057267,46146,"R+"
29844,"nio-webserver-r",1419332998103413,43437,"Running"
29844,"nio-webserver-r",1419332998146850,42364063,"S"
29844,"nio-webserver-r",1419333040510913,67292,"R"
29844,"nio-webserver-r",1419333040578205,136458,"Running"
29844,"nio-webserver-r",1419333040714663,177969,"S"
29844,"nio-webserver-r",1419333040892632,19062,"R"
29844,"nio-webserver-r",1419333040911694,7969,"Running"
29844,"nio-webserver-r",1419333040919663,16823,"S"
29844,"nio-webserver-r",1419333040936486,117656,"Running"
29844,"nio-webserver-r",1419333041054142,86406,"R"
29844,"nio-webserver-r",1419333041140548,76459,"Running"
29844,"nio-webserver-r",1419333041217007,323854,"S"
29844,"nio-webserver-r",1419333041540861,57812,"R"
29844,"nio-webserver-r",1419333041598673,277813,"Running"
29913,"NIO-Worker",1419333041842580,26145,"R"
29913,"NIO-Worker",1419333041868725,320469,"Running"
29844,"nio-webserver-r",1419333041876486,18459739,"S"
29913,"NIO-Worker",1419333042189194,12713542,"S"
29913,"NIO-Worker",1419333054902736,38594,"R"
29913,"NIO-Worker",1419333054941330,249843,"Running"
29913,"NIO-Worker",1419333055191173,90782,"S"
29913,"NIO-Worker",1419333055281955,27031,"R"
29913,"NIO-Worker",1419333055308986,92708,"Running"
29913,"NIO-Worker",1419333055401694,60000,"R"
29913,"NIO-Worker",1419333055461694,361823,"Running"
29913,"NIO-Worker",1419333055823517,183438,"S"
29913,"NIO-Worker",1419333056006955,67656,"R"
29913,"NIO-Worker",1419333056074611,40364,"Running"
29913,"NIO-Worker",1419333056114975,211823,"S"
29913,"NIO-Worker",1419333056326798,20521,"R"
29913,"NIO-Worker",1419333056347319,243750,"Running"
29913,"NIO-Worker",1419333056591069,9688,"R+"
29913,"NIO-Worker",1419333056600757,8281,"Running"
29913,"NIO-Worker",1419333056609038,227448,"S"
29913,"NIO-Worker",1419333056836486,66146,"R"
29913,"NIO-Worker",1419333056902632,18593,"Running"
29913,"NIO-Worker",1419333056921225,20313,"R+"
29913,"NIO-Worker",1419333056941538,37812,"Running"
29913,"NIO-Worker",1419333056979350,73594,"S"
29913,"NIO-Worker",1419333057052944,17344,"R"
29913,"NIO-Worker",1419333057070288,43854,"Running"
29913,"NIO-Worker",1419333057114142,49375,"S"
29913,"NIO-Worker",1419333057163517,22240,"R"
29913,"NIO-Worker",1419333057185757,2905781,"Running"
29913,"NIO-Worker",1419333060091538,42031,"R+"
29913,"NIO-Worker",1419333060133569,249844,"Running"
29857,"nio-stream-prod",1419333060238413,56406,"R"
29857,"nio-stream-prod",1419333060294819,124531,"Running"
29844,"nio-webserver-r",1419333060336225,16667,"R"
29844,"nio-webserver-r",1419333060352892,238333,"Running"
29913,"NIO-Worker",1419333060383413,403495416,"S"
29857,"nio-stream-prod",1419333060419350,95443282,"S"
29844,"nio-webserver-r",1419333060591225,39219,"R+"
29844,"nio-webserver-r",1419333060630444,359375,"Running"
29844,"nio-webserver-r",1419333060989819,34389219,"S"
29844,"nio-webserver-r",1419333095379038,94219,"R"
29844,"nio-webserver-r",1419333095473257,122343,"Running"
29844,"nio-webserver-r",1419333095595600,122500,"S"
29844,"nio-webserver-r",1419333095718100,14844,"R"
29844,"nio-webserver-r",1419333095732944,4479,"Running"
29844,"nio-webserver-r",1419333095737423,44532,"S"
29844,"nio-webserver-r",1419333095781955,11927,"R"
29844,"nio-webserver-r",1419333095793882,38437,"Running"
29844,"nio-webserver-r",1419333095832319,18073,"R"
29844,"nio-webserver-r",1419333095850392,148490,"Running"
29844,"nio-webserver-r",1419333095998882,63906,"R"
29844,"nio-webserver-r",1419333096062788,101823,"Running"
29844,"nio-webserver-r",1419333096164611,342031,"S"
29844,"nio-webserver-r",1419333096506642,120469,"R"
29844,"nio-webserver-r",1419333096627111,391458,"Running"
29914,"NIO-Worker",1419333096933882,29375,"R"
29914,"NIO-Worker",1419333096963257,359843,"Running"
29844,"nio-webserver-r",1419333097018569,6388698,"S"
29914,"NIO-Worker",1419333097323100,493594,"S"
29914,"NIO-Worker",1419333097816694,13594,"R"
29914,"NIO-Worker",1419333097830288,372292,"Running"
29914,"NIO-Worker",1419333098202580,60156,"R"
29914,"NIO-Worker",1419333098262736,163021,"Running"
29914,"NIO-Worker",1419333098425757,177500,"S"
29914,"NIO-Worker",1419333098603257,53906,"R"
29914,"NIO-Worker",1419333098657163,42448,"Running"
29914,"NIO-Worker",1419333098699611,221927,"S"
29914,"NIO-Worker",1419333098921538,14479,"R"
29914,"NIO-Worker",1419333098936017,230521,"Running"
29914,"NIO-Worker",1419333099166538,260156,"S"
29914,"NIO-Worker",1419333099426694,41094,"R"
29914,"NIO-Worker",1419333099467788,41979,"Running"
29914,"NIO-Worker",1419333099509767,72708,"R+"
29914,"NIO-Worker",1419333099582475,127500,"Running"
29914,"NIO-Worker",1419333099709975,76355,"R+"
29914,"NIO-Worker",1419333099786330,10364,"Running"
29914,"NIO-Worker",1419333099796694,30625,"S"
29914,"NIO-Worker",1419333099827319,54531,"R"
29914,"NIO-Worker",1419333099881850,1081250,"Running"
29914,"NIO-Worker",1419333100963100,8907,"R"
29914,"NIO-Worker",1419333100972007,198593,"Running"
29914,"NIO-Worker",1419333101170600,44323,"R"
29914,"NIO-Worker",1419333101214923,24844,"Running"
29914,"NIO-Worker",1419333101239767,41719,"R"
29914,"NIO-Worker",1419333101281486,60989,"Running"
29914,"NIO-Worker",1419333101342475,9948,"R"
29914,"NIO-Worker",1419333101352423,15990,"Running"
29914,"NIO-Worker",1419333101368413,121719,"R"
29914,"NIO-Worker",1419333101490132,179010,"Running"
29914,"NIO-Worker",1419333101669142,57708,"R"
29914,"NIO-Worker",1419333101726850,470157,"Running"
29914,"NIO-Worker",1419333102197007,43593,"R"
29914,"NIO-Worker",1419333102240600,594688,"Running"
29914,"NIO-Worker",1419333102835288,55000,"R+"
29914,"NIO-Worker",1419333102890288,293437,"Running"
29914,"NIO-Worker",1419333103183725,38594,"S"
29914,"NIO-Worker",1419333103222319,29063,"R"
29914,"NIO-Worker",1419333103251382,209791,"Running"
29844,"nio-webserver-r",1419333103407267,21563,"R"
29844,"nio-webserver-r",1419333103428830,218281,"Running"
29914,"NIO-Worker",1419333103461173,413332344,"S"
29844,"nio-webserver-r",1419333103647111,79739,"R+"
29844,"nio-webserver-r",1419333103726850,215730,"Running"
29844,"nio-webserver-r",1419333103942580,41730677,"S"
29844,"nio-webserver-r",1419333145673257,33593,"R"
29844,"nio-webserver-r",1419333145706850,148750,"Running"
29844,"nio-webserver-r",1419333145855600,372188,"S"
29844,"nio-webserver-r",1419333146227788,55937,"R"
29844,"nio-webserver-r",1419333146283725,146094,"Running"
29844,"nio-webserver-r",1419333146429819,20469,"R"
29844,"nio-webserver-r",1419333146450288,61979,"Running"
29844,"nio-webserver-r",1419333146512267,87865,"R"
29844,"nio-webserver-r",1419333146600132,13906,"Running"
29844,"nio-webserver-r",1419333146614038,14323,"R"
29844,"nio-webserver-r",1419333146628361,12239,"Running"
29844,"nio-webserver-r",1419333146640600,346980,"S"
29844,"nio-webserver-r",1419333146987580,28125,"R"
29844,"nio-webserver-r",1419333147015705,313437,"Running"
29915,"NIO-Worker",1419333147293830,18489,"R"
29915,"NIO-Worker",1419333147312319,348281,"Running"
29844,"nio-webserver-r",1419333147329142,8643594,"S"
29915,"NIO-Worker",1419333147660600,3044844,"S"
29915,"NIO-Worker",1419333150705444,15000,"R"
29915,"NIO-Worker",1419333150720444,232344,"Running"
29915,"NIO-Worker",1419333150952788,13594,"S"
29915,"NIO-Worker",1419333150966382,16562,"R"
29915,"NIO-Worker",1419333150982944,328750,"Running"
29915,"NIO-Worker",1419333151311694,198750,"S"
29915,"NIO-Worker",1419333151510444,14011,"R"
29915,"NIO-Worker",1419333151524455,43906,"Running"
29915,"NIO-Worker",1419333151568361,137552,"R+"
29915,"NIO-Worker",1419333151705913,7448,"Running"
29915,"NIO-Worker",1419333151713361,89583,"S"
29915,"NIO-Worker",1419333151802944,19531,"R"
29915,"NIO-Worker",1419333151822475,254219,"Running"
29915,"NIO-Worker",1419333152076694,335000,"S"
29915,"NIO-Worker",1419333152411694,21406,"R"
29915,"NIO-Worker",1419333152433100,15730,"Running"
29915,"NIO-Worker",1419333152448830,50364,"S"
29915,"NIO-Worker",1419333152499194,37344,"R"
29915,"NIO-Worker",1419333152536538,53750,"Running"
29915,"NIO-Worker",1419333152590288,66667,"S"
29915,"NIO-Worker",1419333152656955,17395,"R"
29915,"NIO-Worker",1419333152674350,1828282,"Running"
29915,"NIO-Worker",1419333154502632,50000,"R"
29915,"NIO-Worker",1419333154552632,750156,"Running"
29915,"NIO-Worker",1419333155302788,113437,"R"
29915,"NIO-Worker",1419333155416225,292032,"Running"
29915,"NIO-Worker",1419333155708257,29166,"R+"
29915,"NIO-Worker",1419333155737423,268490,"Running"
29857,"nio-stream-prod",1419333155862632,37812,"R"
29857,"nio-stream-prod",1419333155900444,244063,"Running"
29844,"nio-webserver-r",1419333155972736,9375,"R"
29844,"nio-webserver-r",1419333155982111,434271,"Running"
29915,"NIO-Worker",1419333156005913,414541562,"S"
29857,"nio-stream-prod",1419333156144507,104591875,"S"
29844,"nio-webserver-r",1419333156416382,76250,"R"
29844,"nio-webserver-r",1419333156492632,26666,"Running"
29844,"nio-webserver-r",1419333156519298,39601615,"S"
29844,"nio-webserver-r",1419333196120913,63750,"R"
29844,"nio-webserver-r",1419333196184663,21562,"Running"
29844,"nio-webserver-r",1419333196206225,46250,"R"
29844,"nio-webserver-r",1419333196252475,210730,"Running"
29844,"nio-webserver-r",1419333196463205,108020,"S"
29844,"nio-webserver-r",1419333196571225,17188,"R"
29844,"nio-webserver-r",1419333196588413,5625,"Running"
29844,"nio-webserver-r",1419333196594038,49375,"S"
29844,"nio-webserver-r",1419333196643413,9479,"R"
29844,"nio-webserver-r",1419333196652892,207552,"Running"
29844,"nio-webserver-r",1419333196860444,237344,"R"
29844,"nio-webserver-r",1419333197097788,67500,"Running"
29844,"nio-webserver-r",1419333197165288,60625,"S"
29844,"nio-webserver-r",1419333197225913,63437,"R"
29844,"nio-webserver-r",1419333197289350,277657,"Running"
29847,"NIO-Worker",1419333197532267,17083,"R"
29847,"NIO-Worker",1419333197549350,491094,"Running"
29844,"nio-webserver-r",1419333197567007,5008906,"S"
29847,"NIO-Worker",1419333198040444,10938,"S"
29847,"NIO-Worker",1419333198051382,12031,"R"
29847,"NIO-Worker",1419333198063413,148437,"Running"
29847,"NIO-Worker",1419333198211850,7969,"R"
29847,"NIO-Worker",1419333198219819,130313,"Running"
29847,"NIO-Worker",1419333198350132,177291,"R+"
29847,"NIO-Worker",1419333198527423,48125,"Running"
29847,"NIO-Worker",1419333198575548,210313,"S"
29847,"NIO-Worker",1419333198785861,10000,"R"
29847,"NIO-Worker",1419333198795861,195156,"Running"
29847,"NIO-Worker",1419333198991017,26771,"R+"
29847,"NIO-Worker",1419333199017788,11875,"Running"
29847,"NIO-Worker",1419333199029663,207969,"S"
29847,"NIO-Worker",1419333199237632,19062,"R"
29847,"NIO-Worker",1419333199256694,16875,"Running"
29847,"NIO-Worker",1419333199273569,53906,"R+"
29847,"NIO-Worker",1419333199327475,42136,"Running"
29847,"NIO-Worker",1419333199369611,50521,"R+"
29847,"NIO-Worker",1419333199420132,1454531,"Running"
29847,"NIO-Worker",1419333200874663,25781,"R"
29847,"NIO-Worker",1419333200900444,313854,"Running"
29847,"NIO-Worker",1419333201214298,99271,"R"
29847,"NIO-Worker",1419333201313569,909219,"Running"
29847,"NIO-Worker",1419333202222788,7344,"R+"
29847,"NIO-Worker",1419333202230132,146562,"Running"
29847,"NIO-Worker",1419333202376694,55313,"R+"
29847,"NIO-Worker",1419333202432007,75000,"Running"
29847,"NIO-Worker",1419333202507007,12031,"R"
29847,"NIO-Worker",1419333202519038,107812,"Running"
29844,"nio-webserver-r",1419333202575913,50937,"R"
29844,"nio-webserver-r",1419333202626850,119375,"Running"
29847,"NIO-Worker",1419333202626850,418159167,"S"
29844,"nio-webserver-r",1419333202746225,50000,"R+"
29844,"nio-webserver-r",1419333202796225,213073,"Running"
29844,"nio-webserver-r",1419333203009298,48172552,"S"
29844,"nio-webserver-r",1419333251181850,103750,"R"
29844,"nio-webserver-r",1419333251285600,218282,"Running"
29844,"nio-webserver-r",1419333251503882,45729,"S"
29844,"nio-webserver-r",1419333251549611,179271,"Running"
29844,"nio-webserver-r",1419333251728882,642500,"S"
29844,"nio-webserver-r",1419333252371382,81354,"R"
29844,"nio-webserver-r",1419333252452736,326771,"Running"
29898,"NIO-Worker",1419333252735132,26041,"R"
29898,"NIO-Worker",1419333252761173,405365,"Running"
29844,"nio-webserver-r",1419333252779507,8094062,"S"
29898,"NIO-Worker",1419333253166538,2427344,"S"
29898,"NIO-Worker",1419333255593882,37031,"R"
29898,"NIO-Worker",1419333255630913,226562,"Running"
29898,"NIO-Worker",1419333255857475,5782,"S"
29898,"NIO-Worker",1419333255863257,20468,"R"
29898,"NIO-Worker",1419333255883725,350157,"Running"
29898,"NIO-Worker",1419333256233882,150000,"S"
29898,"NIO-Worker",1419333256383882,16041,"R"
29898,"NIO-Worker",1419333256399923,43646,"Running"
29898,"NIO-Worker",1419333256443569,21042,"R+"
29898,"NIO-Worker",1419333256464611,4583,"Running"
29898,"NIO-Worker",1419333256469194,240469,"S"
29898,"NIO-Worker",1419333256709663,43594,"R"
29898,"NIO-Worker",1419333256753257,142812,"Running"
29898,"NIO-Worker",1419333256896069,29844,"R"
29898,"NIO-Worker",1419333256925913,109531,"Running"
29898,"NIO-Worker",1419333257035444,249636,"S"
29898,"NIO-Worker",1419333257285080,16614,"R"
29898,"NIO-Worker",1419333257301694,47188,"Running"
29898,"NIO-Worker",1419333257348882,54687,"S"
29898,"NIO-Worker",1419333257403569,39844,"R"
29898,"NIO-Worker",1419333257443413,61875,"Running"
29898,"NIO-Worker",1419333257505288,42292,"S"
29898,"NIO-Worker",1419333257547580,49583,"R"
29898,"NIO-Worker",1419333257597163,2756823,"Running"
29898,"NIO-Worker",1419333260353986,204062,"S"
29898,"NIO-Worker",1419333260558048,49375,"R"
29898,"NIO-Worker",1419333260607423,316563,"Running"
29857,"nio-stream-prod",1419333260736382,62968,"R"
29857,"nio-stream-prod",1419333260799350,146511,"Running"
29844,"nio-webserver-r",1419333260873569,71406,"R"
29898,"NIO-Worker",1419333260923986,411793750,"S"
29844,"nio-webserver-r",1419333260944975,190938,"Running"
29857,"nio-stream-prod",1419333260945861,107420468,"S"
29844,"nio-webserver-r",1419333261135913,11875,"R+"
29844,"nio-webserver-r",1419333261147788,270781,"Running"
29844,"nio-webserver-r",1419333261418569,42612344,"S"
29844,"nio-webserver-r",1419333304030913,40156,"R"
29844,"nio-webserver-r",1419333304071069,285781,"Running"
29844,"nio-webserver-r",1419333304356850,37917,"R+"
29844,"nio-webserver-r",1419333304394767,90781,"Running"
29844,"nio-webserver-r",1419333304485548,15157,"R+"
29844,"nio-webserver-r",1419333304500705,18437,"Running"
29844,"nio-webserver-r",1419333304519142,22552,"S"
29844,"nio-webserver-r",1419333304541694,27188,"R"
29844,"nio-webserver-r",1419333304568882,4843,"Running"
29844,"nio-webserver-r",1419333304573725,81250,"S"
29844,"nio-webserver-r",1419333304654975,51094,"R"
29844,"nio-webserver-r",1419333304706069,167604,"Running"
29844,"nio-webserver-r",1419333304873673,39740,"R"
29844,"nio-webserver-r",1419333304913413,62135,"Running"
29844,"nio-webserver-r",1419333304975548,555052,"S"
29844,"nio-webserver-r",1419333305530600,66875,"R"
29844,"nio-webserver-r",1419333305597475,284375,"Running"
29905,"NIO-Worker",1419333305848100,33750,"R"
29844,"nio-webserver-r",1419333305881850,5175782,"S"
29905,"NIO-Worker",1419333305881850,691875,"Running"
29905,"NIO-Worker",1419333306573725,47813,"R+"
29905,"NIO-Worker",1419333306621538,5729,"Running"
29905,"NIO-Worker",1419333306627267,98177,"S"
29905,"NIO-Worker",1419333306725444,20000,"R"
29905,"NIO-Worker",1419333306745444,46094,"Running"
29905,"NIO-Worker",1419333306791538,233385,"S"
29905,"NIO-Worker",1419333307024923,25990,"R"
29905,"NIO-Worker",1419333307050913,201198,"Running"
29905,"NIO-Worker",1419333307252111,248125,"S"
29905,"NIO-Worker",1419333307500236,53646,"R"
29905,"NIO-Worker",1419333307553882,18698,"Running"
29905,"NIO-Worker",1419333307572580,62552,"R+"
29905,"NIO-Worker",1419333307635132,4531,"Running"
29905,"NIO-Worker",1419333307639663,7760,"S"
29905,"NIO-Worker",1419333307647423,10990,"R"
29905,"NIO-Worker",1419333307658413,60781,"Running"
29905,"NIO-Worker",1419333307719194,94063,"R+"
29905,"NIO-Worker",1419333307813257,3007916,"Running"
29905,"NIO-Worker",1419333310821173,19271,"S"
29905,"NIO-Worker",1419333310840444,14375,"R"
29905,"NIO-Worker",1419333310854819,238281,"Running"
29844,"nio-webserver-r",1419333311057632,11718,"R"
29844,"nio-webserver-r",1419333311069350,310730,"Running"
29905,"NIO-Worker",1419333311093100,416265729,"S"
29844,"nio-webserver-r",1419333311380080,48043333,"S"
29844,"nio-webserver-r",1419333359423413,31719,"R"
29844,"nio-webserver-r",1419333359455132,152760,"Running"
29844,"nio-webserver-r",1419333359607892,221250,"S"
29844,"nio-webserver-r",1419333359829142,59896,"R"
29844,"nio-webserver-r",1419333359889038,234323,"Running"
29844,"nio-webserver-r",1419333360123361,532239,"S"
29844,"nio-webserver-r",1419333360655600,66563,"R"
29844,"nio-webserver-r",1419333360722163,50729,"Running"
29844,"nio-webserver-r",1419333360772892,36563,"R"
29844,"nio-webserver-r",1419333360809455,285156,"Running"
29908,"NIO-Worker",1419333361059507,27812,"R"
29908,"NIO-Worker",1419333361087319,365156,"Running"
29844,"nio-webserver-r",1419333361094611,7358333,"S"
29908,"NIO-Worker",1419333361452475,1847813,"S"
29908,"NIO-Worker",1419333363300288,26094,"R"
29908,"NIO-Worker",1419333363326382,21041,"Running"
29908,"NIO-Worker",1419333363347423,55052,"R"
29908,"NIO-Worker",1419333363402475,583386,"Running"
29908,"NIO-Worker",1419333363985861,21302,"R+"
29908,"NIO-Worker",1419333364007163,5156,"Running"
29908,"NIO-Worker",1419333364012319,122344,"S"
29908,"NIO-Worker",1419333364134663,55469,"R"
29908,"NIO-Worker",1419333364190132,32343,"Running"
29908,"NIO-Worker",1419333364222475,211094,"S"
29908,"NIO-Worker",1419333364433569,103594,"R"
29908,"NIO-Worker",1419333364537163,252031,"Running"
29908,"NIO-Worker",1419333364789194,365781,"S"
29908,"NIO-Worker",1419333365154975,32136,"R"
29908,"NIO-Worker",1419333365187111,45937,"Running"
29908,"NIO-Worker",1419333365233048,53021,"S"
29908,"NIO-Worker",1419333365286069,15260,"R"
29908,"NIO-Worker",1419333365301329,52553,"Running"
29908,"NIO-Worker",1419333365353882,66250,"S"
29908,"NIO-Worker",1419333365420132,16041,"R"
29908,"NIO-Worker",1419333365436173,2777240,"Running"
29908,"NIO-Worker",1419333368213413,21094,"S"
29908,"NIO-Worker",1419333368234507,16666,"R"
29908,"NIO-Worker",1419333368251173,248177,"Running"
29857,"nio-stream-prod",1419333368366329,25782,"R"
29857,"nio-stream-prod",1419333368392111,176458,"Running"
29844,"nio-webserver-r",1419333368452944,43438,"R"
29844,"nio-webserver-r",1419333368496382,435000,"Running"
29908,"NIO-Worker",1419333368499350,414663281,"S"
29857,"nio-stream-prod",1419333368568569,100500313,"S"
29844,"nio-webserver-r",1419333368931382,41833906,"S"
29844,"nio-webserver-r",1419333410765288,51979,"R"
29844,"nio-webserver-r",1419333410817267,133490,"Running"
29844,"nio-webserver-r",1419333410950757,110625,"S"
29844,"nio-webserver-r",1419333411061382,59375,"R"
29844,"nio-webserver-r",1419333411120757,194062,"Running"
29844,"nio-webserver-r",1419333411314819,385781,"S"
29844,"nio-webserver-r",1419333411700600,57761,"R"
29844,"nio-webserver-r",1419333411758361,285000,"Running"
29911,"NIO-Worker",1419333411995704,24740,"R"
29911,"NIO-Worker",1419333412020444,371510,"Running"
29844,"nio-webserver-r",1419333412043361,10655364,"S"
29911,"NIO-Worker",1419333412391954,5023959,"S"
29911,"NIO-Worker",1419333417415913,23437,"R"
29911,"NIO-Worker",1419333417439350,285104,"Running"
29911,"NIO-Worker",1419333417724454,20365,"S"
29911,"NIO-Worker",1419333417744819,245625,"Running"
29911,"NIO-Worker",1419333417990444,173542,"S"
29911,"NIO-Worker",1419333418163986,18750,"R"
29911,"NIO-Worker",1419333418182736,39427,"Running"
29911,"NIO-Worker",1419333418222163,226666,"S"
29911,"NIO-Worker",1419333418448829,25209,"R"
29911,"NIO-Worker",1419333418474038,260937,"Running"
29911,"NIO-Worker",1419333418734975,145469,"R+"
29911,"NIO-Worker",1419333418880444,15625,"Running"
29911,"NIO-Worker",1419333418896069,99948,"S"
29911,"NIO-Worker",1419333418996017,26875,"R"
29911,"NIO-Worker",1419333419022892,34427,"Running"
29911,"NIO-Worker",1419333419057319,70781,"S"
29911,"NIO-Worker",1419333419128100,100469,"R"
29911,"NIO-Worker",1419333419228569,51510,"Running"
29911,"NIO-Worker",1419333419280079,73646,"S"
29911,"NIO-Worker",1419333419353725,19636,"R"
29911,"NIO-Worker",1419333419373361,1495364,"Running"
29911,"NIO-Worker",1419333420868725,136719,"R"
29911,"NIO-Worker",1419333421005444,687760,"Running"
29911,"NIO-Worker",1419333421693204,89740,"R"
29911,"NIO-Worker",1419333421782944,695156,"Running"
29911,"NIO-Worker",1419333422478100,66719,"R+"
29911,"NIO-Worker",1419333422544819,227656,"Running"
29844,"nio-webserver-r",1419333422698725,25782,"R"
29844,"nio-webserver-r",1419333422724507,381250,"Running"
29911,"NIO-Worker",1419333422772475,412005781,"S"
29844,"nio-webserver-r",1419333423105757,39152656,"S"
29844,"nio-webserver-r",1419333462258413,71406,"R"
29844,"nio-webserver-r",1419333462329819,141250,"Running"
29844,"nio-webserver-r",1419333462471069,91354,"S"
29844,"nio-webserver-r",1419333462562423,58646,"R"
29844,"nio-webserver-r",1419333462621069,207500,"Running"
29844,"nio-webserver-r",1419333462828569,757448,"S"
29844,"nio-webserver-r",1419333463586017,49583,"R"
29844,"nio-webserver-r",1419333463635600,280469,"Running"
29913,"NIO-Worker",1419333463878829,24428,"R"
29913,"NIO-Worker",1419333463903257,350156,"Running"
29844,"nio-webserver-r",1419333463916069,5243281,"S"
29913,"NIO-Worker",1419333464253413,45781,"S"
29913,"NIO-Worker",1419333464299194,13906,"R"
29913,"NIO-Worker",1419333464313100,451875,"Running"
29913,"NIO-Worker",1419333464764975,172969,"S"
29913,"NIO-Worker",1419333464937944,22344,"R"
29913,"NIO-Worker",1419333464960288,33906,"Running"
29913,"NIO-Worker",1419333464994194,273073,"S"
29913,"NIO-Worker",1419333465267267,14531,"R"
29913,"NIO-Worker",1419333465281798,225938,"Running"
29913,"NIO-Worker",1419333465507736,247083,"S"
29913,"NIO-Worker",1419333465754819,40156,"R"
29913,"NIO-Worker",1419333465794975,24688,"Running"
29913,"NIO-Worker",1419333465819663,62916,"S"
29913,"NIO-Worker",1419333465882579,14896,"R"
29913,"NIO-Worker",1419333465897475,59792,"Running"
29913,"NIO-Worker",1419333465957267,65469,"S"
29913,"NIO-Worker",1419333466022736,18750,"R"
29913,"NIO-Worker",1419333466041486,2866406,"Running"
29913,"NIO-Worker",1419333468907892,6458,"S"
29913,"NIO-Worker",1419333468914350,51042,"R"
29913,"NIO-Worker",1419333468965392,233490,"Running"
29857,"nio-stream-prod",1419333469068882,44218,"R"
29857,"nio-stream-prod",1419333469113100,89479,"Running"
29844,"nio-webserver-r",1419333469159350,17604,"R"
29844,"nio-webserver-r",1419333469176954,407084,"Running"
29913,"NIO-Worker",1419333469198882,419715468,"S"
29857,"nio-stream-prod",1419333469202579,113951771,"S"
29844,"nio-webserver-r",1419333469584038,45735260,"S"
29844,"nio-webserver-r",1419333515319298,51927,"R"
29844,"nio-webserver-r",1419333515371225,300313,"Running"
29844,"nio-webserver-r",1419333515671538,16823,"S"
29844,"nio-webserver-r",1419333515688361,46927,"R"
29844,"nio-webserver-r",1419333515735288,11354,"Running"
29844,"nio-webserver-r",1419333515746642,13646,"S"
29844,"nio-webserver-r",1419333515760288,214375,"Running"
29844,"nio-webserver-r",1419333515974663,451510,"S"
29844,"nio-webserver-r",1419333516426173,80521,"R"
29844,"nio-webserver-r",1419333516506694,363542,"Running"
29914,"NIO-Worker",1419333516793517,15156,"R"
29914,"NIO-Worker",1419333516808673,384375,"Running"
29844,"nio-webserver-r",1419333516870236,10386250,"S"
29914,"NIO-Worker",1419333517193048,5144688,"S"
29914,"NIO-Worker",1419333522337736,15937,"R"
29914,"NIO-Worker",1419333522353673,523021,"Running"
29914,"NIO-Worker",1419333522876694,178438,"S"
29914,"NIO-Worker",1419333523055132,49010,"R"
29914,"NIO-Worker",1419333523104142,41458,"Running"
29914,"NIO-Worker",1419333523145600,286407,"S"
29914,"NIO-Worker",1419333523432007,14791,"R"
29914,"NIO-Worker",1419333523446798,212552,"Running"
29914,"NIO-Worker",1419333523659350,281407,"S"
29914,"NIO-Worker",1419333523940757,28906,"R"
29914,"NIO-Worker",1419333523969663,32656,"Running"
29914,"NIO-Worker",1419333524002319,70885,"S"
29914,"NIO-Worker",1419333524073204,24063,"R"
29914,"NIO-Worker",1419333524097267,48646,"Running"
29914,"NIO-Worker",1419333524145913,40416,"S"
29914,"NIO-Worker",1419333524186329,20834,"R"
29914,"NIO-Worker",1419333524207163,2803229,"Running"
29914,"NIO-Worker",1419333527010392,25052,"S"
29914,"NIO-Worker",1419333527035444,86042,"R"
29914,"NIO-Worker",1419333527121486,190989,"Running"
29844,"nio-webserver-r",1419333527256486,54218,"R"
29844,"nio-webserver-r",1419333527310704,387344,"Running"
29914,"NIO-Worker",1419333527312475,416909219,"S"
29844,"nio-webserver-r",1419333527698048,41571615,"S"
29844,"nio-webserver-r",1419333569269663,37656,"R"
29844,"nio-webserver-r",1419333569307319,123906,"Running"
29844,"nio-webserver-r",1419333569431225,67917,"S"
29844,"nio-webserver-r",1419333569499142,73177,"R"
29844,"nio-webserver-r",1419333569572319,183854,"Running"
29844,"nio-webserver-r",1419333569756173,470938,"S"
29844,"nio-webserver-r",1419333570227111,21406,"R"
29844,"nio-webserver-r",1419333570248517,80625,"Running"
29844,"nio-webserver-r",1419333570329142,10990,"R"
29844,"nio-webserver-r",1419333570340132,248541,"Running"
29915,"NIO-Worker",1419333570547475,19063,"R"
29915,"NIO-Worker",1419333570566538,303594,"Running"
29844,"nio-webserver-r",1419333570588673,12648750,"S"
29915,"NIO-Worker",1419333570870132,7000885,"S"
29915,"NIO-Worker",1419333577871017,17344,"R"
29915,"NIO-Worker",1419333577888361,212500,"Running"
29915,"NIO-Worker",1419333578100861,66146,"S"
29915,"NIO-Worker",1419333578167007,13906,"R"
29915,"NIO-Worker",1419333578180913,30156,"Running"
29915,"NIO-Worker",1419333578211069,14844,"S"
29915,"NIO-Worker",1419333578225913,354062,"Running"
29915,"NIO-Worker",1419333578579975,143542,"S"
29915,"NIO-Worker",1419333578723517,28490,"R"
29915,"NIO-Worker",1419333578752007,35729,"Running"
29915,"NIO-Worker",1419333578787736,221093,"S"
29915,"NIO-Worker",1419333579008829,32240,"R"
29915,"NIO-Worker",1419333579041069,246094,"Running"
29915,"NIO-Worker",1419333579287163,250937,"S"
29915,"NIO-Worker",1419333579538100,44844,"R"
29915,"NIO-Worker",1419333579582944,23594,"Running"
29915,"NIO-Worker",1419333579606538,50312,"S"
29915,"NIO-Worker",1419333579656850,37344,"R"
29915,"NIO-Worker",1419333579694194,65781,"Running"
29915,"NIO-Worker",1419333579759975,110781,"S"
29915,"NIO-Worker",1419333579870756,37969,"R"
29915,"NIO-Worker",1419333579908725,164792,"Running"
29915,"NIO-Worker",1419333580073517,211406,"R+"
29915,"NIO-Worker",1419333580284923,581302,"Running"
29915,"NIO-Worker",1419333580866225,82292,"R"
29915,"NIO-Worker",1419333580948517,2080625,"Running"
29915,"NIO-Worker",1419333583029142,33333,"R+"
29915,"NIO-Worker",1419333583062475,210261,"Running"
29857,"nio-stream-prod",1419333583154350,13229,"R"
29857,"nio-stream-prod",1419333583167579,103907,"Running"
29844,"nio-webserver-r",1419333583237423,13750,"R"
29844,"nio-webserver-r",1419333583251173,536875,"Running"
29857,"nio-stream-prod",1419333583271486,98850677,"S"
29915,"NIO-Worker",1419333583272736,414065625,"S"
29844,"nio-webserver-r",1419333583788048,35843646,"S"
29844,"nio-webserver-r",1419333619631694,40885,"R"
29844,"nio-webserver-r",1419333619672579,167865,"Running"
29844,"nio-webserver-r",1419333619840444,69375,"S"
29844,"nio-webserver-r",1419333619909819,39687,"R"
29844,"nio-webserver-r",1419333619949506,157605,"Running"
29844,"nio-webserver-r",1419333620107111,25312,"R"
29844,"nio-webserver-r",1419333620132423,77500,"Running"
29844,"nio-webserver-r",1419333620209923,272396,"S"
29844,"nio-webserver-r",1419333620482319,58698,"R"
29844,"nio-webserver-r",1419333620541017,322552,"Running"
29847,"NIO-Worker",1419333620786017,39062,"R"
29847,"NIO-Worker",1419333620825079,362084,"Running"
29844,"nio-webserver-r",1419333620863569,32135,"R"
29844,"nio-webserver-r",1419333620895704,34896,"Running"
29844,"nio-webserver-r",1419333620930600,5452917,"S"
29847,"NIO-Worker",1419333621187163,101041,"S"
29847,"NIO-Worker",1419333621288204,39063,"R"
29847,"NIO-Worker",1419333621327267,404739,"Running"
29847,"NIO-Worker",1419333621732006,28542,"R"
29847,"NIO-Worker",1419333621760548,102969,"Running"
29847,"NIO-Worker",1419333621863517,131927,"S"
29847,"NIO-Worker",1419333621995444,15573,"R"
29847,"NIO-Worker",1419333622011017,35312,"Running"
29847,"NIO-Worker",1419333622046329,325365,"S"
29847,"NIO-Worker",1419333622371694,17812,"R"
29847,"NIO-Worker",1419333622389506,232813,"Running"
29847,"NIO-Worker",1419333622622319,428281,"S"
29847,"NIO-Worker",1419333623050600,13125,"R"
29847,"NIO-Worker",1419333623063725,20156,"Running"
29847,"NIO-Worker",1419333623083881,86563,"R+"
29847,"NIO-Worker",1419333623170444,48698,"Running"
29847,"NIO-Worker",1419333623219142,56719,"R+"
29847,"NIO-Worker",1419333623275861,2825677,"Running"
29847,"NIO-Worker",1419333626101538,23698,"S"
29847,"NIO-Worker",1419333626125236,22552,"R"
29847,"NIO-Worker",1419333626147788,277291,"Running"
29844,"nio-webserver-r",1419333626383517,13281,"R"
29844,"nio-webserver-r",1419333626396798,358021,"Running"
29847,"NIO-Worker",1419333626425079,426370365,"S"
29844,"nio-webserver-r",1419333626754819,44401250,"S"
29844,"nio-webserver-r",1419333671156069,47917,"R"
29844,"nio-webserver-r",1419333671203986,122083,"Running"
29844,"nio-webserver-r",1419333671326069,184635,"R+"
29844,"nio-webserver-r",1419333671510704,46459,"Running"
29844,"nio-webserver-r",1419333671557163,17812,"S"
29844,"nio-webserver-r",1419333671574975,60781,"R"
29844,"nio-webserver-r",1419333671635756,150105,"Running"
29844,"nio-webserver-r",1419333671785861,25781,"R"
29844,"nio-webserver-r",1419333671811642,70937,"Running"
29844,"nio-webserver-r",1419333671882579,499271,"S"
29844,"nio-webserver-r",1419333672381850,68386,"R"
29844,"nio-webserver-r",1419333672450236,302656,"Running"
29898,"NIO-Worker",1419333672717736,82552,"R"
29844,"nio-webserver-r",1419333672752892,9475625,"S"
29898,"NIO-Worker",1419333672800288,351406,"Running"
29898,"NIO-Worker",1419333673151694,3973437,"S"
29898,"NIO-Worker",1419333677125131,26355,"R"
29898,"NIO-Worker",1419333677151486,215781,"Running"
29898,"NIO-Worker",1419333677367267,38177,"S"
29898,"NIO-Worker",1419333677405444,14323,"R"
29898,"NIO-Worker",1419333677419767,77187,"Running"
29898,"NIO-Worker",1419333677496954,22396,"S"
29898,"NIO-Worker",1419333677519350,280313,"Running"
29898,"NIO-Worker",1419333677799663,127500,"S"
29898,"NIO-Worker",1419333677927163,15468,"R"
29898,"NIO-Worker",1419333677942631,37188,"Running"
29898,"NIO-Worker",1419333677979819,224687,"S"
29898,"NIO-Worker",1419333678204506,48750,"R"
29898,"NIO-Worker",1419333678253256,217657,"Running"
29898,"NIO-Worker",1419333678470913,22343,"R+"
29898,"NIO-Worker",1419333678493256,10417,"Running"
29898,"NIO-Worker",1419333678503673,229583,"S"
29898,"NIO-Worker",1419333678733256,30313,"R"
29898,"NIO-Worker",1419333678763569,16042,"Running"
29898,"NIO-Worker",1419333678779611,28333,"S"
29898,"NIO-Worker",1419333678807944,38750,"R"
29898,"NIO-Worker",1419333678846694,64687,"Running"
29898,"NIO-Worker",1419333678911381,52657,"S"
29898,"NIO-Worker",1419333678964038,18906,"R"
29898,"NIO-Worker",1419333678982944,497187,"Running"
29898,"NIO-Worker",1419333679480131,27605,"R"
29898,"NIO-Worker",1419333679507736,499062,"Running"
29898,"NIO-Worker",1419333680006798,62083,"R+"
29898,"NIO-Worker",1419333680068881,884844,"Running"
29898,"NIO-Worker",1419333680953725,14688,"R"
29898,"NIO-Worker",1419333680968413,215156,"Running"
29898,"NIO-Worker",1419333681183569,7292,"R"
29898,"NIO-Worker",1419333681190861,733177,"Running"
29898,"NIO-Worker",1419333681924038,19948,"R+"
29898,"NIO-Worker",1419333681943986,10677,"Running"
29898,"NIO-Worker",1419333681954663,21666,"S"
29898,"NIO-Worker",1419333681976329,25209,"R"
29898,"NIO-Worker",1419333682001538,271666,"Running"
29857,"nio-stream-prod",1419333682122163,25885,"R"
29857,"nio-stream-prod",1419333682148048,108906,"Running"
29844,"nio-webserver-r",1419333682228517,28437,"R"
29844,"nio-webserver-r",1419333682256954,177709,"Running"
29857,"nio-stream-prod",1419333682256954,108414115,"S"
29898,"NIO-Worker",1419333682273204,423014427,"S"
29844,"nio-webserver-r",1419333682434663,47656,"R+"
29844,"nio-webserver-r",1419333682482319,268073,"Running"
29844,"nio-webserver-r",1419333682750392,43292083,"S"
29844,"nio-webserver-r",1419333726042475,35000,"R"
29844,"nio-webserver-r",1419333726077475,121563,"Running"
29844,"nio-webserver-r",1419333726199038,103281,"S"
29844,"nio-webserver-r",1419333726302319,57917,"R"
29844,"nio-webserver-r",1419333726360236,5833,"Running"
29844,"nio-webserver-r",1419333726366069,113125,"S"
29844,"nio-webserver-r",1419333726479194,73385,"R"
29844,"nio-webserver-r",1419333726552579,218177,"Running"
29844,"nio-webserver-r",1419333726770756,190886,"S"
29844,"nio-webserver-r",1419333726961642,103802,"R"
29844,"nio-webserver-r",1419333727065444,334375,"Running"
29905,"NIO-Worker",1419333727358829,18125,"R"
29905,"NIO-Worker",1419333727376954,284740,"Running"
29844,"nio-webserver-r",1419333727399819,11680104,"S"
29905,"NIO-Worker",1419333727661694,6191406,"S"
29905,"NIO-Worker",1419333733853100,15313,"R"
29905,"NIO-Worker",1419333733868413,247500,"Running"
29905,"NIO-Worker",1419333734115913,18229,"S"
29905,"NIO-Worker",1419333734134142,291458,"Running"
29905,"NIO-Worker",1419333734425600,180625,"S"
29905,"NIO-Worker",1419333734606225,23698,"R"
29905,"NIO-Worker",1419333734629923,41458,"Running"
29905,"NIO-Worker",1419333734671381,221094,"S"
29905,"NIO-Worker",1419333734892475,16563,"R"
29905,"NIO-Worker",1419333734909038,213593,"Running"
29905,"NIO-Worker",1419333735122631,439844,"S"
29905,"NIO-Worker",1419333735562475,16354,"R"
29905,"NIO-Worker",1419333735578829,17813,"Running"
29905,"NIO-Worker",1419333735596642,67239,"S"
29905,"NIO-Worker",1419333735663881,20157,"R"
29905,"NIO-Worker",1419333735684038,59479,"Running"
29905,"NIO-Worker",1419333735743517,71146,"S"
29905,"NIO-Worker",1419333735814663,16562,"R"
29905,"NIO-Worker",1419333735831225,1072813,"Running"
29905,"NIO-Worker",1419333736904038,23437,"R"
29905,"NIO-Worker",1419333736927475,1310625,"Running"
29905,"NIO-Worker",1419333738238100,212031,"R"
29905,"NIO-Worker",1419333738450131,451407,"Running"
29905,"NIO-Worker",1419333738901538,26875,"S"
29905,"NIO-Worker",1419333738928413,17656,"R"
29905,"NIO-Worker",1419333738946069,182969,"Running"
29844,"nio-webserver-r",1419333739079923,17656,"R"
29844,"nio-webserver-r",1419333739097579,390521,"Running"
29905,"NIO-Worker",1419333739129038,417841093,"S"
29844,"nio-webserver-r",1419333739488100,41531875,"S"
29844,"nio-webserver-r",1419333781019975,60469,"R"
29844,"nio-webserver-r",1419333781080444,74948,"Running"
29844,"nio-webserver-r",1419333781155392,14271,"R+"
29844,"nio-webserver-r",1419333781169663,298750,"Running"
29844,"nio-webserver-r",1419333781468413,344010,"S"
29844,"nio-webserver-r",1419333781812423,197708,"R"
29844,"nio-webserver-r",1419333782010131,90730,"Running"
29844,"nio-webserver-r",1419333782100861,19062,"R"
29844,"nio-webserver-r",1419333782119923,23438,"Running"
29844,"nio-webserver-r",1419333782143361,52083,"R"
29844,"nio-webserver-r",1419333782195444,145312,"Running"
29844,"nio-webserver-r",1419333782340756,459688,"S"
29844,"nio-webserver-r",1419333782800444,71875,"R"
29844,"nio-webserver-r",1419333782872319,331042,"Running"
29908,"NIO-Worker",1419333783162631,18438,"R"
29908,"NIO-Worker",1419333783181069,393750,"Running"
29844,"nio-webserver-r",1419333783203361,7701302,"S"
29908,"NIO-Worker",1419333783574819,669792,"S"
29908,"NIO-Worker",1419333784244611,17656,"R"
29908,"NIO-Worker",1419333784262267,215677,"Running"
29908,"NIO-Worker",1419333784477944,130625,"S"
29908,"NIO-Worker",1419333784608569,26510,"R"
29908,"NIO-Worker",1419333784635079,217709,"Running"
29908,"NIO-Worker",1419333784852788,6562,"R"
29908,"NIO-Worker",1419333784859350,127031,"Running"
29908,"NIO-Worker",1419333784986381,32969,"R+"
29908,"NIO-Worker",1419333785019350,8073,"Running"
29908,"NIO-Worker",1419333785027423,144740,"S"
29908,"NIO-Worker",1419333785172163,12187,"R"
29908,"NIO-Worker",1419333785184350,47500,"Running"
29908,"NIO-Worker",1419333785231850,302292,"S"
29908,"NIO-Worker",1419333785534142,31250,"R"
29908,"NIO-Worker",1419333785565392,218802,"Running"
29908,"NIO-Worker",1419333785784194,348542,"S"
29908,"NIO-Worker",1419333786132736,16145,"R"
29908,"NIO-Worker",1419333786148881,20938,"Running"
29908,"NIO-Worker",1419333786169819,45729,"S"
29908,"NIO-Worker",1419333786215548,13333,"R"
29908,"NIO-Worker",1419333786228881,64688,"Running"
29908,"NIO-Worker",1419333786293569,18542,"R+"
29908,"NIO-Worker",1419333786312111,10520,"Running"
29908,"NIO-Worker",1419333786322631,17188,"S"
29908,"NIO-Worker",1419333786339819,12031,"R"
29908,"NIO-Worker",1419333786351850,1249948,"Running"
29908,"NIO-Worker",1419333787601798,560365,"R"
29908,"NIO-Worker",1419333788162163,34218,"Running"
29908,"NIO-Worker",1419333788196381,33125,"R"
29908,"NIO-Worker",1419333788229506,49011,"Running"
29908,"NIO-Worker",1419333788278517,367969,"R"
29908,"NIO-Worker",1419333788646486,216145,"Running"
29908,"NIO-Worker",1419333788862631,10313,"R"
29908,"NIO-Worker",1419333788872944,1611250,"Running"
29908,"NIO-Worker",1419333790484194,47500,"S"
29908,"NIO-Worker",1419333790531694,15260,"R"
29908,"NIO-Worker",1419333790546954,170209,"Running"
29857,"nio-stream-prod",1419333790671069,73906,"R"
29908,"NIO-Worker",1419333790717163,10104,"R"
29908,"NIO-Worker",1419333790727267,217500,"Running"
29857,"nio-stream-prod",1419333790744975,154323,"Running"
29857,"nio-stream-prod",1419333790899298,104492083,"S"
29844,"nio-webserver-r",1419333790904663,40104,"R"
29844,"nio-webserver-r",1419333790944767,438125,"Running"
29908,"NIO-Worker",1419333790944767,422178958,"S"
29844,"nio-webserver-r",1419333791382892,51302,"R+"
29844,"nio-webserver-r",1419333791434194,76510,"Running"
29844,"nio-webserver-r",1419333791510704,42210365,"S"
29844,"nio-webserver-r",1419333833721069,45469,"R"
29844,"nio-webserver-r",1419333833766538,309791,"Running"
29844,"nio-webserver-r",1419333834076329,20990,"R+"
29844,"nio-webserver-r",1419333834097319,64375,"Running"
29844,"nio-webserver-r",1419333834161694,6406,"S"
29844,"nio-webserver-r",1419333834168100,76563,"R"
29844,"nio-webserver-r",1419333834244663,6093,"Running"
29844,"nio-webserver-r",1419333834250756,14792,"S"
29844,"nio-webserver-r",1419333834265548,70677,"R"
29844,"nio-webserver-r",1419333834336225,521875,"Running"
29911,"NIO-Worker",1419333834778256,27500,"R"
29911,"NIO-Worker",1419333834805756,389532,"Running"
29844,"nio-webserver-r",1419333834858100,6721667,"S"
29911,"NIO-Worker",1419333835195288,933125,"S"
29911,"NIO-Worker",1419333836128413,16250,"R"
29911,"NIO-Worker",1419333836144663,212812,"Running"
29911,"NIO-Worker",1419333836357475,119844,"S"
29911,"NIO-Worker",1419333836477319,25417,"R"
29911,"NIO-Worker",1419333836502736,283177,"Running"
29911,"NIO-Worker",1419333836785913,257968,"S"
29911,"NIO-Worker",1419333837043881,15000,"R"
29911,"NIO-Worker",1419333837058881,43594,"Running"
29911,"NIO-Worker",1419333837102475,216042,"S"
29911,"NIO-Worker",1419333837318517,41302,"R"
29911,"NIO-Worker",1419333837359819,228281,"Running"
29911,"NIO-Worker",1419333837588100,396979,"S"
29911,"NIO-Worker",1419333837985079,60521,"R"
29911,"NIO-Worker",1419333838045600,69636,"Running"
29911,"NIO-Worker",1419333838115236,244895,"S"
29911,"NIO-Worker",1419333838360131,31667,"R"
29911,"NIO-Worker",1419333838391798,61458,"Running"
29911,"NIO-Worker",1419333838453256,79375,"S"
29911,"NIO-Worker",1419333838532631,18386,"R"
29911,"NIO-Worker",1419333838551017,2829896,"Running"
29911,"NIO-Worker",1419333841380913,26718,"S"
29911,"NIO-Worker",1419333841407631,23386,"R"
29911,"NIO-Worker",1419333841431017,188021,"Running"
29844,"nio-webserver-r",1419333841579767,12083,"R"
29844,"nio-webserver-r",1419333841591850,373386,"Running"
29911,"NIO-Worker",1419333841619038,421882499,"S"
29844,"nio-webserver-r",1419333841965236,44998489,"S"
29844,"nio-webserver-r",1419333886963725,36563,"R"
29844,"nio-webserver-r",1419333887000288,139375,"Running"
29844,"nio-webserver-r",1419333887139663,138750,"S"
29844,"nio-webserver-r",1419333887278413,53229,"R"
29844,"nio-webserver-r",1419333887331642,74219,"Running"
29844,"nio-webserver-r",1419333887405861,240625,"R"
29844,"nio-webserver-r",1419333887646486,113020,"Running"
29844,"nio-webserver-r",1419333887759506,34844,"R"
29844,"nio-webserver-r",1419333887794350,53906,"Running"
29844,"nio-webserver-r",1419333887848256,365938,"S"
29844,"nio-webserver-r",1419333888214194,54219,"R"
29844,"nio-webserver-r",1419333888268413,55885,"Running"
29844,"nio-webserver-r",1419333888324298,249271,"R"
29844,"nio-webserver-r",1419333888573569,47187,"Running"
29844,"nio-webserver-r",1419333888620756,53594,"R"
29844,"nio-webserver-r",1419333888674350,207031,"Running"
29844,"nio-webserver-r",1419333888881381,6563,"R"
29844,"nio-webserver-r",1419333888887944,86510,"Running"
29913,"NIO-Worker",1419333888914350,32500,"R"
29913,"NIO-Worker",1419333888946850,359323,"Running"
29844,"nio-webserver-r",1419333888974454,6601459,"S"
29913,"NIO-Worker",1419333889306173,1279427,"S"
29913,"NIO-Worker",1419333890585600,18594,"R"
29913,"NIO-Worker",1419333890604194,214375,"Running"
29913,"NIO-Worker",1419333890818569,34219,"S"
29913,"NIO-Worker",1419333890852788,25625,"R"
29913,"NIO-Worker",1419333890878413,65156,"Running"
29913,"NIO-Worker",1419333890943569,14948,"S"
29913,"NIO-Worker",1419333890958517,255521,"Running"
29913,"NIO-Worker",1419333891214038,150937,"S"
29913,"NIO-Worker",1419333891364975,26354,"R"
29913,"NIO-Worker",1419333891391329,54271,"Running"
29913,"NIO-Worker",1419333891445600,241354,"S"
29913,"NIO-Worker",1419333891686954,16927,"R"
29913,"NIO-Worker",1419333891703881,209844,"Running"
29913,"NIO-Worker",1419333891913725,281979,"S"
29913,"NIO-Worker",1419333892195704,38125,"R"
29913,"NIO-Worker",1419333892233829,23334,"Running"
29913,"NIO-Worker",1419333892257163,56979,"R+"
29913,"NIO-Worker",1419333892314142,46614,"Running"
29913,"NIO-Worker",1419333892360756,36980,"S"
29913,"NIO-Worker",1419333892397736,16250,"R"
29913,"NIO-Worker",1419333892413986,2801458,"Running"
29913,"NIO-Worker",1419333895215444,28906,"R+"
29913,"NIO-Worker",1419333895244350,380156,"Running"
29857,"nio-stream-prod",1419333895391381,16407,"R"
29857,"nio-stream-prod",1419333895407788,89687,"Running"
29857,"nio-stream-prod",1419333895497475,107377813,"S"
29844,"nio-webserver-r",1419333895575913,27916,"R"
29844,"nio-webserver-r",1419333895603829,138490,"Running"
29913,"NIO-Worker",1419333895624506,418430156,"S"
29844,"nio-webserver-r",1419333895742319,38542,"R+"
29844,"nio-webserver-r",1419333895780861,38437,"Running"
29844,"nio-webserver-r",1419333895819298,37865,"R+"
29844,"nio-webserver-r",1419333895857163,218281,"Running"
29844,"nio-webserver-r",1419333896075444,21094,"R"
29844,"nio-webserver-r",1419333896096538,153593,"Running"
29844,"nio-webserver-r",1419333896250131,46394219,"S"
29844,"nio-webserver-r",1419333942644350,46354,"R"
29844,"nio-webserver-r",1419333942690704,158177,"Running"
29844,"nio-webserver-r",1419333942848881,46407,"S"
29844,"nio-webserver-r",1419333942895288,35156,"R"
29844,"nio-webserver-r",1419333942930444,10937,"Running"
29844,"nio-webserver-r",1419333942941381,35573,"S"
29844,"nio-webserver-r",1419333942976954,25990,"R"
29844,"nio-webserver-r",1419333943002944,172917,"Running"
29844,"nio-webserver-r",1419333943175861,745364,"S"
29844,"nio-webserver-r",1419333943921225,58594,"R"
29844,"nio-webserver-r",1419333943979819,277187,"Running"
29914,"NIO-Worker",1419333944221694,41406,"R"
29844,"nio-webserver-r",1419333944257006,5361823,"S"
29914,"NIO-Worker",1419333944263100,827813,"Running"
29914,"NIO-Worker",1419333945090913,80000,"R+"
29914,"NIO-Worker",1419333945170913,5468,"Running"
29914,"NIO-Worker",1419333945176381,60469,"S"
29914,"NIO-Worker",1419333945236850,20625,"R"
29914,"NIO-Worker",1419333945257475,39792,"Running"
29914,"NIO-Worker",1419333945297267,217656,"S"
29914,"NIO-Worker",1419333945514923,17031,"R"
29914,"NIO-Worker",1419333945531954,209375,"Running"
29914,"NIO-Worker",1419333945741329,583907,"S"
29914,"NIO-Worker",1419333946325236,58125,"R"
29914,"NIO-Worker",1419333946383361,28802,"Running"
29914,"NIO-Worker",1419333946412163,72031,"R+"
29914,"NIO-Worker",1419333946484194,7656,"Running"
29914,"NIO-Worker",1419333946491850,99063,"S"
29914,"NIO-Worker",1419333946590913,69166,"Running"
29914,"NIO-Worker",1419333946660079,56927,"R+"
29914,"NIO-Worker",1419333946717006,2635000,"Running"
29914,"NIO-Worker",1419333949352006,9063,"R+"
29914,"NIO-Worker",1419333949361069,14323,"Running"
29914,"NIO-Worker",1419333949375392,35208,"S"
29914,"NIO-Worker",1419333949410600,53906,"R"
29914,"NIO-Worker",1419333949464506,198282,"Running"
29844,"nio-webserver-r",1419333949618829,87396,"R"
29914,"NIO-Worker",1419333949662788,418170312,"S"
29844,"nio-webserver-r",1419333949706225,386875,"Running"
29844,"nio-webserver-r",1419333950093100,45873854,"S"
29844,"nio-webserver-r",1419333995966954,14740,"R"
29844,"nio-webserver-r",1419333995981694,53542,"Running"
29844,"nio-webserver-r",1419333996035236,11718,"R"
29844,"nio-webserver-r",1419333996046954,71459,"Running"
29844,"nio-webserver-r",1419333996118413,168854,"S"
29844,"nio-webserver-r",1419333996287267,9739,"R"
29844,"nio-webserver-r",1419333996297006,5625,"Running"
29844,"nio-webserver-r",1419333996302631,120886,"S"
29844,"nio-webserver-r",1419333996423517,359844,"R"
29844,"nio-webserver-r",1419333996783361,89739,"Running"
29844,"nio-webserver-r",1419333996873100,27500,"R"
29844,"nio-webserver-r",1419333996900600,66875,"Running"
29844,"nio-webserver-r",1419333996967475,92136,"R"
29844,"nio-webserver-r",1419333997059611,311302,"Running"
29915,"NIO-Worker",1419333997338361,17239,"R"
29915,"NIO-Worker",1419333997355600,327917,"Running"
29844,"nio-webserver-r",1419333997370913,5591250,"S"
29915,"NIO-Worker",1419333997683517,647396,"S"
29915,"NIO-Worker",1419333998330913,14010,"R"
29915,"NIO-Worker",1419333998344923,423281,"Running"
29915,"NIO-Worker",1419333998768204,143959,"S"
29915,"NIO-Worker",1419333998912163,17500,"R"
29915,"NIO-Worker",1419333998929663,24791,"Running"
29915,"NIO-Worker",1419333998954454,10990,"R+"
29915,"NIO-Worker",1419333998965444,10781,"Running"
29915,"NIO-Worker",1419333998976225,224375,"S"
29915,"NIO-Worker",1419333999200600,15469,"R"
29915,"NIO-Worker",1419333999216069,176875,"Running"
29915,"NIO-Worker",1419333999392944,52656,"R+"
29915,"NIO-Worker",1419333999445600,4375,"Running"
29915,"NIO-Worker",1419333999449975,178906,"S"
29915,"NIO-Worker",1419333999628881,15417,"R"
29915,"NIO-Worker",1419333999644298,20781,"Running"
29915,"NIO-Worker",1419333999665079,60209,"S"
29915,"NIO-Worker",1419333999725288,37760,"R"
29915,"NIO-Worker",1419333999763048,55208,"Running"
29915,"NIO-Worker",1419333999818256,43594,"S"
29915,"NIO-Worker",1419333999861850,15469,"R"
29915,"NIO-Worker",1419333999877319,739167,"Running"
29915,"NIO-Worker",1419334000616486,48281,"R"
29915,"NIO-Worker",1419334000664767,2084583,"Running"
29915,"NIO-Worker",1419334002749350,30156,"R+"
29915,"NIO-Worker",1419334002779506,218438,"Running"
29857,"nio-stream-prod",1419334002875288,35781,"R"
29857,"nio-stream-prod",1419334002911069,82448,"Running"
29844,"nio-webserver-r",1419334002962163,78750,"R"
29857,"nio-stream-prod",1419334002993517,107171718,"S"
29915,"NIO-Worker",1419334002997944,419561510,"S"
29844,"nio-webserver-r",1419334003040913,166198,"Running"
29844,"nio-webserver-r",1419334003207111,52239,"R+"
29844,"nio-webserver-r",1419334003259350,227188,"Running"
29844,"nio-webserver-r",1419334003486538,47975468,"S"
29844,"nio-webserver-r",1419334051462006,60157,"R"
29844,"nio-webserver-r",1419334051522163,107447,"Running"
29844,"nio-webserver-r",1419334051629610,262188,"S"
29844,"nio-webserver-r",1419334051891798,160208,"R"
29844,"nio-webserver-r",1419334052052006,171563,"Running"
29844,"nio-webserver-r",1419334052223569,231406,"S"
29844,"nio-webserver-r",1419334052454975,31510,"R"
29844,"nio-webserver-r",1419334052486485,106615,"Running"
29844,"nio-webserver-r",1419334052593100,27604,"R"
29844,"nio-webserver-r",1419334052620704,241771,"Running"
29847,"NIO-Worker",1419334052795444,70885,"R"
29844,"nio-webserver-r",1419334052862475,6891875,"S"
29847,"NIO-Worker",1419334052866329,323334,"Running"
29847,"NIO-Worker",1419334053189663,1826250,"S"
29847,"NIO-Worker",1419334055015913,12604,"R"
29847,"NIO-Worker",1419334055028517,488177,"Running"
29847,"NIO-Worker",1419334055516694,124010,"S"
29847,"NIO-Worker",1419334055640704,19375,"R"
29847,"NIO-Worker",1419334055660079,54740,"Running"
29847,"NIO-Worker",1419334055714819,229062,"S"
29847,"NIO-Worker",1419334055943881,35417,"R"
29847,"NIO-Worker",1419334055979298,223958,"Running"
29847,"NIO-Worker",1419334056203256,303073,"S"
29847,"NIO-Worker",1419334056506329,15990,"R"
29847,"NIO-Worker",1419334056522319,19479,"Running"
29847,"NIO-Worker",1419334056541798,43177,"S"
29847,"NIO-Worker",1419334056584975,22656,"R"
29847,"NIO-Worker",1419334056607631,67917,"Running"
29847,"NIO-Worker",1419334056675548,68490,"S"
29847,"NIO-Worker",1419334056744038,22500,"R"
29847,"NIO-Worker",1419334056766538,2763072,"Running"
29847,"NIO-Worker",1419334059529610,24115,"S"
29847,"NIO-Worker",1419334059553725,70938,"R"
29847,"NIO-Worker",1419334059624663,203906,"Running"
29844,"nio-webserver-r",1419334059754350,50104,"R"
29844,"nio-webserver-r",1419334059804454,370521,"Running"
29847,"NIO-Worker",1419334059828569,417794062,"S"
29844,"nio-webserver-r",1419334060174975,43310156,"S"
29844,"nio-webserver-r",1419334103485131,74375,"R"
29844,"nio-webserver-r",1419334103559506,192917,"Running"
29844,"nio-webserver-r",1419334103752423,152031,"S"
29844,"nio-webserver-r",1419334103904454,45521,"R"
29844,"nio-webserver-r",1419334103949975,147344,"Running"
29844,"nio-webserver-r",1419334104097319,867031,"S"
29844,"nio-webserver-r",1419334104964350,44010,"R"
29844,"nio-webserver-r",1419334105008360,312709,"Running"
29898,"NIO-Worker",1419334105287631,13438,"R"
29898,"NIO-Worker",1419334105301069,686823,"Running"
29844,"nio-webserver-r",1419334105321069,5213906,"S"
29898,"NIO-Worker",1419334105987892,153802,"S"
29898,"NIO-Worker",1419334106141694,21666,"R"
29898,"NIO-Worker",1419334106163360,36146,"Running"
29898,"NIO-Worker",1419334106199506,235469,"S"
29898,"NIO-Worker",1419334106434975,15156,"R"
29898,"NIO-Worker",1419334106450131,201563,"Running"
29898,"NIO-Worker",1419334106651694,252916,"S"
29898,"NIO-Worker",1419334106904610,17188,"R"
29898,"NIO-Worker",1419334106921798,32240,"Running"
29898,"NIO-Worker",1419334106954038,66510,"S"
29898,"NIO-Worker",1419334107020548,14062,"R"
29898,"NIO-Worker",1419334107034610,47709,"Running"
29898,"NIO-Worker",1419334107082319,68437,"S"
29898,"NIO-Worker",1419334107150756,17032,"R"
29898,"NIO-Worker",1419334107167788,2223125,"Running"
29898,"NIO-Worker",1419334109390913,103593,"R+"
29898,"NIO-Worker",1419334109494506,553229,"Running"
29898,"NIO-Worker",1419334110047735,24063,"S"
29898,"NIO-Worker",1419334110071798,17031,"R"
29898,"NIO-Worker",1419334110088829,160677,"Running"
29857,"nio-stream-prod",1419334110165235,257032,"R"
29898,"NIO-Worker",1419334110249506,188698,"R+"
29857,"nio-stream-prod",1419334110422267,84739,"Running"
29898,"NIO-Worker",1419334110438204,21094,"Running"
29898,"NIO-Worker",1419334110459298,29896,"R"
29898,"NIO-Worker",1419334110489194,107031,"Running"
29857,"nio-stream-prod",1419334110507006,112927969,"S"
29844,"nio-webserver-r",1419334110534975,56875,"R"
29844,"nio-webserver-r",1419334110591850,399531,"Running"
29898,"NIO-Worker",1419334110596225,416940469,"S"
29844,"nio-webserver-r",1419334110991381,44486979,"S"
29844,"nio-webserver-r",1419334155478360,30469,"R"
29844,"nio-webserver-r",1419334155508829,127500,"Running"
29844,"nio-webserver-r",1419334155636329,67552,"S"
29844,"nio-webserver-r",1419334155703881,42969,"R"
29844,"nio-webserver-r",1419334155746850,215469,"Running"
29844,"nio-webserver-r",1419334155962319,555781,"S"
29844,"nio-webserver-r",1419334156518100,55781,"R"
29844,"nio-webserver-r",1419334156573881,332657,"Running"
29844,"nio-webserver-r",1419334156906538,45625,"R"
29844,"nio-webserver-r",1419334156952163,76406,"Running"
29905,"NIO-Worker",1419334156970131,52136,"R"
29905,"NIO-Worker",1419334157022267,341614,"Running"
29844,"nio-webserver-r",1419334157028569,5435625,"S"
29905,"NIO-Worker",1419334157363881,129063,"S"
29905,"NIO-Worker",1419334157492944,20416,"R"
29905,"NIO-Worker",1419334157513360,214844,"Running"
29905,"NIO-Worker",1419334157728204,3021,"S"
29905,"NIO-Worker",1419334157731225,26250,"R"
29905,"NIO-Worker",1419334157757475,472500,"Running"
29905,"NIO-Worker",1419334158229975,129688,"R+"
29905,"NIO-Worker",1419334158359663,8906,"Running"
29905,"NIO-Worker",1419334158368569,7812,"S"
29905,"NIO-Worker",1419334158376381,12136,"R"
29905,"NIO-Worker",1419334158388517,60312,"Running"
29905,"NIO-Worker",1419334158448829,251302,"S"
29905,"NIO-Worker",1419334158700131,27136,"R"
29905,"NIO-Worker",1419334158727267,205625,"Running"
29905,"NIO-Worker",1419334158932892,278646,"S"
29905,"NIO-Worker",1419334159211538,19322,"R"
29905,"NIO-Worker",1419334159230860,25209,"Running"
29905,"NIO-Worker",1419334159256069,67448,"S"
29905,"NIO-Worker",1419334159323517,33437,"R"
29905,"NIO-Worker",1419334159356954,76146,"Running"
29905,"NIO-Worker",1419334159433100,41250,"S"
29905,"NIO-Worker",1419334159474350,18750,"R"
29905,"NIO-Worker",1419334159493100,2758594,"Running"
29905,"NIO-Worker",1419334162251694,32916,"S"
29905,"NIO-Worker",1419334162284610,34584,"R"
29905,"NIO-Worker",1419334162319194,227604,"Running"
29844,"nio-webserver-r",1419334162464194,82604,"R"
29844,"nio-webserver-r",1419334162546798,163021,"Running"
29905,"NIO-Worker",1419334162546798,419759271,"S"
29844,"nio-webserver-r",1419334162709819,70625,"R+"
29844,"nio-webserver-r",1419334162780444,174323,"Running"
29844,"nio-webserver-r",1419334162954767,39739,"R+"
29844,"nio-webserver-r",1419334162994506,56563,"Running"
29844,"nio-webserver-r",1419334163051069,131094,"R+"
29844,"nio-webserver-r",1419334163182163,32447,"Running"
29844,"nio-webserver-r",1419334163214610,48367084,"S"
29844,"nio-webserver-r",1419334211581694,43750,"R"
29844,"nio-webserver-r",1419334211625444,247969,"Running"
29844,"nio-webserver-r",1419334211873413,131250,"S"
29844,"nio-webserver-r",1419334212004663,96250,"R"
29844,"nio-webserver-r",1419334212100913,205260,"Running"
29844,"nio-webserver-r",1419334212306173,375365,"S"
29844,"nio-webserver-r",1419334212681538,31093,"R"
29844,"nio-webserver-r",1419334212712631,151563,"Running"
29844,"nio-webserver-r",1419334212864194,66041,"R"
29844,"nio-webserver-r",1419334212930235,224532,"Running"
29908,"NIO-Worker",1419334213123725,31875,"R"
29844,"nio-webserver-r",1419334213154767,10507812,"S"
29908,"NIO-Worker",1419334213155600,341510,"Running"
29908,"NIO-Worker",1419334213497110,4490834,"S"
29908,"NIO-Worker",1419334217987944,30729,"R"
29908,"NIO-Worker",1419334218018673,253333,"Running"
29908,"NIO-Worker",1419334218272006,32813,"S"
29908,"NIO-Worker",1419334218304819,28594,"Running"
29908,"NIO-Worker",1419334218333413,18072,"S"
29908,"NIO-Worker",1419334218351485,384688,"Running"
29908,"NIO-Worker",1419334218736173,80000,"R+"
29908,"NIO-Worker",1419334218816173,6562,"Running"
29908,"NIO-Worker",1419334218822735,54844,"S"
29908,"NIO-Worker",1419334218877579,15156,"R"
29908,"NIO-Worker",1419334218892735,55000,"Running"
29908,"NIO-Worker",1419334218947735,218959,"S"
29908,"NIO-Worker",1419334219166694,49010,"R"
29908,"NIO-Worker",1419334219215704,234219,"Running"
29908,"NIO-Worker",1419334219449923,232812,"S"
29908,"NIO-Worker",1419334219682735,82032,"R"
29908,"NIO-Worker",1419334219764767,17552,"Running"
29908,"NIO-Worker",1419334219782319,24166,"R+"
29908,"NIO-Worker",1419334219806485,12553,"Running"
29908,"NIO-Worker",1419334219819038,34479,"S"
29908,"NIO-Worker",1419334219853517,23333,"R"
29908,"NIO-Worker",1419334219876850,61875,"Running"
29908,"NIO-Worker",1419334219938725,68542,"S"
29908,"NIO-Worker",1419334220007267,27708,"R"
29908,"NIO-Worker",1419334220034975,875938,"Running"
29908,"NIO-Worker",1419334220910913,42031,"R"
29908,"NIO-Worker",1419334220952944,7656,"Running"
29908,"NIO-Worker",1419334220960600,6406,"R"
29908,"NIO-Worker",1419334220967006,642657,"Running"
29908,"NIO-Worker",1419334221609663,22031,"R"
29908,"NIO-Worker",1419334221631694,170469,"Running"
29908,"NIO-Worker",1419334221802163,73541,"R"
29908,"NIO-Worker",1419334221875704,1411615,"Running"
29908,"NIO-Worker",1419334223287319,28281,"S"
29908,"NIO-Worker",1419334223315600,19531,"R"
29908,"NIO-Worker",1419334223335131,370157,"Running"
29857,"nio-stream-prod",1419334223434975,24167,"R"
29857,"nio-stream-prod",1419334223459142,103125,"Running"
29857,"nio-stream-prod",1419334223562267,99243802,"S"
29844,"nio-webserver-r",1419334223662579,36146,"R"
29844,"nio-webserver-r",1419334223698725,418438,"Running"
29908,"NIO-Worker",1419334223705288,412898124,"S"
29844,"nio-webserver-r",1419334224117163,37834999,"S"
29844,"nio-webserver-r",1419334261952162,30886,"R"
29844,"nio-webserver-r",1419334261983048,119219,"Running"
29844,"nio-webserver-r",1419334262102267,100208,"S"
29844,"nio-webserver-r",1419334262202475,60260,"R"
29844,"nio-webserver-r",1419334262262735,191459,"Running"
29844,"nio-webserver-r",1419334262454194,720468,"S"
29844,"nio-webserver-r",1419334263174662,42657,"R"
29844,"nio-webserver-r",1419334263217319,17031,"Running"
29844,"nio-webserver-r",1419334263234350,20573,"R"
29844,"nio-webserver-r",1419334263254923,283802,"Running"
29911,"NIO-Worker",1419334263501537,19375,"R"
29911,"NIO-Worker",1419334263520912,354948,"Running"
29844,"nio-webserver-r",1419334263538725,7401875,"S"
29911,"NIO-Worker",1419334263875860,2120365,"S"
29911,"NIO-Worker",1419334265996225,16875,"R"
29911,"NIO-Worker",1419334266013100,322344,"Running"
29911,"NIO-Worker",1419334266335444,15312,"S"
29911,"NIO-Worker",1419334266350756,227761,"Running"
29911,"NIO-Worker",1419334266578517,140364,"S"
29911,"NIO-Worker",1419334266718881,15886,"R"
29911,"NIO-Worker",1419334266734767,42656,"Running"
29911,"NIO-Worker",1419334266777423,228333,"S"
29911,"NIO-Worker",1419334267005756,32292,"R"
29911,"NIO-Worker",1419334267038048,230208,"Running"
29911,"NIO-Worker",1419334267268256,311406,"S"
29911,"NIO-Worker",1419334267579662,25782,"R"
29911,"NIO-Worker",1419334267605444,33385,"Running"
29911,"NIO-Worker",1419334267638829,69583,"S"
29911,"NIO-Worker",1419334267708412,53073,"R"
29911,"NIO-Worker",1419334267761485,49427,"Running"
29911,"NIO-Worker",1419334267810912,50417,"S"
29911,"NIO-Worker",1419334267861329,46146,"R"
29911,"NIO-Worker",1419334267907475,2814219,"Running"
29911,"NIO-Worker",1419334270721694,48541,"R+"
29911,"NIO-Worker",1419334270770235,208646,"Running"
29844,"nio-webserver-r",1419334270940600,20729,"R"
29844,"nio-webserver-r",1419334270961329,21615,"Running"
29911,"NIO-Worker",1419334270978881,419645625,"S"
29844,"nio-webserver-r",1419334270982944,9687,"R+"
29844,"nio-webserver-r",1419334270992631,87031,"Running"
29844,"nio-webserver-r",1419334271079662,37188,"R"
29844,"nio-webserver-r",1419334271116850,267448,"Running"
29844,"nio-webserver-r",1419334271384298,41070000,"S"
29844,"nio-webserver-r",1419334312454298,20677,"R"
29844,"nio-webserver-r",1419334312474975,162969,"Running"
29844,"nio-webserver-r",1419334312637944,62291,"S"
29844,"nio-webserver-r",1419334312700235,37188,"R"
29844,"nio-webserver-r",1419334312737423,108646,"Running"
29844,"nio-webserver-r",1419334312846069,120468,"R"
29844,"nio-webserver-r",1419334312966537,116355,"Running"
29844,"nio-webserver-r",1419334313082892,645000,"S"
29844,"nio-webserver-r",1419334313727892,78125,"R"
29844,"nio-webserver-r",1419334313806017,283333,"Running"
29913,"NIO-Worker",1419334314054662,25938,"R"
29913,"NIO-Worker",1419334314080600,335417,"Running"
29844,"nio-webserver-r",1419334314089350,8826250,"S"
29913,"NIO-Worker",1419334314416017,3323958,"S"
29913,"NIO-Worker",1419334317739975,14635,"R"
29913,"NIO-Worker",1419334317754610,495834,"Running"
29913,"NIO-Worker",1419334318250444,167760,"S"
29913,"NIO-Worker",1419334318418204,34740,"R"
29913,"NIO-Worker",1419334318452944,63593,"Running"
29913,"NIO-Worker",1419334318516537,231355,"S"
29913,"NIO-Worker",1419334318747892,64583,"R"
29913,"NIO-Worker",1419334318812475,255469,"Running"
29913,"NIO-Worker",1419334319067944,280885,"S"
29913,"NIO-Worker",1419334319348829,28646,"R"
29913,"NIO-Worker",1419334319377475,19531,"Running"
29913,"NIO-Worker",1419334319397006,38281,"R+"
29913,"NIO-Worker",1419334319435287,4792,"Running"
29913,"NIO-Worker",1419334319440079,17708,"S"
29913,"NIO-Worker",1419334319457787,14844,"R"
29913,"NIO-Worker",1419334319472631,81094,"Running"
29913,"NIO-Worker",1419334319553725,58594,"S"
29913,"NIO-Worker",1419334319612319,14635,"R"
29913,"NIO-Worker",1419334319626954,1242083,"Running"
29913,"NIO-Worker",1419334320869037,18855,"R"
29913,"NIO-Worker",1419334320887892,462656,"Running"
29913,"NIO-Worker",1419334321350548,19062,"R"
29913,"NIO-Worker",1419334321369610,110677,"Running"
29913,"NIO-Worker",1419334321480287,109375,"R"
29913,"NIO-Worker",1419334321589662,1014063,"Running"
29913,"NIO-Worker",1419334322603725,22969,"S"
29913,"NIO-Worker",1419334322626694,79791,"R"
29913,"NIO-Worker",1419334322706485,242709,"Running"
29857,"nio-stream-prod",1419334322806069,21041,"R"
29857,"nio-stream-prod",1419334322827110,93646,"Running"
29844,"nio-webserver-r",1419334322915600,12969,"R"
29857,"nio-stream-prod",1419334322920756,112661042,"S"
29844,"nio-webserver-r",1419334322928569,321718,"Running"
29913,"NIO-Worker",1419334322949194,422427500,"S"
29844,"nio-webserver-r",1419334323250287,95157,"R+"
29844,"nio-webserver-r",1419334323345444,105729,"Running"
29844,"nio-webserver-r",1419334323451173,42942708,"S"
29844,"nio-webserver-r",1419334366393881,26094,"R"
29844,"nio-webserver-r",1419334366419975,146406,"Running"
29844,"nio-webserver-r",1419334366566381,120000,"S"
29844,"nio-webserver-r",1419334366686381,32344,"R"
29844,"nio-webserver-r",1419334366718725,189219,"Running"
29844,"nio-webserver-r",1419334366907944,586250,"S"
29844,"nio-webserver-r",1419334367494194,53437,"R"
29844,"nio-webserver-r",1419334367547631,319531,"Running"
29914,"NIO-Worker",1419334367833100,16875,"R"
29914,"NIO-Worker",1419334367849975,343437,"Running"
29844,"nio-webserver-r",1419334367867162,9124532,"S"
29914,"NIO-Worker",1419334368193412,3589219,"S"
29914,"NIO-Worker",1419334371782631,27031,"R"
29914,"NIO-Worker",1419334371809662,208230,"Running"
29914,"NIO-Worker",1419334372017892,320781,"S"
29914,"NIO-Worker",1419334372338673,26875,"R"
29914,"NIO-Worker",1419334372365548,325521,"Running"
29914,"NIO-Worker",1419334372691069,38541,"R+"
29914,"NIO-Worker",1419334372729610,14584,"Running"
29914,"NIO-Worker",1419334372744194,135312,"S"
29914,"NIO-Worker",1419334372879506,19688,"R"
29914,"NIO-Worker",1419334372899194,51562,"Running"
29914,"NIO-Worker",1419334372950756,234219,"S"
29914,"NIO-Worker",1419334373184975,22917,"R"
29914,"NIO-Worker",1419334373207892,219531,"Running"
29914,"NIO-Worker",1419334373427423,143021,"R+"
29914,"NIO-Worker",1419334373570444,7500,"Running"
29914,"NIO-Worker",1419334373577944,91250,"S"
29914,"NIO-Worker",1419334373669194,44062,"R"
29914,"NIO-Worker",1419334373713256,37292,"Running"
29914,"NIO-Worker",1419334373750548,70364,"S"
29914,"NIO-Worker",1419334373820912,30938,"R"
29914,"NIO-Worker",1419334373851850,68594,"Running"
29914,"NIO-Worker",1419334373920444,46406,"S"
29914,"NIO-Worker",1419334373966850,13437,"R"
29914,"NIO-Worker",1419334373980287,2740000,"Running"
29914,"NIO-Worker",1419334376720287,42813,"R+"
29914,"NIO-Worker",1419334376763100,274844,"Running"
29844,"nio-webserver-r",1419334376991694,23541,"R"
29844,"nio-webserver-r",1419334377015235,360313,"Running"
29914,"NIO-Worker",1419334377037944,422990572,"S"
29844,"nio-webserver-r",1419334377375548,43320052,"S"
29844,"nio-webserver-r",1419334420695600,85781,"R"
29844,"nio-webserver-r",1419334420781381,106250,"Running"
29844,"nio-webserver-r",1419334420887631,136563,"R"
29844,"nio-webserver-r",1419334421024194,25573,"Running"
29844,"nio-webserver-r",1419334421049767,230677,"R+"
29844,"nio-webserver-r",1419334421280444,71875,"Running"
29844,"nio-webserver-r",1419334421352319,171875,"R+"
29844,"nio-webserver-r",1419334421524194,24531,"Running"
29844,"nio-webserver-r",1419334421548725,51406,"S"
29844,"nio-webserver-r",1419334421600131,77031,"R"
29844,"nio-webserver-r",1419334421677162,6563,"Running"
29844,"nio-webserver-r",1419334421683725,2031,"S"
29844,"nio-webserver-r",1419334421685756,15729,"R"
29844,"nio-webserver-r",1419334421701485,232813,"Running"
29844,"nio-webserver-r",1419334421934298,293489,"S"
29844,"nio-webserver-r",1419334422227787,45469,"R"
29844,"nio-webserver-r",1419334422273256,329479,"Running"
29915,"NIO-Worker",1419334422559454,32656,"R"
29915,"NIO-Worker",1419334422592110,378646,"Running"
29844,"nio-webserver-r",1419334422602735,13086459,"S"
29915,"NIO-Worker",1419334422970756,7648750,"S"
29915,"NIO-Worker",1419334430619506,20781,"R"
29915,"NIO-Worker",1419334430640287,226250,"Running"
29915,"NIO-Worker",1419334430866537,625,"S"
29915,"NIO-Worker",1419334430867162,33230,"R"
29915,"NIO-Worker",1419334430900392,31927,"Running"
29915,"NIO-Worker",1419334430932319,17448,"S"
29915,"NIO-Worker",1419334430949767,407864,"Running"
29915,"NIO-Worker",1419334431357631,178750,"S"
29915,"NIO-Worker",1419334431536381,27188,"R"
29915,"NIO-Worker",1419334431563569,36718,"Running"
29915,"NIO-Worker",1419334431600287,11250,"R+"
29915,"NIO-Worker",1419334431611537,7605,"Running"
29915,"NIO-Worker",1419334431619142,186302,"S"
29915,"NIO-Worker",1419334431805444,56198,"R"
29915,"NIO-Worker",1419334431861642,218802,"Running"
29915,"NIO-Worker",1419334432080444,262291,"S"
29915,"NIO-Worker",1419334432342735,15052,"R"
29915,"NIO-Worker",1419334432357787,27969,"Running"
29915,"NIO-Worker",1419334432385756,69219,"S"
29915,"NIO-Worker",1419334432454975,40885,"R"
29915,"NIO-Worker",1419334432495860,58959,"Running"
29915,"NIO-Worker",1419334432554819,59218,"S"
29915,"NIO-Worker",1419334432614037,18542,"R"
29915,"NIO-Worker",1419334432632579,2785677,"Running"
29915,"NIO-Worker",1419334435418256,34063,"S"
29915,"NIO-Worker",1419334435452319,15260,"R"
29915,"NIO-Worker",1419334435467579,272396,"Running"
29857,"nio-stream-prod",1419334435581798,34896,"R"
29857,"nio-stream-prod",1419334435616694,89218,"Running"
29844,"nio-webserver-r",1419334435689194,28125,"R"
29857,"nio-stream-prod",1419334435705912,105297344,"S"
29844,"nio-webserver-r",1419334435717319,403750,"Running"
29915,"NIO-Worker",1419334435739975,419144948,"S"
29844,"nio-webserver-r",1419334436121069,40012812,"S"
29844,"nio-webserver-r",1419334476133881,42656,"R"
29844,"nio-webserver-r",1419334476176537,123438,"Running"
29844,"nio-webserver-r",1419334476299975,93125,"S"
29844,"nio-webserver-r",1419334476393100,54792,"R"
29844,"nio-webserver-r",1419334476447892,132968,"Running"
29844,"nio-webserver-r",1419334476580860,31771,"R"
29844,"nio-webserver-r",1419334476612631,101094,"Running"
29844,"nio-webserver-r",1419334476713725,572812,"S"
29844,"nio-webserver-r",1419334477286537,70730,"R"
29844,"nio-webserver-r",1419334477357267,302239,"Running"
29847,"NIO-Worker",1419334477622631,15625,"R"
29847,"NIO-Worker",1419334477638256,357344,"Running"
29844,"nio-webserver-r",1419334477659506,5728750,"S"
29847,"NIO-Worker",1419334477995600,194219,"S"
29847,"NIO-Worker",1419334478189819,34218,"R"
29847,"NIO-Worker",1419334478224037,213907,"Running"
29847,"NIO-Worker",1419334478437944,79218,"S"
29847,"NIO-Worker",1419334478517162,22605,"R"
29847,"NIO-Worker",1419334478539767,336145,"Running"
29847,"NIO-Worker",1419334478875912,172761,"S"
29847,"NIO-Worker",1419334479048673,42864,"R"
29847,"NIO-Worker",1419334479091537,39480,"Running"
29847,"NIO-Worker",1419334479131017,300677,"S"
29847,"NIO-Worker",1419334479431694,10937,"R"
29847,"NIO-Worker",1419334479442631,215625,"Running"
29847,"NIO-Worker",1419334479658256,13854,"R+"
29847,"NIO-Worker",1419334479672110,7344,"Running"
29847,"NIO-Worker",1419334479679454,451458,"S"
29847,"NIO-Worker",1419334480130912,25938,"R"
29847,"NIO-Worker",1419334480156850,26719,"Running"
29847,"NIO-Worker",1419334480183569,57187,"S"
29847,"NIO-Worker",1419334480240756,19063,"R"
29847,"NIO-Worker",1419334480259819,51041,"Running"
29847,"NIO-Worker",1419334480310860,53177,"S"
29847,"NIO-Worker",1419334480364037,20000,"R"
29847,"NIO-Worker",1419334480384037,2796042,"Running"
29847,"NIO-Worker",1419334483180079,35781,"S"
29847,"NIO-Worker",1419334483215860,27969,"R"
29847,"NIO-Worker",1419334483243829,192240,"Running"
29844,"nio-webserver-r",1419334483388256,38906,"R"
29844,"nio-webserver-r",1419334483427162,220157,"Running"
29847,"NIO-Worker",1419334483436069,424837499,"S"
29844,"nio-webserver-r",1419334483647319,20937,"R+"
29844,"nio-webserver-r",1419334483668256,209167,"Running"
29844,"nio-webserver-r",1419334483877423,42074219,"S"
29844,"nio-webserver-r",1419334525951642,195000,"R"
29844,"nio-webserver-r",1419334526146642,318333,"Running"
29844,"nio-webserver-r",1419334526464975,18437,"S"
29844,"nio-webserver-r",1419334526483412,88230,"R"
29844,"nio-webserver-r",1419334526571642,405989,"Running"
29844,"nio-webserver-r",1419334526977631,210469,"S"
29844,"nio-webserver-r",1419334527188100,63281,"R"
29844,"nio-webserver-r",1419334527251381,324063,"Running"
29898,"NIO-Worker",1419334527536694,26250,"R"
29898,"NIO-Worker",1419334527562944,355156,"Running"
29844,"nio-webserver-r",1419334527575444,13520416,"S"
29898,"NIO-Worker",1419334527918100,7582969,"S"
29898,"NIO-Worker",1419334535501069,30937,"R"
29898,"NIO-Worker",1419334535532006,267813,"Running"
29898,"NIO-Worker",1419334535799819,17812,"S"
29898,"NIO-Worker",1419334535817631,403906,"Running"
29898,"NIO-Worker",1419334536221537,180417,"S"
29898,"NIO-Worker",1419334536401954,28958,"R"
29898,"NIO-Worker",1419334536430912,75469,"Running"
29898,"NIO-Worker",1419334536506381,272031,"S"
29898,"NIO-Worker",1419334536778412,16667,"R"
29898,"NIO-Worker",1419334536795079,261615,"Running"
29898,"NIO-Worker",1419334537056694,49323,"R+"
29898,"NIO-Worker",1419334537106017,14270,"Running"
29898,"NIO-Worker",1419334537120287,539480,"S"
29898,"NIO-Worker",1419334537659767,40520,"R"
29898,"NIO-Worker",1419334537700287,50782,"Running"
29898,"NIO-Worker",1419334537751069,37031,"R+"
29898,"NIO-Worker",1419334537788100,9323,"Running"
29898,"NIO-Worker",1419334537797423,8489,"S"
29898,"NIO-Worker",1419334537805912,58698,"R"
29898,"NIO-Worker",1419334537864610,47188,"Running"
29898,"NIO-Worker",1419334537911798,20364,"R+"
29898,"NIO-Worker",1419334537932162,24532,"Running"
29898,"NIO-Worker",1419334537956694,6875,"S"
29898,"NIO-Worker",1419334537963569,14843,"R"
29898,"NIO-Worker",1419334537978412,220938,"Running"
29898,"NIO-Worker",1419334538199350,7812,"R"
29898,"NIO-Worker",1419334538207162,2570782,"Running"
29898,"NIO-Worker",1419334540777944,75468,"S"
29898,"NIO-Worker",1419334540853412,24948,"R"
29898,"NIO-Worker",1419334540878360,256875,"Running"
29857,"nio-stream-prod",1419334541003256,15938,"R"
29857,"nio-stream-prod",1419334541019194,93385,"Running"
29844,"nio-webserver-r",1419334541095860,19688,"R"
29857,"nio-stream-prod",1419334541112579,110942552,"S"
29844,"nio-webserver-r",1419334541115548,492656,"Running"
29898,"NIO-Worker",1419334541135235,418827969,"S"
29844,"nio-webserver-r",1419334541608204,39352188,"S"
29844,"nio-webserver-r",1419334580960392,67552,"R"
29844,"nio-webserver-r",1419334581027944,109843,"Running"
29844,"nio-webserver-r",1419334581137787,218542,"S"
29844,"nio-webserver-r",1419334581356329,52708,"R"
29844,"nio-webserver-r",1419334581409037,166980,"Running"
29844,"nio-webserver-r",1419334581576017,460052,"S"
29844,"nio-webserver-r",1419334582036069,24375,"R"
29844,"nio-webserver-r",1419334582060444,285260,"Running"
29905,"NIO-Worker",1419334582306069,21562,"R"
29905,"NIO-Worker",1419334582327631,337917,"Running"
29844,"nio-webserver-r",1419334582345704,19457500,"S"
29905,"NIO-Worker",1419334582665548,13621146,"S"
29905,"NIO-Worker",1419334596286694,165416,"R"
29905,"NIO-Worker",1419334596452110,32396,"Running"
29905,"NIO-Worker",1419334596484506,28438,"R"
29905,"NIO-Worker",1419334596512944,55416,"Running"
29905,"NIO-Worker",1419334596568360,74584,"R"
29905,"NIO-Worker",1419334596642944,563073,"Running"
29905,"NIO-Worker",1419334597206017,187968,"R+"
29905,"NIO-Worker",1419334597393985,25938,"Running"
29905,"NIO-Worker",1419334597419923,273333,"S"
29905,"NIO-Worker",1419334597693256,129375,"R"
29905,"NIO-Worker",1419334597822631,67448,"Running"
29905,"NIO-Worker",1419334597890079,9844,"R"
29905,"NIO-Worker",1419334597899923,180052,"Running"
29905,"NIO-Worker",1419334598079975,294687,"S"
29905,"NIO-Worker",1419334598374662,15886,"R"
29905,"NIO-Worker",1419334598390548,25625,"Running"
29905,"NIO-Worker",1419334598416173,64271,"S"
29905,"NIO-Worker",1419334598480444,27343,"R"
29905,"NIO-Worker",1419334598507787,48542,"Running"
29905,"NIO-Worker",1419334598556329,54115,"S"
29905,"NIO-Worker",1419334598610444,16250,"R"
29905,"NIO-Worker",1419334598626694,2263229,"Running"
29905,"NIO-Worker",1419334600889923,60677,"R"
29905,"NIO-Worker",1419334600950600,559948,"Running"
29905,"NIO-Worker",1419334601510548,28333,"S"
29905,"NIO-Worker",1419334601538881,16979,"R"
29905,"NIO-Worker",1419334601555860,299115,"Running"
29844,"nio-webserver-r",1419334601803204,27813,"R"
29844,"nio-webserver-r",1419334601831017,508906,"Running"
29905,"NIO-Worker",1419334601854975,412413750,"S"
29844,"nio-webserver-r",1419334602339923,33048958,"S"
29844,"nio-webserver-r",1419334635388881,48125,"R"
29844,"nio-webserver-r",1419334635437006,112917,"Running"
29844,"nio-webserver-r",1419334635549923,108177,"S"
29844,"nio-webserver-r",1419334635658100,60625,"R"
29844,"nio-webserver-r",1419334635718725,201094,"Running"
29844,"nio-webserver-r",1419334635919819,358854,"S"
29844,"nio-webserver-r",1419334636278673,65469,"R"
29844,"nio-webserver-r",1419334636344142,310156,"Running"
29908,"NIO-Worker",1419334636603412,20782,"R"
29908,"NIO-Worker",1419334636624194,370625,"Running"
29844,"nio-webserver-r",1419334636654298,15501146,"S"
29908,"NIO-Worker",1419334636994819,9517604,"S"
29908,"NIO-Worker",1419334646512423,31614,"R"
29908,"NIO-Worker",1419334646544037,223282,"Running"
29908,"NIO-Worker",1419334646767319,272343,"S"
29908,"NIO-Worker",1419334647039662,20261,"R"
29908,"NIO-Worker",1419334647059923,263958,"Running"
29908,"NIO-Worker",1419334647323881,136250,"S"
29908,"NIO-Worker",1419334647460131,15313,"R"
29908,"NIO-Worker",1419334647475444,34635,"Running"
29908,"NIO-Worker",1419334647510079,219896,"S"
29908,"NIO-Worker",1419334647729975,55260,"R"
29908,"NIO-Worker",1419334647785235,315834,"Running"
29908,"NIO-Worker",1419334648101069,62031,"R+"
29908,"NIO-Worker",1419334648163100,9844,"Running"
29908,"NIO-Worker",1419334648172944,387968,"S"
29908,"NIO-Worker",1419334648560912,52917,"R"
29908,"NIO-Worker",1419334648613829,28125,"Running"
29908,"NIO-Worker",1419334648641954,100677,"R+"
29908,"NIO-Worker",1419334648742631,59323,"Running"
29908,"NIO-Worker",1419334648801954,208646,"S"
29908,"NIO-Worker",1419334649010600,15885,"R"
29908,"NIO-Worker",1419334649026485,2810365,"Running"
29908,"NIO-Worker",1419334651836850,25729,"S"
29908,"NIO-Worker",1419334651862579,80052,"R"
29908,"NIO-Worker",1419334651942631,255261,"Running"
29857,"nio-stream-prod",1419334652055131,33542,"R"
29857,"nio-stream-prod",1419334652088673,113958,"Running"
29844,"nio-webserver-r",1419334652155444,20625,"R"
29844,"nio-webserver-r",1419334652176069,455937,"Running"
29908,"NIO-Worker",1419334652197892,416750208,"S"
29857,"nio-stream-prod",1419334652202631,109352500,"S"
29844,"nio-webserver-r",1419334652632006,36388750,"S"
29844,"nio-webserver-r",1419334689020756,29688,"R"
29844,"nio-webserver-r",1419334689050444,143750,"Running"
29844,"nio-webserver-r",1419334689194194,20625,"R+"
29844,"nio-webserver-r",1419334689214819,40937,"Running"
29844,"nio-webserver-r",1419334689255756,12448,"S"
29844,"nio-webserver-r",1419334689268204,44583,"R"
29844,"nio-webserver-r",1419334689312787,4636,"Running"
29844,"nio-webserver-r",1419334689317423,5156,"S"
29844,"nio-webserver-r",1419334689322579,11771,"R"
29844,"nio-webserver-r",1419334689334350,187969,"Running"
29844,"nio-webserver-r",1419334689522319,798125,"S"
29844,"nio-webserver-r",1419334690320444,53750,"R"
29844,"nio-webserver-r",1419334690374194,287656,"Running"
29911,"NIO-Worker",1419334690624506,38594,"R"
29844,"nio-webserver-r",1419334690661850,19554375,"S"
29911,"NIO-Worker",1419334690663100,262916,"Running"
29911,"NIO-Worker",1419334690926016,13718125,"S"
29911,"NIO-Worker",1419334704644141,30000,"R"
29911,"NIO-Worker",1419334704674141,256407,"Running"
29911,"NIO-Worker",1419334704930548,202864,"S"
29911,"NIO-Worker",1419334705133412,63386,"R"
29911,"NIO-Worker",1419334705196798,38333,"Running"
29911,"NIO-Worker",1419334705235131,47500,"S"
29911,"NIO-Worker",1419334705282631,85625,"Running"
29911,"NIO-Worker",1419334705368256,20625,"S"
29911,"NIO-Worker",1419334705388881,268229,"Running"
29911,"NIO-Worker",1419334705657110,141563,"S"
29911,"NIO-Worker",1419334705798673,27552,"R"
29911,"NIO-Worker",1419334705826225,25469,"Running"
29911,"NIO-Worker",1419334705851694,31562,"R+"
29911,"NIO-Worker",1419334705883256,17604,"Running"
29911,"NIO-Worker",1419334705900860,230469,"S"
29911,"NIO-Worker",1419334706131329,11146,"R"
29911,"NIO-Worker",1419334706142475,220416,"Running"
29911,"NIO-Worker",1419334706362891,326407,"S"
29911,"NIO-Worker",1419334706689298,19114,"R"
29911,"NIO-Worker",1419334706708412,20313,"Running"
29911,"NIO-Worker",1419334706728725,48281,"S"
29911,"NIO-Worker",1419334706777006,15938,"R"
29911,"NIO-Worker",1419334706792944,68593,"Running"
29911,"NIO-Worker",1419334706861537,91719,"S"
29911,"NIO-Worker",1419334706953256,64063,"R"
29911,"NIO-Worker",1419334707017319,397135,"Running"
29911,"NIO-Worker",1419334707414454,38021,"R"
29911,"NIO-Worker",1419334707452475,1480573,"Running"
29911,"NIO-Worker",1419334708933048,8125,"R"
29911,"NIO-Worker",1419334708941173,1071146,"Running"
29911,"NIO-Worker",1419334710012319,37291,"S"
29911,"NIO-Worker",1419334710049610,25209,"R"
29911,"NIO-Worker",1419334710074819,211250,"Running"
29844,"nio-webserver-r",1419334710216225,43437,"R"
29844,"nio-webserver-r",1419334710259662,427344,"Running"
29911,"NIO-Worker",1419334710286069,408849166,"S"
29844,"nio-webserver-r",1419334710687006,33425625,"S"
29844,"nio-webserver-r",1419334744112631,57500,"R"
29844,"nio-webserver-r",1419334744170131,112188,"Running"
29844,"nio-webserver-r",1419334744282319,85781,"S"
29844,"nio-webserver-r",1419334744368100,37656,"R"
29844,"nio-webserver-r",1419334744405756,159688,"Running"
29844,"nio-webserver-r",1419334744565444,529635,"S"
29844,"nio-webserver-r",1419334745095079,57865,"R"
29844,"nio-webserver-r",1419334745152944,263906,"Running"
29913,"NIO-Worker",1419334745376694,32656,"R"
29913,"NIO-Worker",1419334745409350,274375,"Running"
29844,"nio-webserver-r",1419334745416850,16223854,"S"
29913,"NIO-Worker",1419334745683725,11312344,"S"
29913,"NIO-Worker",1419334756996069,18697,"R"
29913,"NIO-Worker",1419334757014766,506094,"Running"
29913,"NIO-Worker",1419334757520860,129219,"S"
29913,"NIO-Worker",1419334757650079,19583,"R"
29913,"NIO-Worker",1419334757669662,34479,"Running"
29913,"NIO-Worker",1419334757704141,226615,"S"
29913,"NIO-Worker",1419334757930756,16563,"R"
29913,"NIO-Worker",1419334757947319,216562,"Running"
29913,"NIO-Worker",1419334758163881,259948,"S"
29913,"NIO-Worker",1419334758423829,15208,"R"
29913,"NIO-Worker",1419334758439037,22969,"Running"
29913,"NIO-Worker",1419334758462006,52656,"S"
29913,"NIO-Worker",1419334758514662,16979,"R"
29913,"NIO-Worker",1419334758531641,46928,"Running"
29913,"NIO-Worker",1419334758578569,72604,"S"
29913,"NIO-Worker",1419334758651173,16146,"R"
29913,"NIO-Worker",1419334758667319,2753281,"Running"
29913,"NIO-Worker",1419334761420600,30312,"R+"
29913,"NIO-Worker",1419334761450912,220625,"Running"
29857,"nio-stream-prod",1419334761555131,13125,"R"
29857,"nio-stream-prod",1419334761568256,91875,"Running"
29844,"nio-webserver-r",1419334761640704,13646,"R"
29844,"nio-webserver-r",1419334761654350,414844,"Running"
29857,"nio-stream-prod",1419334761660131,107263542,"S"
29913,"NIO-Worker",1419334761671537,410873698,"S"
29844,"nio-webserver-r",1419334762069194,36791562,"S"
29844,"nio-webserver-r",1419334798860756,36875,"R"
29844,"nio-webserver-r",1419334798897631,101094,"Running"
29844,"nio-webserver-r",1419334798998725,116406,"S"
29844,"nio-webserver-r",1419334799115131,98750,"R"
29844,"nio-webserver-r",1419334799213881,7604,"Running"
29844,"nio-webserver-r",1419334799221485,40209,"S"
29844,"nio-webserver-r",1419334799261694,186562,"Running"
29844,"nio-webserver-r",1419334799448256,281094,"S"
29844,"nio-webserver-r",1419334799729350,59791,"R"
29844,"nio-webserver-r",1419334799789141,287240,"Running"
29914,"NIO-Worker",1419334800028516,27865,"R"
29914,"NIO-Worker",1419334800056381,261250,"Running"
29844,"nio-webserver-r",1419334800076381,19487500,"S"
29914,"NIO-Worker",1419334800317631,14475469,"S"
29914,"NIO-Worker",1419334814793100,88854,"R"
29914,"NIO-Worker",1419334814881954,123490,"Running"
29914,"NIO-Worker",1419334815005444,23854,"S"
29914,"NIO-Worker",1419334815029298,404427,"Running"
29914,"NIO-Worker",1419334815433725,212187,"S"
29914,"NIO-Worker",1419334815645912,19688,"R"
29914,"NIO-Worker",1419334815665600,30469,"Running"
29914,"NIO-Worker",1419334815696069,196718,"S"
29914,"NIO-Worker",1419334815892787,25729,"R"
29914,"NIO-Worker",1419334815918516,205521,"Running"
29914,"NIO-Worker",1419334816124037,265573,"S"
29914,"NIO-Worker",1419334816389610,44427,"R"
29914,"NIO-Worker",1419334816434037,28282,"Running"
29914,"NIO-Worker",1419334816462319,50468,"S"
29914,"NIO-Worker",1419334816512787,25938,"R"
29914,"NIO-Worker",1419334816538725,46719,"Running"
29914,"NIO-Worker",1419334816585444,43854,"S"
29914,"NIO-Worker",1419334816629298,34114,"R"
29914,"NIO-Worker",1419334816663412,2726823,"Running"
29914,"NIO-Worker",1419334819390235,20209,"S"
29914,"NIO-Worker",1419334819410444,34010,"R"
29914,"NIO-Worker",1419334819444454,163125,"Running"
29844,"nio-webserver-r",1419334819563881,21250,"R"
29844,"nio-webserver-r",1419334819585131,216719,"Running"
29914,"NIO-Worker",1419334819607579,409066302,"S"
29844,"nio-webserver-r",1419334819801850,74531,"R+"
29844,"nio-webserver-r",1419334819876381,205156,"Running"
29844,"nio-webserver-r",1419334820081537,33404948,"S"
29844,"nio-webserver-r",1419334853486485,34115,"R"
29844,"nio-webserver-r",1419334853520600,97291,"Running"
29844,"nio-webserver-r",1419334853617891,158803,"S"
29844,"nio-webserver-r",1419334853776694,78125,"R"
29844,"nio-webserver-r",1419334853854819,156718,"Running"
29844,"nio-webserver-r",1419334854011537,574219,"S"
29844,"nio-webserver-r",1419334854585756,50156,"R"
29844,"nio-webserver-r",1419334854635912,283854,"Running"
29915,"NIO-Worker",1419334854884923,17031,"R"
29915,"NIO-Worker",1419334854901954,265990,"Running"
29844,"nio-webserver-r",1419334854919766,14099219,"S"
29915,"NIO-Worker",1419334855167944,9061250,"S"
29915,"NIO-Worker",1419334864229194,25156,"R"
29915,"NIO-Worker",1419334864254350,209531,"Running"
29915,"NIO-Worker",1419334864463881,87188,"S"
29915,"NIO-Worker",1419334864551069,13125,"R"
29915,"NIO-Worker",1419334864564194,348697,"Running"
29915,"NIO-Worker",1419334864912891,35938,"R+"
29915,"NIO-Worker",1419334864948829,15677,"Running"
29915,"NIO-Worker",1419334864964506,63698,"S"
29915,"NIO-Worker",1419334865028204,14896,"R"
29915,"NIO-Worker",1419334865043100,34687,"Running"
29915,"NIO-Worker",1419334865077787,208125,"S"
29915,"NIO-Worker",1419334865285912,20157,"R"
29915,"NIO-Worker",1419334865306069,216354,"Running"
29915,"NIO-Worker",1419334865522423,240468,"S"
29915,"NIO-Worker",1419334865762891,19063,"R"
29915,"NIO-Worker",1419334865781954,26146,"Running"
29915,"NIO-Worker",1419334865808100,57500,"S"
29915,"NIO-Worker",1419334865865600,14531,"R"
29915,"NIO-Worker",1419334865880131,47292,"Running"
29915,"NIO-Worker",1419334865927423,47031,"R+"
29915,"NIO-Worker",1419334865974454,2746302,"Running"
29915,"NIO-Worker",1419334868720756,28385,"R+"
29915,"NIO-Worker",1419334868749141,303334,"Running"
29857,"nio-stream-prod",1419334868923673,41093,"R"
29857,"nio-stream-prod",1419334868964766,85990,"Running"
29844,"nio-webserver-r",1419334869018985,26459,"R"
29844,"nio-webserver-r",1419334869045444,418750,"Running"
29857,"nio-stream-prod",1419334869050756,108485312,"S"
29915,"NIO-Worker",1419334869052475,411111198,"S"
29844,"nio-webserver-r",1419334869464194,37507291,"S"
29844,"nio-webserver-r",1419334906971485,44896,"R"
29844,"nio-webserver-r",1419334907016381,154948,"Running"
29844,"nio-webserver-r",1419334907171329,6094,"R+"
29844,"nio-webserver-r",1419334907177423,32500,"Running"
29844,"nio-webserver-r",1419334907209923,150052,"R+"
29844,"nio-webserver-r",1419334907359975,164843,"Running"
29844,"nio-webserver-r",1419334907524818,425417,"S"
29844,"nio-webserver-r",1419334907950235,73333,"R"
29844,"nio-webserver-r",1419334908023568,283230,"Running"
29847,"NIO-Worker",1419334908273568,12657,"R"
29847,"NIO-Worker",1419334908286225,340312,"Running"
29844,"nio-webserver-r",1419334908306798,12300364,"S"
29847,"NIO-Worker",1419334908626537,7368125,"S"
29847,"NIO-Worker",1419334915994662,17136,"R"
29847,"NIO-Worker",1419334916011798,214895,"Running"
29847,"NIO-Worker",1419334916226693,20730,"S"
29847,"NIO-Worker",1419334916247423,296302,"Running"
29847,"NIO-Worker",1419334916543725,137448,"S"
29847,"NIO-Worker",1419334916681173,15677,"R"
29847,"NIO-Worker",1419334916696850,33125,"Running"
29847,"NIO-Worker",1419334916729975,89166,"R+"
29847,"NIO-Worker",1419334916819141,57240,"Running"
29847,"NIO-Worker",1419334916876381,121250,"S"
29847,"NIO-Worker",1419334916997631,10781,"R"
29847,"NIO-Worker",1419334917008412,206719,"Running"
29847,"NIO-Worker",1419334917215131,112448,"R+"
29847,"NIO-Worker",1419334917327579,5364,"Running"
29847,"NIO-Worker",1419334917332943,161511,"S"
29847,"NIO-Worker",1419334917494454,11927,"R"
29847,"NIO-Worker",1419334917506381,23281,"Running"
29847,"NIO-Worker",1419334917529662,64844,"S"
29847,"NIO-Worker",1419334917594506,16094,"R"
29847,"NIO-Worker",1419334917610600,39375,"Running"
29847,"NIO-Worker",1419334917649975,48854,"S"
29847,"NIO-Worker",1419334917698829,14583,"R"
29847,"NIO-Worker",1419334917713412,2710781,"Running"
29847,"NIO-Worker",1419334920424193,29688,"S"
29847,"NIO-Worker",1419334920453881,28854,"R"
29847,"NIO-Worker",1419334920482735,163177,"Running"
29844,"nio-webserver-r",1419334920607162,33125,"R"
29844,"nio-webserver-r",1419334920640287,205313,"Running"
29847,"NIO-Worker",1419334920645912,415062344,"S"
29844,"nio-webserver-r",1419334920845600,27812,"R+"
29844,"nio-webserver-r",1419334920873412,31250,"Running"
29844,"nio-webserver-r",1419334920904662,9063,"R"
29844,"nio-webserver-r",1419334920913725,182656,"Running"
29844,"nio-webserver-r",1419334921096381,37625937,"S"
29844,"nio-webserver-r",1419334958722318,92188,"R"
29844,"nio-webserver-r",1419334958814506,105625,"Running"
29844,"nio-webserver-r",1419334958920131,73906,"S"
29844,"nio-webserver-r",1419334958994037,47136,"R"
29844,"nio-webserver-r",1419334959041173,191770,"Running"
29844,"nio-webserver-r",1419334959232943,437344,"S"
29844,"nio-webserver-r",1419334959670287,41875,"R"
29844,"nio-webserver-r",1419334959712162,298438,"Running"
29898,"NIO-Worker",1419334959963204,40781,"R"
29898,"NIO-Worker",1419334960003985,332865,"Running"
29844,"nio-webserver-r",1419334960010600,17601406,"S"
29898,"NIO-Worker",1419334960336850,12350625,"S"
29898,"NIO-Worker",1419334972687475,40937,"R"
29898,"NIO-Worker",1419334972728412,126250,"Running"
29898,"NIO-Worker",1419334972854662,36094,"R"
29898,"NIO-Worker",1419334972890756,146667,"Running"
29898,"NIO-Worker",1419334973037423,38802,"S"
29898,"NIO-Worker",1419334973076225,14531,"R"
29898,"NIO-Worker",1419334973090756,333125,"Running"
29898,"NIO-Worker",1419334973423881,125156,"S"
29898,"NIO-Worker",1419334973549037,12188,"R"
29898,"NIO-Worker",1419334973561225,20625,"Running"
29898,"NIO-Worker",1419334973581850,38229,"R+"
29898,"NIO-Worker",1419334973620079,4583,"Running"
29898,"NIO-Worker",1419334973624662,152656,"S"
29898,"NIO-Worker",1419334973777318,17969,"R"
29898,"NIO-Worker",1419334973795287,217292,"Running"
29898,"NIO-Worker",1419334974012579,57500,"R+"
29898,"NIO-Worker",1419334974070079,5521,"Running"
29898,"NIO-Worker",1419334974075600,217760,"S"
29898,"NIO-Worker",1419334974293360,17813,"R"
29898,"NIO-Worker",1419334974311173,33645,"Running"
29898,"NIO-Worker",1419334974344818,63907,"S"
29898,"NIO-Worker",1419334974408725,26823,"R"
29898,"NIO-Worker",1419334974435548,50989,"Running"
29898,"NIO-Worker",1419334974486537,58698,"S"
29898,"NIO-Worker",1419334974545235,51094,"R"
29898,"NIO-Worker",1419334974596329,2776302,"Running"
29898,"NIO-Worker",1419334977372631,27812,"S"
29898,"NIO-Worker",1419334977400443,26407,"R"
29898,"NIO-Worker",1419334977426850,218750,"Running"
29857,"nio-stream-prod",1419334977536068,19948,"R"
29857,"nio-stream-prod",1419334977556016,88802,"Running"
29844,"nio-webserver-r",1419334977612006,26510,"R"
29844,"nio-webserver-r",1419334977638516,413594,"Running"
29857,"nio-stream-prod",1419334977644818,104202344,"S"
29898,"NIO-Worker",1419334977645600,407800416,"S"
29844,"nio-webserver-r",1419334978052110,34540365,"S"
29844,"nio-webserver-r",1419335012592475,47343,"R"
29844,"nio-webserver-r",1419335012639818,204375,"Running"
29844,"nio-webserver-r",1419335012844193,75782,"R+"
29844,"nio-webserver-r",1419335012919975,25937,"Running"
29844,"nio-webserver-r",1419335012945912,302500,"R+"
29844,"nio-webserver-r",1419335013248412,84636,"Running"
29844,"nio-webserver-r",1419335013333048,42395,"S"
29844,"nio-webserver-r",1419335013375443,111511,"R"
29844,"nio-webserver-r",1419335013486954,171771,"Running"
29844,"nio-webserver-r",1419335013658725,300260,"S"
29844,"nio-webserver-r",1419335013958985,43646,"R"
29844,"nio-webserver-r",1419335014002631,295417,"Running"
29905,"NIO-Worker",1419335014268725,29323,"R"
29844,"nio-webserver-r",1419335014298048,5560208,"S"
29905,"NIO-Worker",1419335014298048,388958,"Running"
29905,"NIO-Worker",1419335014687006,459844,"S"
29905,"NIO-Worker",1419335015146850,17343,"R"
29905,"NIO-Worker",1419335015164193,428594,"Running"
29905,"NIO-Worker",1419335015592787,162656,"S"
29905,"NIO-Worker",1419335015755443,19532,"R"
29905,"NIO-Worker",1419335015774975,44687,"Running"
29905,"NIO-Worker",1419335015819662,237917,"S"
29905,"NIO-Worker",1419335016057579,15781,"R"
29905,"NIO-Worker",1419335016073360,188021,"Running"
29905,"NIO-Worker",1419335016261381,260573,"S"
29905,"NIO-Worker",1419335016521954,17083,"R"
29905,"NIO-Worker",1419335016539037,35156,"Running"
29905,"NIO-Worker",1419335016574193,46875,"S"
29905,"NIO-Worker",1419335016621068,14063,"R"
29905,"NIO-Worker",1419335016635131,58281,"Running"
29905,"NIO-Worker",1419335016693412,49375,"S"
29905,"NIO-Worker",1419335016742787,15625,"R"
29905,"NIO-Worker",1419335016758412,2923854,"Running"
29905,"NIO-Worker",1419335019682266,20469,"S"
29905,"NIO-Worker",1419335019702735,41146,"R"
29905,"NIO-Worker",1419335019743881,153750,"Running"
29844,"nio-webserver-r",1419335019858256,15260,"R"
29844,"nio-webserver-r",1419335019873516,330834,"Running"
29905,"NIO-Worker",1419335019897631,417524323,"S"
29844,"nio-webserver-r",1419335020204350,47531198,"S"
29844,"nio-webserver-r",1419335067735548,48489,"R"
29844,"nio-webserver-r",1419335067784037,106719,"Running"
29844,"nio-webserver-r",1419335067890756,116667,"S"
29844,"nio-webserver-r",1419335068007423,40208,"R"
29844,"nio-webserver-r",1419335068047631,184167,"Running"
29844,"nio-webserver-r",1419335068231798,426875,"S"
29844,"nio-webserver-r",1419335068658673,18020,"R"
29844,"nio-webserver-r",1419335068676693,308073,"Running"
29908,"NIO-Worker",1419335068948100,34010,"R"
29908,"NIO-Worker",1419335068982110,336927,"Running"
29844,"nio-webserver-r",1419335068984766,12960677,"S"
29908,"NIO-Worker",1419335069319037,7415625,"S"
29908,"NIO-Worker",1419335076734662,15886,"R"
29908,"NIO-Worker",1419335076750548,498489,"Running"
29908,"NIO-Worker",1419335077249037,127344,"S"
29908,"NIO-Worker",1419335077376381,15469,"R"
29908,"NIO-Worker",1419335077391850,31718,"Running"
29908,"NIO-Worker",1419335077423568,205417,"S"
29908,"NIO-Worker",1419335077628985,16146,"R"
29908,"NIO-Worker",1419335077645131,192812,"Running"
29908,"NIO-Worker",1419335077837943,243438,"S"
29908,"NIO-Worker",1419335078081381,16406,"R"
29908,"NIO-Worker",1419335078097787,20469,"Running"
29908,"NIO-Worker",1419335078118256,48437,"S"
29908,"NIO-Worker",1419335078166693,14688,"R"
29908,"NIO-Worker",1419335078181381,46094,"Running"
29908,"NIO-Worker",1419335078227475,42604,"S"
29908,"NIO-Worker",1419335078270079,13958,"R"
29908,"NIO-Worker",1419335078284037,771094,"Running"
29908,"NIO-Worker",1419335079055131,81875,"R"
29908,"NIO-Worker",1419335079137006,695469,"Running"
29908,"NIO-Worker",1419335079832475,145104,"R"
29908,"NIO-Worker",1419335079977579,1624271,"Running"
29908,"NIO-Worker",1419335081601850,41979,"R+"
29908,"NIO-Worker",1419335081643829,46719,"Running"
29908,"NIO-Worker",1419335081690548,77031,"R+"
29908,"NIO-Worker",1419335081767579,222656,"Running"
29857,"nio-stream-prod",1419335081847162,31719,"R"
29857,"nio-stream-prod",1419335081878881,85937,"Running"
29844,"nio-webserver-r",1419335081945443,31042,"R"
29857,"nio-stream-prod",1419335081964818,96403125,"S"
29844,"nio-webserver-r",1419335081976485,353333,"Running"
29908,"NIO-Worker",1419335081990235,406810000,"S"
29844,"nio-webserver-r",1419335082329818,41250,"R+"
29844,"nio-webserver-r",1419335082371068,61042,"Running"
29844,"nio-webserver-r",1419335082432110,35518906,"S"
29844,"nio-webserver-r",1419335117951016,45625,"R"
29844,"nio-webserver-r",1419335117996641,299115,"Running"
29844,"nio-webserver-r",1419335118295756,193594,"S"
29844,"nio-webserver-r",1419335118489350,34010,"R"
29844,"nio-webserver-r",1419335118523360,5156,"Running"
29844,"nio-webserver-r",1419335118528516,5677,"S"
29844,"nio-webserver-r",1419335118534193,40730,"R"
29844,"nio-webserver-r",1419335118574923,197239,"Running"
29844,"nio-webserver-r",1419335118772162,108386,"S"
29844,"nio-webserver-r",1419335118880548,32552,"R"
29844,"nio-webserver-r",1419335118913100,264062,"Running"
29911,"NIO-Worker",1419335119135235,36615,"R"
29911,"NIO-Worker",1419335119171850,316198,"Running"
29844,"nio-webserver-r",1419335119177162,19342969,"S"
29911,"NIO-Worker",1419335119488048,13815000,"S"
29911,"NIO-Worker",1419335133303048,16875,"R"
29911,"NIO-Worker",1419335133319923,496718,"Running"
29911,"NIO-Worker",1419335133816641,144063,"S"
29911,"NIO-Worker",1419335133960704,46927,"R"
29911,"NIO-Worker",1419335134007631,27031,"Running"
29911,"NIO-Worker",1419335134034662,215625,"S"
29911,"NIO-Worker",1419335134250287,65781,"R"
29911,"NIO-Worker",1419335134316068,229948,"Running"
29911,"NIO-Worker",1419335134546016,218021,"S"
29911,"NIO-Worker",1419335134764037,42344,"R"
29911,"NIO-Worker",1419335134806381,36510,"Running"
29911,"NIO-Worker",1419335134842891,24740,"R+"
29911,"NIO-Worker",1419335134867631,14687,"Running"
29911,"NIO-Worker",1419335134882318,47292,"S"
29911,"NIO-Worker",1419335134929610,67656,"Running"
29911,"NIO-Worker",1419335134997266,73177,"S"
29911,"NIO-Worker",1419335135070443,43907,"R"
29911,"NIO-Worker",1419335135114350,2100000,"Running"
29911,"NIO-Worker",1419335137214350,137968,"R"
29911,"NIO-Worker",1419335137352318,647969,"Running"
29911,"NIO-Worker",1419335138000287,130938,"R"
29911,"NIO-Worker",1419335138131225,57291,"Running"
29911,"NIO-Worker",1419335138188516,26771,"S"
29911,"NIO-Worker",1419335138215287,46563,"R"
29911,"NIO-Worker",1419335138261850,327604,"Running"
29844,"nio-webserver-r",1419335138520131,69323,"R"
29844,"nio-webserver-r",1419335138589454,214739,"Running"
29911,"NIO-Worker",1419335138589454,404767083,"S"
29844,"nio-webserver-r",1419335138804193,40000,"R+"
29844,"nio-webserver-r",1419335138844193,231875,"Running"
29844,"nio-webserver-r",1419335139076068,31933855,"S"
29844,"nio-webserver-r",1419335171009923,71770,"R"
29844,"nio-webserver-r",1419335171081693,114688,"Running"
29844,"nio-webserver-r",1419335171196381,101667,"S"
29844,"nio-webserver-r",1419335171298048,95937,"R"
29844,"nio-webserver-r",1419335171393985,170313,"Running"
29844,"nio-webserver-r",1419335171564298,607031,"S"
29844,"nio-webserver-r",1419335172171329,65156,"R"
29844,"nio-webserver-r",1419335172236485,350625,"Running"
29913,"NIO-Worker",1419335172545235,38490,"R"
29913,"NIO-Worker",1419335172583725,324843,"Running"
29844,"nio-webserver-r",1419335172587110,5862656,"S"
29913,"NIO-Worker",1419335172908568,75625,"R"
29913,"NIO-Worker",1419335172984193,103594,"Running"
29913,"NIO-Worker",1419335173087787,200938,"S"
29913,"NIO-Worker",1419335173288725,15625,"R"
29913,"NIO-Worker",1419335173304350,512812,"Running"
29913,"NIO-Worker",1419335173817162,71823,"R+"
29913,"NIO-Worker",1419335173888985,7240,"Running"
29913,"NIO-Worker",1419335173896225,97500,"S"
29913,"NIO-Worker",1419335173993725,41823,"R"
29913,"NIO-Worker",1419335174035548,80677,"Running"
29913,"NIO-Worker",1419335174116225,205573,"R+"
29913,"NIO-Worker",1419335174321798,9895,"Running"
29913,"NIO-Worker",1419335174331693,95000,"S"
29913,"NIO-Worker",1419335174426693,32344,"R"
29913,"NIO-Worker",1419335174459037,241250,"Running"
29913,"NIO-Worker",1419335174700287,9375,"R+"
29913,"NIO-Worker",1419335174709662,7344,"Running"
29913,"NIO-Worker",1419335174717006,327448,"S"
29913,"NIO-Worker",1419335175044454,36562,"R"
29913,"NIO-Worker",1419335175081016,35209,"Running"
29913,"NIO-Worker",1419335175116225,68698,"S"
29913,"NIO-Worker",1419335175184923,15208,"R"
29913,"NIO-Worker",1419335175200131,50781,"Running"
29913,"NIO-Worker",1419335175250912,55104,"S"
29913,"NIO-Worker",1419335175306016,16615,"R"
29913,"NIO-Worker",1419335175322631,1562187,"Running"
29913,"NIO-Worker",1419335176884818,84844,"R"
29913,"NIO-Worker",1419335176969662,1240000,"Running"
29913,"NIO-Worker",1419335178209662,31406,"S"
29913,"NIO-Worker",1419335178241068,30886,"R"
29913,"NIO-Worker",1419335178271954,212969,"Running"
29857,"nio-stream-prod",1419335178367943,17188,"R"
29857,"nio-stream-prod",1419335178385131,98281,"Running"
29844,"nio-webserver-r",1419335178449766,20209,"R"
29844,"nio-webserver-r",1419335178469975,434479,"Running"
29857,"nio-stream-prod",1419335178483412,115722500,"S"
29913,"NIO-Worker",1419335178484923,420335520,"S"
29844,"nio-webserver-r",1419335178904454,48456927,"S"
29844,"nio-webserver-r",1419335227361381,54219,"R"
29844,"nio-webserver-r",1419335227415600,114843,"Running"
29844,"nio-webserver-r",1419335227530443,88855,"S"
29844,"nio-webserver-r",1419335227619298,22812,"R"
29844,"nio-webserver-r",1419335227642110,7708,"Running"
29844,"nio-webserver-r",1419335227649818,44167,"S"
29844,"nio-webserver-r",1419335227693985,33490,"R"
29844,"nio-webserver-r",1419335227727475,197448,"Running"
29844,"nio-webserver-r",1419335227924923,458958,"S"
29844,"nio-webserver-r",1419335228383881,41510,"R"
29844,"nio-webserver-r",1419335228425391,47396,"Running"
29844,"nio-webserver-r",1419335228472787,16719,"R+"
29844,"nio-webserver-r",1419335228489506,218854,"Running"
29914,"NIO-Worker",1419335228673881,21250,"R"
29914,"NIO-Worker",1419335228695131,167344,"Running"
29844,"nio-webserver-r",1419335228708360,9835313,"S"
29914,"NIO-Worker",1419335228862475,126250,"R"
29914,"NIO-Worker",1419335228988725,185729,"Running"
29914,"NIO-Worker",1419335229174454,3965208,"S"
29914,"NIO-Worker",1419335233139662,12448,"R"
29914,"NIO-Worker",1419335233152110,488646,"Running"
29914,"NIO-Worker",1419335233640756,163073,"S"
29914,"NIO-Worker",1419335233803829,45469,"R"
29914,"NIO-Worker",1419335233849298,21770,"Running"
29914,"NIO-Worker",1419335233871068,234688,"S"
29914,"NIO-Worker",1419335234105756,51250,"R"
29914,"NIO-Worker",1419335234157006,240417,"Running"
29914,"NIO-Worker",1419335234397423,282187,"S"
29914,"NIO-Worker",1419335234679610,20469,"R"
29914,"NIO-Worker",1419335234700079,40208,"Running"
29914,"NIO-Worker",1419335234740287,72500,"R+"
29914,"NIO-Worker",1419335234812787,91875,"Running"
29914,"NIO-Worker",1419335234904662,193386,"S"
29914,"NIO-Worker",1419335235098048,48645,"R"
29914,"NIO-Worker",1419335235146693,2027344,"Running"
29914,"NIO-Worker",1419335237174037,101667,"R"
29914,"NIO-Worker",1419335237275704,88958,"Running"
29914,"NIO-Worker",1419335237364662,36198,"R"
29914,"NIO-Worker",1419335237400860,441875,"Running"
29914,"NIO-Worker",1419335237842735,20677,"R"
29914,"NIO-Worker",1419335237863412,152813,"Running"
29914,"NIO-Worker",1419335238016225,167031,"R"
29914,"NIO-Worker",1419335238183256,148281,"Running"
29914,"NIO-Worker",1419335238331537,48542,"R+"
29914,"NIO-Worker",1419335238380079,211771,"Running"
29844,"nio-webserver-r",1419335238543673,35781,"R"
29844,"nio-webserver-r",1419335238579454,393333,"Running"
29914,"NIO-Worker",1419335238591850,409334999,"S"
29844,"nio-webserver-r",1419335238972787,39945573,"S"
29844,"nio-webserver-r",1419335278918360,131458,"R"
29844,"nio-webserver-r",1419335279049818,115573,"Running"
29844,"nio-webserver-r",1419335279165391,408959,"S"
29844,"nio-webserver-r",1419335279574350,16875,"R"
29844,"nio-webserver-r",1419335279591225,8698,"Running"
29844,"nio-webserver-r",1419335279599923,103802,"S"
29844,"nio-webserver-r",1419335279703725,7656,"R"
29844,"nio-webserver-r",1419335279711381,44948,"Running"
29844,"nio-webserver-r",1419335279756329,20208,"R"
29844,"nio-webserver-r",1419335279776537,422500,"Running"
29915,"NIO-Worker",1419335280163673,18645,"R"
29915,"NIO-Worker",1419335280182318,351094,"Running"
29844,"nio-webserver-r",1419335280199037,14094844,"S"
29915,"NIO-Worker",1419335280533412,8697188,"S"
29915,"NIO-Worker",1419335289230600,14531,"R"
29915,"NIO-Worker",1419335289245131,245000,"Running"
29915,"NIO-Worker",1419335289490131,87656,"S"
29915,"NIO-Worker",1419335289577787,17813,"R"
29915,"NIO-Worker",1419335289595600,389687,"Running"
29915,"NIO-Worker",1419335289985287,158073,"S"
29915,"NIO-Worker",1419335290143360,22083,"R"
29915,"NIO-Worker",1419335290165443,33750,"Running"
29915,"NIO-Worker",1419335290199193,87500,"R+"
29915,"NIO-Worker",1419335290286693,9792,"Running"
29915,"NIO-Worker",1419335290296485,115469,"S"
29915,"NIO-Worker",1419335290411954,38802,"R"
29915,"NIO-Worker",1419335290450756,217292,"Running"
29915,"NIO-Worker",1419335290668048,241145,"S"
29915,"NIO-Worker",1419335290909193,19792,"R"
29915,"NIO-Worker",1419335290928985,31615,"Running"
29915,"NIO-Worker",1419335290960600,74375,"S"
29915,"NIO-Worker",1419335291034975,13750,"R"
29915,"NIO-Worker",1419335291048725,80156,"Running"
29915,"NIO-Worker",1419335291128881,68594,"S"
29915,"NIO-Worker",1419335291197475,41250,"R"
29915,"NIO-Worker",1419335291238725,1036875,"Running"
29915,"NIO-Worker",1419335292275600,22291,"R"
29915,"NIO-Worker",1419335292297891,1777709,"Running"
29915,"NIO-Worker",1419335294075600,24843,"R+"
29915,"NIO-Worker",1419335294100443,240938,"Running"
29857,"nio-stream-prod",1419335294205912,14219,"R"
29857,"nio-stream-prod",1419335294220131,105937,"Running"
29844,"nio-webserver-r",1419335294293881,31875,"R"
29844,"nio-webserver-r",1419335294325756,472760,"Running"
29857,"nio-stream-prod",1419335294326068,98528750,"S"
29915,"NIO-Worker",1419335294341381,404957187,"S"
29844,"nio-webserver-r",1419335294798516,39254584,"S"
29844,"nio-webserver-r",1419335334053100,62812,"R"
29844,"nio-webserver-r",1419335334115912,235938,"Running"
29844,"nio-webserver-r",1419335334351850,232500,"S"
29844,"nio-webserver-r",1419335334584350,108906,"R"
29844,"nio-webserver-r",1419335334693256,7969,"Running"
29844,"nio-webserver-r",1419335334701225,10468,"S"
29844,"nio-webserver-r",1419335334711693,22813,"R"
29844,"nio-webserver-r",1419335334734506,173750,"Running"
29844,"nio-webserver-r",1419335334908256,495469,"S"
29844,"nio-webserver-r",1419335335403725,60000,"R"
29844,"nio-webserver-r",1419335335463725,281666,"Running"
29847,"NIO-Worker",1419335335708256,19687,"R"
29847,"NIO-Worker",1419335335727943,242344,"Running"
29844,"nio-webserver-r",1419335335745391,17838802,"S"
29847,"NIO-Worker",1419335335970287,12594688,"S"
29847,"NIO-Worker",1419335348564975,14166,"R"
29847,"NIO-Worker",1419335348579141,222396,"Running"
29847,"NIO-Worker",1419335348801537,4063,"S"
29847,"NIO-Worker",1419335348805600,18281,"R"
29847,"NIO-Worker",1419335348823881,43125,"Running"
29847,"NIO-Worker",1419335348867006,36823,"S"
29847,"NIO-Worker",1419335348903829,36614,"Running"
29847,"NIO-Worker",1419335348940443,26094,"S"
29847,"NIO-Worker",1419335348966537,314063,"Running"
29847,"NIO-Worker",1419335349280600,171250,"S"
29847,"NIO-Worker",1419335349451850,17187,"R"
29847,"NIO-Worker",1419335349469037,44063,"Running"
29847,"NIO-Worker",1419335349513100,239791,"S"
29847,"NIO-Worker",1419335349752891,29584,"R"
29847,"NIO-Worker",1419335349782475,206093,"Running"
29847,"NIO-Worker",1419335349988568,267500,"S"
29847,"NIO-Worker",1419335350256068,24375,"R"
29847,"NIO-Worker",1419335350280443,33438,"Running"
29847,"NIO-Worker",1419335350313881,51406,"S"
29847,"NIO-Worker",1419335350365287,61354,"R"
29847,"NIO-Worker",1419335350426641,49531,"Running"
29847,"NIO-Worker",1419335350476172,45938,"S"
29847,"NIO-Worker",1419335350522110,33437,"R"
29847,"NIO-Worker",1419335350555547,2336928,"Running"
29847,"NIO-Worker",1419335352892475,19218,"R"
29847,"NIO-Worker",1419335352911693,513282,"Running"
29847,"NIO-Worker",1419335353424975,19375,"S"
29847,"NIO-Worker",1419335353444350,22500,"R"
29847,"NIO-Worker",1419335353466850,159218,"Running"
29844,"nio-webserver-r",1419335353584193,46979,"R"
29847,"NIO-Worker",1419335353626068,401092969,"S"
29844,"nio-webserver-r",1419335353631172,276459,"Running"
29844,"nio-webserver-r",1419335353907631,47656,"R+"
29844,"nio-webserver-r",1419335353955287,102135,"Running"
29844,"nio-webserver-r",1419335354057422,29712709,"S"
29844,"nio-webserver-r",1419335383770131,53125,"R"
29844,"nio-webserver-r",1419335383823256,116354,"Running"
29844,"nio-webserver-r",1419335383939610,346458,"S"
29844,"nio-webserver-r",1419335384286068,142761,"R"
29844,"nio-webserver-r",1419335384428829,196875,"Running"
29844,"nio-webserver-r",1419335384625704,322812,"S"
29844,"nio-webserver-r",1419335384948516,56927,"R"
29844,"nio-webserver-r",1419335385005443,140000,"Running"
29844,"nio-webserver-r",1419335385145443,40729,"R+"
29844,"nio-webserver-r",1419335385186172,315365,"Running"
29898,"NIO-Worker",1419335385446016,44740,"R"
29898,"NIO-Worker",1419335385490756,385469,"Running"
29844,"nio-webserver-r",1419335385501537,7549531,"S"
29898,"NIO-Worker",1419335385876225,1869322,"S"
29898,"NIO-Worker",1419335387745547,85990,"R"
29898,"NIO-Worker",1419335387831537,182188,"Running"
29898,"NIO-Worker",1419335388013725,5260,"S"
29898,"NIO-Worker",1419335388018985,19271,"R"
29898,"NIO-Worker",1419335388038256,214531,"Running"
29898,"NIO-Worker",1419335388252787,172969,"R"
29898,"NIO-Worker",1419335388425756,109375,"Running"
29898,"NIO-Worker",1419335388535131,132760,"S"
29898,"NIO-Worker",1419335388667891,20990,"R"
29898,"NIO-Worker",1419335388688881,32031,"Running"
29898,"NIO-Worker",1419335388720912,287344,"R+"
29898,"NIO-Worker",1419335389008256,218229,"Running"
29898,"NIO-Worker",1419335389226485,238958,"S"
29898,"NIO-Worker",1419335389465443,86823,"R"
29898,"NIO-Worker",1419335389552266,21927,"Running"
29898,"NIO-Worker",1419335389574193,52604,"S"
29898,"NIO-Worker",1419335389626797,21771,"R"
29898,"NIO-Worker",1419335389648568,77813,"Running"
29898,"NIO-Worker",1419335389726381,41250,"R+"
29898,"NIO-Worker",1419335389767631,4844,"Running"
29898,"NIO-Worker",1419335389772475,12812,"S"
29898,"NIO-Worker",1419335389785287,54063,"R"
29898,"NIO-Worker",1419335389839350,2346562,"Running"
29898,"NIO-Worker",1419335392185912,11406,"R"
29898,"NIO-Worker",1419335392197318,440000,"Running"
29898,"NIO-Worker",1419335392637318,23594,"S"
29898,"NIO-Worker",1419335392660912,24219,"R"
29898,"NIO-Worker",1419335392685131,440156,"Running"
29857,"nio-stream-prod",1419335392854818,82136,"R"
29857,"nio-stream-prod",1419335392936954,110521,"Running"
29857,"nio-stream-prod",1419335393047475,51311666,"S"
29844,"nio-webserver-r",1419335393051068,40000,"R"
29844,"nio-webserver-r",1419335393091068,427500,"Running"
29898,"NIO-Worker",1419335393125287,416507031,"S"
29844,"nio-webserver-r",1419335393518568,42614063,"S"
29844,"nio-webserver-r",1419335436132631,34687,"R"
29844,"nio-webserver-r",1419335436167318,170469,"Running"
29844,"nio-webserver-r",1419335436337787,5938,"S"
29844,"nio-webserver-r",1419335436343725,37187,"R"
29844,"nio-webserver-r",1419335436380912,208594,"Running"
29844,"nio-webserver-r",1419335436589506,399375,"S"
29844,"nio-webserver-r",1419335436988881,49531,"R"
29844,"nio-webserver-r",1419335437038412,108906,"Running"
29844,"nio-webserver-r",1419335437147318,108125,"R"
29844,"nio-webserver-r",1419335437255443,213542,"Running"
29905,"NIO-Worker",1419335437421954,22187,"R"
29905,"NIO-Worker",1419335437444141,352552,"Running"
29844,"nio-webserver-r",1419335437468985,6978594,"S"
29905,"NIO-Worker",1419335437796693,1509479,"S"
29905,"NIO-Worker",1419335439306172,136146,"R"
29905,"NIO-Worker",1419335439442318,300000,"Running"
29905,"NIO-Worker",1419335439742318,53229,"S"
29905,"NIO-Worker",1419335439795547,21146,"R"
29905,"NIO-Worker",1419335439816693,328229,"Running"
29905,"NIO-Worker",1419335440144922,139688,"S"
29905,"NIO-Worker",1419335440284610,55052,"R"
29905,"NIO-Worker",1419335440339662,38542,"Running"
29905,"NIO-Worker",1419335440378204,217500,"S"
29905,"NIO-Worker",1419335440595704,32083,"R"
29905,"NIO-Worker",1419335440627787,243542,"Running"
29905,"NIO-Worker",1419335440871329,33750,"R+"
29905,"NIO-Worker",1419335440905079,14531,"Running"
29905,"NIO-Worker",1419335440919610,254740,"S"
29905,"NIO-Worker",1419335441174350,26093,"R"
29905,"NIO-Worker",1419335441200443,32500,"Running"
29905,"NIO-Worker",1419335441232943,52344,"S"
29905,"NIO-Worker",1419335441285287,21250,"R"
29905,"NIO-Worker",1419335441306537,58438,"Running"
29905,"NIO-Worker",1419335441364975,47760,"S"
29905,"NIO-Worker",1419335441412735,23490,"R"
29905,"NIO-Worker",1419335441436225,2755781,"Running"
29905,"NIO-Worker",1419335444192006,28594,"S"
29905,"NIO-Worker",1419335444220600,48750,"R"
29905,"NIO-Worker",1419335444269350,257187,"Running"
29857,"nio-stream-prod",1419335444359141,70990,"R"
29857,"nio-stream-prod",1419335444430131,149219,"Running"
29844,"nio-webserver-r",1419335444447579,41927,"R"
29844,"nio-webserver-r",1419335444489506,266354,"Running"
29905,"NIO-Worker",1419335444526537,420321979,"S"
29857,"nio-stream-prod",1419335444579350,29843,"R+"
29857,"nio-stream-prod",1419335444609193,9948,"Running"
29857,"nio-stream-prod",1419335444619141,415521,"S"
29844,"nio-webserver-r",1419335444755860,4593490,"S"
29857,"nio-stream-prod",1419335445034662,65104,"R"
29857,"nio-stream-prod",1419335445099766,34531,"Running"
29857,"nio-stream-prod",1419335445134297,66771,"S"
29857,"nio-stream-prod",1419335445201068,37969,"R"
29857,"nio-stream-prod",1419335445239037,51250,"Running"
29857,"nio-stream-prod",1419335445290287,56198,"S"
29857,"nio-stream-prod",1419335445346485,21302,"R"
29857,"nio-stream-prod",1419335445367787,8594,"Running"
29857,"nio-stream-prod",1419335445376381,75885,"R"
29857,"nio-stream-prod",1419335445452266,1168281,"Running"
29857,"nio-stream-prod",1419335446620547,178282,"R"
29857,"nio-stream-prod",1419335446798829,2632083,"Running"
29844,"nio-webserver-r",1419335449349350,20937,"R"
29844,"nio-webserver-r",1419335449370287,252031,"Running"
29857,"nio-stream-prod",1419335449430912,34688,"R+"
29857,"nio-stream-prod",1419335449465600,191718,"Running"
29844,"nio-webserver-r",1419335449622318,13229,"R"
29844,"nio-webserver-r",1419335449635547,228334,"Running"
29857,"nio-stream-prod",1419335449657318,49643125,"S"
29844,"nio-webserver-r",1419335449863881,42187,"R+"
29844,"nio-webserver-r",1419335449906068,139479,"Running"
29844,"nio-webserver-r",1419335450045547,36682084,"S"
29844,"nio-webserver-r",1419335486727631,84531,"R"
29844,"nio-webserver-r",1419335486812162,168906,"Running"
29844,"nio-webserver-r",1419335486981068,103438,"S"
29844,"nio-webserver-r",1419335487084506,64010,"R"
29844,"nio-webserver-r",1419335487148516,29688,"Running"
29844,"nio-webserver-r",1419335487178204,117083,"S"
29844,"nio-webserver-r",1419335487295287,23906,"R"
29844,"nio-webserver-r",1419335487319193,98907,"Running"
29844,"nio-webserver-r",1419335487418100,21822,"R"
29844,"nio-webserver-r",1419335487439922,134219,"Running"
29844,"nio-webserver-r",1419335487574141,875052,"S"
29844,"nio-webserver-r",1419335488449193,20782,"R"
29844,"nio-webserver-r",1419335488469975,172812,"Running"
29844,"nio-webserver-r",1419335488642787,35260,"R"
29844,"nio-webserver-r",1419335488678047,164584,"Running"
29908,"NIO-Worker",1419335488800235,32812,"R"
29908,"NIO-Worker",1419335488833047,351615,"Running"
29844,"nio-webserver-r",1419335488842631,9062,"R"
29844,"nio-webserver-r",1419335488851693,19063,"Running"
29844,"nio-webserver-r",1419335488870756,10561354,"S"
29908,"NIO-Worker",1419335489184662,4745469,"S"
29908,"NIO-Worker",1419335493930131,13281,"R"
29908,"NIO-Worker",1419335493943412,493125,"Running"
29908,"NIO-Worker",1419335494436537,168854,"S"
29908,"NIO-Worker",1419335494605391,46146,"R"
29908,"NIO-Worker",1419335494651537,26563,"Running"
29908,"NIO-Worker",1419335494678100,202656,"S"
29908,"NIO-Worker",1419335494880756,21406,"R"
29908,"NIO-Worker",1419335494902162,220313,"Running"
29908,"NIO-Worker",1419335495122475,56822,"R+"
29908,"NIO-Worker",1419335495179297,10521,"Running"
29908,"NIO-Worker",1419335495189818,541042,"S"
29908,"NIO-Worker",1419335495730860,26771,"R"
29908,"NIO-Worker",1419335495757631,59844,"Running"
29908,"NIO-Worker",1419335495817475,76250,"S"
29908,"NIO-Worker",1419335495893725,15572,"R"
29908,"NIO-Worker",1419335495909297,18646,"Running"
29908,"NIO-Worker",1419335495927943,11094,"R"
29908,"NIO-Worker",1419335495939037,66875,"Running"
29908,"NIO-Worker",1419335496005912,65417,"R+"
29908,"NIO-Worker",1419335496071329,174427,"Running"
29908,"NIO-Worker",1419335496245756,35625,"R+"
29908,"NIO-Worker",1419335496281381,139844,"Running"
29908,"NIO-Worker",1419335496421225,173906,"R+"
29908,"NIO-Worker",1419335496595131,2527031,"Running"
29908,"NIO-Worker",1419335499122162,33542,"R+"
29908,"NIO-Worker",1419335499155704,322656,"Running"
29857,"nio-stream-prod",1419335499300443,74532,"R"
29857,"nio-stream-prod",1419335499374975,184687,"Running"
29844,"nio-webserver-r",1419335499432110,19531,"R"
29844,"nio-webserver-r",1419335499451641,319219,"Running"
29908,"NIO-Worker",1419335499478360,415397552,"S"
29857,"nio-stream-prod",1419335499559662,432969,"S"
29844,"nio-webserver-r",1419335499770860,13954062,"S"
29857,"nio-stream-prod",1419335499992631,31406,"R"
29857,"nio-stream-prod",1419335500024037,87500,"Running"
29857,"nio-stream-prod",1419335500111537,70938,"S"
29857,"nio-stream-prod",1419335500182475,19531,"R"
29857,"nio-stream-prod",1419335500202006,54375,"Running"
29857,"nio-stream-prod",1419335500256381,77291,"R+"
29857,"nio-stream-prod",1419335500333672,163021,"Running"
29857,"nio-stream-prod",1419335500496693,8907,"R"
29857,"nio-stream-prod",1419335500505600,339635,"Running"
29857,"nio-stream-prod",1419335500845235,30052,"R"
29857,"nio-stream-prod",1419335500875287,157344,"Running"
29857,"nio-stream-prod",1419335501032631,10469,"R"
29857,"nio-stream-prod",1419335501043100,2709947,"Running"
29857,"nio-stream-prod",1419335503753047,31771,"R"
29857,"nio-stream-prod",1419335503784818,45157,"Running"
29857,"nio-stream-prod",1419335503829975,76041,"R"
29857,"nio-stream-prod",1419335503906016,115990,"Running"
29857,"nio-stream-prod",1419335504022006,17760,"R+"
29857,"nio-stream-prod",1419335504039766,379584,"Running"
29857,"nio-stream-prod",1419335504419350,79947,"R"
29857,"nio-stream-prod",1419335504499297,89584,"Running"
29857,"nio-stream-prod",1419335504588881,235000,"R"
29857,"nio-stream-prod",1419335504823881,21406,"Running"
29857,"nio-stream-prod",1419335504845287,30313,"R"
29857,"nio-stream-prod",1419335504875600,1176406,"Running"
29857,"nio-stream-prod",1419335506052006,9375,"R"
29857,"nio-stream-prod",1419335506061381,2799010,"Running"
29857,"nio-stream-prod",1419335508860391,15365,"R"
29857,"nio-stream-prod",1419335508875756,1641094,"Running"
29857,"nio-stream-prod",1419335510516850,25885,"R"
29857,"nio-stream-prod",1419335510542735,1553333,"Running"
29857,"nio-stream-prod",1419335512096068,71094,"R"
29857,"nio-stream-prod",1419335512167162,180260,"Running"
29857,"nio-stream-prod",1419335512347422,63750,"R"
29857,"nio-stream-prod",1419335512411172,440000,"Running"
29857,"nio-stream-prod",1419335512851172,19740,"R"
29857,"nio-stream-prod",1419335512870912,22813,"Running"
29857,"nio-stream-prod",1419335512893725,38906,"R"
29857,"nio-stream-prod",1419335512932631,895781,"Running"
29844,"nio-webserver-r",1419335513724922,30521,"R"
29844,"nio-webserver-r",1419335513755443,536823,"Running"
29857,"nio-stream-prod",1419335513828412,18125,"S"
29857,"nio-stream-prod",1419335513846537,67760,"R"
29857,"nio-stream-prod",1419335513914297,173803,"Running"
29857,"nio-stream-prod",1419335514088100,74166,"R+"
29857,"nio-stream-prod",1419335514162266,5521,"Running"
29857,"nio-stream-prod",1419335514167787,37576094,"S"
29844,"nio-webserver-r",1419335514292266,27687865,"S"
29844,"nio-webserver-r",1419335541980131,132031,"R"
29844,"nio-webserver-r",1419335542112162,231094,"Running"
29844,"nio-webserver-r",1419335542343256,30937,"S"
29844,"nio-webserver-r",1419335542374193,242813,"R"
29844,"nio-webserver-r",1419335542617006,181094,"Running"
29844,"nio-webserver-r",1419335542798100,173750,"S"
29844,"nio-webserver-r",1419335542971850,96718,"R"
29844,"nio-webserver-r",1419335543068568,321094,"Running"
29911,"NIO-Worker",1419335543356537,103750,"R"
29844,"nio-webserver-r",1419335543389662,8463281,"S"
29911,"NIO-Worker",1419335543460287,355885,"Running"
29911,"NIO-Worker",1419335543816172,2944271,"S"
29911,"NIO-Worker",1419335546760443,23594,"R"
29911,"NIO-Worker",1419335546784037,242969,"Running"
29911,"NIO-Worker",1419335547027006,40104,"S"
29911,"NIO-Worker",1419335547067110,303281,"Running"
29911,"NIO-Worker",1419335547370391,72552,"R+"
29911,"NIO-Worker",1419335547442943,7448,"Running"
29911,"NIO-Worker",1419335547450391,59375,"S"
29911,"NIO-Worker",1419335547509766,35052,"R"
29911,"NIO-Worker",1419335547544818,26198,"Running"
29911,"NIO-Worker",1419335547571016,211146,"S"
29911,"NIO-Worker",1419335547782162,26406,"R"
29911,"NIO-Worker",1419335547808568,213073,"Running"
29911,"NIO-Worker",1419335548021641,372031,"S"
29911,"NIO-Worker",1419335548393672,46302,"R"
29911,"NIO-Worker",1419335548439974,19532,"Running"
29911,"NIO-Worker",1419335548459506,47916,"S"
29911,"NIO-Worker",1419335548507422,21146,"R"
29911,"NIO-Worker",1419335548528568,57500,"Running"
29911,"NIO-Worker",1419335548586068,52448,"R+"
29911,"NIO-Worker",1419335548638516,2885833,"Running"
29911,"NIO-Worker",1419335551524349,40105,"S"
29911,"NIO-Worker",1419335551564454,27239,"R"
29911,"NIO-Worker",1419335551591693,340000,"Running"
29857,"nio-stream-prod",1419335551743881,46875,"R"
29857,"nio-stream-prod",1419335551790756,159166,"Running"
29844,"nio-webserver-r",1419335551852943,16719,"R"
29844,"nio-webserver-r",1419335551869662,233750,"Running"
29911,"NIO-Worker",1419335551931693,413567344,"S"
29857,"nio-stream-prod",1419335551949922,253594,"S"
29844,"nio-webserver-r",1419335552103412,22254531,"S"
29857,"nio-stream-prod",1419335552203516,46875,"R"
29857,"nio-stream-prod",1419335552250391,47865,"Running"
29857,"nio-stream-prod",1419335552298256,44218,"S"
29857,"nio-stream-prod",1419335552342474,15000,"R"
29857,"nio-stream-prod",1419335552357474,38438,"Running"
29857,"nio-stream-prod",1419335552395912,56719,"S"
29857,"nio-stream-prod",1419335552452631,22187,"R"
29857,"nio-stream-prod",1419335552474818,1372917,"Running"
29857,"nio-stream-prod",1419335553847735,40989,"R+"
29857,"nio-stream-prod",1419335553888724,1711094,"Running"
29857,"nio-stream-prod",1419335555599818,49844,"R"
29857,"nio-stream-prod",1419335555649662,1256823,"Running"
29857,"nio-stream-prod",1419335556906485,38594,"R"
29857,"nio-stream-prod",1419335556945079,5156614,"Running"
29857,"nio-stream-prod",1419335562101693,21042,"R"
29857,"nio-stream-prod",1419335562122735,316875,"Running"
29857,"nio-stream-prod",1419335562439610,21562,"R"
29857,"nio-stream-prod",1419335562461172,306615,"Running"
29857,"nio-stream-prod",1419335562767787,14219,"R"
29857,"nio-stream-prod",1419335562782006,159062,"Running"
29857,"nio-stream-prod",1419335562941068,144688,"R"
29857,"nio-stream-prod",1419335563085756,1288854,"Running"
29857,"nio-stream-prod",1419335564374610,10989,"R"
29857,"nio-stream-prod",1419335564385599,558907,"Running"
29857,"nio-stream-prod",1419335564944506,21823,"R"
29857,"nio-stream-prod",1419335564966329,1185052,"Running"
29857,"nio-stream-prod",1419335566151381,991250,"S"
29857,"nio-stream-prod",1419335567142631,11406,"R"
29857,"nio-stream-prod",1419335567154037,4164062,"Running"
29857,"nio-stream-prod",1419335571318099,81355,"R"
29857,"nio-stream-prod",1419335571399454,1543125,"Running"
29857,"nio-stream-prod",1419335572942579,49583,"R"
29857,"nio-stream-prod",1419335572992162,1438437,"Running"
29844,"nio-webserver-r",1419335574357943,26719,"R"
29844,"nio-webserver-r",1419335574384662,543437,"Running"
29857,"nio-stream-prod",1419335574430599,28438,"R+"
29857,"nio-stream-prod",1419335574459037,9531,"Running"
29857,"nio-stream-prod",1419335574468568,14479,"S"
29857,"nio-stream-prod",1419335574483047,40990,"R"
29857,"nio-stream-prod",1419335574524037,236562,"Running"
29857,"nio-stream-prod",1419335574760599,34669011,"S"
29844,"nio-webserver-r",1419335574928099,4668542,"S"
29844,"nio-webserver-r",1419335579596641,129688,"R"
29844,"nio-webserver-r",1419335579726329,70989,"Running"
29844,"nio-webserver-r",1419335579797318,40938,"R"
29844,"nio-webserver-r",1419335579838256,15468,"Running"
29844,"nio-webserver-r",1419335579853724,23750,"R"
29844,"nio-webserver-r",1419335579877474,9948,"Running"
29844,"nio-webserver-r",1419335579887422,10834,"R+"
29844,"nio-webserver-r",1419335579898256,11406,"Running"
29844,"nio-webserver-r",1419335579909662,14862812,"S"
29844,"nio-webserver-r",1419335594772474,18855,"R"
29844,"nio-webserver-r",1419335594791329,306250,"Running"
29844,"nio-webserver-r",1419335595097579,760000,"S"
29844,"nio-webserver-r",1419335595857579,320364,"R"
29844,"nio-webserver-r",1419335596177943,345469,"Running"
29844,"nio-webserver-r",1419335596523412,1635156,"S"
29844,"nio-webserver-r",1419335598158568,92917,"R"
29844,"nio-webserver-r",1419335598251485,238750,"Running"
29844,"nio-webserver-r",1419335598490235,17396,"R"
29844,"nio-webserver-r",1419335598507631,371093,"Running"
29913,"NIO-Worker",1419335598820443,22656,"R"
29913,"NIO-Worker",1419335598843099,169323,"Running"
29844,"nio-webserver-r",1419335598878724,10680469,"S"
29913,"NIO-Worker",1419335599012422,71927,"R"
29913,"NIO-Worker",1419335599084349,638698,"Running"
29913,"NIO-Worker",1419335599723047,3621094,"S"
29913,"NIO-Worker",1419335603344141,17083,"R"
29913,"NIO-Worker",1419335603361224,344948,"Running"
29913,"NIO-Worker",1419335603706172,16563,"R"
29913,"NIO-Worker",1419335603722735,40052,"Running"
29913,"NIO-Worker",1419335603762787,300469,"R"
29913,"NIO-Worker",1419335604063256,80625,"Running"
29913,"NIO-Worker",1419335604143881,20468,"R"
29913,"NIO-Worker",1419335604164349,152188,"Running"
29913,"NIO-Worker",1419335604316537,716250,"R+"
29913,"NIO-Worker",1419335605032787,39323,"Running"
29913,"NIO-Worker",1419335605072110,171302,"R+"
29913,"NIO-Worker",1419335605243412,10417,"Running"
29913,"NIO-Worker",1419335605253829,338489,"S"
29913,"NIO-Worker",1419335605592318,16875,"R"
29913,"NIO-Worker",1419335605609193,324636,"Running"
29913,"NIO-Worker",1419335605933829,318125,"S"
29913,"NIO-Worker",1419335606251954,15364,"R"
29913,"NIO-Worker",1419335606267318,24063,"Running"
29913,"NIO-Worker",1419335606291381,73750,"S"
29913,"NIO-Worker",1419335606365131,19062,"R"
29913,"NIO-Worker",1419335606384193,55313,"Running"
29913,"NIO-Worker",1419335606439506,76406,"R+"
29913,"NIO-Worker",1419335606515912,2782656,"Running"
29913,"NIO-Worker",1419335609298568,20261,"R+"
29913,"NIO-Worker",1419335609318829,4739,"Running"
29913,"NIO-Worker",1419335609323568,1094,"S"
29913,"NIO-Worker",1419335609324662,15260,"R"
29913,"NIO-Worker",1419335609339922,255052,"Running"
29857,"nio-stream-prod",1419335609429610,29739,"R"
29857,"nio-stream-prod",1419335609459349,185938,"Running"
29844,"nio-webserver-r",1419335609559193,11875,"R"
29844,"nio-webserver-r",1419335609571068,236354,"Running"
29913,"NIO-Worker",1419335609594974,409880625,"S"
29857,"nio-stream-prod",1419335609645287,347500,"S"
29844,"nio-webserver-r",1419335609807422,25521,"R+"
29844,"nio-webserver-r",1419335609832943,105104,"Running"
29844,"nio-webserver-r",1419335609938047,29795469,"S"
29857,"nio-stream-prod",1419335609992787,71250,"R"
29857,"nio-stream-prod",1419335610064037,49531,"Running"
29857,"nio-stream-prod",1419335610113568,59844,"S"
29857,"nio-stream-prod",1419335610173412,20937,"R"
29857,"nio-stream-prod",1419335610194349,41980,"Running"
29857,"nio-stream-prod",1419335610236329,53020,"S"
29857,"nio-stream-prod",1419335610289349,38438,"R"
29857,"nio-stream-prod",1419335610327787,4496562,"Running"
29857,"nio-stream-prod",1419335614824349,186407,"R+"
29857,"nio-stream-prod",1419335615010756,3376093,"Running"
29857,"nio-stream-prod",1419335618386849,6250,"R"
29857,"nio-stream-prod",1419335618393099,2152969,"Running"
29857,"nio-stream-prod",1419335620546068,16406,"R"
29857,"nio-stream-prod",1419335620562474,180157,"Running"
29857,"nio-stream-prod",1419335620742631,26250,"R"
29857,"nio-stream-prod",1419335620768881,475468,"Running"
29857,"nio-stream-prod",1419335621244349,232032,"R"
29857,"nio-stream-prod",1419335621476381,45312,"Running"
29857,"nio-stream-prod",1419335621521693,93281,"R"
29857,"nio-stream-prod",1419335621614974,1074844,"Running"
29857,"nio-stream-prod",1419335622689818,15625,"R"
29857,"nio-stream-prod",1419335622705443,6795417,"Running"
29857,"nio-stream-prod",1419335629500860,54427,"R"
29857,"nio-stream-prod",1419335629555287,80000,"Running"
29857,"nio-stream-prod",1419335629635287,48125,"R"
29857,"nio-stream-prod",1419335629683412,10115312,"Running"
29844,"nio-webserver-r",1419335639733516,21615,"R"
29844,"nio-webserver-r",1419335639755131,418437,"Running"
29857,"nio-stream-prod",1419335639798724,72448,"R+"
29857,"nio-stream-prod",1419335639871172,184740,"Running"
29857,"nio-stream-prod",1419335640055912,28874844,"S"
29844,"nio-webserver-r",1419335640173568,5827969,"S"
29844,"nio-webserver-r",1419335646001537,83750,"R"
29844,"nio-webserver-r",1419335646085287,76198,"Running"
29844,"nio-webserver-r",1419335646161485,248177,"S"
29844,"nio-webserver-r",1419335646409662,38594,"R"
29844,"nio-webserver-r",1419335646448256,185156,"Running"
29844,"nio-webserver-r",1419335646633412,984844,"S"
29844,"nio-webserver-r",1419335647618256,62343,"R"
29844,"nio-webserver-r",1419335647680599,290000,"Running"
29914,"NIO-Worker",1419335647926849,34948,"R"
29914,"NIO-Worker",1419335647961797,349688,"Running"
29844,"nio-webserver-r",1419335647970599,21048750,"S"
29914,"NIO-Worker",1419335648311485,15693958,"S"
29914,"NIO-Worker",1419335664005443,75000,"R"
29914,"NIO-Worker",1419335664080443,568125,"Running"
29914,"NIO-Worker",1419335664648568,131406,"S"
29914,"NIO-Worker",1419335664779974,123855,"R"
29914,"NIO-Worker",1419335664903829,5833,"Running"
29914,"NIO-Worker",1419335664909662,21823,"R"
29914,"NIO-Worker",1419335664931485,43594,"Running"
29914,"NIO-Worker",1419335664975079,261406,"S"
29914,"NIO-Worker",1419335665236485,25156,"R"
29914,"NIO-Worker",1419335665261641,239583,"Running"
29914,"NIO-Worker",1419335665501224,276407,"S"
29914,"NIO-Worker",1419335665777631,15312,"R"
29914,"NIO-Worker",1419335665792943,19375,"Running"
29914,"NIO-Worker",1419335665812318,40625,"S"
29914,"NIO-Worker",1419335665852943,13542,"R"
29914,"NIO-Worker",1419335665866485,58958,"Running"
29914,"NIO-Worker",1419335665925443,66823,"S"
29914,"NIO-Worker",1419335665992266,26719,"R"
29914,"NIO-Worker",1419335666018985,2707239,"Running"
29914,"NIO-Worker",1419335668726224,22500,"S"
29914,"NIO-Worker",1419335668748724,25625,"R"
29914,"NIO-Worker",1419335668774349,301875,"Running"
29857,"nio-stream-prod",1419335668930756,23073,"R"
29857,"nio-stream-prod",1419335668953829,117812,"Running"
29844,"nio-webserver-r",1419335669019349,48438,"R"
29844,"nio-webserver-r",1419335669067787,240417,"Running"
29857,"nio-stream-prod",1419335669071641,197813,"S"
29914,"NIO-Worker",1419335669076224,403747032,"S"
29857,"nio-stream-prod",1419335669269454,33958,"R"
29857,"nio-stream-prod",1419335669303412,48125,"Running"
29844,"nio-webserver-r",1419335669308204,9845989,"S"
29857,"nio-stream-prod",1419335669351537,46094,"S"
29857,"nio-stream-prod",1419335669397631,15468,"R"
29857,"nio-stream-prod",1419335669413099,49219,"Running"
29857,"nio-stream-prod",1419335669462318,55573,"S"
29857,"nio-stream-prod",1419335669517891,55052,"R"
29857,"nio-stream-prod",1419335669572943,1620156,"Running"
29857,"nio-stream-prod",1419335671193099,150157,"R"
29857,"nio-stream-prod",1419335671343256,1536250,"Running"
29857,"nio-stream-prod",1419335672879506,35625,"R"
29857,"nio-stream-prod",1419335672915131,6304323,"Running"
29844,"nio-webserver-r",1419335679154193,33073,"R"
29844,"nio-webserver-r",1419335679187266,33281,"Running"
29857,"nio-stream-prod",1419335679219454,57708,"R+"
29844,"nio-webserver-r",1419335679220547,22865,"R"
29844,"nio-webserver-r",1419335679243412,219531,"Running"
29857,"nio-stream-prod",1419335679277162,163073,"Running"
29857,"nio-stream-prod",1419335679440235,103802,"S"
29844,"nio-webserver-r",1419335679462943,112917,"S"
29857,"nio-stream-prod",1419335679544037,10417,"Running"
29857,"nio-stream-prod",1419335679554454,6250,"R+"
29857,"nio-stream-prod",1419335679560704,68177,"Running"
29844,"nio-webserver-r",1419335679575860,81302,"R"
29857,"nio-stream-prod",1419335679628881,212343,"R+"
29844,"nio-webserver-r",1419335679657162,229062,"Running"
29857,"nio-stream-prod",1419335679841224,32448,"Running"
29857,"nio-stream-prod",1419335679873672,26499115,"S"
29844,"nio-webserver-r",1419335679886224,18429532,"S"
29844,"nio-webserver-r",1419335698315756,20573,"R"
29844,"nio-webserver-r",1419335698336329,164270,"Running"
29844,"nio-webserver-r",1419335698500599,89844,"S"
29844,"nio-webserver-r",1419335698590443,120104,"R"
29844,"nio-webserver-r",1419335698710547,7084,"Running"
29844,"nio-webserver-r",1419335698717631,41250,"R"
29844,"nio-webserver-r",1419335698758881,209843,"Running"
29844,"nio-webserver-r",1419335698968724,8907,"S"
29844,"nio-webserver-r",1419335698977631,63698,"R"
29844,"nio-webserver-r",1419335699041329,315677,"Running"
29915,"NIO-Worker",1419335699298568,37031,"R"
29915,"NIO-Worker",1419335699335599,441875,"Running"
29844,"nio-webserver-r",1419335699357006,7137448,"S"
29915,"NIO-Worker",1419335699777474,1528125,"S"
29915,"NIO-Worker",1419335701305599,18438,"R"
29915,"NIO-Worker",1419335701324037,226250,"Running"
29915,"NIO-Worker",1419335701550287,9167,"S"
29915,"NIO-Worker",1419335701559454,64531,"R"
29915,"NIO-Worker",1419335701623985,57083,"Running"
29915,"NIO-Worker",1419335701681068,26563,"S"
29915,"NIO-Worker",1419335701707631,331406,"Running"
29915,"NIO-Worker",1419335702039037,62812,"R+"
29915,"NIO-Worker",1419335702101849,5417,"Running"
29915,"NIO-Worker",1419335702107266,70938,"S"
29915,"NIO-Worker",1419335702178204,27187,"R"
29915,"NIO-Worker",1419335702205391,47240,"Running"
29915,"NIO-Worker",1419335702252631,210625,"S"
29915,"NIO-Worker",1419335702463256,22448,"R"
29915,"NIO-Worker",1419335702485704,193489,"Running"
29915,"NIO-Worker",1419335702679193,65781,"R+"
29915,"NIO-Worker",1419335702744974,4532,"Running"
29915,"NIO-Worker",1419335702749506,213854,"S"
29915,"NIO-Worker",1419335702963360,35208,"R"
29915,"NIO-Worker",1419335702998568,26563,"Running"
29915,"NIO-Worker",1419335703025131,47343,"S"
29915,"NIO-Worker",1419335703072474,25261,"R"
29915,"NIO-Worker",1419335703097735,44583,"Running"
29915,"NIO-Worker",1419335703142318,68906,"S"
29915,"NIO-Worker",1419335703211224,28073,"R"
29915,"NIO-Worker",1419335703239297,579427,"Running"
29915,"NIO-Worker",1419335703818724,44219,"R"
29915,"NIO-Worker",1419335703862943,858281,"Running"
29915,"NIO-Worker",1419335704721224,41042,"R"
29915,"NIO-Worker",1419335704762266,114427,"Running"
29915,"NIO-Worker",1419335704876693,15886,"R"
29915,"NIO-Worker",1419335704892579,1319375,"Running"
29915,"NIO-Worker",1419335706211954,50156,"R+"
29915,"NIO-Worker",1419335706262110,288021,"Running"
29857,"nio-stream-prod",1419335706372787,98854,"R"
29857,"nio-stream-prod",1419335706471641,117240,"Running"
29844,"nio-webserver-r",1419335706494454,33645,"R"
29844,"nio-webserver-r",1419335706528099,184219,"Running"
29915,"NIO-Worker",1419335706550131,421400312,"S"
29857,"nio-stream-prod",1419335706588881,344687,"S"
29844,"nio-webserver-r",1419335706712318,69688,"R+"
29844,"nio-webserver-r",1419335706782006,66979,"Running"
29844,"nio-webserver-r",1419335706848985,12182396,"S"
29857,"nio-stream-prod",1419335706933568,37344,"R"
29857,"nio-stream-prod",1419335706970912,27812,"Running"
29857,"nio-stream-prod",1419335706998724,53907,"S"
29857,"nio-stream-prod",1419335707052631,17968,"R"
29857,"nio-stream-prod",1419335707070599,40625,"Running"
29857,"nio-stream-prod",1419335707111224,57032,"R+"
29857,"nio-stream-prod",1419335707168256,4019010,"Running"
29857,"nio-stream-prod",1419335711187266,43646,"R"
29857,"nio-stream-prod",1419335711230912,1599323,"Running"
29857,"nio-stream-prod",1419335712830235,8333,"R"
29857,"nio-stream-prod",1419335712838568,135000,"Running"
29857,"nio-stream-prod",1419335712973568,83281,"R"
29857,"nio-stream-prod",1419335713056849,6029375,"Running"
29844,"nio-webserver-r",1419335719031381,12916,"R"
29844,"nio-webserver-r",1419335719044297,356927,"Running"
29857,"nio-stream-prod",1419335719086224,42500,"S"
29857,"nio-stream-prod",1419335719128724,17813,"R"
29857,"nio-stream-prod",1419335719146537,180000,"Running"
29857,"nio-stream-prod",1419335719326537,51409635,"S"
29844,"nio-webserver-r",1419335719401224,33542,"R+"
29844,"nio-webserver-r",1419335719434766,149271,"Running"
29844,"nio-webserver-r",1419335719584037,33492135,"S"
29844,"nio-webserver-r",1419335753076172,61771,"R"
29844,"nio-webserver-r",1419335753137943,94219,"Running"
29844,"nio-webserver-r",1419335753232162,94844,"S"
29844,"nio-webserver-r",1419335753327006,43281,"R"
29844,"nio-webserver-r",1419335753370287,180937,"Running"
29844,"nio-webserver-r",1419335753551224,673594,"S"
29844,"nio-webserver-r",1419335754224818,19792,"R"
29844,"nio-webserver-r",1419335754244610,93489,"Running"
29844,"nio-webserver-r",1419335754338099,50782,"R"
29844,"nio-webserver-r",1419335754388881,94687,"Running"
29844,"nio-webserver-r",1419335754483568,135625,"R"
29844,"nio-webserver-r",1419335754619193,169688,"Running"
29847,"NIO-Worker",1419335754719037,100625,"R"
29844,"nio-webserver-r",1419335754788881,16030000,"S"
29847,"NIO-Worker",1419335754819662,363698,"Running"
29847,"NIO-Worker",1419335755183360,10518750,"S"
29847,"NIO-Worker",1419335765702110,25208,"R"
29847,"NIO-Worker",1419335765727318,222031,"Running"
29847,"NIO-Worker",1419335765949349,15469,"S"
29847,"NIO-Worker",1419335765964818,351719,"Running"
29847,"NIO-Worker",1419335766316537,141042,"S"
29847,"NIO-Worker",1419335766457579,47864,"R"
29847,"NIO-Worker",1419335766505443,37344,"Running"
29847,"NIO-Worker",1419335766542787,284531,"S"
29847,"NIO-Worker",1419335766827318,17656,"R"
29847,"NIO-Worker",1419335766844974,211250,"Running"
29847,"NIO-Worker",1419335767056224,495417,"S"
29847,"NIO-Worker",1419335767551641,12083,"R"
29847,"NIO-Worker",1419335767563724,29219,"Running"
29847,"NIO-Worker",1419335767592943,54063,"S"
29847,"NIO-Worker",1419335767647006,19218,"R"
29847,"NIO-Worker",1419335767666224,51094,"Running"
29847,"NIO-Worker",1419335767717318,63073,"S"
29847,"NIO-Worker",1419335767780391,21615,"R"
29847,"NIO-Worker",1419335767802006,2758750,"Running"
29847,"NIO-Worker",1419335770560756,25000,"S"
29847,"NIO-Worker",1419335770585756,30312,"R"
29847,"NIO-Worker",1419335770616068,247500,"Running"
29857,"nio-stream-prod",1419335770736172,33177,"R"
29857,"nio-stream-prod",1419335770769349,135782,"Running"
29844,"nio-webserver-r",1419335770818881,112500,"R"
29847,"NIO-Worker",1419335770863568,406093438,"S"
29857,"nio-stream-prod",1419335770905131,241510,"S"
29844,"nio-webserver-r",1419335770931381,290000,"Running"
29857,"nio-stream-prod",1419335771146641,24740,"R"
29857,"nio-stream-prod",1419335771171381,94062,"Running"
29844,"nio-webserver-r",1419335771221381,8692448,"S"
29857,"nio-stream-prod",1419335771265443,170417,"S"
29857,"nio-stream-prod",1419335771435860,14739,"R"
29857,"nio-stream-prod",1419335771450599,45469,"Running"
29857,"nio-stream-prod",1419335771496068,130156,"S"
29857,"nio-stream-prod",1419335771626224,18125,"R"
29857,"nio-stream-prod",1419335771644349,1284375,"Running"
29857,"nio-stream-prod",1419335772928724,95469,"R"
29857,"nio-stream-prod",1419335773024193,6357031,"Running"
29857,"nio-stream-prod",1419335779381224,106980,"R"
29857,"nio-stream-prod",1419335779488204,23906,"Running"
29857,"nio-stream-prod",1419335779512110,10364,"R"
29857,"nio-stream-prod",1419335779522474,474792,"Running"
29844,"nio-webserver-r",1419335779913829,13645,"R"
29844,"nio-webserver-r",1419335779927474,212448,"Running"
29857,"nio-stream-prod",1419335779997266,36302,"S"
29857,"nio-stream-prod",1419335780033568,18438,"R"
29857,"nio-stream-prod",1419335780052006,151093,"Running"
29844,"nio-webserver-r",1419335780139922,1927,"S"
29844,"nio-webserver-r",1419335780141849,61511,"R"
29857,"nio-stream-prod",1419335780203099,35051407,"S"
29844,"nio-webserver-r",1419335780203360,80208,"Running"
29844,"nio-webserver-r",1419335780283568,32188,"R"
29844,"nio-webserver-r",1419335780315756,156666,"Running"
29844,"nio-webserver-r",1419335780472422,27823594,"S"
29844,"nio-webserver-r",1419335808296016,36458,"R"
29844,"nio-webserver-r",1419335808332474,105105,"Running"
29844,"nio-webserver-r",1419335808437579,9739,"R+"
29844,"nio-webserver-r",1419335808447318,18698,"Running"
29844,"nio-webserver-r",1419335808466016,62083,"S"
29844,"nio-webserver-r",1419335808528099,25782,"R"
29844,"nio-webserver-r",1419335808553881,299687,"Running"
29844,"nio-webserver-r",1419335808853568,460313,"S"
29844,"nio-webserver-r",1419335809313881,47031,"R"
29844,"nio-webserver-r",1419335809360912,301094,"Running"
29898,"NIO-Worker",1419335809632318,12969,"R"
29898,"NIO-Worker",1419335809645287,450156,"Running"
29844,"nio-webserver-r",1419335809662006,5721406,"S"
29898,"NIO-Worker",1419335810095443,232344,"S"
29898,"NIO-Worker",1419335810327787,13437,"R"
29898,"NIO-Worker",1419335810341224,514844,"Running"
29898,"NIO-Worker",1419335810856068,173229,"S"
29898,"NIO-Worker",1419335811029297,18959,"R"
29898,"NIO-Worker",1419335811048256,37812,"Running"
29898,"NIO-Worker",1419335811086068,81250,"R+"
29898,"NIO-Worker",1419335811167318,4688,"Running"
29898,"NIO-Worker",1419335811172006,150937,"S"
29898,"NIO-Worker",1419335811322943,57761,"R"
29898,"NIO-Worker",1419335811380704,230989,"Running"
29898,"NIO-Worker",1419335811611693,223698,"S"
29898,"NIO-Worker",1419335811835391,18802,"R"
29898,"NIO-Worker",1419335811854193,40156,"Running"
29898,"NIO-Worker",1419335811894349,66563,"S"
29898,"NIO-Worker",1419335811960912,94531,"R"
29898,"NIO-Worker",1419335812055443,56563,"Running"
29898,"NIO-Worker",1419335812112006,68281,"S"
29898,"NIO-Worker",1419335812180287,39531,"R"
29898,"NIO-Worker",1419335812219818,646667,"Running"
29898,"NIO-Worker",1419335812866485,9687,"R"
29898,"NIO-Worker",1419335812876172,58646,"Running"
29898,"NIO-Worker",1419335812934818,101719,"R"
29898,"NIO-Worker",1419335813036537,349010,"Running"
29898,"NIO-Worker",1419335813385547,12552,"R"
29898,"NIO-Worker",1419335813398099,1713282,"Running"
29898,"NIO-Worker",1419335815111381,24843,"S"
29898,"NIO-Worker",1419335815136224,26042,"R"
29898,"NIO-Worker",1419335815162266,171094,"Running"
29857,"nio-stream-prod",1419335815254506,29218,"R"
29857,"nio-stream-prod",1419335815283724,142344,"Running"
29898,"NIO-Worker",1419335815333360,5469,"R"
29898,"NIO-Worker",1419335815338829,86458,"Running"
29844,"nio-webserver-r",1419335815383412,55000,"R"
29898,"NIO-Worker",1419335815425287,415393541,"S"
29857,"nio-stream-prod",1419335815426068,305781,"S"
29844,"nio-webserver-r",1419335815438412,319531,"Running"
29857,"nio-stream-prod",1419335815731849,29375,"R"
29844,"nio-webserver-r",1419335815757943,33229,"R+"
29857,"nio-stream-prod",1419335815761224,16719,"Running"
29857,"nio-stream-prod",1419335815777943,79531,"R+"
29844,"nio-webserver-r",1419335815791172,94740,"Running"
29857,"nio-stream-prod",1419335815857474,11407,"Running"
29857,"nio-stream-prod",1419335815868881,30260,"R"
29844,"nio-webserver-r",1419335815885912,14710312,"S"
29857,"nio-stream-prod",1419335815899141,34583,"Running"
29857,"nio-stream-prod",1419335815933724,55938,"R+"
29857,"nio-stream-prod",1419335815989662,4920885,"Running"
29857,"nio-stream-prod",1419335820910547,33334,"R"
29857,"nio-stream-prod",1419335820943881,9744062,"Running"
29844,"nio-webserver-r",1419335830596224,35938,"R"
29844,"nio-webserver-r",1419335830632162,239010,"Running"
29857,"nio-stream-prod",1419335830687943,56563,"S"
29857,"nio-stream-prod",1419335830744506,42968,"R"
29857,"nio-stream-prod",1419335830787474,214688,"Running"
29844,"nio-webserver-r",1419335830871172,10990,"R+"
29844,"nio-webserver-r",1419335830882162,260469,"Running"
29857,"nio-stream-prod",1419335831002162,52256719,"S"
29844,"nio-webserver-r",1419335831142631,38750,"R+"
29844,"nio-webserver-r",1419335831181381,60000,"Running"
29844,"nio-webserver-r",1419335831241381,32335573,"S"
29844,"nio-webserver-r",1419335863576954,36145,"R"
29844,"nio-webserver-r",1419335863613099,107188,"Running"
29844,"nio-webserver-r",1419335863720287,143594,"S"
29844,"nio-webserver-r",1419335863863881,52968,"R"
29844,"nio-webserver-r",1419335863916849,12032,"Running"
29844,"nio-webserver-r",1419335863928881,54166,"S"
29844,"nio-webserver-r",1419335863983047,9375,"R"
29844,"nio-webserver-r",1419335863992422,175365,"Running"
29844,"nio-webserver-r",1419335864167787,361875,"S"
29844,"nio-webserver-r",1419335864529662,52344,"R"
29844,"nio-webserver-r",1419335864582006,308385,"Running"
29905,"NIO-Worker",1419335864848516,39271,"R"
29905,"NIO-Worker",1419335864887787,333906,"Running"
29844,"nio-webserver-r",1419335864890391,18455156,"S"
29905,"NIO-Worker",1419335865221693,13079375,"S"
29905,"NIO-Worker",1419335878301068,23281,"R"
29905,"NIO-Worker",1419335878324349,500782,"Running"
29905,"NIO-Worker",1419335878825131,139375,"S"
29905,"NIO-Worker",1419335878964506,15156,"R"
29905,"NIO-Worker",1419335878979662,41562,"Running"
29905,"NIO-Worker",1419335879021224,221198,"S"
29905,"NIO-Worker",1419335879242422,14271,"R"
29905,"NIO-Worker",1419335879256693,179844,"Running"
29905,"NIO-Worker",1419335879436537,79010,"R"
29905,"NIO-Worker",1419335879515547,61771,"Running"
29905,"NIO-Worker",1419335879577318,335417,"S"
29905,"NIO-Worker",1419335879912735,16406,"R"
29905,"NIO-Worker",1419335879929141,41771,"Running"
29905,"NIO-Worker",1419335879970912,69948,"S"
29905,"NIO-Worker",1419335880040860,24896,"R"
29905,"NIO-Worker",1419335880065756,46718,"Running"
29905,"NIO-Worker",1419335880112474,23594,"R+"
29905,"NIO-Worker",1419335880136068,5469,"Running"
29905,"NIO-Worker",1419335880141537,24323,"S"
29905,"NIO-Worker",1419335880165860,10989,"R"
29905,"NIO-Worker",1419335880176849,2543542,"Running"
29905,"NIO-Worker",1419335882720391,47708,"R"
29905,"NIO-Worker",1419335882768099,60886,"Running"
29905,"NIO-Worker",1419335882828985,26458,"R"
29905,"NIO-Worker",1419335882855443,133125,"Running"
29905,"NIO-Worker",1419335882988568,12969,"R"
29905,"NIO-Worker",1419335883001537,125469,"Running"
29905,"NIO-Worker",1419335883127006,45885,"R+"
29905,"NIO-Worker",1419335883172891,207240,"Running"
29857,"nio-stream-prod",1419335883258881,11250,"R"
29857,"nio-stream-prod",1419335883270131,108073,"Running"
29844,"nio-webserver-r",1419335883345547,15209,"R"
29844,"nio-webserver-r",1419335883360756,230104,"Running"
29857,"nio-stream-prod",1419335883378204,238177,"S"
29905,"NIO-Worker",1419335883380131,397945937,"S"
29844,"nio-webserver-r",1419335883590860,22122864,"S"
29857,"nio-stream-prod",1419335883616381,17968,"R"
29857,"nio-stream-prod",1419335883634349,34844,"Running"
29857,"nio-stream-prod",1419335883669193,53906,"S"
29857,"nio-stream-prod",1419335883723099,19480,"R"
29857,"nio-stream-prod",1419335883742579,40520,"Running"
29857,"nio-stream-prod",1419335883783099,42657,"S"
29857,"nio-stream-prod",1419335883825756,13385,"R"
29857,"nio-stream-prod",1419335883839141,3236615,"Running"
29857,"nio-stream-prod",1419335887075756,78385,"R+"
29857,"nio-stream-prod",1419335887154141,5138802,"Running"
29857,"nio-stream-prod",1419335892292943,28906,"R"
29857,"nio-stream-prod",1419335892321849,3046563,"Running"
29857,"nio-stream-prod",1419335895368412,62292,"R"
29857,"nio-stream-prod",1419335895430704,701093,"Running"
29857,"nio-stream-prod",1419335896131797,112657,"R"
29857,"nio-stream-prod",1419335896244454,667083,"Running"
29857,"nio-stream-prod",1419335896911537,19062,"R"
29857,"nio-stream-prod",1419335896930599,7451980,"Running"
29857,"nio-stream-prod",1419335904382579,7864,"R"
29857,"nio-stream-prod",1419335904390443,1423854,"Running"
29844,"nio-webserver-r",1419335905713724,103907,"R"
29857,"nio-stream-prod",1419335905814297,10990,"R+"
29844,"nio-webserver-r",1419335905817631,505468,"Running"
29857,"nio-stream-prod",1419335905825287,20937,"Running"
29857,"nio-stream-prod",1419335905846224,21823,"S"
29857,"nio-stream-prod",1419335905868047,45000,"R"
29857,"nio-stream-prod",1419335905913047,294584,"Running"
29857,"nio-stream-prod",1419335906207631,5781,"S"
29857,"nio-stream-prod",1419335906213412,74948,"R"
29857,"nio-stream-prod",1419335906288360,122396,"Running"
29844,"nio-webserver-r",1419335906323099,9532,"S"
29844,"nio-webserver-r",1419335906332631,37968,"R"
29844,"nio-webserver-r",1419335906370599,281250,"Running"
29857,"nio-stream-prod",1419335906410756,18319375,"S"
29844,"nio-webserver-r",1419335906651849,6597969,"S"
29844,"nio-webserver-r",1419335913249818,76875,"R"
29844,"nio-webserver-r",1419335913326693,128125,"Running"
29844,"nio-webserver-r",1419335913454818,174531,"S"
29844,"nio-webserver-r",1419335913629349,52344,"R"
29844,"nio-webserver-r",1419335913681693,175938,"Running"
29844,"nio-webserver-r",1419335913857631,675937,"S"
29844,"nio-webserver-r",1419335914533568,51198,"R"
29844,"nio-webserver-r",1419335914584766,336094,"Running"
29908,"NIO-Worker",1419335914875912,21562,"R"
29908,"NIO-Worker",1419335914897474,424532,"Running"
29844,"nio-webserver-r",1419335914920860,9954896,"S"
29908,"NIO-Worker",1419335915322006,3967187,"S"
29908,"NIO-Worker",1419335919289193,26979,"R"
29908,"NIO-Worker",1419335919316172,359219,"Running"
29908,"NIO-Worker",1419335919675391,19583,"S"
29908,"NIO-Worker",1419335919694974,233230,"Running"
29908,"NIO-Worker",1419335919928204,131927,"S"
29908,"NIO-Worker",1419335920060131,15781,"R"
29908,"NIO-Worker",1419335920075912,38385,"Running"
29908,"NIO-Worker",1419335920114297,555313,"S"
29908,"NIO-Worker",1419335920669610,19375,"R"
29908,"NIO-Worker",1419335920688985,149687,"Running"
29908,"NIO-Worker",1419335920838672,36927,"R"
29908,"NIO-Worker",1419335920875599,106823,"Running"
29908,"NIO-Worker",1419335920982422,592709,"S"
29908,"NIO-Worker",1419335921575131,14635,"R"
29908,"NIO-Worker",1419335921589766,34427,"Running"
29908,"NIO-Worker",1419335921624193,47136,"S"
29908,"NIO-Worker",1419335921671329,17395,"R"
29908,"NIO-Worker",1419335921688724,51355,"Running"
29908,"NIO-Worker",1419335921740079,27031,"R+"
29908,"NIO-Worker",1419335921767110,5312,"Running"
29908,"NIO-Worker",1419335921772422,40782,"S"
29908,"NIO-Worker",1419335921813204,26093,"R"
29908,"NIO-Worker",1419335921839297,2730625,"Running"
29908,"NIO-Worker",1419335924569922,24740,"S"
29908,"NIO-Worker",1419335924594662,29635,"R"
29908,"NIO-Worker",1419335924624297,291771,"Running"
29857,"nio-stream-prod",1419335924730131,32031,"R"
29857,"nio-stream-prod",1419335924762162,162969,"Running"
29844,"nio-webserver-r",1419335924875756,40416,"R"
29908,"NIO-Worker",1419335924916068,409585156,"S"
29844,"nio-webserver-r",1419335924916172,243907,"Running"
29857,"nio-stream-prod",1419335924925131,25312,"R+"
29857,"nio-stream-prod",1419335924950443,15313,"Running"
29857,"nio-stream-prod",1419335924965756,406875,"S"
29844,"nio-webserver-r",1419335925160079,33230625,"S"
29857,"nio-stream-prod",1419335925372631,44635,"R"
29857,"nio-stream-prod",1419335925417266,37708,"Running"
29857,"nio-stream-prod",1419335925454974,53750,"S"
29857,"nio-stream-prod",1419335925508724,21719,"R"
29857,"nio-stream-prod",1419335925530443,37917,"Running"
29857,"nio-stream-prod",1419335925568360,46562,"S"
29857,"nio-stream-prod",1419335925614922,59896,"R"
29857,"nio-stream-prod",1419335925674818,3195625,"Running"
29857,"nio-stream-prod",1419335928870443,45573,"R"
29857,"nio-stream-prod",1419335928916016,459583,"Running"
29857,"nio-stream-prod",1419335929375599,77813,"R"
29857,"nio-stream-prod",1419335929453412,124219,"Running"
29857,"nio-stream-prod",1419335929577631,7187,"R"
29857,"nio-stream-prod",1419335929584818,7480781,"Running"
29857,"nio-stream-prod",1419335937065599,123907,"R"
29857,"nio-stream-prod",1419335937189506,639531,"Running"
29857,"nio-stream-prod",1419335937829037,128906,"R"
29857,"nio-stream-prod",1419335937957943,7373906,"Running"
29857,"nio-stream-prod",1419335945331849,147657,"R"
29857,"nio-stream-prod",1419335945479506,392656,"Running"
29857,"nio-stream-prod",1419335945872162,52604,"R+"
29857,"nio-stream-prod",1419335945924766,21771,"Running"
29857,"nio-stream-prod",1419335945946537,15417,"R"
29857,"nio-stream-prod",1419335945961954,840000,"Running"
29857,"nio-stream-prod",1419335946801954,30989,"R"
29857,"nio-stream-prod",1419335946832943,11634844,"Running"
29844,"nio-webserver-r",1419335958390704,19739,"R"
29844,"nio-webserver-r",1419335958410443,95156,"Running"
29857,"nio-stream-prod",1419335958467787,65469,"R+"
29844,"nio-webserver-r",1419335958505599,89167,"R"
29857,"nio-stream-prod",1419335958533256,287656,"Running"
29844,"nio-webserver-r",1419335958594766,489740,"Running"
29857,"nio-stream-prod",1419335958820912,22576875,"S"
29844,"nio-webserver-r",1419335959084506,4914010,"S"
29844,"nio-webserver-r",1419335963998516,28021,"R"
29844,"nio-webserver-r",1419335964026537,201198,"Running"
29844,"nio-webserver-r",1419335964227735,317552,"S"
29844,"nio-webserver-r",1419335964545287,30937,"R"
29844,"nio-webserver-r",1419335964576224,5573,"Running"
29844,"nio-webserver-r",1419335964581797,57552,"S"
29844,"nio-webserver-r",1419335964639349,9532,"R"
29844,"nio-webserver-r",1419335964648881,194062,"Running"
29844,"nio-webserver-r",1419335964842943,262917,"S"
29844,"nio-webserver-r",1419335965105860,100156,"R"
29844,"nio-webserver-r",1419335965206016,332396,"Running"
29911,"NIO-Worker",1419335965499037,22656,"R"
29911,"NIO-Worker",1419335965521693,417344,"Running"
29844,"nio-webserver-r",1419335965538412,15977812,"S"
29911,"NIO-Worker",1419335965939037,10111510,"S"
29911,"NIO-Worker",1419335976050547,16146,"R"
29911,"NIO-Worker",1419335976066693,460938,"Running"
29911,"NIO-Worker",1419335976527631,81093,"R+"
29911,"NIO-Worker",1419335976608724,5730,"Running"
29911,"NIO-Worker",1419335976614454,56770,"S"
29911,"NIO-Worker",1419335976671224,67917,"R"
29911,"NIO-Worker",1419335976739141,40677,"Running"
29911,"NIO-Worker",1419335976779818,246719,"S"
29911,"NIO-Worker",1419335977026537,35573,"R"
29911,"NIO-Worker",1419335977062110,217187,"Running"
29911,"NIO-Worker",1419335977279297,225521,"S"
29911,"NIO-Worker",1419335977504818,23438,"R"
29911,"NIO-Worker",1419335977528256,42760,"Running"
29911,"NIO-Worker",1419335977571016,71146,"S"
29911,"NIO-Worker",1419335977642162,22344,"R"
29911,"NIO-Worker",1419335977664506,44531,"Running"
29911,"NIO-Worker",1419335977709037,50469,"S"
29911,"NIO-Worker",1419335977759506,19843,"R"
29911,"NIO-Worker",1419335977779349,815000,"Running"
29911,"NIO-Worker",1419335978594349,280782,"R"
29911,"NIO-Worker",1419335978875131,554323,"Running"
29911,"NIO-Worker",1419335979429454,170520,"R"
29911,"NIO-Worker",1419335979599974,1530000,"Running"
29911,"NIO-Worker",1419335981129974,121875,"R+"
29911,"NIO-Worker",1419335981251849,321407,"Running"
29857,"nio-stream-prod",1419335981397787,168906,"R"
29844,"nio-webserver-r",1419335981516224,72448,"R"
29857,"nio-stream-prod",1419335981566693,146979,"Running"
29911,"NIO-Worker",1419335981573256,408394166,"S"
29844,"nio-webserver-r",1419335981588672,297344,"Running"
29857,"nio-stream-prod",1419335981713672,584688,"S"
29844,"nio-webserver-r",1419335981886016,10941875,"S"
29857,"nio-stream-prod",1419335982298360,30937,"R"
29857,"nio-stream-prod",1419335982329297,27031,"Running"
29857,"nio-stream-prod",1419335982356328,23594,"R+"
29857,"nio-stream-prod",1419335982379922,18646,"Running"
29857,"nio-stream-prod",1419335982398568,64688,"S"
29857,"nio-stream-prod",1419335982463256,22604,"R"
29857,"nio-stream-prod",1419335982485860,56458,"Running"
29857,"nio-stream-prod",1419335982542318,64063,"R+"
29857,"nio-stream-prod",1419335982606381,2336562,"Running"
29857,"nio-stream-prod",1419335984942943,24688,"R"
29857,"nio-stream-prod",1419335984967631,1951093,"Running"
29857,"nio-stream-prod",1419335986918724,78750,"R"
29857,"nio-stream-prod",1419335986997474,27813,"Running"
29857,"nio-stream-prod",1419335987025287,48125,"R+"
29857,"nio-stream-prod",1419335987073412,179479,"Running"
29857,"nio-stream-prod",1419335987252891,18594,"R"
29857,"nio-stream-prod",1419335987271485,82083,"Running"
29857,"nio-stream-prod",1419335987353568,54323,"R+"
29857,"nio-stream-prod",1419335987407891,454115,"Running"
29857,"nio-stream-prod",1419335987862006,114843,"R+"
29857,"nio-stream-prod",1419335987976849,3698594,"Running"
29857,"nio-stream-prod",1419335991675443,132813,"R"
29857,"nio-stream-prod",1419335991808256,1182760,"Running"
29844,"nio-webserver-r",1419335992827891,216562,"R"
29857,"nio-stream-prod",1419335992991016,112500,"R+"
29844,"nio-webserver-r",1419335993044453,405990,"Running"
29857,"nio-stream-prod",1419335993103516,247500,"Running"
29857,"nio-stream-prod",1419335993351016,31240521,"S"
29844,"nio-webserver-r",1419335993450443,24683125,"S"
29844,"nio-webserver-r",1419336018133568,83125,"R"
29844,"nio-webserver-r",1419336018216693,260104,"Running"
29844,"nio-webserver-r",1419336018476797,7709,"S"
29844,"nio-webserver-r",1419336018484506,53541,"R"
29844,"nio-webserver-r",1419336018538047,199740,"Running"
29844,"nio-webserver-r",1419336018737787,414219,"S"
29844,"nio-webserver-r",1419336019152006,45572,"R"
29844,"nio-webserver-r",1419336019197578,313490,"Running"
29913,"NIO-Worker",1419336019475599,17917,"R"
29913,"NIO-Worker",1419336019493516,776094,"Running"
29844,"nio-webserver-r",1419336019511068,5189063,"S"
29913,"NIO-Worker",1419336020269610,156927,"S"
29913,"NIO-Worker",1419336020426537,19531,"R"
29913,"NIO-Worker",1419336020446068,42500,"Running"
29913,"NIO-Worker",1419336020488568,20156,"R+"
29913,"NIO-Worker",1419336020508724,5313,"Running"
29913,"NIO-Worker",1419336020514037,228385,"S"
29913,"NIO-Worker",1419336020742422,15313,"R"
29913,"NIO-Worker",1419336020757735,260833,"Running"
29913,"NIO-Worker",1419336021018568,466667,"S"
29913,"NIO-Worker",1419336021485235,13333,"R"
29913,"NIO-Worker",1419336021498568,19063,"Running"
29913,"NIO-Worker",1419336021517631,50156,"S"
29913,"NIO-Worker",1419336021567787,16719,"R"
29913,"NIO-Worker",1419336021584506,51875,"Running"
29913,"NIO-Worker",1419336021636381,60416,"S"
29913,"NIO-Worker",1419336021696797,14427,"R"
29913,"NIO-Worker",1419336021711224,2750938,"Running"
29913,"NIO-Worker",1419336024462162,22135,"S"
29913,"NIO-Worker",1419336024484297,17240,"R"
29913,"NIO-Worker",1419336024501537,235573,"Running"
29857,"nio-stream-prod",1419336024591537,25937,"R"
29857,"nio-stream-prod",1419336024617474,125938,"Running"
29844,"nio-webserver-r",1419336024700131,15468,"R"
29844,"nio-webserver-r",1419336024715599,268750,"Running"
29913,"NIO-Worker",1419336024737110,420037500,"S"
29857,"nio-stream-prod",1419336024743412,293750,"S"
29844,"nio-webserver-r",1419336024984349,15961563,"S"
29857,"nio-stream-prod",1419336025037162,17500,"R"
29857,"nio-stream-prod",1419336025054662,39166,"Running"
29857,"nio-stream-prod",1419336025093828,51407,"S"
29857,"nio-stream-prod",1419336025145235,13802,"R"
29857,"nio-stream-prod",1419336025159037,41354,"Running"
29857,"nio-stream-prod",1419336025200391,45781,"S"
29857,"nio-stream-prod",1419336025246172,18959,"R"
29857,"nio-stream-prod",1419336025265131,4279479,"Running"
29857,"nio-stream-prod",1419336029544610,65833,"R+"
29857,"nio-stream-prod",1419336029610443,2405625,"Running"
29857,"nio-stream-prod",1419336032016068,34531,"R"
29857,"nio-stream-prod",1419336032050599,828594,"Running"
29857,"nio-stream-prod",1419336032879193,22813,"R"
29857,"nio-stream-prod",1419336032902006,1357135,"Running"
29857,"nio-stream-prod",1419336034259141,41875,"R"
29857,"nio-stream-prod",1419336034301016,9740,"Running"
29857,"nio-stream-prod",1419336034310756,11822,"R"
29857,"nio-stream-prod",1419336034322578,12813,"Running"
29857,"nio-stream-prod",1419336034335391,11719,"R"
29857,"nio-stream-prod",1419336034347110,9531,"Running"
29857,"nio-stream-prod",1419336034356641,24844,"R"
29857,"nio-stream-prod",1419336034381485,7812,"Running"
29857,"nio-stream-prod",1419336034389297,20677,"R"
29857,"nio-stream-prod",1419336034409974,96719,"Running"
29857,"nio-stream-prod",1419336034506693,18594,"R"
29857,"nio-stream-prod",1419336034525287,12500,"Running"
29857,"nio-stream-prod",1419336034537787,12760,"R+"
29857,"nio-stream-prod",1419336034550547,18177,"Running"
29857,"nio-stream-prod",1419336034568724,17500,"R"
29857,"nio-stream-prod",1419336034586224,9532,"Running"
29857,"nio-stream-prod",1419336034595756,13750,"R"
29857,"nio-stream-prod",1419336034609506,24791,"Running"
29857,"nio-stream-prod",1419336034634297,9427,"R"
29857,"nio-stream-prod",1419336034643724,55469,"Running"
29857,"nio-stream-prod",1419336034699193,11563,"R"
29857,"nio-stream-prod",1419336034710756,1298541,"Running"
29857,"nio-stream-prod",1419336036009297,9896,"R"
29857,"nio-stream-prod",1419336036019193,116719,"Running"
29857,"nio-stream-prod",1419336036135912,11666,"R"
29857,"nio-stream-prod",1419336036147578,838959,"Running"
29857,"nio-stream-prod",1419336036986537,92344,"R"
29857,"nio-stream-prod",1419336037078881,254062,"Running"
29857,"nio-stream-prod",1419336037332943,23542,"R"
29857,"nio-stream-prod",1419336037356485,702031,"Running"
29857,"nio-stream-prod",1419336038058516,1047396,"R"
29857,"nio-stream-prod",1419336039105912,151719,"Running"
29857,"nio-stream-prod",1419336039257631,194531,"R"
29857,"nio-stream-prod",1419336039452162,593698,"Running"
29857,"nio-stream-prod",1419336040045860,16562,"R"
29857,"nio-stream-prod",1419336040062422,9427,"Running"
29857,"nio-stream-prod",1419336040071849,8073,"R"
29857,"nio-stream-prod",1419336040079922,18802,"Running"
29857,"nio-stream-prod",1419336040098724,16250,"R+"
29857,"nio-stream-prod",1419336040114974,46407,"Running"
29857,"nio-stream-prod",1419336040161381,18593,"R"
29857,"nio-stream-prod",1419336040179974,727969,"Running"
29857,"nio-stream-prod",1419336040907943,33542,"R+"
29857,"nio-stream-prod",1419336040941485,81302,"Running"
29844,"nio-webserver-r",1419336040945912,153854,"R"
29857,"nio-stream-prod",1419336041022787,66719,"S"
29857,"nio-stream-prod",1419336041089506,17968,"R"
29844,"nio-webserver-r",1419336041099766,72083,"Running"
29857,"nio-stream-prod",1419336041107474,70000,"Running"
29844,"nio-webserver-r",1419336041171849,11719,"R+"
29857,"nio-stream-prod",1419336041177474,39876094,"S"
29844,"nio-webserver-r",1419336041183568,426563,"Running"
29844,"nio-webserver-r",1419336041610131,29953437,"S"
29844,"nio-webserver-r",1419336071563568,12656,"R"
29844,"nio-webserver-r",1419336071576224,140625,"Running"
29844,"nio-webserver-r",1419336071716849,233438,"S"
29844,"nio-webserver-r",1419336071950287,32656,"R"
29844,"nio-webserver-r",1419336071982943,184375,"Running"
29844,"nio-webserver-r",1419336072167318,326875,"S"
29844,"nio-webserver-r",1419336072494193,45000,"R"
29844,"nio-webserver-r",1419336072539193,319323,"Running"
29914,"NIO-Worker",1419336072823256,50000,"R"
29844,"nio-webserver-r",1419336072858516,8289271,"S"
29914,"NIO-Worker",1419336072873256,347812,"Running"
29914,"NIO-Worker",1419336073221068,2707917,"S"
29914,"NIO-Worker",1419336075928985,28333,"R"
29914,"NIO-Worker",1419336075957318,226354,"Running"
29914,"NIO-Worker",1419336076183672,22865,"S"
29914,"NIO-Worker",1419336076206537,13594,"R"
29914,"NIO-Worker",1419336076220131,121979,"Running"
29914,"NIO-Worker",1419336076342110,76875,"S"
29914,"NIO-Worker",1419336076418985,29531,"R"
29914,"NIO-Worker",1419336076448516,328333,"Running"
29914,"NIO-Worker",1419336076776849,183125,"S"
29914,"NIO-Worker",1419336076959974,40729,"R"
29914,"NIO-Worker",1419336077000703,26303,"Running"
29914,"NIO-Worker",1419336077027006,194218,"S"
29914,"NIO-Worker",1419336077221224,23282,"R"
29914,"NIO-Worker",1419336077244506,220781,"Running"
29914,"NIO-Worker",1419336077465287,30573,"R+"
29914,"NIO-Worker",1419336077495860,14271,"Running"
29914,"NIO-Worker",1419336077510131,220625,"S"
29914,"NIO-Worker",1419336077730756,18437,"R"
29914,"NIO-Worker",1419336077749193,18281,"Running"
29914,"NIO-Worker",1419336077767474,60729,"S"
29914,"NIO-Worker",1419336077828203,21875,"R"
29914,"NIO-Worker",1419336077850078,57240,"Running"
29914,"NIO-Worker",1419336077907318,62813,"S"
29914,"NIO-Worker",1419336077970131,17447,"R"
29914,"NIO-Worker",1419336077987578,566771,"Running"
29914,"NIO-Worker",1419336078554349,20729,"R"
29914,"NIO-Worker",1419336078575078,7813,"Running"
29914,"NIO-Worker",1419336078582891,228490,"R"
29914,"NIO-Worker",1419336078811381,552656,"Running"
29914,"NIO-Worker",1419336079364037,79010,"R"
29914,"NIO-Worker",1419336079443047,1437865,"Running"
29914,"NIO-Worker",1419336080880912,82187,"R+"
29914,"NIO-Worker",1419336080963099,231511,"Running"
29857,"nio-stream-prod",1419336081053568,28385,"R"
29857,"nio-stream-prod",1419336081081953,96928,"Running"
29844,"nio-webserver-r",1419336081147787,135312,"R"
29857,"nio-stream-prod",1419336081178881,93906,"R+"
29914,"NIO-Worker",1419336081194610,411688645,"S"
29857,"nio-stream-prod",1419336081272787,10312,"Running"
29844,"nio-webserver-r",1419336081283099,251823,"Running"
29857,"nio-stream-prod",1419336081283099,202969,"S"
29857,"nio-stream-prod",1419336081486068,51979,"R"
29844,"nio-webserver-r",1419336081534922,68177,"R+"
29857,"nio-stream-prod",1419336081538047,22344,"Running"
29857,"nio-stream-prod",1419336081560391,60677,"S"
29844,"nio-webserver-r",1419336081603099,54948,"Running"
29857,"nio-stream-prod",1419336081621068,11563,"R"
29857,"nio-stream-prod",1419336081632631,53281,"Running"
29844,"nio-webserver-r",1419336081658047,9807813,"S"
29857,"nio-stream-prod",1419336081685912,44948,"R+"
29857,"nio-stream-prod",1419336081730860,67239,"Running"
29857,"nio-stream-prod",1419336081798099,16719,"R"
29857,"nio-stream-prod",1419336081814818,270938,"Running"
29857,"nio-stream-prod",1419336082085756,35625,"R"
29857,"nio-stream-prod",1419336082121381,934375,"Running"
29857,"nio-stream-prod",1419336083055756,19375,"R"
29857,"nio-stream-prod",1419336083075131,4114843,"Running"
29857,"nio-stream-prod",1419336087189974,262761,"R"
29857,"nio-stream-prod",1419336087452735,491458,"Running"
29857,"nio-stream-prod",1419336087944193,146563,"R"
29857,"nio-stream-prod",1419336088090756,3464791,"Running"
29844,"nio-webserver-r",1419336091465860,13750,"R"
29844,"nio-webserver-r",1419336091479610,247396,"Running"
29857,"nio-stream-prod",1419336091555547,49740,"S"
29857,"nio-stream-prod",1419336091605287,31719,"R"
29857,"nio-stream-prod",1419336091637006,81250,"Running"
29857,"nio-stream-prod",1419336091718256,11093,"R"
29844,"nio-webserver-r",1419336091727006,326875,"R+"
29857,"nio-stream-prod",1419336091729349,225104,"Running"
29857,"nio-stream-prod",1419336091954453,204740,"S"
29844,"nio-webserver-r",1419336092053881,169843,"Running"
29857,"nio-stream-prod",1419336092159193,64531,"R"
29844,"nio-webserver-r",1419336092223724,26563,"S"
29857,"nio-stream-prod",1419336092223724,65782,"Running"
29844,"nio-webserver-r",1419336092250287,39219,"R"
29844,"nio-webserver-r",1419336092289506,11822,"Running"
29857,"nio-stream-prod",1419336092289506,40958750,"S"
29844,"nio-webserver-r",1419336092301328,45053,"R"
29844,"nio-webserver-r",1419336092346381,215000,"Running"
29844,"nio-webserver-r",1419336092561381,33690312,"S"
29844,"nio-webserver-r",1419336126251693,28698,"R"
29844,"nio-webserver-r",1419336126280391,327812,"Running"
29844,"nio-webserver-r",1419336126608203,255053,"S"
29844,"nio-webserver-r",1419336126863256,36354,"R"
29844,"nio-webserver-r",1419336126899610,10625,"Running"
29844,"nio-webserver-r",1419336126910235,17083,"S"
29844,"nio-webserver-r",1419336126927318,179792,"Running"
29844,"nio-webserver-r",1419336127107110,553021,"S"
29844,"nio-webserver-r",1419336127660131,27031,"R"
29844,"nio-webserver-r",1419336127687162,295469,"Running"
29915,"NIO-Worker",1419336127950443,26198,"R"
29915,"NIO-Worker",1419336127976641,548750,"Running"
29844,"nio-webserver-r",1419336127982631,5536093,"S"
29915,"NIO-Worker",1419336128525391,20521,"R"
29915,"NIO-Worker",1419336128545912,130729,"Running"
29915,"NIO-Worker",1419336128676641,276458,"S"
29915,"NIO-Worker",1419336128953099,7032,"R"
29915,"NIO-Worker",1419336128960131,25156,"Running"
29915,"NIO-Worker",1419336128985287,223698,"S"
29915,"NIO-Worker",1419336129208985,7083,"R"
29915,"NIO-Worker",1419336129216068,167292,"Running"
29915,"NIO-Worker",1419336129383360,235208,"R"
29915,"NIO-Worker",1419336129618568,47031,"Running"
29915,"NIO-Worker",1419336129665599,360417,"R+"
29915,"NIO-Worker",1419336130026016,9687,"Running"
29915,"NIO-Worker",1419336130035703,71303,"S"
29915,"NIO-Worker",1419336130107006,14531,"R"
29915,"NIO-Worker",1419336130121537,14375,"Running"
29915,"NIO-Worker",1419336130135912,52135,"R+"
29915,"NIO-Worker",1419336130188047,46563,"Running"
29915,"NIO-Worker",1419336130234610,46146,"R+"
29915,"NIO-Worker",1419336130280756,142916,"Running"
29915,"NIO-Worker",1419336130423672,40938,"R+"
29915,"NIO-Worker",1419336130464610,113177,"Running"
29915,"NIO-Worker",1419336130577787,67969,"R"
29915,"NIO-Worker",1419336130645756,199843,"Running"
29915,"NIO-Worker",1419336130845599,9167,"R"
29915,"NIO-Worker",1419336130854766,114844,"Running"
29915,"NIO-Worker",1419336130969610,13281,"R"
29915,"NIO-Worker",1419336130982891,764271,"Running"
29915,"NIO-Worker",1419336131747162,54687,"R"
29915,"NIO-Worker",1419336131801849,1282657,"Running"
29915,"NIO-Worker",1419336133084506,35781,"R+"
29915,"NIO-Worker",1419336133120287,15156,"Running"
29915,"NIO-Worker",1419336133135443,40313,"R+"
29915,"NIO-Worker",1419336133175756,93541,"Running"
29857,"nio-stream-prod",1419336133248256,87031,"R"
29915,"NIO-Worker",1419336133269297,88177,"R"
29857,"nio-stream-prod",1419336133335287,127656,"Running"
29915,"NIO-Worker",1419336133357474,40625,"Running"
29915,"NIO-Worker",1419336133398099,65469,"R"
29857,"nio-stream-prod",1419336133462943,293750,"R+"
29915,"NIO-Worker",1419336133463568,80469,"Running"
29844,"nio-webserver-r",1419336133518724,25313,"R"
29844,"nio-webserver-r",1419336133544037,18541,"Running"
29915,"NIO-Worker",1419336133544037,411734218,"S"
29844,"nio-webserver-r",1419336133562578,66771,"R+"
29844,"nio-webserver-r",1419336133629349,214375,"Running"
29857,"nio-stream-prod",1419336133756693,35729,"Running"
29857,"nio-stream-prod",1419336133792422,47396,"S"
29857,"nio-stream-prod",1419336133839818,37344,"R"
29844,"nio-webserver-r",1419336133843724,17052136,"S"
29857,"nio-stream-prod",1419336133877162,40312,"Running"
29857,"nio-stream-prod",1419336133917474,13125,"R+"
29857,"nio-stream-prod",1419336133930599,8907,"Running"
29857,"nio-stream-prod",1419336133939506,25572,"S"
29857,"nio-stream-prod",1419336133965078,17709,"R"
29857,"nio-stream-prod",1419336133982787,909219,"Running"
29857,"nio-stream-prod",1419336134892006,7812,"R"
29857,"nio-stream-prod",1419336134899818,1984844,"Running"
29857,"nio-stream-prod",1419336136884662,59219,"R"
29857,"nio-stream-prod",1419336136943881,977968,"Running"
29857,"nio-stream-prod",1419336137921849,85157,"R"
29857,"nio-stream-prod",1419336138007006,2043697,"Running"
29857,"nio-stream-prod",1419336140050703,50625,"R"
29857,"nio-stream-prod",1419336140101328,1585365,"Running"
29857,"nio-stream-prod",1419336141686693,18750,"R"
29857,"nio-stream-prod",1419336141705443,21354,"Running"
29857,"nio-stream-prod",1419336141726797,9115,"R"
29857,"nio-stream-prod",1419336141735912,4311562,"Running"
29857,"nio-stream-prod",1419336146047474,21667,"R"
29857,"nio-stream-prod",1419336146069141,8594,"Running"
29857,"nio-stream-prod",1419336146077735,45000,"R"
29857,"nio-stream-prod",1419336146122735,4826302,"Running"
29844,"nio-webserver-r",1419336150895860,12552,"R"
29844,"nio-webserver-r",1419336150908412,161875,"Running"
29857,"nio-stream-prod",1419336150949037,62187,"R+"
29857,"nio-stream-prod",1419336151011224,197188,"Running"
29844,"nio-webserver-r",1419336151070287,28281,"R+"
29844,"nio-webserver-r",1419336151098568,156667,"Running"
29857,"nio-stream-prod",1419336151208412,16875,"S"
29857,"nio-stream-prod",1419336151225287,4531,"Running"
29857,"nio-stream-prod",1419336151229818,14063,"S"
29857,"nio-stream-prod",1419336151243881,50260,"Running"
29844,"nio-webserver-r",1419336151255235,4531,"S"
29844,"nio-webserver-r",1419336151259766,16771,"R"
29844,"nio-webserver-r",1419336151276537,223750,"Running"
29857,"nio-stream-prod",1419336151294141,31444844,"S"
29844,"nio-webserver-r",1419336151500287,24526354,"S"
29844,"nio-webserver-r",1419336176026641,40990,"R"
29844,"nio-webserver-r",1419336176067631,125572,"Running"
29844,"nio-webserver-r",1419336176193203,26459,"S"
29844,"nio-webserver-r",1419336176219662,22812,"R"
29844,"nio-webserver-r",1419336176242474,8125,"Running"
29844,"nio-webserver-r",1419336176250599,15104,"S"
29844,"nio-webserver-r",1419336176265703,145209,"Running"
29844,"nio-webserver-r",1419336176410912,289531,"S"
29844,"nio-webserver-r",1419336176700443,24167,"R"
29844,"nio-webserver-r",1419336176724610,264739,"Running"
29847,"NIO-Worker",1419336176957006,17604,"R"
29847,"NIO-Worker",1419336176974610,285937,"Running"
29844,"nio-webserver-r",1419336176989349,5837969,"S"
29847,"NIO-Worker",1419336177260547,1289844,"S"
29847,"NIO-Worker",1419336178550391,141458,"R"
29847,"NIO-Worker",1419336178691849,166094,"Running"
29847,"NIO-Worker",1419336178857943,23750,"S"
29847,"NIO-Worker",1419336178881693,222344,"Running"
29847,"NIO-Worker",1419336179104037,202291,"S"
29847,"NIO-Worker",1419336179306328,23178,"R"
29847,"NIO-Worker",1419336179329506,34375,"Running"
29847,"NIO-Worker",1419336179363881,180156,"S"
29847,"NIO-Worker",1419336179544037,12187,"R"
29847,"NIO-Worker",1419336179556224,181407,"Running"
29847,"NIO-Worker",1419336179737631,90000,"R+"
29847,"NIO-Worker",1419336179827631,7500,"Running"
29847,"NIO-Worker",1419336179835131,84010,"S"
29847,"NIO-Worker",1419336179919141,10833,"R"
29847,"NIO-Worker",1419336179929974,18907,"Running"
29847,"NIO-Worker",1419336179948881,45885,"S"
29847,"NIO-Worker",1419336179994766,17083,"R"
29847,"NIO-Worker",1419336180011849,35157,"Running"
29847,"NIO-Worker",1419336180047006,40781,"S"
29847,"NIO-Worker",1419336180087787,14791,"R"
29847,"NIO-Worker",1419336180102578,2510313,"Running"
29847,"NIO-Worker",1419336182612891,16875,"R+"
29847,"NIO-Worker",1419336182629766,6615,"Running"
29847,"NIO-Worker",1419336182636381,416,"S"
29847,"NIO-Worker",1419336182636797,15625,"R"
29847,"NIO-Worker",1419336182652422,215781,"Running"
29857,"nio-stream-prod",1419336182738985,15833,"R"
29857,"nio-stream-prod",1419336182754818,94010,"Running"
29844,"nio-webserver-r",1419336182827318,40885,"R"
29857,"nio-stream-prod",1419336182848828,315938,"S"
29844,"nio-webserver-r",1419336182868203,207032,"Running"
29847,"NIO-Worker",1419336182868203,420274063,"S"
29844,"nio-webserver-r",1419336183075235,24623177,"S"
29857,"nio-stream-prod",1419336183164766,24583,"R"
29857,"nio-stream-prod",1419336183189349,22032,"Running"
29857,"nio-stream-prod",1419336183211381,46354,"S"
29857,"nio-stream-prod",1419336183257735,15364,"R"
29857,"nio-stream-prod",1419336183273099,33125,"Running"
29857,"nio-stream-prod",1419336183306224,42344,"S"
29857,"nio-stream-prod",1419336183348568,24531,"R"
29857,"nio-stream-prod",1419336183373099,1491875,"Running"
29857,"nio-stream-prod",1419336184864974,47032,"R"
29857,"nio-stream-prod",1419336184912006,1958385,"Running"
29857,"nio-stream-prod",1419336186870391,17708,"R"
29857,"nio-stream-prod",1419336186888099,10938,"Running"
29857,"nio-stream-prod",1419336186899037,12656,"R"
29857,"nio-stream-prod",1419336186911693,41406,"Running"
29857,"nio-stream-prod",1419336186953099,29375,"R+"
29857,"nio-stream-prod",1419336186982474,111407,"Running"
29857,"nio-stream-prod",1419336187093881,14218,"R"
29857,"nio-stream-prod",1419336187108099,112917,"Running"
29857,"nio-stream-prod",1419336187221016,26615,"R"
29857,"nio-stream-prod",1419336187247631,205468,"Running"
29857,"nio-stream-prod",1419336187453099,189844,"R"
29857,"nio-stream-prod",1419336187642943,90781,"Running"
29857,"nio-stream-prod",1419336187733724,84636,"R"
29857,"nio-stream-prod",1419336187818360,1044062,"Running"
29857,"nio-stream-prod",1419336188862422,9427,"R"
29857,"nio-stream-prod",1419336188871849,6752292,"Running"
29857,"nio-stream-prod",1419336195624141,13021,"R"
29857,"nio-stream-prod",1419336195637162,166719,"Running"
29857,"nio-stream-prod",1419336195803881,8593,"R"
29857,"nio-stream-prod",1419336195812474,154063,"Running"
29857,"nio-stream-prod",1419336195966537,8229,"R"
29857,"nio-stream-prod",1419336195974766,779115,"Running"
29857,"nio-stream-prod",1419336196753881,21093,"R"
29857,"nio-stream-prod",1419336196774974,99219,"Running"
29857,"nio-stream-prod",1419336196874193,16042,"R"
29857,"nio-stream-prod",1419336196890235,25521,"Running"
29857,"nio-stream-prod",1419336196915756,11562,"R"
29857,"nio-stream-prod",1419336196927318,1010729,"Running"
29857,"nio-stream-prod",1419336197938047,19271,"R"
29857,"nio-stream-prod",1419336197957318,1592760,"Running"
29857,"nio-stream-prod",1419336199550078,18021,"R"
29857,"nio-stream-prod",1419336199568099,1311823,"Running"
29857,"nio-stream-prod",1419336200879922,35052,"R"
29857,"nio-stream-prod",1419336200914974,3355261,"Running"
29857,"nio-stream-prod",1419336204270235,46145,"R"
29857,"nio-stream-prod",1419336204316380,2188542,"Running"
29857,"nio-stream-prod",1419336206504922,76719,"R"
29857,"nio-stream-prod",1419336206581641,1166927,"Running"
29844,"nio-webserver-r",1419336207698412,21718,"R"
29844,"nio-webserver-r",1419336207720130,253594,"Running"
29857,"nio-stream-prod",1419336207748568,57031,"S"
29857,"nio-stream-prod",1419336207805599,29479,"R"
29857,"nio-stream-prod",1419336207835078,40625,"Running"
29857,"nio-stream-prod",1419336207875703,28959,"R"
29857,"nio-stream-prod",1419336207904662,135937,"Running"
29844,"nio-webserver-r",1419336207973724,12813,"R+"
29844,"nio-webserver-r",1419336207986537,138698,"Running"
29857,"nio-stream-prod",1419336208040599,13698,"S"
29857,"nio-stream-prod",1419336208054297,35052,"R"
29857,"nio-stream-prod",1419336208089349,128125,"Running"
29844,"nio-webserver-r",1419336208125235,22343,"S"
29844,"nio-webserver-r",1419336208147578,199375,"Running"
29857,"nio-stream-prod",1419336208217474,27248698,"S"
29844,"nio-webserver-r",1419336208346953,21123021,"S"
29844,"nio-webserver-r",1419336229469974,32813,"R"
29844,"nio-webserver-r",1419336229502787,195937,"Running"
29844,"nio-webserver-r",1419336229698724,69375,"S"
29844,"nio-webserver-r",1419336229768099,109531,"R"
29844,"nio-webserver-r",1419336229877630,170000,"Running"
29844,"nio-webserver-r",1419336230047630,508594,"S"
29844,"nio-webserver-r",1419336230556224,56875,"R"
29844,"nio-webserver-r",1419336230613099,228906,"Running"
29898,"NIO-Worker",1419336230818828,15677,"R"
29898,"NIO-Worker",1419336230834505,310938,"Running"
29844,"nio-webserver-r",1419336230842005,4691563,"S"
29898,"NIO-Worker",1419336231145443,18125,"S"
29898,"NIO-Worker",1419336231163568,177969,"Running"
29898,"NIO-Worker",1419336231341537,109843,"S"
29898,"NIO-Worker",1419336231451380,12657,"R"
29898,"NIO-Worker",1419336231464037,251041,"Running"
29898,"NIO-Worker",1419336231715078,130625,"S"
29898,"NIO-Worker",1419336231845703,15677,"R"
29898,"NIO-Worker",1419336231861380,41250,"Running"
29898,"NIO-Worker",1419336231902630,46198,"R+"
29898,"NIO-Worker",1419336231948828,9896,"Running"
29898,"NIO-Worker",1419336231958724,185938,"S"
29898,"NIO-Worker",1419336232144662,24791,"R"
29898,"NIO-Worker",1419336232169453,195209,"Running"
29898,"NIO-Worker",1419336232364662,242916,"S"
29898,"NIO-Worker",1419336232607578,23177,"R"
29898,"NIO-Worker",1419336232630755,34844,"Running"
29898,"NIO-Worker",1419336232665599,59844,"S"
29898,"NIO-Worker",1419336232725443,18594,"R"
29898,"NIO-Worker",1419336232744037,43437,"Running"
29898,"NIO-Worker",1419336232787474,56563,"S"
29898,"NIO-Worker",1419336232844037,63385,"R"
29898,"NIO-Worker",1419336232907422,2422240,"Running"
29898,"NIO-Worker",1419336235329662,16979,"S"
29898,"NIO-Worker",1419336235346641,42083,"R"
29898,"NIO-Worker",1419336235388724,191250,"Running"
29857,"nio-stream-prod",1419336235466172,12865,"R"
29857,"nio-stream-prod",1419336235479037,101093,"Running"
29844,"nio-webserver-r",1419336235533568,47031,"R"
29898,"NIO-Worker",1419336235579974,417187135,"S"
29857,"nio-stream-prod",1419336235580130,224948,"S"
29844,"nio-webserver-r",1419336235580599,241354,"Running"
29857,"nio-stream-prod",1419336235805078,19740,"R"
29844,"nio-webserver-r",1419336235821953,57240,"R+"
29857,"nio-stream-prod",1419336235824818,28750,"Running"
29857,"nio-stream-prod",1419336235853568,41354,"S"
29844,"nio-webserver-r",1419336235879193,53125,"Running"
29857,"nio-stream-prod",1419336235894922,17552,"R"
29857,"nio-stream-prod",1419336235912474,42656,"Running"
29844,"nio-webserver-r",1419336235932318,31319219,"S"
29857,"nio-stream-prod",1419336235955130,39063,"S"
29857,"nio-stream-prod",1419336235994193,45625,"R"
29857,"nio-stream-prod",1419336236039818,1552656,"Running"
29857,"nio-stream-prod",1419336237592474,28698,"R"
29857,"nio-stream-prod",1419336237621172,26458,"Running"
29857,"nio-stream-prod",1419336237647630,8907,"R"
29857,"nio-stream-prod",1419336237656537,82500,"Running"
29857,"nio-stream-prod",1419336237739037,6354,"R"
29857,"nio-stream-prod",1419336237745391,7460677,"Running"
29857,"nio-stream-prod",1419336245206068,227917,"R"
29857,"nio-stream-prod",1419336245433985,469843,"Running"
29857,"nio-stream-prod",1419336245903828,101459,"R"
29857,"nio-stream-prod",1419336246005287,1030573,"Running"
29857,"nio-stream-prod",1419336247035860,35625,"R"
29857,"nio-stream-prod",1419336247071485,18958,"Running"
29857,"nio-stream-prod",1419336247090443,29167,"R"
29857,"nio-stream-prod",1419336247119610,1802708,"Running"
29857,"nio-stream-prod",1419336248922318,10781,"R"
29857,"nio-stream-prod",1419336248933099,5345313,"Running"
29857,"nio-stream-prod",1419336254278412,127604,"R"
29857,"nio-stream-prod",1419336254406016,12983437,"Running"
29844,"nio-webserver-r",1419336267251537,78593,"R"
29844,"nio-webserver-r",1419336267330130,364480,"Running"
29857,"nio-stream-prod",1419336267389453,53959,"R+"
29857,"nio-stream-prod",1419336267443412,142656,"Running"
29857,"nio-stream-prod",1419336267586068,25781562,"S"
29844,"nio-webserver-r",1419336267694610,12522187,"S"
29844,"nio-webserver-r",1419336280216797,9063,"R"
29844,"nio-webserver-r",1419336280225860,95833,"Running"
29844,"nio-webserver-r",1419336280321693,163594,"S"
29844,"nio-webserver-r",1419336280485287,47656,"R"
29844,"nio-webserver-r",1419336280532943,120000,"Running"
29844,"nio-webserver-r",1419336280652943,15260,"R"
29844,"nio-webserver-r",1419336280668203,58490,"Running"
29844,"nio-webserver-r",1419336280726693,316562,"S"
29844,"nio-webserver-r",1419336281043255,46407,"R"
29844,"nio-webserver-r",1419336281089662,274062,"Running"
29905,"NIO-Worker",1419336281326068,79687,"R"
29844,"nio-webserver-r",1419336281363724,12164375,"S"
29905,"NIO-Worker",1419336281405755,292448,"Running"
29905,"NIO-Worker",1419336281698203,6764688,"S"
29905,"NIO-Worker",1419336288462891,26302,"R"
29905,"NIO-Worker",1419336288489193,221094,"Running"
29905,"NIO-Worker",1419336288710287,16562,"S"
29905,"NIO-Worker",1419336288726849,106042,"Running"
29905,"NIO-Worker",1419336288832891,40364,"R"
29905,"NIO-Worker",1419336288873255,249375,"Running"
29905,"NIO-Worker",1419336289122630,83907,"R+"
29905,"NIO-Worker",1419336289206537,8281,"Running"
29905,"NIO-Worker",1419336289214818,28854,"S"
29905,"NIO-Worker",1419336289243672,44583,"R"
29905,"NIO-Worker",1419336289288255,55938,"Running"
29905,"NIO-Worker",1419336289344193,8437,"R+"
29905,"NIO-Worker",1419336289352630,10157,"Running"
29905,"NIO-Worker",1419336289362787,168385,"S"
29905,"NIO-Worker",1419336289531172,54896,"R"
29905,"NIO-Worker",1419336289586068,231719,"Running"
29905,"NIO-Worker",1419336289817787,228073,"S"
29905,"NIO-Worker",1419336290045860,14895,"R"
29905,"NIO-Worker",1419336290060755,19948,"Running"
29905,"NIO-Worker",1419336290080703,45469,"S"
29905,"NIO-Worker",1419336290126172,44427,"R"
29905,"NIO-Worker",1419336290170599,58854,"Running"
29905,"NIO-Worker",1419336290229453,64740,"S"
29905,"NIO-Worker",1419336290294193,31042,"R"
29905,"NIO-Worker",1419336290325235,2428020,"Running"
29905,"NIO-Worker",1419336292753255,24219,"R+"
29905,"NIO-Worker",1419336292777474,6667,"Running"
29905,"NIO-Worker",1419336292784141,21146,"S"
29905,"NIO-Worker",1419336292805287,47343,"Running"
29905,"NIO-Worker",1419336292852630,74375,"R+"
29905,"NIO-Worker",1419336292927005,96563,"Running"
29905,"NIO-Worker",1419336293023568,260000,"R"
29905,"NIO-Worker",1419336293283568,7500,"Running"
29905,"NIO-Worker",1419336293291068,31875,"R"
29905,"NIO-Worker",1419336293322943,258281,"Running"
29857,"nio-stream-prod",1419336293367630,22917,"R"
29857,"nio-stream-prod",1419336293390547,101458,"Running"
29857,"nio-stream-prod",1419336293492005,33907,"R+"
29857,"nio-stream-prod",1419336293525912,12135,"Running"
29844,"nio-webserver-r",1419336293528099,185938,"R"
29857,"nio-stream-prod",1419336293538047,227396,"S"
29905,"NIO-Worker",1419336293581224,412001875,"S"
29844,"nio-webserver-r",1419336293714037,193125,"Running"
29857,"nio-stream-prod",1419336293765443,36094,"R"
29857,"nio-stream-prod",1419336293801537,29010,"Running"
29857,"nio-stream-prod",1419336293830547,61563,"S"
29857,"nio-stream-prod",1419336293892110,18020,"R"
29844,"nio-webserver-r",1419336293907162,11821093,"S"
29857,"nio-stream-prod",1419336293910130,62500,"Running"
29857,"nio-stream-prod",1419336293972630,40573,"S"
29857,"nio-stream-prod",1419336294013203,34896,"R"
29857,"nio-stream-prod",1419336294048099,69063,"Running"
29857,"nio-stream-prod",1419336294117162,32187,"R"
29857,"nio-stream-prod",1419336294149349,1932500,"Running"
29857,"nio-stream-prod",1419336296081849,71979,"R"
29857,"nio-stream-prod",1419336296153828,4773282,"Running"
29857,"nio-stream-prod",1419336300927110,10052,"R"
29857,"nio-stream-prod",1419336300937162,2576406,"Running"
29857,"nio-stream-prod",1419336303513568,189635,"R"
29857,"nio-stream-prod",1419336303703203,635990,"Running"
29857,"nio-stream-prod",1419336304339193,82969,"R"
29857,"nio-stream-prod",1419336304422162,1361354,"Running"
29844,"nio-webserver-r",1419336305728255,20886,"R"
29844,"nio-webserver-r",1419336305749141,199427,"Running"
29857,"nio-stream-prod",1419336305783516,47864,"R+"
29857,"nio-stream-prod",1419336305831380,233386,"Running"
29844,"nio-webserver-r",1419336305948568,31042,"R+"
29844,"nio-webserver-r",1419336305979610,191458,"Running"
29857,"nio-stream-prod",1419336306064766,32552,"S"
29857,"nio-stream-prod",1419336306097318,47031,"R"
29857,"nio-stream-prod",1419336306144349,92969,"Running"
29844,"nio-webserver-r",1419336306171068,4635,"S"
29844,"nio-webserver-r",1419336306175703,23438,"R"
29844,"nio-webserver-r",1419336306199141,205364,"Running"
29857,"nio-stream-prod",1419336306237318,35753698,"S"
29844,"nio-webserver-r",1419336306404505,27047500,"S"
29844,"nio-webserver-r",1419336333452005,36719,"R"
29844,"nio-webserver-r",1419336333488724,126250,"Running"
29844,"nio-webserver-r",1419336333614974,70938,"S"
29844,"nio-webserver-r",1419336333685912,49687,"R"
29844,"nio-webserver-r",1419336333735599,176875,"Running"
29844,"nio-webserver-r",1419336333912474,346823,"S"
29844,"nio-webserver-r",1419336334259297,45781,"R"
29844,"nio-webserver-r",1419336334305078,220469,"Running"
29908,"NIO-Worker",1419336334501224,12031,"R"
29908,"NIO-Worker",1419336334513255,285261,"Running"
29844,"nio-webserver-r",1419336334525547,7564896,"S"
29908,"NIO-Worker",1419336334798516,2300989,"S"
29908,"NIO-Worker",1419336337099505,41250,"R"
29908,"NIO-Worker",1419336337140755,255625,"Running"
29908,"NIO-Worker",1419336337396380,9323,"S"
29908,"NIO-Worker",1419336337405703,56302,"R"
29908,"NIO-Worker",1419336337462005,172657,"Running"
29908,"NIO-Worker",1419336337634662,200781,"R"
29908,"NIO-Worker",1419336337835443,157656,"Running"
29908,"NIO-Worker",1419336337993099,137448,"S"
29908,"NIO-Worker",1419336338130547,10365,"R"
29908,"NIO-Worker",1419336338140912,22656,"Running"
29908,"NIO-Worker",1419336338163568,207656,"R+"
29908,"NIO-Worker",1419336338371224,194688,"Running"
29908,"NIO-Worker",1419336338565912,66041,"R+"
29908,"NIO-Worker",1419336338631953,12240,"Running"
29908,"NIO-Worker",1419336338644193,131562,"S"
29908,"NIO-Worker",1419336338775755,23230,"R"
29908,"NIO-Worker",1419336338798985,15937,"Running"
29908,"NIO-Worker",1419336338814922,34271,"S"
29908,"NIO-Worker",1419336338849193,12187,"R"
29908,"NIO-Worker",1419336338861380,54636,"Running"
29908,"NIO-Worker",1419336338916016,57500,"R+"
29908,"NIO-Worker",1419336338973516,2803958,"Running"
29908,"NIO-Worker",1419336341777474,20781,"R+"
29908,"NIO-Worker",1419336341798255,6719,"Running"
29908,"NIO-Worker",1419336341804974,69531,"S"
29908,"NIO-Worker",1419336341874505,8073,"R"
29908,"NIO-Worker",1419336341882578,245157,"Running"
29857,"nio-stream-prod",1419336341991016,35521,"R"
29857,"nio-stream-prod",1419336342026537,122500,"Running"
29844,"nio-webserver-r",1419336342090443,14323,"R"
29844,"nio-webserver-r",1419336342104766,215208,"Running"
29908,"NIO-Worker",1419336342127735,416368020,"S"
29857,"nio-stream-prod",1419336342149037,435468,"S"
29844,"nio-webserver-r",1419336342319974,6220729,"S"
29857,"nio-stream-prod",1419336342584505,16094,"R"
29857,"nio-stream-prod",1419336342600599,41042,"Running"
29857,"nio-stream-prod",1419336342641641,42344,"S"
29857,"nio-stream-prod",1419336342683985,20677,"R"
29857,"nio-stream-prod",1419336342704662,47031,"Running"
29857,"nio-stream-prod",1419336342751693,44635,"S"
29857,"nio-stream-prod",1419336342796328,22396,"R"
29857,"nio-stream-prod",1419336342818724,651719,"Running"
29857,"nio-stream-prod",1419336343470443,30104,"R"
29857,"nio-stream-prod",1419336343500547,2533021,"Running"
29857,"nio-stream-prod",1419336346033568,23281,"R+"
29857,"nio-stream-prod",1419336346056849,9219,"Running"
29857,"nio-stream-prod",1419336346066068,45000,"R+"
29857,"nio-stream-prod",1419336346111068,2485781,"Running"
29844,"nio-webserver-r",1419336348540703,13438,"R"
29844,"nio-webserver-r",1419336348554141,387396,"Running"
29857,"nio-stream-prod",1419336348596849,47813,"S"
29857,"nio-stream-prod",1419336348644662,14218,"R"
29857,"nio-stream-prod",1419336348658880,118282,"Running"
29857,"nio-stream-prod",1419336348777162,47673541,"S"
29844,"nio-webserver-r",1419336348941537,39111823,"S"
29844,"nio-webserver-r",1419336388053360,30781,"R"
29844,"nio-webserver-r",1419336388084141,129844,"Running"
29844,"nio-webserver-r",1419336388213985,34270,"S"
29844,"nio-webserver-r",1419336388248255,54219,"R"
29844,"nio-webserver-r",1419336388302474,14219,"Running"
29844,"nio-webserver-r",1419336388316693,122969,"S"
29844,"nio-webserver-r",1419336388439662,99166,"R"
29844,"nio-webserver-r",1419336388538828,139219,"Running"
29844,"nio-webserver-r",1419336388678047,884271,"S"
29844,"nio-webserver-r",1419336389562318,97031,"R"
29844,"nio-webserver-r",1419336389659349,385469,"Running"
29911,"NIO-Worker",1419336389967422,74844,"R"
29911,"NIO-Worker",1419336390042266,212396,"Running"
29844,"nio-webserver-r",1419336390044818,6491562,"S"
29911,"NIO-Worker",1419336390254662,1446093,"S"
29911,"NIO-Worker",1419336391700755,34219,"R"
29911,"NIO-Worker",1419336391734974,256875,"Running"
29911,"NIO-Worker",1419336391991849,10625,"S"
29911,"NIO-Worker",1419336392002474,23438,"R"
29911,"NIO-Worker",1419336392025912,316510,"Running"
29911,"NIO-Worker",1419336392342422,110365,"S"
29911,"NIO-Worker",1419336392452787,18593,"R"
29911,"NIO-Worker",1419336392471380,46250,"Running"
29911,"NIO-Worker",1419336392517630,193125,"S"
29911,"NIO-Worker",1419336392710755,52605,"R"
29911,"NIO-Worker",1419336392763360,108958,"Running"
29911,"NIO-Worker",1419336392872318,12969,"R"
29911,"NIO-Worker",1419336392885287,155573,"Running"
29911,"NIO-Worker",1419336393040860,208333,"R+"
29911,"NIO-Worker",1419336393249193,12448,"Running"
29911,"NIO-Worker",1419336393261641,89739,"S"
29911,"NIO-Worker",1419336393351380,18386,"R"
29911,"NIO-Worker",1419336393369766,21771,"Running"
29911,"NIO-Worker",1419336393391537,45260,"S"
29911,"NIO-Worker",1419336393436797,29219,"R"
29911,"NIO-Worker",1419336393466016,44427,"Running"
29911,"NIO-Worker",1419336393510443,59531,"S"
29911,"NIO-Worker",1419336393569974,41875,"R"
29911,"NIO-Worker",1419336393611849,1783854,"Running"
29911,"NIO-Worker",1419336395395703,12396,"R+"
29911,"NIO-Worker",1419336395408099,248125,"Running"
29911,"NIO-Worker",1419336395656224,30625,"R"
29911,"NIO-Worker",1419336395686849,230573,"Running"
29911,"NIO-Worker",1419336395917422,116302,"R+"
29911,"NIO-Worker",1419336396033724,272604,"Running"
29911,"NIO-Worker",1419336396306328,31927,"S"
29911,"NIO-Worker",1419336396338255,28125,"R"
29911,"NIO-Worker",1419336396366380,207500,"Running"
29857,"nio-stream-prod",1419336396450703,44584,"R"
29857,"nio-stream-prod",1419336396495287,94375,"Running"
29844,"nio-webserver-r",1419336396536380,37500,"R"
29844,"nio-webserver-r",1419336396573880,157761,"Running"
29911,"NIO-Worker",1419336396573880,412214948,"S"
29857,"nio-stream-prod",1419336396589662,63750,"R+"
29857,"nio-stream-prod",1419336396653412,4687,"Running"
29857,"nio-stream-prod",1419336396658099,570313,"S"
29844,"nio-webserver-r",1419336396731641,68125,"R+"
29844,"nio-webserver-r",1419336396799766,71614,"Running"
29844,"nio-webserver-r",1419336396871380,6094,"R"
29844,"nio-webserver-r",1419336396877474,16198,"Running"
29844,"nio-webserver-r",1419336396893672,14170469,"S"
29857,"nio-stream-prod",1419336397228412,15781,"R"
29857,"nio-stream-prod",1419336397244193,15625,"Running"
29857,"nio-stream-prod",1419336397259818,58437,"S"
29857,"nio-stream-prod",1419336397318255,52500,"R"
29857,"nio-stream-prod",1419336397370755,32032,"Running"
29857,"nio-stream-prod",1419336397402787,45625,"S"
29857,"nio-stream-prod",1419336397448412,32448,"R"
29857,"nio-stream-prod",1419336397480860,128177,"Running"
29857,"nio-stream-prod",1419336397609037,50937,"R+"
29857,"nio-stream-prod",1419336397659974,247031,"Running"
29857,"nio-stream-prod",1419336397907005,6094,"R"
29857,"nio-stream-prod",1419336397913099,2128438,"Running"
29857,"nio-stream-prod",1419336400041537,8437,"R+"
29857,"nio-stream-prod",1419336400049974,27656,"Running"
29857,"nio-stream-prod",1419336400077630,10105,"R"
29857,"nio-stream-prod",1419336400087735,809739,"Running"
29857,"nio-stream-prod",1419336400897474,38073,"R+"
29857,"nio-stream-prod",1419336400935547,2135781,"Running"
29857,"nio-stream-prod",1419336403071328,50157,"R"
29857,"nio-stream-prod",1419336403121485,920833,"Running"
29857,"nio-stream-prod",1419336404042318,13750,"R"
29857,"nio-stream-prod",1419336404056068,603906,"Running"
29857,"nio-stream-prod",1419336404659974,132813,"R"
29857,"nio-stream-prod",1419336404792787,144687,"Running"
29857,"nio-stream-prod",1419336404937474,16094,"R+"
29857,"nio-stream-prod",1419336404953568,65312,"Running"
29857,"nio-stream-prod",1419336405018880,19219,"R"
29857,"nio-stream-prod",1419336405038099,681667,"Running"
29857,"nio-stream-prod",1419336405719766,9739,"R"
29857,"nio-stream-prod",1419336405729505,2827344,"Running"
29857,"nio-stream-prod",1419336408556849,95938,"R"
29857,"nio-stream-prod",1419336408652787,183698,"Running"
29857,"nio-stream-prod",1419336408836485,10989,"R"
29857,"nio-stream-prod",1419336408847474,16406,"Running"
29857,"nio-stream-prod",1419336408863880,247032,"R"
29857,"nio-stream-prod",1419336409110912,959791,"Running"
29857,"nio-stream-prod",1419336410070703,38177,"R"
29857,"nio-stream-prod",1419336410108880,1030782,"Running"
29844,"nio-webserver-r",1419336411064141,26771,"R"
29844,"nio-webserver-r",1419336411090912,461562,"Running"
29857,"nio-stream-prod",1419336411139662,40625,"S"
29857,"nio-stream-prod",1419336411180287,31666,"R"
29857,"nio-stream-prod",1419336411211953,177552,"Running"
29857,"nio-stream-prod",1419336411389505,47375782,"S"
29844,"nio-webserver-r",1419336411552474,29992188,"S"
29844,"nio-webserver-r",1419336441544662,40937,"R"
29844,"nio-webserver-r",1419336441585599,415156,"Running"
29844,"nio-webserver-r",1419336442000755,49219,"R+"
29844,"nio-webserver-r",1419336442049974,110000,"Running"
29844,"nio-webserver-r",1419336442159974,586667,"R+"
29844,"nio-webserver-r",1419336442746641,42083,"Running"
29844,"nio-webserver-r",1419336442788724,122969,"S"
29844,"nio-webserver-r",1419336442911693,206406,"R"
29844,"nio-webserver-r",1419336443118099,458854,"Running"
29844,"nio-webserver-r",1419336443576953,292240,"R"
29844,"nio-webserver-r",1419336443869193,398698,"Running"
29844,"nio-webserver-r",1419336444267891,25312,"R+"
29844,"nio-webserver-r",1419336444293203,517969,"Running"
29913,"NIO-Worker",1419336444774610,16458,"R"
29913,"NIO-Worker",1419336444791068,387344,"Running"
29844,"nio-webserver-r",1419336444811172,14062708,"S"
29913,"NIO-Worker",1419336445178412,171875,"R"
29913,"NIO-Worker",1419336445350287,156562,"Running"
29913,"NIO-Worker",1419336445506849,16250,"R"
29913,"NIO-Worker",1419336445523099,250000,"Running"
29913,"NIO-Worker",1419336445773099,7821198,"S"
29913,"NIO-Worker",1419336453594297,76302,"R"
29913,"NIO-Worker",1419336453670599,212031,"Running"
29913,"NIO-Worker",1419336453882630,23907,"R"
29913,"NIO-Worker",1419336453906537,66718,"Running"
29913,"NIO-Worker",1419336453973255,90782,"S"
29913,"NIO-Worker",1419336454064037,15729,"R"
29913,"NIO-Worker",1419336454079766,13646,"Running"
29913,"NIO-Worker",1419336454093412,243593,"R"
29913,"NIO-Worker",1419336454337005,398282,"Running"
29913,"NIO-Worker",1419336454735287,152500,"S"
29913,"NIO-Worker",1419336454887787,65937,"R"
29913,"NIO-Worker",1419336454953724,22500,"Running"
29913,"NIO-Worker",1419336454976224,315729,"S"
29913,"NIO-Worker",1419336455291953,19115,"R"
29913,"NIO-Worker",1419336455311068,219219,"Running"
29913,"NIO-Worker",1419336455530287,305937,"R+"
29913,"NIO-Worker",1419336455836224,25781,"Running"
29913,"NIO-Worker",1419336455862005,67813,"S"
29913,"NIO-Worker",1419336455929818,52604,"R"
29913,"NIO-Worker",1419336455982422,46771,"Running"
29913,"NIO-Worker",1419336456029193,35937,"S"
29913,"NIO-Worker",1419336456065130,28698,"R"
29913,"NIO-Worker",1419336456093828,823802,"Running"
29913,"NIO-Worker",1419336456917630,10625,"R"
29913,"NIO-Worker",1419336456928255,1716875,"Running"
29913,"NIO-Worker",1419336458645130,18750,"S"
29913,"NIO-Worker",1419336458663880,17344,"R"
29913,"NIO-Worker",1419336458681224,244479,"Running"
29857,"nio-stream-prod",1419336458765287,70416,"R"
29857,"nio-stream-prod",1419336458835703,159740,"Running"
29844,"nio-webserver-r",1419336458873880,22344,"R"
29844,"nio-webserver-r",1419336458896224,232917,"Running"
29913,"NIO-Worker",1419336458925703,404772813,"S"
29857,"nio-stream-prod",1419336458995443,259062,"S"
29844,"nio-webserver-r",1419336459129141,16424375,"S"
29857,"nio-stream-prod",1419336459254505,17344,"R"
29857,"nio-stream-prod",1419336459271849,30781,"Running"
29857,"nio-stream-prod",1419336459302630,48594,"S"
29857,"nio-stream-prod",1419336459351224,26719,"R"
29857,"nio-stream-prod",1419336459377943,32135,"Running"
29857,"nio-stream-prod",1419336459410078,56459,"R+"
29857,"nio-stream-prod",1419336459466537,2870104,"Running"
29857,"nio-stream-prod",1419336462336641,28802,"R"
29857,"nio-stream-prod",1419336462365443,197031,"Running"
29857,"nio-stream-prod",1419336462562474,76406,"R"
29857,"nio-stream-prod",1419336462638880,12984480,"Running"
29844,"nio-webserver-r",1419336475553516,18958,"R"
29844,"nio-webserver-r",1419336475572474,425886,"Running"
29857,"nio-stream-prod",1419336475623360,36770,"S"
29857,"nio-stream-prod",1419336475660130,30573,"R"
29857,"nio-stream-prod",1419336475690703,174584,"Running"
29857,"nio-stream-prod",1419336475865287,23638281,"S"
29844,"nio-webserver-r",1419336475998360,15761302,"S"
29844,"nio-webserver-r",1419336491759662,52656,"R"
29844,"nio-webserver-r",1419336491812318,175469,"Running"
29844,"nio-webserver-r",1419336491987787,79166,"S"
29844,"nio-webserver-r",1419336492066953,49427,"R"
29844,"nio-webserver-r",1419336492116380,173855,"Running"
29844,"nio-webserver-r",1419336492290235,309583,"S"
29844,"nio-webserver-r",1419336492599818,41875,"R"
29844,"nio-webserver-r",1419336492641693,272969,"Running"
29914,"NIO-Worker",1419336492883255,17917,"R"
29914,"NIO-Worker",1419336492901172,335833,"Running"
29844,"nio-webserver-r",1419336492914662,6764791,"S"
29914,"NIO-Worker",1419336493237005,1177448,"S"
29914,"NIO-Worker",1419336494414453,15990,"R"
29914,"NIO-Worker",1419336494430443,233073,"Running"
29914,"NIO-Worker",1419336494663516,15833,"S"
29914,"NIO-Worker",1419336494679349,345417,"Running"
29914,"NIO-Worker",1419336495024766,23646,"R+"
29914,"NIO-Worker",1419336495048412,4375,"Running"
29914,"NIO-Worker",1419336495052787,146562,"S"
29914,"NIO-Worker",1419336495199349,121563,"R"
29914,"NIO-Worker",1419336495320912,28750,"Running"
29914,"NIO-Worker",1419336495349662,411250,"S"
29914,"NIO-Worker",1419336495760912,15937,"R"
29914,"NIO-Worker",1419336495776849,42188,"Running"
29914,"NIO-Worker",1419336495819037,210885,"R"
29914,"NIO-Worker",1419336496029922,152031,"Running"
29914,"NIO-Worker",1419336496181953,271927,"S"
29914,"NIO-Worker",1419336496453880,22813,"R"
29914,"NIO-Worker",1419336496476693,20260,"Running"
29914,"NIO-Worker",1419336496496953,65521,"S"
29914,"NIO-Worker",1419336496562474,61979,"R"
29914,"NIO-Worker",1419336496624453,43021,"Running"
29914,"NIO-Worker",1419336496667474,63229,"S"
29914,"NIO-Worker",1419336496730703,20469,"R"
29914,"NIO-Worker",1419336496751172,94531,"Running"
29914,"NIO-Worker",1419336496845703,6927,"R"
29914,"NIO-Worker",1419336496852630,33750,"Running"
29914,"NIO-Worker",1419336496886380,117032,"R"
29914,"NIO-Worker",1419336497003412,2372031,"Running"
29914,"NIO-Worker",1419336499375443,22500,"S"
29914,"NIO-Worker",1419336499397943,20312,"R"
29914,"NIO-Worker",1419336499418255,313594,"Running"
29857,"nio-stream-prod",1419336499503568,25937,"R"
29857,"nio-stream-prod",1419336499529505,109688,"Running"
29857,"nio-stream-prod",1419336499639193,281510,"S"
29844,"nio-webserver-r",1419336499679453,25834,"R"
29844,"nio-webserver-r",1419336499705287,98698,"Running"
29914,"NIO-Worker",1419336499731849,414531562,"S"
29844,"nio-webserver-r",1419336499803985,9062,"R"
29844,"nio-webserver-r",1419336499813047,108281,"Running"
29857,"nio-stream-prod",1419336499920703,22188,"R"
29844,"nio-webserver-r",1419336499921328,178802,"R+"
29857,"nio-stream-prod",1419336499942891,41406,"Running"
29857,"nio-stream-prod",1419336499984297,44844,"R+"
29857,"nio-stream-prod",1419336500029141,48489,"Running"
29857,"nio-stream-prod",1419336500077630,47188,"R+"
29844,"nio-webserver-r",1419336500100130,50730,"Running"
29857,"nio-stream-prod",1419336500124818,4298906,"Running"
29844,"nio-webserver-r",1419336500150860,26486770,"S"
29857,"nio-stream-prod",1419336504423724,12448,"R"
29857,"nio-stream-prod",1419336504436172,403021,"Running"
29857,"nio-stream-prod",1419336504839193,41198,"R"
29857,"nio-stream-prod",1419336504880391,5302500,"Running"
29857,"nio-stream-prod",1419336510182891,20625,"R"
29857,"nio-stream-prod",1419336510203516,2509844,"Running"
29857,"nio-stream-prod",1419336512713360,99531,"R"
29857,"nio-stream-prod",1419336512812891,19896,"Running"
29857,"nio-stream-prod",1419336512832787,8385,"R"
29857,"nio-stream-prod",1419336512841172,8066406,"Running"
29857,"nio-stream-prod",1419336520907578,107865,"R"
29857,"nio-stream-prod",1419336521015443,5690625,"Running"
29844,"nio-webserver-r",1419336526637630,34688,"R"
29844,"nio-webserver-r",1419336526672318,410312,"Running"
29857,"nio-stream-prod",1419336526706068,67500,"R+"
29857,"nio-stream-prod",1419336526773568,168906,"Running"
29857,"nio-stream-prod",1419336526942474,28836250,"S"
29844,"nio-webserver-r",1419336527082630,16870000,"S"
29844,"nio-webserver-r",1419336543952630,45938,"R"
29844,"nio-webserver-r",1419336543998568,135469,"Running"
29844,"nio-webserver-r",1419336544134037,48906,"S"
29844,"nio-webserver-r",1419336544182943,41354,"R"
29844,"nio-webserver-r",1419336544224297,198646,"Running"
29844,"nio-webserver-r",1419336544422943,532969,"S"
29844,"nio-webserver-r",1419336544955912,26823,"R"
29844,"nio-webserver-r",1419336544982735,243802,"Running"
29844,"nio-webserver-r",1419336545226537,51041,"R+"
29844,"nio-webserver-r",1419336545277578,38438,"Running"
29915,"NIO-Worker",1419336545278255,21407,"R"
29915,"NIO-Worker",1419336545299662,320156,"Running"
29844,"nio-webserver-r",1419336545316016,10559896,"S"
29915,"NIO-Worker",1419336545619818,5285781,"S"
29915,"NIO-Worker",1419336550905599,19063,"R"
29915,"NIO-Worker",1419336550924662,240104,"Running"
29915,"NIO-Worker",1419336551164766,19062,"S"
29915,"NIO-Worker",1419336551183828,184271,"Running"
29915,"NIO-Worker",1419336551368099,99063,"S"
29915,"NIO-Worker",1419336551467162,22343,"R"
29915,"NIO-Worker",1419336551489505,291563,"Running"
29915,"NIO-Worker",1419336551781068,20469,"R+"
29915,"NIO-Worker",1419336551801537,7812,"Running"
29915,"NIO-Worker",1419336551809349,95938,"S"
29915,"NIO-Worker",1419336551905287,25885,"R"
29915,"NIO-Worker",1419336551931172,45990,"Running"
29915,"NIO-Worker",1419336551977162,225937,"S"
29915,"NIO-Worker",1419336552203099,25469,"R"
29915,"NIO-Worker",1419336552228568,211510,"Running"
29915,"NIO-Worker",1419336552440078,232709,"S"
29915,"NIO-Worker",1419336552672787,18385,"R"
29915,"NIO-Worker",1419336552691172,33958,"Running"
29915,"NIO-Worker",1419336552725130,62657,"S"
29915,"NIO-Worker",1419336552787787,32656,"R"
29915,"NIO-Worker",1419336552820443,45312,"Running"
29915,"NIO-Worker",1419336552865755,44844,"S"
29915,"NIO-Worker",1419336552910599,29688,"R"
29915,"NIO-Worker",1419336552940287,606510,"Running"
29915,"NIO-Worker",1419336553546797,63438,"R"
29915,"NIO-Worker",1419336553610235,208489,"Running"
29915,"NIO-Worker",1419336553818724,29011,"R"
29915,"NIO-Worker",1419336553847735,352708,"Running"
29915,"NIO-Worker",1419336554200443,88750,"R"
29915,"NIO-Worker",1419336554289193,1326250,"Running"
29915,"NIO-Worker",1419336555615443,31979,"S"
29915,"NIO-Worker",1419336555647422,27708,"R"
29915,"NIO-Worker",1419336555675130,236094,"Running"
29857,"nio-stream-prod",1419336555778724,25781,"R"
29857,"nio-stream-prod",1419336555804505,112917,"Running"
29844,"nio-webserver-r",1419336555875912,71354,"R"
29915,"NIO-Worker",1419336555911224,413439844,"S"
29857,"nio-stream-prod",1419336555917422,240313,"S"
29844,"nio-webserver-r",1419336555947266,247344,"Running"
29857,"nio-stream-prod",1419336556157735,48020,"R"
29844,"nio-webserver-r",1419336556194610,13309114,"S"
29857,"nio-stream-prod",1419336556205755,46875,"Running"
29857,"nio-stream-prod",1419336556252630,65261,"S"
29857,"nio-stream-prod",1419336556317891,48646,"R"
29857,"nio-stream-prod",1419336556366537,34687,"Running"
29857,"nio-stream-prod",1419336556401224,68125,"R+"
29857,"nio-stream-prod",1419336556469349,5307500,"Running"
29857,"nio-stream-prod",1419336561776849,38073,"R"
29857,"nio-stream-prod",1419336561814922,233333,"Running"
29857,"nio-stream-prod",1419336562048255,9636,"R+"
29857,"nio-stream-prod",1419336562057891,109583,"Running"
29857,"nio-stream-prod",1419336562167474,13542,"R"
29857,"nio-stream-prod",1419336562181016,289531,"Running"
29857,"nio-stream-prod",1419336562470547,59115,"R"
29857,"nio-stream-prod",1419336562529662,106198,"Running"
29857,"nio-stream-prod",1419336562635860,123489,"R+"
29857,"nio-stream-prod",1419336562759349,2150000,"Running"
29857,"nio-stream-prod",1419336564909349,22813,"R"
29857,"nio-stream-prod",1419336564932162,2161875,"Running"
29857,"nio-stream-prod",1419336567094037,64218,"R"
29857,"nio-stream-prod",1419336567158255,911719,"Running"
29857,"nio-stream-prod",1419336568069974,10781,"R"
29857,"nio-stream-prod",1419336568080755,1478125,"Running"
29844,"nio-webserver-r",1419336569503724,15261,"R"
29844,"nio-webserver-r",1419336569518985,194375,"Running"
29857,"nio-stream-prod",1419336569558880,23073,"R+"
29857,"nio-stream-prod",1419336569581953,6302,"Running"
29857,"nio-stream-prod",1419336569588255,15000,"S"
29857,"nio-stream-prod",1419336569603255,10625,"R"
29857,"nio-stream-prod",1419336569613880,277032,"Running"
29844,"nio-webserver-r",1419336569713360,32395,"R+"
29844,"nio-webserver-r",1419336569745755,275782,"Running"
29857,"nio-stream-prod",1419336569890912,48452604,"S"
29844,"nio-webserver-r",1419336570021537,31820781,"S"
29844,"nio-webserver-r",1419336601842318,45781,"R"
29844,"nio-webserver-r",1419336601888099,109219,"Running"
29844,"nio-webserver-r",1419336601997318,105156,"S"
29844,"nio-webserver-r",1419336602102474,9688,"R"
29844,"nio-webserver-r",1419336602112162,4479,"Running"
29844,"nio-webserver-r",1419336602116641,139271,"S"
29844,"nio-webserver-r",1419336602255912,68854,"R"
29844,"nio-webserver-r",1419336602324766,163177,"Running"
29844,"nio-webserver-r",1419336602487943,410104,"S"
29844,"nio-webserver-r",1419336602898047,22396,"R"
29844,"nio-webserver-r",1419336602920443,255625,"Running"
29847,"NIO-Worker",1419336603142266,15833,"R"
29847,"NIO-Worker",1419336603158099,277604,"Running"
29844,"nio-webserver-r",1419336603176068,15250781,"S"
29847,"NIO-Worker",1419336603435703,28334,"R"
29847,"NIO-Worker",1419336603464037,33854,"Running"
29847,"NIO-Worker",1419336603497891,50521,"R"
29847,"NIO-Worker",1419336603548412,20104,"Running"
29847,"NIO-Worker",1419336603568516,10444375,"S"
29847,"NIO-Worker",1419336614012891,18177,"R"
29847,"NIO-Worker",1419336614031068,213281,"Running"
29847,"NIO-Worker",1419336614244349,33386,"S"
29847,"NIO-Worker",1419336614277735,12812,"R"
29847,"NIO-Worker",1419336614290547,307031,"Running"
29847,"NIO-Worker",1419336614597578,170365,"S"
29847,"NIO-Worker",1419336614767943,15573,"R"
29847,"NIO-Worker",1419336614783516,42500,"Running"
29847,"NIO-Worker",1419336614826016,239062,"S"
29847,"NIO-Worker",1419336615065078,15782,"R"
29847,"NIO-Worker",1419336615080860,214062,"Running"
29847,"NIO-Worker",1419336615294922,254271,"S"
29847,"NIO-Worker",1419336615549193,17500,"R"
29847,"NIO-Worker",1419336615566693,22292,"Running"
29847,"NIO-Worker",1419336615588985,53802,"S"
29847,"NIO-Worker",1419336615642787,21510,"R"
29847,"NIO-Worker",1419336615664297,45365,"Running"
29847,"NIO-Worker",1419336615709662,45000,"S"
29847,"NIO-Worker",1419336615754662,14635,"R"
29847,"NIO-Worker",1419336615769297,2470000,"Running"
29847,"NIO-Worker",1419336618239297,29740,"R+"
29847,"NIO-Worker",1419336618269037,187656,"Running"
29857,"nio-stream-prod",1419336618343516,22396,"R"
29857,"nio-stream-prod",1419336618365912,82500,"Running"
29844,"nio-webserver-r",1419336618426849,15781,"R"
29844,"nio-webserver-r",1419336618442630,225469,"Running"
29857,"nio-stream-prod",1419336618448412,195729,"S"
29847,"NIO-Worker",1419336618456693,400633281,"S"
29857,"nio-stream-prod",1419336618644141,15989,"R"
29857,"nio-stream-prod",1419336618660130,21407,"Running"
29844,"nio-webserver-r",1419336618668099,10555156,"S"
29857,"nio-stream-prod",1419336618681537,49948,"S"
29857,"nio-stream-prod",1419336618731485,16927,"R"
29857,"nio-stream-prod",1419336618748412,38281,"Running"
29857,"nio-stream-prod",1419336618786693,48073,"S"
29857,"nio-stream-prod",1419336618834766,28333,"R"
29857,"nio-stream-prod",1419336618863099,1238542,"Running"
29857,"nio-stream-prod",1419336620101641,17864,"R"
29857,"nio-stream-prod",1419336620119505,37500,"Running"
29857,"nio-stream-prod",1419336620157005,14688,"R"
29857,"nio-stream-prod",1419336620171693,676719,"Running"
29857,"nio-stream-prod",1419336620848412,16406,"R"
29857,"nio-stream-prod",1419336620864818,7812,"Running"
29857,"nio-stream-prod",1419336620872630,37917,"R"
29857,"nio-stream-prod",1419336620910547,17552,"Running"
29857,"nio-stream-prod",1419336620928099,57292,"R"
29857,"nio-stream-prod",1419336620985391,7469427,"Running"
29857,"nio-stream-prod",1419336628454818,16198,"R"
29857,"nio-stream-prod",1419336628471016,22500,"Running"
29857,"nio-stream-prod",1419336628493516,42864,"R"
29857,"nio-stream-prod",1419336628536380,176094,"Running"
29857,"nio-stream-prod",1419336628712474,10469,"R"
29857,"nio-stream-prod",1419336628722943,124531,"Running"
29857,"nio-stream-prod",1419336628847474,6667,"R"
29857,"nio-stream-prod",1419336628854141,11614,"Running"
29857,"nio-stream-prod",1419336628865755,15782,"R"
29857,"nio-stream-prod",1419336628881537,351666,"Running"
29844,"nio-webserver-r",1419336629223255,293438,"R"
29857,"nio-stream-prod",1419336629233203,21875,"R+"
29857,"nio-stream-prod",1419336629255078,18490,"Running"
29857,"nio-stream-prod",1419336629273568,27344,"R"
29857,"nio-stream-prod",1419336629300912,40468,"Running"
29857,"nio-stream-prod",1419336629341380,46094,"S"
29857,"nio-stream-prod",1419336629387474,13698,"R"
29857,"nio-stream-prod",1419336629401172,55990,"Running"
29857,"nio-stream-prod",1419336629457162,30073229,"S"
29844,"nio-webserver-r",1419336629516693,191562,"Running"
29844,"nio-webserver-r",1419336629708255,11823,"R+"
29844,"nio-webserver-r",1419336629720078,227709,"Running"
29844,"nio-webserver-r",1419336629947787,12916,"R+"
29844,"nio-webserver-r",1419336629960703,60209,"Running"
29844,"nio-webserver-r",1419336630020912,21570312,"S"
29844,"nio-webserver-r",1419336651591224,41667,"R"
29844,"nio-webserver-r",1419336651632891,91302,"Running"
29844,"nio-webserver-r",1419336651724193,131094,"S"
29844,"nio-webserver-r",1419336651855287,21041,"R"
29844,"nio-webserver-r",1419336651876328,11927,"Running"
29844,"nio-webserver-r",1419336651888255,32500,"S"
29844,"nio-webserver-r",1419336651920755,22657,"R"
29844,"nio-webserver-r",1419336651943412,139531,"Running"
29844,"nio-webserver-r",1419336652082943,380781,"S"
29844,"nio-webserver-r",1419336652463724,76667,"R"
29844,"nio-webserver-r",1419336652540391,270052,"Running"
29898,"NIO-Worker",1419336652767109,42344,"R"
29898,"NIO-Worker",1419336652809453,371146,"Running"
29844,"nio-webserver-r",1419336652810443,6789375,"S"
29898,"NIO-Worker",1419336653180599,2300573,"S"
29898,"NIO-Worker",1419336655481172,30677,"R"
29898,"NIO-Worker",1419336655511849,210573,"Running"
29898,"NIO-Worker",1419336655722422,15677,"S"
29898,"NIO-Worker",1419336655738099,299375,"Running"
29898,"NIO-Worker",1419336656037474,108229,"S"
29898,"NIO-Worker",1419336656145703,28959,"R"
29898,"NIO-Worker",1419336656174662,31406,"Running"
29898,"NIO-Worker",1419336656206068,185781,"S"
29898,"NIO-Worker",1419336656391849,33438,"R"
29898,"NIO-Worker",1419336656425287,193072,"Running"
29898,"NIO-Worker",1419336656618359,185469,"S"
29898,"NIO-Worker",1419336656803828,19219,"R"
29898,"NIO-Worker",1419336656823047,16771,"Running"
29898,"NIO-Worker",1419336656839818,27187,"S"
29898,"NIO-Worker",1419336656867005,11250,"R"
29898,"NIO-Worker",1419336656878255,43698,"Running"
29898,"NIO-Worker",1419336656921953,46927,"S"
29898,"NIO-Worker",1419336656968880,23073,"R"
29898,"NIO-Worker",1419336656991953,2417865,"Running"
29898,"NIO-Worker",1419336659409818,27135,"S"
29898,"NIO-Worker",1419336659436953,18177,"R"
29898,"NIO-Worker",1419336659455130,183698,"Running"
29857,"nio-stream-prod",1419336659530391,11562,"R"
29857,"nio-stream-prod",1419336659541953,100000,"Running"
29844,"nio-webserver-r",1419336659599818,139687,"R"
29898,"NIO-Worker",1419336659638828,413063490,"S"
29857,"nio-stream-prod",1419336659641953,212552,"S"
29844,"nio-webserver-r",1419336659739505,202604,"Running"
29857,"nio-stream-prod",1419336659854505,26667,"R"
29857,"nio-stream-prod",1419336659881172,14062,"Running"
29857,"nio-stream-prod",1419336659895234,25834,"R+"
29857,"nio-stream-prod",1419336659921068,20469,"Running"
29857,"nio-stream-prod",1419336659941537,22031,"S"
29844,"nio-webserver-r",1419336659942109,8520365,"S"
29857,"nio-stream-prod",1419336659963568,67604,"Running"
29857,"nio-stream-prod",1419336660031172,93021,"S"
29857,"nio-stream-prod",1419336660124193,24219,"R"
29857,"nio-stream-prod",1419336660148412,2407500,"Running"
29857,"nio-stream-prod",1419336662555912,19375,"R"
29857,"nio-stream-prod",1419336662575287,111041,"Running"
29857,"nio-stream-prod",1419336662686328,129531,"R"
29857,"nio-stream-prod",1419336662815859,1776928,"Running"
29857,"nio-stream-prod",1419336664592787,43593,"R"
29857,"nio-stream-prod",1419336664636380,3876250,"Running"
29844,"nio-webserver-r",1419336668462474,16563,"R"
29844,"nio-webserver-r",1419336668479037,296406,"Running"
29857,"nio-stream-prod",1419336668512630,36719,"R+"
29857,"nio-stream-prod",1419336668549349,111719,"Running"
29857,"nio-stream-prod",1419336668661068,41307812,"S"
29844,"nio-webserver-r",1419336668775443,35630000,"S"
29844,"nio-webserver-r",1419336704405443,43906,"R"
29844,"nio-webserver-r",1419336704449349,209375,"Running"
29844,"nio-webserver-r",1419336704658724,67031,"S"
29844,"nio-webserver-r",1419336704725755,38750,"R"
29844,"nio-webserver-r",1419336704764505,72813,"Running"
29844,"nio-webserver-r",1419336704837318,11719,"R"
29844,"nio-webserver-r",1419336704849037,108697,"Running"
29844,"nio-webserver-r",1419336704957734,365625,"S"
29844,"nio-webserver-r",1419336705323359,39844,"R"
29844,"nio-webserver-r",1419336705363203,254375,"Running"
29905,"NIO-Worker",1419336705583099,15729,"R"
29905,"NIO-Worker",1419336705598828,626094,"Running"
29844,"nio-webserver-r",1419336705617578,4436719,"S"
29905,"NIO-Worker",1419336706224922,191094,"S"
29905,"NIO-Worker",1419336706416016,11614,"R"
29905,"NIO-Worker",1419336706427630,25261,"Running"
29905,"NIO-Worker",1419336706452891,201562,"S"
29905,"NIO-Worker",1419336706654453,19063,"R"
29905,"NIO-Worker",1419336706673516,184687,"Running"
29905,"NIO-Worker",1419336706858203,257865,"S"
29905,"NIO-Worker",1419336707116068,13385,"R"
29905,"NIO-Worker",1419336707129453,18177,"Running"
29905,"NIO-Worker",1419336707147630,50000,"S"
29905,"NIO-Worker",1419336707197630,13907,"R"
29905,"NIO-Worker",1419336707211537,37812,"Running"
29905,"NIO-Worker",1419336707249349,35938,"S"
29905,"NIO-Worker",1419336707285287,12760,"R"
29905,"NIO-Worker",1419336707298047,1573646,"Running"
29905,"NIO-Worker",1419336708871693,17031,"R"
29905,"NIO-Worker",1419336708888724,946198,"Running"
29905,"NIO-Worker",1419336709834922,37708,"S"
29905,"NIO-Worker",1419336709872630,13282,"R"
29905,"NIO-Worker",1419336709885912,201250,"Running"
29857,"nio-stream-prod",1419336709968880,14011,"R"
29857,"nio-stream-prod",1419336709982891,94687,"Running"
29844,"nio-webserver-r",1419336710054297,13646,"R"
29844,"nio-webserver-r",1419336710067943,229687,"Running"
29857,"nio-stream-prod",1419336710077578,178646,"S"
29905,"NIO-Worker",1419336710087162,415423072,"S"
29857,"nio-stream-prod",1419336710256224,12448,"R"
29857,"nio-stream-prod",1419336710268672,14219,"Running"
29857,"nio-stream-prod",1419336710282891,45677,"S"
29844,"nio-webserver-r",1419336710297630,16737969,"S"
29857,"nio-stream-prod",1419336710328568,13594,"R"
29857,"nio-stream-prod",1419336710342162,35625,"Running"
29857,"nio-stream-prod",1419336710377787,47968,"S"
29857,"nio-stream-prod",1419336710425755,16511,"R"
29857,"nio-stream-prod",1419336710442266,1568489,"Running"
29857,"nio-stream-prod",1419336712010755,13698,"R"
29857,"nio-stream-prod",1419336712024453,82656,"Running"
29857,"nio-stream-prod",1419336712107109,23178,"R+"
29857,"nio-stream-prod",1419336712130287,284531,"Running"
29857,"nio-stream-prod",1419336712414818,112969,"R"
29857,"nio-stream-prod",1419336712527787,23593,"Running"
29857,"nio-stream-prod",1419336712551380,13907,"R"
29857,"nio-stream-prod",1419336712565287,7187,"Running"
29857,"nio-stream-prod",1419336712572474,122500,"R"
29857,"nio-stream-prod",1419336712694974,21719,"Running"
29857,"nio-stream-prod",1419336712716693,21198,"R"
29857,"nio-stream-prod",1419336712737891,92708,"Running"
29857,"nio-stream-prod",1419336712830599,124844,"R"
29857,"nio-stream-prod",1419336712955443,448906,"Running"
29857,"nio-stream-prod",1419336713404349,45313,"R"
29857,"nio-stream-prod",1419336713449662,567031,"Running"
29857,"nio-stream-prod",1419336714016693,17604,"R"
29857,"nio-stream-prod",1419336714034297,9896,"Running"
29857,"nio-stream-prod",1419336714044193,12812,"R"
29857,"nio-stream-prod",1419336714057005,6777969,"Running"
29857,"nio-stream-prod",1419336720834974,24323,"R"
29857,"nio-stream-prod",1419336720859297,186146,"Running"
29857,"nio-stream-prod",1419336721045443,58281,"R"
29857,"nio-stream-prod",1419336721103724,6001563,"Running"
29844,"nio-webserver-r",1419336727035599,27760,"R"
29844,"nio-webserver-r",1419336727063359,202709,"Running"
29857,"nio-stream-prod",1419336727105287,87187,"R+"
29857,"nio-stream-prod",1419336727192474,242188,"Running"
29844,"nio-webserver-r",1419336727266068,13073,"R+"
29844,"nio-webserver-r",1419336727279141,427396,"Running"
29857,"nio-stream-prod",1419336727434662,20468,"S"
29857,"nio-stream-prod",1419336727455130,28750,"R"
29857,"nio-stream-prod",1419336727483880,50573,"Running"
29857,"nio-stream-prod",1419336727534453,48504271,"S"
29844,"nio-webserver-r",1419336727706537,29625312,"S"
29844,"nio-webserver-r",1419336757331849,72292,"R"
29844,"nio-webserver-r",1419336757404141,102864,"Running"
29844,"nio-webserver-r",1419336757507005,101407,"S"
29844,"nio-webserver-r",1419336757608412,15937,"R"
29844,"nio-webserver-r",1419336757624349,4792,"Running"
29844,"nio-webserver-r",1419336757629141,14843,"S"
29844,"nio-webserver-r",1419336757643984,19115,"R"
29844,"nio-webserver-r",1419336757663099,155625,"Running"
29844,"nio-webserver-r",1419336757818724,416563,"S"
29844,"nio-webserver-r",1419336758235287,58854,"R"
29844,"nio-webserver-r",1419336758294141,225677,"Running"
29908,"NIO-Worker",1419336758495755,11354,"R"
29908,"NIO-Worker",1419336758507109,322084,"Running"
29844,"nio-webserver-r",1419336758519818,17589479,"S"
29908,"NIO-Worker",1419336758829193,12246719,"S"
29908,"NIO-Worker",1419336771075912,172447,"R"
29908,"NIO-Worker",1419336771248359,305157,"Running"
29908,"NIO-Worker",1419336771553516,138333,"R+"
29908,"NIO-Worker",1419336771691849,287188,"Running"
29908,"NIO-Worker",1419336771979037,502916,"S"
29908,"NIO-Worker",1419336772481953,21459,"R"
29908,"NIO-Worker",1419336772503412,33385,"Running"
29908,"NIO-Worker",1419336772536797,172656,"R+"
29908,"NIO-Worker",1419336772709453,277240,"Running"
29908,"NIO-Worker",1419336772986693,35416,"R+"
29908,"NIO-Worker",1419336773022109,16146,"Running"
29908,"NIO-Worker",1419336773038255,154532,"S"
29908,"NIO-Worker",1419336773192787,14791,"R"
29908,"NIO-Worker",1419336773207578,30521,"Running"
29908,"NIO-Worker",1419336773238099,61094,"S"
29908,"NIO-Worker",1419336773299193,23281,"R"
29908,"NIO-Worker",1419336773322474,61250,"Running"
29908,"NIO-Worker",1419336773383724,89063,"R+"
29908,"NIO-Worker",1419336773472787,2428906,"Running"
29908,"NIO-Worker",1419336775901693,20416,"S"
29908,"NIO-Worker",1419336775922109,18646,"R"
29908,"NIO-Worker",1419336775940755,203594,"Running"
29857,"nio-stream-prod",1419336776038724,20729,"R"
29857,"nio-stream-prod",1419336776059453,123646,"Running"
29844,"nio-webserver-r",1419336776109297,11771,"R"
29844,"nio-webserver-r",1419336776121068,242500,"Running"
29908,"NIO-Worker",1419336776144349,401068385,"S"
29857,"nio-stream-prod",1419336776183099,285781,"S"
29844,"nio-webserver-r",1419336776363568,22898125,"S"
29857,"nio-stream-prod",1419336776468880,76407,"R"
29857,"nio-stream-prod",1419336776545287,14791,"Running"
29857,"nio-stream-prod",1419336776560078,42396,"S"
29857,"nio-stream-prod",1419336776602474,27969,"R"
29857,"nio-stream-prod",1419336776630443,36562,"Running"
29857,"nio-stream-prod",1419336776667005,46250,"R+"
29857,"nio-stream-prod",1419336776713255,657500,"Running"
29857,"nio-stream-prod",1419336777370755,22813,"R"
29857,"nio-stream-prod",1419336777393568,1796354,"Running"
29857,"nio-stream-prod",1419336779189922,85312,"R"
29857,"nio-stream-prod",1419336779275234,3673594,"Running"
29857,"nio-stream-prod",1419336782948828,8334,"R"
29857,"nio-stream-prod",1419336782957162,4173541,"Running"
29857,"nio-stream-prod",1419336787130703,24271,"R"
29857,"nio-stream-prod",1419336787154974,276719,"Running"
29857,"nio-stream-prod",1419336787431693,145937,"R"
29857,"nio-stream-prod",1419336787577630,1385625,"Running"
29857,"nio-stream-prod",1419336788963255,6563,"R"
29857,"nio-stream-prod",1419336788969818,1006562,"Running"
29857,"nio-stream-prod",1419336789976380,5157,"R"
29857,"nio-stream-prod",1419336789981537,2862916,"Running"
29857,"nio-stream-prod",1419336792844453,36094,"R"
29857,"nio-stream-prod",1419336792880547,2237708,"Running"
29857,"nio-stream-prod",1419336795118255,41719,"R"
29857,"nio-stream-prod",1419336795159974,615938,"Running"
29857,"nio-stream-prod",1419336795775912,88906,"R"
29857,"nio-stream-prod",1419336795864818,3462500,"Running"
29844,"nio-webserver-r",1419336799261693,32344,"R"
29844,"nio-webserver-r",1419336799294037,258229,"Running"
29857,"nio-stream-prod",1419336799327318,62500,"R+"
29857,"nio-stream-prod",1419336799389818,304531,"Running"
29844,"nio-webserver-r",1419336799552266,22083,"R+"
29844,"nio-webserver-r",1419336799574349,68906,"Running"
29844,"nio-webserver-r",1419336799643255,47761,"R+"
29844,"nio-webserver-r",1419336799691016,174114,"Running"
29857,"nio-stream-prod",1419336799694349,98906,"S"
29857,"nio-stream-prod",1419336799793255,58750,"R"
29857,"nio-stream-prod",1419336799852005,86563,"Running"
29844,"nio-webserver-r",1419336799865130,29063,"S"
29844,"nio-webserver-r",1419336799894193,31562,"R"
29844,"nio-webserver-r",1419336799925755,198907,"Running"
29857,"nio-stream-prod",1419336799938568,26200885,"S"
29844,"nio-webserver-r",1419336800124662,7262343,"S"
29844,"nio-webserver-r",1419336807387005,50782,"R"
29844,"nio-webserver-r",1419336807437787,126875,"Running"
29844,"nio-webserver-r",1419336807564662,309635,"S"
29844,"nio-webserver-r",1419336807874297,70208,"R"
29844,"nio-webserver-r",1419336807944505,164375,"Running"
29844,"nio-webserver-r",1419336808108880,387448,"S"
29844,"nio-webserver-r",1419336808496328,60521,"R"
29844,"nio-webserver-r",1419336808556849,311250,"Running"
29911,"NIO-Worker",1419336808788828,15834,"R"
29911,"NIO-Worker",1419336808804662,393281,"Running"
29844,"nio-webserver-r",1419336808868099,17468906,"S"
29911,"NIO-Worker",1419336809197943,12104219,"S"
29911,"NIO-Worker",1419336821302162,12031,"R"
29911,"NIO-Worker",1419336821314193,214844,"Running"
29911,"NIO-Worker",1419336821529037,21041,"S"
29911,"NIO-Worker",1419336821550078,11875,"R"
29911,"NIO-Worker",1419336821561953,340521,"Running"
29911,"NIO-Worker",1419336821902474,16094,"R+"
29911,"NIO-Worker",1419336821918568,6406,"Running"
29911,"NIO-Worker",1419336821924974,106094,"S"
29911,"NIO-Worker",1419336822031068,57031,"R"
29911,"NIO-Worker",1419336822088099,44063,"Running"
29911,"NIO-Worker",1419336822132162,235156,"S"
29911,"NIO-Worker",1419336822367318,6198,"R"
29911,"NIO-Worker",1419336822373516,190833,"Running"
29911,"NIO-Worker",1419336822564349,47031,"R+"
29911,"NIO-Worker",1419336822611380,5157,"Running"
29911,"NIO-Worker",1419336822616537,154062,"S"
29911,"NIO-Worker",1419336822770599,29688,"R"
29911,"NIO-Worker",1419336822800287,22656,"Running"
29911,"NIO-Worker",1419336822822943,60156,"S"
29911,"NIO-Worker",1419336822883099,64792,"R"
29911,"NIO-Worker",1419336822947891,49271,"Running"
29911,"NIO-Worker",1419336822997162,42447,"S"
29911,"NIO-Worker",1419336823039609,20313,"R"
29911,"NIO-Worker",1419336823059922,2957083,"Running"
29911,"NIO-Worker",1419336826017005,32657,"R+"
29911,"NIO-Worker",1419336826049662,326250,"Running"
29857,"nio-stream-prod",1419336826139453,27813,"R"
29857,"nio-stream-prod",1419336826167266,135312,"Running"
29857,"nio-stream-prod",1419336826302578,248959,"S"
29844,"nio-webserver-r",1419336826337005,19219,"R"
29844,"nio-webserver-r",1419336826356224,258281,"Running"
29911,"NIO-Worker",1419336826375912,401109322,"S"
29857,"nio-stream-prod",1419336826551537,16197,"R"
29857,"nio-stream-prod",1419336826567734,21928,"Running"
29857,"nio-stream-prod",1419336826589662,67031,"S"
29844,"nio-webserver-r",1419336826614505,28545782,"S"
29857,"nio-stream-prod",1419336826656693,19791,"R"
29857,"nio-stream-prod",1419336826676484,44584,"Running"
29857,"nio-stream-prod",1419336826721068,46041,"S"
29857,"nio-stream-prod",1419336826767109,17084,"R"
29857,"nio-stream-prod",1419336826784193,2074062,"Running"
29857,"nio-stream-prod",1419336828858255,7136,"R"
29857,"nio-stream-prod",1419336828865391,235208,"Running"
29857,"nio-stream-prod",1419336829100599,100938,"R"
29857,"nio-stream-prod",1419336829201537,5342031,"Running"
29857,"nio-stream-prod",1419336834543568,67656,"R"
29857,"nio-stream-prod",1419336834611224,2909688,"Running"
29857,"nio-stream-prod",1419336837520912,51354,"R"
29857,"nio-stream-prod",1419336837572266,3316302,"Running"
29857,"nio-stream-prod",1419336840888568,33281,"R"
29857,"nio-stream-prod",1419336840921849,5041042,"Running"
29857,"nio-stream-prod",1419336845962891,61406,"R"
29857,"nio-stream-prod",1419336846024297,3635052,"Running"
29857,"nio-stream-prod",1419336849659349,36406,"R"
29857,"nio-stream-prod",1419336849695755,5514688,"Running"
29844,"nio-webserver-r",1419336855160287,144531,"R"
29857,"nio-stream-prod",1419336855210443,47291,"R+"
29857,"nio-stream-prod",1419336855257734,47084,"Running"
29844,"nio-webserver-r",1419336855304818,371406,"Running"
29857,"nio-stream-prod",1419336855304818,20039479,"S"
29844,"nio-webserver-r",1419336855676224,6373125,"S"
29844,"nio-webserver-r",1419336862049349,45781,"R"
29844,"nio-webserver-r",1419336862095130,137656,"Running"
29844,"nio-webserver-r",1419336862232786,216719,"S"
29844,"nio-webserver-r",1419336862449505,21979,"R"
29844,"nio-webserver-r",1419336862471484,4584,"Running"
29844,"nio-webserver-r",1419336862476068,28073,"S"
29844,"nio-webserver-r",1419336862504141,10468,"R"
29844,"nio-webserver-r",1419336862514609,20052,"Running"
29844,"nio-webserver-r",1419336862534661,66563,"R"
29844,"nio-webserver-r",1419336862601224,151198,"Running"
29844,"nio-webserver-r",1419336862752422,653802,"S"
29844,"nio-webserver-r",1419336863406224,43229,"R"
29844,"nio-webserver-r",1419336863449453,106927,"Running"
29844,"nio-webserver-r",1419336863556380,33906,"R"
29844,"nio-webserver-r",1419336863590286,145469,"Running"
29913,"NIO-Worker",1419336863698516,37552,"R"
29844,"nio-webserver-r",1419336863735755,11710313,"S"
29913,"NIO-Worker",1419336863736068,286823,"Running"
29913,"NIO-Worker",1419336864022891,7150677,"S"
29913,"NIO-Worker",1419336871173568,11562,"R"
29913,"NIO-Worker",1419336871185130,175417,"Running"
29913,"NIO-Worker",1419336871360547,17031,"S"
29913,"NIO-Worker",1419336871377578,12240,"R"
29913,"NIO-Worker",1419336871389818,282656,"Running"
29913,"NIO-Worker",1419336871672474,8750,"R+"
29913,"NIO-Worker",1419336871681224,8125,"Running"
29913,"NIO-Worker",1419336871689349,93229,"S"
29913,"NIO-Worker",1419336871782578,18281,"R"
29913,"NIO-Worker",1419336871800859,55625,"Running"
29913,"NIO-Worker",1419336871856484,194115,"S"
29913,"NIO-Worker",1419336872050599,14792,"R"
29913,"NIO-Worker",1419336872065391,227239,"Running"
29913,"NIO-Worker",1419336872292630,243073,"S"
29913,"NIO-Worker",1419336872535703,44375,"R"
29913,"NIO-Worker",1419336872580078,21615,"Running"
29913,"NIO-Worker",1419336872601693,35781,"S"
29913,"NIO-Worker",1419336872637474,13542,"R"
29913,"NIO-Worker",1419336872651016,34114,"Running"
29913,"NIO-Worker",1419336872685130,44011,"S"
29913,"NIO-Worker",1419336872729141,15312,"R"
29913,"NIO-Worker",1419336872744453,2438594,"Running"
29913,"NIO-Worker",1419336875183047,16614,"S"
29913,"NIO-Worker",1419336875199661,19844,"R"
29913,"NIO-Worker",1419336875219505,264011,"Running"
29857,"nio-stream-prod",1419336875344297,39271,"R"
29857,"nio-stream-prod",1419336875383568,104062,"Running"
29844,"nio-webserver-r",1419336875446068,20000,"R"
29844,"nio-webserver-r",1419336875466068,197187,"Running"
29913,"NIO-Worker",1419336875483516,405541458,"S"
29857,"nio-stream-prod",1419336875487630,212813,"S"
29844,"nio-webserver-r",1419336875663255,10540000,"S"
29857,"nio-stream-prod",1419336875700443,17760,"R"
29857,"nio-stream-prod",1419336875718203,39427,"Running"
29857,"nio-stream-prod",1419336875757630,39063,"S"
29857,"nio-stream-prod",1419336875796693,20885,"R"
29857,"nio-stream-prod",1419336875817578,44063,"Running"
29857,"nio-stream-prod",1419336875861641,55520,"S"
29857,"nio-stream-prod",1419336875917161,15625,"R"
29857,"nio-stream-prod",1419336875932786,561094,"Running"
29857,"nio-stream-prod",1419336876493880,23281,"R"
29857,"nio-stream-prod",1419336876517161,2636875,"Running"
29857,"nio-stream-prod",1419336879154036,15261,"R+"
29857,"nio-stream-prod",1419336879169297,1746875,"Running"
29857,"nio-stream-prod",1419336880916172,29114,"R+"
29857,"nio-stream-prod",1419336880945286,5310157,"Running"
29844,"nio-webserver-r",1419336886203255,26250,"R"
29844,"nio-webserver-r",1419336886229505,365729,"Running"
29857,"nio-stream-prod",1419336886255443,54218,"R+"
29857,"nio-stream-prod",1419336886309661,155417,"Running"
29857,"nio-stream-prod",1419336886465078,32322708,"S"
29844,"nio-webserver-r",1419336886595234,26527865,"S"
29844,"nio-webserver-r",1419336913123099,78281,"R"
29844,"nio-webserver-r",1419336913201380,99323,"Running"
29844,"nio-webserver-r",1419336913300703,28646,"R+"
29844,"nio-webserver-r",1419336913329349,9844,"Running"
29844,"nio-webserver-r",1419336913339193,108541,"R"
29844,"nio-webserver-r",1419336913447734,21146,"Running"
29844,"nio-webserver-r",1419336913468880,34219,"R+"
29844,"nio-webserver-r",1419336913503099,189062,"Running"
29844,"nio-webserver-r",1419336913692161,280730,"S"
29844,"nio-webserver-r",1419336913972891,19062,"R"
29844,"nio-webserver-r",1419336913991953,18958,"Running"
29844,"nio-webserver-r",1419336914010911,6563,"R"
29844,"nio-webserver-r",1419336914017474,65469,"Running"
29844,"nio-webserver-r",1419336914082943,18437,"R"
29844,"nio-webserver-r",1419336914101380,192813,"Running"
29914,"NIO-Worker",1419336914263411,34532,"R"
29844,"nio-webserver-r",1419336914294193,4568073,"S"
29914,"NIO-Worker",1419336914297943,342187,"Running"
29914,"NIO-Worker",1419336914640130,155000,"S"
29914,"NIO-Worker",1419336914795130,12448,"R"
29914,"NIO-Worker",1419336914807578,419583,"Running"
29914,"NIO-Worker",1419336915227161,153282,"S"
29914,"NIO-Worker",1419336915380443,14635,"R"
29914,"NIO-Worker",1419336915395078,32708,"Running"
29914,"NIO-Worker",1419336915427786,186667,"S"
29914,"NIO-Worker",1419336915614453,15677,"R"
29914,"NIO-Worker",1419336915630130,183906,"Running"
29914,"NIO-Worker",1419336915814036,220157,"S"
29914,"NIO-Worker",1419336916034193,15260,"R"
29914,"NIO-Worker",1419336916049453,20052,"Running"
29914,"NIO-Worker",1419336916069505,60261,"S"
29914,"NIO-Worker",1419336916129766,15468,"R"
29914,"NIO-Worker",1419336916145234,40313,"Running"
29914,"NIO-Worker",1419336916185547,43177,"S"
29914,"NIO-Worker",1419336916228724,13750,"R"
29914,"NIO-Worker",1419336916242474,2451406,"Running"
29914,"NIO-Worker",1419336918693880,27344,"R+"
29914,"NIO-Worker",1419336918721224,175156,"Running"
29857,"nio-stream-prod",1419336918787786,17969,"R"
29857,"nio-stream-prod",1419336918805755,90469,"Running"
29844,"nio-webserver-r",1419336918862266,63125,"R"
29857,"nio-stream-prod",1419336918896224,18906,"R+"
29914,"NIO-Worker",1419336918896380,412964479,"S"
29857,"nio-stream-prod",1419336918915130,10261,"Running"
29844,"nio-webserver-r",1419336918925391,144270,"Running"
29857,"nio-stream-prod",1419336918925391,254531,"S"
29844,"nio-webserver-r",1419336919069661,18907,"R+"
29844,"nio-webserver-r",1419336919088568,57343,"Running"
29844,"nio-webserver-r",1419336919145911,12750313,"S"
29857,"nio-stream-prod",1419336919179922,15208,"R"
29857,"nio-stream-prod",1419336919195130,37344,"Running"
29857,"nio-stream-prod",1419336919232474,57448,"S"
29857,"nio-stream-prod",1419336919289922,16927,"R"
29857,"nio-stream-prod",1419336919306849,39219,"Running"
29857,"nio-stream-prod",1419336919346068,59479,"S"
29857,"nio-stream-prod",1419336919405547,17969,"R"
29857,"nio-stream-prod",1419336919423516,793020,"Running"
29857,"nio-stream-prod",1419336920216536,21667,"R"
29857,"nio-stream-prod",1419336920238203,558802,"Running"
29857,"nio-stream-prod",1419336920797005,95938,"R"
29857,"nio-stream-prod",1419336920892943,7948229,"Running"
29857,"nio-stream-prod",1419336928841172,13802,"R"
29857,"nio-stream-prod",1419336928854974,12969,"Running"
29857,"nio-stream-prod",1419336928867943,62135,"R"
29857,"nio-stream-prod",1419336928930078,3038802,"Running"
29844,"nio-webserver-r",1419336931896224,14948,"R"
29844,"nio-webserver-r",1419336931911172,410364,"Running"
29857,"nio-stream-prod",1419336931968880,53229,"R+"
29857,"nio-stream-prod",1419336932022109,166771,"Running"
29857,"nio-stream-prod",1419336932188880,53247761,"S"
29844,"nio-webserver-r",1419336932321536,35375313,"S"
29844,"nio-webserver-r",1419336967696849,34948,"R"
29844,"nio-webserver-r",1419336967731797,114531,"Running"
29844,"nio-webserver-r",1419336967846328,302708,"S"
29844,"nio-webserver-r",1419336968149036,48750,"R"
29844,"nio-webserver-r",1419336968197786,178907,"Running"
29844,"nio-webserver-r",1419336968376693,670156,"S"
29844,"nio-webserver-r",1419336969046849,56094,"R"
29844,"nio-webserver-r",1419336969102943,284375,"Running"
29915,"NIO-Worker",1419336969351068,31979,"R"
29915,"NIO-Worker",1419336969383047,280000,"Running"
29844,"nio-webserver-r",1419336969387318,16167031,"S"
29915,"NIO-Worker",1419336969663047,11235521,"S"
29915,"NIO-Worker",1419336980898568,14635,"R"
29915,"NIO-Worker",1419336980913203,545781,"Running"
29915,"NIO-Worker",1419336981458984,115157,"S"
29915,"NIO-Worker",1419336981574141,14062,"R"
29915,"NIO-Worker",1419336981588203,41719,"Running"
29915,"NIO-Worker",1419336981629922,203958,"S"
29915,"NIO-Worker",1419336981833880,15625,"R"
29915,"NIO-Worker",1419336981849505,209063,"Running"
29915,"NIO-Worker",1419336982058568,275781,"S"
29915,"NIO-Worker",1419336982334349,17500,"R"
29915,"NIO-Worker",1419336982351849,35000,"Running"
29915,"NIO-Worker",1419336982386849,48698,"S"
29915,"NIO-Worker",1419336982435547,16458,"R"
29915,"NIO-Worker",1419336982452005,48542,"Running"
29915,"NIO-Worker",1419336982500547,36614,"S"
29915,"NIO-Worker",1419336982537161,33855,"R"
29915,"NIO-Worker",1419336982571016,2279739,"Running"
29915,"NIO-Worker",1419336984850755,52604,"R"
29915,"NIO-Worker",1419336984903359,393177,"Running"
29915,"NIO-Worker",1419336985296536,33855,"S"
29915,"NIO-Worker",1419336985330391,24114,"R"
29915,"NIO-Worker",1419336985354505,244531,"Running"
29857,"nio-stream-prod",1419336985436641,50208,"R"
29857,"nio-stream-prod",1419336985486849,111094,"Running"
29844,"nio-webserver-r",1419336985554349,16510,"R"
29844,"nio-webserver-r",1419336985570859,238802,"Running"
29857,"nio-stream-prod",1419336985597943,250625,"S"
29915,"NIO-Worker",1419336985599036,411977604,"S"
29844,"nio-webserver-r",1419336985809661,11802813,"S"
29857,"nio-stream-prod",1419336985848568,43750,"R"
29857,"nio-stream-prod",1419336985892318,43750,"Running"
29857,"nio-stream-prod",1419336985936068,41718,"S"
29857,"nio-stream-prod",1419336985977786,29532,"R"
29857,"nio-stream-prod",1419336986007318,50312,"Running"
29857,"nio-stream-prod",1419336986057630,41406,"S"
29857,"nio-stream-prod",1419336986099036,23282,"R"
29857,"nio-stream-prod",1419336986122318,548750,"Running"
29857,"nio-stream-prod",1419336986671068,38437,"R"
29857,"nio-stream-prod",1419336986709505,45781,"Running"
29857,"nio-stream-prod",1419336986755286,45313,"R"
29857,"nio-stream-prod",1419336986800599,170000,"Running"
29857,"nio-stream-prod",1419336986970599,18698,"R"
29857,"nio-stream-prod",1419336986989297,355833,"Running"
29857,"nio-stream-prod",1419336987345130,189479,"R"
29857,"nio-stream-prod",1419336987534609,5353282,"Running"
29857,"nio-stream-prod",1419336992887891,22083,"R"
29857,"nio-stream-prod",1419336992909974,2237135,"Running"
29857,"nio-stream-prod",1419336995147109,65365,"R"
29857,"nio-stream-prod",1419336995212474,518125,"Running"
29857,"nio-stream-prod",1419336995730599,115625,"R"
29857,"nio-stream-prod",1419336995846224,35937,"Running"
29857,"nio-stream-prod",1419336995882161,66719,"R"
29857,"nio-stream-prod",1419336995948880,896250,"Running"
29857,"nio-stream-prod",1419336996845130,6719,"R"
29857,"nio-stream-prod",1419336996851849,819062,"Running"
29844,"nio-webserver-r",1419336997612474,40781,"R"
29844,"nio-webserver-r",1419336997653255,217969,"Running"
29857,"nio-stream-prod",1419336997670911,29323,"R+"
29857,"nio-stream-prod",1419336997700234,7396,"Running"
29857,"nio-stream-prod",1419336997707630,25261,"S"
29857,"nio-stream-prod",1419336997732891,53437,"Running"
29857,"nio-stream-prod",1419336997786328,17552,"R"
29857,"nio-stream-prod",1419336997803880,99063,"Running"
29844,"nio-webserver-r",1419336997871224,20937,"R"
29844,"nio-webserver-r",1419336997892161,61563,"Running"
29857,"nio-stream-prod",1419336997902943,22031,"S"
29857,"nio-stream-prod",1419336997924974,12292,"R"
29857,"nio-stream-prod",1419336997937266,118333,"Running"
29844,"nio-webserver-r",1419336997953724,19948,"S"
29844,"nio-webserver-r",1419336997973672,145521,"R"
29857,"nio-stream-prod",1419336998055599,99062,"S"
29844,"nio-webserver-r",1419336998119193,79635,"Running"
29857,"nio-stream-prod",1419336998154661,16407,"R"
29857,"nio-stream-prod",1419336998171068,75416,"Running"
29844,"nio-webserver-r",1419336998198828,2865,"S"
29844,"nio-webserver-r",1419336998201693,17031,"R"
29844,"nio-webserver-r",1419336998218724,225000,"Running"
29857,"nio-stream-prod",1419336998246484,31947552,"S"
29844,"nio-webserver-r",1419336998443724,19439062,"S"
29844,"nio-webserver-r",1419337017882786,93698,"R"
29844,"nio-webserver-r",1419337017976484,98490,"Running"
29844,"nio-webserver-r",1419337018074974,112917,"S"
29844,"nio-webserver-r",1419337018187891,50312,"R"
29844,"nio-webserver-r",1419337018238203,162552,"Running"
29844,"nio-webserver-r",1419337018400755,25000,"R"
29844,"nio-webserver-r",1419337018425755,21667,"Running"
29844,"nio-webserver-r",1419337018447422,405208,"S"
29844,"nio-webserver-r",1419337018852630,30417,"R"
29844,"nio-webserver-r",1419337018883047,249427,"Running"
29847,"NIO-Worker",1419337019089974,14010,"R"
29847,"NIO-Worker",1419337019103984,327240,"Running"
29844,"nio-webserver-r",1419337019132474,11143385,"S"
29847,"NIO-Worker",1419337019431224,5998125,"S"
29847,"NIO-Worker",1419337025429349,19167,"R"
29847,"NIO-Worker",1419337025448516,469375,"Running"
29847,"NIO-Worker",1419337025917891,121458,"S"
29847,"NIO-Worker",1419337026039349,26094,"R"
29847,"NIO-Worker",1419337026065443,41406,"Running"
29847,"NIO-Worker",1419337026106849,224531,"S"
29847,"NIO-Worker",1419337026331380,36511,"R"
29847,"NIO-Worker",1419337026367891,210625,"Running"
29847,"NIO-Worker",1419337026578516,256093,"S"
29847,"NIO-Worker",1419337026834609,20000,"R"
29847,"NIO-Worker",1419337026854609,31771,"Running"
29847,"NIO-Worker",1419337026886380,43438,"S"
29847,"NIO-Worker",1419337026929818,46562,"R"
29847,"NIO-Worker",1419337026976380,55313,"Running"
29847,"NIO-Worker",1419337027031693,58385,"S"
29847,"NIO-Worker",1419337027090078,32708,"R"
29847,"NIO-Worker",1419337027122786,2141250,"Running"
29847,"NIO-Worker",1419337029264036,119011,"R"
29847,"NIO-Worker",1419337029383047,661406,"Running"
29847,"NIO-Worker",1419337030044453,22396,"S"
29847,"NIO-Worker",1419337030066849,33594,"R"
29847,"NIO-Worker",1419337030100443,205468,"Running"
29857,"nio-stream-prod",1419337030194036,19219,"R"
29857,"nio-stream-prod",1419337030213255,104219,"Running"
29844,"nio-webserver-r",1419337030275859,59532,"R"
29847,"NIO-Worker",1419337030305911,9844,"R"
29847,"NIO-Worker",1419337030315755,18438,"Running"
29857,"nio-stream-prod",1419337030317474,218073,"S"
29847,"NIO-Worker",1419337030334193,404425781,"S"
29844,"nio-webserver-r",1419337030335391,199531,"Running"
29844,"nio-webserver-r",1419337030534922,40521,"R+"
29857,"nio-stream-prod",1419337030535547,12708,"R"
29857,"nio-stream-prod",1419337030548255,26979,"Running"
29857,"nio-stream-prod",1419337030575234,48021,"R+"
29844,"nio-webserver-r",1419337030575443,48750,"Running"
29857,"nio-stream-prod",1419337030623255,49375,"Running"
29844,"nio-webserver-r",1419337030624193,19050156,"S"
29857,"nio-stream-prod",1419337030672630,42188,"S"
29857,"nio-stream-prod",1419337030714818,50416,"R"
29857,"nio-stream-prod",1419337030765234,594584,"Running"
29857,"nio-stream-prod",1419337031359818,39479,"R"
29857,"nio-stream-prod",1419337031399297,1523021,"Running"
29857,"nio-stream-prod",1419337032922318,32812,"R"
29857,"nio-stream-prod",1419337032955130,4429688,"Running"
29857,"nio-stream-prod",1419337037384818,14062,"R"
29857,"nio-stream-prod",1419337037398880,199063,"Running"
29857,"nio-stream-prod",1419337037597943,8229,"R"
29857,"nio-stream-prod",1419337037606172,8303958,"Running"
29857,"nio-stream-prod",1419337045910130,97917,"R"
29857,"nio-stream-prod",1419337046008047,3730312,"Running"
29844,"nio-webserver-r",1419337049674349,15885,"R"
29844,"nio-webserver-r",1419337049690234,427240,"Running"
29857,"nio-stream-prod",1419337049738359,61146,"S"
29857,"nio-stream-prod",1419337049799505,19219,"R"
29857,"nio-stream-prod",1419337049818724,193542,"Running"
29857,"nio-stream-prod",1419337050012266,30277656,"S"
29844,"nio-webserver-r",1419337050117474,21128073,"S"
29844,"nio-webserver-r",1419337071245547,13489,"R"
29844,"nio-webserver-r",1419337071259036,224792,"Running"
29844,"nio-webserver-r",1419337071483828,151146,"S"
29844,"nio-webserver-r",1419337071634974,47969,"R"
29844,"nio-webserver-r",1419337071682943,204010,"Running"
29844,"nio-webserver-r",1419337071886953,528646,"S"
29844,"nio-webserver-r",1419337072415599,49062,"R"
29844,"nio-webserver-r",1419337072464661,290469,"Running"
29898,"NIO-Worker",1419337072702318,52812,"R"
29844,"nio-webserver-r",1419337072755130,7639219,"S"
29898,"NIO-Worker",1419337072755130,314063,"Running"
29898,"NIO-Worker",1419337073069193,2559687,"S"
29898,"NIO-Worker",1419337075628880,16511,"R"
29898,"NIO-Worker",1419337075645391,570052,"Running"
29898,"NIO-Worker",1419337076215443,60781,"R+"
29898,"NIO-Worker",1419337076276224,5312,"Running"
29898,"NIO-Worker",1419337076281536,77292,"S"
29898,"NIO-Worker",1419337076358828,13594,"R"
29898,"NIO-Worker",1419337076372422,28125,"Running"
29898,"NIO-Worker",1419337076400547,223594,"S"
29898,"NIO-Worker",1419337076624141,27031,"R"
29898,"NIO-Worker",1419337076651172,262083,"Running"
29898,"NIO-Worker",1419337076913255,8594,"R+"
29898,"NIO-Worker",1419337076921849,4531,"Running"
29898,"NIO-Worker",1419337076926380,216198,"S"
29898,"NIO-Worker",1419337077142578,11146,"R"
29898,"NIO-Worker",1419337077153724,29062,"Running"
29898,"NIO-Worker",1419337077182786,41667,"S"
29898,"NIO-Worker",1419337077224453,31927,"R"
29898,"NIO-Worker",1419337077256380,45781,"Running"
29898,"NIO-Worker",1419337077302161,47032,"S"
29898,"NIO-Worker",1419337077349193,13281,"R"
29898,"NIO-Worker",1419337077362474,1023385,"Running"
29898,"NIO-Worker",1419337078385859,76146,"R"
29898,"NIO-Worker",1419337078462005,680886,"Running"
29898,"NIO-Worker",1419337079142891,104583,"R"
29898,"NIO-Worker",1419337079247474,887031,"Running"
29898,"NIO-Worker",1419337080134505,54688,"R+"
29898,"NIO-Worker",1419337080189193,239166,"Running"
29857,"nio-stream-prod",1419337080289922,14219,"R"
29857,"nio-stream-prod",1419337080304141,115520,"Running"
29844,"nio-webserver-r",1419337080394349,18281,"R"
29844,"nio-webserver-r",1419337080412630,255938,"Running"
29857,"nio-stream-prod",1419337080419661,241094,"S"
29898,"NIO-Worker",1419337080428359,405481615,"S"
29857,"nio-stream-prod",1419337080660755,44323,"R"
29844,"nio-webserver-r",1419337080668568,23412916,"S"
29857,"nio-stream-prod",1419337080705078,30521,"Running"
29857,"nio-stream-prod",1419337080735599,44167,"S"
29857,"nio-stream-prod",1419337080779766,92500,"R"
29857,"nio-stream-prod",1419337080872266,40625,"Running"
29857,"nio-stream-prod",1419337080912891,108489,"S"
29857,"nio-stream-prod",1419337081021380,59531,"R"
29857,"nio-stream-prod",1419337081080911,5693698,"Running"
29857,"nio-stream-prod",1419337086774609,83177,"R"
29857,"nio-stream-prod",1419337086857786,2185625,"Running"
29857,"nio-stream-prod",1419337089043411,197657,"R"
29857,"nio-stream-prod",1419337089241068,2707968,"Running"
29857,"nio-stream-prod",1419337091949036,29219,"R"
29857,"nio-stream-prod",1419337091978255,1054063,"Running"
29857,"nio-stream-prod",1419337093032318,55156,"R"
29857,"nio-stream-prod",1419337093087474,2933281,"Running"
29857,"nio-stream-prod",1419337096020755,26563,"R"
29857,"nio-stream-prod",1419337096047318,8120468,"Running"
29844,"nio-webserver-r",1419337104081484,17084,"R"
29844,"nio-webserver-r",1419337104098568,136041,"Running"
29857,"nio-stream-prod",1419337104167786,28282,"R+"
29857,"nio-stream-prod",1419337104196068,14375,"Running"
29857,"nio-stream-prod",1419337104210443,92291,"S"
29844,"nio-webserver-r",1419337104234609,255209,"R"
29857,"nio-stream-prod",1419337104302734,490313,"R"
29844,"nio-webserver-r",1419337104489818,303229,"Running"
29844,"nio-webserver-r",1419337104793047,83646,"S"
29857,"nio-stream-prod",1419337104793047,140521,"Running"
29844,"nio-webserver-r",1419337104876693,179635,"R"
29857,"nio-stream-prod",1419337104933568,27806041,"S"
29844,"nio-webserver-r",1419337105056328,196927,"Running"
29844,"nio-webserver-r",1419337105253255,18983906,"S"
29844,"nio-webserver-r",1419337124237161,64219,"R"
29844,"nio-webserver-r",1419337124301380,165000,"Running"
29844,"nio-webserver-r",1419337124466380,80156,"S"
29844,"nio-webserver-r",1419337124546536,24688,"R"
29844,"nio-webserver-r",1419337124571224,176823,"Running"
29844,"nio-webserver-r",1419337124748047,432239,"S"
29844,"nio-webserver-r",1419337125180286,59532,"R"
29844,"nio-webserver-r",1419337125239818,308750,"Running"
29905,"NIO-Worker",1419337125510234,19584,"R"
29905,"NIO-Worker",1419337125529818,334948,"Running"
29844,"nio-webserver-r",1419337125548568,7320573,"S"
29905,"NIO-Worker",1419337125864766,2028593,"S"
29905,"NIO-Worker",1419337127893359,17552,"R"
29905,"NIO-Worker",1419337127910911,781563,"Running"
29905,"NIO-Worker",1419337128692474,178594,"S"
29905,"NIO-Worker",1419337128871068,49843,"R"
29905,"NIO-Worker",1419337128920911,73282,"Running"
29905,"NIO-Worker",1419337128994193,359843,"S"
29905,"NIO-Worker",1419337129354036,73750,"R"
29905,"NIO-Worker",1419337129427786,232136,"Running"
29905,"NIO-Worker",1419337129659922,265469,"S"
29905,"NIO-Worker",1419337129925391,13802,"R"
29905,"NIO-Worker",1419337129939193,47187,"Running"
29905,"NIO-Worker",1419337129986380,40886,"S"
29905,"NIO-Worker",1419337130027266,10520,"R"
29905,"NIO-Worker",1419337130037786,42292,"Running"
29905,"NIO-Worker",1419337130080078,70677,"R+"
29905,"NIO-Worker",1419337130150755,2458125,"Running"
29905,"NIO-Worker",1419337132608880,28125,"R+"
29905,"NIO-Worker",1419337132637005,311563,"Running"
29857,"nio-stream-prod",1419337132739609,12240,"R"
29857,"nio-stream-prod",1419337132751849,143594,"Running"
29844,"nio-webserver-r",1419337132869141,139062,"R"
29857,"nio-stream-prod",1419337132895443,53125,"R+"
29857,"nio-stream-prod",1419337132948568,11718,"Running"
29905,"NIO-Worker",1419337132948568,409269843,"S"
29857,"nio-stream-prod",1419337132960286,204063,"S"
29844,"nio-webserver-r",1419337133008203,242083,"Running"
29857,"nio-stream-prod",1419337133164349,11510,"R"
29857,"nio-stream-prod",1419337133175859,51615,"Running"
29857,"nio-stream-prod",1419337133227474,54479,"S"
29844,"nio-webserver-r",1419337133250286,30030782,"S"
29857,"nio-stream-prod",1419337133281953,14583,"R"
29857,"nio-stream-prod",1419337133296536,53282,"Running"
29857,"nio-stream-prod",1419337133349818,45937,"S"
29857,"nio-stream-prod",1419337133395755,31042,"R"
29857,"nio-stream-prod",1419337133426797,3232552,"Running"
29857,"nio-stream-prod",1419337136659349,38385,"R"
29857,"nio-stream-prod",1419337136697734,699740,"Running"
29857,"nio-stream-prod",1419337137397474,66562,"R"
29857,"nio-stream-prod",1419337137464036,7881511,"Running"
29857,"nio-stream-prod",1419337145345547,10052,"R"
29857,"nio-stream-prod",1419337145355599,505156,"Running"
29857,"nio-stream-prod",1419337145860755,52292,"R"
29857,"nio-stream-prod",1419337145913047,6927708,"Running"
29857,"nio-stream-prod",1419337152840755,32969,"R"
29857,"nio-stream-prod",1419337152873724,10470312,"Running"
29844,"nio-webserver-r",1419337163281068,18437,"R"
29844,"nio-webserver-r",1419337163299505,459531,"Running"
29857,"nio-stream-prod",1419337163344036,32032,"S"
29857,"nio-stream-prod",1419337163376068,46666,"R"
29857,"nio-stream-prod",1419337163422734,61615,"Running"
29857,"nio-stream-prod",1419337163484349,37656,"R+"
29857,"nio-stream-prod",1419337163522005,42188,"Running"
29857,"nio-stream-prod",1419337163564193,18805000,"S"
29844,"nio-webserver-r",1419337163759036,12170625,"S"
29844,"nio-webserver-r",1419337175929661,52761,"R"
29844,"nio-webserver-r",1419337175982422,92552,"Running"
29844,"nio-webserver-r",1419337176074974,184219,"S"
29844,"nio-webserver-r",1419337176259193,40156,"R"
29844,"nio-webserver-r",1419337176299349,147760,"Running"
29844,"nio-webserver-r",1419337176447109,410209,"S"
29844,"nio-webserver-r",1419337176857318,51562,"R"
29844,"nio-webserver-r",1419337176908880,342292,"Running"
29908,"NIO-Worker",1419337177212734,15938,"R"
29908,"NIO-Worker",1419337177228672,892708,"Running"
29844,"nio-webserver-r",1419337177251172,5228021,"S"
29908,"NIO-Worker",1419337178121380,315729,"S"
29908,"NIO-Worker",1419337178437109,19740,"R"
29908,"NIO-Worker",1419337178456849,55417,"Running"
29908,"NIO-Worker",1419337178512266,16875,"R+"
29908,"NIO-Worker",1419337178529141,9218,"Running"
29908,"NIO-Worker",1419337178538359,251719,"S"
29908,"NIO-Worker",1419337178790078,14271,"R"
29908,"NIO-Worker",1419337178804349,278125,"Running"
29908,"NIO-Worker",1419337179082474,343906,"S"
29908,"NIO-Worker",1419337179426380,15000,"R"
29908,"NIO-Worker",1419337179441380,22604,"Running"
29908,"NIO-Worker",1419337179463984,128177,"R+"
29908,"NIO-Worker",1419337179592161,56407,"Running"
29908,"NIO-Worker",1419337179648568,66250,"S"
29908,"NIO-Worker",1419337179714818,20416,"R"
29908,"NIO-Worker",1419337179735234,2503750,"Running"
29908,"NIO-Worker",1419337182238984,30990,"S"
29908,"NIO-Worker",1419337182269974,19375,"R"
29908,"NIO-Worker",1419337182289349,267031,"Running"
29857,"nio-stream-prod",1419337182369193,26510,"R"
29857,"nio-stream-prod",1419337182395703,121146,"Running"
29844,"nio-webserver-r",1419337182479193,72968,"R"
29857,"nio-stream-prod",1419337182516849,187812,"S"
29844,"nio-webserver-r",1419337182552161,167136,"Running"
29908,"NIO-Worker",1419337182556380,411648542,"S"
29857,"nio-stream-prod",1419337182704661,24844,"R"
29844,"nio-webserver-r",1419337182719297,20989,"R+"
29857,"nio-stream-prod",1419337182729505,50938,"Running"
29844,"nio-webserver-r",1419337182740286,173438,"Running"
29857,"nio-stream-prod",1419337182780443,49635,"S"
29857,"nio-stream-prod",1419337182830078,69531,"R"
29857,"nio-stream-prod",1419337182899609,41094,"Running"
29844,"nio-webserver-r",1419337182913724,13558854,"S"
29857,"nio-stream-prod",1419337182940703,38802,"S"
29857,"nio-stream-prod",1419337182979505,24063,"R"
29857,"nio-stream-prod",1419337183003568,3623073,"Running"
29857,"nio-stream-prod",1419337186626641,66145,"R"
29857,"nio-stream-prod",1419337186692786,11407,"Running"
29857,"nio-stream-prod",1419337186704193,308750,"R"
29857,"nio-stream-prod",1419337187012943,9687,"Running"
29857,"nio-stream-prod",1419337187022630,19375,"R"
29857,"nio-stream-prod",1419337187042005,376406,"Running"
29857,"nio-stream-prod",1419337187418411,183438,"R"
29857,"nio-stream-prod",1419337187601849,742760,"Running"
29857,"nio-stream-prod",1419337188344609,20782,"R"
29857,"nio-stream-prod",1419337188365391,99114,"Running"
29857,"nio-stream-prod",1419337188464505,22448,"R+"
29857,"nio-stream-prod",1419337188486953,6896302,"Running"
29857,"nio-stream-prod",1419337195383255,54688,"R"
29857,"nio-stream-prod",1419337195437943,469687,"Running"
29857,"nio-stream-prod",1419337195907630,68438,"R"
29857,"nio-stream-prod",1419337195976068,569166,"Running"
29844,"nio-webserver-r",1419337196472578,46615,"R"
29844,"nio-webserver-r",1419337196519193,183125,"Running"
29857,"nio-stream-prod",1419337196545234,104844,"S"
29857,"nio-stream-prod",1419337196650078,18021,"R"
29857,"nio-stream-prod",1419337196668099,129479,"Running"
29844,"nio-webserver-r",1419337196702318,32656,"R+"
29844,"nio-webserver-r",1419337196734974,58385,"Running"
29844,"nio-webserver-r",1419337196793359,383959,"R"
29857,"nio-stream-prod",1419337196797578,42554583,"S"
29844,"nio-webserver-r",1419337197177318,147916,"Running"
29844,"nio-webserver-r",1419337197325234,28712240,"S"
29844,"nio-webserver-r",1419337226037474,72344,"R"
29844,"nio-webserver-r",1419337226109818,176250,"Running"
29844,"nio-webserver-r",1419337226286068,205573,"S"
29844,"nio-webserver-r",1419337226491641,30052,"R"
29844,"nio-webserver-r",1419337226521693,174843,"Running"
29844,"nio-webserver-r",1419337226696536,521355,"S"
29844,"nio-webserver-r",1419337227217891,29375,"R"
29844,"nio-webserver-r",1419337227247266,266406,"Running"
29911,"NIO-Worker",1419337227485234,12552,"R"
29911,"NIO-Worker",1419337227497786,297292,"Running"
29844,"nio-webserver-r",1419337227513672,11932864,"S"
29911,"NIO-Worker",1419337227795078,6787396,"S"
29911,"NIO-Worker",1419337234582474,50573,"R"
29911,"NIO-Worker",1419337234633047,226146,"Running"
29911,"NIO-Worker",1419337234859193,19531,"S"
29911,"NIO-Worker",1419337234878724,11875,"R"
29911,"NIO-Worker",1419337234890599,300937,"Running"
29911,"NIO-Worker",1419337235191536,158438,"S"
29911,"NIO-Worker",1419337235349974,36250,"R"
29911,"NIO-Worker",1419337235386224,46979,"Running"
29911,"NIO-Worker",1419337235433203,202708,"S"
29911,"NIO-Worker",1419337235635911,16875,"R"
29911,"NIO-Worker",1419337235652786,230938,"Running"
29911,"NIO-Worker",1419337235883724,249479,"S"
29911,"NIO-Worker",1419337236133203,30521,"R"
29911,"NIO-Worker",1419337236163724,38125,"Running"
29911,"NIO-Worker",1419337236201849,61875,"S"
29911,"NIO-Worker",1419337236263724,23854,"R"
29911,"NIO-Worker",1419337236287578,42813,"Running"
29911,"NIO-Worker",1419337236330391,55364,"S"
29911,"NIO-Worker",1419337236385755,30573,"R"
29911,"NIO-Worker",1419337236416328,216771,"Running"
29911,"NIO-Worker",1419337236633099,250469,"R"
29911,"NIO-Worker",1419337236883568,436979,"Running"
29911,"NIO-Worker",1419337237320547,48489,"R"
29911,"NIO-Worker",1419337237369036,16875,"Running"
29911,"NIO-Worker",1419337237385911,20782,"R"
29911,"NIO-Worker",1419337237406693,1824687,"Running"
29911,"NIO-Worker",1419337239231380,27500,"R+"
29911,"NIO-Worker",1419337239258880,225938,"Running"
29857,"nio-stream-prod",1419337239352161,57188,"R"
29857,"nio-stream-prod",1419337239409349,109792,"Running"
29844,"nio-webserver-r",1419337239446536,18438,"R"
29844,"nio-webserver-r",1419337239464974,212031,"Running"
29911,"NIO-Worker",1419337239484818,408869843,"S"
29857,"nio-stream-prod",1419337239519141,297395,"S"
29844,"nio-webserver-r",1419337239677005,6603438,"S"
29857,"nio-stream-prod",1419337239816536,34375,"R"
29857,"nio-stream-prod",1419337239850911,63750,"Running"
29857,"nio-stream-prod",1419337239914661,44792,"S"
29857,"nio-stream-prod",1419337239959453,23958,"R"
29857,"nio-stream-prod",1419337239983411,60261,"Running"
29857,"nio-stream-prod",1419337240043672,53958,"S"
29857,"nio-stream-prod",1419337240097630,25938,"R"
29857,"nio-stream-prod",1419337240123568,837343,"Running"
29857,"nio-stream-prod",1419337240960911,7605,"R"
29857,"nio-stream-prod",1419337240968516,2964583,"Running"
29857,"nio-stream-prod",1419337243933099,13385,"R"
29857,"nio-stream-prod",1419337243946484,1752084,"Running"
29857,"nio-stream-prod",1419337245698568,152031,"R"
29857,"nio-stream-prod",1419337245850599,494531,"Running"
29844,"nio-webserver-r",1419337246280443,44479,"R"
29844,"nio-webserver-r",1419337246324922,342083,"Running"
29857,"nio-stream-prod",1419337246345130,25000,"R+"
29857,"nio-stream-prod",1419337246370130,4011,"Running"
29857,"nio-stream-prod",1419337246374141,3333,"S"
29857,"nio-stream-prod",1419337246377474,12187,"R"
29857,"nio-stream-prod",1419337246389661,156094,"Running"
29857,"nio-stream-prod",1419337246545755,41347188,"S"
29844,"nio-webserver-r",1419337246667005,33023125,"S"
29844,"nio-webserver-r",1419337279690130,45469,"R"
29844,"nio-webserver-r",1419337279735599,104010,"Running"
29844,"nio-webserver-r",1419337279839609,88125,"S"
29844,"nio-webserver-r",1419337279927734,58125,"R"
29844,"nio-webserver-r",1419337279985859,190782,"Running"
29844,"nio-webserver-r",1419337280176641,507187,"S"
29844,"nio-webserver-r",1419337280683828,42240,"R"
29844,"nio-webserver-r",1419337280726068,177187,"Running"
29844,"nio-webserver-r",1419337280903255,18281,"R"
29844,"nio-webserver-r",1419337280921536,132032,"Running"
29913,"NIO-Worker",1419337281024974,15417,"R"
29913,"NIO-Worker",1419337281040391,362656,"Running"
29844,"nio-webserver-r",1419337281053568,6926666,"S"
29913,"NIO-Worker",1419337281403047,1621614,"S"
29913,"NIO-Worker",1419337283024661,36980,"R"
29913,"NIO-Worker",1419337283061641,212552,"Running"
29913,"NIO-Worker",1419337283274193,13593,"S"
29913,"NIO-Worker",1419337283287786,12813,"R"
29913,"NIO-Worker",1419337283300599,58437,"Running"
29913,"NIO-Worker",1419337283359036,15105,"S"
29913,"NIO-Worker",1419337283374141,10677,"Running"
29913,"NIO-Worker",1419337283384818,13906,"S"
29913,"NIO-Worker",1419337283398724,258750,"Running"
29913,"NIO-Worker",1419337283657474,132760,"S"
29913,"NIO-Worker",1419337283790234,33177,"R"
29913,"NIO-Worker",1419337283823411,23907,"Running"
29913,"NIO-Worker",1419337283847318,198698,"S"
29913,"NIO-Worker",1419337284046016,10989,"R"
29913,"NIO-Worker",1419337284057005,198750,"Running"
29913,"NIO-Worker",1419337284255755,58438,"R+"
29913,"NIO-Worker",1419337284314193,8906,"Running"
29913,"NIO-Worker",1419337284323099,139062,"S"
29913,"NIO-Worker",1419337284462161,30782,"R"
29913,"NIO-Worker",1419337284492943,23437,"Running"
29913,"NIO-Worker",1419337284516380,51667,"R+"
29913,"NIO-Worker",1419337284568047,46146,"Running"
29913,"NIO-Worker",1419337284614193,11093,"R+"
29913,"NIO-Worker",1419337284625286,8282,"Running"
29913,"NIO-Worker",1419337284633568,25000,"S"
29913,"NIO-Worker",1419337284658568,11406,"R"
29913,"NIO-Worker",1419337284669974,2119323,"Running"
29913,"NIO-Worker",1419337286789297,25052,"R"
29913,"NIO-Worker",1419337286814349,228125,"Running"
29913,"NIO-Worker",1419337287042474,25104,"R"
29913,"NIO-Worker",1419337287067578,410990,"Running"
29913,"NIO-Worker",1419337287478568,34323,"R+"
29913,"NIO-Worker",1419337287512891,11875,"Running"
29913,"NIO-Worker",1419337287524766,35520,"S"
29913,"NIO-Worker",1419337287560286,38907,"R"
29913,"NIO-Worker",1419337287599193,18906,"Running"
29913,"NIO-Worker",1419337287618099,181875,"R+"
29913,"NIO-Worker",1419337287799974,217448,"Running"
29857,"nio-stream-prod",1419337287892943,16406,"R"
29857,"nio-stream-prod",1419337287909349,145937,"Running"
29844,"nio-webserver-r",1419337287980234,37188,"R"
29844,"nio-webserver-r",1419337288017422,180989,"Running"
29913,"NIO-Worker",1419337288017422,414745781,"S"
29857,"nio-stream-prod",1419337288055286,274688,"S"
29844,"nio-webserver-r",1419337288198411,9375,"R+"
29844,"nio-webserver-r",1419337288207786,58230,"Running"
29844,"nio-webserver-r",1419337288266016,18222812,"S"
29857,"nio-stream-prod",1419337288329974,12031,"R"
29857,"nio-stream-prod",1419337288342005,14531,"Running"
29857,"nio-stream-prod",1419337288356536,21042,"R+"
29857,"nio-stream-prod",1419337288377578,12083,"Running"
29857,"nio-stream-prod",1419337288389661,10000,"S"
29857,"nio-stream-prod",1419337288399661,28125,"R"
29857,"nio-stream-prod",1419337288427786,39844,"Running"
29857,"nio-stream-prod",1419337288467630,38750,"S"
29857,"nio-stream-prod",1419337288506380,14844,"R"
29857,"nio-stream-prod",1419337288521224,61042,"Running"
29857,"nio-stream-prod",1419337288582266,10520,"R"
29857,"nio-stream-prod",1419337288592786,255625,"Running"
29857,"nio-stream-prod",1419337288848411,9011,"R"
29857,"nio-stream-prod",1419337288857422,307239,"Running"
29857,"nio-stream-prod",1419337289164661,15938,"R"
29857,"nio-stream-prod",1419337289180599,691250,"Running"
29857,"nio-stream-prod",1419337289871849,7292,"R"
29857,"nio-stream-prod",1419337289879141,1587395,"Running"
29857,"nio-stream-prod",1419337291466536,19688,"R"
29857,"nio-stream-prod",1419337291486224,19844,"Running"
29857,"nio-stream-prod",1419337291506068,10625,"R"
29857,"nio-stream-prod",1419337291516693,3402447,"Running"
29857,"nio-stream-prod",1419337294919140,17657,"R+"
29857,"nio-stream-prod",1419337294936797,70052,"Running"
29857,"nio-stream-prod",1419337295006849,43906,"R"
29857,"nio-stream-prod",1419337295050755,96510,"Running"
29857,"nio-stream-prod",1419337295147265,71928,"R"
29857,"nio-stream-prod",1419337295219193,185468,"Running"
29857,"nio-stream-prod",1419337295404661,15261,"R"
29857,"nio-stream-prod",1419337295419922,234531,"Running"
29857,"nio-stream-prod",1419337295654453,26094,"R"
29857,"nio-stream-prod",1419337295680547,137187,"Running"
29857,"nio-stream-prod",1419337295817734,231459,"R"
29857,"nio-stream-prod",1419337296049193,781250,"Running"
29857,"nio-stream-prod",1419337296830443,30000,"R"
29857,"nio-stream-prod",1419337296860443,52812,"Running"
29857,"nio-stream-prod",1419337296913255,760156,"S"
29857,"nio-stream-prod",1419337297673411,12761,"R"
29857,"nio-stream-prod",1419337297686172,102864,"Running"
29857,"nio-stream-prod",1419337297789036,11198,"R"
29857,"nio-stream-prod",1419337297800234,70365,"Running"
29857,"nio-stream-prod",1419337297870599,9062,"R"
29857,"nio-stream-prod",1419337297879661,80886,"Running"
29857,"nio-stream-prod",1419337297960547,74271,"R"
29857,"nio-stream-prod",1419337298034818,1200937,"Running"
29857,"nio-stream-prod",1419337299235755,39844,"R"
29857,"nio-stream-prod",1419337299275599,1586510,"Running"
29857,"nio-stream-prod",1419337300862109,18125,"R"
29857,"nio-stream-prod",1419337300880234,366719,"Running"
29857,"nio-stream-prod",1419337301246953,6615,"R"
29857,"nio-stream-prod",1419337301253568,640937,"Running"
29857,"nio-stream-prod",1419337301894505,2638750,"S"
29857,"nio-stream-prod",1419337304533255,11510,"R"
29857,"nio-stream-prod",1419337304544765,310209,"Running"
29857,"nio-stream-prod",1419337304854974,20573,"R+"
29857,"nio-stream-prod",1419337304875547,1688021,"Running"
29844,"nio-webserver-r",1419337306488828,16562,"R"
29844,"nio-webserver-r",1419337306505390,487188,"Running"
29857,"nio-stream-prod",1419337306563568,91562,"S"
29857,"nio-stream-prod",1419337306655130,19219,"R"
29857,"nio-stream-prod",1419337306674349,222760,"Running"
29857,"nio-stream-prod",1419337306897109,42709,"S"
29857,"nio-stream-prod",1419337306939818,52760,"R"
29844,"nio-webserver-r",1419337306992578,59062,"S"
29857,"nio-stream-prod",1419337306992578,13021,"Running"
29857,"nio-stream-prod",1419337307005599,17031,"R"
29857,"nio-stream-prod",1419337307022630,59219,"Running"
29844,"nio-webserver-r",1419337307051640,12240,"R"
29844,"nio-webserver-r",1419337307063880,303281,"Running"
29857,"nio-stream-prod",1419337307081849,25469,"R"
29857,"nio-stream-prod",1419337307107318,37812,"Running"
29857,"nio-stream-prod",1419337307145130,33348281,"S"
29844,"nio-webserver-r",1419337307367161,23325417,"S"
29844,"nio-webserver-r",1419337330692578,41146,"R"
29844,"nio-webserver-r",1419337330733724,99791,"Running"
29844,"nio-webserver-r",1419337330833515,30625,"R+"
29844,"nio-webserver-r",1419337330864140,155938,"Running"
29844,"nio-webserver-r",1419337331020078,15521,"S"
29844,"nio-webserver-r",1419337331035599,74062,"R"
29844,"nio-webserver-r",1419337331109661,142969,"Running"
29844,"nio-webserver-r",1419337331252630,357031,"S"
29844,"nio-webserver-r",1419337331609661,30157,"R"
29844,"nio-webserver-r",1419337331639818,275729,"Running"
29914,"NIO-Worker",1419337331860859,54688,"R"
29844,"nio-webserver-r",1419337331915547,8663802,"S"
29914,"NIO-Worker",1419337331915547,297552,"Running"
29914,"NIO-Worker",1419337332213099,3497500,"S"
29914,"NIO-Worker",1419337335710599,14062,"R"
29914,"NIO-Worker",1419337335724661,234948,"Running"
29914,"NIO-Worker",1419337335959609,29584,"S"
29914,"NIO-Worker",1419337335989193,11718,"R"
29914,"NIO-Worker",1419337336000911,218907,"Running"
29914,"NIO-Worker",1419337336219818,134062,"S"
29914,"NIO-Worker",1419337336353880,35729,"R"
29914,"NIO-Worker",1419337336389609,53906,"Running"
29914,"NIO-Worker",1419337336443515,316250,"S"
29914,"NIO-Worker",1419337336759765,20678,"R"
29914,"NIO-Worker",1419337336780443,217968,"Running"
29914,"NIO-Worker",1419337336998411,46823,"R+"
29914,"NIO-Worker",1419337337045234,9427,"Running"
29914,"NIO-Worker",1419337337054661,492188,"S"
29914,"NIO-Worker",1419337337546849,34791,"R"
29914,"NIO-Worker",1419337337581640,26303,"Running"
29914,"NIO-Worker",1419337337607943,71822,"S"
29914,"NIO-Worker",1419337337679765,30625,"R"
29914,"NIO-Worker",1419337337710390,44115,"Running"
29914,"NIO-Worker",1419337337754505,47188,"R+"
29914,"NIO-Worker",1419337337801693,4010,"Running"
29914,"NIO-Worker",1419337337805703,12240,"S"
29914,"NIO-Worker",1419337337817943,85625,"R"
29914,"NIO-Worker",1419337337903568,2428281,"Running"
29914,"NIO-Worker",1419337340331849,25156,"S"
29914,"NIO-Worker",1419337340357005,34531,"R"
29914,"NIO-Worker",1419337340391536,224375,"Running"
29857,"nio-stream-prod",1419337340493411,16667,"R"
29857,"nio-stream-prod",1419337340510078,123646,"Running"
29844,"nio-webserver-r",1419337340579349,14375,"R"
29844,"nio-webserver-r",1419337340593724,282760,"Running"
29914,"NIO-Worker",1419337340615911,413144948,"S"
29857,"nio-stream-prod",1419337340633724,371250,"S"
29844,"nio-webserver-r",1419337340876484,18941302,"S"
29857,"nio-stream-prod",1419337341004974,41406,"R"
29857,"nio-stream-prod",1419337341046380,55885,"Running"
29857,"nio-stream-prod",1419337341102265,101459,"S"
29857,"nio-stream-prod",1419337341203724,30416,"R"
29857,"nio-stream-prod",1419337341234140,48334,"Running"
29857,"nio-stream-prod",1419337341282474,41094,"S"
29857,"nio-stream-prod",1419337341323568,26718,"R"
29857,"nio-stream-prod",1419337341350286,4455157,"Running"
29857,"nio-stream-prod",1419337345805443,89687,"R"
29857,"nio-stream-prod",1419337345895130,3030000,"Running"
29857,"nio-stream-prod",1419337348925130,18438,"R"
29857,"nio-stream-prod",1419337348943568,5029062,"Running"
29857,"nio-stream-prod",1419337353972630,90573,"R"
29857,"nio-stream-prod",1419337354063203,5821615,"Running"
29844,"nio-webserver-r",1419337359817786,16407,"R"
29844,"nio-webserver-r",1419337359834193,374531,"Running"
29857,"nio-stream-prod",1419337359884818,38281,"R+"
29857,"nio-stream-prod",1419337359923099,208229,"Running"
29857,"nio-stream-prod",1419337360131328,39896,"S"
29857,"nio-stream-prod",1419337360171224,73541,"Running"
29844,"nio-webserver-r",1419337360208724,937,"S"
29844,"nio-webserver-r",1419337360209661,23125,"R"
29844,"nio-webserver-r",1419337360232786,192917,"Running"
29857,"nio-stream-prod",1419337360244765,42158438,"S"
29844,"nio-webserver-r",1419337360425703,22876719,"S"
29844,"nio-webserver-r",1419337383302422,19739,"R"
29844,"nio-webserver-r",1419337383322161,202813,"Running"
29844,"nio-webserver-r",1419337383524974,68437,"S"
29844,"nio-webserver-r",1419337383593411,82604,"R"
29844,"nio-webserver-r",1419337383676015,199584,"Running"
29844,"nio-webserver-r",1419337383875599,13387500,"S"
29844,"nio-webserver-r",1419337397263099,29375,"R"
29844,"nio-webserver-r",1419337397292474,194948,"Running"
29844,"nio-webserver-r",1419337397487422,25781,"R"
29844,"nio-webserver-r",1419337397513203,93125,"Running"
29915,"NIO-Worker",1419337397576640,13178,"R"
29915,"NIO-Worker",1419337397589818,359062,"Running"
29844,"nio-webserver-r",1419337397606328,5534375,"S"
29915,"NIO-Worker",1419337397948880,20781,"S"
29915,"NIO-Worker",1419337397969661,518750,"Running"
29915,"NIO-Worker",1419337398488411,122344,"S"
29915,"NIO-Worker",1419337398610755,17969,"R"
29915,"NIO-Worker",1419337398628724,47448,"Running"
29915,"NIO-Worker",1419337398676172,200208,"S"
29915,"NIO-Worker",1419337398876380,23438,"R"
29915,"NIO-Worker",1419337398899818,166666,"Running"
29915,"NIO-Worker",1419337399066484,248334,"S"
29915,"NIO-Worker",1419337399314818,24843,"R"
29915,"NIO-Worker",1419337399339661,33386,"Running"
29915,"NIO-Worker",1419337399373047,56875,"S"
29915,"NIO-Worker",1419337399429922,30677,"R"
29915,"NIO-Worker",1419337399460599,41250,"Running"
29915,"NIO-Worker",1419337399501849,41250,"S"
29915,"NIO-Worker",1419337399543099,11719,"R"
29915,"NIO-Worker",1419337399554818,30625,"Running"
29915,"NIO-Worker",1419337399585443,32916,"R"
29915,"NIO-Worker",1419337399618359,2459688,"Running"
29915,"NIO-Worker",1419337402078047,92500,"R+"
29915,"NIO-Worker",1419337402170547,1078646,"Running"
29857,"nio-stream-prod",1419337402403203,20781,"R"
29857,"nio-stream-prod",1419337402423984,280000,"Running"
29857,"nio-stream-prod",1419337402703984,17656,"R+"
29857,"nio-stream-prod",1419337402721640,9740,"Running"
29857,"nio-stream-prod",1419337402731380,520938,"S"
29844,"nio-webserver-r",1419337403140703,42240,"R"
29844,"nio-webserver-r",1419337403182943,824375,"Running"
29915,"NIO-Worker",1419337403249193,405707343,"S"
29857,"nio-stream-prod",1419337403252318,43593,"R"
29857,"nio-stream-prod",1419337403295911,88125,"Running"
29857,"nio-stream-prod",1419337403384036,178698,"S"
29857,"nio-stream-prod",1419337403562734,25052,"R"
29857,"nio-stream-prod",1419337403587786,152032,"Running"
29857,"nio-stream-prod",1419337403739818,176979,"S"
29857,"nio-stream-prod",1419337403916797,30312,"R"
29857,"nio-stream-prod",1419337403947109,9243021,"Running"
29844,"nio-webserver-r",1419337404007318,25292656,"S"
29857,"nio-stream-prod",1419337413190130,10313,"R"
29857,"nio-stream-prod",1419337413200443,622447,"Running"
29857,"nio-stream-prod",1419337413822890,20313,"R"
29857,"nio-stream-prod",1419337413843203,2999062,"Running"
29857,"nio-stream-prod",1419337416842265,47813,"R"
29857,"nio-stream-prod",1419337416890078,3328594,"Running"
29857,"nio-stream-prod",1419337420218672,8906,"R"
29857,"nio-stream-prod",1419337420227578,298750,"Running"
29857,"nio-stream-prod",1419337420526328,30469,"R"
29857,"nio-stream-prod",1419337420556797,123333,"Running"
29857,"nio-stream-prod",1419337420680130,6198,"R"
29857,"nio-stream-prod",1419337420686328,40365,"Running"
29857,"nio-stream-prod",1419337420726693,18906,"R"
29857,"nio-stream-prod",1419337420745599,113750,"Running"
29857,"nio-stream-prod",1419337420859349,5781,"R"
29857,"nio-stream-prod",1419337420865130,4126875,"Running"
29857,"nio-stream-prod",1419337424992005,38229,"R"
29857,"nio-stream-prod",1419337425030234,4342031,"Running"
29844,"nio-webserver-r",1419337429299974,83437,"R"
29857,"nio-stream-prod",1419337429372265,9844,"R+"
29857,"nio-stream-prod",1419337429382109,8490,"Running"
29844,"nio-webserver-r",1419337429383411,389948,"Running"
29857,"nio-stream-prod",1419337429390599,68698,"S"
29857,"nio-stream-prod",1419337429459297,30000,"R"
29857,"nio-stream-prod",1419337429489297,150000,"Running"
29857,"nio-stream-prod",1419337429639297,14074427,"S"
29844,"nio-webserver-r",1419337429773359,3792865,"S"
29844,"nio-webserver-r",1419337433566224,58594,"R"
29844,"nio-webserver-r",1419337433624818,112187,"Running"
29844,"nio-webserver-r",1419337433737005,90000,"S"
29844,"nio-webserver-r",1419337433827005,33854,"R"
29844,"nio-webserver-r",1419337433860859,4584,"Running"
29844,"nio-webserver-r",1419337433865443,11406,"S"
29844,"nio-webserver-r",1419337433876849,66041,"Running"
29844,"nio-webserver-r",1419337433942890,19375,"R"
29844,"nio-webserver-r",1419337433962265,82865,"Running"
29844,"nio-webserver-r",1419337434045130,287656,"S"
29844,"nio-webserver-r",1419337434332786,33125,"R"
29844,"nio-webserver-r",1419337434365911,420625,"Running"
29847,"NIO-Worker",1419337434759974,10573,"R"
29847,"NIO-Worker",1419337434770547,295989,"Running"
29844,"nio-webserver-r",1419337434786536,8996719,"S"
29847,"NIO-Worker",1419337435066536,4722500,"S"
29847,"NIO-Worker",1419337439789036,10573,"R"
29847,"NIO-Worker",1419337439799609,361771,"Running"
29847,"NIO-Worker",1419337440161380,110625,"S"
29847,"NIO-Worker",1419337440272005,14375,"R"
29847,"NIO-Worker",1419337440286380,32604,"Running"
29847,"NIO-Worker",1419337440318984,195365,"S"
29847,"NIO-Worker",1419337440514349,27969,"R"
29847,"NIO-Worker",1419337440542318,175156,"Running"
29847,"NIO-Worker",1419337440717474,241094,"S"
29847,"NIO-Worker",1419337440958568,13906,"R"
29847,"NIO-Worker",1419337440972474,22031,"Running"
29847,"NIO-Worker",1419337440994505,47656,"R+"
29847,"NIO-Worker",1419337441042161,61563,"Running"
29847,"NIO-Worker",1419337441103724,60885,"S"
29847,"NIO-Worker",1419337441164609,35834,"R"
29847,"NIO-Worker",1419337441200443,2389166,"Running"
29847,"NIO-Worker",1419337443589609,17396,"S"
29847,"NIO-Worker",1419337443607005,29844,"R"
29847,"NIO-Worker",1419337443636849,183750,"Running"
29857,"nio-stream-prod",1419337443713724,14375,"R"
29857,"nio-stream-prod",1419337443728099,123750,"Running"
29844,"nio-webserver-r",1419337443783255,20260,"R"
29844,"nio-webserver-r",1419337443803515,182500,"Running"
29847,"NIO-Worker",1419337443820599,415703750,"S"
29857,"nio-stream-prod",1419337443851849,210469,"S"
29844,"nio-webserver-r",1419337443986015,14189584,"S"
29857,"nio-stream-prod",1419337444062318,23072,"R"
29857,"nio-stream-prod",1419337444085390,20313,"Running"
29857,"nio-stream-prod",1419337444105703,32865,"S"
29857,"nio-stream-prod",1419337444138568,29635,"R"
29857,"nio-stream-prod",1419337444168203,50677,"Running"
29857,"nio-stream-prod",1419337444218880,43281,"S"
29857,"nio-stream-prod",1419337444262161,39688,"R"
29857,"nio-stream-prod",1419337444301849,1494687,"Running"
29857,"nio-stream-prod",1419337445796536,5938,"R"
29857,"nio-stream-prod",1419337445802474,15416,"Running"
29857,"nio-stream-prod",1419337445817890,70157,"R"
29857,"nio-stream-prod",1419337445888047,7886302,"Running"
29857,"nio-stream-prod",1419337453774349,170000,"R"
29857,"nio-stream-prod",1419337453944349,2971979,"Running"
29857,"nio-stream-prod",1419337456916328,6458,"R"
29857,"nio-stream-prod",1419337456922786,1316563,"Running"
29844,"nio-webserver-r",1419337458175599,29375,"R"
29844,"nio-webserver-r",1419337458204974,364166,"Running"
29857,"nio-stream-prod",1419337458239349,30885,"S"
29857,"nio-stream-prod",1419337458270234,38021,"R"
29857,"nio-stream-prod",1419337458308255,261875,"Running"
29844,"nio-webserver-r",1419337458569140,26171459,"S"
29857,"nio-stream-prod",1419337458570130,32786354,"S"
29844,"nio-webserver-r",1419337484740599,24062,"R"
29844,"nio-webserver-r",1419337484764661,132813,"Running"
29844,"nio-webserver-r",1419337484897474,105104,"S"
29844,"nio-webserver-r",1419337485002578,35000,"R"
29844,"nio-webserver-r",1419337485037578,202865,"Running"
29844,"nio-webserver-r",1419337485240443,420312,"S"
29844,"nio-webserver-r",1419337485660755,24531,"R"
29844,"nio-webserver-r",1419337485685286,290782,"Running"
29898,"NIO-Worker",1419337485909974,35937,"R"
29898,"NIO-Worker",1419337485945911,393750,"Running"
29844,"nio-webserver-r",1419337485976068,5463229,"S"
29898,"NIO-Worker",1419337486339661,232813,"S"
29898,"NIO-Worker",1419337486572474,27969,"R"
29898,"NIO-Worker",1419337486600443,433906,"Running"
29898,"NIO-Worker",1419337487034349,164844,"S"
29898,"NIO-Worker",1419337487199193,282343,"R"
29898,"NIO-Worker",1419337487481536,32500,"Running"
29898,"NIO-Worker",1419337487514036,365104,"S"
29898,"NIO-Worker",1419337487879140,13907,"R"
29898,"NIO-Worker",1419337487893047,187552,"Running"
29898,"NIO-Worker",1419337488080599,328698,"S"
29898,"NIO-Worker",1419337488409297,19739,"R"
29898,"NIO-Worker",1419337488429036,18542,"Running"
29898,"NIO-Worker",1419337488447578,48594,"R+"
29898,"NIO-Worker",1419337488496172,46614,"Running"
29898,"NIO-Worker",1419337488542786,48438,"S"
29898,"NIO-Worker",1419337488591224,27448,"R"
29898,"NIO-Worker",1419337488618672,220989,"Running"
29898,"NIO-Worker",1419337488839661,16094,"R"
29898,"NIO-Worker",1419337488855755,2326563,"Running"
29898,"NIO-Worker",1419337491182318,28125,"R+"
29898,"NIO-Worker",1419337491210443,3593,"Running"
29898,"NIO-Worker",1419337491214036,26250,"S"
29898,"NIO-Worker",1419337491240286,28907,"R"
29898,"NIO-Worker",1419337491269193,222031,"Running"
29857,"nio-stream-prod",1419337491356484,16615,"R"
29857,"nio-stream-prod",1419337491373099,100625,"Running"
29844,"nio-webserver-r",1419337491439297,17396,"R"
29844,"nio-webserver-r",1419337491456693,238750,"Running"
29857,"nio-stream-prod",1419337491473724,312344,"S"
29898,"NIO-Worker",1419337491491224,420389843,"S"
29844,"nio-webserver-r",1419337491695443,12864062,"S"
29857,"nio-stream-prod",1419337491786068,41406,"R"
29857,"nio-stream-prod",1419337491827474,39062,"Running"
29857,"nio-stream-prod",1419337491866536,43438,"S"
29857,"nio-stream-prod",1419337491909974,64219,"R"
29857,"nio-stream-prod",1419337491974193,8229,"Running"
29857,"nio-stream-prod",1419337491982422,8906,"R+"
29857,"nio-stream-prod",1419337491991328,37865,"Running"
29857,"nio-stream-prod",1419337492029193,42656,"S"
29857,"nio-stream-prod",1419337492071849,33281,"R"
29857,"nio-stream-prod",1419337492105130,798698,"Running"
29857,"nio-stream-prod",1419337492903828,8437,"R"
29857,"nio-stream-prod",1419337492912265,2474271,"Running"
29857,"nio-stream-prod",1419337495386536,25313,"R"
29857,"nio-stream-prod",1419337495411849,154323,"Running"
29857,"nio-stream-prod",1419337495566172,12708,"R"
29857,"nio-stream-prod",1419337495578880,182448,"Running"
29857,"nio-stream-prod",1419337495761328,115990,"R"
29857,"nio-stream-prod",1419337495877318,722291,"Running"
29857,"nio-stream-prod",1419337496599609,24584,"R"
29857,"nio-stream-prod",1419337496624193,210312,"Running"
29857,"nio-stream-prod",1419337496834505,15625,"R+"
29857,"nio-stream-prod",1419337496850130,19844,"Running"
29857,"nio-stream-prod",1419337496869974,57916,"R"
29857,"nio-stream-prod",1419337496927890,1115625,"Running"
29857,"nio-stream-prod",1419337498043515,21928,"R+"
29857,"nio-stream-prod",1419337498065443,6149479,"Running"
29857,"nio-stream-prod",1419337504214922,32864,"R"
29857,"nio-stream-prod",1419337504247786,396875,"Running"
29844,"nio-webserver-r",1419337504559505,17031,"R"
29844,"nio-webserver-r",1419337504576536,282604,"Running"
29857,"nio-stream-prod",1419337504644661,40417,"S"
29857,"nio-stream-prod",1419337504685078,13750,"R"
29857,"nio-stream-prod",1419337504698828,171771,"Running"
29844,"nio-webserver-r",1419337504859140,64115,"R"
29857,"nio-stream-prod",1419337504870599,18541,"R+"
29857,"nio-stream-prod",1419337504889140,12032,"Running"
29857,"nio-stream-prod",1419337504901172,44219270,"S"
29844,"nio-webserver-r",1419337504923255,116563,"Running"
29844,"nio-webserver-r",1419337505039818,35941249,"S"
29844,"nio-webserver-r",1419337540981067,40573,"R"
29844,"nio-webserver-r",1419337541021640,110677,"Running"
29844,"nio-webserver-r",1419337541132317,78750,"S"
29844,"nio-webserver-r",1419337541211067,63750,"R"
29844,"nio-webserver-r",1419337541274817,162813,"Running"
29844,"nio-webserver-r",1419337541437630,483125,"S"
29844,"nio-webserver-r",1419337541920755,72760,"R"
29844,"nio-webserver-r",1419337541993515,285677,"Running"
29905,"NIO-Worker",1419337542218411,39063,"R"
29905,"NIO-Worker",1419337542257474,354687,"Running"
29844,"nio-webserver-r",1419337542279192,6912969,"S"
29905,"NIO-Worker",1419337542612161,1843229,"S"
29905,"NIO-Worker",1419337544455390,16302,"R"
29905,"NIO-Worker",1419337544471692,167188,"Running"
29905,"NIO-Worker",1419337544638880,20469,"S"
29905,"NIO-Worker",1419337544659349,12968,"R"
29905,"NIO-Worker",1419337544672317,216823,"Running"
29905,"NIO-Worker",1419337544889140,255625,"R"
29905,"NIO-Worker",1419337545144765,93802,"Running"
29905,"NIO-Worker",1419337545238567,15938,"R+"
29905,"NIO-Worker",1419337545254505,38750,"Running"
29905,"NIO-Worker",1419337545293255,117448,"S"
29905,"NIO-Worker",1419337545410703,41614,"R"
29905,"NIO-Worker",1419337545452317,37136,"Running"
29905,"NIO-Worker",1419337545489453,224219,"R+"
29905,"NIO-Worker",1419337545713672,10364,"Running"
29905,"NIO-Worker",1419337545724036,92917,"R"
29905,"NIO-Worker",1419337545816953,213594,"Running"
29905,"NIO-Worker",1419337546030547,53437,"R+"
29905,"NIO-Worker",1419337546083984,6458,"Running"
29905,"NIO-Worker",1419337546090442,199219,"S"
29905,"NIO-Worker",1419337546289661,15729,"R"
29905,"NIO-Worker",1419337546305390,34844,"Running"
29905,"NIO-Worker",1419337546340234,44115,"S"
29905,"NIO-Worker",1419337546384349,19062,"R"
29905,"NIO-Worker",1419337546403411,44948,"Running"
29905,"NIO-Worker",1419337546448359,39740,"S"
29905,"NIO-Worker",1419337546488099,27656,"R"
29905,"NIO-Worker",1419337546515755,2460885,"Running"
29905,"NIO-Worker",1419337548976640,32813,"S"
29905,"NIO-Worker",1419337549009453,17812,"R"
29905,"NIO-Worker",1419337549027265,195365,"Running"
29857,"nio-stream-prod",1419337549120442,13594,"R"
29857,"nio-stream-prod",1419337549134036,102188,"Running"
29844,"nio-webserver-r",1419337549192161,29531,"R"
29844,"nio-webserver-r",1419337549221692,221094,"Running"
29857,"nio-stream-prod",1419337549236224,78906,"R+"
29857,"nio-stream-prod",1419337549315130,25729,"Running"
29857,"nio-stream-prod",1419337549340859,294896,"S"
29844,"nio-webserver-r",1419337549442786,9732656,"S"
29857,"nio-stream-prod",1419337549635755,27760,"R"
29857,"nio-stream-prod",1419337549663515,17240,"Running"
29857,"nio-stream-prod",1419337549680755,88437,"S"
29857,"nio-stream-prod",1419337549769192,12188,"R"
29857,"nio-stream-prod",1419337549781380,46042,"Running"
29857,"nio-stream-prod",1419337549827422,50156,"S"
29857,"nio-stream-prod",1419337549877578,31771,"R"
29857,"nio-stream-prod",1419337549909349,4073593,"Running"
29857,"nio-stream-prod",1419337553982942,110573,"R"
29857,"nio-stream-prod",1419337554093515,5127240,"Running"
29844,"nio-webserver-r",1419337559175442,10938,"R"
29844,"nio-webserver-r",1419337559186380,347344,"Running"
29857,"nio-stream-prod",1419337559220755,50000,"R+"
29857,"nio-stream-prod",1419337559270755,344948,"Running"
29844,"nio-webserver-r",1419337559533724,6666,"R+"
29844,"nio-webserver-r",1419337559540390,145521,"Running"
29857,"nio-stream-prod",1419337559615703,40444739,"S"
29844,"nio-webserver-r",1419337559685911,27917,"R+"
29844,"nio-webserver-r",1419337559713828,97656,"Running"
29844,"nio-webserver-r",1419337559811484,33181563,"S"
29844,"nio-webserver-r",1419337592993047,32864,"R"
29844,"nio-webserver-r",1419337593025911,208281,"Running"
29844,"nio-webserver-r",1419337593234192,94323,"S"
29844,"nio-webserver-r",1419337593328515,18334,"R"
29844,"nio-webserver-r",1419337593346849,8854,"Running"
29844,"nio-webserver-r",1419337593355703,33906,"S"
29844,"nio-webserver-r",1419337593389609,51146,"R"
29844,"nio-webserver-r",1419337593440755,146198,"Running"
29844,"nio-webserver-r",1419337593586953,369739,"S"
29844,"nio-webserver-r",1419337593956692,35469,"R"
29844,"nio-webserver-r",1419337593992161,244688,"Running"
29908,"NIO-Worker",1419337594204922,15208,"R"
29908,"NIO-Worker",1419337594220130,359948,"Running"
29844,"nio-webserver-r",1419337594236849,5916875,"S"
29908,"NIO-Worker",1419337594580078,1075989,"S"
29908,"NIO-Worker",1419337595656067,31980,"R"
29908,"NIO-Worker",1419337595688047,66458,"Running"
29908,"NIO-Worker",1419337595754505,110260,"R"
29908,"NIO-Worker",1419337595864765,420521,"Running"
29908,"NIO-Worker",1419337596285286,135313,"S"
29908,"NIO-Worker",1419337596420599,13906,"R"
29908,"NIO-Worker",1419337596434505,33542,"Running"
29908,"NIO-Worker",1419337596468047,210052,"S"
29908,"NIO-Worker",1419337596678099,23750,"R"
29908,"NIO-Worker",1419337596701849,209010,"Running"
29908,"NIO-Worker",1419337596910859,17708,"R"
29908,"NIO-Worker",1419337596928567,60625,"Running"
29908,"NIO-Worker",1419337596989192,8073,"R+"
29908,"NIO-Worker",1419337596997265,4271,"Running"
29908,"NIO-Worker",1419337597001536,264167,"S"
29908,"NIO-Worker",1419337597265703,31302,"R"
29908,"NIO-Worker",1419337597297005,30625,"Running"
29908,"NIO-Worker",1419337597327630,42812,"S"
29908,"NIO-Worker",1419337597370442,12969,"R"
29908,"NIO-Worker",1419337597383411,49375,"Running"
29908,"NIO-Worker",1419337597432786,45729,"S"
29908,"NIO-Worker",1419337597478515,14375,"R"
29908,"NIO-Worker",1419337597492890,2413490,"Running"
29908,"NIO-Worker",1419337599906380,22344,"S"
29908,"NIO-Worker",1419337599928724,26718,"R"
29908,"NIO-Worker",1419337599955442,228594,"Running"
29857,"nio-stream-prod",1419337600060442,45886,"R"
29857,"nio-stream-prod",1419337600106328,129739,"Running"
29844,"nio-webserver-r",1419337600153724,29843,"R"
29844,"nio-webserver-r",1419337600183567,175313,"Running"
29857,"nio-stream-prod",1419337600236067,281563,"S"
29844,"nio-webserver-r",1419337600358880,79948,"R+"
29844,"nio-webserver-r",1419337600438828,47187,"Running"
29844,"nio-webserver-r",1419337600486015,16549896,"S"
29857,"nio-stream-prod",1419337600517630,22500,"R"
29857,"nio-stream-prod",1419337600540130,19219,"Running"
29857,"nio-stream-prod",1419337600559349,39479,"S"
29857,"nio-stream-prod",1419337600598828,17396,"R"
29857,"nio-stream-prod",1419337600616224,44010,"Running"
29857,"nio-stream-prod",1419337600660234,37969,"S"
29857,"nio-stream-prod",1419337600698203,15781,"R"
29857,"nio-stream-prod",1419337600713984,2530625,"Running"
29857,"nio-stream-prod",1419337603244609,41927,"R"
29857,"nio-stream-prod",1419337603286536,709063,"Running"
29857,"nio-stream-prod",1419337603995599,69323,"R"
29857,"nio-stream-prod",1419337604064922,8095156,"Running"
29857,"nio-stream-prod",1419337612160078,85677,"R"
29857,"nio-stream-prod",1419337612245755,635000,"Running"
29857,"nio-stream-prod",1419337612880755,13542,"R"
29857,"nio-stream-prod",1419337612894297,394062,"Running"
29857,"nio-stream-prod",1419337613288359,10313,"R"
29857,"nio-stream-prod",1419337613298672,782031,"Running"
29857,"nio-stream-prod",1419337614080703,31927,"R"
29857,"nio-stream-prod",1419337614112630,3008906,"Running"
29844,"nio-webserver-r",1419337617035911,47656,"R"
29844,"nio-webserver-r",1419337617083567,216198,"Running"
29857,"nio-stream-prod",1419337617121536,58073,"R+"
29857,"nio-stream-prod",1419337617179609,165052,"Running"
29844,"nio-webserver-r",1419337617299765,81615,"S"
29857,"nio-stream-prod",1419337617344661,35177500,"S"
29844,"nio-webserver-r",1419337617381380,224010,"Running"
29844,"nio-webserver-r",1419337617605390,29702344,"S"
29844,"nio-webserver-r",1419337647307734,19844,"R"
29844,"nio-webserver-r",1419337647327578,99114,"Running"
29844,"nio-webserver-r",1419337647426692,88438,"S"
29844,"nio-webserver-r",1419337647515130,15781,"R"
29844,"nio-webserver-r",1419337647530911,12969,"Running"
29844,"nio-webserver-r",1419337647543880,12031,"S"
29844,"nio-webserver-r",1419337647555911,45938,"Running"
29844,"nio-webserver-r",1419337647601849,10156,"R"
29844,"nio-webserver-r",1419337647612005,136406,"Running"
29844,"nio-webserver-r",1419337647748411,389531,"S"
29844,"nio-webserver-r",1419337648137942,12969,"R"
29844,"nio-webserver-r",1419337648150911,232188,"Running"
29911,"NIO-Worker",1419337648354661,12813,"R"
29911,"NIO-Worker",1419337648367474,623125,"Running"
29844,"nio-webserver-r",1419337648383099,4220468,"S"
29911,"NIO-Worker",1419337648990599,13437,"R+"
29911,"NIO-Worker",1419337649004036,7031,"Running"
29911,"NIO-Worker",1419337649011067,90469,"S"
29911,"NIO-Worker",1419337649101536,10781,"R"
29911,"NIO-Worker",1419337649112317,33907,"Running"
29911,"NIO-Worker",1419337649146224,230625,"S"
29911,"NIO-Worker",1419337649376849,11875,"R"
29911,"NIO-Worker",1419337649388724,178437,"Running"
29911,"NIO-Worker",1419337649567161,215313,"S"
29911,"NIO-Worker",1419337649782474,30000,"R"
29911,"NIO-Worker",1419337649812474,17604,"Running"
29911,"NIO-Worker",1419337649830078,42708,"S"
29911,"NIO-Worker",1419337649872786,18125,"R"
29911,"NIO-Worker",1419337649890911,39479,"Running"
29911,"NIO-Worker",1419337649930390,54844,"S"
29911,"NIO-Worker",1419337649985234,16302,"R"
29911,"NIO-Worker",1419337650001536,2409948,"Running"
29911,"NIO-Worker",1419337652411484,19063,"S"
29911,"NIO-Worker",1419337652430547,15052,"R"
29911,"NIO-Worker",1419337652445599,196718,"Running"
29857,"nio-stream-prod",1419337652522161,20886,"R"
29857,"nio-stream-prod",1419337652543047,95364,"Running"
29844,"nio-webserver-r",1419337652603567,16511,"R"
29844,"nio-webserver-r",1419337652620078,174687,"Running"
29857,"nio-stream-prod",1419337652638411,323750,"S"
29844,"nio-webserver-r",1419337652794765,23567552,"S"
29857,"nio-stream-prod",1419337652962161,11667,"R"
29857,"nio-stream-prod",1419337652973828,14739,"Running"
29857,"nio-stream-prod",1419337652988567,40469,"S"
29857,"nio-stream-prod",1419337653029036,14167,"R"
29857,"nio-stream-prod",1419337653043203,31771,"Running"
29857,"nio-stream-prod",1419337653074974,42187,"S"
29857,"nio-stream-prod",1419337653117161,13281,"R"
29857,"nio-stream-prod",1419337653130442,489375,"Running"
29857,"nio-stream-prod",1419337653619817,14792,"R"
29857,"nio-stream-prod",1419337653634609,82552,"Running"
29857,"nio-stream-prod",1419337653717161,15261,"R"
29857,"nio-stream-prod",1419337653732422,144739,"Running"
29857,"nio-stream-prod",1419337653877161,5469,"R"
29857,"nio-stream-prod",1419337653882630,91198,"Running"
29857,"nio-stream-prod",1419337653973828,91614,"R"
29857,"nio-stream-prod",1419337654065442,75886,"Running"
29857,"nio-stream-prod",1419337654141328,55677,"R"
29857,"nio-stream-prod",1419337654197005,7580000,"Running"
29857,"nio-stream-prod",1419337661777005,13281,"R"
29857,"nio-stream-prod",1419337661790286,152344,"Running"
29857,"nio-stream-prod",1419337661942630,10937,"R"
29857,"nio-stream-prod",1419337661953567,58594,"Running"
29857,"nio-stream-prod",1419337662012161,8229,"R"
29857,"nio-stream-prod",1419337662020390,203907,"Running"
29857,"nio-stream-prod",1419337662224297,10364,"R"
29857,"nio-stream-prod",1419337662234661,100313,"Running"
29857,"nio-stream-prod",1419337662334974,97291,"R"
29857,"nio-stream-prod",1419337662432265,6457396,"Running"
29857,"nio-stream-prod",1419337668889661,78438,"R"
29857,"nio-stream-prod",1419337668968099,1795312,"Running"
29857,"nio-stream-prod",1419337670763411,101875,"R"
29857,"nio-stream-prod",1419337670865286,5550729,"Running"
29844,"nio-webserver-r",1419337676362317,74375,"R"
29857,"nio-stream-prod",1419337676416015,51875,"R+"
29844,"nio-webserver-r",1419337676436692,369219,"Running"
29857,"nio-stream-prod",1419337676467890,50938,"Running"
29857,"nio-stream-prod",1419337676518828,32420469,"S"
29844,"nio-webserver-r",1419337676805911,24343438,"S"
29844,"nio-webserver-r",1419337701149349,94375,"R"
29844,"nio-webserver-r",1419337701243724,204843,"Running"
29844,"nio-webserver-r",1419337701448567,369375,"S"
29844,"nio-webserver-r",1419337701817942,68125,"R"
29844,"nio-webserver-r",1419337701886067,165938,"Running"
29844,"nio-webserver-r",1419337702052005,386354,"S"
29844,"nio-webserver-r",1419337702438359,30000,"R"
29844,"nio-webserver-r",1419337702468359,332552,"Running"
29913,"NIO-Worker",1419337702763203,14062,"R"
29913,"NIO-Worker",1419337702777265,393490,"Running"
29844,"nio-webserver-r",1419337702800911,6330313,"S"
29913,"NIO-Worker",1419337703170755,1485417,"S"
29913,"NIO-Worker",1419337704656172,13645,"R"
29913,"NIO-Worker",1419337704669817,209167,"Running"
29913,"NIO-Worker",1419337704878984,2083,"S"
29913,"NIO-Worker",1419337704881067,22500,"R"
29913,"NIO-Worker",1419337704903567,286094,"Running"
29913,"NIO-Worker",1419337705189661,127031,"S"
29913,"NIO-Worker",1419337705316692,28594,"R"
29913,"NIO-Worker",1419337705345286,21563,"Running"
29913,"NIO-Worker",1419337705366849,10781,"R+"
29913,"NIO-Worker",1419337705377630,11875,"Running"
29913,"NIO-Worker",1419337705389505,179219,"S"
29913,"NIO-Worker",1419337705568724,39062,"R"
29913,"NIO-Worker",1419337705607786,194948,"Running"
29913,"NIO-Worker",1419337705802734,194583,"S"
29913,"NIO-Worker",1419337705997317,22500,"R"
29913,"NIO-Worker",1419337706019817,33073,"Running"
29913,"NIO-Worker",1419337706052890,67396,"S"
29913,"NIO-Worker",1419337706120286,65104,"R"
29913,"NIO-Worker",1419337706185390,67552,"Running"
29913,"NIO-Worker",1419337706252942,10000,"R+"
29913,"NIO-Worker",1419337706262942,10469,"Running"
29913,"NIO-Worker",1419337706273411,42969,"S"
29913,"NIO-Worker",1419337706316380,12344,"R"
29913,"NIO-Worker",1419337706328724,2449323,"Running"
29913,"NIO-Worker",1419337708778047,21302,"S"
29913,"NIO-Worker",1419337708799349,37500,"R"
29913,"NIO-Worker",1419337708836849,334479,"Running"
29857,"nio-stream-prod",1419337708939297,32395,"R"
29857,"nio-stream-prod",1419337708971692,103907,"Running"
29857,"nio-stream-prod",1419337709075599,221666,"S"
29844,"nio-webserver-r",1419337709131224,66718,"R"
29844,"nio-webserver-r",1419337709197942,245105,"Running"
29857,"nio-stream-prod",1419337709297265,26615,"R"
29857,"nio-stream-prod",1419337709323880,96823,"Running"
29857,"nio-stream-prod",1419337709420703,36771,"S"
29844,"nio-webserver-r",1419337709443047,11302,"R+"
29844,"nio-webserver-r",1419337709454349,62343,"Running"
29857,"nio-stream-prod",1419337709457474,17343,"R"
29857,"nio-stream-prod",1419337709474817,35938,"Running"
29857,"nio-stream-prod",1419337709510755,58854,"R+"
29844,"nio-webserver-r",1419337709516692,28708542,"S"
29857,"nio-stream-prod",1419337709569609,2258125,"Running"
29857,"nio-stream-prod",1419337711827734,42969,"R"
29857,"nio-stream-prod",1419337711870703,450625,"Running"
29857,"nio-stream-prod",1419337712321328,139739,"R"
29857,"nio-stream-prod",1419337712461067,408855,"Running"
29857,"nio-stream-prod",1419337712869922,48333,"R"
29857,"nio-stream-prod",1419337712918255,463854,"Running"
29857,"nio-stream-prod",1419337713382109,22552,"R"
29857,"nio-stream-prod",1419337713404661,6823,"Running"
29857,"nio-stream-prod",1419337713411484,11458,"R"
29857,"nio-stream-prod",1419337713422942,12657,"Running"
29857,"nio-stream-prod",1419337713435599,9635,"R"
29857,"nio-stream-prod",1419337713445234,33021,"Running"
29857,"nio-stream-prod",1419337713478255,54323,"R"
29857,"nio-stream-prod",1419337713532578,7089583,"Running"
29857,"nio-stream-prod",1419337720622161,66354,"R"
29857,"nio-stream-prod",1419337720688515,15625,"Running"
29857,"nio-stream-prod",1419337720704140,8959,"R"
29857,"nio-stream-prod",1419337720713099,117916,"Running"
29857,"nio-stream-prod",1419337720831015,33282,"R"
29857,"nio-stream-prod",1419337720864297,7987500,"Running"
29857,"nio-stream-prod",1419337728851797,22187,"R"
29857,"nio-stream-prod",1419337728873984,9449740,"Running"
29844,"nio-webserver-r",1419337738225234,32083,"R"
29844,"nio-webserver-r",1419337738257317,22605,"Running"
29844,"nio-webserver-r",1419337738279922,10833,"R+"
29844,"nio-webserver-r",1419337738290755,384844,"Running"
29857,"nio-stream-prod",1419337738323724,53906,"R+"
29857,"nio-stream-prod",1419337738377630,241250,"Running"
29857,"nio-stream-prod",1419337738618880,10104,"S"
29857,"nio-stream-prod",1419337738628984,32083,"R"
29857,"nio-stream-prod",1419337738661067,49688,"Running"
29844,"nio-webserver-r",1419337738675599,18906,"R"
29844,"nio-webserver-r",1419337738694505,237187,"Running"
29857,"nio-stream-prod",1419337738710755,27182656,"S"
29844,"nio-webserver-r",1419337738931692,13624480,"S"
29844,"nio-webserver-r",1419337752556172,27656,"R"
29844,"nio-webserver-r",1419337752583828,143177,"Running"
29844,"nio-webserver-r",1419337752727005,67812,"S"
29844,"nio-webserver-r",1419337752794817,49688,"R"
29844,"nio-webserver-r",1419337752844505,7344,"Running"
29844,"nio-webserver-r",1419337752851849,36198,"S"
29844,"nio-webserver-r",1419337752888047,160052,"Running"
29844,"nio-webserver-r",1419337753048099,413750,"S"
29844,"nio-webserver-r",1419337753461849,32343,"R"
29844,"nio-webserver-r",1419337753494192,327344,"Running"
29914,"NIO-Worker",1419337753760859,93333,"R"
29844,"nio-webserver-r",1419337753821536,12169063,"S"
29914,"NIO-Worker",1419337753854192,49375,"Running"
29914,"NIO-Worker",1419337753903567,116980,"R"
29914,"NIO-Worker",1419337754020547,348177,"Running"
29914,"NIO-Worker",1419337754368724,6916406,"S"
29914,"NIO-Worker",1419337761285130,17812,"R"
29914,"NIO-Worker",1419337761302942,150313,"Running"
29914,"NIO-Worker",1419337761453255,15312,"R"
29914,"NIO-Worker",1419337761468567,37969,"Running"
29914,"NIO-Worker",1419337761506536,36094,"R"
29914,"NIO-Worker",1419337761542630,76719,"Running"
29914,"NIO-Worker",1419337761619349,15729,"S"
29914,"NIO-Worker",1419337761635078,12083,"Running"
29914,"NIO-Worker",1419337761647161,16563,"S"
29914,"NIO-Worker",1419337761663724,227448,"Running"
29914,"NIO-Worker",1419337761891172,456145,"S"
29914,"NIO-Worker",1419337762347317,15625,"R"
29914,"NIO-Worker",1419337762362942,26407,"Running"
29914,"NIO-Worker",1419337762389349,14635,"R+"
29914,"NIO-Worker",1419337762403984,9583,"Running"
29914,"NIO-Worker",1419337762413567,182032,"S"
29914,"NIO-Worker",1419337762595599,24791,"R"
29914,"NIO-Worker",1419337762620390,216302,"Running"
29914,"NIO-Worker",1419337762836692,210938,"S"
29914,"NIO-Worker",1419337763047630,24323,"R"
29914,"NIO-Worker",1419337763071953,22344,"Running"
29914,"NIO-Worker",1419337763094297,61614,"S"
29914,"NIO-Worker",1419337763155911,17031,"R"
29914,"NIO-Worker",1419337763172942,42500,"Running"
29914,"NIO-Worker",1419337763215442,45157,"S"
29914,"NIO-Worker",1419337763260599,12031,"R"
29914,"NIO-Worker",1419337763272630,2503281,"Running"
29914,"NIO-Worker",1419337765775911,28594,"R+"
29914,"NIO-Worker",1419337765804505,257604,"Running"
29857,"nio-stream-prod",1419337765893411,33750,"R"
29857,"nio-stream-prod",1419337765927161,121250,"Running"
29844,"nio-webserver-r",1419337765990599,39531,"R"
29844,"nio-webserver-r",1419337766030130,245417,"Running"
29857,"nio-stream-prod",1419337766048411,13698,"R+"
29857,"nio-stream-prod",1419337766062109,6146,"Running"
29857,"nio-stream-prod",1419337766068255,224167,"S"
29844,"nio-webserver-r",1419337766275547,10960312,"S"
29857,"nio-stream-prod",1419337766292422,16875,"R"
29857,"nio-stream-prod",1419337766309297,39427,"Running"
29857,"nio-stream-prod",1419337766348724,34531,"S"
29857,"nio-stream-prod",1419337766383255,33594,"R"
29857,"nio-stream-prod",1419337766416849,47812,"Running"
29857,"nio-stream-prod",1419337766464661,62813,"S"
29857,"nio-stream-prod",1419337766527474,14687,"R"
29857,"nio-stream-prod",1419337766542161,2345000,"Running"
29857,"nio-stream-prod",1419337768887161,8906,"R"
29857,"nio-stream-prod",1419337768896067,896511,"Running"
29857,"nio-stream-prod",1419337769792578,13646,"R"
29857,"nio-stream-prod",1419337769806224,43906,"Running"
29857,"nio-stream-prod",1419337769850130,12969,"R+"
29857,"nio-stream-prod",1419337769863099,514948,"Running"
29857,"nio-stream-prod",1419337770378047,11614,"R"
29857,"nio-stream-prod",1419337770389661,238750,"Running"
29857,"nio-stream-prod",1419337770628411,90781,"R+"
29857,"nio-stream-prod",1419337770719192,6576407,"Running"
29844,"nio-webserver-r",1419337777235859,28802,"R"
29844,"nio-webserver-r",1419337777264661,194063,"Running"
29857,"nio-stream-prod",1419337777295599,45104,"R+"
29857,"nio-stream-prod",1419337777340703,400833,"Running"
29844,"nio-webserver-r",1419337777458724,96093,"R+"
29844,"nio-webserver-r",1419337777554817,39375,"Running"
29844,"nio-webserver-r",1419337777594192,26719,"S"
29844,"nio-webserver-r",1419337777620911,10625,"R"
29844,"nio-webserver-r",1419337777631536,72292,"Running"
29844,"nio-webserver-r",1419337777703828,28177,"S"
29844,"nio-webserver-r",1419337777732005,184531,"Running"
29857,"nio-stream-prod",1419337777741536,37396719,"S"
29844,"nio-webserver-r",1419337777916536,29196094,"S"
29844,"nio-webserver-r",1419337807112630,10625,"R"
29844,"nio-webserver-r",1419337807123255,116094,"Running"
29844,"nio-webserver-r",1419337807239349,158906,"S"
29844,"nio-webserver-r",1419337807398255,33229,"R"
29844,"nio-webserver-r",1419337807431484,24115,"Running"
29844,"nio-webserver-r",1419337807455599,26406,"S"
29844,"nio-webserver-r",1419337807482005,18385,"R"
29844,"nio-webserver-r",1419337807500390,170677,"Running"
29844,"nio-webserver-r",1419337807671067,999063,"S"
29844,"nio-webserver-r",1419337808670130,24687,"R"
29844,"nio-webserver-r",1419337808694817,318230,"Running"
29915,"NIO-Worker",1419337808956536,68229,"R"
29844,"nio-webserver-r",1419337809013047,6215833,"S"
29915,"NIO-Worker",1419337809024765,357240,"Running"
29915,"NIO-Worker",1419337809382005,819844,"S"
29915,"NIO-Worker",1419337810201849,11823,"R"
29915,"NIO-Worker",1419337810213672,189583,"Running"
29915,"NIO-Worker",1419337810403255,245156,"S"
29915,"NIO-Worker",1419337810648411,11094,"R"
29915,"NIO-Worker",1419337810659505,215312,"Running"
29915,"NIO-Worker",1419337810874817,151875,"S"
29915,"NIO-Worker",1419337811026692,18698,"R"
29915,"NIO-Worker",1419337811045390,43802,"Running"
29915,"NIO-Worker",1419337811089192,199219,"S"
29915,"NIO-Worker",1419337811288411,14531,"R"
29915,"NIO-Worker",1419337811302942,131875,"Running"
29915,"NIO-Worker",1419337811434817,82500,"R"
29915,"NIO-Worker",1419337811517317,13230,"Running"
29915,"NIO-Worker",1419337811530547,102083,"R+"
29915,"NIO-Worker",1419337811632630,79323,"Running"
29915,"NIO-Worker",1419337811711953,311927,"S"
29915,"NIO-Worker",1419337812023880,13750,"R"
29915,"NIO-Worker",1419337812037630,17292,"Running"
29915,"NIO-Worker",1419337812054922,75052,"R+"
29915,"NIO-Worker",1419337812129974,59843,"Running"
29915,"NIO-Worker",1419337812189817,54792,"R+"
29915,"NIO-Worker",1419337812244609,148177,"Running"
29915,"NIO-Worker",1419337812392786,87188,"R"
29915,"NIO-Worker",1419337812479974,460000,"Running"
29915,"NIO-Worker",1419337812939974,33437,"R"
29915,"NIO-Worker",1419337812973411,565417,"Running"
29915,"NIO-Worker",1419337813538828,14739,"R"
29915,"NIO-Worker",1419337813553567,1421250,"Running"
29915,"NIO-Worker",1419337814974817,39532,"S"
29915,"NIO-Worker",1419337815014349,17291,"R"
29915,"NIO-Worker",1419337815031640,237709,"Running"
29857,"nio-stream-prod",1419337815138255,14375,"R"
29857,"nio-stream-prod",1419337815152630,126354,"Running"
29844,"nio-webserver-r",1419337815228880,39844,"R"
29844,"nio-webserver-r",1419337815268724,235885,"Running"
29857,"nio-stream-prod",1419337815278984,286615,"S"
29844,"nio-webserver-r",1419337815504609,13766771,"S"
29857,"nio-stream-prod",1419337815565599,9062,"R"
29857,"nio-stream-prod",1419337815574661,33386,"Running"
29857,"nio-stream-prod",1419337815608047,36875,"S"
29857,"nio-stream-prod",1419337815644922,67864,"R"
29857,"nio-stream-prod",1419337815712786,45781,"Running"
29857,"nio-stream-prod",1419337815758567,46250,"R+"
29857,"nio-stream-prod",1419337815804817,3962813,"Running"
29857,"nio-stream-prod",1419337819767630,198125,"R"
29857,"nio-stream-prod",1419337819965755,429010,"Running"
29857,"nio-stream-prod",1419337820394765,207865,"R+"
29857,"nio-stream-prod",1419337820602630,4315000,"Running"
29857,"nio-stream-prod",1419337824917630,12604,"R"
29857,"nio-stream-prod",1419337824930234,3222500,"Running"
29857,"nio-stream-prod",1419337828152734,70521,"R"
29857,"nio-stream-prod",1419337828223255,783229,"Running"
29857,"nio-stream-prod",1419337829006484,81615,"R"
29857,"nio-stream-prod",1419337829088099,236823,"Running"
29844,"nio-webserver-r",1419337829271380,13437,"R"
29844,"nio-webserver-r",1419337829284817,386667,"Running"
29857,"nio-stream-prod",1419337829324922,36718,"S"
29857,"nio-stream-prod",1419337829361640,43594,"R"
29857,"nio-stream-prod",1419337829405234,119271,"Running"
29857,"nio-stream-prod",1419337829524505,34265104,"S"
29844,"nio-webserver-r",1419337829671484,28868438,"S"
29844,"nio-webserver-r",1419337858539922,27395,"R"
29844,"nio-webserver-r",1419337858567317,104844,"Running"
29844,"nio-webserver-r",1419337858672161,91563,"S"
29844,"nio-webserver-r",1419337858763724,24166,"R"
29844,"nio-webserver-r",1419337858787890,6094,"Running"
29844,"nio-webserver-r",1419337858793984,28333,"S"
29844,"nio-webserver-r",1419337858822317,16250,"R"
29844,"nio-webserver-r",1419337858838567,162032,"Running"
29844,"nio-webserver-r",1419337859000599,259687,"S"
29844,"nio-webserver-r",1419337859260286,37031,"R"
29844,"nio-webserver-r",1419337859297317,251407,"Running"
29847,"NIO-Worker",1419337859524349,12031,"R"
29847,"NIO-Worker",1419337859536380,659219,"Running"
29844,"nio-webserver-r",1419337859548724,4315260,"S"
29847,"NIO-Worker",1419337860195599,127916,"R+"
29847,"NIO-Worker",1419337860323515,18907,"Running"
29847,"NIO-Worker",1419337860342422,110208,"R+"
29847,"NIO-Worker",1419337860452630,4948,"Running"
29847,"NIO-Worker",1419337860457578,73802,"S"
29847,"NIO-Worker",1419337860531380,12448,"R"
29847,"NIO-Worker",1419337860543828,187656,"Running"
29847,"NIO-Worker",1419337860731484,267552,"S"
29847,"NIO-Worker",1419337860999036,13698,"R"
29847,"NIO-Worker",1419337861012734,15990,"Running"
29847,"NIO-Worker",1419337861028724,41875,"S"
29847,"NIO-Worker",1419337861070599,14948,"R"
29847,"NIO-Worker",1419337861085547,41718,"Running"
29847,"NIO-Worker",1419337861127265,63490,"R+"
29847,"NIO-Worker",1419337861190755,910729,"Running"
29847,"NIO-Worker",1419337862101484,9844,"R"
29847,"NIO-Worker",1419337862111328,1565156,"Running"
29847,"NIO-Worker",1419337863676484,21146,"S"
29847,"NIO-Worker",1419337863697630,13594,"R"
29847,"NIO-Worker",1419337863711224,181979,"Running"
29857,"nio-stream-prod",1419337863789609,13333,"R"
29857,"nio-stream-prod",1419337863802942,90730,"Running"
29844,"nio-webserver-r",1419337863863984,14427,"R"
29844,"nio-webserver-r",1419337863878411,189375,"Running"
29857,"nio-stream-prod",1419337863893672,229895,"S"
29844,"nio-webserver-r",1419337864067786,11747188,"S"
29857,"nio-stream-prod",1419337864123567,13438,"R"
29857,"nio-stream-prod",1419337864137005,34687,"Running"
29857,"nio-stream-prod",1419337864171692,60000,"S"
29857,"nio-stream-prod",1419337864231692,13386,"R"
29857,"nio-stream-prod",1419337864245078,29427,"Running"
29857,"nio-stream-prod",1419337864274505,31823,"S"
29857,"nio-stream-prod",1419337864306328,18333,"R"
29857,"nio-stream-prod",1419337864324661,5661875,"Running"
29857,"nio-stream-prod",1419337869986536,38281,"R+"
29857,"nio-stream-prod",1419337870024817,425157,"Running"
29857,"nio-stream-prod",1419337870449974,129791,"R"
29857,"nio-stream-prod",1419337870579765,2282240,"Running"
29857,"nio-stream-prod",1419337872862005,15312,"R"
29857,"nio-stream-prod",1419337872877317,2990313,"Running"
29844,"nio-webserver-r",1419337875814974,14635,"R"
29844,"nio-webserver-r",1419337875829609,229115,"Running"
29857,"nio-stream-prod",1419337875867630,49010,"R+"
29857,"nio-stream-prod",1419337875916640,61771,"Running"
29857,"nio-stream-prod",1419337875978411,10261,"R"
29857,"nio-stream-prod",1419337875988672,162395,"Running"
29844,"nio-webserver-r",1419337876058724,16041,"R+"
29844,"nio-webserver-r",1419337876074765,104584,"Running"
29857,"nio-stream-prod",1419337876151067,25938,"S"
29857,"nio-stream-prod",1419337876177005,102344,"Running"
29844,"nio-webserver-r",1419337876179349,34166,"S"
29844,"nio-webserver-r",1419337876213515,42552,"R"
29844,"nio-webserver-r",1419337876256067,97344,"Running"
29857,"nio-stream-prod",1419337876279349,17343,"S"
29857,"nio-stream-prod",1419337876296692,12813,"R"
29857,"nio-stream-prod",1419337876309505,60573,"Running"
29844,"nio-webserver-r",1419337876353411,71875,"R"
29857,"nio-stream-prod",1419337876370078,50283333,"S"
29844,"nio-webserver-r",1419337876425286,189844,"Running"
29844,"nio-webserver-r",1419337876615130,33952448,"S"
29844,"nio-webserver-r",1419337910567578,66719,"R"
29844,"nio-webserver-r",1419337910634297,228802,"Running"
29844,"nio-webserver-r",1419337910863099,7656,"S"
29844,"nio-webserver-r",1419337910870755,86719,"R"
29844,"nio-webserver-r",1419337910957474,155260,"Running"
29844,"nio-webserver-r",1419337911112734,354844,"S"
29844,"nio-webserver-r",1419337911467578,197239,"R"
29844,"nio-webserver-r",1419337911664817,254375,"Running"
29898,"NIO-Worker",1419337911881067,18438,"R"
29898,"NIO-Worker",1419337911899505,279323,"Running"
29844,"nio-webserver-r",1419337911919192,14829532,"S"
29898,"NIO-Worker",1419337912178828,10088177,"S"
29898,"NIO-Worker",1419337922267005,39010,"R"
29898,"NIO-Worker",1419337922306015,237396,"Running"
29898,"NIO-Worker",1419337922543411,15000,"S"
29898,"NIO-Worker",1419337922558411,287761,"Running"
29898,"NIO-Worker",1419337922846172,23958,"R+"
29898,"NIO-Worker",1419337922870130,4479,"Running"
29898,"NIO-Worker",1419337922874609,114271,"S"
29898,"NIO-Worker",1419337922988880,12344,"R"
29898,"NIO-Worker",1419337923001224,30468,"Running"
29898,"NIO-Worker",1419337923031692,198542,"S"
29898,"NIO-Worker",1419337923230234,15625,"R"
29898,"NIO-Worker",1419337923245859,220365,"Running"
29898,"NIO-Worker",1419337923466224,259687,"S"
29898,"NIO-Worker",1419337923725911,40938,"R"
29898,"NIO-Worker",1419337923766849,21875,"Running"
29898,"NIO-Worker",1419337923788724,60729,"S"
29898,"NIO-Worker",1419337923849453,29583,"R"
29898,"NIO-Worker",1419337923879036,39219,"Running"
29898,"NIO-Worker",1419337923918255,35625,"S"
29898,"NIO-Worker",1419337923953880,29479,"R"
29898,"NIO-Worker",1419337923983359,985000,"Running"
29898,"NIO-Worker",1419337924968359,8646,"R"
29898,"NIO-Worker",1419337924977005,1485937,"Running"
29898,"NIO-Worker",1419337926462942,20782,"S"
29898,"NIO-Worker",1419337926483724,40573,"R"
29898,"NIO-Worker",1419337926524297,255364,"Running"
29857,"nio-stream-prod",1419337926653411,20781,"R"
29857,"nio-stream-prod",1419337926674192,120469,"Running"
29844,"nio-webserver-r",1419337926748724,17604,"R"
29844,"nio-webserver-r",1419337926766328,220364,"Running"
29857,"nio-stream-prod",1419337926794661,305886,"S"
29844,"nio-webserver-r",1419337926986692,19009688,"S"
29857,"nio-stream-prod",1419337927100547,12239,"R"
29857,"nio-stream-prod",1419337927112786,35104,"Running"
29857,"nio-stream-prod",1419337927147890,38646,"S"
29857,"nio-stream-prod",1419337927186536,25729,"R"
29857,"nio-stream-prod",1419337927212265,50521,"Running"
29857,"nio-stream-prod",1419337927262786,58542,"S"
29857,"nio-stream-prod",1419337927321328,48802,"R"
29857,"nio-stream-prod",1419337927370130,686667,"Running"
29857,"nio-stream-prod",1419337928056797,71614,"R"
29857,"nio-stream-prod",1419337928128411,704688,"Running"
29857,"nio-stream-prod",1419337928833099,31198,"R"
29857,"nio-stream-prod",1419337928864297,7737656,"Running"
29857,"nio-stream-prod",1419337936601953,15052,"R"
29857,"nio-stream-prod",1419337936617005,468750,"Running"
29857,"nio-stream-prod",1419337937085755,15312,"R"
29857,"nio-stream-prod",1419337937101067,22188,"Running"
29857,"nio-stream-prod",1419337937123255,32917,"R"
29857,"nio-stream-prod",1419337937156172,2120520,"Running"
29857,"nio-stream-prod",1419337939276692,23750,"R"
29857,"nio-stream-prod",1419337939300442,5409219,"Running"
29857,"nio-stream-prod",1419337944709661,14375,"R"
29857,"nio-stream-prod",1419337944724036,118386,"Running"
29857,"nio-stream-prod",1419337944842422,101562,"R"
29857,"nio-stream-prod",1419337944943984,33125,"Running"
29857,"nio-stream-prod",1419337944977109,19740,"R"
29857,"nio-stream-prod",1419337944996849,136823,"Running"
29857,"nio-stream-prod",1419337945133672,15208,"R"
29857,"nio-stream-prod",1419337945148880,455156,"Running"
29857,"nio-stream-prod",1419337945604036,87448,"R"
29857,"nio-stream-prod",1419337945691484,17240,"Running"
29857,"nio-stream-prod",1419337945708724,50468,"R"
29857,"nio-stream-prod",1419337945759192,295782,"Running"
29844,"nio-webserver-r",1419337945996380,18437,"R"
29844,"nio-webserver-r",1419337946014817,185313,"Running"
29857,"nio-stream-prod",1419337946054974,53437,"R+"
29857,"nio-stream-prod",1419337946108411,207813,"Running"
29844,"nio-webserver-r",1419337946200130,13594,"R+"
29844,"nio-webserver-r",1419337946213724,210885,"Running"
